/**
 * generated by fontconvert.py
 * name: lexica_17_regular
 * size: 17
 * mode: 2-bit  compressed: true
 * Command used: fontconvert.py lexica_17_regular 17 ../builtinFonts/source/lexica-ultralegible/LexicaUltralegible-Regular.ttf --2bit --compress
 */
#pragma once
#include "EpdFontData.h"

static const uint8_t lexica_17_regularBitmaps[14321] = {
    0xAD, 0x59, 0x3D, 0x8F, 0xDD, 0xC6, 0x15, 0xBD, 0x24, 0x81, 0x25, 0x20, 0x22, 0x60, 0x4A, 0xC3,
    0x0B, 0x84, 0xA9, 0x03, 0xC4, 0x6C, 0x52, 0x5A, 0x1A, 0x26, 0x2E, 0x52, 0xA4, 0x50, 0xFE, 0x41,
    0xFA, 0xB8, 0xD8, 0xB4, 0x01, 0xA4, 0x25, 0x11, 0x17, 0x29, 0x5C, 0x78, 0xFF, 0x41, 0x5C, 0x24,
    0x40, 0xFC, 0x54, 0x6C, 0x93, 0x42, 0xC5, 0xEA, 0x0D, 0x1D, 0x01, 0x51, 0x91, 0x42, 0x34, 0x5C,
    0xA4, 0x48, 0x21, 0x3A, 0x11, 0x10, 0x64, 0x55, 0x88, 0x5E, 0x11, 0x36, 0x77, 0x77, 0x38, 0x93,
    0x73, 0x2E, 0xDF, 0x3E, 0xAD, 0xEC, 0x95, 0x2C, 0x01, 0x79, 0x5A, 0x52, 0x7C, 0xC3, 0x99, 0x3B,
    0x33, 0xF7, 0xE3, 0xDC, 0x73, 0xE7, 0x99, 0xFC, 0xFE, 0xE0, 0xCC, 0x37, 0x6E, 0x22, 0x72, 0xD7,
    0xDA, 0xF3, 0xE9, 0xEE, 0xF0, 0xEE, 0x8B, 0xFF, 0x24, 0x19, 0xB2, 0x4E, 0xC4, 0x25, 0x83, 0xC8,
    0x0D, 0x71, 0x22, 0x45, 0x83, 0xCE, 0x69, 0x97, 0x37, 0x12, 0x8F, 0x69, 0x2F, 0x01, 0x1F, 0x57,
    0xE3, 0xE6, 0xDF, 0x3E, 0x3C, 0xB6, 0xAB, 0x2A, 0xE9, 0xF3, 0x56, 0xA2, 0x89, 0xDD, 0x6F, 0xCB,
    0x24, 0x52, 0x56, 0xFB, 0x22, 0x59, 0x5B, 0x54, 0x2A, 0x28, 0x62, 0xF7, 0x89, 0xDD, 0x67, 0xED,
    0x4E, 0x41, 0xED, 0x22, 0x48, 0x8E, 0xA2, 0x51, 0xC4, 0xC8, 0x3D, 0x91, 0xBC, 0x2D, 0x05, 0xDD,
    0xF1, 0x46, 0xE4, 0x5D, 0x5C, 0x02, 0x61, 0xF2, 0xFE, 0x63, 0xCC, 0x1D, 0xBC, 0x24, 0x18, 0x5C,
    0x99, 0xF1, 0xAB, 0x10, 0xCD, 0x49, 0xEB, 0xF3, 0x2E, 0x97, 0x03, 0xC3, 0x5E, 0x33, 0x7A, 0x25,
    0x2E, 0x69, 0x25, 0x75, 0x39, 0x44, 0x84, 0x23, 0x4C, 0x1B, 0x7C, 0x25, 0x69, 0x08, 0x58, 0xFF,
    0x5E, 0x80, 0x8C, 0xEB, 0x16, 0xB7, 0xA1, 0xEC, 0x25, 0x69, 0xCB, 0x56, 0x72, 0xA9, 0x29, 0xDE,
    0x1D, 0xC9, 0x90, 0x3E, 0xC3, 0x40, 0xF3, 0xC1, 0x9C, 0x27, 0x2E, 0x0D, 0xEB, 0xD0, 0x61, 0x0E,
    0xEC, 0xD4, 0x62, 0x34, 0x7A, 0x5D, 0x2C, 0xE2, 0x40, 0x24, 0xB2, 0xB8, 0x61, 0x6D, 0x36, 0xB4,
    0x92, 0xF4, 0x52, 0x9E, 0x07, 0x68, 0x46, 0xD2, 0x31, 0x9D, 0xD8, 0xEA, 0xA5, 0x68, 0xD1, 0x9A,
    0x77, 0x68, 0x73, 0x5C, 0x90, 0xEE, 0x23, 0xEF, 0x23, 0x97, 0x62, 0x05, 0x75, 0x55, 0x37, 0x68,
    0x8D, 0x83, 0x1D, 0xD0, 0x8A, 0xB5, 0x69, 0xAB, 0xEC, 0x9E, 0x8A, 0x8B, 0x39, 0x91, 0x94, 0x31,
    0x76, 0x47, 0xD5, 0xDA, 0xA7, 0xD0, 0x9B, 0x4C, 0x45, 0x57, 0x74, 0x6C, 0x9D, 0x64, 0xCD, 0x56,
    0x53, 0xA5, 0x58, 0x3D, 0x15, 0x6B, 0xB8, 0x06, 0xFD, 0x9A, 0x76, 0xCB, 0xDB, 0x49, 0xB4, 0x33,
    0x5E, 0x70, 0x2C, 0xE4, 0xAA, 0x28, 0x48, 0xD9, 0x81, 0xE4, 0x38, 0x1C, 0x50, 0x7A, 0xA0, 0xD0,
    0xFA, 0x09, 0xA7, 0xF0, 0x62, 0x85, 0x0B, 0x37, 0xDB, 0xFB, 0xAC, 0xF7, 0x5A, 0xF8, 0xD6, 0xFC,
    0x0E, 0xCB, 0x94, 0xFC, 0x69, 0xAF, 0xA3, 0x2A, 0x51, 0x61, 0xA6, 0xCA, 0xA7, 0x1A, 0x96, 0x37,
    0x6D, 0xD1, 0x1B, 0x74, 0xCC, 0xA6, 0x7D, 0x0C, 0x8A, 0xFD, 0xCC, 0x9D, 0x5A, 0xDD, 0x6F, 0x39,
    0xA2, 0x45, 0xF2, 0x89, 0xC2, 0x0D, 0x04, 0xB6, 0x30, 0x76, 0x55, 0x78, 0x3B, 0x9B, 0x16, 0x36,
    0x18, 0xF2, 0x41, 0xF6, 0x3C, 0x8C, 0xF3, 0xEC, 0xE1, 0xBB, 0xF8, 0xC3, 0x80, 0xDB, 0xF0, 0xA7,
    0x12, 0x3A, 0x4A, 0x3B, 0xEC, 0xC9, 0xC9, 0xBE, 0x94, 0x4D, 0xD6, 0x25, 0xA3, 0xAE, 0x25, 0x6F,
    0xD1, 0x86, 0x87, 0x2A, 0x83, 0xF6, 0xF4, 0x3B, 0x36, 0xCA, 0xFF, 0x22, 0xFE, 0x07, 0x25, 0x1F,
    0xE1, 0x39, 0x6B, 0x21, 0x01, 0x4E, 0x03, 0x3F, 0xB9, 0x27, 0xF0, 0x20, 0x03, 0x47, 0x82, 0x10,
    0x0C, 0x40, 0xCB, 0x8B, 0x37, 0xB4, 0x15, 0x2A, 0xA2, 0x82, 0xDC, 0x7D, 0xC9, 0x68, 0xA2, 0x82,
    0xCF, 0xB7, 0x25, 0x6F, 0xE2, 0x41, 0x2D, 0xAC, 0x7F, 0x37, 0x6E, 0x1F, 0x99, 0xE0, 0x22, 0x6C,
    0x3B, 0x48, 0xF2, 0xA4, 0xCD, 0xEE, 0xF7, 0xB1, 0x34, 0x42, 0x6F, 0x56, 0x0D, 0xBD, 0xFC, 0x21,
    0x5C, 0x7C, 0x56, 0x77, 0xCE, 0x56, 0x1F, 0x7F, 0x47, 0xE7, 0x1B, 0x26, 0x78, 0x5F, 0xFC, 0xFC,
    0xAF, 0xDD, 0x70, 0x57, 0x56, 0xAB, 0x43, 0x0E, 0x1B, 0xDE, 0x29, 0x9F, 0x7A, 0xFF, 0x8E, 0x30,
    0xC0, 0xE8, 0x42, 0xE8, 0x8A, 0xDD, 0x50, 0xAF, 0x88, 0x1F, 0x53, 0x71, 0x23, 0x59, 0xCF, 0x56,
    0x6C, 0x85, 0x31, 0x62, 0xAE, 0xEC, 0x58, 0x7E, 0xA3, 0x23, 0xDC, 0x0C, 0x71, 0x1A, 0x02, 0x94,
    0x73, 0x66, 0x87, 0x64, 0x96, 0x62, 0x28, 0x06, 0x8C, 0x42, 0x43, 0xF1, 0x00, 0x71, 0x61, 0xF6,
    0x9E, 0xB6, 0xB2, 0x5E, 0xC3, 0x56, 0xE7, 0xA3, 0x69, 0xD2, 0xD0, 0xD5, 0x55, 0x11, 0x60, 0x40,
    0xE3, 0xB0, 0xFF, 0x30, 0x8A, 0x47, 0x53, 0x34, 0x17, 0x4F, 0xAB, 0xD8, 0xAD, 0xD7, 0x08, 0xBD,
    0x53, 0x87, 0xDB, 0xE7, 0x23, 0x82, 0x0A, 0xDE, 0x97, 0x8D, 0xF9, 0x28, 0x75, 0x9B, 0xFB, 0x43,
    0x87, 0x79, 0x74, 0xA2, 0x5E, 0x83, 0x15, 0xFA, 0x0E, 0x6F, 0x07, 0x67, 0xC3, 0x49, 0x40, 0xA0,
    0x18, 0x2E, 0x2E, 0x61, 0xEB, 0x6B, 0x3E, 0xEE, 0xC2, 0x69, 0x6B, 0x04, 0x60, 0x7D, 0x16, 0x5A,
    0x2C, 0x6A, 0x2A, 0x1B, 0xB1, 0x78, 0x97, 0xB7, 0xDF, 0x5F, 0x14, 0xE8, 0xD4, 0x55, 0x75, 0xB3,
    0xB0, 0xAA, 0x50, 0x09, 0xDC, 0xB2, 0x64, 0xC3, 0xF3, 0x2B, 0xE7, 0x85, 0xB6, 0x82, 0x17, 0xC3,
    0x08, 0xFD, 0xCC, 0xF1, 0x46, 0xD7, 0xFC, 0x48, 0x89, 0x59, 0x2C, 0x66, 0xB1, 0xE7, 0xA1, 0xAD,
    0xAB, 0x6C, 0x82, 0x8E, 0x6B, 0x9D, 0x45, 0x9E, 0xCF, 0x82, 0x70, 0x88, 0x3C, 0x81, 0x60, 0x89,
    0x84, 0x1D, 0xAB, 0x53, 0xB3, 0xC7, 0xB8, 0x59, 0x43, 0xFE, 0x29, 0xBE, 0x9C, 0xF7, 0x12, 0xCD,
    0x78, 0xE5, 0x4B, 0x00, 0x5C, 0x12, 0x9E, 0x84, 0xAA, 0xC4, 0x04, 0x62, 0x4F, 0xD1, 0x21, 0xE6,
    0x90, 0x82, 0x02, 0x03, 0x97, 0x8A, 0x66, 0x59, 0xA3, 0x29, 0x7D, 0x86, 0x26, 0x83, 0xC9, 0x92,
    0x91, 0xE1, 0x5C, 0x39, 0x89, 0x19, 0xDA, 0x45, 0xAB, 0x0E, 0x6B, 0x16, 0x10, 0x81, 0xC6, 0x87,
    0x94, 0x7A, 0xC1, 0xCA, 0xED, 0x6A, 0xEB, 0x61, 0xDC, 0x5A, 0xBB, 0xF1, 0x28, 0x5D, 0xA6, 0xAE,
    0x77, 0xD3, 0x94, 0x12, 0x1E, 0x6D, 0x08, 0x63, 0x86, 0xDD, 0xEA, 0x5B, 0x7D, 0xC1, 0xE0, 0x07,
    0x64, 0x23, 0x5C, 0xDE, 0x3E, 0x90, 0x62, 0x2F, 0xF4, 0x70, 0x8A, 0xD0, 0x94, 0x63, 0xEA, 0xB1,
    0xC0, 0x6C, 0x88, 0x30, 0x94, 0x6F, 0xB7, 0xFD, 0x97, 0x87, 0x03, 0xB4, 0x60, 0x97, 0xE5, 0x07,
    0xB0, 0xF8, 0x58, 0xF4, 0x11, 0x5C, 0xE3, 0x38, 0xB4, 0xEA, 0x4F, 0x71, 0x00, 0x1E, 0x67, 0xD0,
    0x61, 0x09, 0x1D, 0x96, 0xB0, 0x54, 0xD9, 0xA6, 0x13, 0x86, 0xFE, 0x30, 0xA3, 0x7A, 0x7A, 0xCE,
    0x04, 0x11, 0x47, 0xE8, 0x61, 0x8A, 0xE0, 0xF2, 0x47, 0xC7, 0xE1, 0x7E, 0xA8, 0x52, 0x07, 0x2D,
    0xD6, 0x50, 0x60, 0xF6, 0xB4, 0x93, 0x28, 0x10, 0xEF, 0x09, 0xF7, 0x8F, 0x2A, 0xD5, 0x47, 0x3C,
    0xCD, 0x98, 0xAF, 0xE8, 0x22, 0x1F, 0x87, 0x3B, 0x41, 0xC1, 0x5E, 0xEA, 0x69, 0x1B, 0x59, 0xAB,
    0xD5, 0x4A, 0xB5, 0xB7, 0xAC, 0x0E, 0xC1, 0xAC, 0x56, 0x50, 0x63, 0x77, 0x8B, 0x23, 0xC0, 0x84,
    0x6A, 0x14, 0xBF, 0xEC, 0x24, 0x41, 0x97, 0x74, 0xE3, 0x07, 0xF9, 0x85, 0x0F, 0xA0, 0x8B, 0x55,
    0xC0, 0x53, 0xCB, 0xB0, 0x0B, 0x21, 0x18, 0xFE, 0x3B, 0xC1, 0xB3, 0x91, 0x1F, 0x00, 0xD3, 0x55,
    0xDE, 0xE3, 0xDD, 0x4C, 0x63, 0x74, 0x11, 0xAD, 0x50, 0x36, 0xC9, 0x08, 0x41, 0xC5, 0xF9, 0xCC,
    0x38, 0xEF, 0xE0, 0x36, 0x50, 0xDD, 0xE3, 0x1D, 0x9F, 0x50, 0x2D, 0x58, 0x4F, 0xF9, 0x90, 0x19,
    0x12, 0xE2, 0x72, 0x7D, 0xC0, 0xF4, 0xC5, 0x03, 0x24, 0xA3, 0xC9, 0x74, 0x8C, 0xA2, 0x63, 0xCD,
    0x27, 0xC3, 0xA2, 0xB1, 0x02, 0x22, 0x6A, 0x6C, 0x1C, 0x5E, 0xD7, 0xD4, 0x4D, 0x86, 0xA0, 0x13,
    0xCB, 0x5C, 0xF4, 0x68, 0xA3, 0x8F, 0x9A, 0x52, 0xA0, 0xA4, 0x14, 0x3E, 0x15, 0x9F, 0x32, 0x8B,
    0x98, 0x56, 0x42, 0x32, 0x03, 0x91, 0x4C, 0x50, 0xD5, 0x77, 0xB2, 0x73, 0x38, 0x2C, 0x1B, 0xE3,
    0xEA, 0xD5, 0xBF, 0xE6, 0x65, 0xD3, 0xBA, 0x33, 0xEC, 0x70, 0x0B, 0x25, 0x9B, 0x4F, 0xF6, 0xE1,
    0x79, 0xB0, 0x1F, 0x36, 0xDF, 0x6C, 0x96, 0xE4, 0xDF, 0x21, 0x3C, 0xFD, 0x62, 0xBC, 0xF5, 0xE3,
    0x3C, 0x6B, 0xF8, 0x9D, 0x58, 0xCF, 0xF8, 0x81, 0xC8, 0xDA, 0x63, 0x3D, 0x13, 0xD4, 0xD2, 0x31,
    0x50, 0xF8, 0x28, 0x4C, 0xA3, 0x86, 0x61, 0xC6, 0x7C, 0xA2, 0x89, 0xA1, 0xA6, 0xA2, 0xC3, 0x29,
    0x33, 0x04, 0x2D, 0x41, 0xEB, 0xD0, 0x0C, 0xF2, 0x1B, 0x98, 0xEA, 0x79, 0xA4, 0x0D, 0xF2, 0xCD,
    0xCF, 0x35, 0xBE, 0xDF, 0xBA, 0x33, 0x73, 0xDF, 0x0D, 0xD1, 0xCC, 0x71, 0x21, 0x88, 0xF6, 0x04,
    0x9E, 0x30, 0x61, 0x60, 0x53, 0x33, 0x67, 0x81, 0xDC, 0x12, 0x98, 0x66, 0x91, 0xDE, 0xE0, 0x7D,
    0x98, 0x3E, 0x42, 0x3B, 0x1F, 0x13, 0x76, 0xA4, 0x02, 0x7E, 0xA2, 0xB2, 0xB1, 0x5A, 0xFA, 0x67,
    0x16, 0xAC, 0x2B, 0xBB, 0xD8, 0x43, 0x1B, 0xB6, 0x5C, 0xBC, 0x82, 0xD7, 0xFE, 0xE2, 0x3C, 0x74,
    0x1C, 0x22, 0x03, 0xE6, 0xA6, 0x0E, 0x09, 0x1E, 0xF4, 0x7A, 0x5E, 0xD7, 0x9A, 0x4B, 0x7A, 0xC3,
    0x33, 0xD8, 0x82, 0x98, 0x61, 0xF9, 0x5F, 0xB5, 0xB4, 0xC7, 0x64, 0x0D, 0xB8, 0xA3, 0xB1, 0xFC,
    0x21, 0xD4, 0x44, 0x1C, 0x69, 0x53, 0xAE, 0x1B, 0xD4, 0x67, 0xD7, 0xFF, 0x6C, 0x2C, 0xE1, 0x24,
    0xED, 0xD1, 0xF5, 0x24, 0x1C, 0xB6, 0xD7, 0x6F, 0xA5, 0x63, 0xDE, 0xBE, 0x73, 0x37, 0xC7, 0xAB,
    0x02, 0x4F, 0xF8, 0x37, 0x3C, 0xBF, 0xB3, 0xA5, 0x68, 0x6F, 0xE0, 0xAD, 0xE9, 0x6E, 0xDF, 0x4A,
    0x7D, 0x38, 0x77, 0xD7, 0xE3, 0xF0, 0x75, 0x00, 0x41, 0xA8, 0x1B, 0xDB, 0x68, 0x20, 0x0A, 0x25,
    0x53, 0x01, 0x15, 0xCD, 0x63, 0xFC, 0x61, 0xAB, 0xB3, 0xF3, 0xD5, 0x1E, 0xF1, 0x05, 0x79, 0x96,
    0x9D, 0xA8, 0x28, 0xB1, 0x8A, 0x03, 0x54, 0x68, 0x74, 0x46, 0xC7, 0x36, 0x37, 0x15, 0xCC, 0xA8,
    0x9C, 0xB5, 0xEE, 0xB1, 0x33, 0x8C, 0x0C, 0xEE, 0xBE, 0x6C, 0x0A, 0x62, 0x0F, 0x95, 0x51, 0x33,
    0x40, 0xF0, 0x57, 0x53, 0x8D, 0x68, 0xC2, 0x0B, 0x38, 0x3C, 0x69, 0x9D, 0xC0, 0xE5, 0x42, 0x97,
    0x29, 0x5C, 0xCE, 0x74, 0x39, 0x0D, 0x32, 0xD2, 0x83, 0xD8, 0x31, 0x90, 0x8A, 0x7F, 0x70, 0x42,
    0x4F, 0x24, 0xC9, 0x79, 0xF3, 0xAB, 0x3B, 0x81, 0xE9, 0x67, 0x24, 0x1B, 0x78, 0x08, 0x1A, 0xB8,
    0xC4, 0xC4, 0xE6, 0xA1, 0xFC, 0x08, 0xAF, 0x06, 0xF4, 0x99, 0xD9, 0xB9, 0xA5, 0xD4, 0x9C, 0x6C,
    0x8D, 0x7D, 0x1E, 0xB5, 0xCA, 0x22, 0x60, 0x50, 0xCE, 0x70, 0xF1, 0xE0, 0x55, 0xCE, 0xF1, 0xEA,
    0x70, 0x24, 0x61, 0xC4, 0xA8, 0x53, 0x2A, 0xE2, 0x31, 0xBD, 0x8F, 0x09, 0xFA, 0x2C, 0xF4, 0xC8,
    0x68, 0xD9, 0x04, 0xAC, 0x8F, 0x66, 0x06, 0xF7, 0x5D, 0x2E, 0x4A, 0xED, 0xAC, 0x28, 0xA1, 0x5E,
    0xB1, 0xDC, 0xDC, 0xF6, 0xF6, 0xBC, 0x4D, 0xBB, 0x68, 0x67, 0x1D, 0x46, 0x01, 0xBF, 0x55, 0x51,
    0x29, 0x84, 0x82, 0x02, 0x9C, 0xC1, 0x73, 0x0D, 0x27, 0xDA, 0xC1, 0x94, 0x3A, 0x77, 0x20, 0xF0,
    0xF9, 0x55, 0x20, 0xE9, 0x81, 0x41, 0xB8, 0xBA, 0xCE, 0x11, 0x82, 0xD4, 0xA5, 0x14, 0x94, 0x9C,
    0x2C, 0x9B, 0x95, 0x57, 0xDE, 0xB4, 0x8B, 0x76, 0xD6, 0x61, 0x2A, 0x80, 0xA2, 0x20, 0x54, 0xC5,
    0xEB, 0x44, 0x17, 0x53, 0xEA, 0xC7, 0x23, 0x62, 0xDC, 0x66, 0x0F, 0x57, 0x5D, 0x78, 0x5F, 0xD1,
    0x04, 0xBC, 0x5E, 0xD5, 0x6F, 0xD3, 0xF7, 0x79, 0xF4, 0x41, 0x34, 0x2F, 0xB4, 0x7D, 0xF2, 0x1D,
    0x63, 0x3E, 0xB9, 0xE8, 0xFB, 0x5D, 0xF2, 0x2F, 0x5F, 0x88, 0xD8, 0xC7, 0xEA, 0xB0, 0x70, 0xB1,
    0x70, 0x18, 0x04, 0x8C, 0xA1, 0x24, 0x15, 0x8C, 0x3C, 0x81, 0xFB, 0x07, 0xEF, 0xD1, 0xB9, 0x35,
    0xEB, 0x2C, 0xE6, 0x50, 0x4B, 0x10, 0xAB, 0x99, 0xD3, 0xAE, 0x71, 0xCB, 0x4A, 0xF7, 0xA9, 0x06,
    0x36, 0x7A, 0xF5, 0x6A, 0xDA, 0xAC, 0x20, 0xD2, 0x66, 0x27, 0xD4, 0xA0, 0x43, 0x04, 0x24, 0x21,
    0x25, 0x1A, 0xB4, 0xB5, 0xB7, 0x67, 0x03, 0xE2, 0x7F, 0xBA, 0x45, 0x98, 0xCA, 0x29, 0x98, 0xF8,
    0x93, 0x6C, 0x73, 0xAF, 0x79, 0x65, 0xD3, 0x65, 0x82, 0x10, 0xDE, 0x64, 0xE0, 0xB6, 0x49, 0x07,
    0xDE, 0x39, 0xFB, 0xD8, 0x88, 0x12, 0xF5, 0xD7, 0xBA, 0x5D, 0xDB, 0xE4, 0xF6, 0x0D, 0x36, 0x6D,
    0xD2, 0xBB, 0x79, 0xA3, 0xAF, 0x6F, 0x09, 0xE9, 0x9A, 0x42, 0x23, 0x10, 0x62, 0xAE, 0xDB, 0x6C,
    0xB0, 0x67, 0x24, 0x02, 0xD0, 0xB7, 0x57, 0x76, 0xDE, 0x33, 0xD4, 0xE1, 0x1B, 0x11, 0xBF, 0xA6,
    0x64, 0xEC, 0x39, 0x69, 0xB7, 0x21, 0xDF, 0x60, 0x19, 0x13, 0x23, 0x28, 0x5C, 0x46, 0x26, 0x59,
    0x32, 0x89, 0xD5, 0x1D, 0x23, 0x7B, 0xA0, 0x07, 0x12, 0xFB, 0x4F, 0x98, 0xFA, 0x5A, 0xF4, 0x0B,
    0x1C, 0x31, 0x13, 0x3D, 0xC1, 0x1B, 0x88, 0x1F, 0x89, 0xD3, 0x68, 0xD0, 0x3A, 0x80, 0xAE, 0x67,
    0x5A, 0x06, 0x34, 0x3D, 0x3A, 0x9D, 0xDE, 0xC4, 0x53, 0x5E, 0xF7, 0x0A, 0x97, 0x3F, 0x9A, 0x8E,
    0x94, 0x10, 0x29, 0x20, 0x17, 0xBA, 0xD8, 0x52, 0x5D, 0xD4, 0xD8, 0x99, 0xB9, 0xB6, 0x66, 0x3A,
    0xB6, 0x86, 0x34, 0x66, 0x36, 0x40, 0xAD, 0xC8, 0x19, 0x57, 0x36, 0xF1, 0x64, 0x1C, 0x8A, 0xB5,
    0xD1, 0xB8, 0xBC, 0x4B, 0x07, 0xE3, 0xB2, 0x3E, 0xEB, 0x8D, 0x4B, 0x07, 0x20, 0x24, 0xE0, 0xB1,
    0x68, 0x8D, 0x8B, 0x41, 0x3B, 0x8D, 0x43, 0xEF, 0x0A, 0x66, 0x9E, 0x6B, 0x1A, 0x1B, 0x0C, 0x18,
    0xF7, 0x7A, 0xE6, 0x7D, 0xF9, 0x2B, 0x27, 0xDE, 0xA1, 0xC7, 0xCD, 0x9D, 0x7E, 0x40, 0x22, 0x9C,
    0xD0, 0x98, 0x39, 0xF9, 0x8B, 0x21, 0x2F, 0x0C, 0x27, 0xF4, 0xE3, 0xFB, 0xA8, 0x54, 0x42, 0xC6,
    0xBE, 0x70, 0x70, 0x60, 0x7C, 0x0B, 0xB7, 0x41, 0x59, 0xB5, 0xA1, 0xDB, 0x1E, 0x4D, 0x80, 0xE6,
    0xD0, 0x26, 0x13, 0x9A, 0xB8, 0x26, 0x60, 0x32, 0x76, 0x56, 0xDC, 0x87, 0xD0, 0xF2, 0x61, 0xE0,
    0x86, 0xA8, 0xE2, 0xC5, 0x24, 0x2D, 0x49, 0x3D, 0x1D, 0x0F, 0xF1, 0xC5, 0x10, 0xB2, 0x9C, 0x8B,
    0x01, 0x86, 0x50, 0x41, 0xB6, 0xAE, 0x48, 0x7F, 0xC3, 0xC2, 0x85, 0x88, 0xF6, 0x60, 0x55, 0xCC,
    0x04, 0x13, 0x63, 0x2C, 0x7D, 0xC6, 0x01, 0xCA, 0x54, 0xC4, 0x2C, 0x14, 0x52, 0x39, 0xE4, 0xA5,
    0xE6, 0xBA, 0x54, 0x2E, 0xA8, 0xFC, 0xB6, 0x27, 0x56, 0xD6, 0x0B, 0x9D, 0x4A, 0xD4, 0xBC, 0x09,
    0xAA, 0x38, 0x24, 0x0A, 0xD0, 0x5C, 0xD6, 0x99, 0x5A, 0x56, 0xEE, 0x29, 0x31, 0xF2, 0x15, 0x81,
    0x1D, 0x08, 0x66, 0xFD, 0x45, 0x16, 0x30, 0x97, 0xB3, 0x80, 0xBC, 0x90, 0x0E, 0x0C, 0xD2, 0x41,
    0x31, 0x6C, 0x80, 0xDD, 0x03, 0x60, 0xFE, 0x74, 0x99, 0x79, 0xBE, 0xFA, 0x61, 0xB3, 0x6B, 0x85,
    0x95, 0xCD, 0xB6, 0x01, 0x2C, 0xC5, 0x28, 0xCB, 0xBE, 0x17, 0xD2, 0xB7, 0x6C, 0x5C, 0xC1, 0xC5,
    0x34, 0xBA, 0xF3, 0x41, 0xE1, 0xC5, 0x29, 0xBE, 0x18, 0x84, 0xCE, 0x0E, 0xA4, 0x21, 0x16, 0xFA,
    0x04, 0x2F, 0xA0, 0x4A, 0xBE, 0x30, 0x83, 0x89, 0xC9, 0x04, 0x8B, 0x96, 0xBC, 0x37, 0xF4, 0x39,
    0xF7, 0x38, 0x50, 0x48, 0xA9, 0xB1, 0x92, 0x84, 0x8A, 0xFB, 0x87, 0xB3, 0x19, 0x6F, 0x7D, 0x20,
    0xD7, 0x98, 0x41, 0x5C, 0x98, 0x22, 0x14, 0xC5, 0xE4, 0x7B, 0x1B, 0xEE, 0x70, 0xA1, 0x0E, 0x24,
    0xC5, 0xC3, 0x17, 0x92, 0xA2, 0x7C, 0x4B, 0x1D, 0x31, 0x1F, 0xEC, 0xCD, 0xE3, 0x55, 0xA0, 0x3A,
    0x60, 0x7E, 0x0A, 0x4B, 0x78, 0x7C, 0xA0, 0x11, 0x5A, 0x83, 0x08, 0xC4, 0xB3, 0xC6, 0x2B, 0x2B,
    0xA4, 0x96, 0x21, 0x4C, 0x81, 0xC3, 0x85, 0x7E, 0xBD, 0xEC, 0x82, 0x92, 0x25, 0x8C, 0x80, 0xFA,
    0xCC, 0xD2, 0x4A, 0xD9, 0x88, 0x6C, 0x96, 0x1E, 0xCC, 0xDB, 0xDA, 0x40, 0x6B, 0x79, 0xDD, 0xF6,
    0xA9, 0xA2, 0x94, 0xE6, 0x50, 0xCF, 0xD4, 0x46, 0xF6, 0xB4, 0x4B, 0xBF, 0x8D, 0x94, 0x88, 0x85,
    0x0B, 0x3C, 0x4E, 0x4E, 0x06, 0xA2, 0x2C, 0x6E, 0x33, 0x55, 0x3B, 0x14, 0x8A, 0xDE, 0x17, 0xCC,
    0x7F, 0x1B, 0x80, 0x67, 0xAB, 0xC3, 0xE3, 0x55, 0x73, 0x75, 0x29, 0xF2, 0x7F, 0x6D, 0x7A, 0x53,
    0x28, 0x7F, 0x59, 0x13, 0x69, 0x2B, 0x09, 0x25, 0x53, 0x49, 0xF6, 0x1F, 0x16, 0x61, 0x37, 0xB1,
    0x25, 0x07, 0x3C, 0x2B, 0xBB, 0x92, 0x7C, 0xAE, 0xE0, 0x1E, 0x69, 0x4F, 0xE5, 0x8C, 0x37, 0x59,
    0x37, 0xDC, 0xA7, 0xA1, 0xFA, 0x9A, 0x5C, 0x8C, 0xFE, 0xE0, 0x18, 0x07, 0x9E, 0xEF, 0x11, 0xBE,
    0xE0, 0xC7, 0x08, 0xD9, 0x85, 0x3F, 0xC1, 0xE3, 0xF2, 0x0E, 0x84, 0x1C, 0xDF, 0x59, 0xBA, 0x68,
    0xD9, 0xDE, 0x21, 0xF2, 0xE2, 0x89, 0x06, 0xA8, 0x15, 0xAC, 0x3F, 0xD3, 0xCC, 0x4F, 0xBA, 0x56,
    0x1B, 0x3D, 0x66, 0x69, 0x65, 0x53, 0x37, 0xD7, 0xBA, 0x5D, 0x2E, 0x37, 0xF6, 0x4A, 0xE5, 0xE1,
    0x6E, 0xC5, 0x3F, 0x46, 0x62, 0x35, 0xE8, 0x16, 0xEA, 0x04, 0x78, 0x27, 0x56, 0x92, 0x7B, 0xC8,
    0x87, 0x79, 0xB1, 0xA7, 0xFA, 0xA7, 0x00, 0x62, 0x0B, 0x4F, 0xC8, 0xFB, 0xE8, 0xAB, 0x01, 0xB6,
    0xF3, 0x52, 0x16, 0xA8, 0x5E, 0xB2, 0x21, 0x19, 0x26, 0x80, 0x74, 0x2D, 0x37, 0x48, 0x30, 0x51,
    0xBC, 0x74, 0x47, 0x58, 0x96, 0x69, 0x8E, 0xD2, 0xCE, 0x34, 0xB1, 0xCB, 0xDB, 0x1B, 0xCA, 0xF3,
    0x50, 0x71, 0x12, 0x16, 0xF3, 0xAA, 0x04, 0x2C, 0xE5, 0x5F, 0x8C, 0xF1, 0xC0, 0x89, 0x4B, 0x29,
    0xB0, 0x6B, 0x16, 0x64, 0xAC, 0x3F, 0xCC, 0xBE, 0xAE, 0x31, 0x61, 0xD9, 0x33, 0x69, 0x14, 0xA4,
    0xD0, 0x21, 0xF9, 0x38, 0x59, 0x71, 0xCE, 0x58, 0x11, 0x25, 0xD2, 0x20, 0xC8, 0xA4, 0xA2, 0x86,
    0x49, 0x22, 0x1F, 0xD2, 0x49, 0xE0, 0xB3, 0x70, 0xB9, 0xBA, 0xC1, 0xBA, 0xE0, 0xC7, 0xE9, 0xC4,
    0x04, 0x53, 0x76, 0xF8, 0x2E, 0x21, 0x57, 0x7B, 0x68, 0x65, 0x4C, 0xFF, 0x53, 0xFB, 0x30, 0x91,
    0x10, 0xC9, 0x7A, 0x6D, 0xAD, 0x2E, 0x3A, 0xD8, 0x5F, 0x69, 0x15, 0x6F, 0x2B, 0x1E, 0xEE, 0x11,
    0x4B, 0x29, 0x0C, 0xD6, 0xAA, 0x1B, 0x7C, 0x83, 0x48, 0x9D, 0x8D, 0xAE, 0x5D, 0xFF, 0x9E, 0xF5,
    0xC3, 0xCC, 0x10, 0x37, 0xBF, 0xA0, 0x5D, 0x5B, 0xD6, 0x61, 0x7A, 0xD0, 0xD7, 0xC3, 0x20, 0xC0,
    0x84, 0x5A, 0xD4, 0x50, 0xB1, 0x9E, 0xCD, 0x71, 0x31, 0xAD, 0x95, 0xA5, 0xFE, 0x86, 0x2D, 0x1A,
    0x3A, 0x87, 0x86, 0x01, 0xC3, 0xA4, 0xD4, 0x05, 0x8D, 0x5B, 0xD6, 0xA8, 0x3E, 0xA9, 0xAE, 0xA8,
    0x4E, 0xF9, 0xD2, 0x46, 0xE6, 0xFF, 0x67, 0x8C, 0x8B, 0x1F, 0x81, 0x49, 0xA0, 0x31, 0x9A, 0x65,
    0xA9, 0xAC, 0xB9, 0x63, 0x2D, 0xD5, 0x6C, 0xB5, 0x94, 0x1E, 0xBA, 0x5B, 0x6E, 0x93, 0x85, 0x45,
    0xEA, 0x36, 0xA1, 0x67, 0xC8, 0x6A, 0x26, 0xAE, 0x62, 0xC3, 0xEC, 0x11, 0x7B, 0xEA, 0x0E, 0x7A,
    0xEA, 0x90, 0xBF, 0xC8, 0xDC, 0x3C, 0x68, 0xDB, 0x27, 0x4E, 0xDE, 0xEC, 0x9F, 0xFF, 0x84, 0xE3,
    0x6A, 0x5D, 0x38, 0x6B, 0x68, 0x6C, 0x22, 0x43, 0xED, 0xB9, 0x7D, 0xD2, 0x5D, 0x54, 0x3C, 0x4E,
    0x53, 0xD6, 0x50, 0x29, 0x98, 0xF2, 0x69, 0x39, 0x05, 0x9B, 0xF5, 0xD8, 0x89, 0x4F, 0x7A, 0x4E,
    0xAB, 0x3A, 0xDA, 0xB7, 0xA1, 0x0C, 0x7F, 0xBB, 0x33, 0x2C, 0x07, 0x17, 0x6D, 0xF2, 0x46, 0x0F,
    0x5F, 0xAE, 0x1C, 0x87, 0x03, 0xC6, 0x3E, 0xBE, 0x28, 0x62, 0xE9, 0x45, 0x74, 0x35, 0x58, 0x27,
    0x7F, 0xD0, 0x63, 0x51, 0xC8, 0x36, 0x03, 0xDD, 0x38, 0x19, 0x01, 0x4D, 0x35, 0x0F, 0x56, 0xBB,
    0x5A, 0x98, 0x9A, 0xB1, 0x3E, 0x68, 0xC4, 0xAA, 0x36, 0xDC, 0x5F, 0xF2, 0xB6, 0x8E, 0xA6, 0xB4,
    0x63, 0x5D, 0x04, 0x58, 0x6E, 0x73, 0x6F, 0x31, 0x2A, 0x1D, 0x0B, 0xDD, 0xDD, 0x86, 0x3F, 0x44,
    0x87, 0x2E, 0xB2, 0xC1, 0xE5, 0xE1, 0x4F, 0x0E, 0xBA, 0x76, 0xEB, 0x05, 0x85, 0x1D, 0x66, 0x70,
    0xF0, 0x2C, 0x57, 0x9F, 0x05, 0x57, 0x84, 0xF9, 0x5E, 0x1C, 0x0E, 0xF6, 0xDD, 0xC6, 0xC4, 0x2F,
    0x9C, 0x08, 0x2D, 0x0D, 0xB6, 0x4B, 0xBE, 0x44, 0xFE, 0xF5, 0x98, 0xC1, 0x8C, 0x40, 0x63, 0xC4,
    0xFD, 0xE7, 0x4E, 0xCF, 0x2F, 0xE0, 0x49, 0x95, 0x82, 0x7A, 0xC2, 0x03, 0x1E, 0xC8, 0x45, 0x8E,
    0xAD, 0x14, 0x47, 0xB3, 0x7F, 0xB3, 0xBA, 0x0A, 0x5D, 0xEA, 0x4C, 0x7D, 0xE8, 0xF2, 0x07, 0xC1,
    0x25, 0x7D, 0xC9, 0x4A, 0xEC, 0x14, 0xD6, 0x0E, 0x6D, 0xC6, 0xD5, 0xF6, 0x09, 0x37, 0x45, 0xA4,
    0x51, 0x3A, 0x3C, 0x5F, 0xA2, 0x3D, 0xF3, 0xA6, 0xAD, 0x5E, 0x1C, 0xEA, 0xE3, 0x12, 0x7E, 0xCC,
    0x31, 0xDC, 0x29, 0x65, 0xBC, 0x7C, 0xB1, 0x3B, 0xFE, 0xBD, 0x21, 0x0F, 0x93, 0x83, 0x3E, 0x6C,
    0x36, 0x46, 0xCA, 0x43, 0xBE, 0x24, 0xA6, 0xDC, 0xBB, 0x6A, 0xB5, 0xB0, 0x38, 0x0F, 0x2F, 0x32,
    0x54, 0x8D, 0xC9, 0x5C, 0x76, 0x69, 0x78, 0x0F, 0xC0, 0xDF, 0x99, 0x70, 0x32, 0x45, 0xF6, 0x60,
    0x5F, 0x76, 0xFD, 0xE6, 0xFC, 0xE2, 0x38, 0x34, 0x75, 0x95, 0x32, 0x78, 0x0C, 0x1C, 0x22, 0xFB,
    0x27, 0x3C, 0xE7, 0x3C, 0x5C, 0x3A, 0xAA, 0x39, 0x44, 0x43, 0xBC, 0x3D, 0x25, 0xEB, 0xF4, 0x20,
    0x2D, 0x07, 0xC2, 0xDA, 0x21, 0x5A, 0x00, 0xF6, 0x80, 0x88, 0x57, 0x86, 0xC4, 0x3F, 0xE7, 0xCA,
    0xB9, 0x66, 0x14, 0xBB, 0x7A, 0x3D, 0xEA, 0x2C, 0x7B, 0x7D, 0x81, 0x44, 0xF4, 0x61, 0x1B, 0x9E,
    0x7C, 0x3D, 0xD8, 0xAA, 0xA0, 0xEA, 0x02, 0x8B, 0xD7, 0xBF, 0xF7, 0x0B, 0xC9, 0x51, 0x96, 0x61,
    0x16, 0x52, 0x93, 0x9C, 0x4C, 0x0B, 0xA3, 0xB1, 0x4C, 0xF2, 0x7F, 0x05, 0x36, 0x0E, 0xE6, 0x6C,
    0x06, 0xDF, 0xF2, 0x46, 0x76, 0x4F, 0x2F, 0xB4, 0x16, 0xB9, 0x9D, 0x46, 0xD6, 0xA8, 0xB8, 0xAD,
    0x6E, 0x50, 0x0F, 0x35, 0x41, 0x9F, 0x5F, 0x46, 0xBC, 0x3F, 0xB5, 0x07, 0x06, 0x1C, 0xC1, 0xFB,
    0xF0, 0x39, 0x68, 0xF1, 0x47, 0x83, 0xC2, 0x08, 0x7D, 0x09, 0xDA, 0xA4, 0x56, 0x39, 0x39, 0x16,
    0xF1, 0xAA, 0xAF, 0x69, 0x07, 0x30, 0xBC, 0xAD, 0x87, 0x0D, 0xC1, 0x7E, 0x65, 0xC1, 0x44, 0xAE,
    0xFA, 0x13, 0xA0, 0xFA, 0x90, 0xF0, 0xC8, 0x7C, 0xF3, 0x79, 0xFD, 0x38, 0xE3, 0x01, 0xD6, 0xAF,
    0xC3, 0x5E, 0xF8, 0xD0, 0x57, 0x2F, 0x2D, 0x1F, 0x66, 0x74, 0x45, 0x79, 0xE0, 0x61, 0x81, 0x1E,
    0xCE, 0x2D, 0x06, 0xE9, 0x00, 0xBA, 0x4A, 0xBE, 0x26, 0x63, 0x25, 0xAD, 0x45, 0x31, 0xFA, 0x51,
    0x97, 0x4C, 0x3C, 0x9D, 0x34, 0xAD, 0x81, 0xFF, 0x21, 0x0C, 0xDF, 0x1B, 0xF4, 0x54, 0x16, 0xFA,
    0x8B, 0x66, 0x64, 0x94, 0x57, 0xFC, 0xCD, 0xF9, 0xA9, 0xFD, 0x97, 0x1F, 0x77, 0x27, 0xA9, 0x7B,
    0xE8, 0xEB, 0x33, 0xD4, 0xFD, 0x8F, 0x0E, 0x9D, 0xB7, 0xCF, 0xC0, 0x50, 0x91, 0x15, 0x02, 0x0F,
    0x9C, 0x8C, 0x6D, 0x80, 0x95, 0x3C, 0x16, 0x44, 0x64, 0x07, 0x3D, 0x0B, 0xAE, 0xF5, 0x50, 0xB8,
    0x58, 0x7E, 0x62, 0xD1, 0x73, 0xE4, 0x37, 0x7A, 0x31, 0x8C, 0xBB, 0xA7, 0xC9, 0x49, 0xF0, 0xF9,
    0xA3, 0xA7, 0xB3, 0x19, 0x92, 0x09, 0xB4, 0xF0, 0xD9, 0xA4, 0xBE, 0xF0, 0x1A, 0x66, 0xD9, 0x7C,
    0x45, 0x02, 0xF6, 0xDF, 0x3E, 0xAF, 0x83, 0x8F, 0xE5, 0xFF, 0x04, 0x69, 0x38, 0xDF, 0x9E, 0xD7,
    0x89, 0xE6, 0x47, 0xE5, 0x14, 0xEB, 0x7A, 0xA1, 0x14, 0xE5, 0xA7, 0x5E, 0x19, 0x45, 0xE8, 0x23,
    0xD6, 0xAE, 0x3C, 0x87, 0x9F, 0x32, 0x94, 0x0E, 0x45, 0x18, 0xF2, 0x47, 0x4F, 0x02, 0x78, 0x24,
    0xC8, 0x6F, 0xA5, 0xC7, 0x7B, 0xE5, 0x47, 0xDD, 0x15, 0x0E, 0x8B, 0x86, 0x08, 0x98, 0x24, 0x6B,
    0xE0, 0x94, 0xB9, 0x09, 0x87, 0xBD, 0x7F, 0x7E, 0x16, 0x5A, 0x57, 0xA3, 0x68, 0x88, 0x41, 0xF0,
    0xBF, 0x1D, 0xE7, 0x17, 0x69, 0x68, 0xEF, 0x71, 0x21, 0x1A, 0x17, 0x12, 0x9E, 0x9C, 0xC3, 0x48,
    0x88, 0x0C, 0x22, 0x7A, 0xD0, 0x83, 0x9D, 0x16, 0x10, 0x9F, 0x0E, 0x89, 0xFE, 0x60, 0xC0, 0xD9,
    0x38, 0x16, 0x3C, 0x93, 0x3F, 0x23, 0xC4, 0x9C, 0x90, 0xE1, 0x6A, 0x19, 0xAF, 0x86, 0x9C, 0x13,
    0x94, 0xC4, 0x9C, 0x79, 0x16, 0x2F, 0x30, 0xF3, 0x26, 0x4E, 0x36, 0xB3, 0xCC, 0xCF, 0xCF, 0x9E,
    0x34, 0x7B, 0x6B, 0xB2, 0xCE, 0xFC, 0x98, 0x3E, 0x7A, 0xE0, 0xE7, 0xF0, 0x07, 0x94, 0x33, 0x0D,
    0x72, 0x1E, 0x63, 0x5E, 0x7F, 0x08, 0x93, 0x2B, 0x7E, 0x94, 0xC1, 0x52, 0x79, 0x9A, 0x17, 0x9A,
    0xC2, 0xDB, 0xDE, 0xA0, 0x62, 0x45, 0x75, 0x56, 0x31, 0x7F, 0x33, 0x9D, 0xE7, 0xFE, 0x97, 0x44,
    0xF1, 0x0A, 0xE4, 0x14, 0xE2, 0x77, 0x27, 0xE5, 0xF2, 0x2C, 0x4E, 0x71, 0x99, 0x2E, 0x21, 0x9A,
    0x8D, 0x09, 0x35, 0x0B, 0xB4, 0xDF, 0xBA, 0xFB, 0x82, 0x1F, 0x7F, 0x7E, 0x55, 0x48, 0x9C, 0x81,
    0x07, 0x96, 0x83, 0x7B, 0x93, 0x18, 0x9D, 0xD5, 0x73, 0xCC, 0xDF, 0xC7, 0x38, 0xE4, 0x7E, 0x8D,
    0xFC, 0xF0, 0xAF, 0x21, 0x3B, 0x4D, 0x5B, 0x68, 0x60, 0xDE, 0xE7, 0x6A, 0x34, 0x15, 0xA1, 0x6A,
    0x6C, 0xF8, 0x93, 0x65, 0xDA, 0x67, 0x5D, 0xD6, 0xA5, 0x3D, 0x67, 0x2C, 0x9A, 0x78, 0x2C, 0xAB,
    0x68, 0xA2, 0x10, 0xF4, 0xBC, 0x07, 0xC0, 0x65, 0x56, 0xD1, 0xE4, 0x36, 0x2C, 0xBF, 0x0A, 0x80,
    0x18, 0xCE, 0x7A, 0xD8, 0xBF, 0x06, 0x2B, 0x20, 0x40, 0x95, 0xB0, 0x03, 0xAC, 0x02, 0x06, 0x57,
    0x56, 0xD7, 0x47, 0xCA, 0xB8, 0x35, 0x51, 0xDA, 0xD1, 0x51, 0xD6, 0xE5, 0xED, 0x74, 0x2B, 0x87,
    0x05, 0xC7, 0xEB, 0x98, 0xE7, 0x8B, 0xE1, 0x06, 0x66, 0x3C, 0xE9, 0xCB, 0x12, 0xAB, 0xED, 0x0A,
    0xAC, 0xE2, 0xBC, 0xCD, 0xD7, 0xAC, 0xD2, 0x73, 0x56, 0x63, 0x0D, 0x4F, 0x71, 0x6D, 0x95, 0xEA,
    0x01, 0x5F, 0xA2, 0xE9, 0x1D, 0x06, 0x86, 0x75, 0x79, 0xF0, 0x62, 0x49, 0x5F, 0xAB, 0x42, 0xC9,
    0x20, 0x08, 0x92, 0xF9, 0xC3, 0x42, 0xF0, 0x94, 0x82, 0x2A, 0x37, 0x9B, 0x17, 0xBE, 0x1C, 0x7B,
    0x3D, 0x81, 0x6E, 0xC4, 0xA7, 0x1C, 0x64, 0xF5, 0xAC, 0x10, 0x5F, 0x79, 0xDA, 0x56, 0x02, 0x08,
    0xE0, 0x9C, 0x70, 0x61, 0xF8, 0x95, 0xE3, 0x2F, 0x73, 0xFC, 0xF5, 0x8E, 0xC5, 0x54, 0x32, 0xA4,
    0x7D, 0x3C, 0x66, 0x5D, 0xC4, 0xDF, 0x03, 0x58, 0x79, 0x1E, 0x21, 0xA9, 0xEC, 0x9B, 0xC5, 0xB7,
    0x4B, 0x28, 0xA1, 0x70, 0x0B, 0xD1, 0xE5, 0x69, 0x03, 0xBD, 0x89, 0x17, 0x7F, 0x0C, 0x45, 0xF7,
    0x6B, 0xB6, 0xD1, 0x78, 0xE2, 0x61, 0x30, 0x8C, 0xF9, 0x10, 0x79, 0x1D, 0x09, 0x7E, 0xE1, 0x19,
    0x6B, 0x65, 0x21, 0x1B, 0x3E, 0x82, 0x89, 0xB3, 0x5E, 0x4B, 0x15, 0xA3, 0xF9, 0x85, 0xB9, 0x06,
    0x3A, 0xCE, 0x8F, 0xB7, 0x0C, 0x89, 0xF9, 0xC1, 0xC7, 0xFE, 0x40, 0x7F, 0xF3, 0xBB, 0x2A, 0x81,
    0x78, 0xB1, 0x0D, 0x64, 0x80, 0x59, 0xD9, 0xAB, 0x73, 0x0C, 0x8A, 0xBC, 0xFF, 0x46, 0xA1, 0xDF,
    0xF1, 0xEE, 0x95, 0x1F, 0xDB, 0x65, 0xA1, 0x7A, 0xDF, 0xBD, 0xCC, 0xCB, 0x67, 0x2E, 0x19, 0x2C,
    0x6F, 0x0D, 0x76, 0x97, 0xF5, 0x57, 0x47, 0xC3, 0x8E, 0x6D, 0x2D, 0xE1, 0x21, 0xFA, 0x23, 0x43,
    0x09, 0xC5, 0x1E, 0x88, 0xA4, 0x7D, 0x80, 0xA2, 0x6B, 0x78, 0x8B, 0x7C, 0xF0, 0x7F, 0xD5, 0x5A,
    0x3B, 0x73, 0xDD, 0xC6, 0x15, 0x5E, 0x00, 0x32, 0x91, 0x11, 0x26, 0xB3, 0x2E, 0x5C, 0x24, 0xE2,
    0xC4, 0x68, 0xD2, 0x44, 0x33, 0x26, 0xDA, 0x14, 0xA2, 0x00, 0x59, 0x45, 0x0A, 0x17, 0x4E, 0x11,
    0xD7, 0x6A, 0x5C, 0x45, 0x85, 0xFE, 0x00, 0x29, 0xC0, 0xE3, 0x1F, 0x10, 0xF6, 0x29, 0xA2, 0xC9,
    0x28, 0x13, 0x9B, 0x2E, 0x6E, 0xE3, 0x99, 0xB8, 0x20, 0x2F, 0x20, 0xA9, 0x50, 0xA1, 0xC2, 0x88,
    0x55, 0xBA, 0x10, 0x62, 0x2B, 0x93, 0x89, 0x54, 0x08, 0x96, 0x90, 0x18, 0xA2, 0x16, 0xD8, 0x7C,
    0xDF, 0x59, 0x5C, 0xF2, 0x92, 0xA6, 0x24, 0x2B, 0x7E, 0xC4, 0xB9, 0xE4, 0xBD, 0xBC, 0xD8, 0xC7,
    0x79, 0xED, 0xD9, 0x73, 0xBE, 0xB3, 0xCB, 0xB5, 0xE4, 0xC1, 0x38, 0xAE, 0x29, 0xA5, 0x4C, 0xAA,
    0x6F, 0xB4, 0x47, 0x3F, 0x54, 0x50, 0xA9, 0xFD, 0x77, 0x32, 0x28, 0xDF, 0xDA, 0x2A, 0xB2, 0x0F,
    0xDA, 0xF8, 0xF6, 0x75, 0x93, 0x9E, 0xAF, 0xB6, 0x72, 0xB4, 0xCF, 0xF1, 0x1E, 0xF0, 0x36, 0xD3,
    0x7B, 0x98, 0xDA, 0xD8, 0xC7, 0x31, 0x09, 0xC6, 0x62, 0x4E, 0xC7, 0xB9, 0xA4, 0x71, 0x88, 0xE6,
    0xAA, 0xDD, 0x52, 0x1A, 0x1D, 0x81, 0xBD, 0x6F, 0x55, 0x99, 0x85, 0xBD, 0xAE, 0x95, 0xAE, 0x8C,
    0x52, 0x99, 0x46, 0xAF, 0xC2, 0x68, 0x15, 0xB6, 0xF8, 0x48, 0x33, 0xA5, 0xAC, 0xB5, 0x2D, 0xC6,
    0x5A, 0xA5, 0xE6, 0xFB, 0xCD, 0x78, 0x07, 0x8B, 0x2F, 0x61, 0x4D, 0x35, 0xF0, 0x4E, 0xF0, 0x8E,
    0x40, 0xF8, 0x57, 0xD6, 0xEE, 0x99, 0xFC, 0xBE, 0xB5, 0xB7, 0x33, 0xAF, 0xBC, 0xAB, 0x38, 0xB6,
    0x38, 0x95, 0xFD, 0x2C, 0x4D, 0xEC, 0xAD, 0x9A, 0xC4, 0xC2, 0xC1, 0x1F, 0xD4, 0x08, 0x4A, 0x31,
    0x04, 0x7B, 0xB7, 0x53, 0x9E, 0x01, 0x19, 0xA8, 0x4D, 0x63, 0x64, 0x4A, 0x5F, 0xEF, 0x95, 0x6F,
    0x20, 0x4F, 0x9A, 0xE5, 0x59, 0xDC, 0x84, 0x76, 0x36, 0xFA, 0x4F, 0xEC, 0xD8, 0x6F, 0x44, 0x63,
    0xF0, 0x37, 0xD0, 0x3A, 0x91, 0x16, 0xE0, 0x7B, 0x0D, 0x0C, 0xC3, 0x4E, 0x37, 0x0A, 0x84, 0xF2,
    0x4C, 0x25, 0x95, 0x0F, 0xA3, 0x75, 0x0A, 0xD3, 0x4A, 0x85, 0x5F, 0x50, 0x0E, 0xBA, 0xA0, 0x57,
    0xF8, 0x52, 0x52, 0x1F, 0xB4, 0xAB, 0xF0, 0x21, 0x85, 0x4C, 0x2D, 0x05, 0xB2, 0x0D, 0x65, 0xE5,
    0x33, 0x05, 0x52, 0x4E, 0x3D, 0xD1, 0xC6, 0xE9, 0x25, 0x5F, 0x5D, 0xAB, 0x0C, 0x58, 0x6A, 0x95,
    0xAF, 0xE6, 0xE0, 0xA5, 0xA6, 0xD7, 0x72, 0x53, 0xF2, 0x18, 0x42, 0x80, 0x47, 0x09, 0xEB, 0xA6,
    0x45, 0x5C, 0xEB, 0xCA, 0xCB, 0x20, 0x1D, 0x88, 0x91, 0x2C, 0xC4, 0xF2, 0x2C, 0x04, 0xCA, 0x6D,
    0xA6, 0xC6, 0x0B, 0x03, 0xAC, 0x5D, 0x36, 0xBB, 0x58, 0x63, 0x50, 0x8F, 0xEF, 0xD4, 0xCA, 0x1F,
    0x41, 0x33, 0x4F, 0x6B, 0x15, 0xDF, 0xB4, 0x99, 0xAE, 0x53, 0xA3, 0x1B, 0xCF, 0x82, 0x58, 0x88,
    0x75, 0x54, 0x31, 0x26, 0x63, 0xC1, 0x40, 0xA5, 0x55, 0x99, 0x67, 0xB0, 0x1A, 0x39, 0x2C, 0x00,
    0x1E, 0xA3, 0xAD, 0x30, 0xAA, 0xC6, 0x02, 0x64, 0x6A, 0x53, 0xFD, 0xC5, 0x04, 0x58, 0xB4, 0x3B,
    0xD9, 0x6B, 0x4A, 0x5D, 0x82, 0x2C, 0x74, 0x20, 0x4C, 0xE4, 0x6A, 0xD7, 0x2A, 0x84, 0x3F, 0x0D,
    0x34, 0x16, 0xAC, 0x15, 0xB4, 0xDE, 0x55, 0x65, 0xBC, 0x36, 0xB4, 0x8D, 0x2E, 0xFA, 0xC8, 0x8E,
    0x5E, 0xBB, 0x11, 0xF4, 0x51, 0xB5, 0xBE, 0x06, 0x7B, 0x16, 0xE1, 0xC7, 0x19, 0x3D, 0xE1, 0x51,
    0x45, 0x37, 0x38, 0xD3, 0xD2, 0x35, 0xF4, 0x19, 0x4E, 0x0C, 0x5C, 0xC7, 0xC3, 0x26, 0xA9, 0x4E,
    0xA8, 0x0D, 0xCE, 0xA8, 0xCF, 0xEA, 0xA2, 0xB4, 0x6D, 0x4C, 0x52, 0xAD, 0x2E, 0x52, 0x75, 0x6A,
    0x4B, 0x57, 0x8E, 0x87, 0xCA, 0x6B, 0x95, 0xD4, 0x13, 0x73, 0x95, 0x58, 0x8B, 0xF5, 0x9B, 0xA4,
    0xBA, 0xEA, 0xDB, 0x76, 0x5D, 0x17, 0x6A, 0x43, 0x5D, 0xB8, 0x66, 0x4D, 0xF9, 0xFB, 0x8F, 0x8B,
    0x9D, 0x5E, 0xDF, 0xB2, 0x26, 0xFE, 0x1C, 0xEE, 0x58, 0xA7, 0x05, 0x08, 0xB7, 0xAA, 0xF4, 0x06,
    0x2C, 0x23, 0x1E, 0x3A, 0x3C, 0xCC, 0x3D, 0xC3, 0x87, 0x4C, 0x7A, 0xF8, 0x45, 0x5A, 0xA4, 0x8B,
    0x63, 0x64, 0xB0, 0xF4, 0x71, 0xFA, 0x6F, 0xB7, 0xB7, 0xB7, 0xFF, 0x88, 0xF5, 0xB3, 0xB7, 0xAC,
    0x5B, 0x60, 0x71, 0x53, 0x59, 0x4A, 0x71, 0xF3, 0xF4, 0xB8, 0xA6, 0xED, 0xED, 0x99, 0x75, 0x6B,
    0xFE, 0x0C, 0xCB, 0xC5, 0xB0, 0xDC, 0xF6, 0xFB, 0xB0, 0x5C, 0x97, 0xDA, 0x1E, 0x96, 0x83, 0xAB,
    0x9C, 0x83, 0xE5, 0x5A, 0xDD, 0xAE, 0xAF, 0xA1, 0xD5, 0xC0, 0x72, 0x29, 0xDC, 0xF0, 0x51, 0xA5,
    0xEF, 0xD9, 0xEC, 0x4C, 0x1B, 0x40, 0x69, 0x7D, 0x46, 0xD9, 0x91, 0x96, 0x4B, 0xC1, 0xE8, 0x61,
    0xC3, 0xDD, 0x06, 0xCB, 0x61, 0x0F, 0xC0, 0x72, 0xC6, 0xEF, 0x63, 0xBF, 0x3D, 0xAD, 0x4E, 0xD3,
    0x72, 0x94, 0xE4, 0x79, 0x96, 0x5B, 0x08, 0x89, 0xAD, 0x64, 0xFB, 0x7C, 0x76, 0xA7, 0x4A, 0x3B,
    0xCF, 0x66, 0xB1, 0x09, 0xBE, 0xDC, 0x1B, 0x12, 0x5B, 0x60, 0x9E, 0xA8, 0x64, 0x16, 0x9E, 0x5C,
    0x89, 0x8E, 0xA7, 0xB7, 0x47, 0x37, 0x4F, 0xCC, 0x71, 0xDC, 0x88, 0xC5, 0xCB, 0x87, 0xE5, 0xB6,
    0x17, 0x23, 0x1D, 0x97, 0xF5, 0xF0, 0x93, 0x62, 0x5D, 0x05, 0xB5, 0xDA, 0x51, 0xBA, 0xC0, 0x50,
    0x83, 0x79, 0xBA, 0x08, 0x1B, 0x25, 0x63, 0xC2, 0x21, 0xB0, 0xFD, 0x46, 0x78, 0x3D, 0x93, 0x21,
    0xC6, 0xA7, 0x30, 0x0A, 0x9D, 0xC9, 0xCF, 0xFD, 0x27, 0xD5, 0xD9, 0xD4, 0x56, 0x79, 0xE3, 0x35,
    0xA9, 0xFE, 0xA4, 0xDB, 0xC4, 0xC4, 0xA0, 0x05, 0x4B, 0x03, 0x96, 0x29, 0xE8, 0xD0, 0x10, 0xCF,
    0x6B, 0x18, 0x54, 0xD4, 0xC2, 0x01, 0x8C, 0xEE, 0x02, 0x7B, 0x1E, 0xD6, 0x78, 0x6C, 0xED, 0xBF,
    0x6C, 0x99, 0x37, 0xF1, 0x9D, 0x85, 0xD8, 0x5F, 0xD5, 0xE3, 0x12, 0xCC, 0x05, 0xC1, 0x1A, 0x3B,
    0xCE, 0xEE, 0x96, 0x16, 0x04, 0x6D, 0x65, 0x62, 0xDB, 0xA6, 0xA1, 0x35, 0xFA, 0x9A, 0x45, 0x43,
    0x8E, 0x06, 0x8D, 0x06, 0x0F, 0x0D, 0x55, 0x82, 0x06, 0x1F, 0x0D, 0x64, 0xF4, 0x62, 0xB2, 0x3D,
    0xA5, 0x61, 0x6D, 0x11, 0xE0, 0x83, 0x22, 0x52, 0x71, 0x07, 0x17, 0x3F, 0xF3, 0xF2, 0x4E, 0x8A,
    0xB0, 0x13, 0xD4, 0xBB, 0xE5, 0x9D, 0x21, 0xA8, 0xD7, 0x97, 0x7F, 0xC5, 0xC2, 0x9B, 0x21, 0xD6,
    0xB1, 0xF7, 0x6D, 0x91, 0x60, 0x1D, 0xEB, 0x4D, 0x59, 0xC7, 0xB4, 0xCA, 0x11, 0xBE, 0xB0, 0x19,
    0xC3, 0x16, 0xC1, 0x2E, 0xE1, 0xD3, 0xC8, 0xA7, 0x4E, 0x9E, 0xE0, 0xFE, 0xEC, 0xE3, 0x17, 0xE9,
    0x1F, 0xE5, 0x21, 0x77, 0x83, 0xD9, 0x23, 0xD3, 0x19, 0xF0, 0xA3, 0x26, 0x90, 0x28, 0xA6, 0x0D,
    0x3F, 0x03, 0x6C, 0x06, 0xBF, 0x67, 0x07, 0x36, 0x8F, 0x6A, 0xC5, 0x7C, 0x67, 0x94, 0xDA, 0x85,
    0xFD, 0x94, 0xBA, 0x2C, 0x33, 0x68, 0xCC, 0x56, 0x25, 0xDC, 0xF8, 0x2A, 0x2E, 0xD8, 0x81, 0x20,
    0xD6, 0x06, 0x15, 0x3E, 0x0D, 0xC9, 0xA9, 0x07, 0x62, 0xE8, 0x47, 0x15, 0x3F, 0xBB, 0x56, 0xF9,
    0x9D, 0xFA, 0xE8, 0x8C, 0xF2, 0x7A, 0xB5, 0xA3, 0x49, 0x6E, 0x07, 0x24, 0x76, 0x11, 0x6C, 0x2D,
    0xC8, 0x31, 0xD1, 0xC8, 0xDA, 0x48, 0x86, 0x08, 0x2A, 0x92, 0x53, 0x2D, 0xA5, 0x0A, 0x5B, 0x91,
    0xAA, 0x13, 0xA9, 0x7A, 0x91, 0xCA, 0xE5, 0x3E, 0x27, 0xD5, 0x20, 0x52, 0x95, 0x22, 0x95, 0xD3,
    0x83, 0x81, 0x08, 0x52, 0x15, 0x22, 0x55, 0xB5, 0x9D, 0x41, 0x2A, 0x04, 0x0E, 0x48, 0xF5, 0xD7,
    0x1E, 0xF6, 0x0F, 0x9B, 0x9F, 0xA0, 0x97, 0x24, 0x37, 0x64, 0x97, 0xBE, 0x46, 0x25, 0xC1, 0x94,
    0x12, 0x27, 0x42, 0x34, 0x15, 0x25, 0x73, 0x51, 0x72, 0x2E, 0x8F, 0x76, 0xFB, 0x4A, 0xC2, 0xAC,
    0x60, 0x20, 0x95, 0xA6, 0x1F, 0x43, 0xB6, 0xAB, 0xDC, 0xA9, 0x2A, 0xAA, 0xA3, 0x6A, 0x43, 0x46,
    0x4E, 0x44, 0xA3, 0x8A, 0x54, 0x30, 0xC2, 0x23, 0xD5, 0x5E, 0x7C, 0x8D, 0x0A, 0x63, 0x00, 0xC2,
    0x5E, 0x2D, 0xBA, 0x9D, 0x55, 0x6A, 0x25, 0x8B, 0x39, 0x3A, 0x39, 0xD7, 0x25, 0x59, 0x08, 0xC7,
    0x7A, 0xA7, 0x07, 0x9F, 0xD5, 0xBB, 0xD8, 0xD4, 0x74, 0xD2, 0x5D, 0xB5, 0x86, 0xCE, 0xB0, 0xF1,
    0x60, 0x39, 0xEE, 0x20, 0xA8, 0xE6, 0xC3, 0x80, 0xD0, 0x33, 0x2E, 0xA2, 0x42, 0x96, 0x82, 0x56,
    0x03, 0x6D, 0x6B, 0x0D, 0x85, 0x85, 0xA6, 0x92, 0x73, 0x5B, 0x97, 0x75, 0x2B, 0xE5, 0xC3, 0x89,
    0x22, 0x48, 0x40, 0xA3, 0xF1, 0x2F, 0x9F, 0x17, 0x2F, 0xEF, 0xD7, 0xCE, 0xFD, 0xF9, 0xE6, 0xAC,
    0x18, 0x7D, 0x25, 0x96, 0x08, 0xEA, 0x68, 0x18, 0x24, 0xAD, 0x44, 0x79, 0xC9, 0xEF, 0xC6, 0xFD,
    0x35, 0x23, 0xCC, 0x93, 0x03, 0x01, 0xA4, 0x7B, 0x65, 0x1B, 0x31, 0xC4, 0x94, 0x4C, 0x31, 0xD9,
    0x41, 0xBA, 0xE3, 0x23, 0x83, 0xD1, 0xA2, 0x41, 0xBD, 0xAD, 0x0E, 0xBF, 0x48, 0x55, 0x45, 0xC3,
    0x7E, 0x5E, 0x8D, 0x19, 0x6A, 0xFD, 0x2F, 0x99, 0xEF, 0x52, 0xAE, 0x75, 0xD8, 0x9A, 0x45, 0x0E,
    0xD6, 0xF4, 0x47, 0xBF, 0xA7, 0x78, 0x69, 0x86, 0x65, 0x0C, 0x5B, 0xAE, 0xCD, 0x9C, 0xE4, 0xF1,
    0x3B, 0xE7, 0x4A, 0x41, 0x6C, 0xC4, 0x71, 0x44, 0x78, 0x4B, 0x03, 0x94, 0xF8, 0xAC, 0x98, 0x88,
    0x47, 0x0A, 0x1C, 0xB5, 0x09, 0xAD, 0x76, 0x9E, 0x11, 0xB9, 0xA7, 0x22, 0xC9, 0xAD, 0x76, 0x52,
    0xE7, 0x65, 0xB2, 0x8F, 0x28, 0x89, 0x2F, 0x29, 0x39, 0x57, 0x8B, 0x90, 0xEE, 0x6D, 0x1D, 0x27,
    0x6F, 0x78, 0x20, 0xAF, 0x16, 0x79, 0xF7, 0x9C, 0xBC, 0xD5, 0x42, 0xDE, 0x39, 0x7C, 0xDC, 0xC9,
    0xEB, 0x19, 0x3A, 0x93, 0xC8, 0x1B, 0x88, 0xBC, 0xE5, 0x24, 0x6F, 0x49, 0x79, 0xA1, 0x0B, 0x84,
    0x42, 0x74, 0x12, 0x79, 0x73, 0x7C, 0xD6, 0x4E, 0xDE, 0x81, 0x94, 0x96, 0xE4, 0xA5, 0xEF, 0xC6,
    0x0B, 0x79, 0x65, 0x0F, 0x44, 0xA3, 0x30, 0xEE, 0x17, 0xDC, 0x4E, 0x66, 0xA7, 0xB2, 0x43, 0x92,
    0x06, 0x4E, 0x15, 0x01, 0x2B, 0x0E, 0xB7, 0x50, 0xC8, 0x78, 0x56, 0x70, 0xD3, 0x48, 0xC8, 0xA3,
    0x51, 0xA3, 0x86, 0xC0, 0x6C, 0xA0, 0x51, 0x25, 0x23, 0xFA, 0x3D, 0x85, 0x4C, 0x09, 0xE5, 0x60,
    0xCC, 0x51, 0x09, 0xD6, 0x52, 0x82, 0xA8, 0xD0, 0x81, 0x2D, 0x91, 0x5A, 0x81, 0x7E, 0xD6, 0x0E,
    0x62, 0xDF, 0x96, 0x44, 0x72, 0x4F, 0xF6, 0x20, 0xE5, 0x4D, 0x6E, 0x80, 0x8B, 0x37, 0xD0, 0x82,
    0x04, 0x58, 0x57, 0xBC, 0x8C, 0x32, 0xEC, 0x08, 0x20, 0x42, 0xC4, 0x68, 0x73, 0x30, 0xFA, 0xE9,
    0x51, 0x2F, 0x08, 0xC4, 0x9E, 0xE9, 0x51, 0x51, 0xEF, 0x40, 0x54, 0xDF, 0x89, 0x1A, 0x11, 0x83,
    0xB5, 0xF9, 0x42, 0x54, 0xC4, 0xDC, 0x02, 0x6B, 0x35, 0x89, 0x5A, 0x53, 0xC4, 0x39, 0x5D, 0x61,
    0x59, 0x54, 0x73, 0x20, 0xEA, 0x28, 0xA6, 0x65, 0x5C, 0x43, 0xDF, 0xBE, 0xA8, 0xF1, 0x0D, 0x1A,
    0x6F, 0x21, 0x6A, 0x58, 0x47, 0x19, 0x97, 0x37, 0x15, 0xA4, 0x85, 0x41, 0x5E, 0xE7, 0xD7, 0xEA,
    0x98, 0x97, 0xB3, 0x6B, 0xD2, 0xED, 0xBB, 0x80, 0x60, 0x2B, 0x95, 0x10, 0x58, 0x29, 0x73, 0x59,
    0x2D, 0x7C, 0x20, 0x3D, 0xCF, 0x21, 0x44, 0x59, 0x30, 0x32, 0x9D, 0x29, 0xCD, 0x60, 0x5F, 0x48,
    0x56, 0x4A, 0x08, 0x14, 0xD1, 0x03, 0x02, 0x58, 0x45, 0xC4, 0xD1, 0xD0, 0xDF, 0x28, 0x70, 0xE1,
    0x4B, 0x82, 0xD5, 0xCE, 0x23, 0x28, 0x2B, 0xE3, 0x50, 0x24, 0x76, 0x8E, 0xE9, 0x51, 0x2A, 0x7D,
    0x57, 0x70, 0x1C, 0x79, 0x16, 0x07, 0x1E, 0xC8, 0xB6, 0xF5, 0x50, 0x20, 0x3A, 0xE2, 0x81, 0x5A,
    0x8B, 0xD8, 0x47, 0x24, 0xE2, 0x3C, 0xC5, 0x7D, 0x8D, 0x01, 0xF0, 0xA6, 0xB1, 0xE9, 0x05, 0xF1,
    0x56, 0x5A, 0x7E, 0x8C, 0xC4, 0xA4, 0xA9, 0x78, 0x2B, 0xFA, 0xD2, 0x22, 0x91, 0xC8, 0xEC, 0xBC,
    0xB5, 0x11, 0x30, 0x21, 0xDE, 0xDA, 0x91, 0x63, 0x72, 0xD4, 0x5B, 0xED, 0x92, 0xB7, 0x52, 0x34,
    0xDF, 0x88, 0x49, 0x3F, 0x25, 0x43, 0x61, 0x9D, 0x38, 0x48, 0x04, 0x43, 0x4D, 0x48, 0xCA, 0xDE,
    0xDB, 0xDE, 0xBE, 0x42, 0x19, 0x26, 0x00, 0x1C, 0x89, 0x05, 0xC9, 0x7E, 0x6A, 0x48, 0xDF, 0x74,
    0x0D, 0x51, 0x63, 0xA6, 0x0E, 0xED, 0x1A, 0x64, 0xF9, 0x64, 0xC1, 0xF4, 0xBD, 0xED, 0xF7, 0x64,
    0xBF, 0x72, 0x91, 0xE1, 0x63, 0x99, 0xA6, 0x50, 0x14, 0x57, 0x46, 0xA0, 0xC3, 0x4D, 0x01, 0xC0,
    0x97, 0x06, 0xED, 0xC6, 0x29, 0x27, 0x3C, 0x0D, 0x08, 0x1C, 0xC4, 0x86, 0xB8, 0x9E, 0x70, 0x5C,
    0x3F, 0xED, 0x79, 0x8A, 0x38, 0x02, 0xC2, 0xB0, 0x83, 0xB3, 0x1E, 0xF5, 0x0E, 0xEA, 0x5B, 0x25,
    0x15, 0x49, 0x44, 0x3C, 0xAD, 0xED, 0xCC, 0x32, 0x2A, 0x26, 0x40, 0x6D, 0xCA, 0x13, 0x03, 0xBE,
    0x2A, 0xEB, 0xED, 0x09, 0xED, 0xB9, 0x9A, 0xEA, 0x1F, 0x17, 0xFB, 0x1C, 0xA8, 0x30, 0x87, 0x1B,
    0xFD, 0xFE, 0x20, 0xD4, 0xD4, 0x53, 0xE8, 0x09, 0x91, 0xB3, 0xE1, 0x60, 0x88, 0x2F, 0x21, 0x0C,
    0x3C, 0x96, 0x86, 0xE2, 0x72, 0xF9, 0xC5, 0xD1, 0xB8, 0xAE, 0x2A, 0x16, 0x5A, 0x89, 0x72, 0xF1,
    0x5C, 0xA9, 0xD7, 0x9B, 0xC5, 0x2E, 0x97, 0x17, 0x43, 0xD9, 0xC6, 0x44, 0x97, 0xEE, 0x41, 0x8F,
    0x58, 0x0A, 0x62, 0x0B, 0x58, 0x46, 0xFD, 0xCC, 0x24, 0xD3, 0x71, 0x6F, 0xF4, 0x67, 0xD6, 0x81,
    0xA0, 0xE2, 0x59, 0xE3, 0xA6, 0xB1, 0xFB, 0x70, 0x0F, 0x25, 0xD6, 0x24, 0x5D, 0xE9, 0x6C, 0x41,
    0xD5, 0x57, 0xB2, 0xEF, 0x8F, 0x3F, 0x03, 0x05, 0xF7, 0xE6, 0x7C, 0x84, 0x81, 0xD3, 0x62, 0x65,
    0x6B, 0xA5, 0xF8, 0xBE, 0x78, 0x87, 0x75, 0x58, 0x68, 0x14, 0x3A, 0x7C, 0xF3, 0xFB, 0x72, 0xD0,
    0x78, 0x01, 0xDE, 0x1C, 0x4B, 0xFE, 0xD9, 0x8B, 0xF0, 0x3E, 0xA1, 0x82, 0x86, 0xBE, 0x25, 0x29,
    0x65, 0x65, 0x89, 0xE7, 0x07, 0x7B, 0x57, 0x52, 0xB6, 0x7D, 0xCD, 0x8F, 0x93, 0xA5, 0x23, 0xA9,
    0x3C, 0xF2, 0x48, 0x0A, 0xE4, 0xD8, 0x1E, 0xF1, 0xFA, 0x9B, 0xD3, 0xDB, 0x44, 0x31, 0x54, 0x44,
    0x77, 0x9A, 0xE4, 0x7C, 0xFF, 0x0B, 0xF5, 0xDE, 0xB4, 0xCB, 0xAD, 0xC1, 0xEF, 0xE9, 0xF1, 0x3D,
    0xAA, 0xF3, 0xE2, 0xBF, 0x98, 0xE8, 0x28, 0x1C, 0x2A, 0x59, 0xDD, 0x0B, 0xFB, 0x16, 0x1D, 0x10,
    0x56, 0x0B, 0x1A, 0x15, 0xB3, 0x7C, 0xBD, 0xAF, 0xA0, 0x8A, 0x2D, 0xCF, 0x58, 0x61, 0xED, 0x63,
    0x17, 0x2E, 0x00, 0xEE, 0xEE, 0xCD, 0x50, 0x45, 0x61, 0x5C, 0x59, 0x4B, 0xE0, 0xAE, 0x04, 0x84,
    0x14, 0x5A, 0x20, 0x51, 0x2A, 0x59, 0xD9, 0x2C, 0xB0, 0x49, 0xB8, 0x37, 0xBB, 0x77, 0x05, 0x91,
    0x96, 0x24, 0x52, 0xD9, 0x12, 0xC6, 0x21, 0x2A, 0x8E, 0x8E, 0x25, 0xBF, 0xCC, 0x39, 0x3A, 0xE8,
    0x5C, 0xD2, 0x65, 0xF3, 0x48, 0x22, 0x9A, 0x11, 0x17, 0xC5, 0x4F, 0xB0, 0xF7, 0x01, 0xF2, 0x9F,
    0x66, 0xDA, 0x02, 0x81, 0x11, 0x9B, 0x67, 0xA5, 0x78, 0x09, 0xAC, 0x91, 0x45, 0x03, 0x06, 0xD2,
    0x24, 0x04, 0xCD, 0xB7, 0x97, 0x91, 0x49, 0x4A, 0x69, 0x18, 0x22, 0xC8, 0x33, 0x10, 0x81, 0x6D,
    0xCE, 0xF0, 0x5A, 0x32, 0xEE, 0xA3, 0xEA, 0xB4, 0xD7, 0x11, 0x0E, 0x2D, 0xE2, 0x77, 0x6A, 0x10,
    0xAA, 0x98, 0xB4, 0x03, 0x5B, 0x25, 0xC0, 0x46, 0x50, 0x22, 0x65, 0x9A, 0x01, 0xD9, 0x11, 0x4D,
    0x88, 0xB3, 0x96, 0x68, 0x83, 0x48, 0x0A, 0x4D, 0xD1, 0x23, 0xD0, 0xD3, 0x0F, 0x2C, 0x43, 0x38,
    0xD5, 0x66, 0x14, 0x2F, 0x19, 0x45, 0x99, 0xCA, 0x9B, 0x03, 0x68, 0x17, 0x57, 0x07, 0x9F, 0xBA,
    0x38, 0x2E, 0x69, 0x7A, 0x25, 0x83, 0x63, 0x49, 0x95, 0x18, 0x3A, 0x33, 0x65, 0x33, 0xD4, 0x9C,
    0xD0, 0x18, 0xD1, 0x96, 0xA1, 0x6A, 0x24, 0x4A, 0xF2, 0x0C, 0x49, 0x04, 0xBD, 0x1C, 0x15, 0x3D,
    0xE2, 0x04, 0xFD, 0x31, 0xE9, 0xA7, 0xAE, 0xD6, 0x96, 0x20, 0xBD, 0xD4, 0x9C, 0x33, 0xBE, 0x79,
    0x2E, 0xD9, 0x34, 0xCC, 0x63, 0x13, 0x0C, 0x09, 0xDC, 0x0A, 0x8D, 0x84, 0x69, 0xAE, 0xFC, 0x75,
    0x75, 0xB8, 0xBA, 0x24, 0x30, 0xC3, 0x85, 0x51, 0x17, 0x92, 0x25, 0x81, 0x7A, 0xFD, 0xFF, 0x85,
    0xDC, 0x2F, 0xB9, 0x4D, 0x28, 0xF9, 0x43, 0x3E, 0x07, 0x01, 0x85, 0x72, 0xBE, 0xF2, 0x03, 0x96,
    0x1B, 0x9B, 0x82, 0xC0, 0xC0, 0x32, 0x1F, 0x8C, 0x6C, 0xD6, 0x45, 0x7E, 0x9C, 0xC4, 0x6E, 0xB4,
    0x9C, 0x53, 0x38, 0x22, 0x29, 0x8F, 0x30, 0x1C, 0x6D, 0x8A, 0x99, 0x16, 0xC2, 0x52, 0xCA, 0x99,
    0xD1, 0x49, 0x32, 0x2C, 0x09, 0x58, 0x1D, 0xC8, 0x7D, 0xD0, 0x1C, 0xDF, 0x92, 0xE4, 0xE8, 0xB4,
    0x74, 0xD6, 0x12, 0xE5, 0x99, 0xE2, 0x61, 0x0B, 0x5B, 0x78, 0xB4, 0xCC, 0x1E, 0xD1, 0xA6, 0x98,
    0x4A, 0xAD, 0x8A, 0x61, 0xE3, 0xEC, 0xD5, 0x05, 0x08, 0x0C, 0xDC, 0xDE, 0x3D, 0x12, 0xCD, 0x7F,
    0xB0, 0xAE, 0xCD, 0x62, 0xF7, 0x97, 0x80, 0x10, 0x63, 0xDC, 0x02, 0x45, 0x18, 0xDD, 0x7A, 0x36,
    0xAF, 0x80, 0xD4, 0xA0, 0x93, 0x71, 0x45, 0x1F, 0x8F, 0x30, 0xD1, 0x16, 0x98, 0x18, 0xC8, 0x25,
    0x34, 0x69, 0xE5, 0x8D, 0xDA, 0x21, 0x86, 0x97, 0xA1, 0xC9, 0x63, 0xD4, 0x6E, 0x40, 0xF5, 0x6F,
    0x8A, 0x26, 0x9D, 0x68, 0x52, 0xED, 0x6B, 0x12, 0x31, 0x80, 0xA8, 0x4D, 0x6A, 0x12, 0xDE, 0xA0,
    0x26, 0xEB, 0xD4, 0x24, 0xA8, 0x29, 0xF2, 0x3A, 0x35, 0x41, 0x0A, 0x82, 0x26, 0x6B, 0xD4, 0x04,
    0x65, 0x29, 0x9A, 0x63, 0xF0, 0x4B, 0xDE, 0x01, 0x40, 0xEA, 0xF3, 0x98, 0xB1, 0x62, 0xC4, 0xFC,
    0x1C, 0x11, 0x6E, 0x5F, 0x13, 0x40, 0xD3, 0x90, 0x75, 0xDA, 0x7D, 0xE0, 0xF4, 0xEB, 0xD4, 0xE4,
    0x47, 0xAA, 0x7C, 0xEC, 0xD4, 0x98, 0xA0, 0x91, 0x00, 0x48, 0x56, 0xB2, 0x52, 0x2A, 0x1F, 0x7A,
    0x99, 0x09, 0xD5, 0x06, 0x8C, 0x48, 0x82, 0x82, 0xD3, 0xFF, 0xAA, 0x89, 0x15, 0xCA, 0x40, 0xEF,
    0x24, 0xD0, 0xFA, 0x07, 0x43, 0xE9, 0x9B, 0x0D, 0xD0, 0x18, 0xCA, 0xDF, 0xA4, 0x4E, 0xC6, 0xD9,
    0xC8, 0x58, 0xDE, 0xA8, 0x15, 0xCB, 0xD3, 0x68, 0x29, 0x09, 0xDC, 0xE2, 0x2C, 0x4A, 0x44, 0xF3,
    0x43, 0x90, 0xEB, 0x37, 0xCA, 0xD5, 0xF3, 0x52, 0x80, 0x47, 0x9F, 0xF5, 0x3C, 0xE9, 0xE9, 0xFF,
    0xF7, 0x72, 0x6D, 0xAA, 0x0F, 0xDD, 0x16, 0x22, 0x26, 0xC2, 0xBE, 0x7A, 0xED, 0xB8, 0x0D, 0xF4,
    0xBF, 0xB0, 0x97, 0x2B, 0xF9, 0xD7, 0xF7, 0x11, 0xB9, 0x24, 0x02, 0xA9, 0xAB, 0x57, 0x0E, 0x05,
    0x27, 0x76, 0xE6, 0x6F, 0x48, 0xB2, 0x1F, 0x19, 0x3E, 0x50, 0xE4, 0xE8, 0x06, 0x95, 0x42, 0xC4,
    0xB3, 0x73, 0xDE, 0x19, 0x34, 0x84, 0xED, 0x3C, 0x86, 0x47, 0x21, 0x3F, 0x67, 0x52, 0xA7, 0xD7,
    0xE6, 0xBC, 0x66, 0xD0, 0x94, 0x4A, 0xCE, 0xEA, 0x51, 0x25, 0x70, 0x7F, 0x77, 0x07, 0x45, 0xC0,
    0xFE, 0xF9, 0xC2, 0x72, 0x65, 0xF0, 0xD5, 0xC6, 0xAF, 0x1C, 0x4C, 0x4A, 0xC3, 0xF6, 0xFB, 0xAC,
    0x75, 0x46, 0x22, 0x13, 0x14, 0x9A, 0x2B, 0x23, 0x46, 0x24, 0x88, 0x7F, 0xC1, 0xA3, 0xD6, 0x45,
    0x12, 0xC6, 0x94, 0x18, 0x0D, 0xFA, 0xF3, 0xBD, 0xED, 0xB2, 0xE5, 0x28, 0xC0, 0x90, 0x2D, 0xFD,
    0x8C, 0xD3, 0x4E, 0x60, 0x0C, 0x54, 0x73, 0x2A, 0x46, 0xC1, 0x81, 0x7D, 0x19, 0x37, 0xD0, 0xA1,
    0x44, 0x89, 0x1A, 0xB0, 0x3A, 0xCC, 0x31, 0x4E, 0xD7, 0x00, 0x04, 0x3D, 0x8A, 0xEE, 0x81, 0xA7,
    0xB3, 0x28, 0x66, 0x57, 0x79, 0xDA, 0xE9, 0x59, 0x74, 0x05, 0xBD, 0x71, 0xDC, 0x84, 0xB5, 0x5E,
    0x7C, 0x61, 0x8B, 0x74, 0x61, 0xCC, 0x29, 0x5B, 0x1B, 0xCF, 0x76, 0x00, 0xC6, 0x77, 0x9D, 0xDD,
    0xCD, 0x52, 0xF9, 0x1A, 0x36, 0x47, 0xB2, 0xC0, 0x63, 0xB9, 0xB0, 0xD2, 0x63, 0xD9, 0xC6, 0x55,
    0xD8, 0xC5, 0x2E, 0x3B, 0x3B, 0xC8, 0xEB, 0x5D, 0x64, 0xAC, 0x30, 0x91, 0xFD, 0xA7, 0x49, 0xEF,
    0x2A, 0x82, 0x1B, 0xC6, 0x7A, 0xBC, 0x7D, 0x03, 0xE0, 0x6F, 0xF2, 0xBF, 0x97, 0x26, 0xB6, 0xC3,
    0xAE, 0x6F, 0xB7, 0x2E, 0xBB, 0x74, 0xB9, 0x54, 0x87, 0x3C, 0x8B, 0x4F, 0x1D, 0x1C, 0xE1, 0x33,
    0x13, 0x3E, 0xDA, 0xFE, 0x69, 0x07, 0x49, 0x68, 0x07, 0xCB, 0xBA, 0x73, 0x88, 0xCF, 0x9E, 0x25,
    0x9F, 0x4D, 0xDF, 0xD6, 0x67, 0x59, 0xC9, 0xAB, 0xB4, 0x97, 0x63, 0x84, 0xB0, 0x8D, 0xEB, 0xAF,
    0xAF, 0xCB, 0xCC, 0x78, 0x8E, 0x87, 0x01, 0x0F, 0x33, 0x77, 0x66, 0x03, 0x8F, 0x00, 0x3C, 0xF4,
    0x82, 0x87, 0xE8, 0xE2, 0xD9, 0xFB, 0x0D, 0x4A, 0xE7, 0x46, 0xDF, 0xB7, 0xD9, 0x77, 0x41, 0xFF,
    0x59, 0x75, 0x0B, 0x79, 0x04, 0x13, 0x8F, 0x04, 0x3C, 0x92, 0x17, 0xE6, 0x61, 0x06, 0xF0, 0x98,
    0xAB, 0x95, 0x2D, 0x39, 0xF6, 0x94, 0x1D, 0xDA, 0x63, 0x5D, 0x5A, 0x84, 0x78, 0x48, 0xAC, 0xE6,
    0x73, 0xB7, 0x91, 0xA3, 0xE6, 0x5B, 0xD7, 0x8B, 0x74, 0x56, 0x47, 0xA6, 0xE6, 0x36, 0x67, 0x32,
    0xBB, 0x3F, 0x96, 0xF7, 0x6C, 0x51, 0x32, 0x52, 0x84, 0xDD, 0x2A, 0xDC, 0xD7, 0xED, 0x03, 0xEC,
    0x55, 0x16, 0x8D, 0x44, 0xB2, 0xBD, 0xBA, 0x28, 0xD5, 0x8A, 0xEF, 0x8A, 0xAA, 0x9B, 0x76, 0xAF,
    0x44, 0x8D, 0xF5, 0xE7, 0x41, 0x3A, 0xB1, 0xEB, 0x65, 0x0B, 0x1B, 0x77, 0x42, 0x80, 0xC8, 0x50,
    0xF2, 0xFC, 0xAC, 0x65, 0xA9, 0x19, 0xD7, 0xA0, 0x1E, 0x53, 0x5E, 0x3B, 0xCA, 0x7D, 0x1B, 0x30,
    0xC1, 0x0A, 0x6F, 0x5C, 0x56, 0x07, 0xC5, 0x9B, 0xB5, 0x68, 0x2C, 0xBB, 0x18, 0xA1, 0x02, 0xBC,
    0xAE, 0xE6, 0xD3, 0xF9, 0xC0, 0xB0, 0x54, 0xCA, 0x0D, 0x53, 0x5B, 0xEE, 0xE4, 0x79, 0x3B, 0x6E,
    0xBC, 0x21, 0xB2, 0xB3, 0xDE, 0xE7, 0xAD, 0x5C, 0x32, 0x4E, 0xC7, 0xF0, 0x8B, 0x7B, 0x52, 0x98,
    0xEE, 0x95, 0x35, 0x67, 0x4E, 0xBE, 0x5E, 0x99, 0xD0, 0xAB, 0x1C, 0xB6, 0xF2, 0xD0, 0xDD, 0xEF,
    0x8E, 0x44, 0x58, 0x5A, 0x81, 0x26, 0xA0, 0xFE, 0x39, 0x94, 0x4F, 0xDD, 0xE1, 0x6A, 0xF4, 0x29,
    0x14, 0x78, 0xB2, 0x28, 0x21, 0x2D, 0x54, 0x9D, 0xD5, 0xD3, 0xEC, 0x7C, 0xC2, 0xF6, 0xDE, 0x88,
    0x3F, 0x09, 0x14, 0xF3, 0x5C, 0xEC, 0x64, 0xD1, 0xE1, 0x4D, 0x21, 0x8A, 0xFC, 0x98, 0x64, 0x5E,
    0x88, 0xDD, 0x3E, 0x37, 0xFB, 0xD6, 0x5B, 0x6F, 0x5D, 0xA8, 0xA7, 0x63, 0x90, 0xE9, 0x0C, 0xEE,
    0x84, 0x47, 0x53, 0x1E, 0x66, 0x47, 0xEA, 0x01, 0x4C, 0x19, 0x3E, 0x64, 0xD4, 0x75, 0x35, 0xC6,
    0x92, 0xAB, 0xF4, 0x62, 0x5F, 0xDF, 0x7E, 0x30, 0xF2, 0xA6, 0xAF, 0x36, 0xEE, 0x08, 0x2E, 0xB9,
    0x04, 0x8C, 0xF1, 0x60, 0xB9, 0xE8, 0xE6, 0xE9, 0x1C, 0x97, 0x59, 0xF2, 0x36, 0xA3, 0x7A, 0xD8,
    0xE3, 0x4F, 0xB9, 0x67, 0xAB, 0x90, 0x90, 0x73, 0x15, 0x21, 0x50, 0x0E, 0xFC, 0x88, 0xFA, 0x78,
    0x08, 0xE8, 0x8E, 0x03, 0xBF, 0x7D, 0x56, 0x95, 0xB0, 0xFA, 0x30, 0xE8, 0x78, 0x7D, 0x21, 0x35,
    0x5C, 0x6C, 0xF2, 0x76, 0x06, 0x8E, 0x48, 0x93, 0xFA, 0xB8, 0x3F, 0xEA, 0x55, 0xA0, 0xBF, 0x21,
    0x68, 0x5D, 0x62, 0x2A, 0xDB, 0xB2, 0xBD, 0x88, 0xA9, 0xCF, 0xFA, 0xA1, 0x13, 0xA4, 0xA8, 0xF5,
    0xF2, 0x2C, 0x3D, 0xDF, 0x9F, 0xCA, 0x4E, 0xA9, 0xC5, 0x29, 0x1B, 0xB6, 0x55, 0xA5, 0x2E, 0xB6,
    0x8B, 0xDB, 0x0C, 0x5D, 0xB9, 0xFB, 0xE8, 0xE7, 0x3F, 0x1C, 0x53, 0x61, 0x7B, 0x54, 0x47, 0x9D,
    0x7C, 0x81, 0xCA, 0xDA, 0x01, 0xD4, 0xBB, 0x3F, 0xC6, 0x72, 0x3E, 0x28, 0xD4, 0x8C, 0xE9, 0x91,
    0x27, 0x35, 0xCC, 0xE5, 0xFA, 0x0D, 0x64, 0x6A, 0x39, 0xF0, 0x48, 0xB2, 0xD5, 0x31, 0xAC, 0x53,
    0xDB, 0xF1, 0x4E, 0x21, 0x4F, 0x6B, 0xCF, 0xDE, 0xA9, 0x55, 0xFC, 0x04, 0xDD, 0x44, 0xE9, 0xB9,
    0x71, 0xE3, 0x83, 0x07, 0xB5, 0xF2, 0xFE, 0x0D, 0xCF, 0xD9, 0x81, 0x7D, 0xF3, 0xA8, 0x63, 0x05,
    0x0B, 0x67, 0x8B, 0x2C, 0x22, 0x64, 0x22, 0x18, 0x20, 0xE0, 0xC1, 0xBF, 0x9A, 0xDB, 0xCE, 0xDF,
    0x3A, 0xB5, 0x7F, 0x28, 0x70, 0xAE, 0xDC, 0x4A, 0x13, 0xDB, 0x0C, 0xA3, 0xBD, 0x8D, 0xCA, 0xF7,
    0x77, 0xAD, 0x24, 0x6A, 0xC6, 0x8E, 0x47, 0xAD, 0xA4, 0x2E, 0x66, 0x4E, 0x84, 0x93, 0x67, 0x3D,
    0xCA, 0x6E, 0x8B, 0x8B, 0x29, 0x9D, 0x53, 0x29, 0xBF, 0x3D, 0xE2, 0xFE, 0xF1, 0xC2, 0xFD, 0x9F,
    0xC0, 0xFD, 0x8B, 0xA8, 0xE3, 0xCD, 0x32, 0xFC, 0x56, 0x7F, 0x0A, 0x25, 0x9E, 0x2C, 0x2B, 0x81,
    0xBD, 0x2D, 0x60, 0x65, 0x9E, 0x3B, 0xAC, 0x92, 0x5C, 0x1B, 0x05, 0xAA, 0xD8, 0x66, 0xBA, 0x8D,
    0x2F, 0xA6, 0xDD, 0xC6, 0xE4, 0x25, 0x57, 0xE7, 0xDD, 0xA1, 0x8B, 0xD6, 0xEF, 0x80, 0x9D, 0x54,
    0x3B, 0x30, 0x62, 0x04, 0x64, 0x1F, 0x35, 0xC9, 0x91, 0xAA, 0x27, 0x5F, 0x6C, 0x81, 0x07, 0xA3,
    0xC7, 0xB9, 0xA3, 0x3B, 0xEB, 0x4D, 0x2F, 0x61, 0x73, 0x73, 0x45, 0x08, 0xC6, 0x52, 0xE3, 0xB0,
    0x58, 0xC8, 0x35, 0x7B, 0x4C, 0x70, 0x44, 0x81, 0xB0, 0x05, 0xCA, 0x8C, 0x12, 0x86, 0xB2, 0x44,
    0x44, 0xF5, 0xE5, 0xBD, 0x56, 0xAE, 0xA9, 0xCE, 0xCE, 0x8E, 0x00, 0x55, 0x4F, 0xFE, 0x5F, 0xC1,
    0x66, 0x91, 0x2D, 0x7B, 0xCE, 0x3B, 0x8F, 0x8D, 0xFF, 0x05, 0x09, 0xCD, 0xDD, 0x29, 0xBB, 0x9C,
    0xB7, 0x0B, 0x2B, 0xDE, 0x85, 0xC0, 0x95, 0x08, 0xF6, 0x82, 0x6E, 0x14, 0xAC, 0xE7, 0x0F, 0x94,
    0x0E, 0x50, 0x6F, 0x10, 0x2C, 0xFC, 0x9C, 0x3D, 0xFD, 0xAD, 0x2A, 0x24, 0x8E, 0x50, 0x16, 0xAE,
    0xCE, 0xE2, 0x11, 0xC9, 0xA1, 0xB5, 0x3A, 0xB9, 0x7C, 0x2B, 0x6E, 0x0F, 0xDA, 0xDD, 0xAC, 0x6A,
    0x9A, 0xC5, 0xE9, 0xFB, 0x0E, 0x15, 0xD9, 0xD7, 0x0B, 0x24, 0x94, 0x96, 0x01, 0x91, 0x9A, 0x21,
    0x42, 0xDA, 0x9B, 0xAD, 0x7A, 0x02, 0xC7, 0xFF, 0x68, 0x3E, 0xA8, 0x8F, 0x62, 0xAB, 0x76, 0x80,
    0x7D, 0x37, 0x94, 0xED, 0x36, 0x54, 0x3E, 0x5F, 0x57, 0xC9, 0x1F, 0x90, 0xAA, 0x6E, 0xF3, 0xC2,
    0x9B, 0x8E, 0x90, 0x20, 0x81, 0xC4, 0xF0, 0x0C, 0x9F, 0x06, 0xE5, 0xA5, 0x5C, 0x54, 0xB9, 0x43,
    0x1A, 0xB9, 0x92, 0x2D, 0x0E, 0x43, 0xF0, 0x17, 0xD8, 0x02, 0x03, 0x2A, 0x58, 0x44, 0xB4, 0x5B,
    0x9D, 0x6F, 0xF5, 0x38, 0x47, 0xBA, 0xFD, 0xAC, 0x8D, 0x1E, 0xF3, 0x9C, 0xF9, 0x15, 0x5E, 0x9A,
    0x38, 0x16, 0xC3, 0x04, 0x65, 0x97, 0x38, 0x78, 0xA0, 0x11, 0x82, 0x46, 0x0C, 0x1A, 0x1B, 0x4F,
    0x7D, 0x4C, 0x52, 0x41, 0x5B, 0x01, 0x38, 0xC4, 0xB7, 0x3A, 0x40, 0xCC, 0xB1, 0xDC, 0x89, 0x6D,
    0xD7, 0x46, 0xD8, 0xD1, 0x14, 0x9C, 0x11, 0x2C, 0xBD, 0x50, 0x01, 0xB1, 0x2D, 0x93, 0x7F, 0xBE,
    0xD0, 0xCB, 0x8F, 0x99, 0x67, 0x90, 0xD6, 0x1E, 0x0E, 0xAA, 0xBC, 0x61, 0x67, 0x65, 0x68, 0xFB,
    0x1D, 0x7F, 0x3C, 0xD7, 0xB2, 0xEA, 0x87, 0xA7, 0xB0, 0x5C, 0x39, 0x82, 0x82, 0xBE, 0x39, 0xF5,
    0xD7, 0x79, 0x09, 0x34, 0x65, 0xE7, 0xDC, 0xE5, 0xFC, 0x25, 0xDF, 0x00, 0x85, 0x39, 0x6F, 0xE3,
    0xA1, 0x9E, 0xD1, 0x95, 0xDF, 0x6B, 0x00, 0xD2, 0xB0, 0x61, 0x24, 0x0F, 0x1B, 0xBF, 0x8B, 0x6A,
    0x8F, 0xF7, 0xD3, 0xBC, 0x63, 0xDE, 0xC1, 0xFC, 0x4D, 0x66, 0x53, 0xE6, 0x9D, 0xDD, 0xA9, 0xA8,
    0x67, 0xB5, 0xD3, 0x2D, 0xDD, 0xDC, 0xCA, 0x4D, 0xA9, 0x3A, 0x59, 0x16, 0x2E, 0xB2, 0xF6, 0x4F,
    0x2B, 0x23, 0xA4, 0xA1, 0xAC, 0x83, 0x2F, 0xE0, 0x8D, 0x23, 0x3C, 0x8C, 0xFF, 0x05, 0xA2, 0x51,
    0xD1, 0xDC, 0xE6, 0x35, 0x1F, 0x81, 0x3F, 0xFF, 0x9F, 0x6A, 0xBF, 0xAE, 0x18, 0x58, 0x57, 0x64,
    0xC0, 0xF5, 0xAD, 0x8A, 0x3E, 0xE7, 0xFF, 0xB1, 0xD8, 0x3A, 0x34, 0x69, 0x39, 0x33, 0xFA, 0xA6,
    0x85, 0xC5, 0x10, 0xC8, 0x9F, 0xCA, 0x45, 0x36, 0x21, 0xCD, 0xCA, 0xF7, 0xD1, 0x5B, 0x35, 0xD0,
    0xBC, 0x8C, 0xFD, 0xB4, 0x8B, 0xE5, 0x34, 0x1A, 0x9A, 0x46, 0xD0, 0x98, 0xA9, 0x31, 0xE8, 0x82,
    0xC6, 0xEF, 0xA1, 0x8C, 0x81, 0xD7, 0x0E, 0xF0, 0xD6, 0xCB, 0x31, 0x92, 0x1A, 0xD0, 0x4F, 0x72,
    0x16, 0x7A, 0xEF, 0x1E, 0xDC, 0x60, 0x2F, 0x62, 0xA2, 0x2F, 0xFF, 0x1E, 0x21, 0x4E, 0xBE, 0xAC,
    0xFB, 0x7F, 0x00, 0xCD, 0x5B, 0xBF, 0x8F, 0xDD, 0x56, 0x76, 0xBE, 0x24, 0xA3, 0x21, 0x30, 0x04,
    0x96, 0x5B, 0x6C, 0x80, 0x58, 0x02, 0xC2, 0x66, 0x8B, 0xB5, 0x91, 0x35, 0x9B, 0x2D, 0x25, 0x5D,
    0x6E, 0x54, 0xA4, 0xD8, 0xC2, 0x2E, 0xE2, 0x7A, 0x53, 0x6C, 0xB1, 0x8B, 0x14, 0x6A, 0x52, 0x24,
    0x80, 0x24, 0xD2, 0xDE, 0x22, 0x45, 0x0A, 0x0F, 0xF2, 0x0F, 0x64, 0x8A, 0x0D, 0x60, 0xBC, 0x29,
    0x5E, 0x0A, 0x03, 0x51, 0x21, 0x0D, 0xE9, 0x35, 0x10, 0x03, 0x71, 0x21, 0x3A, 0x2A, 0x5D, 0x98,
    0x6B, 0x6B, 0x91, 0xAC, 0x14, 0x64, 0x28, 0x89, 0x80, 0x38, 0x6F, 0x48, 0xDE, 0x7C, 0xDF, 0xB9,
    0x7C, 0xBF, 0xE6, 0x97, 0x67, 0xE4, 0xD1, 0xDA, 0x6F, 0x1E, 0x39, 0xEF, 0x5D, 0x92, 0xF7, 0x9E,
    0x73, 0xEE, 0xB9, 0xE7, 0x7C, 0xE7, 0xDC, 0xF3, 0x54, 0x68, 0x8C, 0x52, 0xCA, 0x98, 0x5A, 0xA9,
    0xCD, 0xC9, 0x44, 0x1D, 0xF3, 0xD2, 0x05, 0x4E, 0x7E, 0xCF, 0x8F, 0xBC, 0x4B, 0x85, 0x7C, 0xC0,
    0x9D, 0xB5, 0xBC, 0xF4, 0x73, 0x5C, 0xF3, 0x6B, 0x5E, 0xDB, 0x0D, 0x2A, 0x5C, 0x2A, 0xB4, 0x52,
    0x4E, 0xE7, 0x35, 0xB8, 0x94, 0x44, 0x85, 0xF2, 0x6A, 0xD5, 0x29, 0x95, 0xAB, 0xB0, 0x52, 0x61,
    0xA9, 0x52, 0x5C, 0x52, 0xB8, 0x16, 0x67, 0x78, 0x7B, 0xC6, 0x98, 0x4E, 0xA5, 0x38, 0x97, 0x20,
    0x01, 0x44, 0xF4, 0xEC, 0x29, 0x46, 0x7F, 0xFA, 0xD7, 0xE8, 0xDA, 0xED, 0x52, 0x0E, 0xF5, 0x39,
    0x07, 0x1C, 0x70, 0x6F, 0xC1, 0xC3, 0x9D, 0x4C, 0xB2, 0x35, 0xD2, 0x6E, 0xEE, 0x2B, 0x17, 0xED,
    0xE1, 0x90, 0xD7, 0x51, 0xE1, 0x37, 0x91, 0x72, 0x48, 0x55, 0x27, 0x87, 0x33, 0xED, 0x9C, 0xDC,
    0x74, 0xA1, 0xF9, 0xD7, 0x4E, 0x97, 0xAA, 0xDB, 0x45, 0x1B, 0x2E, 0x74, 0xBD, 0xF2, 0x3A, 0xA3,
    0xC2, 0x2E, 0x9D, 0x99, 0x2E, 0x32, 0xFD, 0x7D, 0xD7, 0x6C, 0xDD, 0x51, 0x1B, 0xC9, 0x26, 0x9E,
    0xE9, 0x7D, 0x8C, 0xE6, 0x19, 0x72, 0x13, 0x99, 0x04, 0xE7, 0xCB, 0xC9, 0xBA, 0x24, 0x3C, 0xF6,
    0xAC, 0x52, 0x30, 0xAA, 0x02, 0x23, 0xF2, 0x68, 0x78, 0xEF, 0x14, 0x44, 0x79, 0x0D, 0xAF, 0x69,
    0x70, 0xA9, 0x82, 0x6A, 0x97, 0x9D, 0x81, 0x77, 0x15, 0x15, 0x3A, 0x51, 0x6E, 0x0B, 0xB6, 0x21,
    0x8F, 0xB0, 0x00, 0x83, 0x6A, 0x00, 0x3F, 0xFC, 0x8F, 0x3B, 0x75, 0x82, 0x0B, 0x6E, 0xAB, 0xB4,
    0xB1, 0xFC, 0x61, 0xE4, 0x1C, 0xE7, 0x9A, 0x9D, 0xA4, 0x7C, 0xC6, 0x6B, 0x29, 0x8F, 0xF8, 0x63,
    0x8C, 0xE2, 0xF4, 0x22, 0x8F, 0xCA, 0x2B, 0xFD, 0xC2, 0x6B, 0x20, 0x5A, 0x4E, 0x5B, 0x0A, 0x52,
    0x37, 0xB6, 0x4E, 0x16, 0x47, 0xB2, 0x2A, 0x8E, 0xBF, 0xED, 0xD0, 0x7B, 0x17, 0x98, 0x3F, 0x74,
    0xFA, 0x91, 0xEA, 0x72, 0x11, 0x05, 0x0F, 0x17, 0xE2, 0x08, 0xBA, 0xF4, 0xF7, 0xF9, 0x52, 0x1C,
    0x76, 0xCA, 0x03, 0x3B, 0xE5, 0x95, 0x88, 0x83, 0x53, 0x7E, 0x40, 0x6E, 0x75, 0x24, 0x53, 0xCE,
    0x4E, 0xEF, 0x07, 0x25, 0xA7, 0x3C, 0x95, 0x29, 0xAF, 0xC9, 0x22, 0x66, 0xD6, 0xAB, 0x49, 0xF9,
    0x2E, 0xF9, 0xC3, 0x7B, 0x97, 0x53, 0x0E, 0x6E, 0x71, 0x41, 0x27, 0xCB, 0x29, 0x2F, 0x38, 0xE5,
    0x03, 0xA7, 0x3C, 0x90, 0x29, 0x4F, 0xBD, 0x96, 0xDC, 0x92, 0xC5, 0xF8, 0xD3, 0x9A, 0xDC, 0x72,
    0xE8, 0x88, 0xE2, 0xF7, 0x65, 0xC6, 0x39, 0xB2, 0x0A, 0xFF, 0xC0, 0x73, 0x4E, 0x82, 0xDC, 0xFE,
    0x9B, 0xCD, 0xFD, 0x00, 0x66, 0x5B, 0x32, 0x7B, 0x1F, 0xE3, 0x72, 0xCE, 0x30, 0x54, 0x98, 0xD8,
    0x21, 0x82, 0x61, 0x24, 0xE0, 0xEF, 0x65, 0xB6, 0x65, 0x09, 0x24, 0xF3, 0x53, 0x9C, 0x1C, 0x5D,
    0x20, 0x4E, 0xFE, 0x88, 0x0A, 0x01, 0x49, 0x85, 0x66, 0x8A, 0xFE, 0xA1, 0xE1, 0x75, 0x08, 0x2E,
    0x4C, 0x40, 0x15, 0xB8, 0x41, 0xDA, 0x1D, 0xD1, 0x9C, 0xDD, 0x45, 0x5F, 0x9C, 0x62, 0xAE, 0x8E,
    0x91, 0xE2, 0x95, 0x46, 0xB7, 0x5D, 0x8C, 0x6A, 0xBF, 0x53, 0x0F, 0x4A, 0x4C, 0x88, 0xD7, 0x79,
    0xBD, 0xF2, 0x21, 0xBF, 0x21, 0xEF, 0xC9, 0x79, 0xCB, 0x31, 0x39, 0xF9, 0x97, 0x46, 0x51, 0xA5,
    0xB6, 0x33, 0xDB, 0xEB, 0xF2, 0x15, 0xED, 0x2B, 0x07, 0x72, 0x0A, 0x28, 0xA7, 0xCA, 0xEB, 0x74,
    0xA6, 0xB6, 0xD3, 0x91, 0x96, 0x7E, 0x21, 0x30, 0xFB, 0x79, 0x77, 0x1C, 0x99, 0xF7, 0xC4, 0x95,
    0xDB, 0xF1, 0x19, 0xCA, 0x58, 0xC5, 0xFB, 0x68, 0xFD, 0x53, 0x91, 0x3E, 0xA6, 0xC3, 0xA5, 0x4E,
    0x04, 0x5F, 0x82, 0x80, 0x38, 0xDB, 0x3D, 0x2A, 0x0D, 0x03, 0x69, 0xC4, 0x06, 0x0B, 0xC8, 0xCC,
    0x4C, 0x05, 0x9A, 0x83, 0x16, 0xC2, 0x70, 0x7A, 0xCE, 0xF3, 0x5D, 0xE1, 0x33, 0x5D, 0xC8, 0xA2,
    0x5F, 0x9C, 0xBA, 0xC5, 0x69, 0xD9, 0xB6, 0xBB, 0x2E, 0x7F, 0x76, 0xF0, 0x0F, 0xD2, 0x15, 0x8C,
    0x51, 0xD0, 0x39, 0xE8, 0xBE, 0xE6, 0xDA, 0x49, 0xD4, 0x06, 0x87, 0xF4, 0x41, 0x54, 0x44, 0xD5,
    0xD3, 0x89, 0xDB, 0x8A, 0xE8, 0x96, 0xAF, 0xF8, 0x90, 0x0C, 0x12, 0x55, 0xBD, 0x9C, 0x0C, 0x44,
    0x25, 0x39, 0xB7, 0xA3, 0x2D, 0xB8, 0xAD, 0x4E, 0x78, 0x39, 0x79, 0xBB, 0xA2, 0x13, 0x09, 0x74,
    0x22, 0xB2, 0x3A, 0x41, 0x1B, 0x13, 0x5E, 0x84, 0x4E, 0x54, 0xD0, 0x09, 0x57, 0x74, 0xA2, 0x57,
    0x7A, 0xD4, 0x09, 0xB4, 0xFB, 0x9C, 0x1C, 0xBF, 0xB4, 0x6B, 0x18, 0xCB, 0xD6, 0x69, 0xD6, 0xE8,
    0x0A, 0x86, 0x04, 0xF7, 0x65, 0xF1, 0xCC, 0x7C, 0xD4, 0xAB, 0xF4, 0xAD, 0x52, 0xFD, 0x24, 0xB5,
    0xFD, 0xB3, 0x63, 0x3D, 0x6A, 0x50, 0x43, 0x23, 0x46, 0xEB, 0x25, 0x62, 0xD8, 0xCA, 0xB3, 0xB0,
    0x32, 0x4F, 0x0C, 0xCC, 0x47, 0xA5, 0xE2, 0xF9, 0xAC, 0xFB, 0xCF, 0x69, 0x95, 0x0C, 0xC9, 0xD1,
    0xEA, 0xBB, 0xA2, 0x04, 0x5E, 0x03, 0xBA, 0x07, 0xD0, 0x1C, 0xD3, 0xB4, 0x90, 0xC0, 0xE4, 0xC2,
    0x95, 0xC0, 0xF9, 0x8D, 0xB3, 0x8D, 0x3B, 0x28, 0xAF, 0x38, 0x47, 0xF7, 0xBE, 0x10, 0xFC, 0xF6,
    0x2A, 0xF7, 0xC6, 0xEC, 0xF3, 0x04, 0x71, 0x0D, 0x13, 0x18, 0x75, 0xD8, 0x23, 0x93, 0xE0, 0xAE,
    0xB8, 0xEC, 0x68, 0xF0, 0xBA, 0xD1, 0x5B, 0xB8, 0x6D, 0x47, 0x25, 0x90, 0x71, 0x4F, 0x3B, 0xC9,
    0x2D, 0x72, 0xB3, 0x3C, 0x26, 0x1D, 0xB0, 0x2B, 0x74, 0x2A, 0xDD, 0xCB, 0x40, 0x32, 0x24, 0x29,
    0xF6, 0x0A, 0x2A, 0xD1, 0x2D, 0x7E, 0x0C, 0xE4, 0xE3, 0x5D, 0xF1, 0x4B, 0x09, 0x3F, 0xD6, 0xEA,
    0xE6, 0x23, 0xFD, 0x3D, 0x88, 0xEB, 0x2B, 0xF8, 0x9F, 0x21, 0xCF, 0x69, 0x46, 0xD3, 0x9A, 0x82,
    0x35, 0x34, 0xD2, 0x30, 0x57, 0xF7, 0xC9, 0x37, 0x58, 0xB3, 0x8E, 0x5B, 0xC3, 0xBA, 0xF3, 0x63,
    0xCF, 0x8F, 0x30, 0xF6, 0xB8, 0x27, 0xA5, 0x3B, 0x87, 0x82, 0xD0, 0xC8, 0x95, 0x3E, 0xE7, 0xF7,
    0x09, 0x9C, 0x20, 0x2C, 0x3B, 0x2C, 0xFC, 0xC6, 0xF0, 0xD3, 0x76, 0x64, 0x9E, 0xA6, 0x3E, 0x53,
    0xE1, 0xE3, 0x29, 0x14, 0x04, 0xEA, 0x91, 0x97, 0xD2, 0x5D, 0x21, 0x5E, 0x22, 0x0B, 0x69, 0xF1,
    0x45, 0x6B, 0x28, 0x1B, 0xB0, 0xC6, 0x66, 0x7F, 0x36, 0x7D, 0xBC, 0x0D, 0x47, 0x43, 0x29, 0xD3,
    0x21, 0x82, 0x77, 0x69, 0xAE, 0x79, 0x77, 0x44, 0x5C, 0x81, 0x59, 0x11, 0x19, 0x58, 0xC7, 0xCA,
    0xE6, 0x81, 0x9D, 0x84, 0x24, 0xD5, 0x35, 0x89, 0x37, 0xDB, 0x01, 0x25, 0x21, 0xFD, 0x0A, 0x3A,
    0x18, 0x64, 0xE2, 0x71, 0xF9, 0xD2, 0x3B, 0xC3, 0xDB, 0xEC, 0x90, 0x1E, 0xD3, 0xCC, 0x95, 0xB5,
    0x03, 0xAD, 0x37, 0x6A, 0xB4, 0xBC, 0x5F, 0x88, 0x1C, 0xF2, 0x24, 0x22, 0x68, 0x09, 0xE1, 0x49,
    0xA0, 0x61, 0x14, 0x02, 0xD7, 0x40, 0x27, 0xDC, 0x73, 0x88, 0x82, 0x12, 0x70, 0x1B, 0x4C, 0x85,
    0x88, 0x89, 0xBE, 0xBB, 0x14, 0xF6, 0xF5, 0x0C, 0x13, 0xA0, 0xCD, 0xB3, 0x56, 0x5D, 0xD9, 0xF7,
    0xAB, 0x93, 0x70, 0x8A, 0x19, 0x5F, 0xC3, 0x64, 0x32, 0xE9, 0x56, 0x54, 0xED, 0xF0, 0x81, 0xEB,
    0x09, 0x05, 0xC0, 0xE3, 0xB4, 0xFB, 0xC6, 0x7B, 0x27, 0xF3, 0x7E, 0x05, 0xBE, 0x69, 0xAC, 0xFE,
    0x23, 0x08, 0xCE, 0x81, 0xB7, 0xF4, 0xB1, 0x3A, 0x82, 0x61, 0xDA, 0xFA, 0x8D, 0x4A, 0xC1, 0xB4,
    0xF7, 0x14, 0x93, 0x74, 0x1B, 0x3C, 0x86, 0xF9, 0xFC, 0xF9, 0x19, 0xFA, 0xEA, 0x47, 0xE7, 0xE6,
    0x0B, 0xE2, 0xA2, 0xA9, 0xAB, 0xD4, 0xAE, 0x8B, 0xD9, 0x4D, 0x22, 0xCA, 0x8D, 0xDE, 0x36, 0xDB,
    0x48, 0x08, 0x3D, 0x9C, 0x63, 0xA0, 0xC7, 0x39, 0x39, 0xCC, 0x78, 0x9C, 0x87, 0x43, 0xA7, 0x76,
    0xC1, 0xE1, 0x5F, 0xB6, 0x60, 0x86, 0x80, 0x92, 0xAB, 0xE2, 0x37, 0xAB, 0x38, 0xB0, 0xE5, 0xD2,
    0x2E, 0x5D, 0xB3, 0x33, 0xC0, 0x73, 0x47, 0x5C, 0x67, 0x1D, 0x60, 0x4C, 0x7C, 0x33, 0x11, 0x4D,
    0xB4, 0xAF, 0xFE, 0x9D, 0x77, 0xDE, 0x49, 0x13, 0x6B, 0xDA, 0xC4, 0xF6, 0x62, 0x75, 0x7F, 0xDF,
    0x6F, 0x55, 0x9A, 0xE4, 0x33, 0x53, 0xF8, 0x54, 0xD8, 0x2B, 0x54, 0x1B, 0x1A, 0x4F, 0x9A, 0x6A,
    0x1E, 0xFE, 0xBA, 0x1F, 0x79, 0xD5, 0x6C, 0x5A, 0x6B, 0x6D, 0x46, 0xD0, 0x7D, 0x68, 0xF0, 0xD3,
    0xD9, 0xDC, 0x5B, 0xA5, 0x8D, 0x76, 0x89, 0xE0, 0x6C, 0xCE, 0xA6, 0x02, 0x9B, 0x7A, 0xCE, 0x66,
    0x21, 0x6C, 0xBE, 0x72, 0x56, 0x94, 0x5B, 0x8D, 0xB8, 0x8A, 0x6E, 0xEB, 0x7F, 0x71, 0xC8, 0x5A,
    0x57, 0x57, 0xA0, 0x39, 0x29, 0x56, 0x6A, 0xFA, 0xD8, 0x24, 0x69, 0xE2, 0x37, 0xB0, 0x3E, 0x69,
    0x94, 0xA9, 0xE0, 0xF3, 0x52, 0x39, 0x07, 0xD0, 0xC4, 0x85, 0x56, 0x9A, 0xC2, 0xBA, 0x22, 0xB1,
    0xC6, 0x5C, 0xEE, 0x70, 0x7B, 0x41, 0xA2, 0x7F, 0xFF, 0xF3, 0x06, 0x73, 0x0A, 0x7F, 0x4A, 0x47,
    0x47, 0x9F, 0xF0, 0xA6, 0xB2, 0x63, 0x78, 0xD5, 0x88, 0x0E, 0x61, 0xF8, 0xDD, 0xAD, 0x8D, 0xCC,
    0x6D, 0xD9, 0x35, 0x46, 0x8B, 0xEA, 0x35, 0x47, 0xF0, 0xAA, 0x39, 0x77, 0x5B, 0x02, 0xDE, 0x4F,
    0xE0, 0xA3, 0x18, 0x2E, 0x71, 0xF0, 0x35, 0xEF, 0x70, 0xA1, 0xBA, 0x2A, 0xE0, 0xCF, 0x8E, 0x21,
    0x18, 0x3D, 0xFA, 0x44, 0x8C, 0x63, 0x7A, 0x66, 0x90, 0xEA, 0x0C, 0x04, 0xA9, 0x7F, 0x7E, 0x2A,
    0x20, 0xD9, 0xA4, 0x9C, 0x48, 0x9B, 0x68, 0x0D, 0x1B, 0x07, 0x09, 0xFE, 0x38, 0x4A, 0xF4, 0x80,
    0xE8, 0xF9, 0x19, 0x0D, 0x73, 0x47, 0x90, 0x6A, 0xE0, 0x96, 0x7D, 0x53, 0x00, 0xA4, 0xCE, 0xE8,
    0x31, 0xDB, 0x5B, 0x04, 0xA9, 0xA1, 0x88, 0x9F, 0x88, 0xC9, 0xC3, 0xA4, 0x7A, 0x0D, 0x70, 0x78,
    0xBD, 0x82, 0xD0, 0x9C, 0x3C, 0xBB, 0xE5, 0x99, 0x21, 0xF6, 0xCC, 0xF4, 0x8B, 0xDF, 0xD2, 0x23,
    0x11, 0xA7, 0xD3, 0xD1, 0xC0, 0xA7, 0xB0, 0x7F, 0xEF, 0x79, 0x6D, 0x3D, 0xA1, 0x06, 0x59, 0xE1,
    0xA7, 0xB0, 0x68, 0x4F, 0x61, 0xF1, 0xE9, 0xC0, 0x4D, 0xD0, 0x38, 0x30, 0x97, 0x4F, 0x5E, 0xD4,
    0xA1, 0x81, 0x83, 0x84, 0x77, 0x1B, 0x55, 0xC5, 0xAF, 0x2F, 0x43, 0xD7, 0xA2, 0xD2, 0xED, 0x28,
    0x67, 0x20, 0x11, 0x58, 0x34, 0x22, 0xB2, 0x28, 0xC1, 0x1D, 0xDE, 0xC0, 0xF5, 0xA1, 0x8D, 0x40,
    0xD9, 0x63, 0xF0, 0xFC, 0x06, 0x61, 0x75, 0x4C, 0x19, 0x03, 0x57, 0x75, 0x30, 0xF5, 0x2A, 0x2F,
    0xC0, 0x9B, 0xDF, 0x5A, 0xF0, 0x41, 0xC2, 0xC5, 0x4A, 0x5A, 0x58, 0xD6, 0x2F, 0xE5, 0x55, 0xA8,
    0x37, 0x26, 0x3B, 0x35, 0x7D, 0x50, 0x3F, 0xCA, 0x4B, 0x79, 0x07, 0xD4, 0xCA, 0x9E, 0x92, 0x4D,
    0x79, 0x93, 0x84, 0x37, 0x61, 0x6D, 0xB8, 0x1C, 0x22, 0x2A, 0x31, 0x11, 0xCC, 0x93, 0x02, 0x13,
    0xF3, 0x3B, 0x28, 0xCD, 0x90, 0x5C, 0x75, 0x32, 0x37, 0x13, 0xD7, 0x17, 0x3D, 0x81, 0xBF, 0x21,
    0xCA, 0xBF, 0xD2, 0xA8, 0x97, 0x15, 0x55, 0xB9, 0x26, 0x2A, 0x05, 0x51, 0x3D, 0x3E, 0x38, 0x49,
    0x54, 0xCE, 0x21, 0x51, 0x9D, 0x07, 0xEB, 0x1E, 0x1F, 0xFF, 0xFC, 0x71, 0x54, 0x8B, 0x56, 0x52,
    0x08, 0x34, 0x73, 0x9A, 0x95, 0xFA, 0x36, 0x54, 0xEB, 0xDB, 0x5D, 0x60, 0xE3, 0x8B, 0xBD, 0x5A,
    0xC4, 0x1F, 0x49, 0xC2, 0x82, 0x71, 0xBC, 0xAA, 0xE7, 0x8D, 0x6E, 0x33, 0x0F, 0xAB, 0xA3, 0xB9,
    0xCD, 0x2C, 0xC6, 0xE0, 0x9A, 0x0D, 0xCE, 0x8A, 0xE0, 0xAE, 0xB4, 0x7E, 0xA1, 0xCD, 0x97, 0xB5,
    0x9E, 0xF5, 0x1D, 0x91, 0x0E, 0x21, 0x0F, 0x6C, 0x4B, 0x00, 0xA4, 0xE3, 0x30, 0x71, 0xA0, 0x09,
    0x8B, 0x1E, 0x80, 0x1E, 0x86, 0x01, 0x0C, 0xB0, 0x53, 0x42, 0xA7, 0x8F, 0x89, 0xA1, 0x08, 0xA6,
    0x80, 0xAA, 0x52, 0x81, 0x57, 0x82, 0xB3, 0xAC, 0x8D, 0x4C, 0x81, 0x9B, 0xE3, 0x77, 0x07, 0x98,
    0xA7, 0x78, 0x96, 0x57, 0x2E, 0x25, 0x15, 0x70, 0x0D, 0xCA, 0x45, 0x3A, 0x07, 0x87, 0xCB, 0x24,
    0x22, 0xD6, 0xFA, 0xA5, 0x5A, 0xF1, 0xEE, 0x14, 0xBC, 0xEE, 0xC6, 0xEC, 0x13, 0x0D, 0x88, 0xCD,
    0x40, 0x9D, 0xD8, 0xB4, 0xFE, 0x3A, 0xC7, 0x83, 0x8B, 0xA6, 0x42, 0x5D, 0x17, 0x47, 0x41, 0x07,
    0xF4, 0x82, 0xEB, 0x95, 0x46, 0xFA, 0xB2, 0x7A, 0x6D, 0x3D, 0x2D, 0x76, 0xFA, 0x69, 0x03, 0xE6,
    0x59, 0xC7, 0xE0, 0x51, 0xE7, 0x79, 0xA3, 0x74, 0xED, 0xC1, 0x03, 0x17, 0x50, 0x00, 0x18, 0xF2,
    0x8E, 0xB3, 0xDF, 0xF1, 0xBE, 0x97, 0x38, 0x11, 0xFD, 0x7A, 0xF5, 0xEA, 0x79, 0x07, 0x4E, 0x73,
    0x67, 0xB6, 0xCA, 0xF3, 0xD1, 0x7B, 0xC6, 0x33, 0xEF, 0xAC, 0xC5, 0xCB, 0xCC, 0xCF, 0x27, 0xDD,
    0x79, 0xAE, 0x33, 0x67, 0x30, 0xB4, 0x7D, 0x76, 0x0A, 0xE4, 0xD8, 0x29, 0x85, 0x08, 0xB0, 0xA4,
    0x4C, 0xE3, 0x1D, 0x20, 0x76, 0x34, 0x59, 0x84, 0x80, 0xD5, 0xED, 0x98, 0x06, 0xA4, 0x71, 0x03,
    0xBE, 0x15, 0x68, 0x4D, 0x8C, 0xAD, 0xD1, 0x10, 0x9E, 0xDE, 0xB0, 0x91, 0x5D, 0x8A, 0xDB, 0x18,
    0x30, 0xFE, 0x5E, 0xDC, 0xFD, 0x8D, 0x33, 0xE2, 0x4E, 0x20, 0x5E, 0xBC, 0xDF, 0x18, 0x3E, 0xE0,
    0x70, 0xE7, 0x7F, 0xE3, 0x41, 0xDB, 0x83, 0xBF, 0x1F, 0xFC, 0x95, 0x31, 0x0F, 0x0F, 0x4C, 0xB5,
    0xBD, 0x80, 0xB4, 0x71, 0xC7, 0x14, 0x9F, 0x33, 0x95, 0xF8, 0xC7, 0xC6, 0x42, 0x63, 0x30, 0xF4,
    0x75, 0x5F, 0x64, 0x06, 0x26, 0x93, 0xED, 0x55, 0xB4, 0xB1, 0x33, 0xDB, 0xD6, 0xBC, 0xE3, 0x8C,
    0xA7, 0xCD, 0x7C, 0xB2, 0x9C, 0xCC, 0x65, 0x57, 0x11, 0xC2, 0xDD, 0x62, 0xB3, 0xE3, 0x68, 0x5F,
    0x7F, 0xFA, 0x91, 0xFA, 0xA5, 0x76, 0xBB, 0xC8, 0x34, 0x3E, 0x0C, 0xCA, 0xAF, 0xD4, 0xC5, 0x4A,
    0xEC, 0x87, 0xEA, 0x17, 0xDA, 0xE9, 0x62, 0x53, 0x07, 0x2B, 0x9D, 0x43, 0x5E, 0x78, 0x6F, 0xE4,
    0x22, 0x91, 0x33, 0xBF, 0xBF, 0x89, 0x7C, 0x80, 0x30, 0x3F, 0xA4, 0x19, 0x1B, 0x32, 0x98, 0x8F,
    0x38, 0xF3, 0x4B, 0x13, 0xD6, 0xE2, 0xA5, 0xA0, 0x8C, 0xB3, 0x1C, 0xDA, 0x73, 0xF4, 0x1D, 0x7C,
    0x55, 0x7E, 0x18, 0x26, 0xC3, 0xBF, 0x9B, 0xA8, 0x82, 0x49, 0x44, 0x44, 0xDA, 0x2D, 0x7D, 0x86,
    0xE4, 0xA1, 0x67, 0xF9, 0xE4, 0xEC, 0x84, 0xE0, 0xB4, 0x33, 0x9B, 0xCA, 0x4A, 0xCA, 0x9F, 0x99,
    0xFF, 0xC8, 0xB9, 0x3C, 0x99, 0x03, 0x3F, 0xE6, 0x9F, 0x64, 0xD8, 0x19, 0x88, 0xCA, 0x3F, 0x30,
    0x2C, 0xC1, 0x7A, 0xAD, 0x5E, 0xE1, 0xBF, 0x0D, 0xFB, 0x4F, 0x2B, 0x59, 0x72, 0xB0, 0x39, 0xBB,
    0xFC, 0x57, 0x48, 0x6A, 0x9A, 0x59, 0x0D, 0x10, 0x11, 0x0E, 0xD3, 0xC6, 0x2E, 0xDC, 0x92, 0x94,
    0xDD, 0x84, 0x6F, 0x29, 0x9D, 0x46, 0x17, 0x44, 0x28, 0xFA, 0xA3, 0x66, 0xCD, 0xE7, 0x63, 0x49,
    0xE8, 0xBC, 0x56, 0xFD, 0xB4, 0xE0, 0xBA, 0xE4, 0xFA, 0x64, 0xEF, 0x58, 0x9E, 0xE7, 0xF8, 0x6A,
    0x13, 0x5C, 0x91, 0xC4, 0xEE, 0x9B, 0xD3, 0x46, 0x40, 0x18, 0x53, 0x45, 0x16, 0x22, 0xBB, 0xBD,
    0xA8, 0x11, 0x61, 0xD2, 0xFB, 0x80, 0x4D, 0xBB, 0x16, 0x60, 0xAD, 0xBF, 0xBA, 0x8B, 0x3C, 0xFD,
    0x19, 0x4F, 0x3D, 0xFD, 0xF2, 0x40, 0x34, 0x27, 0x99, 0x8D, 0xB4, 0x08, 0x88, 0xC4, 0xF2, 0x92,
    0xCE, 0x3C, 0x19, 0xB1, 0xD0, 0x25, 0x01, 0xD9, 0x71, 0xAE, 0xE2, 0x1B, 0xCD, 0x8A, 0x23, 0x38,
    0x8F, 0x5D, 0x38, 0xEE, 0x0B, 0x22, 0x1A, 0x40, 0x08, 0x0D, 0xB4, 0xD0, 0xCB, 0x85, 0xA8, 0xC2,
    0x29, 0x65, 0xEC, 0x6F, 0xF0, 0x15, 0xBA, 0xD9, 0x11, 0x47, 0x08, 0x04, 0xED, 0x14, 0x88, 0xE9,
    0x5C, 0x80, 0x8D, 0x2E, 0x00, 0x45, 0x1D, 0x31, 0x7F, 0xC7, 0xAD, 0x88, 0x9E, 0x9B, 0x10, 0xE2,
    0xE7, 0xCC, 0x53, 0x43, 0xA7, 0x95, 0x43, 0xA4, 0x32, 0xCD, 0x36, 0x35, 0x82, 0xA8, 0xA1, 0xA3,
    0x64, 0xC7, 0x4E, 0x6D, 0xF7, 0x92, 0x8A, 0x0A, 0x25, 0x15, 0xD5, 0xAD, 0x4A, 0x97, 0x5A, 0x29,
    0x79, 0x74, 0xC5, 0x0C, 0x92, 0xBA, 0x3A, 0xFF, 0xE4, 0xC8, 0xC6, 0x4F, 0xB6, 0x48, 0x30, 0x13,
    0x08, 0x69, 0xB5, 0xF2, 0xD5, 0xE9, 0xB5, 0xB8, 0xC9, 0x01, 0xBA, 0x5E, 0x85, 0x45, 0xAE, 0x34,
    0xA4, 0x08, 0xA4, 0xE5, 0xBD, 0x60, 0x4E, 0x86, 0xD9, 0x89, 0x4A, 0x99, 0xF7, 0x4B, 0xAF, 0x65,
    0xE6, 0x46, 0x63, 0x51, 0xE8, 0xA4, 0x13, 0xB5, 0xCC, 0xD1, 0xD5, 0xA0, 0xC7, 0x8C, 0xFF, 0x9C,
    0x06, 0xE6, 0x72, 0xFD, 0xC2, 0x42, 0x94, 0x5B, 0xF6, 0xE3, 0x5D, 0x0E, 0x16, 0x3E, 0xAC, 0xD5,
    0x10, 0x16, 0x61, 0xA5, 0x31, 0x61, 0x5D, 0x00, 0xE7, 0x93, 0xAB, 0x10, 0xB0, 0x44, 0xA7, 0x44,
    0x4E, 0xF0, 0xDE, 0xF0, 0x38, 0x6D, 0xAF, 0xF4, 0xBB, 0x90, 0x9C, 0x87, 0x65, 0xE7, 0xB5, 0x61,
    0x81, 0x08, 0x53, 0x72, 0x66, 0xE1, 0x57, 0x70, 0x3B, 0x25, 0x11, 0x92, 0x5B, 0x5B, 0x00, 0x3F,
    0x67, 0xE2, 0x87, 0x87, 0xD4, 0xEB, 0xA2, 0x8F, 0x55, 0xD7, 0xAC, 0x92, 0x6B, 0xE1, 0x7F, 0xB5,
    0x77, 0x36, 0x68, 0x73, 0xB0, 0x38, 0x4E, 0x79, 0xF7, 0xE1, 0x7E, 0xFE, 0xE5, 0xF0, 0xCA, 0xE9,
    0x99, 0xBF, 0xDC, 0x6C, 0x8C, 0xA0, 0xEB, 0xE5, 0x41, 0x68, 0x1D, 0x03, 0xC6, 0x9C, 0x62, 0xD6,
    0xE6, 0xFF, 0x12, 0xF3, 0xCF, 0xE6, 0x3D, 0xA6, 0x8D, 0xD4, 0x8F, 0x9C, 0xD6, 0xA9, 0xBD, 0x22,
    0x72, 0xEA, 0x37, 0x31, 0xDA, 0x8F, 0x71, 0x5C, 0xC7, 0x71, 0x0D, 0xC7, 0x2D, 0x1C, 0x77, 0x71,
    0x7C, 0x88, 0xA3, 0xBE, 0x10, 0xEA, 0xBB, 0xEF, 0xE9, 0xE0, 0xC1, 0xC7, 0x5F, 0xD5, 0x4D, 0x77,
    0x55, 0x87, 0xE1, 0x27, 0x37, 0x6A, 0x01, 0x49, 0xB4, 0x39, 0xC7, 0x7C, 0x80, 0x5E, 0x3C, 0x0A,
    0x06, 0x95, 0x67, 0x67, 0x1F, 0x8D, 0x1C, 0xF0, 0x7E, 0xA6, 0xE3, 0xF8, 0xFF, 0xCD, 0xB3, 0x51,
    0x75, 0xA2, 0x5F, 0xF6, 0x1E, 0x14, 0xDC, 0x95, 0xC2, 0x09, 0x9F, 0x56, 0x2E, 0x60, 0xA9, 0xEE,
    0x2B, 0x60, 0xE2, 0xC1, 0xE6, 0xFF, 0xA9, 0x98, 0xF3, 0x44, 0xA5, 0x5A, 0x6B, 0xFA, 0x01, 0x9A,
    0xB0, 0x38, 0xA0, 0xF7, 0x08, 0x57, 0xF6, 0x98, 0x00, 0xE1, 0xBA, 0x21, 0x8A, 0x86, 0x9D, 0x40,
    0x34, 0xCB, 0x35, 0x03, 0x07, 0xAC, 0x7E, 0x72, 0xF8, 0xC1, 0xB5, 0xBE, 0xE8, 0xAF, 0xF4, 0x98,
    0x68, 0x34, 0x58, 0x4E, 0x87, 0xFF, 0xFE, 0x2F, 0xEC, 0xC3, 0x36, 0x2D, 0x4D, 0xF1, 0xC5, 0x6A,
    0x6B, 0x19, 0xEE, 0x07, 0x03, 0x0D, 0x90, 0xD8, 0x6A, 0x26, 0x97, 0x25, 0x47, 0x2E, 0x29, 0x1A,
    0x09, 0x67, 0xB6, 0x56, 0x33, 0x65, 0xDC, 0x7D, 0x00, 0x5D, 0x1E, 0x55, 0x2C, 0x94, 0x9C, 0x2C,
    0xD1, 0xBD, 0x79, 0xC6, 0x40, 0x87, 0x61, 0x02, 0x37, 0xC7, 0x34, 0xE1, 0xA0, 0xA9, 0xE3, 0x02,
    0xB0, 0x5B, 0x27, 0x40, 0xE2, 0x39, 0x91, 0xF8, 0x80, 0x26, 0xA7, 0x43, 0x13, 0x56, 0x2F, 0xF3,
    0xD2, 0x68, 0x0A, 0x2B, 0x98, 0x90, 0xE8, 0x63, 0xA6, 0x86, 0x1F, 0xA0, 0x3F, 0xCD, 0x04, 0x60,
    0x4E, 0x4F, 0xCA, 0x24, 0x91, 0xCB, 0x21, 0x3C, 0x23, 0xD6, 0x8A, 0x11, 0x4E, 0x04, 0x69, 0xC0,
    0x84, 0x6D, 0x2C, 0x42, 0xC1, 0x6B, 0xC0, 0xE2, 0x5D, 0x6E, 0x7E, 0xFD, 0xE2, 0xC0, 0xBC, 0x85,
    0xEE, 0x09, 0xC3, 0x07, 0x09, 0x5C, 0x18, 0xC0, 0x30, 0x90, 0x41, 0x00, 0xC8, 0x40, 0xF0, 0x94,
    0xAF, 0xF5, 0x0A, 0x3F, 0x89, 0x92, 0x3D, 0x73, 0xDD, 0xF7, 0xA7, 0xF2, 0x93, 0x81, 0xF8, 0xF4,
    0x34, 0x7E, 0xC2, 0x87, 0xDC, 0x50, 0x38, 0x85, 0x9F, 0xC5, 0x8B, 0x9B, 0xD3, 0xEA, 0xCE, 0xC2,
    0x2A, 0x73, 0x0E, 0x69, 0x12, 0xE5, 0x1B, 0x8D, 0x72, 0x73, 0x65, 0xDF, 0x7B, 0x66, 0x86, 0xF0,
    0x8B, 0xBD, 0x9E, 0x81, 0x06, 0x06, 0x79, 0xDE, 0x82, 0xFC, 0xF2, 0x8C, 0xCC, 0xF1, 0x6B, 0xB1,
    0x3A, 0xD6, 0xF5, 0xB1, 0xEF, 0xDA, 0x8E, 0x03, 0x10, 0x10, 0x30, 0x4E, 0x7B, 0x9D, 0x50, 0x2F,
    0x67, 0x4A, 0x2A, 0xA5, 0x16, 0x68, 0x06, 0xAA, 0x3F, 0x58, 0x8D, 0x88, 0x98, 0xDD, 0x67, 0x56,
    0x8E, 0x5C, 0x78, 0xB2, 0x01, 0x60, 0x52, 0x06, 0x57, 0x39, 0x83, 0x2B, 0xA6, 0x44, 0x7E, 0x0B,
    0xD6, 0x0D, 0x14, 0x46, 0xC3, 0x76, 0x2B, 0x6E, 0x74, 0x43, 0x2A, 0x71, 0x01, 0xA9, 0xE8, 0x0C,
    0x52, 0x49, 0x19, 0x82, 0x0D, 0x68, 0x72, 0xB0, 0x46, 0x94, 0xD7, 0x6A, 0x6E, 0x1D, 0xA3, 0x29,
    0x78, 0x8E, 0xFE, 0xC2, 0x3D, 0xC3, 0xA4, 0x0C, 0xBD, 0x27, 0x05, 0x95, 0xCB, 0x84, 0x14, 0x1B,
    0x5B, 0x97, 0x93, 0xE0, 0x33, 0x60, 0xF5, 0x3D, 0xE6, 0x67, 0x56, 0xD3, 0x7C, 0x17, 0x31, 0xE9,
    0xF5, 0xC2, 0x07, 0x86, 0xEB, 0xD1, 0xF4, 0xBC, 0xB1, 0x09, 0x06, 0xAF, 0xD0, 0x11, 0xF7, 0x1D,
    0xBE, 0x78, 0x42, 0xFF, 0x93, 0xC0, 0xC3, 0x18, 0xBA, 0x75, 0x84, 0x79, 0xB2, 0x91, 0x12, 0xD1,
    0xF2, 0x58, 0xE4, 0xD3, 0x59, 0xC0, 0x0B, 0x51, 0x87, 0x67, 0x6A, 0x7C, 0x55, 0x4B, 0xE8, 0x74,
    0x95, 0x5B, 0x58, 0x09, 0x82, 0xB4, 0xCB, 0x6C, 0x4A, 0x29, 0x57, 0x93, 0x1D, 0x51, 0xB2, 0xE0,
    0x65, 0x94, 0x6C, 0x09, 0x1A, 0xDC, 0x1C, 0x3C, 0x93, 0xA9, 0x6A, 0xDC, 0xB6, 0xD0, 0x36, 0x56,
    0x37, 0xB5, 0x3A, 0xF1, 0x75, 0x53, 0x76, 0x29, 0xAC, 0x50, 0x9E, 0x70, 0x6B, 0x09, 0xD1, 0x64,
    0xE9, 0xC9, 0xD6, 0x92, 0xDD, 0xAC, 0xE4, 0xF5, 0xD4, 0x6E, 0x61, 0xC4, 0x99, 0xB2, 0xA9, 0x0A,
    0x9B, 0xA3, 0x10, 0x62, 0x6C, 0xDE, 0xC2, 0x96, 0x3E, 0x8C, 0xCD, 0xD1, 0xA7, 0x74, 0x7A, 0xCC,
    0x5E, 0x50, 0xE3, 0x92, 0x79, 0xF6, 0x74, 0x60, 0x3A, 0x09, 0xF8, 0xC9, 0x64, 0x8E, 0xDD, 0xC4,
    0x6C, 0x28, 0x2E, 0xAA, 0xFD, 0x15, 0x49, 0xEB, 0xD9, 0x0D, 0xA5, 0x5A, 0xBD, 0x31, 0xF9, 0xE0,
    0xF0, 0xCE, 0xE7, 0xB8, 0xE3, 0x62, 0xF2, 0x16, 0x1A, 0x99, 0xDF, 0x68, 0x55, 0xF0, 0x14, 0x14,
    0xF6, 0xBB, 0x76, 0xBF, 0xD0, 0x97, 0x69, 0xAD, 0xAD, 0xE5, 0x8E, 0xF6, 0x32, 0x15, 0xFC, 0x37,
    0xA6, 0xBD, 0x01, 0xFE, 0xEC, 0xA2, 0xCA, 0xED, 0x5D, 0xB3, 0x37, 0xA8, 0x88, 0x35, 0x28, 0xC4,
    0x9D, 0x61, 0xC6, 0x2D, 0x99, 0xF8, 0x49, 0x27, 0x6C, 0x93, 0xFE, 0xA8, 0xF9, 0x6E, 0x0B, 0xC6,
    0xAD, 0x01, 0x22, 0xB8, 0x7B, 0x16, 0x30, 0x75, 0x49, 0x1E, 0xDC, 0xED, 0x15, 0x3A, 0xD3, 0x79,
    0xF2, 0x7B, 0x6F, 0x70, 0x06, 0xA0, 0xD0, 0xC1, 0x16, 0xFA, 0xE8, 0x9B, 0x90, 0xC3, 0x5E, 0x69,
    0x33, 0xE6, 0x5A, 0xB2, 0x09, 0x90, 0xD4, 0x41, 0xA5, 0xDC, 0x7D, 0x8A, 0x0E, 0x8B, 0x29, 0xA7,
    0x2C, 0x93, 0xFC, 0xC0, 0x64, 0x14, 0x2E, 0xF0, 0xB9, 0x44, 0x9C, 0x89, 0x90, 0x18, 0xCA, 0x46,
    0x81, 0x98, 0xA4, 0x9F, 0x55, 0x24, 0xE1, 0xF6, 0xF1, 0x59, 0x4A, 0x72, 0x25, 0xA4, 0xCA, 0x96,
    0x3C, 0xF0, 0x34, 0x38, 0x90, 0x3D, 0x79, 0xF1, 0x63, 0x03, 0x1D, 0x99, 0xD3, 0x59, 0x7E, 0x99,
    0xA3, 0xF3, 0x47, 0xE9, 0x94, 0x4B, 0xE9, 0x74, 0x2B, 0x42, 0x63, 0x73, 0x6A, 0x65, 0x69, 0x4B,
    0x73, 0x44, 0xC4, 0xB6, 0x6C, 0xC7, 0x4A, 0xDE, 0x1B, 0xB8, 0x37, 0x6F, 0x27, 0xC4, 0x16, 0x6C,
    0xD8, 0x79, 0x52, 0x6F, 0xC3, 0x6A, 0xDE, 0x8B, 0x12, 0x11, 0xEE, 0x1D, 0x66, 0x9B, 0xC2, 0xEC,
    0x50, 0xCD, 0xC6, 0x60, 0xF7, 0x48, 0xC8, 0x6F, 0x9A, 0x05, 0x0D, 0x05, 0x80, 0x7B, 0xC3, 0xCF,
    0x2B, 0x5B, 0x85, 0x93, 0x76, 0x36, 0x71, 0xE5, 0xA1, 0x67, 0x87, 0xB9, 0xC2, 0x5D, 0x0A, 0xF1,
    0xAD, 0x4A, 0xC5, 0x1F, 0x51, 0xAA, 0xF1, 0x60, 0x2A, 0x8A, 0xD9, 0xE6, 0xD7, 0x9C, 0x7C, 0x9F,
    0xC9, 0x1E, 0x66, 0x0B, 0x7B, 0xD9, 0x59, 0xC5, 0xA4, 0x71, 0xA3, 0x65, 0x9B, 0x4A, 0x62, 0xC6,
    0x1C, 0x2F, 0x05, 0x2F, 0xB4, 0x9B, 0xD1, 0x9B, 0x47, 0x23, 0x48, 0x96, 0xB4, 0xEA, 0xEE, 0x98,
    0xF2, 0x96, 0x84, 0x65, 0x3A, 0x26, 0xBD, 0x99, 0xED, 0xB1, 0xE8, 0x62, 0xDC, 0xAE, 0xF4, 0x66,
    0x93, 0x0F, 0xC2, 0x79, 0x41, 0x40, 0x3F, 0xDA, 0x91, 0xA0, 0x1A, 0x1F, 0x49, 0xC7, 0x91, 0x44,
    0xCC, 0x66, 0x34, 0x30, 0x7A, 0x1C, 0x41, 0xB2, 0x70, 0xAC, 0x65, 0x18, 0x2B, 0xCC, 0xA6, 0x26,
    0x9F, 0xC0, 0x28, 0x40, 0xA3, 0x1F, 0x92, 0x74, 0xE8, 0xD6, 0x96, 0x90, 0x1E, 0x23, 0x58, 0x33,
    0x5B, 0xB2, 0xC0, 0x46, 0xF9, 0xFC, 0x13, 0x22, 0x58, 0xEA, 0x86, 0x49, 0x60, 0xE6, 0x20, 0xA6,
    0x5A, 0x52, 0xB8, 0x0C, 0x96, 0x02, 0x28, 0x30, 0x2B, 0x25, 0x22, 0x59, 0x75, 0xC6, 0x0C, 0xDD,
    0x18, 0xE2, 0x53, 0xC7, 0xD0, 0xFB, 0xB4, 0xB4, 0x09, 0x59, 0xCC, 0x21, 0x4B, 0x05, 0x48, 0xA0,
    0xAE, 0x44, 0xC3, 0x5D, 0xE6, 0x60, 0xA9, 0x9F, 0x7B, 0xA5, 0x23, 0x2B, 0x32, 0x9E, 0xE5, 0x35,
    0x05, 0x1A, 0x49, 0xB2, 0xB7, 0x41, 0x77, 0x9C, 0xB0, 0x3F, 0x51, 0x36, 0x96, 0xB0, 0xAC, 0x15,
    0xA3, 0xDD, 0xFC, 0xC5, 0xDA, 0x7E, 0xE1, 0x90, 0x70, 0xC8, 0x6C, 0x98, 0x4C, 0x01, 0xB4, 0x30,
    0x0E, 0x63, 0x2F, 0xAE, 0x37, 0xAA, 0x52, 0xB8, 0xFA, 0xC1, 0xE5, 0x87, 0xFC, 0xAD, 0xC7, 0x13,
    0x53, 0xE3, 0x01, 0x98, 0x6D, 0x84, 0xC5, 0xAC, 0xEE, 0x00, 0xF0, 0xA2, 0x4F, 0x48, 0xB3, 0xB0,
    0x90, 0x20, 0x2E, 0xE4, 0x86, 0xB8, 0x86, 0xBC, 0x9D, 0x81, 0x1D, 0x32, 0x84, 0xD3, 0x78, 0x1C,
    0xD4, 0x06, 0x44, 0x3F, 0x77, 0x60, 0x33, 0xC6, 0xFC, 0x58, 0x98, 0xDC, 0xEE, 0xD2, 0xBD, 0x2F,
    0xF6, 0x4D, 0x15, 0xB6, 0x90, 0x71, 0x58, 0x11, 0x66, 0x96, 0x27, 0x24, 0x8C, 0xBE, 0x31, 0xA9,
    0x00, 0x86, 0x23, 0xA9, 0x1A, 0x60, 0x11, 0xE4, 0xC0, 0x29, 0x37, 0x6B, 0xA4, 0x36, 0x4B, 0x52,
    0xD7, 0x03, 0x4E, 0x02, 0x36, 0xC1, 0x1B, 0xDE, 0x1C, 0xD4, 0x44, 0x23, 0xB0, 0x09, 0xB3, 0xDB,
    0xE1, 0x27, 0x70, 0x39, 0xFB, 0x21, 0x03, 0x3B, 0xAA, 0x8F, 0xAD, 0x24, 0xE4, 0xBB, 0x38, 0xF1,
    0xBD, 0x08, 0x68, 0x80, 0x94, 0x19, 0xB8, 0xD6, 0x3C, 0xFB, 0x92, 0xD4, 0xDD, 0xD8, 0xDA, 0xC8,
    0x54, 0xFC, 0x5E, 0x6B, 0x37, 0xB0, 0x69, 0xC1, 0xD6, 0x4A, 0x44, 0x84, 0x15, 0xE1, 0x89, 0xCC,
    0x09, 0x97, 0x23, 0xBB, 0xE1, 0x11, 0x49, 0x50, 0x36, 0x41, 0x23, 0xD2, 0xB2, 0xBB, 0x84, 0x90,
    0x5F, 0x61, 0x03, 0x75, 0x10, 0x21, 0x51, 0x77, 0x5C, 0x82, 0x1A, 0x1B, 0xC9, 0xE3, 0x83, 0x04,
    0xF7, 0x0C, 0x77, 0xBD, 0x4E, 0x42, 0xFD, 0xCB, 0xC9, 0x6B, 0x5E, 0xA3, 0x93, 0x38, 0x57, 0x04,
    0xD5, 0x97, 0x16, 0xC0, 0xC5, 0x69, 0xC0, 0xB3, 0xF7, 0x62, 0x48, 0x98, 0x3C, 0xAE, 0xC8, 0x34,
    0xAB, 0xE3, 0x7A, 0x59, 0x96, 0xA7, 0x26, 0x14, 0x68, 0xE4, 0xAA, 0x39, 0xE4, 0xA7, 0x90, 0x65,
    0xED, 0x1D, 0x35, 0x86, 0x58, 0x4C, 0x4A, 0xB6, 0x50, 0xD3, 0x59, 0x4E, 0x53, 0x15, 0x34, 0x31,
    0xD0, 0xD3, 0x56, 0xBF, 0x88, 0x0F, 0xF8, 0x58, 0x2C, 0x0B, 0x79, 0x5F, 0x96, 0xB7, 0xD4, 0xF2,
    0x0C, 0x2C, 0xB1, 0xA1, 0xDE, 0x5F, 0xA1, 0x23, 0x12, 0xD1, 0x89, 0x6D, 0x90, 0x35, 0xE4, 0x3D,
    0x63, 0x5A, 0xE7, 0x01, 0x4E, 0xBD, 0x94, 0x3A, 0x45, 0xB2, 0x05, 0xC2, 0x14, 0xBF, 0x2B, 0xE9,
    0x9D, 0xD5, 0x1A, 0xB5, 0xFE, 0x68, 0x8D, 0xDA, 0x4D, 0x6E, 0xEC, 0x9B, 0x8C, 0xB5, 0x7C, 0xBA,
    0x90, 0x2D, 0xE1, 0x44, 0x36, 0xCB, 0xB8, 0x13, 0x3F, 0xBC, 0x4D, 0xE3, 0x99, 0x60, 0x58, 0x5A,
    0x93, 0x79, 0x8D, 0xDF, 0xBD, 0x18, 0x07, 0x41, 0x1D, 0x33, 0x58, 0x4C, 0x5F, 0xB1, 0x42, 0xC1,
    0xC2, 0x51, 0x29, 0xC8, 0xA1, 0x85, 0xF4, 0x9F, 0xD2, 0x8D, 0xAA, 0xFE, 0xDB, 0xE7, 0x9F, 0xF9,
    0x0C, 0x56, 0x4E, 0xF5, 0xA9, 0x92, 0xE2, 0xCD, 0x63, 0x78, 0x8F, 0x86, 0xBC, 0xD2, 0x45, 0x50,
    0xEB, 0xC4, 0x39, 0x81, 0xF7, 0x2B, 0xC4, 0x61, 0x9D, 0x03, 0xFE, 0xC1, 0x7B, 0xA7, 0xE1, 0xDE,
    0x21, 0xAF, 0x25, 0xEF, 0xC7, 0x72, 0x15, 0xAC, 0x70, 0x55, 0x2E, 0xB8, 0x6A, 0x57, 0xB8, 0x52,
    0x0B, 0xAE, 0xB2, 0x39, 0x57, 0xC3, 0x51, 0xAE, 0x86, 0x68, 0xC1, 0x55, 0x44, 0x03, 0xBA, 0x21,
    0xDE, 0xEC, 0xDF, 0x16, 0x85, 0xC1, 0xF3, 0xB8, 0xC4, 0x61, 0x58, 0x18, 0xB6, 0xE7, 0xE3, 0xAD,
    0xFA, 0x5A, 0xDE, 0x82, 0xF9, 0x26, 0xF7, 0x3D, 0x8B, 0xBD, 0xBF, 0x7F, 0x77, 0xB4, 0xD5, 0xE2,
    0x72, 0x59, 0x50, 0xC0, 0x42, 0x64, 0xE1, 0x2B, 0xCE, 0x8E, 0x6E, 0xE7, 0x3E, 0xA2, 0x79, 0xEB,
    0xE1, 0x55, 0xA7, 0x44, 0x2F, 0x6E, 0x0F, 0xDC, 0xEC, 0x3C, 0x92, 0x90, 0x55, 0xB8, 0xE4, 0x63,
    0xE2, 0x01, 0x42, 0x6E, 0xA9, 0x87, 0xAC, 0x5F, 0x0A, 0x0C, 0xA4, 0xE9, 0xB0, 0xE0, 0x0D, 0x8F,
    0x8B, 0x89, 0x2F, 0xE7, 0x95, 0xD0, 0xB2, 0xB7, 0xDE, 0xDD, 0x23, 0x3E, 0xE0, 0xCA, 0xBB, 0xC1,
    0xA2, 0x4C, 0x1F, 0x3E, 0x9E, 0x95, 0x3F, 0x84, 0x3C, 0xAC, 0x7E, 0xA2, 0xE1, 0xEB, 0xF5, 0x08,
    0x65, 0xD6, 0xAB, 0x0F, 0x56, 0x74, 0xFD, 0x0C, 0xF3, 0xED, 0x4A, 0x7E, 0x41, 0x64, 0x52, 0x40,
    0x26, 0xB3, 0xA5, 0xAE, 0x9B, 0x65, 0xF1, 0xCE, 0xF4, 0xF1, 0x24, 0x3B, 0x3E, 0x5D, 0x70, 0xC1,
    0x4D, 0x7F, 0x37, 0xB7, 0xD1, 0x82, 0x42, 0x9D, 0xF9, 0x7C, 0x47, 0xF3, 0xF9, 0x5E, 0x66, 0xC5,
    0x8D, 0x79, 0x60, 0xBA, 0x9D, 0x59, 0xF6, 0x35, 0xD9, 0xF3, 0xFF, 0x71, 0x4D, 0x11, 0x74, 0xE8,
    0x37, 0x64, 0x84, 0x71, 0xE9, 0x96, 0xE3, 0x17, 0xA9, 0x98, 0x86, 0x5F, 0x71, 0x03, 0xB0, 0xE7,
    0x4A, 0xD9, 0xED, 0xC6, 0xAA, 0x53, 0xF5, 0xD7, 0xAB, 0xA1, 0xE6, 0xB2, 0x88, 0x63, 0x67, 0x36,
    0xD9, 0x7E, 0x45, 0xFC, 0xAE, 0x37, 0x51, 0xF1, 0x6E, 0x8B, 0x0A, 0xB6, 0x5E, 0xDD, 0x20, 0x3A,
    0xF4, 0x9E, 0x96, 0x1E, 0x8B, 0xC8, 0x0A, 0xBC, 0xC1, 0xAB, 0x0D, 0xDF, 0xBE, 0xE6, 0x3D, 0x64,
    0xDC, 0x62, 0xCC, 0x8B, 0x97, 0x9A, 0x3E, 0xCD, 0x30, 0x8D, 0xF9, 0x25, 0x57, 0xF6, 0x0F, 0xCE,
    0xC7, 0xCE, 0x22, 0x15, 0x66, 0x77, 0x39, 0x3E, 0xB0, 0xC9, 0xB1, 0xCD, 0x7C, 0xC7, 0xD8, 0x72,
    0xB3, 0xD5, 0x74, 0xD9, 0x8C, 0x71, 0x39, 0xD3, 0xA5, 0x7F, 0x81, 0x79, 0x01, 0xE0, 0x44, 0xF0,
    0x5D, 0xA8, 0x5B, 0x1B, 0x87, 0xD3, 0xF1, 0xE7, 0xDD, 0x99, 0x3D, 0xA9, 0xA9, 0x1C, 0x0B, 0xEE,
    0x53, 0xE0, 0x4C, 0x41, 0xFC, 0xE1, 0x43, 0xAE, 0x24, 0xF8, 0xD0, 0xA0, 0x09, 0xCC, 0x8E, 0x60,
    0xFE, 0x96, 0x38, 0x96, 0x29, 0xAE, 0x69, 0xA6, 0xCD, 0xE0, 0xCE, 0xF2, 0xD5, 0xE2, 0xA8, 0xB0,
    0x38, 0x47, 0x14, 0x0A, 0xE4, 0x9E, 0xEA, 0xCC, 0xEB, 0xF2, 0x24, 0xAE, 0xCD, 0x93, 0xBD, 0x8F,
    0xCC, 0x10, 0xAB, 0x7C, 0xEB, 0x96, 0x0D, 0xE5, 0x68, 0xDC, 0x24, 0xB8, 0x3B, 0xE6, 0x77, 0x10,
    0x7F, 0x7C, 0x6E, 0x99, 0x68, 0x62, 0x58, 0xBC, 0xDC, 0x03, 0xBC, 0x20, 0x6E, 0xAF, 0x42, 0x8D,
    0x59, 0xAB, 0x89, 0x18, 0xDC, 0x91, 0x1F, 0x3C, 0xE4, 0xD9, 0x77, 0x80, 0xDB, 0x2C, 0x56, 0xF1,
    0xBB, 0xAD, 0x64, 0x3E, 0xD8, 0xC3, 0xF2, 0xE7, 0x17, 0x67, 0xE7, 0x96, 0x5F, 0x13, 0xA6, 0x7A,
    0xC2, 0x67, 0xBD, 0xCA, 0x3F, 0x36, 0xD3, 0xDC, 0x37, 0xED, 0x3D, 0x77, 0xF8, 0x69, 0x6D, 0x91,
    0x79, 0x28, 0xE6, 0x84, 0xBF, 0x36, 0xF8, 0x8C, 0xF1, 0x0C, 0xAD, 0xD9, 0xB5, 0x68, 0x6C, 0x92,
    0xA4, 0xE5, 0x1A, 0x7E, 0xFF, 0x16, 0x84, 0xA0, 0x36, 0x13, 0xDA, 0x42, 0xB9, 0xFF, 0x6E, 0x0C,
    0x73, 0x7B, 0x55, 0x05, 0x20, 0x9E, 0x3F, 0x32, 0x61, 0x87, 0x4B, 0xF7, 0x76, 0x31, 0x32, 0xB9,
    0x1A, 0xD2, 0x32, 0xDC, 0x47, 0xC7, 0xFF, 0x08, 0xA7, 0xD8, 0x12, 0x48, 0xDE, 0xA8, 0x8E, 0xD9,
    0x72, 0xFB, 0x86, 0x02, 0x28, 0x6C, 0x48, 0x6F, 0x51, 0x37, 0x03, 0x56, 0x66, 0x3D, 0x24, 0x62,
    0x65, 0xDA, 0x43, 0x42, 0xD6, 0x29, 0xF3, 0x1E, 0x70, 0xB8, 0xE2, 0xAE, 0x1D, 0x95, 0xA8, 0xEB,
    0x41, 0xE1, 0x35, 0xB9, 0x8A, 0x7F, 0x56, 0x39, 0xCD, 0xED, 0x75, 0x7A, 0xCE, 0xCA, 0xB5, 0x24,
    0x34, 0x98, 0x0C, 0xD5, 0x9F, 0x36, 0xAE, 0x09, 0x87, 0xDD, 0x2E, 0x32, 0x5F, 0xD6, 0xC1, 0xBE,
    0x5F, 0xBC, 0x62, 0x9E, 0x62, 0xF2, 0xA4, 0x87, 0x69, 0xCF, 0x10, 0xB6, 0x14, 0x6C, 0x66, 0x33,
    0x87, 0x2C, 0x88, 0x54, 0xD7, 0xC8, 0xC5, 0xB0, 0x35, 0x96, 0x9F, 0xB9, 0xDD, 0x05, 0xB0, 0xD4,
    0xD3, 0x11, 0x37, 0x36, 0x51, 0xC9, 0xE4, 0xE4, 0x90, 0xA1, 0xF3, 0xB1, 0x44, 0x6D, 0xFC, 0xCD,
    0x8A, 0xFD, 0x3D, 0xCF, 0xF8, 0x33, 0x1E, 0xDC, 0x21, 0x30, 0x17, 0x8B, 0xEC, 0xF2, 0x11, 0x4B,
    0x07, 0x7C, 0x04, 0x00, 0xE9, 0xF4, 0x69, 0xA2, 0x52, 0x56, 0xF5, 0xB4, 0x7C, 0x56, 0xCA, 0x8F,
    0x18, 0x92, 0xBC, 0xC7, 0x24, 0xAE, 0xF2, 0x9B, 0xA8, 0x74, 0x0E, 0x6A, 0xE0, 0x6B, 0xCC, 0xDB,
    0x4D, 0x86, 0xA5, 0x95, 0xFB, 0xB4, 0xC1, 0x97, 0x5C, 0xE9, 0x30, 0x0B, 0x4B, 0xBF, 0xF6, 0xAA,
    0x8E, 0xF5, 0x2E, 0xC9, 0xED, 0xA0, 0x88, 0x0B, 0xAF, 0x0D, 0x8A, 0xDB, 0x40, 0x5A, 0x71, 0xD1,
    0x79, 0x15, 0xB5, 0x31, 0xCC, 0xB4, 0xFC, 0x0A, 0xAA, 0x71, 0xEB, 0x9C, 0xF8, 0x32, 0x89, 0x41,
    0x4F, 0xF0, 0xAC, 0x76, 0x1A, 0xC2, 0x39, 0xF8, 0xA0, 0x7F, 0x41, 0x74, 0xF3, 0xA2, 0x52, 0x8C,
    0xDA, 0x75, 0x2F, 0x99, 0x0C, 0x6E, 0x6F, 0xA4, 0x8D, 0xFC, 0xCA, 0x43, 0xD2, 0x14, 0x2C, 0xD0,
    0xAB, 0x65, 0xE7, 0xC3, 0xB5, 0xE9, 0xA0, 0x62, 0x9E, 0x85, 0x1E, 0x2B, 0xEE, 0x18, 0x5E, 0x01,
    0xC0, 0x65, 0x9B, 0xEB, 0x55, 0x61, 0x36, 0x0C, 0xDE, 0x45, 0x08, 0xC6, 0xD4, 0x4D, 0x5C, 0xBB,
    0x8D, 0x66, 0x81, 0x4E, 0x1D, 0x27, 0xD7, 0xE0, 0xD6, 0xA3, 0xEC, 0x56, 0xEB, 0x57, 0x61, 0x71,
    0xEF, 0x5E, 0x80, 0xF0, 0xAD, 0xBD, 0x15, 0x16, 0x41, 0xD9, 0x5C, 0x43, 0x44, 0xF7, 0xBB, 0xFA,
    0x7A, 0x94, 0x79, 0xCF, 0xAA, 0x18, 0xAB, 0xF2, 0x79, 0x19, 0x69, 0xE5, 0x1C, 0x14, 0xE1, 0x2E,
    0xAD, 0x06, 0x77, 0x6F, 0x4D, 0x16, 0x30, 0xBC, 0x4B, 0x18, 0x7D, 0xA4, 0x82, 0x29, 0xB5, 0xAD,
    0xB7, 0x8A, 0x17, 0x44, 0x49, 0x3D, 0x97, 0x66, 0x3D, 0xD4, 0xE5, 0xE4, 0xF5, 0x75, 0x82, 0x70,
    0xB0, 0xB8, 0xD0, 0xF0, 0xB9, 0x54, 0xE5, 0x52, 0x25, 0x5F, 0xA9, 0x88, 0x05, 0x43, 0xF8, 0xAF,
    0x33, 0xCE, 0x48, 0xC3, 0xCC, 0x49, 0x4E, 0x6D, 0x91, 0x7A, 0x24, 0x2E, 0x68, 0x42, 0x02, 0x62,
    0x70, 0x81, 0xED, 0x79, 0x71, 0xDC, 0x8F, 0x48, 0xD4, 0x1C, 0x02, 0x9C, 0xDC, 0xE8, 0xBC, 0x6D,
    0x03, 0x2B, 0x9D, 0x0B, 0xE6, 0x72, 0xB6, 0xDD, 0xAD, 0x15, 0x23, 0xB3, 0x0B, 0x19, 0x12, 0x89,
    0x21, 0x84, 0x75, 0xDA, 0xA0, 0xF4, 0x1A, 0xBF, 0x62, 0xD5, 0x8F, 0x5F, 0xB9, 0x4D, 0x50, 0x3A,
    0x2D, 0xB3, 0x07, 0xB8, 0x7A, 0x0F, 0x4A, 0x76, 0x47, 0xDB, 0x44, 0x59, 0x7C, 0xDF, 0xFE, 0x12,
    0x87, 0xB6, 0x96, 0xB8, 0xDA, 0x16, 0x0A, 0x8D, 0x85, 0xD5, 0x85, 0xDA, 0xCC, 0x33, 0x59, 0x4B,
    0xA1, 0x2D, 0x32, 0xFC, 0xB1, 0xB2, 0x39, 0x0D, 0x4F, 0x4A, 0x9B, 0x6E, 0xAB, 0x0F, 0x8F, 0xA8,
    0x23, 0xD7, 0x57, 0x47, 0xF1, 0x0C, 0xEB, 0xE2, 0x89, 0x45, 0x3C, 0xE5, 0xBA, 0x78, 0x98, 0x35,
    0xFD, 0xEC, 0x42, 0xC5, 0x63, 0xAB, 0xEA, 0xAE, 0x8D, 0x4F, 0xCB, 0x8A, 0xA2, 0x39, 0xDA, 0x48,
    0xD6, 0xE1, 0xE8, 0x73, 0xE2, 0xA8, 0x37, 0x26, 0x93, 0xE9, 0xFC, 0xF7, 0x6B, 0xAC, 0xBB, 0x26,
    0xF8, 0x17, 0x0C, 0xCF, 0x8A, 0x53, 0x18, 0xBA, 0xB1, 0x52, 0x91, 0x78, 0xBF, 0x1A, 0x23, 0x55,
    0x33, 0x6E, 0xA5, 0x04, 0xED, 0x98, 0x17, 0x63, 0x94, 0x21, 0xBB, 0x79, 0x64, 0x20, 0xE5, 0x97,
    0xD5, 0xEA, 0x62, 0xDC, 0xF1, 0xA1, 0xB8, 0x01, 0xBF, 0x96, 0x9D, 0xFA, 0xD7, 0x56, 0x72, 0x17,
    0x1D, 0x2E, 0xFF, 0xE7, 0x64, 0x47, 0x7E, 0x6D, 0xC8, 0xE0, 0xDF, 0x15, 0x71, 0x49, 0x9E, 0xA0,
    0x91, 0x24, 0x9E, 0xFD, 0x49, 0x26, 0x05, 0x8A, 0xE9, 0x62, 0x50, 0x8A, 0x9E, 0xA7, 0xB6, 0xDB,
    0xDA, 0x96, 0x08, 0x72, 0x70, 0xA1, 0xF1, 0x70, 0x25, 0xA5, 0xD4, 0x8B, 0x91, 0xCF, 0x67, 0x24,
    0x66, 0x0C, 0x25, 0xFD, 0x76, 0xA5, 0x5C, 0x5D, 0x7E, 0x6F, 0x33, 0xCC, 0x19, 0xA8, 0xC7, 0x72,
    0x8E, 0x74, 0x94, 0x82, 0x77, 0x54, 0x0A, 0x6B, 0x9D, 0x4C, 0x16, 0x94, 0x90, 0x16, 0x8C, 0x6E,
    0x73, 0xA8, 0xEB, 0xBF, 0x5F, 0x5A, 0xF0, 0xC8, 0xC2, 0xED, 0x91, 0x85, 0x31, 0xFD, 0x51, 0xCA,
    0x6A, 0xBB, 0xB3, 0xC8, 0x8A, 0xDC, 0x9F, 0x0B, 0x89, 0x5D, 0x2F, 0x78, 0x64, 0x61, 0xA1, 0xD7,
    0x40, 0x26, 0xC1, 0x5E, 0x66, 0xE7, 0x60, 0x35, 0xAC, 0x38, 0xC2, 0x63, 0x54, 0x8E, 0xE1, 0xA1,
    0x19, 0x7F, 0x7A, 0xB4, 0xCE, 0xE3, 0xDA, 0x24, 0xD5, 0x92, 0xC0, 0xB4, 0x48, 0x2A, 0xAA, 0x8F,
    0x9D, 0xE9, 0xC7, 0xAB, 0x3C, 0x5E, 0x56, 0xAF, 0x73, 0x5D, 0xB9, 0xB0, 0xA1, 0x9C, 0xFA, 0x4B,
    0x17, 0x36, 0x8F, 0x69, 0x15, 0x0D, 0xDE, 0xB0, 0xA5, 0x93, 0x31, 0xCC, 0xC2, 0x5A, 0x33, 0xF5,
    0x66, 0x7E, 0xC6, 0x8A, 0xA6, 0xFF, 0x07, 0x15, 0x8C, 0x31, 0x6E, 0xC2, 0x30, 0x18, 0x46, 0x3F,
    0x93, 0x21, 0x43, 0x24, 0xFE, 0x0E, 0xDD, 0x7D, 0x82, 0xC2, 0x05, 0x90, 0x1C, 0xC1, 0xD0, 0xA1,
    0xD7, 0x60, 0x81, 0x13, 0x30, 0x60, 0xE1, 0xB3, 0x74, 0x42, 0x2C, 0x2C, 0x48, 0x2C, 0x10, 0x47,
    0x62, 0xE8, 0x4A, 0x7B, 0x01, 0xAC, 0x6E, 0x4C, 0xFD, 0x07, 0x0F, 0x11, 0x72, 0xF2, 0x93, 0x3E,
    0xBD, 0xF1, 0xE9, 0x1D, 0xA8, 0xDE, 0xA8, 0x26, 0xBF, 0xAA, 0x60, 0xE8, 0xA7, 0xB1, 0xC0, 0x2B,
    0x54, 0x87, 0x5C, 0x6A, 0xFD, 0xC5, 0x1B, 0x95, 0x8A, 0x30, 0x1C, 0x8B, 0x37, 0xBE, 0x3D, 0xE5,
    0x71, 0xB7, 0xDB, 0x4B, 0x0F, 0xCF, 0xF1, 0xC9, 0xC5, 0xE5, 0xD1, 0xE5, 0xC2, 0x83, 0x16, 0x56,
    0xC4, 0x5A, 0x1C, 0x53, 0x26, 0x4C, 0xB7, 0xF2, 0x6D, 0x41, 0x51, 0xEA, 0x75, 0x56, 0xAF, 0x34,
    0x8A, 0x60, 0x52, 0x55, 0x31, 0x31, 0x55, 0x95, 0xE9, 0x4F, 0x2A, 0xAC, 0xE8, 0xC2, 0xED, 0xF8,
    0xE3, 0x3B, 0x5A, 0x2A, 0x17, 0x98, 0x9B, 0x59, 0xA4, 0xDB, 0x35, 0x93, 0x12, 0x67, 0x00, 0x5B,
    0x20, 0xFD, 0x3B, 0x48, 0xCB, 0x7D, 0xE3, 0x85, 0xBD, 0xB8, 0x91, 0xF9, 0xEB, 0xBA, 0x11, 0x94,
    0xD3, 0x4E, 0x63, 0x02, 0xD6, 0xD3, 0xD8, 0x87, 0x99, 0x2B, 0xA0, 0x23, 0xD6, 0x98, 0xBC, 0x9C,
    0x4C, 0x00, 0xF4, 0xBB, 0x8B, 0x74, 0xF7, 0xBF, 0xED, 0x13, 0xA5, 0x91, 0x4D, 0x4E, 0xC4, 0x30,
    0x0C, 0x85, 0xDF, 0xB4, 0x12, 0x59, 0x74, 0x91, 0x03, 0x20, 0xD1, 0x13, 0x40, 0x2E, 0x80, 0x26,
    0x65, 0xC5, 0xA5, 0x40, 0x53, 0x89, 0x0B, 0x70, 0x8E, 0xB2, 0x60, 0x3B, 0xAB, 0x49, 0xE1, 0x04,
    0x81, 0x13, 0x54, 0x5C, 0x60, 0x22, 0xD1, 0x45, 0x81, 0x4C, 0x8C, 0x93, 0xB6, 0x03, 0x42, 0x8C,
    0x84, 0x84, 0xFB, 0x63, 0x3B, 0xF9, 0xFA, 0x62, 0xBB, 0x4D, 0x63, 0x88, 0xC8, 0x37, 0x4D, 0x73,
    0x4F, 0xC9, 0x5C, 0x93, 0xCC, 0xD0, 0x97, 0xF9, 0xE2, 0xE6, 0xA1, 0xEB, 0xAF, 0xD5, 0x96, 0x48,
    0x63, 0xA9, 0x29, 0x84, 0xF2, 0xF2, 0xD1, 0xBA, 0x35, 0xF4, 0xB7, 0xB8, 0xA8, 0xD7, 0xE7, 0xF9,
    0x43, 0x77, 0x22, 0xAB, 0xFE, 0x5A, 0x3C, 0x07, 0xB5, 0xF5, 0x44, 0xAF, 0xA4, 0x73, 0xB7, 0xCC,
    0xD9, 0x91, 0xA7, 0xED, 0x4B, 0x28, 0x2F, 0xFA, 0x2B, 0xF1, 0x68, 0x4F, 0x25, 0xDC, 0xBA, 0xA8,
    0xF5, 0xA1, 0x0D, 0xE4, 0x0E, 0xBF, 0x3D, 0x73, 0x3D, 0xCD, 0xDD, 0x7B, 0x73, 0x88, 0xF9, 0xCF,
    0xF3, 0x17, 0xFD, 0xBF, 0x30, 0x0B, 0xAA, 0x24, 0x39, 0x6E, 0x6D, 0x45, 0xBB, 0x6F, 0x63, 0x24,
    0x4E, 0x79, 0x91, 0xB7, 0x18, 0x38, 0x03, 0x5F, 0xAA, 0xD3, 0x1D, 0x0F, 0x4A, 0x7A, 0x19, 0x42,
    0x1E, 0xB2, 0x70, 0x86, 0x25, 0x2F, 0x2F, 0xCC, 0x2D, 0xA0, 0x90, 0xCC, 0x50, 0x8B, 0xBC, 0x4B,
    0xA1, 0xFA, 0x20, 0xC0, 0xA7, 0x50, 0xF4, 0x62, 0x98, 0x89, 0x80, 0xB2, 0x9D, 0x08, 0x69, 0x79,
    0x7F, 0x24, 0xB0, 0x83, 0x6C, 0x27, 0x42, 0x76, 0x0B, 0x2F, 0xEC, 0x18, 0xAF, 0xAA, 0x55, 0x3D,
    0x11, 0x19, 0x19, 0x37, 0x11, 0x28, 0x68, 0x4F, 0xE0, 0xF8, 0x0D, 0x3E, 0x0B, 0x15, 0xD4, 0x90,
    0x4E, 0xCD, 0x28, 0x40, 0x51, 0x8C, 0x85, 0x35, 0xDB, 0xA1, 0x08, 0x26, 0x1E, 0x36, 0x48, 0x5B,
    0x3E, 0x05, 0x98, 0x2A, 0x12, 0x03, 0x36, 0xBA, 0xCE, 0x7C, 0x24, 0x74, 0x25, 0x5E, 0x1D, 0x1F,
    0xCD, 0x04, 0x0F, 0x42, 0xEB, 0x54, 0xB1, 0xC2, 0x7E, 0x59, 0xD8, 0x2F, 0x7A, 0x40, 0x39, 0x8B,
    0x30, 0x37, 0x6B, 0x73, 0x1D, 0xFB, 0x23, 0xF9, 0x3E, 0x9A, 0x2A, 0x91, 0x36, 0x1F, 0x60, 0x62,
    0xAF, 0xFD, 0xE8, 0xF8, 0xEB, 0x16, 0x1B, 0x70, 0xCA, 0xDE, 0x80, 0x73, 0x69, 0x75, 0xCB, 0x7D,
    0x0B, 0x07, 0xD5, 0xF2, 0x58, 0x46, 0xBF, 0xE3, 0x97, 0xE8, 0x39, 0x65, 0xE7, 0x38, 0x63, 0x24,
    0x9A, 0xDE, 0xBF, 0x14, 0xB7, 0x10, 0x25, 0x90, 0xAA, 0x46, 0x11, 0xC7, 0x20, 0x62, 0x8B, 0xF1,
    0x67, 0x46, 0x79, 0x60, 0x91, 0x26, 0xE1, 0xC7, 0xB1, 0xB2, 0x6D, 0x7E, 0x28, 0xD4, 0xBF, 0x28,
    0xB8, 0x59, 0x21, 0xFB, 0xA1, 0xF0, 0x09, 0x63, 0xE0, 0x3E, 0xC0, 0x20, 0x7F, 0x80, 0xC1, 0xFE,
    0x00, 0xC3, 0xFF, 0x03, 0x4C, 0xDF, 0x0F, 0xB0, 0x1F, 0x3F, 0xC0, 0xEF, 0x7E, 0xC0, 0x8E, 0xFD,
    0xC0, 0x1E, 0xF6, 0x03, 0xFF, 0xFF, 0xFF, 0x05, 0x22, 0x06, 0xF6, 0x03, 0x10, 0x04, 0x00, 0x35,
    0x8E, 0xC1, 0x6D, 0x03, 0x21, 0x10, 0x45, 0xBF, 0x77, 0x65, 0x73, 0xF0, 0x81, 0x02, 0x72, 0xD8,
    0x12, 0x28, 0x61, 0x91, 0xD2, 0x80, 0x2F, 0xAE, 0xC7, 0xEE, 0xC0, 0xAE, 0x23, 0x97, 0x54, 0x60,
    0x41, 0x09, 0x94, 0xE0, 0x43, 0x0A, 0x40, 0x91, 0x0F, 0xD8, 0x62, 0xF9, 0xFE, 0x4B, 0x94, 0x39,
    0x20, 0x98, 0x61, 0xDE, 0xFB, 0x00, 0x66, 0x60, 0x7B, 0x6C, 0x07, 0xCC, 0x64, 0x04, 0x49, 0xF4,
    0x16, 0x50, 0xB1, 0x6B, 0x9F, 0x59, 0x9D, 0x4B, 0xB4, 0x2D, 0x04, 0x04, 0x3F, 0xD5, 0xF1, 0x01,
    0x9B, 0xA7, 0x08, 0x17, 0x6F, 0xC0, 0x49, 0x2F, 0x54, 0x1B, 0x31, 0x66, 0x2D, 0xD8, 0xB8, 0x68,
    0x71, 0x78, 0x60, 0x53, 0x4D, 0xC6, 0x3E, 0xDB, 0x84, 0x39, 0xB9, 0x64, 0xE8, 0xE7, 0x17, 0x17,
    0xD1, 0x7F, 0x0B, 0x3E, 0x9E, 0xE6, 0xBE, 0xA2, 0x87, 0x2F, 0xD5, 0x45, 0x2E, 0x4A, 0xCA, 0x0A,
    0xEC, 0x78, 0x05, 0x36, 0xA4, 0x80, 0xAE, 0x85, 0x82, 0xA1, 0xC1, 0x14, 0x4C, 0x09, 0x52, 0x34,
    0x8D, 0xBD, 0x90, 0x2A, 0x77, 0xD6, 0x61, 0x7B, 0xC6, 0x40, 0x96, 0x55, 0x8A, 0xFF, 0xB8, 0xCA,
    0xBB, 0x5E, 0x49, 0x8F, 0xA1, 0x33, 0xFF, 0x7E, 0xE3, 0xD4, 0x87, 0x4B, 0xD7, 0xAA, 0xEB, 0xFC,
    0x58, 0x14, 0x11, 0xA6, 0xC2, 0xDD, 0xB1, 0xE7, 0xB7, 0xF0, 0x86, 0x4C, 0xD2, 0x87, 0x1F, 0xBC,
    0x01, 0xB5, 0x54, 0x3B, 0x8E, 0xD4, 0x40, 0x10, 0x7D, 0xB6, 0xD1, 0x38, 0x70, 0xD0, 0x29, 0x30,
    0x81, 0x13, 0x22, 0x12, 0x5F, 0x00, 0xD1, 0x5E, 0x71, 0x05, 0x72, 0x8E, 0xB0, 0x27, 0x60, 0xEC,
    0x23, 0xEC, 0x11, 0x36, 0x80, 0x78, 0x2F, 0x80, 0xC6, 0x23, 0x6D, 0x40, 0xC8, 0xC0, 0x05, 0x30,
    0xD2, 0x26, 0x44, 0x58, 0xCC, 0x20, 0xBC, 0xDA, 0x76, 0x17, 0xAF, 0xDA, 0x6E, 0x06, 0x01, 0x11,
    0x12, 0x96, 0xA7, 0x55, 0xE5, 0xA9, 0x7A, 0xAF, 0x3E, 0xCF, 0x86, 0x5C, 0x00, 0x46, 0x6E, 0x00,
    0x91, 0x1E, 0x48, 0x64, 0xC7, 0xC3, 0x03, 0xC8, 0x06, 0x14, 0xFE, 0x45, 0x5B, 0x88, 0x77, 0xA9,
    0x5C, 0xC9, 0xBE, 0x69, 0x0B, 0x6F, 0x7A, 0x54, 0x9F, 0x1C, 0x43, 0x6D, 0x8D, 0xE2, 0x30, 0x00,
    0x8D, 0x05, 0xF2, 0x93, 0x71, 0x04, 0x36, 0x55, 0x0B, 0xF3, 0xDE, 0x21, 0x71, 0x66, 0x80, 0x6D,
    0xED, 0xBE, 0x1C, 0x12, 0x11, 0x87, 0x54, 0x08, 0x9A, 0xBC, 0x56, 0x9A, 0x5F, 0x2E, 0x66, 0x5A,
    0xA7, 0xFC, 0xE4, 0x53, 0xE6, 0xFF, 0xFB, 0xE0, 0x33, 0x2B, 0xB8, 0xB4, 0xA4, 0x3D, 0x28, 0xB7,
    0x1A, 0x5F, 0xF9, 0x18, 0xEC, 0x8A, 0x01, 0x35, 0x90, 0x06, 0x6F, 0x50, 0xAF, 0x65, 0xE8, 0x44,
    0xA3, 0x88, 0x1E, 0xD4, 0xCB, 0xD5, 0xAB, 0x76, 0x4B, 0x64, 0xA3, 0xD1, 0x7B, 0x92, 0x8C, 0x34,
    0x3A, 0xFE, 0xCA, 0xDD, 0xE2, 0xC8, 0x12, 0x96, 0x71, 0x20, 0xF0, 0xD1, 0x89, 0xA4, 0x87, 0xD8,
    0xFD, 0x17, 0xFE, 0xBC, 0x1A, 0x04, 0x01, 0x1E, 0xD7, 0x4B, 0x60, 0xC0, 0x09, 0xC8, 0x73, 0x69,
    0xA1, 0x86, 0x00, 0x15, 0xC0, 0x03, 0x77, 0xA2, 0x47, 0x80, 0x0E, 0xCC, 0xA1, 0x96, 0xD0, 0xC3,
    0x5C, 0x6C, 0xF5, 0x17, 0x84, 0x50, 0xFC, 0xEF, 0x08, 0xDA, 0x15, 0xEE, 0x57, 0xEF, 0xEE, 0xA6,
    0xA7, 0x6A, 0xAD, 0x28, 0x06, 0x6C, 0x63, 0x6E, 0x18, 0xC7, 0x6E, 0x09, 0x2D, 0x89, 0x9B, 0x6A,
    0x11, 0x76, 0x16, 0xC7, 0x6C, 0xE4, 0xFD, 0x92, 0x50, 0x9C, 0x12, 0x38, 0x6B, 0xC7, 0xC1, 0x97,
    0xAD, 0xF5, 0x4C, 0xC8, 0x86, 0x8A, 0xF5, 0x3C, 0x1B, 0x88, 0xC2, 0x04, 0xF3, 0x96, 0x09, 0xDB,
    0x0D, 0x11, 0xEE, 0xF6, 0xF3, 0x56, 0x82, 0xE2, 0x8C, 0x66, 0x76, 0xCA, 0xF0, 0x0A, 0xC9, 0x96,
    0x77, 0x6D, 0xA4, 0x2F, 0x64, 0xB0, 0xE2, 0x78, 0x77, 0x67, 0x22, 0x67, 0x93, 0x83, 0x1D, 0xB1,
    0x71, 0xBA, 0x20, 0xE6, 0x55, 0x23, 0x9A, 0x8E, 0xCA, 0x82, 0x9F, 0x63, 0x4A, 0xE9, 0x8D, 0x1C,
    0x53, 0x5F, 0x27, 0x84, 0xA1, 0x80, 0x53, 0xAA, 0xF9, 0xFB, 0x88, 0x37, 0x4F, 0xB4, 0x4C, 0x36,
    0xA1, 0x15, 0x3B, 0xFC, 0xBB, 0x93, 0x5F, 0xF7, 0xD9, 0xB7, 0x01, 0x72, 0x84, 0xD1, 0x21, 0x3C,
    0x47, 0x82, 0x66, 0xC2, 0xCB, 0x52, 0xE4, 0xEA, 0xFA, 0xB8, 0x96, 0xF1, 0x21, 0xF2, 0x5B, 0xFC,
    0xBC, 0xCA, 0x1B, 0x3C, 0x32, 0x32, 0x16, 0x1F, 0xB8, 0x5E, 0xB6, 0x7D, 0xAE, 0x82, 0x78, 0x50,
    0x2F, 0x4B, 0xD6, 0x6D, 0x84, 0x91, 0xDA, 0x5A, 0x97, 0xFF, 0x31, 0xAA, 0xA0, 0x0F, 0xCB, 0x4A,
    0xDD, 0xB2, 0x49, 0x3A, 0x26, 0xFE, 0xA5, 0x4A, 0x99, 0x4E, 0xA2, 0x8B, 0x61, 0xF1, 0x4A, 0x38,
    0xB9, 0x35, 0x27, 0xDC, 0x39, 0xAC, 0xE5, 0x16, 0x9D, 0x5C, 0xE4, 0x32, 0xC2, 0xF8, 0x1A, 0x99,
    0x4A, 0xA4, 0xA3, 0x91, 0x48, 0x3C, 0xC2, 0x9B, 0x98, 0xEA, 0xD4, 0x57, 0x41, 0x11, 0x91, 0x23,
    0xBC, 0x8F, 0xBA, 0x7F, 0x1B, 0xBE, 0x08, 0x9C, 0xA2, 0xE8, 0xD1, 0x49, 0x3D, 0x1F, 0xE8, 0xA8,
    0x9D, 0x15, 0x3B, 0x39, 0x97, 0x7A, 0x35, 0xB3, 0x64, 0x42, 0xFD, 0xE8, 0x67, 0x43, 0xC5, 0x73,
    0xEF, 0x0F, 0xB0, 0x1F, 0x0D, 0xCC, 0xA1, 0x0D, 0x80, 0x30, 0x14, 0x40, 0xC1, 0x47, 0xBF, 0xA0,
    0xAE, 0x06, 0x83, 0xAB, 0x20, 0xC1, 0x32, 0x40, 0x43, 0x18, 0xA1, 0x23, 0x74, 0x13, 0x2A, 0x71,
    0xAC, 0xC0, 0x28, 0x4D, 0x30, 0x65, 0x9B, 0x0A, 0x82, 0x22, 0x29, 0xDC, 0x00, 0x57, 0x6B, 0xAD,
    0x0B, 0xAC, 0x20, 0x0F, 0x8C, 0x19, 0x76, 0x8D, 0x76, 0x03, 0xA1, 0x4C, 0x22, 0xC9, 0x0F, 0x86,
    0x18, 0x1D, 0x1B, 0x45, 0x1D, 0x92, 0x04, 0x43, 0x8F, 0x23, 0x53, 0xB4, 0x96, 0x14, 0xAC, 0x11,
    0xAC, 0xEB, 0xF0, 0x25, 0x71, 0x5E, 0x34, 0xBB, 0x45, 0xCD, 0xA0, 0x6E, 0x68, 0xFF, 0xF8, 0xFD,
    0x00,
};

static const EpdGlyph lexica_17_regularGlyphs[] = {
    { 0, 0, 0, 0, 0, 0, 0 }, // 
    { 0, 0, 10, 0, 0, 0, 0 }, //  
    { 5, 24, 11, 3, 24, 30, 0 }, // !
    { 8, 8, 11, 2, 24, 16, 30 }, // "
    { 21, 24, 23, 1, 24, 126, 46 }, // #
    { 19, 30, 21, 1, 27, 143, 172 }, // $
    { 30, 24, 32, 1, 24, 180, 315 }, // %
    { 24, 24, 25, 1, 24, 144, 495 }, // &
    { 3, 8, 6, 2, 24, 6, 639 }, // '
    { 9, 30, 11, 2, 24, 68, 645 }, // (
    { 10, 30, 11, 0, 24, 75, 713 }, // )
    { 12, 10, 16, 2, 24, 30, 788 }, // *
    { 18, 18, 22, 2, 18, 81, 818 }, // +
    { 5, 9, 7, 1, 4, 12, 899 }, // ,
    { 10, 3, 12, 1, 10, 8, 911 }, // -
    { 5, 5, 7, 1, 5, 7, 919 }, // .
    { 13, 24, 13, 0, 24, 78, 926 }, // /
    { 19, 24, 23, 2, 24, 114, 1004 }, // 0
    { 11, 24, 15, 1, 24, 66, 1118 }, // 1
    { 17, 24, 19, 1, 24, 102, 1184 }, // 2
    { 17, 24, 20, 1, 24, 102, 1286 }, // 3
    { 19, 24, 21, 1, 24, 114, 1388 }, // 4
    { 18, 24, 20, 1, 24, 108, 1502 }, // 5
    { 17, 24, 21, 2, 24, 102, 1610 }, // 6
    { 16, 24, 18, 1, 24, 96, 1712 }, // 7
    { 18, 24, 21, 2, 24, 108, 1808 }, // 8
    { 17, 24, 21, 2, 24, 102, 1916 }, // 9
    { 5, 18, 7, 1, 18, 23, 2018 }, // :
    { 5, 23, 7, 1, 18, 29, 2041 }, // ;
    { 17, 18, 19, 1, 18, 77, 2070 }, // <
    { 18, 10, 22, 2, 14, 45, 2147 }, // =
    { 17, 18, 19, 1, 18, 77, 2192 }, // >
    { 16, 24, 19, 1, 24, 96, 2269 }, // ?
    { 24, 24, 28, 2, 24, 144, 2365 }, // @
    { 22, 24, 22, 0, 24, 132, 2509 }, // A
    { 18, 24, 22, 3, 24, 108, 2641 }, // B
    { 20, 24, 23, 2, 24, 120, 2749 }, // C
    { 20, 24, 24, 3, 24, 120, 2869 }, // D
    { 16, 24, 20, 3, 24, 96, 2989 }, // E
    { 16, 24, 20, 3, 24, 96, 3085 }, // F
    { 21, 24, 25, 2, 24, 126, 3181 }, // G
    { 19, 24, 25, 3, 24, 114, 3307 }, // H
    { 10, 24, 14, 2, 24, 60, 3421 }, // I
    { 15, 24, 19, 1, 24, 90, 3481 }, // J
    { 20, 24, 22, 3, 24, 120, 3571 }, // K
    { 16, 24, 20, 3, 24, 96, 3691 }, // L
    { 24, 24, 30, 3, 24, 144, 3787 }, // M
    { 19, 24, 25, 3, 24, 114, 3931 }, // N
    { 23, 24, 26, 2, 24, 138, 4045 }, // O
    { 18, 24, 22, 3, 24, 108, 4183 }, // P
    { 25, 26, 27, 2, 24, 163, 4291 }, // Q
    { 18, 24, 22, 3, 24, 108, 4454 }, // R
    { 19, 24, 21, 1, 24, 114, 4562 }, // S
    { 19, 24, 21, 1, 24, 114, 4676 }, // T
    { 19, 24, 25, 3, 24, 114, 4790 }, // U
    { 21, 24, 21, 0, 24, 126, 4904 }, // V
    { 30, 24, 30, 0, 24, 180, 5030 }, // W
    { 22, 24, 22, 0, 24, 132, 5210 }, // X
    { 21, 24, 21, 0, 24, 126, 5342 }, // Y
    { 18, 24, 22, 2, 24, 108, 5468 }, // Z
    { 8, 30, 12, 3, 24, 60, 5576 }, // [
    { 13, 24, 13, 0, 24, 78, 5636 }, // <backslash>
    { 9, 30, 12, 1, 24, 68, 5714 }, // ]
    { 17, 13, 20, 1, 24, 56, 5782 }, // ^
    { 13, 3, 15, 1, 0, 10, 5838 }, // _
    { 6, 5, 10, 2, 25, 8, 5848 }, // `
    { 16, 18, 18, 1, 18, 72, 5856 }, // a
    { 17, 24, 20, 2, 24, 102, 5928 }, // b
    { 16, 18, 17, 1, 18, 72, 6030 }, // c
    { 17, 24, 20, 1, 24, 102, 6102 }, // d
    { 17, 18, 19, 1, 18, 77, 6204 }, // e
    { 10, 25, 12, 1, 25, 63, 6281 }, // f
    { 17, 25, 20, 1, 18, 107, 6344 }, // g
    { 15, 24, 19, 2, 24, 90, 6451 }, // h
    { 6, 25, 9, 1, 25, 38, 6541 }, // i
    { 9, 31, 9, -2, 25, 70, 6579 }, // j
    { 15, 24, 17, 2, 24, 90, 6649 }, // k
    { 6, 24, 8, 2, 24, 36, 6739 }, // l
    { 25, 18, 29, 2, 18, 113, 6775 }, // m
    { 15, 18, 19, 2, 18, 68, 6888 }, // n
    { 17, 18, 19, 1, 18, 77, 6956 }, // o
    { 17, 24, 20, 2, 18, 102, 7033 }, // p
    { 21, 24, 20, 1, 18, 126, 7135 }, // q
    { 10, 18, 12, 2, 18, 45, 7261 }, // r
    { 16, 18, 16, 0, 18, 72, 7306 }, // s
    { 9, 22, 11, 1, 22, 50, 7378 }, // t
    { 15, 18, 19, 2, 18, 68, 7428 }, // u
    { 16, 18, 16, 0, 18, 72, 7496 }, // v
    { 24, 18, 23, 0, 18, 108, 7568 }, // w
    { 17, 18, 16, 0, 18, 77, 7676 }, // x
    { 16, 24, 15, -1, 18, 96, 7753 }, // y
    { 14, 18, 16, 1, 18, 63, 7849 }, // z
    { 10, 30, 12, 1, 24, 75, 7912 }, // {
    { 4, 30, 9, 3, 24, 30, 7987 }, // |
    { 10, 30, 12, 1, 24, 75, 8017 }, // }
    { 18, 5, 20, 1, 12, 23, 8092 }, // ~
    { 0, 0, 10, 0, 0, 0, 0 }, //  
    { 5, 24, 11, 3, 18, 30, 0 }, // ¡
    { 16, 24, 17, 1, 21, 96, 30 }, // ¢
    { 18, 24, 21, 2, 24, 108, 126 }, // £
    { 18, 18, 22, 2, 21, 81, 234 }, // ¤
    { 22, 24, 22, 0, 24, 132, 315 }, // ¥
    { 4, 30, 9, 3, 24, 30, 447 }, // ¦
    { 17, 30, 19, 1, 24, 128, 477 }, // §
    { 11, 4, 15, 2, 25, 11, 605 }, // ¨
    { 25, 25, 28, 2, 25, 157, 616 }, // ©
    { 10, 11, 13, 2, 25, 28, 773 }, // ª
    { 18, 15, 20, 1, 16, 68, 801 }, // «
    { 19, 11, 21, 1, 14, 53, 869 }, // ¬
    { 10, 3, 12, 1, 10, 8, 922 }, // ­
    { 25, 25, 28, 2, 25, 157, 930 }, // ®
    { 10, 3, 14, 2, 24, 8, 1087 }, // ¯
    { 10, 10, 12, 1, 25, 25, 1095 }, // °
    { 17, 18, 21, 2, 18, 77, 1120 }, // ±
    { 10, 14, 14, 2, 28, 35, 1197 }, // ²
    { 10, 14, 14, 2, 28, 35, 1232 }, // ³
    { 6, 5, 10, 2, 25, 8, 1267 }, // ´
    { 17, 24, 19, 2, 18, 102, 1275 }, // µ
    { 17, 30, 18, 1, 24, 128, 1377 }, // ¶
    { 5, 5, 9, 2, 12, 7, 1505 }, // ·
    { 8, 9, 10, 2, 2, 18, 1512 }, // ¸
    { 6, 14, 9, 2, 28, 21, 1530 }, // ¹
    { 10, 10, 14, 2, 24, 25, 1551 }, // º
    { 18, 15, 20, 1, 16, 68, 1576 }, // »
    { 25, 24, 29, 2, 24, 150, 1644 }, // ¼
    { 25, 24, 29, 2, 24, 150, 1794 }, // ½
    { 27, 24, 31, 2, 24, 162, 1944 }, // ¾
    { 16, 25, 19, 2, 19, 100, 2106 }, // ¿
    { 22, 32, 22, 0, 32, 176, 2206 }, // À
    { 22, 32, 22, 0, 32, 176, 2382 }, // Á
    { 22, 31, 22, 0, 31, 171, 2558 }, // Â
    { 22, 31, 22, 0, 31, 171, 2729 }, // Ã
    { 23, 31, 21, -1, 31, 179, 2900 }, // Ä
    { 22, 30, 22, 0, 30, 165, 3079 }, // Å
    { 34, 24, 35, 0, 24, 204, 3244 }, // Æ
    { 21, 31, 24, 2, 24, 163, 3448 }, // Ç
    { 16, 32, 20, 3, 32, 128, 3611 }, // È
    { 16, 32, 20, 3, 32, 128, 3739 }, // É
    { 16, 31, 20, 3, 31, 124, 3867 }, // Ê
    { 16, 31, 20, 3, 31, 124, 3991 }, // Ë
    { 10, 32, 14, 2, 32, 80, 4115 }, // Ì
    { 10, 32, 14, 2, 32, 80, 4195 }, // Í
    { 12, 31, 14, 1, 31, 93, 4275 }, // Î
    { 11, 31, 15, 2, 31, 86, 4368 }, // Ï
    { 23, 24, 26, 1, 24, 138, 4454 }, // Ð
    { 19, 31, 25, 3, 31, 148, 4592 }, // Ñ
    { 23, 32, 26, 2, 32, 184, 4740 }, // Ò
    { 23, 32, 26, 2, 32, 184, 4924 }, // Ó
    { 23, 32, 26, 2, 32, 184, 5108 }, // Ô
    { 23, 31, 26, 2, 31, 179, 5292 }, // Õ
    { 23, 32, 26, 2, 32, 184, 5471 }, // Ö
    { 16, 16, 19, 1, 17, 64, 5655 }, // ×
    { 23, 24, 26, 2, 24, 138, 5719 }, // Ø
    { 19, 32, 25, 3, 32, 152, 5857 }, // Ù
    { 19, 32, 25, 3, 32, 152, 6009 }, // Ú
    { 19, 32, 25, 3, 32, 152, 6161 }, // Û
    { 19, 32, 25, 3, 32, 152, 6313 }, // Ü
    { 21, 32, 21, 0, 32, 168, 6465 }, // Ý
    { 17, 24, 21, 3, 24, 102, 6633 }, // Þ
    { 18, 24, 22, 3, 24, 108, 6735 }, // ß
    { 16, 26, 18, 1, 26, 104, 6843 }, // à
    { 16, 26, 18, 1, 26, 104, 6947 }, // á
    { 16, 25, 18, 1, 25, 100, 7051 }, // â
    { 16, 24, 18, 1, 24, 96, 7151 }, // ã
    { 16, 25, 18, 1, 25, 100, 7247 }, // ä
    { 16, 29, 18, 1, 29, 116, 7347 }, // å
    { 29, 18, 31, 1, 18, 131, 7463 }, // æ
    { 16, 25, 18, 1, 18, 100, 7594 }, // ç
    { 17, 26, 19, 1, 26, 111, 7694 }, // è
    { 17, 26, 19, 1, 26, 111, 7805 }, // é
    { 17, 25, 19, 1, 25, 107, 7916 }, // ê
    { 17, 25, 19, 1, 25, 107, 8023 }, // ë
    { 7, 25, 10, 1, 25, 44, 8130 }, // ì
    { 8, 25, 10, 1, 25, 50, 8174 }, // í
    { 13, 25, 10, -2, 25, 82, 8224 }, // î
    { 11, 25, 10, -1, 25, 69, 8306 }, // ï
    { 17, 25, 20, 1, 25, 107, 8375 }, // ð
    { 15, 24, 19, 2, 24, 90, 8482 }, // ñ
    { 17, 26, 19, 1, 26, 111, 8572 }, // ò
    { 17, 26, 19, 1, 26, 111, 8683 }, // ó
    { 17, 25, 19, 1, 25, 107, 8794 }, // ô
    { 17, 24, 19, 1, 24, 102, 8901 }, // õ
    { 17, 25, 19, 1, 25, 107, 9003 }, // ö
    { 18, 17, 22, 2, 18, 77, 9110 }, // ÷
    { 17, 19, 19, 1, 19, 81, 9187 }, // ø
    { 15, 26, 19, 2, 26, 98, 9268 }, // ù
    { 15, 26, 19, 2, 26, 98, 9366 }, // ú
    { 15, 25, 19, 2, 25, 94, 9464 }, // û
    { 15, 25, 19, 2, 25, 94, 9558 }, // ü
    { 16, 31, 15, -1, 25, 124, 9652 }, // ý
    { 17, 30, 20, 2, 24, 128, 9776 }, // þ
    { 16, 31, 15, -1, 25, 124, 9904 }, // ÿ
    { 22, 30, 22, 0, 30, 165, 0 }, // Ā
    { 16, 24, 18, 1, 24, 96, 165 }, // ā
    { 22, 31, 22, 0, 31, 171, 261 }, // Ă
    { 16, 25, 18, 1, 25, 100, 432 }, // ă
    { 22, 30, 22, 0, 24, 165, 532 }, // Ą
    { 16, 24, 18, 1, 18, 96, 697 }, // ą
    { 21, 32, 24, 2, 32, 168, 793 }, // Ć
    { 16, 26, 17, 1, 26, 104, 961 }, // ć
    { 20, 32, 23, 2, 32, 160, 1065 }, // Ĉ
    { 16, 25, 17, 1, 25, 100, 1225 }, // ĉ
    { 21, 32, 24, 2, 32, 168, 1325 }, // Ċ
    { 15, 25, 17, 1, 25, 94, 1493 }, // ċ
    { 20, 31, 23, 2, 31, 155, 1587 }, // Č
    { 16, 25, 17, 1, 25, 100, 1742 }, // č
    { 20, 31, 24, 3, 31, 155, 1842 }, // Ď
    { 22, 24, 20, 1, 24, 132, 1997 }, // ď
    { 23, 24, 26, 1, 24, 138, 2129 }, // Đ
    { 19, 24, 21, 1, 24, 114, 2267 }, // đ
    { 16, 30, 20, 3, 30, 120, 2381 }, // Ē
    { 17, 24, 19, 1, 24, 102, 2501 }, // ē
    { 16, 31, 20, 3, 31, 124, 2603 }, // Ĕ
    { 17, 25, 19, 1, 25, 107, 2727 }, // ĕ
    { 16, 31, 20, 3, 31, 124, 2834 }, // Ė
    { 17, 25, 19, 1, 25, 107, 2958 }, // ė
    { 16, 30, 20, 3, 24, 120, 3065 }, // Ę
    { 17, 24, 19, 1, 18, 102, 3185 }, // ę
    { 16, 31, 20, 3, 31, 124, 3287 }, // Ě
    { 17, 25, 19, 1, 25, 107, 3411 }, // ě
    { 21, 32, 25, 2, 32, 168, 3518 }, // Ĝ
    { 17, 32, 20, 1, 25, 136, 3686 }, // ĝ
    { 21, 31, 25, 2, 31, 163, 3822 }, // Ğ
    { 17, 32, 20, 1, 25, 136, 3985 }, // ğ
    { 21, 32, 25, 2, 32, 168, 4121 }, // Ġ
    { 17, 32, 20, 1, 25, 136, 4289 }, // ġ
    { 21, 32, 25, 2, 24, 168, 4425 }, // Ģ
    { 17, 34, 20, 1, 27, 145, 4593 }, // ģ
    { 19, 31, 25, 3, 31, 148, 4738 }, // Ĥ
    { 20, 31, 19, -3, 31, 155, 4886 }, // ĥ
    { 24, 24, 26, 1, 24, 144, 5041 }, // Ħ
    { 17, 24, 20, 1, 24, 102, 5185 }, // ħ
    { 12, 31, 15, 1, 31, 93, 5287 }, // Ĩ
    { 13, 24, 10, -2, 24, 78, 5380 }, // ĩ
    { 10, 30, 14, 2, 30, 75, 5458 }, // Ī
    { 10, 24, 11, 0, 24, 60, 5533 }, // ī
    { 12, 31, 14, 1, 31, 93, 5593 }, // Ĭ
    { 12, 25, 10, -1, 25, 75, 5686 }, // ĭ
    { 10, 30, 14, 2, 24, 75, 5761 }, // Į
    { 6, 31, 9, 1, 25, 47, 5836 }, // į
    { 10, 31, 14, 2, 31, 78, 5883 }, // İ
    { 7, 18, 10, 1, 18, 32, 5961 }, // ı
    { 28, 24, 33, 2, 24, 168, 5993 }, // Ĳ
    { 15, 31, 18, 1, 25, 117, 6161 }, // ĳ
    { 20, 32, 19, 1, 32, 160, 6278 }, // Ĵ
    { 13, 31, 9, -2, 25, 101, 6438 }, // ĵ
    { 20, 33, 23, 3, 24, 165, 6539 }, // Ķ
    { 15, 33, 17, 2, 24, 124, 6704 }, // ķ
    { 15, 18, 17, 2, 18, 68, 6828 }, // ĸ
    { 16, 32, 20, 3, 32, 128, 6896 }, // Ĺ
    { 6, 32, 8, 2, 32, 48, 7024 }, // ĺ
    { 16, 33, 20, 3, 24, 132, 7072 }, // Ļ
    { 7, 33, 8, 1, 24, 58, 7204 }, // ļ
    { 16, 24, 20, 3, 24, 96, 7262 }, // Ľ
    { 9, 24, 8, 2, 24, 54, 7358 }, // ľ
    { 16, 24, 20, 3, 24, 96, 7412 }, // Ŀ
    { 10, 24, 13, 2, 24, 60, 7508 }, // ŀ
    { 19, 24, 21, 1, 24, 114, 7568 }, // Ł
    { 8, 24, 9, 1, 24, 48, 7682 }, // ł
    { 19, 32, 25, 3, 32, 152, 7730 }, // Ń
    { 15, 25, 19, 2, 25, 94, 7882 }, // ń
    { 19, 33, 25, 3, 24, 157, 7976 }, // Ņ
    { 15, 27, 19, 2, 18, 102, 8133 }, // ņ
    { 19, 31, 25, 3, 31, 148, 8235 }, // Ň
    { 15, 25, 19, 2, 25, 94, 8383 }, // ň
    { 21, 24, 25, 2, 24, 126, 8477 }, // ŉ
    { 19, 30, 25, 3, 24, 143, 8603 }, // Ŋ
    { 15, 24, 19, 2, 18, 90, 8746 }, // ŋ
    { 23, 31, 26, 2, 31, 179, 8836 }, // Ō
    { 17, 24, 19, 1, 24, 102, 9015 }, // ō
    { 23, 31, 26, 2, 31, 179, 9117 }, // Ŏ
    { 17, 25, 19, 1, 25, 107, 9296 }, // ŏ
    { 23, 32, 26, 2, 32, 184, 9403 }, // Ő
    { 17, 26, 19, 1, 26, 111, 9587 }, // ő
    { 34, 24, 37, 2, 24, 204, 9698 }, // Œ
    { 31, 18, 33, 1, 18, 140, 9902 }, // œ
    { 18, 32, 22, 3, 32, 144, 10042 }, // Ŕ
    { 10, 25, 12, 2, 25, 63, 10186 }, // ŕ
    { 18, 33, 22, 3, 24, 149, 10249 }, // Ŗ
    { 12, 27, 12, 0, 18, 81, 10398 }, // ŗ
    { 18, 31, 22, 3, 31, 140, 10479 }, // Ř
    { 13, 25, 12, 0, 25, 82, 10619 }, // ř
    { 19, 32, 21, 1, 32, 152, 10701 }, // Ś
    { 16, 26, 16, 0, 26, 104, 10853 }, // ś
    { 19, 32, 21, 1, 32, 152, 10957 }, // Ŝ
    { 16, 25, 16, 0, 25, 100, 11109 }, // ŝ
    { 19, 31, 21, 1, 24, 148, 11209 }, // Ş
    { 16, 25, 16, 0, 18, 100, 11357 }, // ş
    { 19, 31, 21, 1, 31, 148, 11457 }, // Š
    { 16, 25, 16, 0, 25, 100, 11605 }, // š
    { 19, 31, 21, 1, 24, 148, 11705 }, // Ţ
    { 10, 29, 12, 1, 22, 73, 11853 }, // ţ
    { 19, 31, 21, 1, 31, 148, 11926 }, // Ť
    { 12, 26, 12, 1, 26, 78, 12074 }, // ť
    { 19, 24, 21, 1, 24, 114, 12152 }, // Ŧ
    { 9, 22, 11, 1, 22, 50, 12266 }, // ŧ
    { 19, 31, 25, 3, 31, 148, 12316 }, // Ũ
    { 15, 24, 19, 2, 24, 90, 12464 }, // ũ
    { 19, 31, 25, 3, 31, 148, 12554 }, // Ū
    { 15, 24, 19, 2, 24, 90, 12702 }, // ū
    { 19, 31, 25, 3, 31, 148, 12792 }, // Ŭ
    { 15, 25, 19, 2, 25, 94, 12940 }, // ŭ
    { 19, 35, 25, 3, 35, 167, 13034 }, // Ů
    { 15, 29, 19, 2, 29, 109, 13201 }, // ů
    { 19, 32, 25, 3, 32, 152, 13310 }, // Ű
    { 15, 26, 19, 2, 26, 98, 13462 }, // ű
    { 19, 30, 25, 3, 24, 143, 13560 }, // Ų
    { 15, 24, 19, 2, 18, 90, 13703 }, // ų
    { 30, 31, 30, 0, 31, 233, 13793 }, // Ŵ
    { 24, 25, 23, 0, 25, 150, 14026 }, // ŵ
    { 21, 31, 21, 0, 31, 163, 14176 }, // Ŷ
    { 16, 31, 15, -1, 25, 124, 14339 }, // ŷ
    { 21, 31, 21, 0, 31, 163, 14463 }, // Ÿ
    { 18, 32, 22, 2, 32, 144, 14626 }, // Ź
    { 14, 25, 16, 1, 25, 88, 14770 }, // ź
    { 18, 31, 22, 2, 31, 140, 14858 }, // Ż
    { 14, 25, 16, 1, 25, 88, 14998 }, // ż
    { 18, 31, 22, 2, 31, 140, 15086 }, // Ž
    { 14, 25, 16, 1, 25, 88, 15226 }, // ž
    { 10, 25, 11, 1, 25, 63, 15314 }, // ſ
    { 6, 5, 6, 0, 25, 8, 0 }, // ̀
    { 6, 5, 6, 0, 25, 8, 8 }, // ́
    { 12, 5, 11, 0, 26, 15, 16 }, // ̂
    { 12, 4, 12, 0, 25, 12, 31 }, // ̃
    { 10, 3, 10, 0, 24, 8, 43 }, // ̄
    { 11, 5, 10, 0, 25, 14, 51 }, // ̆
    { 4, 4, 4, 0, 25, 4, 65 }, // ̇
    { 11, 4, 11, 0, 25, 11, 69 }, // ̈
    { 6, 7, 5, 0, 27, 11, 80 }, // ̉
    { 8, 8, 8, 0, 28, 16, 91 }, // ̊
    { 11, 5, 11, 0, 25, 14, 107 }, // ̋
    { 12, 5, 11, 0, 25, 15, 121 }, // ̌
    { 12, 7, 13, 0, 22, 21, 136 }, // ̛
    { 5, 5, 8, 1, -2, 7, 157 }, // ̣
    { 7, 7, 0, -1, -2, 13, 164 }, // ̦
    { 8, 9, 0, -1, 2, 18, 177 }, // ̧
    { 6, 6, 6, 0, 0, 9, 195 }, // ̨
    { 9, 3, 11, 1, 10, 7, 0 }, // ‐
    { 14, 3, 16, 1, 10, 11, 7 }, // –
    { 25, 3, 27, 1, 10, 19, 18 }, // —
    { 5, 9, 9, 2, 24, 12, 37 }, // ‘
    { 5, 9, 9, 2, 24, 12, 49 }, // ’
    { 5, 9, 9, 2, 4, 12, 61 }, // ‚
    { 11, 9, 15, 2, 24, 25, 73 }, // “
    { 11, 9, 15, 2, 24, 25, 98 }, // ”
    { 11, 9, 15, 2, 4, 25, 123 }, // „
    { 16, 24, 18, 1, 24, 96, 148 }, // †
    { 16, 24, 18, 1, 24, 96, 244 }, // ‡
    { 12, 12, 16, 2, 15, 36, 340 }, // •
    { 21, 5, 25, 2, 5, 27, 376 }, // …
    { 46, 24, 48, 1, 24, 276, 403 }, // ‰
    { 10, 15, 13, 1, 16, 38, 679 }, // ‹
    { 10, 15, 13, 1, 16, 38, 717 }, // ›
    { 21, 24, 21, 0, 24, 126, 755 }, // ⁄
    { 12, 14, 14, 1, 28, 42, 0 }, // ⁴
    { 19, 28, 21, 1, 24, 133, 0 }, // ₫
    { 23, 24, 24, 0, 24, 138, 133 }, // €
    { 18, 25, 21, 1, 24, 113, 0 }, // ∂
    { 17, 30, 21, 2, 24, 128, 113 }, // ∏
    { 18, 30, 21, 1, 24, 135, 241 }, // ∑
    { 18, 3, 21, 2, 10, 14, 376 }, // −
    { 21, 24, 21, 0, 24, 126, 390 }, // ∕
    { 5, 5, 8, 2, 12, 7, 516 }, // ∙
    { 18, 30, 21, 1, 24, 135, 523 }, // √
    { 24, 11, 27, 2, 15, 66, 658 }, // ∞
    { 13, 30, 16, 2, 24, 98, 724 }, // ∫
    { 18, 12, 21, 1, 15, 54, 822 }, // ≈
    { 18, 19, 21, 2, 18, 86, 876 }, // ≠
    { 17, 18, 21, 2, 18, 77, 962 }, // ≤
    { 17, 18, 21, 2, 18, 77, 1039 }, // ≥
    { 15, 25, 19, 2, 25, 94, 0 }, // �
};

static const EpdUnicodeInterval lexica_17_regularIntervals[] = {
    { 0xD, 0xD, 0x0 },
    { 0x20, 0x7E, 0x1 },
    { 0xA0, 0xFF, 0x60 },
    { 0x100, 0x17F, 0xC0 },
    { 0x300, 0x304, 0x140 },
    { 0x306, 0x30C, 0x145 },
    { 0x31B, 0x31B, 0x14C },
    { 0x323, 0x323, 0x14D },
    { 0x326, 0x328, 0x14E },
    { 0x2010, 0x2010, 0x151 },
    { 0x2013, 0x2014, 0x152 },
    { 0x2018, 0x201A, 0x154 },
    { 0x201C, 0x201E, 0x157 },
    { 0x2020, 0x2022, 0x15A },
    { 0x2026, 0x2026, 0x15D },
    { 0x2030, 0x2030, 0x15E },
    { 0x2039, 0x203A, 0x15F },
    { 0x2044, 0x2044, 0x161 },
    { 0x2074, 0x2074, 0x162 },
    { 0x20AB, 0x20AC, 0x163 },
    { 0x2202, 0x2202, 0x165 },
    { 0x220F, 0x220F, 0x166 },
    { 0x2211, 0x2212, 0x167 },
    { 0x2215, 0x2215, 0x169 },
    { 0x2219, 0x221A, 0x16A },
    { 0x221E, 0x221E, 0x16C },
    { 0x222B, 0x222B, 0x16D },
    { 0x2248, 0x2248, 0x16E },
    { 0x2260, 0x2260, 0x16F },
    { 0x2264, 0x2265, 0x170 },
    { 0xFFFD, 0xFFFD, 0x172 },
};

static const EpdFontGroup lexica_17_regularGroups[] = {
    { 0, 3790, 8115, 96, 0 },
    { 3790, 3877, 10028, 96, 96 },
    { 7667, 5236, 15377, 128, 192 },
    { 12903, 195, 204, 17, 320 },
    { 13098, 381, 881, 17, 337 },
    { 13479, 40, 42, 1, 354 },
    { 13519, 194, 271, 2, 355 },
    { 13713, 515, 1116, 13, 357 },
    { 14228, 93, 94, 1, 370 },
};

static const EpdFontData lexica_17_regular = {
    lexica_17_regularBitmaps,
    lexica_17_regularGlyphs,
    lexica_17_regularIntervals,
    31,
    44,
    34,
    -11,
    true,
    lexica_17_regularGroups,
    9,
};
