/**
 * generated by fontconvert.py
 * name: lexica_17_bold
 * size: 17
 * mode: 2-bit  compressed: true
 * Command used: fontconvert.py lexica_17_bold 17 ../builtinFonts/source/lexica-ultralegible/LexicaUltralegible-Bold.ttf --2bit --compress
 */
#pragma once
#include "EpdFontData.h"

static const uint8_t lexica_17_boldBitmaps[15238] = {
    0xAD, 0x5A, 0xBF, 0x93, 0xDD, 0xD6, 0x75, 0xBE, 0x78, 0x88, 0x88, 0x49, 0x30, 0x31, 0x5C, 0x24,
    0xD6, 0x4C, 0xB6, 0x40, 0x8A, 0x94, 0x99, 0xE0, 0x2F, 0xB0, 0x2F, 0x28, 0x4D, 0xC2, 0xC2, 0x05,
    0x9D, 0x19, 0xAB, 0x52, 0xA1, 0x26, 0xFD, 0xFE, 0x03, 0x9E, 0x01, 0x2C, 0x16, 0x29, 0x54, 0x78,
    0xF3, 0x17, 0x44, 0x85, 0x1B, 0x57, 0x72, 0xE1, 0xD6, 0x04, 0x14, 0x16, 0x2A, 0x54, 0x10, 0x8C,
    0x32, 0xE3, 0x82, 0x05, 0x61, 0x6B, 0x67, 0x9C, 0x54, 0x0B, 0x89, 0x90, 0x88, 0x1D, 0x02, 0x38,
    0xF9, 0xBE, 0xEF, 0xE2, 0x3D, 0xEE, 0x2E, 0x97, 0xE4, 0xFA, 0xC7, 0x9B, 0x47, 0x3C, 0xF0, 0xE2,
    0xE2, 0xDE, 0x73, 0xCF, 0x3D, 0xE7, 0x3B, 0xDF, 0x39, 0x77, 0xCD, 0x2E, 0x7E, 0x9A, 0x73, 0xFB,
    0x8D, 0xDD, 0x9D, 0xFD, 0x60, 0x1F, 0xAE, 0x0E, 0x9F, 0xEA, 0x8E, 0x55, 0x6C, 0x7F, 0x66, 0x77,
    0x46, 0x7B, 0x68, 0xE6, 0x6D, 0x36, 0x7B, 0x6A, 0x17, 0x6E, 0x9D, 0xB3, 0x36, 0x9B, 0x9D, 0x8B,
    0xCD, 0xF9, 0xC1, 0xB9, 0x6C, 0x8E, 0xAC, 0xC6, 0x7B, 0x7D, 0x82, 0xF7, 0x71, 0x5B, 0x8C, 0x2E,
    0xD3, 0xC8, 0x83, 0xD7, 0xCF, 0x4F, 0x75, 0x5D, 0x53, 0xFD, 0x8C, 0x85, 0x7E, 0xDA, 0x4B, 0xDD,
    0x5D, 0xBA, 0xB8, 0xA6, 0x73, 0xAE, 0x18, 0x31, 0xE4, 0x36, 0xFA, 0xA5, 0xEE, 0x5D, 0x10, 0x35,
    0xD6, 0x75, 0xDE, 0x46, 0xBF, 0xD4, 0xFD, 0x8A, 0x30, 0xCE, 0x73, 0x29, 0x59, 0x8B, 0xCB, 0xDB,
    0xE7, 0xB8, 0x34, 0xB6, 0x60, 0x2E, 0xB3, 0x7E, 0xC7, 0x57, 0x1D, 0x2F, 0x7D, 0x33, 0xCE, 0xCD,
    0xE4, 0x27, 0x9F, 0x9C, 0x64, 0x2B, 0x7A, 0xC6, 0xF6, 0xC5, 0xC0, 0x8E, 0x18, 0x0B, 0x13, 0x9C,
    0xAB, 0xFB, 0xE4, 0x72, 0x09, 0x7B, 0x6C, 0x6C, 0xC6, 0x72, 0x6A, 0x97, 0x7D, 0x86, 0x99, 0xE3,
    0xC1, 0xCF, 0x49, 0x3B, 0xA7, 0x56, 0xCC, 0x3E, 0xB6, 0x8F, 0xEC, 0xC9, 0x67, 0x41, 0xC4, 0x3E,
    0x97, 0x60, 0xBC, 0x73, 0x09, 0x7B, 0xBB, 0x78, 0xA4, 0x20, 0xB3, 0xDB, 0x8B, 0xD4, 0xF4, 0x94,
    0x91, 0x83, 0x97, 0x2E, 0xD5, 0xEF, 0xE8, 0x92, 0xC5, 0xF1, 0x15, 0x17, 0x43, 0x21, 0xCD, 0x6F,
    0x1B, 0xC8, 0x88, 0xCE, 0x5D, 0x82, 0x95, 0x94, 0x2E, 0xC3, 0x68, 0x0E, 0x03, 0xC5, 0x8B, 0xAB,
    0x5A, 0x48, 0x02, 0x3D, 0x55, 0x7D, 0x05, 0x5D, 0x61, 0xA6, 0xD1, 0x63, 0x30, 0x2C, 0x68, 0xF2,
    0x43, 0x31, 0xB9, 0xC2, 0xA6, 0x62, 0xA8, 0xAC, 0x8B, 0x9A, 0xD3, 0x6C, 0xAA, 0xB0, 0x5E, 0x4E,
    0xE4, 0x29, 0x3D, 0x26, 0x2A, 0xCE, 0x8F, 0x27, 0x87, 0x89, 0xB2, 0x89, 0x83, 0xC7, 0x16, 0xCF,
    0xCE, 0xB7, 0x78, 0x17, 0x83, 0x63, 0x06, 0x4C, 0xE4, 0x7B, 0x48, 0x83, 0x89, 0xD2, 0xF5, 0x7D,
    0x4A, 0xD1, 0x4A, 0x20, 0x87, 0x89, 0x72, 0x4A, 0x8A, 0x89, 0x24, 0x31, 0x35, 0x9C, 0xCA, 0x4A,
    0xF4, 0x69, 0x30, 0x26, 0x05, 0xE8, 0x39, 0xA4, 0x69, 0x3B, 0xB1, 0x57, 0x18, 0x66, 0xF4, 0x78,
    0xE2, 0x27, 0x6E, 0x4F, 0xB6, 0x62, 0x83, 0xD0, 0xA9, 0xAD, 0xD0, 0xAB, 0x9A, 0xAA, 0x51, 0xEA,
    0xE5, 0x8B, 0xE1, 0x5A, 0xD9, 0x88, 0xF5, 0x63, 0x31, 0x3B, 0x6D, 0x0B, 0x3A, 0xDB, 0x6A, 0x43,
    0xD5, 0x55, 0x53, 0x6E, 0x1E, 0x6A, 0xE6, 0xFA, 0x30, 0x06, 0x4C, 0x2F, 0xB6, 0x3A, 0xC6, 0x24,
    0xD0, 0x6F, 0x65, 0x10, 0xEB, 0x3F, 0x1A, 0xEB, 0x65, 0x10, 0x8B, 0x93, 0x9D, 0xB5, 0xE8, 0xB9,
    0x56, 0x33, 0xF4, 0xFE, 0x71, 0x82, 0x41, 0x0E, 0x1F, 0x8C, 0x08, 0x91, 0xFD, 0xB0, 0xB3, 0x3A,
    0x83, 0x12, 0x87, 0x78, 0xFB, 0xDD, 0x85, 0xF6, 0xC9, 0x71, 0x18, 0x36, 0xED, 0x6F, 0x53, 0x8C,
    0x0E, 0xF5, 0x8C, 0x8E, 0xD6, 0xD2, 0xC6, 0x56, 0xA2, 0x01, 0x8F, 0x0B, 0xB5, 0x55, 0x03, 0xB6,
    0x10, 0xEF, 0x61, 0x69, 0x18, 0x90, 0x4B, 0xC3, 0xEA, 0xD1, 0x88, 0x47, 0x78, 0x1F, 0x7D, 0xF0,
    0x2A, 0xF6, 0x17, 0xFD, 0xAF, 0x7C, 0x73, 0x3D, 0xE2, 0x20, 0x13, 0x3B, 0x37, 0xD8, 0xD7, 0x3E,
    0xE2, 0xF0, 0x75, 0x62, 0x54, 0x12, 0x9F, 0x0C, 0x32, 0x12, 0xDA, 0xE2, 0x50, 0xDE, 0x5F, 0x27,
    0x2C, 0x0B, 0x5E, 0x50, 0xE7, 0x0B, 0x9C, 0xA1, 0x4E, 0x9E, 0x8F, 0xBB, 0xE9, 0xBE, 0xFB, 0xC7,
    0xBF, 0x96, 0xE6, 0x65, 0xF8, 0xEC, 0x7F, 0xED, 0x4D, 0x66, 0x57, 0x3F, 0xC3, 0xAB, 0x3B, 0xEB,
    0x26, 0x7F, 0x64, 0x4F, 0xA4, 0x4B, 0xFB, 0xAD, 0xED, 0xE6, 0xAC, 0xAB, 0x76, 0x93, 0x9C, 0xE7,
    0xE2, 0x18, 0x2F, 0xFA, 0x3C, 0xA2, 0x71, 0xE5, 0xF4, 0x88, 0x29, 0x0C, 0x83, 0xD5, 0x38, 0x6C,
    0x7C, 0xA4, 0x9D, 0x86, 0xB1, 0xC2, 0x54, 0x12, 0xEE, 0xFD, 0x12, 0xBA, 0x15, 0xEC, 0x86, 0x8D,
    0xAF, 0xD8, 0xAD, 0x77, 0x9B, 0x41, 0x1C, 0xBA, 0xD1, 0xA2, 0xD8, 0xB5, 0xD8, 0x46, 0x64, 0x37,
    0x77, 0x8B, 0x1D, 0x73, 0xFA, 0x50, 0x41, 0xE7, 0x23, 0x0E, 0xB4, 0xD8, 0x74, 0x7A, 0x7F, 0x9D,
    0xD9, 0xBB, 0x70, 0x1B, 0x88, 0x6A, 0x78, 0x07, 0x66, 0x90, 0x98, 0x3F, 0x87, 0x0D, 0x3D, 0x59,
    0x8B, 0xD6, 0x3F, 0xB3, 0x77, 0xE7, 0x6C, 0xB1, 0xDE, 0xDF, 0xB3, 0x6A, 0x4A, 0x46, 0x34, 0xBA,
    0xA6, 0xFA, 0x16, 0x18, 0x61, 0x73, 0x35, 0xC0, 0x3E, 0xA9, 0x6A, 0xFB, 0xD0, 0xBA, 0xD8, 0x5A,
    0xBF, 0xDE, 0xB1, 0x3E, 0x95, 0x76, 0x1A, 0x5E, 0x12, 0x59, 0xF2, 0x91, 0xDC, 0x76, 0xA1, 0x57,
    0x42, 0xA8, 0x66, 0x01, 0x74, 0x1C, 0xBE, 0xD7, 0xEC, 0xEB, 0xEB, 0xBF, 0x47, 0x76, 0xC2, 0xDD,
    0xE8, 0x30, 0xB4, 0x95, 0xC4, 0x2E, 0xCE, 0xF9, 0x3B, 0x2B, 0x33, 0x8B, 0x7E, 0x29, 0xAD, 0xA5,
    0x42, 0x30, 0xDC, 0xE4, 0x2B, 0x77, 0xA3, 0x0D, 0x4E, 0x55, 0x50, 0x2B, 0xD2, 0x10, 0x9D, 0x13,
    0x6A, 0xA9, 0x56, 0x36, 0x96, 0x50, 0x48, 0x8B, 0x07, 0xFD, 0xE5, 0x8D, 0xD9, 0xEC, 0xFC, 0xC8,
    0x3E, 0xE6, 0x12, 0x26, 0x2E, 0x66, 0xE6, 0xB2, 0xE6, 0x6A, 0xB9, 0x65, 0xE3, 0x71, 0x1B, 0xD1,
    0x27, 0xA9, 0x6C, 0x69, 0xF8, 0x7D, 0xBC, 0x5E, 0xD0, 0x59, 0xA1, 0xB8, 0xE0, 0xBC, 0xA9, 0x05,
    0x5D, 0xA3, 0x57, 0xC2, 0xC5, 0x4B, 0xA6, 0x62, 0xCE, 0x4B, 0xD7, 0x3C, 0x03, 0x2A, 0xD9, 0x7F,
    0xC2, 0xD7, 0x16, 0x6E, 0x40, 0x5F, 0xD0, 0xCB, 0x73, 0xFA, 0xF8, 0x2D, 0x3B, 0x75, 0x9B, 0xC0,
    0x14, 0x54, 0x82, 0xC1, 0x0F, 0x5B, 0x4A, 0xC6, 0xDD, 0xC5, 0x25, 0xE1, 0x25, 0xE3, 0xC5, 0x9F,
    0xE3, 0xD2, 0x7C, 0x65, 0x90, 0xE4, 0x53, 0x9A, 0xFC, 0x6D, 0xBA, 0x1E, 0x8C, 0x25, 0x07, 0xC4,
    0xB5, 0x1E, 0x9E, 0xDF, 0xDA, 0x35, 0x1F, 0x27, 0x7B, 0xBA, 0xE6, 0x42, 0x90, 0xED, 0xB0, 0x48,
    0x7B, 0x87, 0xD6, 0x48, 0x63, 0x1F, 0x69, 0x84, 0x34, 0xAB, 0x60, 0xD0, 0xB9, 0x80, 0xE5, 0xF7,
    0x01, 0xED, 0x47, 0xAA, 0x62, 0xA2, 0xF8, 0x63, 0x33, 0x25, 0x36, 0x1C, 0x95, 0xBB, 0xD0, 0xB1,
    0x0C, 0x56, 0x07, 0xCB, 0x4C, 0x31, 0xEA, 0xE3, 0x15, 0xB2, 0x16, 0xEB, 0x6D, 0xA3, 0xDB, 0x41,
    0xAA, 0xCD, 0xE8, 0x6A, 0xAC, 0xF4, 0x63, 0x5A, 0xE3, 0x49, 0xC0, 0x6A, 0xC2, 0x2E, 0x51, 0x6E,
    0xC8, 0xEC, 0x5F, 0xCE, 0x85, 0xE6, 0x2F, 0x66, 0x6C, 0x7E, 0x17, 0x66, 0x9C, 0x28, 0x92, 0x86,
    0x19, 0x6D, 0xD9, 0x21, 0x60, 0x02, 0x9A, 0x1E, 0x12, 0x32, 0xAA, 0x09, 0x33, 0xE2, 0x1D, 0xFF,
    0x0D, 0x55, 0xF1, 0x05, 0xCD, 0x20, 0x85, 0x49, 0xAB, 0x3F, 0x57, 0x35, 0x53, 0x5D, 0xB5, 0x4C,
    0xFF, 0x3A, 0x75, 0x04, 0x3B, 0x59, 0x36, 0xB5, 0x07, 0x24, 0xA5, 0x42, 0x20, 0x84, 0x9F, 0xB7,
    0xBD, 0xBB, 0x64, 0x4A, 0x98, 0x6F, 0xEB, 0x42, 0x64, 0x59, 0xD8, 0x85, 0x1B, 0x34, 0x72, 0xBB,
    0xD8, 0x05, 0x1B, 0x5E, 0x31, 0x34, 0xDD, 0x5A, 0x69, 0x1B, 0x1C, 0xA7, 0x81, 0xF9, 0x44, 0x84,
    0xD4, 0x9D, 0xDD, 0x81, 0xC4, 0x4B, 0x84, 0xFD, 0x9F, 0xDD, 0x76, 0xD9, 0xC1, 0xED, 0xC2, 0xD3,
    0x88, 0x76, 0x40, 0xBD, 0xB6, 0xD4, 0xEB, 0x50, 0xAD, 0xFF, 0x6C, 0x33, 0xAC, 0xB9, 0x98, 0x31,
    0x06, 0x9D, 0x6F, 0x7F, 0x69, 0x80, 0x8A, 0xB3, 0x9E, 0xAA, 0x1F, 0xDF, 0xE8, 0x22, 0xAD, 0x85,
    0xC6, 0xEA, 0xF2, 0x73, 0xE1, 0x3F, 0x0D, 0xB6, 0xAC, 0xB8, 0x8B, 0x4B, 0x8E, 0x88, 0x0A, 0x47,
    0x5E, 0xA8, 0x67, 0xC6, 0x14, 0xC6, 0x21, 0x80, 0xEE, 0x73, 0x04, 0xF7, 0x09, 0xE6, 0x27, 0x2B,
    0x24, 0xE8, 0x97, 0xB8, 0x69, 0xA3, 0x86, 0x2B, 0xA0, 0x17, 0x11, 0x5C, 0x68, 0xDB, 0x99, 0xD6,
    0xC8, 0xA5, 0xD5, 0xC1, 0x5A, 0x20, 0xC5, 0x5B, 0xA5, 0x7D, 0x6E, 0x98, 0x61, 0xB5, 0x2F, 0x2D,
    0xFA, 0xD1, 0x16, 0xB9, 0x2E, 0x61, 0xD9, 0x1B, 0x7A, 0x5C, 0x46, 0x44, 0x77, 0x02, 0x7D, 0xDE,
    0x0F, 0x6A, 0xDF, 0x41, 0x0B, 0xB7, 0x8C, 0xF8, 0x63, 0xA7, 0x58, 0x5B, 0xA7, 0xDD, 0x33, 0x28,
    0x33, 0x83, 0xB9, 0x38, 0x0B, 0xFE, 0x35, 0x52, 0x5B, 0xA0, 0x13, 0x84, 0x0F, 0xF9, 0x9C, 0x9C,
    0xD9, 0x1D, 0xE3, 0xC6, 0xFD, 0x93, 0xA6, 0xBA, 0x76, 0xAF, 0x5F, 0x7C, 0xAE, 0x41, 0xF3, 0x8E,
    0xCD, 0x1C, 0x80, 0xC3, 0x65, 0xDC, 0x50, 0xFA, 0x3D, 0x43, 0xE5, 0x36, 0xCF, 0x31, 0x2F, 0xF9,
    0x36, 0x19, 0xF5, 0xB4, 0x0B, 0x8E, 0xD0, 0x67, 0x26, 0xE3, 0xEA, 0xF0, 0x16, 0xAD, 0x05, 0xFF,
    0xB2, 0xF2, 0x30, 0xD3, 0x11, 0x9C, 0x3A, 0xE1, 0xFE, 0x36, 0x1B, 0x5F, 0x5B, 0xAA, 0xF5, 0x76,
    0x33, 0x1F, 0xC3, 0x79, 0x87, 0xB7, 0x04, 0xD9, 0xB2, 0xAD, 0x24, 0xAC, 0x89, 0xC8, 0x3C, 0xA2,
    0x75, 0x71, 0x61, 0x30, 0x42, 0xB7, 0xA0, 0xE6, 0xC5, 0x27, 0xEF, 0xB6, 0xA6, 0x2C, 0xC0, 0x03,
    0x25, 0x9E, 0xB7, 0xA6, 0x88, 0xBE, 0xE7, 0x8E, 0xA9, 0x8B, 0x94, 0x5A, 0x72, 0xD5, 0xFF, 0x1C,
    0x41, 0x56, 0x82, 0x5D, 0x9D, 0x40, 0xF0, 0xB4, 0xCF, 0xEA, 0xE8, 0xC7, 0xF1, 0x58, 0xC0, 0x44,
    0xDA, 0xF9, 0xFB, 0x98, 0xB0, 0xFD, 0xF5, 0x4F, 0xE2, 0xF5, 0x93, 0xF6, 0x07, 0xBF, 0x4A, 0x87,
    0x0C, 0xB0, 0x91, 0x75, 0xB8, 0xE2, 0xEE, 0x70, 0x1D, 0xB3, 0x36, 0x6F, 0x2B, 0x3C, 0xAD, 0xFA,
    0xE5, 0x27, 0x44, 0xDC, 0xF9, 0xFB, 0x3B, 0xFB, 0xC6, 0x38, 0x42, 0x5D, 0xD5, 0x19, 0x69, 0xA1,
    0xE3, 0xC8, 0x61, 0x6E, 0x2C, 0xBB, 0x3A, 0x7D, 0x5B, 0xF8, 0x45, 0xE1, 0x20, 0x09, 0x15, 0xE1,
    0x25, 0x95, 0xD0, 0x0C, 0x42, 0x0F, 0xC2, 0xB8, 0x35, 0xB0, 0x9C, 0x10, 0x0F, 0x47, 0x71, 0x16,
    0x36, 0x15, 0x0B, 0x9B, 0xB2, 0x85, 0xC6, 0x97, 0x58, 0x26, 0xB3, 0xFB, 0x34, 0x18, 0x1D, 0x55,
    0xD1, 0x0C, 0x6C, 0x22, 0x81, 0xE9, 0xA8, 0x35, 0x34, 0xA5, 0x74, 0x78, 0x27, 0xCE, 0x22, 0x2F,
    0x80, 0x2A, 0xC2, 0x6E, 0x8B, 0xBF, 0xF4, 0xC5, 0xCA, 0xEE, 0x99, 0xA0, 0xFF, 0x0E, 0xC6, 0x89,
    0x10, 0x28, 0x3A, 0x36, 0xE1, 0xE1, 0xA9, 0x7A, 0xD6, 0xDA, 0x7C, 0xF1, 0x62, 0x92, 0x87, 0x19,
    0x8F, 0x3D, 0x2F, 0xC5, 0xE1, 0x42, 0x2F, 0x89, 0xF0, 0x94, 0xE3, 0x89, 0x14, 0x1D, 0xDE, 0xE0,
    0xD3, 0x6A, 0xD5, 0xC6, 0xE3, 0x92, 0x1E, 0x2E, 0x32, 0x08, 0x3C, 0x50, 0x17, 0x8D, 0xBC, 0xF1,
    0x6D, 0xF8, 0x66, 0xD4, 0x9C, 0xBB, 0xE0, 0xEB, 0x4E, 0xD2, 0xFA, 0x00, 0x7C, 0xA7, 0xC7, 0x58,
    0x27, 0x18, 0xC5, 0x29, 0x51, 0x07, 0xA1, 0x8D, 0x7A, 0xA3, 0x17, 0x0A, 0x6B, 0x82, 0x4D, 0x92,
    0xD1, 0x5C, 0x73, 0xAB, 0xC8, 0x22, 0xE4, 0x12, 0x40, 0xFD, 0x15, 0x03, 0xDD, 0x0E, 0x81, 0x91,
    0x08, 0x21, 0xBD, 0xC8, 0xD8, 0x5B, 0x02, 0xAF, 0x22, 0xF1, 0x09, 0xE6, 0x5D, 0x15, 0x41, 0x37,
    0x48, 0xEC, 0xE4, 0x0C, 0xA5, 0xF5, 0xDF, 0x03, 0xF0, 0x13, 0xA5, 0x06, 0xAD, 0xE3, 0xEE, 0xE2,
    0x82, 0x26, 0x22, 0x7B, 0x48, 0xC3, 0x5F, 0xC4, 0x42, 0x9F, 0xD0, 0x32, 0xAF, 0xBD, 0xCD, 0xD9,
    0x37, 0x56, 0xDF, 0x66, 0xA4, 0xEE, 0x40, 0x0B, 0xA2, 0xE3, 0xC0, 0xE1, 0x85, 0xC6, 0x64, 0xA4,
    0xC6, 0x88, 0x60, 0xFF, 0x77, 0x9D, 0x7F, 0x5A, 0xE0, 0x9D, 0x22, 0x3D, 0x21, 0x88, 0x04, 0x23,
    0x27, 0x3D, 0x0D, 0x4E, 0x76, 0xF1, 0xE6, 0x52, 0x9F, 0x0B, 0x9D, 0x6F, 0xFE, 0x19, 0xC3, 0x8B,
    0x8A, 0x59, 0xB2, 0x89, 0x57, 0x09, 0xF4, 0xA2, 0xC7, 0x4B, 0xAF, 0x5C, 0x6C, 0xC0, 0xCE, 0xD2,
    0xDA, 0xAB, 0xCD, 0x0A, 0x42, 0xCA, 0x42, 0x7C, 0x3E, 0x3D, 0xB2, 0x0E, 0x21, 0x21, 0x3E, 0x55,
    0xFC, 0x50, 0xB0, 0xD9, 0xF6, 0x36, 0x34, 0x64, 0xD2, 0x09, 0x60, 0xC6, 0x1F, 0xB6, 0xA4, 0x0E,
    0x1B, 0x87, 0xBD, 0x38, 0x9B, 0xB9, 0xC3, 0x95, 0xB0, 0x98, 0xAE, 0x63, 0x5F, 0xE3, 0x9A, 0xD9,
    0x03, 0x3B, 0xBF, 0xB5, 0xE5, 0x6E, 0xDA, 0xE4, 0x33, 0x50, 0x6F, 0x5B, 0x90, 0x7E, 0xC0, 0xE3,
    0x4C, 0x7B, 0x26, 0xEF, 0x0F, 0x88, 0x25, 0x4A, 0xF8, 0x9A, 0xC6, 0x57, 0x7F, 0x6E, 0xF4, 0xFA,
    0xD5, 0xC6, 0x0B, 0x9F, 0x1D, 0x63, 0xF2, 0x4D, 0xBF, 0x57, 0x28, 0x8B, 0x0B, 0xFA, 0x75, 0x07,
    0xA2, 0xB5, 0x11, 0x8B, 0x3F, 0xA6, 0x29, 0x62, 0x32, 0xC1, 0x49, 0x1E, 0x90, 0xB4, 0x66, 0xF6,
    0xC8, 0xC6, 0x17, 0xFC, 0x20, 0x3F, 0xF0, 0x03, 0x66, 0x66, 0x30, 0xFB, 0x04, 0x46, 0x0B, 0x30,
    0x99, 0x98, 0xBF, 0xD0, 0xD4, 0xC8, 0x8E, 0x17, 0xD2, 0x46, 0xB4, 0x33, 0x0D, 0x21, 0x93, 0xB4,
    0xC7, 0x81, 0x88, 0x71, 0x4B, 0xE8, 0xCB, 0x99, 0x85, 0x88, 0x11, 0x5A, 0xD9, 0x61, 0xC5, 0x8E,
    0x66, 0x76, 0x8F, 0xE1, 0x76, 0x28, 0x94, 0xED, 0xA0, 0x81, 0x1C, 0xB9, 0x63, 0xE6, 0x62, 0x9C,
    0xAD, 0x01, 0xAB, 0x86, 0x88, 0xBD, 0x20, 0x83, 0x82, 0x37, 0xF3, 0x9B, 0xED, 0xEC, 0x0F, 0x6D,
    0xB8, 0xFE, 0x83, 0xA4, 0xDB, 0x9E, 0x29, 0x1D, 0x45, 0x48, 0x9E, 0x09, 0xC5, 0x24, 0x0D, 0x19,
    0x42, 0x33, 0x14, 0xE1, 0xF9, 0x08, 0xDA, 0x02, 0xD1, 0x37, 0x97, 0x3E, 0xB7, 0xEA, 0x19, 0xB0,
    0xF6, 0xC9, 0x62, 0x8F, 0xC1, 0x2D, 0x91, 0x0C, 0x7C, 0x30, 0xA4, 0x13, 0x5C, 0xDE, 0x77, 0xFE,
    0x0B, 0x58, 0x66, 0x53, 0x43, 0x74, 0x68, 0x34, 0x99, 0x95, 0x27, 0x14, 0x3D, 0x1E, 0x65, 0x23,
    0x68, 0x4D, 0x35, 0x16, 0xBF, 0x67, 0xDA, 0xD0, 0xF9, 0xB3, 0x1E, 0x8F, 0x4A, 0x62, 0xCC, 0x13,
    0x70, 0x37, 0x18, 0x6C, 0x35, 0x82, 0x34, 0xF2, 0x11, 0x54, 0xCB, 0x47, 0x3E, 0x10, 0x14, 0x26,
    0x92, 0x30, 0x75, 0xAA, 0x9B, 0x06, 0x05, 0xC9, 0x06, 0x22, 0x0C, 0xD6, 0x24, 0x21, 0x79, 0xDB,
    0xF1, 0xD6, 0x74, 0x3B, 0x31, 0x3B, 0xC1, 0x7E, 0x2E, 0xE4, 0x99, 0x94, 0x87, 0x23, 0xFE, 0x37,
    0x00, 0x1D, 0xF3, 0x6B, 0xDE, 0x86, 0xA2, 0xC4, 0x94, 0xAE, 0x2B, 0x28, 0xB0, 0x03, 0x38, 0x59,
    0x97, 0xAE, 0xBC, 0xF5, 0x58, 0x29, 0x03, 0x38, 0x6E, 0xB9, 0xE8, 0x8E, 0x7A, 0xE0, 0x5E, 0x2C,
    0x32, 0x02, 0xE2, 0x99, 0x42, 0x3E, 0x3D, 0x3A, 0xD1, 0x06, 0x07, 0x97, 0x56, 0x05, 0xA5, 0x94,
    0x4F, 0x0F, 0x89, 0x40, 0x2E, 0x16, 0x35, 0x7F, 0x24, 0xC2, 0x38, 0x85, 0xEC, 0xC3, 0x2B, 0x1C,
    0x3F, 0x21, 0x44, 0x63, 0x71, 0xB5, 0x0B, 0xCC, 0x2D, 0x70, 0x55, 0xAD, 0x8A, 0x78, 0xFD, 0x2D,
    0x7D, 0xBF, 0x98, 0x45, 0x27, 0xD7, 0x10, 0xA0, 0x6E, 0x63, 0x07, 0x52, 0xD2, 0xBF, 0x93, 0x63,
    0x65, 0xDE, 0xA6, 0x09, 0x4C, 0x61, 0x4B, 0x85, 0x8F, 0x1D, 0x03, 0x08, 0x6E, 0x7F, 0xEE, 0x6C,
    0xCB, 0x7D, 0x42, 0x44, 0x3A, 0x44, 0x2E, 0xC5, 0x2B, 0x61, 0xF2, 0x8B, 0x0B, 0x42, 0x6A, 0x17,
    0x35, 0x8A, 0x43, 0xD3, 0x21, 0x72, 0xD5, 0x21, 0xFE, 0xF5, 0x9B, 0x9B, 0xDC, 0xE4, 0xB2, 0x8F,
    0xE6, 0x02, 0xB8, 0x4D, 0x1D, 0x24, 0x35, 0xD2, 0x0A, 0xF5, 0xE1, 0x2A, 0x06, 0x8F, 0x3E, 0x28,
    0xA4, 0x0D, 0x84, 0xB9, 0x0E, 0x1A, 0x11, 0xD0, 0xE5, 0xB3, 0xA2, 0x96, 0x67, 0x21, 0xE3, 0x3B,
    0xF4, 0xA5, 0xDE, 0xAD, 0x31, 0xEC, 0xA4, 0xA6, 0xED, 0x43, 0x03, 0x05, 0x2D, 0x46, 0x09, 0x42,
    0xEB, 0x55, 0x24, 0x22, 0xF1, 0xCE, 0x6D, 0x8A, 0x94, 0x22, 0x40, 0x21, 0x84, 0x3C, 0xB7, 0x0B,
    0xE0, 0x10, 0x7E, 0x4A, 0x0A, 0xF0, 0x38, 0x50, 0xDF, 0x54, 0x55, 0x21, 0x97, 0x06, 0xEA, 0xF5,
    0x17, 0x41, 0x4F, 0x7E, 0x1F, 0xDF, 0xD6, 0x40, 0x11, 0xA4, 0x28, 0x3F, 0x6E, 0xE1, 0x8D, 0xE9,
    0x02, 0x81, 0xA1, 0x0B, 0x8C, 0x03, 0x8D, 0xCC, 0xC4, 0x1E, 0x1C, 0xAA, 0x63, 0xFD, 0xE1, 0x75,
    0x00, 0xF2, 0x3B, 0x02, 0x00, 0x00, 0x82, 0x1F, 0x83, 0x0F, 0x57, 0xB3, 0xEA, 0x18, 0x35, 0x6D,
    0x72, 0xF4, 0x94, 0x51, 0xD1, 0xF3, 0x4B, 0x8E, 0xB9, 0x00, 0x50, 0x26, 0x41, 0xE2, 0xA0, 0x2D,
    0x2C, 0xC5, 0xD5, 0x73, 0xFB, 0xD7, 0x0A, 0xD9, 0x89, 0xDB, 0x2D, 0x24, 0xD3, 0x7F, 0xAF, 0xC4,
    0x02, 0x22, 0x96, 0x52, 0xE7, 0xCF, 0xB5, 0xB5, 0xA1, 0xCE, 0xD7, 0x89, 0x2D, 0x92, 0x64, 0x52,
    0xD7, 0xEF, 0xAB, 0xA8, 0x03, 0x0C, 0xF9, 0x2E, 0x86, 0xFF, 0xF4, 0xD7, 0xD0, 0xFA, 0x53, 0x26,
    0x80, 0x53, 0x43, 0x22, 0x79, 0x88, 0xAC, 0xC4, 0x2D, 0x12, 0xC1, 0xA3, 0x6B, 0x33, 0x9D, 0xFD,
    0xA7, 0x0D, 0x95, 0x00, 0x56, 0x10, 0xC4, 0xEA, 0x03, 0xA5, 0xFF, 0xF3, 0x36, 0x8A, 0x07, 0x30,
    0x64, 0xC9, 0x8F, 0xE8, 0xDF, 0xC1, 0x12, 0xFF, 0xF0, 0xC6, 0x75, 0xF3, 0x20, 0x65, 0x78, 0x31,
    0xF3, 0x98, 0x1D, 0xB6, 0x07, 0xF9, 0x40, 0x6F, 0x4C, 0xC3, 0x99, 0xB4, 0x4E, 0x91, 0x6D, 0x20,
    0x3E, 0x91, 0xA2, 0x9F, 0x88, 0x09, 0x91, 0xB2, 0x39, 0x66, 0x83, 0xCC, 0xEC, 0x29, 0x92, 0x67,
    0xBD, 0x0B, 0x14, 0xD9, 0xB3, 0x08, 0xAA, 0xDA, 0x12, 0xB1, 0x38, 0x52, 0xC9, 0x02, 0x0D, 0x09,
    0x73, 0x21, 0x41, 0x34, 0xE9, 0x1E, 0x19, 0x55, 0x35, 0x90, 0x6F, 0x32, 0x10, 0x60, 0xDE, 0x7F,
    0x37, 0x2E, 0x8C, 0x0D, 0x81, 0xEF, 0x78, 0x45, 0xA7, 0x6A, 0xAB, 0xB8, 0x29, 0xCC, 0x98, 0xD6,
    0x3E, 0x89, 0xB0, 0x75, 0x2E, 0xF0, 0x72, 0xD8, 0x3E, 0xDC, 0xDB, 0x2F, 0xB4, 0x5D, 0xD8, 0xCE,
    0x97, 0xA4, 0xAA, 0xC8, 0xD4, 0xEF, 0xB2, 0xF2, 0x56, 0xE6, 0x33, 0xB3, 0x32, 0xA4, 0x05, 0x43,
    0x05, 0x24, 0x99, 0x60, 0x10, 0xF4, 0xFC, 0x81, 0x81, 0xA6, 0xA4, 0x07, 0x0C, 0xE9, 0x1A, 0x2F,
    0xCC, 0xEA, 0xF3, 0x39, 0x7F, 0xBA, 0xAA, 0xDA, 0x56, 0x7D, 0x3E, 0xB1, 0x82, 0xF6, 0x5F, 0x6B,
    0x3E, 0x70, 0xC8, 0xBB, 0xA3, 0x7F, 0x00, 0xD1, 0x57, 0xDF, 0xD9, 0x07, 0x14, 0xDE, 0xE2, 0xB5,
    0x81, 0xF8, 0xCF, 0x67, 0x20, 0x9C, 0xB2, 0xA2, 0xDC, 0x42, 0x51, 0xD4, 0xB3, 0xBA, 0x2A, 0x62,
    0x4C, 0xD4, 0x1F, 0x94, 0x5D, 0x78, 0xAE, 0x9B, 0x0E, 0xBC, 0x8A, 0x98, 0xD3, 0xC7, 0xFC, 0x96,
    0xE2, 0xF2, 0x96, 0x2A, 0x83, 0xCB, 0x30, 0x14, 0xD0, 0xAD, 0x61, 0x7B, 0x29, 0xA3, 0x25, 0x80,
    0x78, 0x62, 0x5E, 0x92, 0xDB, 0x0F, 0xE5, 0xE5, 0xCF, 0x36, 0x6D, 0x84, 0x62, 0xE5, 0x10, 0x4A,
    0x8F, 0xD2, 0xC1, 0xE4, 0xB6, 0xBC, 0x84, 0x92, 0x04, 0xD8, 0x08, 0xC6, 0x2E, 0x96, 0x2F, 0xA5,
    0x29, 0xF8, 0xA2, 0xEB, 0xCF, 0x14, 0x33, 0x5B, 0xBC, 0x92, 0x70, 0x0E, 0x06, 0x44, 0x04, 0x5B,
    0xC6, 0x5B, 0xBF, 0xEE, 0x54, 0x42, 0x7A, 0xC4, 0x41, 0x9B, 0x99, 0x71, 0x37, 0xB7, 0x38, 0x24,
    0x5A, 0xAA, 0x4A, 0x22, 0x98, 0x97, 0x31, 0xF7, 0x11, 0x8B, 0xEA, 0x5D, 0xA1, 0x42, 0x26, 0x96,
    0xC0, 0x72, 0x4F, 0x35, 0x55, 0x1A, 0xBD, 0x12, 0x39, 0xDC, 0x4F, 0x2B, 0xD2, 0xB5, 0xC9, 0xD3,
    0xBA, 0xAD, 0xCE, 0xB2, 0x11, 0xE9, 0xC0, 0x1A, 0x02, 0x81, 0xD8, 0x28, 0xDD, 0x86, 0x7C, 0xAF,
    0x7D, 0x70, 0x60, 0xF9, 0x57, 0x2F, 0x4E, 0xA5, 0x26, 0x4C, 0xA1, 0xB5, 0x96, 0x4E, 0x0A, 0x26,
    0x09, 0x20, 0xC5, 0x3E, 0x94, 0x78, 0xCA, 0x2D, 0x3F, 0xBA, 0xDA, 0xBE, 0xCF, 0x9B, 0x6E, 0xC0,
    0x64, 0x99, 0xAB, 0x01, 0x8B, 0xDC, 0x8D, 0x6F, 0x0E, 0x39, 0x2F, 0xFD, 0x96, 0x66, 0xBD, 0xCF,
    0xF3, 0xD3, 0x75, 0x9F, 0xEB, 0x97, 0x21, 0x35, 0xDD, 0xF2, 0x7D, 0x39, 0xB8, 0x0A, 0x02, 0x53,
    0xF0, 0xF3, 0x17, 0x45, 0x81, 0x52, 0xD5, 0xC9, 0x50, 0x18, 0xD8, 0x57, 0x0E, 0xB6, 0x51, 0xF3,
    0xB9, 0xB1, 0xE7, 0x66, 0xBA, 0xA0, 0x31, 0xFE, 0x23, 0x2E, 0x17, 0x06, 0x88, 0x7E, 0xB1, 0xD5,
    0x57, 0x53, 0x71, 0x9C, 0x39, 0x54, 0x57, 0xE4, 0x79, 0xCD, 0x19, 0xEC, 0x7F, 0xA6, 0x6F, 0xDD,
    0x59, 0x5D, 0xD5, 0x73, 0xA9, 0x91, 0xFD, 0x14, 0x81, 0x65, 0x46, 0x7F, 0xD6, 0xC8, 0xAF, 0xD2,
    0xA0, 0xF9, 0x6F, 0xDC, 0x7D, 0xD0, 0x8C, 0xA6, 0x2B, 0x86, 0x04, 0x3E, 0xF2, 0x1E, 0x17, 0xC3,
    0x62, 0x52, 0x40, 0x52, 0xD0, 0x35, 0xD8, 0x6C, 0x53, 0x62, 0x0D, 0xDF, 0xDD, 0x85, 0x30, 0xED,
    0xFE, 0x2E, 0xD4, 0x65, 0x66, 0x42, 0xCE, 0x67, 0x76, 0xC2, 0xAA, 0x8C, 0x0A, 0x50, 0xC8, 0x90,
    0xA6, 0x0F, 0xEC, 0x73, 0x55, 0x06, 0x71, 0xF9, 0xD4, 0xC0, 0x31, 0x76, 0x76, 0x22, 0x4E, 0xF7,
    0x0A, 0x42, 0xFA, 0x9E, 0x28, 0x64, 0xED, 0x9F, 0x6F, 0xA9, 0xE4, 0x3D, 0x5B, 0x1B, 0xBB, 0x6B,
    0x75, 0x41, 0xE2, 0xE0, 0x59, 0xEE, 0xA9, 0x9E, 0x89, 0xF2, 0x2C, 0x01, 0x07, 0x85, 0x39, 0x84,
    0x41, 0x4C, 0x48, 0x08, 0xF1, 0x58, 0x9A, 0x22, 0xF9, 0x03, 0x95, 0xEA, 0x30, 0x6F, 0xE7, 0x07,
    0x9E, 0xF8, 0x44, 0x3F, 0xA6, 0xE1, 0xD0, 0x7B, 0x43, 0xAD, 0xAD, 0xB0, 0x33, 0x38, 0x97, 0xAB,
    0x3E, 0x32, 0xF7, 0x97, 0xF1, 0x7E, 0x27, 0x85, 0x62, 0x21, 0x36, 0x87, 0xDD, 0x42, 0xA0, 0xFE,
    0x87, 0xD8, 0x4E, 0xAB, 0x53, 0xC8, 0xBF, 0xA4, 0xF4, 0x14, 0xB2, 0xF9, 0xA8, 0x39, 0x3D, 0x58,
    0xFE, 0xCB, 0x97, 0xB7, 0x4A, 0x3F, 0x2A, 0x90, 0x22, 0xE4, 0x54, 0x82, 0xE1, 0xD1, 0x63, 0xB2,
    0xB1, 0x82, 0xDE, 0xC7, 0x66, 0x04, 0x06, 0x9B, 0x18, 0x77, 0xFF, 0xF2, 0xA5, 0x21, 0xF6, 0x02,
    0x16, 0x6D, 0x62, 0xD9, 0x56, 0x35, 0x44, 0x65, 0x87, 0x3C, 0x94, 0x38, 0x9E, 0xDD, 0xF1, 0x48,
    0xF3, 0x7A, 0x4F, 0xF5, 0x82, 0x69, 0x3B, 0xC2, 0xA1, 0x89, 0x67, 0xB0, 0x81, 0xA1, 0x40, 0xD0,
    0x25, 0x7B, 0xC8, 0xB9, 0xAF, 0x99, 0x14, 0xBE, 0x5C, 0xB8, 0x0C, 0x07, 0x09, 0x67, 0x84, 0xCA,
    0xDC, 0x6E, 0x37, 0x65, 0xBA, 0x3F, 0x9F, 0xAA, 0x43, 0x8E, 0xC2, 0x9A, 0x23, 0x22, 0x24, 0xC6,
    0x8D, 0x94, 0x3E, 0xC5, 0x8C, 0x00, 0x08, 0xEE, 0x65, 0x1C, 0xE8, 0xD4, 0xFE, 0x73, 0x68, 0x7C,
    0xE3, 0xD7, 0xFD, 0xAD, 0x28, 0x62, 0xDF, 0x74, 0x8D, 0x3D, 0xB5, 0x3B, 0x14, 0x84, 0xAA, 0xF8,
    0x86, 0xFC, 0xF0, 0x31, 0x61, 0x53, 0x05, 0x4A, 0x2E, 0x9D, 0x81, 0x8C, 0x21, 0x0D, 0x9B, 0x8A,
    0x78, 0xB5, 0x00, 0xA4, 0x40, 0xDC, 0xCE, 0x73, 0x50, 0x56, 0x7C, 0xDE, 0x45, 0x0E, 0x07, 0xC3,
    0x59, 0xA1, 0xD7, 0xE6, 0xE4, 0xA2, 0xED, 0xFC, 0x1B, 0x36, 0xA9, 0x98, 0x8E, 0xC4, 0xD8, 0x64,
    0x9D, 0x60, 0x1B, 0x7B, 0x6A, 0xFA, 0x0A, 0xE6, 0xFF, 0xD6, 0x8F, 0x68, 0x60, 0xF7, 0x60, 0xC4,
    0x32, 0x93, 0x0A, 0xE2, 0x9C, 0x01, 0x30, 0xA5, 0x45, 0x69, 0x63, 0xD2, 0xD9, 0x1D, 0xF3, 0xB5,
    0x24, 0x94, 0x4D, 0x46, 0x69, 0xE7, 0x15, 0x0D, 0x70, 0x95, 0xA6, 0x67, 0x11, 0x05, 0x8E, 0x5E,
    0xD4, 0xA1, 0x08, 0x75, 0x48, 0x96, 0xDB, 0x66, 0xC8, 0xE7, 0x04, 0xDA, 0x6C, 0xAB, 0x6B, 0x6F,
    0x5C, 0x51, 0xA7, 0x84, 0x65, 0xF0, 0xBB, 0xA6, 0xDF, 0x4D, 0xE1, 0x6D, 0x46, 0xBC, 0x1B, 0x5F,
    0x30, 0x41, 0xC8, 0x45, 0x0D, 0xC6, 0x7C, 0xF2, 0x86, 0xD4, 0xCF, 0x2F, 0x62, 0x67, 0xF0, 0x88,
    0x85, 0x8C, 0xAD, 0x87, 0x22, 0x56, 0x96, 0x86, 0x41, 0x89, 0xCE, 0x2C, 0xC4, 0xA8, 0x2C, 0x64,
    0x38, 0xD2, 0x23, 0x21, 0xC3, 0x48, 0x40, 0xEF, 0x22, 0x4A, 0x4E, 0x4A, 0xCA, 0xC8, 0xE8, 0x4B,
    0xBF, 0x72, 0x2C, 0x12, 0xC5, 0x0A, 0x8C, 0xDA, 0x8F, 0x21, 0x2A, 0xBF, 0xE1, 0x66, 0xE5, 0xC4,
    0x98, 0xE6, 0xA9, 0x29, 0x52, 0xC1, 0x2E, 0xDE, 0x43, 0xB0, 0x26, 0x4B, 0xE9, 0x98, 0xBE, 0x54,
    0x81, 0x79, 0x2B, 0x3A, 0x34, 0xC8, 0x0E, 0x01, 0x1C, 0x29, 0xCB, 0xAF, 0x34, 0x94, 0x36, 0x5F,
    0xB6, 0x13, 0xB3, 0xFD, 0x0F, 0xCC, 0xB2, 0xFC, 0x93, 0x7F, 0x28, 0x84, 0x1F, 0x9A, 0x95, 0xD9,
    0xD2, 0x97, 0x41, 0x85, 0x8D, 0x35, 0x6B, 0xB4, 0xD5, 0xC7, 0xEA, 0x34, 0x98, 0xC3, 0x6B, 0x77,
    0xFF, 0x62, 0x43, 0x80, 0x4A, 0x95, 0x29, 0xA9, 0x40, 0xEA, 0xAE, 0x23, 0xC8, 0xB4, 0x5C, 0xC3,
    0x47, 0x34, 0x76, 0x3A, 0xE7, 0x66, 0xEC, 0xE5, 0xDE, 0xD8, 0x55, 0xA0, 0x07, 0x0E, 0x7F, 0xC5,
    0x37, 0x1E, 0x00, 0x69, 0x16, 0x16, 0x09, 0x58, 0xE0, 0xB5, 0x70, 0x3C, 0x14, 0xE9, 0xCC, 0x13,
    0xB2, 0xC6, 0x20, 0xC7, 0x3D, 0x80, 0x3C, 0x9C, 0x72, 0x23, 0xB5, 0xF9, 0x04, 0x14, 0xAE, 0x4F,
    0x09, 0x62, 0xD9, 0x36, 0xB4, 0x90, 0xD0, 0x5D, 0x02, 0xC7, 0x9E, 0x7C, 0x18, 0x43, 0x3F, 0xB4,
    0xBE, 0x5A, 0x55, 0x4E, 0x83, 0x48, 0x70, 0xA8, 0x0F, 0x90, 0xE4, 0x2F, 0x24, 0x4E, 0xAF, 0xA9,
    0x0F, 0x38, 0x40, 0x99, 0xDB, 0xFC, 0x17, 0x6B, 0x7C, 0x4A, 0x97, 0x0E, 0xA7, 0x9F, 0x67, 0x3C,
    0x93, 0x60, 0x8E, 0x97, 0x92, 0xE4, 0x33, 0x43, 0xCD, 0x17, 0x27, 0x04, 0x23, 0x72, 0x22, 0x01,
    0xE0, 0xDA, 0xCA, 0xC0, 0x1A, 0xB9, 0x3A, 0xF4, 0xEE, 0x85, 0x26, 0xC0, 0x51, 0xC1, 0x0E, 0x13,
    0x4B, 0x6B, 0xC8, 0xE7, 0xBF, 0xE1, 0xD9, 0xCE, 0xAA, 0xA3, 0x04, 0xFC, 0x2F, 0x92, 0xFB, 0xCC,
    0x0A, 0xED, 0x83, 0xB4, 0xD9, 0xAA, 0x14, 0xAA, 0x0A, 0xD2, 0xFF, 0x3A, 0xF7, 0x36, 0x40, 0x18,
    0x2A, 0x78, 0x1E, 0x4E, 0xF8, 0x3F, 0x41, 0xA0, 0x98, 0x75, 0x86, 0xCA, 0xFD, 0x24, 0xFD, 0xEB,
    0x5E, 0xBA, 0x75, 0xDA, 0x96, 0x14, 0xC8, 0xCD, 0x42, 0x73, 0x14, 0x8E, 0xF8, 0x3F, 0x01, 0x00,
    0xD4, 0x39, 0x05, 0x0C, 0x69, 0x63, 0xCE, 0x84, 0x8F, 0x07, 0x02, 0x4E, 0x49, 0xC5, 0xF7, 0xB6,
    0xC3, 0x8F, 0x63, 0x6E, 0x1A, 0xB8, 0xF4, 0xD7, 0xFB, 0x63, 0x9F, 0x5A, 0xE4, 0x8C, 0x65, 0xC2,
    0x8B, 0x28, 0x77, 0x33, 0x6C, 0xAC, 0xA5, 0x00, 0xDB, 0xE9, 0xAF, 0x01, 0xC4, 0xF2, 0x42, 0x3E,
    0xCF, 0x7C, 0xFB, 0xD9, 0xDE, 0x2E, 0xAF, 0x6F, 0x58, 0x85, 0x8F, 0x68, 0x18, 0x52, 0x3B, 0x5E,
    0x7F, 0x68, 0xBF, 0xD9, 0xCA, 0xA6, 0x4B, 0x0E, 0xD1, 0xCA, 0xA6, 0xAF, 0x98, 0x2E, 0x86, 0x33,
    0x9E, 0x07, 0xD0, 0xEF, 0xCA, 0xE3, 0xEB, 0x31, 0x9C, 0x75, 0x81, 0x29, 0x13, 0xA0, 0xB0, 0x01,
    0x2D, 0xFD, 0x19, 0xFF, 0x4B, 0x99, 0xCD, 0xE5, 0x33, 0x93, 0xA4, 0xE7, 0x3A, 0x94, 0x1B, 0x83,
    0x9A, 0xE3, 0x90, 0xC8, 0x0F, 0xFB, 0xA3, 0x35, 0xD6, 0x60, 0x99, 0xC9, 0xA9, 0x80, 0x00, 0xC3,
    0xAB, 0x00, 0x53, 0x1C, 0x1F, 0x1B, 0x5F, 0xC0, 0xF9, 0x0B, 0xAC, 0xE4, 0x43, 0xA8, 0x11, 0xC9,
    0x5D, 0x3E, 0xF9, 0xE6, 0x1E, 0x56, 0xF5, 0xE0, 0xDB, 0x09, 0x9D, 0xE6, 0xAA, 0xF8, 0x1C, 0x73,
    0x3E, 0xFE, 0x0A, 0xE0, 0x90, 0xAC, 0xF7, 0xB3, 0x27, 0x2C, 0xE3, 0xF6, 0x2B, 0x67, 0xC7, 0xE6,
    0xF1, 0xCF, 0x06, 0x5A, 0x10, 0x08, 0x04, 0xC8, 0x44, 0x78, 0xD3, 0x92, 0x4E, 0x93, 0xE2, 0xF3,
    0x58, 0xB0, 0xF4, 0xE1, 0x54, 0x7C, 0xA8, 0x46, 0xFC, 0x07, 0xEC, 0x1F, 0xF7, 0x4F, 0x55, 0x6C,
    0x99, 0xC3, 0xC9, 0xA1, 0x18, 0x4D, 0x12, 0x98, 0x60, 0x1D, 0x12, 0x09, 0xC9, 0x5D, 0xA8, 0x24,
    0xA2, 0xF3, 0x2C, 0xBC, 0xDF, 0x8C, 0xAC, 0xA1, 0x20, 0xBD, 0xA6, 0x75, 0x7C, 0xCD, 0xF7, 0x59,
    0x20, 0xF7, 0xB3, 0x4E, 0xD4, 0xE1, 0xA8, 0x90, 0x92, 0x6B, 0x4A, 0x4D, 0x56, 0xA2, 0x43, 0xF1,
    0x77, 0xAC, 0x96, 0xF2, 0x1C, 0x08, 0x0C, 0x94, 0x82, 0x35, 0xBB, 0xEA, 0x6C, 0xDE, 0x8C, 0xB1,
    0x50, 0x3D, 0x94, 0xB3, 0x66, 0x64, 0x09, 0x49, 0xF0, 0x17, 0x59, 0x66, 0xBD, 0x9D, 0xC7, 0x1D,
    0x49, 0x12, 0x85, 0x9A, 0x69, 0xE3, 0xB6, 0x31, 0x2B, 0x02, 0xB4, 0x09, 0xBA, 0xDD, 0x43, 0xD3,
    0xDF, 0xB4, 0x70, 0xB4, 0x66, 0x0D, 0x27, 0x32, 0xFC, 0x47, 0x2D, 0x2B, 0x9F, 0xB8, 0xF0, 0xAF,
    0xB0, 0x70, 0xF4, 0x9A, 0xBD, 0x7C, 0xA6, 0x8E, 0xED, 0xC3, 0x5B, 0x06, 0xE6, 0xBF, 0x5E, 0x0C,
    0xCE, 0x17, 0xBF, 0x8C, 0x25, 0x70, 0xBA, 0x91, 0x47, 0x85, 0x8D, 0x6A, 0x69, 0xC9, 0x2B, 0x8C,
    0x11, 0x83, 0x44, 0xD0, 0x1D, 0xC4, 0x51, 0xD5, 0xE7, 0xE6, 0x5F, 0xB0, 0x9F, 0x06, 0xB3, 0x40,
    0xC1, 0xCC, 0xB4, 0x3A, 0x77, 0xF5, 0xDB, 0xF3, 0xDB, 0x28, 0x67, 0x4A, 0xF5, 0xC5, 0x4D, 0x33,
    0x6E, 0xED, 0x97, 0x3B, 0xEF, 0x78, 0xAE, 0xDA, 0x6A, 0x28, 0x17, 0x48, 0xD5, 0x49, 0x86, 0x3D,
    0xF7, 0x88, 0xFB, 0xCD, 0x56, 0x65, 0x85, 0x95, 0xCD, 0x8D, 0xCB, 0xFB, 0x5B, 0x78, 0xF8, 0xFF,
    0xD5, 0x5A, 0xBF, 0x93, 0xDD, 0xD4, 0x15, 0xBE, 0x92, 0xF0, 0xBE, 0x09, 0x9A, 0x8C, 0xC8, 0x4C,
    0x48, 0xC1, 0x4E, 0x46, 0x29, 0x52, 0x64, 0xC8, 0x04, 0xFD, 0x03, 0x86, 0xAB, 0x85, 0x49, 0x5C,
    0xB8, 0xC0, 0x85, 0xA9, 0x9D, 0x16, 0x52, 0xB8, 0x4D, 0x01, 0x48, 0x38, 0x93, 0x64, 0x32, 0x14,
    0x6C, 0xFE, 0x03, 0x17, 0x14, 0x81, 0xC6, 0x29, 0xC9, 0x0C, 0xB6, 0x64, 0xB6, 0xA0, 0xA0, 0x58,
    0x19, 0x0A, 0x0A, 0x8A, 0x15, 0xE0, 0x26, 0x93, 0x62, 0x05, 0x28, 0xB6, 0x16, 0x4B, 0x3A, 0xF9,
    0xBE, 0x73, 0xEF, 0x7B, 0x7E, 0xBB, 0x5E, 0x3B, 0x0E, 0x63, 0x13, 0x78, 0xDE, 0x27, 0xEB, 0x5D,
    0x49, 0xF7, 0x9E, 0xDF, 0xE7, 0x3B, 0xE7, 0xEA, 0x44, 0x2E, 0x1F, 0x48, 0x25, 0x32, 0xCB, 0xE7,
    0x12, 0x9C, 0x31, 0xC6, 0x84, 0x73, 0x32, 0xDA, 0x4E, 0xDE, 0x97, 0x73, 0x53, 0x75, 0x4B, 0xD6,
    0x3F, 0xA3, 0x31, 0xF8, 0x33, 0x49, 0x6D, 0xCC, 0xA3, 0x73, 0x6E, 0x12, 0x91, 0x72, 0x81, 0x07,
    0x0D, 0x2E, 0x0D, 0x16, 0x13, 0xBC, 0x2F, 0x6F, 0x7C, 0xB0, 0x5D, 0x75, 0xA3, 0x49, 0x66, 0xDC,
    0x23, 0xED, 0xFA, 0x89, 0xE0, 0xA4, 0xEA, 0x47, 0x13, 0xC9, 0xDE, 0x6E, 0x93, 0xE1, 0x89, 0x1A,
    0xDF, 0x3E, 0x12, 0x99, 0xCC, 0x02, 0x53, 0x98, 0x60, 0x39, 0xB3, 0x2E, 0xB1, 0x29, 0xDB, 0x26,
    0xE0, 0xD4, 0x31, 0xEF, 0x4C, 0x71, 0xE8, 0xAC, 0x6C, 0x61, 0x95, 0xD1, 0x64, 0xDB, 0x76, 0x30,
    0x8F, 0x98, 0x6C, 0xE0, 0xFD, 0x13, 0x0E, 0xB1, 0xE0, 0xC0, 0x3B, 0xD6, 0x0E, 0xA6, 0xC2, 0x77,
    0xED, 0x20, 0x0D, 0x56, 0x90, 0xD2, 0x98, 0x05, 0x96, 0x7A, 0x2C, 0x93, 0x79, 0xAB, 0x23, 0x43,
    0x7D, 0x41, 0xAE, 0x2C, 0x0F, 0x3F, 0xC5, 0x9A, 0xD7, 0x71, 0xA7, 0xF9, 0x01, 0xEE, 0x7C, 0xFD,
    0x43, 0xF9, 0x74, 0xE0, 0x28, 0x58, 0x9C, 0x40, 0xA3, 0xE0, 0xD9, 0xAA, 0xA9, 0xCA, 0x78, 0xB4,
    0x60, 0x27, 0xE9, 0x8C, 0xDD, 0x01, 0x4B, 0x5D, 0x55, 0x27, 0x43, 0x3A, 0xA5, 0xFE, 0x0E, 0x91,
    0x6B, 0xF8, 0x4E, 0x97, 0x37, 0x0F, 0xD2, 0xBF, 0x60, 0x8E, 0xD2, 0x82, 0xB8, 0x4C, 0x62, 0xA9,
    0xC1, 0x7C, 0x2E, 0x3D, 0x8E, 0x60, 0x04, 0xCC, 0xD6, 0x91, 0xB4, 0xF8, 0x33, 0x76, 0x0C, 0x41,
    0x69, 0x2C, 0x25, 0xAE, 0x19, 0xE9, 0x2A, 0x30, 0x94, 0xCE, 0x60, 0xD0, 0x84, 0x14, 0x8A, 0x31,
    0x20, 0x4B, 0xB9, 0xE3, 0x11, 0x5C, 0x81, 0x78, 0x93, 0x62, 0x32, 0x13, 0x39, 0x0E, 0x9D, 0x3E,
    0x9E, 0xAC, 0xE6, 0xB7, 0x71, 0x61, 0xA1, 0x37, 0x05, 0xBC, 0xEC, 0x2F, 0x90, 0x29, 0x43, 0x15,
    0x71, 0xCC, 0x5D, 0x30, 0x85, 0x7B, 0xEC, 0x90, 0x42, 0xFD, 0x27, 0x3A, 0x34, 0xDE, 0x41, 0x18,
    0x25, 0x26, 0x85, 0xD8, 0x20, 0xA1, 0x96, 0x17, 0x9B, 0x74, 0x5E, 0x4C, 0x98, 0x21, 0xC0, 0x64,
    0x2D, 0xEF, 0x1F, 0x8C, 0x53, 0x1C, 0x94, 0x53, 0x82, 0x62, 0x69, 0x55, 0x4B, 0xD2, 0x16, 0xF2,
    0x95, 0x94, 0xA9, 0xEC, 0x4B, 0xBE, 0xC0, 0xA1, 0x89, 0xC5, 0x4A, 0x9F, 0xA9, 0x8C, 0xA9, 0xF6,
    0x89, 0xF7, 0x37, 0x9C, 0x9A, 0x54, 0xCD, 0x24, 0x6A, 0x84, 0x36, 0xAB, 0x6E, 0x63, 0x08, 0xA5,
    0x2E, 0x0E, 0x52, 0xB5, 0xA6, 0x9E, 0x87, 0xD2, 0xF0, 0xC4, 0x9C, 0x3F, 0x80, 0x18, 0xB7, 0x86,
    0x6A, 0x67, 0x96, 0x8F, 0x05, 0x47, 0x9C, 0x2F, 0x89, 0x3E, 0x0F, 0x2B, 0x51, 0x8E, 0x72, 0x13,
    0xCC, 0xF9, 0xE6, 0x60, 0x42, 0x5C, 0xCA, 0xCA, 0x00, 0x47, 0x7C, 0x87, 0xA0, 0xDA, 0x4E, 0xF3,
    0x77, 0x23, 0x99, 0xC3, 0xEE, 0x24, 0x58, 0x68, 0x9F, 0x4E, 0x03, 0x79, 0x76, 0x88, 0xDF, 0xC8,
    0xAB, 0xFC, 0xB1, 0xE0, 0xAB, 0x06, 0xAA, 0x34, 0x27, 0x3B, 0x28, 0xD3, 0x24, 0x27, 0x23, 0x48,
    0x22, 0xDA, 0xCD, 0x31, 0x91, 0xF9, 0xB2, 0x4D, 0xFB, 0xA7, 0xCC, 0xCB, 0x2F, 0xF3, 0x89, 0xA7,
    0x92, 0xDC, 0x4A, 0x97, 0x3C, 0xDB, 0x05, 0xB2, 0x1D, 0x97, 0xCF, 0x50, 0x1D, 0xF5, 0x02, 0xDC,
    0xC7, 0x90, 0x0B, 0xEC, 0xBF, 0x85, 0x39, 0x6D, 0x15, 0x0D, 0xD5, 0xAC, 0xEA, 0x21, 0xA9, 0xC6,
    0x9C, 0x35, 0xC5, 0x8C, 0x45, 0x83, 0x0B, 0x63, 0x70, 0xA9, 0xAB, 0x64, 0xF7, 0xEB, 0xCA, 0x5E,
    0x18, 0xE5, 0xD2, 0x17, 0x22, 0x57, 0xA5, 0xA0, 0x4A, 0x60, 0x0E, 0x89, 0x2C, 0xA4, 0x8C, 0xE5,
    0x39, 0xA9, 0x17, 0xB2, 0x23, 0x4D, 0x24, 0xEF, 0x49, 0x1B, 0x4A, 0x23, 0x58, 0xA8, 0xA5, 0x0D,
    0x77, 0xC5, 0x00, 0x63, 0x48, 0xC4, 0xE8, 0x20, 0x4C, 0x25, 0x9B, 0x8D, 0xDE, 0x69, 0x2A, 0xFA,
    0x80, 0x3E, 0x8E, 0xBB, 0x28, 0x1F, 0xB5, 0x17, 0x11, 0xF5, 0xD4, 0x7D, 0x1E, 0x2A, 0xAF, 0x58,
    0xAB, 0x86, 0xAF, 0x06, 0x43, 0x57, 0xB9, 0xCB, 0xD0, 0x93, 0x17, 0x0F, 0x29, 0x7F, 0xBC, 0x4F,
    0xD9, 0x5A, 0xE8, 0x3B, 0x7F, 0x17, 0xE6, 0xB5, 0x92, 0xAD, 0x19, 0x17, 0x23, 0x64, 0x6B, 0x03,
    0x81, 0x6C, 0x19, 0x1A, 0x4E, 0x76, 0xB8, 0x50, 0x26, 0x27, 0x31, 0x49, 0x0E, 0xD9, 0xDA, 0xAC,
    0x86, 0x6C, 0x13, 0x38, 0x0E, 0x64, 0xDB, 0xD9, 0x12, 0xB2, 0x1D, 0xE3, 0x1E, 0xB2, 0xB5, 0x46,
    0x4E, 0xDF, 0xA7, 0x6C, 0x97, 0x54, 0xD6, 0xE1, 0x0C, 0xC3, 0x7C, 0x4E, 0x24, 0xBB, 0x36, 0x4F,
    0x81, 0x60, 0xA1, 0x26, 0xDD, 0x6F, 0x66, 0xE8, 0xAA, 0x90, 0x3C, 0x6B, 0x3D, 0x7F, 0xE4, 0x76,
    0x79, 0x22, 0x77, 0x7C, 0x8E, 0xDC, 0xB3, 0xFE, 0xB9, 0xF3, 0xE6, 0x0D, 0xC9, 0x2B, 0xF9, 0xF3,
    0x2C, 0xA7, 0xEB, 0xD9, 0x44, 0x83, 0xC9, 0x9A, 0x40, 0x4C, 0xDA, 0x85, 0x62, 0xB2, 0x2E, 0x9A,
    0x0D, 0x63, 0x1F, 0x15, 0xD0, 0x06, 0x02, 0xCE, 0xC7, 0xEC, 0xD6, 0x14, 0xE6, 0xB3, 0x09, 0x26,
    0xE8, 0xCD, 0xD8, 0xDE, 0x20, 0x10, 0xE0, 0x76, 0x23, 0x71, 0x29, 0x88, 0x3C, 0x89, 0x0C, 0xB0,
    0x26, 0xF3, 0x63, 0x73, 0x25, 0x94, 0xC5, 0x9C, 0x0C, 0xB6, 0xA1, 0xFE, 0x9F, 0x83, 0x4D, 0x4C,
    0x08, 0x67, 0xB6, 0xC7, 0x03, 0x72, 0xEF, 0xA1, 0x99, 0x43, 0x98, 0x04, 0x96, 0x91, 0xC8, 0x1F,
    0xA4, 0xAD, 0xE4, 0x9C, 0x27, 0x93, 0xAA, 0xEF, 0x19, 0xCB, 0xA1, 0x3E, 0xD5, 0x77, 0xEF, 0x63,
    0x5F, 0x44, 0xCB, 0xD6, 0x68, 0xA9, 0x43, 0x06, 0xF7, 0x5C, 0xC0, 0xBD, 0x9F, 0x61, 0x86, 0x5A,
    0xC6, 0x08, 0x66, 0x6A, 0xE0, 0xA2, 0xB5, 0x4D, 0x30, 0xB0, 0xC3, 0x01, 0xC8, 0x67, 0x44, 0xB4,
    0xB1, 0x11, 0xEF, 0xB0, 0x18, 0x00, 0xAF, 0xB0, 0xBB, 0xDA, 0x9A, 0x08, 0x03, 0x06, 0x03, 0xC6,
    0x7E, 0xF3, 0x81, 0xF4, 0x9A, 0xEC, 0x91, 0xDE, 0x49, 0xAE, 0x91, 0xA6, 0xA8, 0x8E, 0xF3, 0x64,
    0xD8, 0xA8, 0x8C, 0xB5, 0x73, 0xD6, 0x07, 0x43, 0xBA, 0x2F, 0xD5, 0x2C, 0x43, 0xD2, 0xDA, 0x72,
    0x8E, 0x6E, 0xFF, 0x17, 0xBC, 0x05, 0xA5, 0xC3, 0xA6, 0xB2, 0x0F, 0x27, 0x89, 0x6E, 0x0D, 0xC9,
    0x7E, 0x67, 0x2F, 0x5D, 0x9D, 0x0A, 0x21, 0xF5, 0xE7, 0x5B, 0x93, 0x4D, 0x29, 0x95, 0x0A, 0x4F,
    0x42, 0x4C, 0x81, 0xCC, 0x63, 0xC8, 0xA6, 0x76, 0xAE, 0x94, 0x20, 0x0C, 0xE7, 0xA1, 0xBA, 0x96,
    0xBA, 0x52, 0x46, 0xD7, 0xD2, 0xC1, 0xE3, 0x1C, 0x31, 0x42, 0x20, 0xEF, 0x4C, 0x38, 0xD2, 0x43,
    0x10, 0xB4, 0xE1, 0x5F, 0xB9, 0x46, 0xD4, 0x96, 0x3F, 0xE0, 0x34, 0x08, 0x16, 0x18, 0x32, 0x88,
    0x1F, 0x45, 0xCB, 0x1F, 0xF4, 0x23, 0x5B, 0xD3, 0x8A, 0xF0, 0xA3, 0x6A, 0xF8, 0x23, 0x1D, 0xF8,
    0x03, 0x43, 0x45, 0x6D, 0xEB, 0xAA, 0x49, 0xC7, 0x68, 0x4C, 0x07, 0x84, 0x7E, 0xD0, 0x17, 0x70,
    0x2E, 0x84, 0xBA, 0xAA, 0x36, 0x59, 0x9F, 0x7E, 0x3E, 0xC2, 0xCE, 0x17, 0x03, 0xD3, 0x0A, 0x13,
    0x22, 0xEC, 0x09, 0xAE, 0xD3, 0x21, 0xD2, 0xF2, 0x07, 0x0D, 0xDF, 0xD6, 0x6A, 0xA2, 0x63, 0xAC,
    0xCA, 0xAB, 0x49, 0x55, 0x8C, 0x89, 0x31, 0x56, 0xD4, 0xA4, 0x27, 0x82, 0x81, 0x08, 0x89, 0x73,
    0x64, 0x81, 0xE6, 0xCE, 0xA4, 0x3D, 0x6F, 0xD5, 0xC7, 0x05, 0x77, 0x2B, 0x5D, 0x45, 0xCD, 0x4B,
    0xD1, 0xB4, 0xF1, 0xA6, 0x4E, 0xC9, 0xAC, 0x1D, 0x22, 0x12, 0xCD, 0x20, 0xAC, 0x2F, 0x4E, 0x91,
    0xA4, 0xF2, 0x17, 0x78, 0x94, 0xBC, 0xE0, 0x56, 0x70, 0x81, 0x89, 0x99, 0x2C, 0x31, 0x31, 0x08,
    0x00, 0x41, 0x9C, 0x1B, 0xC3, 0x98, 0x3B, 0x19, 0x78, 0xB7, 0x61, 0x7A, 0x64, 0x3E, 0x87, 0xFC,
    0x1B, 0x26, 0x9A, 0x3A, 0xA8, 0xE0, 0x79, 0xE1, 0x5B, 0xA0, 0xA7, 0xA3, 0x63, 0x85, 0xCC, 0x23,
    0x10, 0x54, 0x70, 0x11, 0xB4, 0x50, 0x20, 0xEA, 0x04, 0x35, 0x73, 0x9D, 0x21, 0x37, 0xB4, 0x49,
    0x08, 0x90, 0xD9, 0x51, 0x3D, 0x10, 0x0B, 0x68, 0x7C, 0x8A, 0x46, 0x4A, 0xD7, 0xBC, 0x93, 0x76,
    0x5C, 0x08, 0xF9, 0x2F, 0x87, 0x72, 0xA0, 0x88, 0x21, 0x66, 0xFE, 0xD9, 0x80, 0xE7, 0xB7, 0x0B,
    0x1F, 0xC3, 0x0A, 0x3E, 0x97, 0x75, 0x8B, 0x9B, 0x23, 0x67, 0xCF, 0x8B, 0xE7, 0x19, 0xCC, 0x87,
    0x45, 0xCF, 0xD0, 0x0E, 0xE3, 0x65, 0xEE, 0x8B, 0x9D, 0x28, 0xF1, 0x50, 0xC4, 0xE8, 0xE6, 0x9C,
    0x1E, 0xA2, 0xD7, 0x48, 0xC8, 0x87, 0x54, 0x3A, 0xE6, 0x71, 0xE3, 0xE3, 0x40, 0xC6, 0x9C, 0x44,
    0x15, 0xA9, 0x8C, 0x63, 0xCA, 0x50, 0xE3, 0xE4, 0x89, 0xDC, 0x07, 0x87, 0xE0, 0x05, 0x26, 0x62,
    0x6A, 0x83, 0x37, 0x30, 0x23, 0x2F, 0x98, 0xAE, 0x2B, 0xA1, 0x10, 0x28, 0x3D, 0x4C, 0x19, 0xD1,
    0xE7, 0xE0, 0xA7, 0x41, 0x0E, 0xAC, 0x92, 0x5C, 0xAF, 0xA6, 0x0D, 0xF9, 0x82, 0xF6, 0x4E, 0x9F,
    0x1B, 0x02, 0x0D, 0xAA, 0x2E, 0xBE, 0xBE, 0xA2, 0x53, 0x5A, 0xCD, 0xCE, 0xBA, 0x8C, 0x43, 0x29,
    0x46, 0x65, 0x8C, 0xCF, 0x8B, 0xE6, 0xE8, 0x27, 0xD5, 0x60, 0x15, 0x33, 0x07, 0x63, 0x99, 0x51,
    0x9F, 0x20, 0x13, 0xE0, 0xB2, 0x55, 0xD0, 0xC0, 0xA1, 0x4C, 0x87, 0x92, 0x99, 0xD8, 0x67, 0x21,
    0xA9, 0x62, 0x8A, 0x1D, 0x35, 0x87, 0x56, 0x2D, 0xA7, 0x27, 0xFD, 0xF0, 0x6A, 0x0C, 0x81, 0x4A,
    0x45, 0x21, 0x39, 0x86, 0x22, 0x7A, 0x41, 0x1D, 0x38, 0x04, 0xC0, 0x58, 0x32, 0x2B, 0x8C, 0x70,
    0x00, 0x4C, 0x7A, 0xF8, 0x0C, 0x92, 0x52, 0xA4, 0x56, 0xFC, 0x1E, 0x39, 0xAC, 0x7A, 0x27, 0x02,
    0x8A, 0x47, 0x89, 0x4B, 0x5A, 0x25, 0x4E, 0x19, 0x51, 0x83, 0xA5, 0xE1, 0x90, 0xC4, 0x37, 0xEF,
    0xE0, 0xC3, 0xEA, 0x85, 0x4C, 0xB9, 0x4D, 0x38, 0x8D, 0x13, 0x23, 0x93, 0x99, 0x03, 0x31, 0x1C,
    0x2A, 0x14, 0x21, 0xD8, 0xAF, 0x39, 0x94, 0x4C, 0x45, 0x4F, 0xC6, 0x41, 0x30, 0xD6, 0xBF, 0x80,
    0x21, 0x44, 0x40, 0x0E, 0x55, 0x1D, 0x09, 0x23, 0x9A, 0xAA, 0xA9, 0x17, 0x75, 0x77, 0xF8, 0xB5,
    0xCB, 0x6A, 0x8D, 0x26, 0xC7, 0xC1, 0x85, 0x74, 0x82, 0x19, 0xC2, 0x10, 0x65, 0x3E, 0x51, 0x78,
    0xC4, 0x3C, 0x1A, 0x02, 0xF9, 0xD2, 0x6B, 0x69, 0x44, 0xAA, 0xE5, 0x68, 0x72, 0x90, 0xA8, 0x35,
    0x1E, 0xE3, 0x80, 0x25, 0x1A, 0x4C, 0xF8, 0x26, 0x42, 0xD0, 0xB1, 0x7C, 0x28, 0x30, 0xF3, 0x7C,
    0x44, 0xFA, 0xC4, 0x8A, 0x8F, 0x7E, 0xC5, 0x47, 0x36, 0x39, 0x3E, 0x18, 0x82, 0x17, 0xC2, 0xF5,
    0x23, 0x40, 0x02, 0x9A, 0x6A, 0x0B, 0x33, 0x59, 0xE3, 0x03, 0x5E, 0x06, 0xC9, 0x0F, 0x26, 0x5E,
    0xE3, 0x23, 0x70, 0xD9, 0xD9, 0xF1, 0xA1, 0x5A, 0x69, 0x69, 0xAA, 0x8E, 0x8F, 0x58, 0x4E, 0xA9,
    0x3C, 0x3E, 0x5B, 0xF2, 0x51, 0x95, 0xEF, 0xB8, 0x3C, 0xE6, 0x62, 0x3D, 0xB8, 0xB2, 0x5B, 0x57,
    0x8E, 0x92, 0xEE, 0x18, 0x34, 0x2E, 0xE7, 0x57, 0x6A, 0x44, 0xEA, 0xBA, 0xE0, 0x66, 0x74, 0xC8,
    0xB3, 0x54, 0x6C, 0xD0, 0xD1, 0xC6, 0xF6, 0xD4, 0xE2, 0x3F, 0xD7, 0x90, 0xD4, 0xD3, 0xAE, 0xB2,
    0x91, 0x46, 0x94, 0x48, 0xA4, 0x1E, 0x90, 0x57, 0xF4, 0xF5, 0x1A, 0x74, 0x1B, 0xA6, 0xE3, 0x9A,
    0x6A, 0xA8, 0x7A, 0x25, 0x74, 0x56, 0x14, 0x2A, 0x75, 0x2C, 0x1E, 0xF1, 0x2B, 0x5A, 0x6E, 0x69,
    0x6D, 0x15, 0xD5, 0x47, 0x40, 0x83, 0x5B, 0x52, 0xD5, 0x2B, 0xE8, 0xBF, 0x4C, 0x14, 0x00, 0x07,
    0x75, 0xAB, 0x9F, 0x1B, 0x57, 0x3F, 0xFC, 0x95, 0x23, 0xB9, 0xBA, 0x73, 0xF2, 0xCF, 0x57, 0xFE,
    0x80, 0x45, 0x6B, 0x25, 0x7F, 0x36, 0x2B, 0x43, 0x4A, 0x55, 0x06, 0x91, 0x5C, 0xD2, 0xAC, 0xF8,
    0x6F, 0xDE, 0xE0, 0x2C, 0xC9, 0x7B, 0x44, 0x3A, 0x81, 0x05, 0x32, 0x40, 0x45, 0xD0, 0x31, 0xC8,
    0x53, 0x49, 0x43, 0x91, 0x1E, 0xF8, 0xC2, 0xA8, 0x03, 0x18, 0x6F, 0x4B, 0xCE, 0x27, 0x16, 0x9A,
    0xC0, 0x70, 0x1D, 0xC2, 0xE9, 0x9C, 0x31, 0x85, 0x14, 0xA8, 0xE3, 0x27, 0xD2, 0x25, 0xD4, 0x89,
    0x13, 0x4F, 0x0E, 0x0D, 0x21, 0xEA, 0x0B, 0x0E, 0x8D, 0x5A, 0xE8, 0xD8, 0x53, 0x9D, 0x5E, 0x18,
    0x6E, 0x6B, 0xC1, 0x8A, 0xE3, 0xA6, 0xD1, 0xE7, 0x46, 0x07, 0xCC, 0x73, 0xB5, 0x26, 0xB2, 0x2E,
    0x7B, 0x1C, 0x2A, 0xBE, 0x52, 0x85, 0x0E, 0xD4, 0x42, 0x32, 0xD1, 0xBB, 0x63, 0xA1, 0x2B, 0xE3,
    0x8B, 0x21, 0x78, 0x05, 0x15, 0x53, 0x75, 0x1C, 0x02, 0x29, 0x9E, 0xFA, 0xC9, 0x6B, 0x41, 0xE5,
    0xDF, 0x2B, 0x27, 0xEA, 0xF9, 0x20, 0xB4, 0xA0, 0xF1, 0xF5, 0x34, 0xE4, 0xD4, 0x5B, 0xA5, 0xAB,
    0x16, 0x3C, 0x1C, 0x8C, 0x5C, 0x3C, 0xD0, 0xA8, 0xE2, 0xAB, 0x09, 0x71, 0x96, 0x95, 0x2C, 0x11,
    0xA3, 0x28, 0xC1, 0x2E, 0x58, 0x1B, 0xF7, 0xEC, 0xE4, 0x4D, 0xAC, 0x50, 0xBC, 0x01, 0x6B, 0x59,
    0x3E, 0xFB, 0x91, 0x7F, 0x16, 0x29, 0xD8, 0x3D, 0x8B, 0xCA, 0x4E, 0x34, 0x4E, 0xE5, 0xEE, 0x16,
    0x8A, 0xDF, 0x69, 0xB3, 0x49, 0x7C, 0x90, 0x70, 0x5E, 0xA4, 0xEB, 0x36, 0xCB, 0x75, 0x73, 0x67,
    0xDA, 0xFA, 0xA1, 0x17, 0x6B, 0x15, 0x47, 0xD1, 0x73, 0xE0, 0x2B, 0xDC, 0xA7, 0x74, 0xEF, 0xCF,
    0xFE, 0x76, 0x13, 0x54, 0x07, 0xC6, 0xD5, 0x94, 0x46, 0xC5, 0x61, 0x5D, 0x48, 0xBB, 0x7E, 0x0E,
    0x3E, 0xD8, 0x21, 0x15, 0xF3, 0xD1, 0x8B, 0x0B, 0x37, 0x6D, 0xA7, 0x8B, 0xA8, 0x5A, 0x5A, 0xA5,
    0xF5, 0xB8, 0x53, 0xAD, 0x3B, 0x8D, 0xF2, 0x47, 0x89, 0x3D, 0x0A, 0x3A, 0x99, 0x4F, 0x64, 0xFE,
    0xB5, 0xAB, 0x19, 0xE9, 0xBC, 0xA4, 0x37, 0x53, 0xDD, 0x6D, 0xEA, 0x33, 0x4F, 0x69, 0x4C, 0xD4,
    0x39, 0x7E, 0xA9, 0x0A, 0x4F, 0x54, 0x26, 0xB4, 0x80, 0x94, 0x00, 0xF7, 0x69, 0xCE, 0xCB, 0x19,
    0xAB, 0xC6, 0xE7, 0x23, 0x0D, 0xA6, 0x4F, 0x6C, 0xDF, 0x0B, 0x9C, 0x8A, 0xB3, 0x44, 0x87, 0xF4,
    0x92, 0xD5, 0x89, 0xAF, 0xCC, 0xDB, 0x23, 0x27, 0x87, 0xEE, 0x59, 0xBB, 0xF9, 0xB8, 0x8F, 0x0F,
    0x88, 0x57, 0xD4, 0x05, 0x5D, 0x48, 0xD7, 0x8C, 0xF9, 0x44, 0xFE, 0xFF, 0xA2, 0x87, 0x0D, 0x0A,
    0xDB, 0xD0, 0x52, 0x4B, 0x0D, 0xCD, 0xA1, 0x40, 0x40, 0x2F, 0xE5, 0x6B, 0x02, 0xFA, 0x56, 0xE9,
    0xB9, 0x1C, 0xF6, 0x90, 0x4C, 0x05, 0xAF, 0x7A, 0x7E, 0xD2, 0x13, 0x1D, 0x59, 0x7E, 0xEE, 0xF2,
    0xD4, 0x31, 0x4B, 0xDC, 0x49, 0x06, 0x4F, 0xEE, 0x24, 0x63, 0xBA, 0x2B, 0x83, 0x5D, 0x52, 0xA2,
    0x2C, 0x81, 0x1D, 0x13, 0x47, 0x10, 0xAB, 0xBD, 0x74, 0x8C, 0x3C, 0x42, 0x66, 0xF7, 0xFB, 0xFD,
    0x0B, 0x15, 0x91, 0x1E, 0x92, 0x3D, 0x6A, 0x40, 0x88, 0x1B, 0x10, 0x10, 0x2A, 0x78, 0xF1, 0x41,
    0xCF, 0x7F, 0x42, 0x91, 0x58, 0x00, 0x57, 0x2F, 0xF6, 0x5B, 0xC8, 0xF2, 0x4F, 0xB7, 0xB3, 0x2D,
    0x7C, 0x75, 0xC7, 0x35, 0x6A, 0xF8, 0x1F, 0xFD, 0x93, 0x0D, 0x8F, 0xE2, 0x7F, 0xF9, 0x2F, 0x96,
    0x23, 0xB3, 0x64, 0xF9, 0x65, 0x2C, 0xB2, 0x3B, 0xD9, 0x1B, 0x30, 0x21, 0xFC, 0x58, 0xF5, 0x41,
    0x26, 0x10, 0x83, 0xD8, 0x87, 0x02, 0xA5, 0x8F, 0x45, 0x5B, 0x27, 0x78, 0x1C, 0x51, 0x76, 0x71,
    0x1F, 0x3F, 0xB2, 0xF1, 0xF0, 0x04, 0x90, 0xCE, 0xBC, 0xED, 0x0C, 0xA1, 0x75, 0xA2, 0x6A, 0x9C,
    0x55, 0x00, 0x3E, 0xB7, 0x3F, 0x61, 0x50, 0x26, 0xB0, 0xEE, 0xA8, 0x5C, 0x26, 0x7B, 0x05, 0x26,
    0xFC, 0x11, 0xC8, 0xAE, 0xE2, 0xAE, 0xC9, 0x25, 0x7D, 0x16, 0x4B, 0x75, 0x72, 0xF8, 0x87, 0x1A,
    0x84, 0x0B, 0x91, 0xA9, 0x3E, 0x13, 0xE9, 0x28, 0xB3, 0xAE, 0x06, 0x1D, 0x84, 0xAA, 0xE0, 0x3C,
    0xCE, 0x5C, 0xCE, 0x4A, 0x9C, 0x0B, 0x68, 0xD4, 0xE7, 0x8F, 0x7F, 0x12, 0xA2, 0x4C, 0x0B, 0x4E,
    0xC1, 0x91, 0x8C, 0x91, 0x37, 0xEA, 0x37, 0xB7, 0x0F, 0xA5, 0x56, 0x3E, 0xB0, 0x07, 0xEA, 0xB8,
    0x72, 0xCE, 0xD3, 0x51, 0x4F, 0x1B, 0xA5, 0x41, 0x4F, 0x01, 0xAC, 0xF6, 0x66, 0x25, 0xED, 0x13,
    0xD8, 0xEC, 0xDE, 0x64, 0x3B, 0x9C, 0x7E, 0x28, 0x25, 0x4E, 0x51, 0x3B, 0x4D, 0xD2, 0x54, 0x2D,
    0x4E, 0x23, 0xE1, 0x69, 0x36, 0x10, 0x44, 0xC8, 0x2E, 0x4E, 0xE3, 0x99, 0xA7, 0x16, 0x92, 0x22,
    0x3E, 0xDB, 0x63, 0x6E, 0x9A, 0xB4, 0xD7, 0xB4, 0x47, 0x10, 0xCA, 0xD3, 0x54, 0x01, 0x07, 0x28,
    0x08, 0x1C, 0x10, 0x76, 0xA8, 0x38, 0xF3, 0xFD, 0x0E, 0x0D, 0x3F, 0x69, 0x6F, 0x8E, 0xFF, 0x9C,
    0x9F, 0x73, 0xA6, 0x13, 0xF2, 0x15, 0x6B, 0xEA, 0x52, 0xE4, 0x91, 0xC7, 0x72, 0x7D, 0x13, 0xA5,
    0x95, 0x0A, 0x27, 0xD2, 0xB2, 0xEE, 0x1A, 0x95, 0xE2, 0xF2, 0x68, 0x2C, 0x0A, 0xFF, 0xC0, 0x0D,
    0xCD, 0xED, 0xA6, 0xC2, 0xFE, 0xC9, 0x35, 0xBA, 0x98, 0x1E, 0xC9, 0x31, 0x83, 0xFD, 0x0D, 0x26,
    0xA8, 0x6C, 0xE4, 0x10, 0x13, 0x18, 0x9F, 0xDB, 0x82, 0x96, 0x63, 0xA9, 0x33, 0xD9, 0x3E, 0x4F,
    0x9B, 0x5E, 0x86, 0x7C, 0xC5, 0x63, 0x8A, 0xA0, 0x42, 0x39, 0x70, 0xD1, 0xC0, 0x01, 0x7B, 0xA5,
    0xDA, 0x25, 0x36, 0x7F, 0x1C, 0xBE, 0x57, 0x7C, 0x38, 0x0C, 0x16, 0xAB, 0x0E, 0x12, 0xCD, 0xCB,
    0xE9, 0xC0, 0xCB, 0x69, 0x1F, 0x8F, 0xDF, 0x27, 0x3E, 0x2E, 0x9B, 0xDF, 0x73, 0x01, 0x05, 0x64,
    0x0E, 0x78, 0x14, 0xA7, 0xE8, 0x52, 0x59, 0xB9, 0x59, 0x1E, 0x61, 0x40, 0xA1, 0x03, 0x51, 0xD4,
    0x60, 0xFC, 0x54, 0x99, 0xBA, 0x93, 0x5B, 0x83, 0xD8, 0xB3, 0x5A, 0xC1, 0x70, 0x16, 0x59, 0x9F,
    0x39, 0xAA, 0x1C, 0xAA, 0xF1, 0xE4, 0x1E, 0xC3, 0x87, 0x32, 0xF8, 0x89, 0x42, 0xF4, 0x2F, 0x1C,
    0xE7, 0xE4, 0x39, 0x9B, 0x9C, 0x48, 0x4C, 0x35, 0x6F, 0x55, 0xE2, 0x65, 0xA5, 0x48, 0x67, 0x29,
    0x44, 0x8C, 0xB1, 0x53, 0x1D, 0xF6, 0x71, 0x63, 0x5C, 0x02, 0xC4, 0x02, 0x1F, 0x51, 0x21, 0x9A,
    0x81, 0xFC, 0x85, 0xEF, 0x8B, 0x26, 0x42, 0x63, 0x7E, 0x16, 0x76, 0xE6, 0x19, 0x96, 0xFF, 0x9F,
    0x02, 0x0C, 0x4E, 0xA9, 0xD8, 0x59, 0x71, 0x5A, 0x8A, 0x6F, 0xC0, 0x20, 0xA4, 0x0D, 0x0E, 0xF6,
    0x6E, 0x58, 0xFA, 0xCC, 0xEE, 0x9E, 0x64, 0x42, 0xC8, 0x9D, 0x4C, 0x5A, 0xFF, 0xD0, 0x04, 0xF5,
    0x8A, 0xBD, 0xF2, 0xB7, 0x0A, 0xD2, 0x5F, 0x35, 0x8A, 0xCE, 0x1D, 0x7B, 0xA5, 0xB2, 0xD7, 0xB3,
    0xB6, 0xB0, 0xCA, 0x9E, 0x95, 0x86, 0xED, 0x77, 0x19, 0x19, 0xB0, 0x3F, 0x90, 0x6C, 0x34, 0xD9,
    0x55, 0xB2, 0x97, 0x36, 0x64, 0x2F, 0x6D, 0xC9, 0x5E, 0xDA, 0x92, 0xBD, 0xA4, 0x23, 0x7B, 0x38,
    0x16, 0x5F, 0xCA, 0x2E, 0xA3, 0x7B, 0xC1, 0x3E, 0xFE, 0x9C, 0x28, 0x63, 0x21, 0xC2, 0x61, 0x2C,
    0xA5, 0x25, 0x84, 0x74, 0xD5, 0x80, 0x03, 0xD7, 0x75, 0x78, 0x43, 0x55, 0xF6, 0xF3, 0x0D, 0x35,
    0x34, 0x75, 0x7B, 0xAD, 0x04, 0x5C, 0xDC, 0xCA, 0x1C, 0x94, 0xCD, 0xEF, 0xAC, 0x64, 0x1A, 0x0F,
    0x97, 0x35, 0xF4, 0x81, 0x94, 0x9C, 0x82, 0xFE, 0x26, 0x83, 0xB3, 0x57, 0x54, 0x32, 0x55, 0x2C,
    0xB3, 0xB2, 0xD1, 0x97, 0xFF, 0xA8, 0x75, 0xA6, 0x0D, 0xE9, 0xD3, 0x65, 0x17, 0x62, 0xF4, 0x36,
    0xED, 0x7A, 0x11, 0xC6, 0xD5, 0x21, 0xB9, 0x6F, 0x11, 0x6B, 0x7E, 0x41, 0x21, 0xF9, 0x9D, 0xA3,
    0xF3, 0x55, 0xB3, 0xDA, 0xDA, 0x21, 0xB1, 0xF2, 0xC6, 0xA0, 0xB0, 0xBB, 0xFC, 0x8E, 0xD1, 0xA9,
    0x90, 0x42, 0x1D, 0x52, 0x2B, 0x7E, 0xE7, 0xA7, 0x2B, 0x9C, 0xF1, 0x5D, 0xD2, 0xFB, 0x42, 0xA3,
    0xC5, 0x62, 0x34, 0xCB, 0x1E, 0xD8, 0xF2, 0xA8, 0x75, 0x8A, 0x39, 0x7B, 0x84, 0xDE, 0x4C, 0x6B,
    0xDD, 0x3F, 0x28, 0x64, 0xA9, 0x8B, 0x51, 0xEB, 0x34, 0xB6, 0xF0, 0xDA, 0x80, 0xDB, 0x17, 0x1D,
    0x3B, 0x68, 0xF0, 0x0F, 0x56, 0xF7, 0x58, 0xA2, 0xF0, 0xD5, 0x7D, 0x31, 0xAD, 0xFA, 0x11, 0x99,
    0x1E, 0x5D, 0x5D, 0x8B, 0x94, 0xEF, 0x8A, 0xE3, 0x7A, 0x55, 0x56, 0xF9, 0x0E, 0x75, 0xE2, 0x7B,
    0x30, 0xB9, 0x59, 0x9A, 0xE2, 0xBD, 0x2F, 0x1C, 0xD3, 0xE5, 0xC6, 0x72, 0xDB, 0xF4, 0xC8, 0x21,
    0x59, 0xED, 0xF2, 0xD1, 0x3F, 0x6F, 0xB2, 0x15, 0x2C, 0xC4, 0x5D, 0xEA, 0xC6, 0x2E, 0x28, 0xE5,
    0xA1, 0x43, 0xA1, 0xC5, 0xF2, 0xAE, 0x8F, 0xFC, 0xF6, 0xDF, 0xC1, 0xDD, 0x9B, 0xE8, 0x9B, 0x72,
    0x91, 0x93, 0xB8, 0xFE, 0x46, 0xCD, 0xC8, 0xD6, 0x5A, 0x14, 0x7F, 0x1D, 0x6C, 0xB3, 0x60, 0x67,
    0xCC, 0xF6, 0x6C, 0x45, 0xE3, 0xB0, 0x21, 0x1D, 0x90, 0x10, 0xB4, 0x80, 0x43, 0xBD, 0x3A, 0xEB,
    0xA5, 0x09, 0xAA, 0x91, 0xCB, 0xF3, 0xA0, 0x8A, 0xBC, 0x7D, 0xC8, 0x70, 0xF8, 0x11, 0xAF, 0x16,
    0xBC, 0xCF, 0xF2, 0x89, 0x0C, 0xB0, 0xAA, 0x61, 0x1F, 0xF5, 0x76, 0x91, 0xB8, 0xDC, 0xC9, 0xD1,
    0xF0, 0xF2, 0xC4, 0xD2, 0x03, 0x1E, 0x3F, 0x43, 0xB9, 0x32, 0xC2, 0x51, 0x33, 0x44, 0xE5, 0xB7,
    0x00, 0x65, 0x11, 0x00, 0xCB, 0x00, 0x6B, 0x31, 0x0E, 0xD5, 0xC1, 0x25, 0x19, 0xC9, 0xF1, 0x55,
    0x72, 0x59, 0x1C, 0x84, 0xB2, 0x3B, 0x93, 0x0C, 0x04, 0xBD, 0x5D, 0xF9, 0xA3, 0x8C, 0xCC, 0x36,
    0xEF, 0xF3, 0x52, 0x0A, 0x61, 0x34, 0xD9, 0x81, 0xF6, 0xDC, 0x1A, 0xED, 0x98, 0xBA, 0x2D, 0x13,
    0x57, 0x09, 0x9A, 0xB5, 0x4A, 0xF0, 0xA1, 0x2C, 0xAA, 0xE0, 0xAF, 0xF0, 0x6D, 0x56, 0x80, 0x46,
    0x13, 0xCE, 0xF0, 0xA2, 0x27, 0x57, 0xE5, 0xDE, 0x43, 0x59, 0x34, 0x6B, 0x5E, 0xA1, 0x7F, 0xB8,
    0x7E, 0xB1, 0x0D, 0xFE, 0xF1, 0x30, 0x19, 0xBC, 0x77, 0xFD, 0xF8, 0xA0, 0x16, 0xDD, 0x59, 0x5B,
    0x34, 0xD6, 0x8D, 0x29, 0xB6, 0xA9, 0x5C, 0x9F, 0x29, 0x1A, 0x2A, 0xA8, 0x34, 0xEA, 0x4C, 0xD4,
    0x59, 0x9C, 0xBC, 0xDE, 0xB9, 0x94, 0xAB, 0x8D, 0xEF, 0xB4, 0x71, 0xED, 0x6E, 0x57, 0x68, 0x63,
    0x18, 0x93, 0x75, 0xA9, 0x5C, 0x92, 0xBC, 0x62, 0x63, 0xFB, 0xB1, 0xD0, 0xE5, 0x7C, 0xF3, 0x84,
    0x33, 0xFF, 0x31, 0x55, 0x06, 0xB7, 0xB9, 0xBA, 0x92, 0x61, 0x47, 0x19, 0xCE, 0xC9, 0x07, 0x4B,
    0xEF, 0x03, 0x85, 0xBB, 0x53, 0x28, 0xDB, 0x08, 0x4E, 0x98, 0x35, 0x38, 0xAB, 0x13, 0xB3, 0xEB,
    0xEB, 0x7A, 0x82, 0xBE, 0x49, 0x2B, 0x6D, 0xC6, 0x7D, 0x2C, 0xC4, 0xF6, 0x0C, 0x6C, 0xE7, 0x8E,
    0xCB, 0x46, 0x1D, 0x10, 0x75, 0x0E, 0xC8, 0xDF, 0x74, 0xF5, 0x6E, 0xE1, 0xEE, 0xCE, 0xDC, 0x7F,
    0x37, 0xB9, 0xAC, 0x86, 0x90, 0xD0, 0xF7, 0xDE, 0x01, 0x1A, 0x1E, 0x41, 0x20, 0x3A, 0x27, 0xD3,
    0x62, 0x8E, 0xDD, 0x4D, 0xBD, 0xD5, 0xAA, 0x8C, 0x3B, 0x02, 0x3D, 0x7D, 0x3E, 0x00, 0x8E, 0xDA,
    0x24, 0x24, 0x5A, 0x32, 0x19, 0xB9, 0x8B, 0xD2, 0x65, 0xB2, 0x0F, 0xA9, 0xD5, 0xC9, 0x75, 0xF8,
    0xF2, 0x19, 0xED, 0x04, 0x31, 0x36, 0xF9, 0x86, 0xA1, 0x3F, 0x71, 0xCD, 0xF5, 0x72, 0x03, 0x90,
    0xE4, 0x37, 0xC0, 0x3A, 0x60, 0x80, 0x20, 0x40, 0xF7, 0xC3, 0x75, 0xFB, 0xDC, 0xF9, 0x29, 0xEF,
    0xFC, 0x9D, 0x7F, 0xB7, 0x21, 0x54, 0x00, 0xA9, 0x58, 0x72, 0xD5, 0xF6, 0xD7, 0x2D, 0x0F, 0x7A,
    0xB5, 0x6F, 0x95, 0xDF, 0xEE, 0xF8, 0xEB, 0x3E, 0x03, 0x9F, 0x70, 0x9B, 0x95, 0x2C, 0xFA, 0xA0,
    0xFD, 0x2E, 0x9B, 0x10, 0x53, 0x20, 0xFD, 0x74, 0xB4, 0xDC, 0xAE, 0xA1, 0x18, 0xA6, 0xB5, 0x43,
    0xB7, 0x0C, 0x4F, 0x88, 0xBB, 0x8F, 0xE1, 0xF9, 0xAD, 0x2A, 0x27, 0xF7, 0x6D, 0xA8, 0x90, 0x4B,
    0xFB, 0x72, 0x1B, 0x1A, 0xF6, 0x83, 0x6E, 0x19, 0xF4, 0xD7, 0xB6, 0x86, 0x19, 0x42, 0xDE, 0xFA,
    0xB6, 0x28, 0xB8, 0xAC, 0x98, 0x88, 0x78, 0x52, 0xD1, 0xE6, 0x3E, 0x17, 0x7A, 0x0E, 0xA5, 0xF4,
    0x5B, 0xE6, 0xA5, 0xFC, 0x5B, 0xA1, 0x40, 0x5F, 0x25, 0xA8, 0x76, 0xD8, 0x11, 0xFC, 0x58, 0xFC,
    0xD9, 0xDA, 0xEB, 0x05, 0xF7, 0xA4, 0x60, 0x26, 0x05, 0x23, 0x29, 0xE8, 0x8F, 0xA1, 0x40, 0x17,
    0x1F, 0xDC, 0xF6, 0x00, 0x29, 0x78, 0xCD, 0x51, 0xD0, 0x1C, 0xA1, 0xE0, 0x11, 0xD4, 0xDC, 0xA6,
    0x68, 0x22, 0xDD, 0xA5, 0x7B, 0xD4, 0x05, 0xB5, 0x0A, 0x25, 0xC1, 0xA4, 0x07, 0x57, 0xDD, 0xDF,
    0xFB, 0x60, 0x72, 0x40, 0x60, 0xC0, 0x1F, 0xE8, 0x10, 0xA6, 0xE8, 0xB7, 0x59, 0x2A, 0x94, 0xE0,
    0x72, 0x5A, 0xA6, 0x8C, 0x0D, 0x08, 0xCC, 0x9E, 0xEB, 0x2E, 0xF2, 0xBD, 0x4E, 0x75, 0x7B, 0x0B,
    0x58, 0x2F, 0x61, 0x67, 0xA6, 0xAA, 0xD3, 0xBE, 0x68, 0xDE, 0x46, 0x9C, 0xF5, 0x32, 0x88, 0xB5,
    0xD6, 0xE9, 0xB9, 0xC7, 0x15, 0x8A, 0x82, 0x8E, 0x55, 0xCE, 0x8D, 0xEE, 0xF7, 0xE7, 0xB1, 0xAF,
    0x70, 0x58, 0x36, 0x7F, 0xFD, 0x1F, 0xFD, 0xA9, 0xB8, 0xBF, 0x3F, 0xFD, 0xCC, 0xF9, 0xDF, 0x31,
    0xFF, 0xBF, 0xD8, 0x4F, 0x21, 0xEE, 0xA1, 0x8A, 0x36, 0x65, 0xF0, 0x8D, 0xF6, 0x2B, 0x98, 0x2F,
    0x68, 0xD9, 0x48, 0x51, 0x03, 0x5B, 0xD0, 0x2D, 0x9F, 0x67, 0x6F, 0x46, 0x63, 0x00, 0xC5, 0x23,
    0x72, 0x0E, 0x61, 0x6C, 0xC2, 0xA2, 0x15, 0x21, 0x13, 0xC1, 0x53, 0x24, 0xDC, 0xAD, 0x63, 0xD9,
    0x06, 0xB8, 0xAF, 0xBB, 0xED, 0x6D, 0x31, 0xAA, 0xDA, 0x62, 0x66, 0x79, 0x7D, 0x1D, 0x26, 0xA8,
    0x58, 0x7A, 0x15, 0xDB, 0xBF, 0x62, 0x7B, 0x9C, 0x3B, 0x8C, 0x4D, 0x5A, 0x17, 0x3E, 0xF1, 0x9E,
    0x38, 0x93, 0x8C, 0x19, 0x80, 0x51, 0x21, 0x83, 0x83, 0x12, 0xFB, 0xF8, 0x57, 0x16, 0x6A, 0x32,
    0x6A, 0x7C, 0x03, 0x24, 0xA8, 0x2F, 0xC0, 0xE4, 0x0B, 0xB7, 0xA3, 0xD3, 0xAB, 0x29, 0xDC, 0x65,
    0x40, 0x9B, 0xC5, 0x1A, 0xAB, 0x75, 0x2B, 0x4D, 0xBD, 0x54, 0x6B, 0xBD, 0x8D, 0x8B, 0x2B, 0xE3,
    0xCC, 0x5D, 0x7A, 0x48, 0xFC, 0x2B, 0x33, 0x7D, 0x4C, 0xDB, 0xB4, 0x23, 0x77, 0x82, 0x6A, 0x0D,
    0xC1, 0x5A, 0x7F, 0x2A, 0xA2, 0xB0, 0xB7, 0xD9, 0x3C, 0x4F, 0xBB, 0x85, 0x8D, 0x02, 0x96, 0x1C,
    0xA4, 0x2E, 0x74, 0x11, 0x16, 0x72, 0xE7, 0x8F, 0xA8, 0x50, 0x61, 0x9F, 0xA6, 0x7B, 0x46, 0x28,
    0xF6, 0x12, 0xB5, 0xD7, 0xA2, 0x35, 0xCB, 0xC6, 0xF6, 0xC3, 0x5F, 0x5B, 0xB3, 0x7E, 0xAA, 0x45,
    0x27, 0x21, 0xF3, 0x2D, 0xC2, 0xD8, 0x05, 0xFD, 0x63, 0x69, 0xDF, 0x0F, 0x71, 0x6D, 0x26, 0xFF,
    0xC8, 0x6F, 0xF2, 0xD4, 0x66, 0xDC, 0xB8, 0xEE, 0x57, 0x3C, 0x71, 0xD6, 0x6F, 0x05, 0x2E, 0xFB,
    0xFA, 0x79, 0x85, 0x14, 0x15, 0x71, 0xC7, 0x8B, 0xF5, 0xE3, 0x48, 0xA4, 0xE7, 0x16, 0x9A, 0x5C,
    0x61, 0xAC, 0x35, 0xB2, 0xBD, 0xC1, 0xC9, 0xDF, 0xE7, 0x13, 0x89, 0xFC, 0xD5, 0x21, 0xF0, 0x32,
    0xF5, 0x00, 0xBC, 0x44, 0x08, 0x40, 0xDC, 0x63, 0xC2, 0xD7, 0xED, 0x45, 0xC0, 0xC5, 0xC6, 0x54,
    0xEF, 0x89, 0x39, 0x82, 0x01, 0x1E, 0xA6, 0x96, 0xCF, 0x28, 0xCB, 0xFE, 0xFD, 0xB1, 0xA2, 0xF3,
    0x27, 0x1C, 0xD1, 0x4B, 0xC7, 0x76, 0x9B, 0xCD, 0xAA, 0x9B, 0xA5, 0x05, 0xC2, 0xEA, 0x29, 0xDB,
    0x7A, 0xD5, 0x05, 0x67, 0x43, 0xA4, 0x56, 0xB9, 0x94, 0x43, 0x86, 0xEA, 0x73, 0x0D, 0xD3, 0x69,
    0xCD, 0x5D, 0xB2, 0xD7, 0x05, 0x13, 0xDA, 0x01, 0x01, 0x45, 0xDA, 0x2B, 0xA0, 0xF5, 0x54, 0x07,
    0x5A, 0x0B, 0x08, 0x4C, 0x7A, 0x14, 0x2D, 0x92, 0x17, 0x5F, 0xC8, 0x10, 0x21, 0xF3, 0x5E, 0x2F,
    0x74, 0x0B, 0x45, 0xDF, 0x29, 0x0B, 0x34, 0x74, 0x5F, 0xAB, 0x96, 0x71, 0x99, 0x3B, 0x9B, 0x45,
    0xEE, 0x6C, 0xD2, 0x6D, 0xD9, 0x73, 0x83, 0xF2, 0x6F, 0xEB, 0x05, 0x95, 0x16, 0x44, 0xDA, 0x62,
    0xBC, 0xC9, 0x30, 0x77, 0xF7, 0x81, 0x59, 0x05, 0x86, 0x81, 0x2E, 0x96, 0xF3, 0xF3, 0x69, 0x84,
    0x27, 0x88, 0x97, 0x11, 0x3C, 0x95, 0x2F, 0xA1, 0xE2, 0x96, 0x2F, 0x20, 0x25, 0xB9, 0xBE, 0x54,
    0xA1, 0xBE, 0xC7, 0x1C, 0xCD, 0xD7, 0x05, 0xD6, 0x37, 0xB4, 0x1F, 0xEC, 0x72, 0x51, 0xEB, 0xC4,
    0xB9, 0x40, 0x18, 0x5A, 0xCC, 0x4C, 0x0C, 0x69, 0x77, 0x68, 0xDF, 0xF9, 0x81, 0x2E, 0xC7, 0x56,
    0x91, 0x56, 0xA6, 0xEC, 0x1F, 0x11, 0x7F, 0xDE, 0xD1, 0x3B, 0x7A, 0x30, 0xCB, 0xDD, 0x58, 0x0A,
    0x53, 0xCD, 0x8A, 0xAF, 0x92, 0xB9, 0x50, 0xA6, 0xC0, 0xC7, 0xB6, 0xCB, 0xBE, 0xC3, 0x6A, 0x53,
    0x7D, 0xE0, 0x7B, 0x3A, 0x40, 0xDF, 0x03, 0x37, 0xF4, 0x3B, 0xC0, 0xAD, 0x0A, 0x73, 0x2A, 0x2D,
    0x01, 0xBB, 0x2C, 0x17, 0x80, 0x7F, 0x61, 0x25, 0xB9, 0xC1, 0x01, 0x79, 0xEB, 0xE3, 0x99, 0x0E,
    0x32, 0xFA, 0xB7, 0x1F, 0x32, 0x9A, 0xB7, 0x6E, 0xC5, 0x27, 0xAE, 0x03, 0xD7, 0xF8, 0x2D, 0xCD,
    0xD0, 0xED, 0x28, 0x6B, 0xE5, 0xC6, 0x93, 0xC9, 0xBF, 0xC6, 0xA8, 0x6F, 0x7A, 0x44, 0xC4, 0x81,
    0xC7, 0x15, 0x91, 0x6E, 0xE8, 0x05, 0x0C, 0xA1, 0x00, 0xB3, 0xB7, 0xDC, 0x8B, 0xAB, 0x88, 0xF2,
    0x73, 0x25, 0xCF, 0x4B, 0x99, 0xF1, 0x8D, 0x4D, 0xEB, 0xDD, 0x3F, 0xD7, 0x0D, 0x5A, 0x95, 0xC6,
    0xCA, 0x19, 0xE1, 0x9F, 0x74, 0x7F, 0x2B, 0xAF, 0xB9, 0xAC, 0xB0, 0x83, 0xB0, 0x31, 0x25, 0x80,
    0x09, 0x8D, 0xED, 0xB3, 0xE1, 0x1E, 0x2B, 0x6A, 0xA9, 0xFD, 0x5F, 0x01, 0x8A, 0xAE, 0x0E, 0x49,
    0x15, 0x94, 0x54, 0xD5, 0xEB, 0xDB, 0x1C, 0x94, 0x14, 0xE0, 0xFF, 0x96, 0x93, 0x54, 0xBD, 0x2E,
    0xA9, 0x4F, 0x66, 0xBF, 0x37, 0x7B, 0x5F, 0x92, 0xCA, 0xEF, 0x2E, 0xA9, 0xFF, 0x00, 0xD5, 0x5C,
    0x3D, 0xB3, 0xDC, 0xD6, 0x79, 0x3E, 0xC0, 0x9A, 0x77, 0x67, 0x84, 0x02, 0x2A, 0x64, 0xCF, 0x84,
    0x9C, 0x09, 0x52, 0xA4, 0xF0, 0x28, 0x33, 0xC1, 0x2F, 0x48, 0x00, 0x8A, 0x93, 0x51, 0xA1, 0x82,
    0xCC, 0x8C, 0x98, 0x26, 0x05, 0x1B, 0x35, 0x76, 0x73, 0xFF, 0x40, 0x22, 0xAC, 0xC2, 0x49, 0xE5,
    0xC2, 0x37, 0xF1, 0x0F, 0x90, 0x0A, 0x16, 0xB2, 0x53, 0xB8, 0x4D, 0x11, 0x11, 0x2B, 0xB3, 0x60,
    0xA1, 0x82, 0x2B, 0xB3, 0x70, 0xC1, 0x82, 0x18, 0xEB, 0x66, 0x26, 0x89, 0x0A, 0xC2, 0x16, 0x22,
    0xE1, 0x5A, 0x00, 0xDE, 0x3C, 0xCF, 0x73, 0xCE, 0xEE, 0xDD, 0xFB, 0x45, 0x5E, 0x4A, 0xA4, 0x75,
    0xB3, 0xBC, 0x8B, 0xC5, 0x9E, 0x05, 0x70, 0xDE, 0xF3, 0x9C, 0xF7, 0xBC, 0xDF, 0x87, 0x6E, 0x66,
    0xD6, 0x3A, 0xE7, 0xCC, 0x06, 0x1C, 0x0B, 0x33, 0x77, 0xEC, 0x95, 0xDA, 0x12, 0xC7, 0xB9, 0x75,
    0x38, 0xC6, 0x36, 0x39, 0x5D, 0xCB, 0xA6, 0x4A, 0x4D, 0xFE, 0x8E, 0x54, 0x4D, 0x89, 0x15, 0xBD,
    0x73, 0x33, 0x7B, 0x80, 0xA6, 0xC8, 0x3E, 0xB5, 0x95, 0x73, 0x75, 0xCB, 0xA6, 0x62, 0x48, 0xD1,
    0x94, 0x8D, 0x11, 0x9A, 0x70, 0x56, 0x0C, 0xB8, 0x68, 0x89, 0x93, 0xD8, 0x1A, 0xFC, 0xE1, 0x79,
    0xEC, 0xBD, 0xE2, 0x47, 0x99, 0xF3, 0xD8, 0xA4, 0x6A, 0x9A, 0xDB, 0x02, 0xCF, 0xBC, 0xC6, 0xE7,
    0x58, 0x4B, 0x2A, 0x8B, 0xA1, 0xEE, 0xD9, 0xCD, 0x42, 0xE4, 0xAA, 0x53, 0x4F, 0xF7, 0xFA, 0xF5,
    0xFD, 0x1B, 0xA4, 0xAB, 0x21, 0x55, 0x2B, 0x3E, 0x23, 0xB6, 0xAF, 0xAD, 0x4B, 0xBA, 0x99, 0x2D,
    0x22, 0x97, 0x0F, 0x1C, 0xC0, 0x32, 0xFA, 0xA5, 0x0D, 0x31, 0x7E, 0xFA, 0x98, 0x3D, 0x54, 0x07,
    0xB1, 0x3D, 0x98, 0xF0, 0x93, 0x35, 0x24, 0xFB, 0x9F, 0x6D, 0xA8, 0xD1, 0x7C, 0x8F, 0x3F, 0x65,
    0x36, 0xDA, 0x2A, 0x3F, 0x48, 0x26, 0x97, 0xB6, 0x09, 0xFA, 0x8E, 0xA7, 0xB9, 0x47, 0x68, 0x74,
    0x1C, 0x23, 0x8F, 0x2E, 0xEB, 0x8F, 0xA3, 0xE5, 0x04, 0x0A, 0x68, 0x70, 0xBA, 0x76, 0x29, 0x6C,
    0x78, 0x55, 0x22, 0x9C, 0x00, 0xF6, 0x8A, 0xD8, 0xA8, 0xA9, 0xFE, 0x8A, 0x4D, 0x45, 0xC7, 0xA6,
    0x6C, 0x00, 0x28, 0xB8, 0x74, 0x6E, 0xBC, 0x68, 0x81, 0x21, 0x80, 0x54, 0x36, 0x59, 0x9B, 0x58,
    0xE9, 0xAA, 0xDE, 0xA1, 0x29, 0x1F, 0x09, 0x9D, 0xB0, 0x29, 0xE7, 0x3C, 0xB6, 0x33, 0x0F, 0x1D,
    0x8F, 0xB6, 0x20, 0x36, 0xD6, 0xF2, 0xA6, 0x7C, 0xCC, 0x8C, 0x73, 0xF6, 0x13, 0xDC, 0x8A, 0xA6,
    0xE8, 0x4E, 0xF4, 0xA1, 0xCB, 0x57, 0x15, 0xD1, 0xEA, 0xD1, 0x8C, 0x49, 0x4C, 0xA6, 0xF2, 0x85,
    0xC3, 0x76, 0xDF, 0xC3, 0x36, 0x10, 0xB6, 0x14, 0x7D, 0x64, 0x02, 0x61, 0xE6, 0x11, 0xF1, 0x58,
    0x24, 0x7E, 0xB6, 0x30, 0xC3, 0x44, 0x4F, 0x90, 0xC4, 0x56, 0x8B, 0x8F, 0x7E, 0x8F, 0x59, 0x05,
    0x6D, 0x19, 0x2F, 0xB0, 0x86, 0x17, 0xA4, 0x43, 0x62, 0xEA, 0xBB, 0xC2, 0x05, 0x45, 0x0F, 0x6A,
    0xF0, 0x7B, 0x49, 0x7A, 0xEA, 0xD6, 0x73, 0x12, 0x5E, 0x04, 0x93, 0x1C, 0x5C, 0x08, 0x82, 0x80,
    0x07, 0x9E, 0x18, 0x73, 0x24, 0xE8, 0x63, 0x8A, 0xF8, 0x28, 0x6B, 0x81, 0x1D, 0x6E, 0xB8, 0x4D,
    0x2A, 0x6A, 0xD1, 0x30, 0x17, 0x2B, 0xC7, 0x3A, 0xBA, 0x62, 0xE9, 0x49, 0xD5, 0x2F, 0x99, 0x48,
    0x75, 0x79, 0xEF, 0xA2, 0x9B, 0x4E, 0x70, 0xE1, 0xB1, 0x23, 0x41, 0x6E, 0x73, 0xAB, 0xAD, 0xAC,
    0x4B, 0x60, 0xFC, 0x6A, 0xCC, 0xAB, 0x40, 0xCC, 0x65, 0x70, 0x61, 0xAE, 0x81, 0x13, 0x81, 0x3D,
    0x62, 0x22, 0x70, 0x8A, 0xC1, 0xFA, 0x5B, 0xF6, 0x89, 0xE0, 0xB2, 0x09, 0xAB, 0xC1, 0xAE, 0x8F,
    0x31, 0x66, 0x16, 0x93, 0x5D, 0x70, 0x70, 0x1C, 0xB4, 0x5F, 0x3A, 0xF8, 0x56, 0x91, 0x8C, 0x1A,
    0x3F, 0xB9, 0xBF, 0xD6, 0x9A, 0xEB, 0x44, 0x0D, 0xA7, 0x88, 0xD7, 0xBB, 0xBC, 0x71, 0x27, 0x5F,
    0x51, 0x3D, 0x89, 0x95, 0x70, 0x19, 0xD0, 0x9F, 0x84, 0x40, 0x9F, 0xD8, 0xFE, 0x2D, 0xF4, 0xD5,
    0x82, 0x35, 0xC9, 0x08, 0xEF, 0xCC, 0xF5, 0x90, 0xBA, 0x55, 0x47, 0x82, 0x9E, 0x8F, 0x4A, 0xA7,
    0xE3, 0xA7, 0xAD, 0x26, 0x47, 0xAC, 0xEB, 0xFB, 0x5E, 0xBA, 0x9D, 0x32, 0x23, 0xBA, 0x7B, 0x36,
    0x5D, 0xAD, 0x47, 0x01, 0xBB, 0x20, 0xE2, 0x0D, 0xE7, 0x0D, 0xD7, 0x5C, 0xD1, 0xED, 0x73, 0x90,
    0x37, 0x1B, 0x78, 0x03, 0x67, 0xAA, 0xC4, 0x1B, 0x8D, 0x3F, 0x0A, 0x14, 0x5E, 0x12, 0x5B, 0xAD,
    0x88, 0x9C, 0xD0, 0xAB, 0xAD, 0x9E, 0x8A, 0x21, 0x9A, 0x80, 0xDA, 0x9F, 0xA7, 0x9E, 0xD1, 0x3D,
    0x15, 0x94, 0x11, 0x24, 0x44, 0x98, 0x82, 0xD7, 0xF7, 0x52, 0xFB, 0x17, 0xFC, 0x43, 0x3F, 0x40,
    0xB6, 0x8F, 0xD8, 0xDF, 0x8E, 0xED, 0x71, 0x6A, 0x16, 0xA4, 0x73, 0xDA, 0xCC, 0x95, 0xDD, 0x02,
    0xE1, 0xD5, 0xB2, 0x5A, 0x9D, 0x06, 0xCF, 0x81, 0xE0, 0x99, 0xC8, 0x6E, 0xB8, 0x98, 0xF0, 0xB4,
    0xA9, 0xED, 0xEF, 0x82, 0x85, 0xC1, 0x2E, 0xFB, 0x84, 0x67, 0x75, 0x5E, 0x78, 0x9A, 0x93, 0xF0,
    0xBC, 0xE2, 0x72, 0x0A, 0xB0, 0xD2, 0xA6, 0xBF, 0xB1, 0x41, 0xF0, 0x88, 0x21, 0x97, 0x68, 0xE6,
    0xE5, 0x57, 0x48, 0x6F, 0xD4, 0x71, 0x4C, 0x0B, 0xBC, 0x7B, 0xF2, 0xF9, 0x72, 0x36, 0x25, 0x43,
    0xF4, 0x73, 0xF7, 0xE3, 0xF2, 0x65, 0xC2, 0x33, 0x13, 0xC9, 0x55, 0xBB, 0x39, 0x55, 0xEB, 0x45,
    0xE4, 0x9E, 0x88, 0x52, 0x90, 0x8B, 0x61, 0x6E, 0xE1, 0x24, 0x3A, 0x22, 0x50, 0xD7, 0x62, 0x29,
    0x0F, 0x62, 0xE9, 0x0D, 0xAC, 0x23, 0xCA, 0x49, 0x7B, 0xCB, 0xCA, 0x58, 0xBD, 0xAA, 0x7F, 0xC9,
    0x8A, 0xF5, 0x89, 0xC8, 0x00, 0x46, 0xEF, 0xCC, 0x30, 0xD5, 0x3D, 0x17, 0xE5, 0x12, 0x8A, 0xA5,
    0x95, 0xC8, 0x8D, 0x28, 0x21, 0xAB, 0x65, 0xB1, 0x02, 0x61, 0xB7, 0x3A, 0x76, 0x3B, 0x6E, 0x46,
    0xE6, 0x25, 0xC0, 0x8D, 0x0B, 0xC7, 0x43, 0xF3, 0x71, 0x36, 0xBA, 0xEA, 0xE1, 0xE8, 0x89, 0x2D,
    0x46, 0xBF, 0xDC, 0xDC, 0x6B, 0x2F, 0x69, 0x89, 0x79, 0xEE, 0x4C, 0xFB, 0x9C, 0xDA, 0xF6, 0x73,
    0xF6, 0x54, 0x7B, 0x21, 0x4D, 0x1E, 0x9A, 0x1F, 0x15, 0x43, 0xC0, 0x65, 0xCF, 0xF9, 0x49, 0x25,
    0xE9, 0x2B, 0xAF, 0x98, 0xAC, 0xF9, 0x81, 0x8D, 0xE9, 0x88, 0x5B, 0x5A, 0xD0, 0x95, 0x40, 0xEA,
    0x51, 0x6F, 0x1B, 0x31, 0x7F, 0x30, 0xD2, 0x08, 0x90, 0x3A, 0x7F, 0x4C, 0x71, 0x7C, 0xEA, 0x69,
    0xC6, 0x6B, 0x67, 0xBA, 0xB6, 0xA6, 0x6A, 0xCC, 0x2D, 0x9D, 0xA2, 0x5D, 0x5B, 0xF1, 0xE1, 0x3D,
    0xBB, 0x90, 0x24, 0x9E, 0xD8, 0xF1, 0x7F, 0x7B, 0xD9, 0xDD, 0xFD, 0x25, 0x41, 0x1E, 0x33, 0x8A,
    0x22, 0x7B, 0x4B, 0x72, 0xF5, 0xA1, 0x54, 0x75, 0x37, 0xB9, 0xE8, 0x46, 0x3A, 0x16, 0xE0, 0xB9,
    0xDB, 0x76, 0x6B, 0x21, 0xD5, 0x44, 0xFE, 0xC3, 0x58, 0x53, 0x68, 0x38, 0x62, 0xBA, 0xCC, 0xC0,
    0x4A, 0xB6, 0xA2, 0x3A, 0xE1, 0x8C, 0x76, 0xC4, 0x09, 0xC4, 0xA7, 0x94, 0xF9, 0x25, 0xC1, 0xE3,
    0x0F, 0x0D, 0x7F, 0x00, 0xA2, 0x68, 0x9D, 0x93, 0x8D, 0xD1, 0x7A, 0x90, 0x79, 0xBE, 0x04, 0x57,
    0xF9, 0x79, 0xC3, 0x97, 0x2F, 0x01, 0x6D, 0x54, 0xAF, 0xB8, 0xF2, 0x04, 0x4D, 0xC0, 0xC6, 0x83,
    0xE3, 0xB5, 0x15, 0xEE, 0x24, 0x3C, 0xCE, 0xE3, 0xE3, 0x04, 0x50, 0x99, 0x0A, 0x21, 0xE7, 0x21,
    0xE2, 0xF4, 0x03, 0x23, 0x69, 0xF5, 0xC7, 0xFC, 0x92, 0x1E, 0xFD, 0x22, 0x85, 0x00, 0xAC, 0x85,
    0x94, 0x13, 0x54, 0x6C, 0xA5, 0xCA, 0x13, 0x58, 0xCE, 0xA3, 0xA5, 0x4E, 0x7B, 0xE7, 0xF1, 0xF2,
    0x80, 0x6D, 0x23, 0x26, 0xC0, 0xD4, 0x32, 0x88, 0x7E, 0x5D, 0xB2, 0xF4, 0x8D, 0x6F, 0xCF, 0x68,
    0x5D, 0x60, 0xF2, 0x60, 0x62, 0x54, 0x1D, 0xED, 0x0C, 0xAC, 0xDF, 0xC9, 0xEC, 0x2A, 0x4D, 0x91,
    0x15, 0xF8, 0xBC, 0xEE, 0x40, 0x6D, 0x36, 0x0A, 0xA3, 0x6B, 0x60, 0x7E, 0xCC, 0x0D, 0x11, 0x12,
    0x72, 0x60, 0xF0, 0xB9, 0xBD, 0x47, 0xB3, 0xA0, 0x29, 0xA6, 0x37, 0x29, 0x51, 0xD8, 0x35, 0x89,
    0x59, 0x42, 0xF7, 0x63, 0xC8, 0xBB, 0x1D, 0x15, 0xF8, 0xA9, 0xE6, 0x9B, 0x10, 0x3A, 0xE5, 0xB5,
    0xF2, 0x74, 0xB9, 0xC3, 0x13, 0x6F, 0x21, 0x4E, 0xC7, 0x4E, 0x8E, 0x5E, 0xB3, 0x75, 0xF1, 0x29,
    0xAF, 0xD6, 0x85, 0xA1, 0xB7, 0xC1, 0x76, 0xDD, 0xBC, 0x2E, 0xBD, 0x4D, 0x76, 0xA7, 0xCD, 0x85,
    0xE9, 0x22, 0xF9, 0x8B, 0x0A, 0x4A, 0xFF, 0x1A, 0xE9, 0x07, 0xE0, 0xE9, 0x58, 0x63, 0xDE, 0xBF,
    0x3E, 0xF6, 0xB4, 0x26, 0xAC, 0xAB, 0x39, 0x0D, 0xA6, 0xD4, 0xF6, 0xAA, 0x3D, 0x2D, 0xE3, 0x2C,
    0x0C, 0x93, 0x0A, 0xA0, 0xC1, 0xBA, 0x8D, 0x06, 0x68, 0x72, 0x59, 0x61, 0x9D, 0xB7, 0x20, 0x93,
    0xC9, 0x7D, 0x47, 0xA3, 0xFF, 0x90, 0x4A, 0xDA, 0x22, 0xE3, 0xFA, 0x1E, 0xC9, 0xBC, 0x60, 0x89,
    0x1D, 0x3B, 0xAA, 0x28, 0x6E, 0xCA, 0x16, 0xEA, 0xF5, 0x10, 0x71, 0xC9, 0x92, 0xAB, 0x86, 0x96,
    0x54, 0xC5, 0xC9, 0x86, 0xC9, 0x0A, 0xF0, 0x06, 0x9A, 0xED, 0xE3, 0xD6, 0xA1, 0x5D, 0x33, 0x18,
    0x8D, 0x24, 0xDC, 0x7F, 0xB5, 0x2E, 0x89, 0x62, 0x13, 0x8B, 0xFD, 0x2B, 0xF6, 0x26, 0x65, 0xF5,
    0x74, 0xE1, 0xFF, 0x3C, 0x68, 0x2C, 0xD3, 0x60, 0x03, 0x6F, 0x9D, 0x3C, 0x1F, 0x1A, 0xEE, 0x23,
    0xCA, 0xE6, 0x61, 0x4D, 0x79, 0x4D, 0x7E, 0xF8, 0xE8, 0x08, 0x16, 0xDF, 0x2F, 0x89, 0x05, 0xA7,
    0x0D, 0x80, 0x40, 0x0D, 0xC0, 0x1A, 0x85, 0x89, 0x0C, 0x28, 0x6A, 0x4A, 0x39, 0x7B, 0x48, 0x31,
    0xFE, 0x3E, 0x1F, 0x26, 0x10, 0x78, 0x22, 0xE3, 0x3E, 0x1D, 0xD6, 0x40, 0x54, 0xE3, 0xFC, 0x80,
    0x9A, 0x56, 0xF4, 0xAD, 0x70, 0x86, 0x5F, 0xAE, 0xC0, 0x08, 0x3F, 0x63, 0x9C, 0x27, 0xE9, 0x3F,
    0x39, 0x46, 0x9D, 0x9C, 0x1C, 0xE3, 0xEA, 0x4C, 0xF4, 0xBC, 0xD1, 0x2B, 0x93, 0x97, 0xEA, 0x4E,
    0x26, 0x94, 0x8C, 0x5D, 0x98, 0xBA, 0x9A, 0xED, 0x0A, 0x5F, 0xD2, 0x20, 0xCF, 0x21, 0xCE, 0x3F,
    0x87, 0xEE, 0x84, 0x6A, 0xB8, 0x07, 0xAE, 0x36, 0x8C, 0x64, 0x36, 0x61, 0x72, 0xD3, 0x03, 0x3F,
    0x38, 0xBC, 0x28, 0x91, 0xAC, 0x90, 0xF3, 0xB8, 0xF4, 0x3E, 0x02, 0x24, 0xE6, 0x7F, 0x56, 0xFB,
    0x14, 0x19, 0xAB, 0xC4, 0x24, 0x5F, 0xA5, 0x7E, 0x40, 0x51, 0xD2, 0xAF, 0x75, 0xAC, 0x7D, 0x4E,
    0x95, 0x3A, 0x78, 0x95, 0xB9, 0x73, 0x07, 0x0A, 0x27, 0x6F, 0xB1, 0x26, 0xEA, 0x27, 0x2D, 0x1E,
    0x31, 0x84, 0x35, 0xB1, 0x6D, 0xB2, 0x3C, 0x07, 0x42, 0xD3, 0x69, 0x8B, 0xE3, 0x79, 0x10, 0x8A,
    0xB1, 0x24, 0x60, 0x10, 0xDD, 0x1F, 0xFD, 0x6C, 0x53, 0x41, 0x90, 0x5A, 0xB7, 0xA5, 0x71, 0x5F,
    0xF6, 0xBA, 0x70, 0xC9, 0x6A, 0x63, 0x2E, 0x64, 0xE4, 0xCD, 0xD8, 0xA4, 0x8C, 0x9B, 0xAC, 0x3B,
    0xDD, 0x8C, 0x2B, 0x39, 0x6F, 0xD2, 0x24, 0x5E, 0xAC, 0x19, 0xE5, 0xF4, 0xFE, 0x15, 0x5B, 0x55,
    0x98, 0xB2, 0xFD, 0x99, 0x84, 0x5B, 0x26, 0x77, 0x55, 0x36, 0x8A, 0x6F, 0x48, 0xA5, 0x40, 0x3D,
    0x2F, 0x07, 0xFD, 0xBD, 0x08, 0x8A, 0x2C, 0xB6, 0x27, 0x9C, 0x06, 0xA3, 0x95, 0x92, 0x53, 0x64,
    0x3B, 0xFB, 0xBD, 0xC4, 0xE4, 0x3D, 0x3B, 0xD8, 0x31, 0xF3, 0x2E, 0x16, 0x8F, 0x4F, 0x5A, 0xD0,
    0x3E, 0x62, 0x52, 0x77, 0xA7, 0x12, 0xF7, 0xBD, 0x4A, 0x0B, 0xA1, 0xF3, 0xD6, 0x17, 0x80, 0xC3,
    0xA1, 0x7E, 0xD0, 0x63, 0x55, 0xA5, 0xFD, 0xB1, 0x75, 0x34, 0xB7, 0xA6, 0x5E, 0xD5, 0xF6, 0x85,
    0xBD, 0x49, 0x60, 0x0A, 0x7B, 0x62, 0xFF, 0x6B, 0xED, 0xDC, 0x1E, 0x19, 0x3B, 0xA5, 0x12, 0xA1,
    0x3A, 0xF9, 0x8A, 0xBA, 0xF2, 0x31, 0x55, 0x4C, 0x45, 0x65, 0x03, 0xCB, 0xCD, 0x3A, 0x6A, 0xDD,
    0x5F, 0xB3, 0xFB, 0x6B, 0xE8, 0x1C, 0xCE, 0xD4, 0x54, 0x74, 0x51, 0xBD, 0x67, 0xAB, 0xE0, 0x2B,
    0x61, 0x72, 0xDF, 0xC1, 0x18, 0xF3, 0xFE, 0x0A, 0xDC, 0xAC, 0x60, 0x27, 0x50, 0x11, 0x62, 0xEC,
    0xBB, 0x44, 0xE9, 0xF2, 0x62, 0x67, 0x4F, 0xDE, 0xC2, 0xD2, 0xB9, 0xC0, 0x3F, 0xF2, 0xAE, 0x76,
    0x7B, 0x77, 0xA1, 0x91, 0x7D, 0x1B, 0xFF, 0xE6, 0x7D, 0xD2, 0x79, 0x4D, 0x95, 0x72, 0x91, 0xEC,
    0xD8, 0xB6, 0xFB, 0x4E, 0x23, 0x30, 0xB2, 0x3E, 0x87, 0x29, 0x37, 0xD0, 0xD1, 0x84, 0xAB, 0x49,
    0xF3, 0xA6, 0x1A, 0x22, 0xDA, 0x24, 0x71, 0x80, 0xF1, 0x28, 0xB2, 0xD4, 0xD3, 0xBB, 0x30, 0xFB,
    0x47, 0xAA, 0xE9, 0x8E, 0xEE, 0x3B, 0x2C, 0xAC, 0xAF, 0xE1, 0xDC, 0xDA, 0x4F, 0x47, 0xB7, 0xBB,
    0x2F, 0x4E, 0x0D, 0xC8, 0xFE, 0x09, 0x88, 0x4D, 0xA6, 0x1D, 0x68, 0x74, 0xDA, 0x77, 0x05, 0xB5,
    0x57, 0x41, 0x05, 0x79, 0x65, 0x8B, 0x5D, 0x25, 0x32, 0xBD, 0xC7, 0x2A, 0x39, 0x1A, 0x9A, 0x2F,
    0x30, 0xBB, 0x3E, 0x4B, 0xE4, 0x7F, 0x97, 0xA0, 0x5E, 0x20, 0x98, 0xFC, 0xEB, 0x87, 0x6E, 0xAD,
    0xCC, 0xBC, 0x24, 0x77, 0x69, 0xBB, 0x71, 0x9A, 0x12, 0x52, 0x11, 0x69, 0x25, 0x05, 0xFF, 0xE9,
    0x15, 0xCA, 0x2E, 0xFA, 0x5A, 0x52, 0x35, 0xF2, 0x57, 0x74, 0x88, 0xBD, 0xA7, 0x44, 0xD9, 0xFE,
    0xBD, 0x6D, 0x98, 0x9D, 0x4D, 0xC9, 0x08, 0x5D, 0xF1, 0x60, 0x4C, 0xBD, 0x44, 0xF8, 0x9C, 0x38,
    0x43, 0x65, 0x62, 0x68, 0x39, 0xE1, 0x4D, 0x4F, 0x1C, 0x5A, 0x2F, 0x13, 0x80, 0x34, 0xEC, 0xD2,
    0x91, 0x86, 0x38, 0x4C, 0x4F, 0x09, 0x05, 0x42, 0x9D, 0xF7, 0x12, 0xF4, 0xEB, 0xC3, 0x3B, 0xC2,
    0xFA, 0x6A, 0x2D, 0xF7, 0x41, 0x31, 0x33, 0x2A, 0x60, 0x10, 0x03, 0x44, 0x29, 0x93, 0xDC, 0x3A,
    0xC4, 0x52, 0xC8, 0x14, 0x79, 0xC2, 0x98, 0xC2, 0xA7, 0xF8, 0xF9, 0xF2, 0xE2, 0x95, 0xBD, 0x6D,
    0x7F, 0x87, 0x06, 0x3A, 0xB5, 0x82, 0x84, 0x75, 0xC6, 0x07, 0xCC, 0xED, 0x29, 0x8D, 0x67, 0xBF,
    0xCE, 0x75, 0xFB, 0xB1, 0x46, 0x17, 0x95, 0x6E, 0xAD, 0x8B, 0xEA, 0x51, 0x74, 0xE2, 0x8A, 0xB4,
    0x87, 0xE5, 0x44, 0xA7, 0xED, 0xE8, 0x3A, 0x2B, 0x0E, 0x03, 0x48, 0xA7, 0x9C, 0xDE, 0xE4, 0x69,
    0x4D, 0xFE, 0xAD, 0x03, 0xAF, 0xAC, 0x68, 0xE1, 0x83, 0x71, 0xA7, 0x88, 0xF8, 0x30, 0x34, 0x0B,
    0x45, 0x56, 0xE3, 0x14, 0x16, 0x30, 0x6F, 0xAB, 0x5A, 0x39, 0x05, 0xCF, 0x73, 0xEA, 0x3D, 0x94,
    0x99, 0xA7, 0x5D, 0x23, 0xBA, 0x77, 0x8A, 0xE9, 0xA5, 0x1F, 0x96, 0x24, 0xAC, 0x6A, 0xD7, 0x77,
    0x58, 0x70, 0x66, 0x21, 0xED, 0x14, 0xD5, 0x6B, 0xD3, 0x0D, 0x73, 0x5A, 0x78, 0xD4, 0xB1, 0x3B,
    0x0E, 0xFB, 0x78, 0xD6, 0x0F, 0x91, 0x57, 0xE8, 0xEB, 0x83, 0x79, 0x1F, 0x64, 0x7D, 0x40, 0xDB,
    0xF7, 0x71, 0xB8, 0x6F, 0x4D, 0x84, 0xC5, 0x3C, 0x70, 0x0E, 0xC7, 0xC8, 0xA6, 0x9A, 0xB0, 0xA4,
    0x30, 0x0D, 0x1A, 0x1E, 0xE0, 0x08, 0xAC, 0x0F, 0xF3, 0xE7, 0x3B, 0xCC, 0x0F, 0xE6, 0x1F, 0x8B,
    0xBF, 0xED, 0x5E, 0x7B, 0x65, 0xCD, 0x59, 0x85, 0xE2, 0xCD, 0x43, 0xF8, 0xE0, 0x6A, 0xA6, 0x41,
    0x5C, 0x3D, 0xCF, 0x07, 0xE7, 0xE8, 0xC8, 0x53, 0xE2, 0x31, 0x6E, 0x40, 0x3B, 0x96, 0xC5, 0xC3,
    0xEE, 0xCA, 0x7E, 0xE8, 0x28, 0x01, 0x33, 0xD5, 0x34, 0xCC, 0xF4, 0xA1, 0xC5, 0xF1, 0x3C, 0x1F,
    0x78, 0xB4, 0xFF, 0x3B, 0x69, 0x95, 0xD1, 0xF4, 0x3B, 0xF7, 0x1F, 0x2E, 0x3E, 0x6D, 0x49, 0x2C,
    0x0F, 0xA9, 0xCC, 0x29, 0x3A, 0xA1, 0xE7, 0xE9, 0x18, 0x17, 0x74, 0x6B, 0x67, 0x4F, 0x3D, 0x35,
    0x57, 0xC3, 0xAB, 0xBA, 0x2D, 0x6E, 0x59, 0xC6, 0x6B, 0x1F, 0x06, 0xDC, 0x32, 0x98, 0xE8, 0x7D,
    0x20, 0xD1, 0xA9, 0xF9, 0x06, 0x56, 0xF0, 0xE1, 0xE6, 0xE7, 0xF8, 0x92, 0x0F, 0x47, 0x1F, 0x50,
    0xBB, 0xE2, 0xFD, 0xB6, 0x78, 0x68, 0x94, 0xD7, 0x0D, 0x8C, 0x8E, 0x40, 0x2D, 0x80, 0x04, 0xB5,
    0xA0, 0x59, 0x1E, 0x23, 0xB0, 0x02, 0x65, 0x20, 0x6A, 0x76, 0x8E, 0x2F, 0x2F, 0x0A, 0xC0, 0x08,
    0x6B, 0xB4, 0xA7, 0x3C, 0x4E, 0xAD, 0x81, 0x65, 0xC5, 0x28, 0xF2, 0x5D, 0x57, 0x37, 0x4C, 0xB9,
    0x00, 0x8C, 0x7C, 0xB1, 0xE1, 0xB2, 0x80, 0x73, 0xDD, 0x66, 0x83, 0xF8, 0xB1, 0x3A, 0xF5, 0x24,
    0xEB, 0xF3, 0x26, 0xC5, 0x0A, 0x86, 0xFD, 0x4A, 0x2C, 0xDF, 0xC5, 0x4C, 0x2F, 0x88, 0x89, 0x3F,
    0x7F, 0xA1, 0x53, 0x5F, 0xC3, 0xE4, 0x1B, 0x75, 0xF0, 0x01, 0x8D, 0xA7, 0x1E, 0x2C, 0xE4, 0x4F,
    0x2A, 0xCF, 0x2A, 0x74, 0x3E, 0x64, 0x51, 0x7F, 0xE5, 0x23, 0x08, 0xE9, 0x28, 0x07, 0x9C, 0xF8,
    0xCA, 0xD2, 0xC6, 0x3D, 0xCA, 0x24, 0x00, 0x69, 0xF9, 0x97, 0xB8, 0x20, 0x7A, 0x21, 0x17, 0x5C,
    0x0E, 0x17, 0xD4, 0x1C, 0x10, 0x2E, 0xA0, 0x61, 0x4A, 0xF6, 0x62, 0x38, 0xAD, 0x13, 0x20, 0x7E,
    0x19, 0x52, 0x74, 0x61, 0x0A, 0x8C, 0xDA, 0xB4, 0x27, 0x2F, 0xC1, 0x66, 0x83, 0x8A, 0xB9, 0xEB,
    0xF2, 0x45, 0xDE, 0x27, 0x13, 0x84, 0x2C, 0x53, 0x35, 0x9A, 0xA3, 0xBA, 0x49, 0x9A, 0xB8, 0xDF,
    0xF2, 0x77, 0x18, 0xB1, 0x1C, 0xE6, 0xB6, 0x39, 0x89, 0xCF, 0x9A, 0xAC, 0xF3, 0x9D, 0x04, 0x1B,
    0x21, 0x53, 0x94, 0x87, 0x7C, 0xA2, 0x88, 0xD0, 0x82, 0x81, 0x8A, 0xA3, 0xEE, 0x86, 0x52, 0x11,
    0x91, 0xED, 0xF2, 0xE2, 0x36, 0x6B, 0x4F, 0x33, 0xE0, 0xA4, 0x42, 0x7C, 0x52, 0xC2, 0xEB, 0x14,
    0xE9, 0xD8, 0x17, 0xD0, 0x1C, 0x29, 0xFA, 0x26, 0x36, 0xF1, 0x0A, 0x28, 0x85, 0xD1, 0xD5, 0x85,
    0x70, 0xA8, 0x02, 0x29, 0x3C, 0x2E, 0x9C, 0x87, 0x51, 0xCA, 0x10, 0x76, 0x3C, 0xFD, 0xB3, 0x1A,
    0xC2, 0x78, 0xA8, 0x96, 0xF5, 0x56, 0x16, 0x80, 0x1D, 0x28, 0x34, 0x56, 0xAA, 0xC7, 0x6F, 0xFA,
    0x95, 0xEE, 0xBD, 0x75, 0xB1, 0x62, 0x57, 0x30, 0x2A, 0x26, 0x2D, 0xDD, 0x94, 0x06, 0xC6, 0x4C,
    0x9A, 0x0B, 0x13, 0x3C, 0xD2, 0x66, 0xA0, 0xAF, 0xBC, 0x4C, 0xC7, 0x99, 0x22, 0x7A, 0x35, 0xA3,
    0x7B, 0x39, 0x97, 0xF9, 0x23, 0x1F, 0xF5, 0x0B, 0x8E, 0xE2, 0xE1, 0xA9, 0x8F, 0x05, 0xF2, 0xB4,
    0x1E, 0x64, 0x80, 0xC1, 0x52, 0x83, 0x7A, 0xA1, 0x34, 0xAB, 0xE8, 0xD1, 0xC7, 0x8A, 0xE6, 0xA0,
    0x01, 0x57, 0x56, 0xC3, 0x26, 0x94, 0xAA, 0x8E, 0x15, 0x01, 0xDE, 0xB2, 0xA7, 0x7D, 0x1A, 0xD2,
    0xE7, 0x1C, 0x97, 0x6B, 0x3B, 0x4B, 0x26, 0x56, 0xE4, 0xA3, 0xF2, 0xFB, 0xA7, 0x07, 0x42, 0x0E,
    0x4F, 0x12, 0x98, 0x5D, 0x11, 0x3B, 0x00, 0x37, 0xC2, 0xFE, 0x72, 0x90, 0xBC, 0x18, 0x0B, 0xCC,
    0x44, 0x58, 0x53, 0x3E, 0x78, 0x15, 0xA2, 0x58, 0xB2, 0x42, 0x17, 0x3E, 0xEA, 0xF0, 0x3B, 0x10,
    0x3C, 0x25, 0xCC, 0x66, 0x15, 0x63, 0xEA, 0x6F, 0x4F, 0x48, 0xDE, 0x36, 0x75, 0x89, 0x98, 0x69,
    0x11, 0x68, 0xA2, 0xA9, 0x98, 0xF4, 0x21, 0x02, 0x5E, 0x30, 0x2D, 0x09, 0x01, 0xFE, 0x10, 0x96,
    0xEF, 0x48, 0xE0, 0x56, 0x45, 0x97, 0x4F, 0xEC, 0xBA, 0x99, 0xD9, 0x2D, 0x18, 0xB1, 0x93, 0xCF,
    0xE8, 0x29, 0x90, 0xEA, 0xB3, 0x6F, 0x69, 0x88, 0xBF, 0xCB, 0x0F, 0xEC, 0x66, 0xF6, 0x1E, 0x28,
    0xC0, 0x9A, 0x6F, 0x0B, 0x9C, 0x37, 0x7C, 0xD6, 0x3D, 0x1A, 0x1D, 0x4B, 0xB9, 0xE9, 0x05, 0x3A,
    0xA5, 0xCF, 0x9C, 0x77, 0xFE, 0xF3, 0xB8, 0x15, 0xA7, 0x39, 0xE6, 0xF0, 0xC5, 0x7D, 0xDF, 0xBA,
    0xE1, 0xD4, 0x50, 0xCB, 0x6B, 0xA0, 0xA2, 0x68, 0xE1, 0x3D, 0xB4, 0xA1, 0x77, 0x8E, 0x91, 0x43,
    0x2D, 0x9F, 0x75, 0x02, 0xD9, 0x00, 0xAF, 0xE1, 0x09, 0xFC, 0xE3, 0x21, 0xB7, 0x3F, 0x12, 0xB5,
    0x1B, 0x7E, 0xA2, 0xC1, 0xCE, 0x75, 0xA4, 0x5C, 0xB7, 0x79, 0x56, 0xDA, 0xA1, 0x5C, 0xBC, 0x5B,
    0xF2, 0x21, 0x78, 0xDE, 0xB9, 0x0F, 0x3D, 0xA7, 0x15, 0x4E, 0x86, 0xA5, 0xCC, 0x9B, 0xEA, 0xF1,
    0x3B, 0xBD, 0xAB, 0xC0, 0xEC, 0xD0, 0x56, 0xF1, 0x04, 0xA1, 0x96, 0xED, 0x81, 0xB6, 0xA8, 0xE3,
    0xBA, 0xE7, 0x42, 0xC2, 0x0C, 0x66, 0x98, 0xCA, 0x04, 0x73, 0x1A, 0xD3, 0x80, 0x1F, 0x5E, 0xD8,
    0xF8, 0x6C, 0xF5, 0xEF, 0xF6, 0xE9, 0x68, 0xBF, 0x1E, 0xED, 0xE1, 0x00, 0x93, 0xC8, 0x1E, 0xB6,
    0xF6, 0x9B, 0x15, 0x17, 0xF0, 0xD3, 0xFF, 0x1A, 0x66, 0xF3, 0xA9, 0x32, 0x65, 0x5A, 0x24, 0x10,
    0xD9, 0xE7, 0xA0, 0x65, 0xDE, 0x51, 0x61, 0x5C, 0xC7, 0x74, 0x7E, 0x81, 0x09, 0x1D, 0x88, 0x81,
    0x6F, 0x70, 0xD5, 0xB5, 0xF3, 0x52, 0xFB, 0x74, 0xD9, 0x94, 0x3D, 0x84, 0xCF, 0xF3, 0x98, 0xBE,
    0x52, 0x57, 0xC8, 0xC3, 0xD4, 0xD7, 0x68, 0xDC, 0xBE, 0x78, 0xF2, 0x92, 0xC2, 0x98, 0xDA, 0x60,
    0x22, 0x03, 0x02, 0x56, 0xD1, 0xCB, 0xD2, 0x9D, 0x75, 0xF8, 0x21, 0x0E, 0x6F, 0x30, 0x9B, 0xF1,
    0x7E, 0xEF, 0xA3, 0x9C, 0x33, 0xBA, 0x90, 0x33, 0xB3, 0x90, 0xC2, 0xCF, 0x15, 0xCA, 0xD3, 0x08,
    0x36, 0x87, 0xCF, 0x78, 0xB8, 0xB6, 0xF5, 0x14, 0x0B, 0x9E, 0xE4, 0xB1, 0xC3, 0x29, 0xD6, 0xDB,
    0x6D, 0xBB, 0x95, 0x52, 0x51, 0xB6, 0x66, 0xB7, 0xAD, 0xAB, 0x70, 0x5D, 0x97, 0x12, 0xAB, 0xF2,
    0xB1, 0xBF, 0x00, 0x82, 0x00, 0x52, 0x15, 0x2B, 0xA0, 0x2D, 0x98, 0x5F, 0x5F, 0x07, 0xE0, 0x58,
    0x89, 0x11, 0x9C, 0xA0, 0xAA, 0x59, 0x67, 0xCA, 0xA3, 0x3B, 0x47, 0xF3, 0x52, 0xA3, 0xEC, 0x83,
    0x96, 0x7E, 0x22, 0xE5, 0xF0, 0x63, 0xCA, 0xAF, 0x51, 0xB1, 0xA0, 0xC7, 0xCC, 0xB0, 0x8D, 0x92,
    0x22, 0x8F, 0x27, 0xE5, 0x56, 0x1E, 0x4D, 0x4C, 0x3B, 0x15, 0x10, 0x26, 0x90, 0x3E, 0x0B, 0xC2,
    0x3A, 0x30, 0x19, 0x55, 0x37, 0x38, 0x9D, 0x19, 0x4F, 0xF3, 0x9E, 0x79, 0x29, 0x48, 0x49, 0xB0,
    0xE6, 0xC4, 0xD3, 0x82, 0x95, 0x21, 0xD0, 0x0A, 0x8F, 0x29, 0x95, 0x98, 0xB8, 0xAA, 0x78, 0x3A,
    0xD3, 0x69, 0xA6, 0x1C, 0x16, 0x29, 0xA0, 0x86, 0x8A, 0x55, 0x3B, 0xE1, 0xC5, 0x20, 0x03, 0x8B,
    0x9B, 0xCC, 0xB8, 0xBB, 0xE9, 0xEC, 0x57, 0xD6, 0xD3, 0x7A, 0xF9, 0xA9, 0xC2, 0xA9, 0xF0, 0xBE,
    0xAC, 0x9F, 0xFB, 0xD0, 0xEE, 0xC4, 0xC4, 0x12, 0x53, 0x0F, 0x2B, 0x79, 0x81, 0x74, 0x02, 0x33,
    0x5F, 0xF1, 0x71, 0x56, 0x43, 0xAB, 0x0C, 0xE5, 0x7A, 0xC8, 0x8B, 0xC3, 0x21, 0x37, 0xDF, 0x7A,
    0xC8, 0xF3, 0xC3, 0x21, 0x47, 0xCF, 0x1A, 0xF2, 0x96, 0x5E, 0xBA, 0x7B, 0xB6, 0x5E, 0x52, 0xBC,
    0x62, 0xBE, 0x1F, 0xC2, 0x81, 0x45, 0x5B, 0x4F, 0x24, 0xEF, 0x33, 0x1F, 0x37, 0x67, 0xFE, 0x92,
    0x6E, 0x17, 0x45, 0x3D, 0x21, 0x60, 0x78, 0xF4, 0x5C, 0x10, 0xB0, 0xE1, 0x30, 0x95, 0x44, 0x73,
    0x4A, 0xBA, 0x87, 0x71, 0x0A, 0xF6, 0xCD, 0x48, 0x84, 0x54, 0x0F, 0xC9, 0x7C, 0xBD, 0xBC, 0xBC,
    0x87, 0x9F, 0x29, 0xE3, 0x30, 0xBC, 0x4D, 0xC5, 0x87, 0xCC, 0xBE, 0xA3, 0x19, 0xE8, 0x0B, 0xC1,
    0x4B, 0x0A, 0x92, 0xD7, 0x1F, 0x9B, 0x4B, 0x26, 0xF3, 0xF9, 0x58, 0x8D, 0xE4, 0xDD, 0x97, 0xC5,
    0x4B, 0x72, 0xC5, 0x14, 0xD7, 0x0F, 0x21, 0x9F, 0x99, 0x97, 0xDE, 0x87, 0x3F, 0x5C, 0xBA, 0x81,
    0x91, 0x61, 0x6D, 0x5E, 0x33, 0x1A, 0xE4, 0x9D, 0x77, 0x09, 0xE8, 0x64, 0x3C, 0x51, 0x80, 0x72,
    0x51, 0x53, 0xD4, 0x2C, 0x19, 0x9E, 0xE2, 0x3A, 0x2E, 0x19, 0x4C, 0xF0, 0x7E, 0x64, 0x21, 0x19,
    0xE4, 0x1D, 0x4A, 0xFD, 0xD0, 0x9D, 0xF7, 0x87, 0x8B, 0xB1, 0xA8, 0x83, 0xD5, 0xBA, 0x3B, 0x7A,
    0xDF, 0x6F, 0x5D, 0xD0, 0x54, 0x73, 0x6D, 0x27, 0x34, 0xA7, 0x5F, 0x38, 0x43, 0x27, 0xE6, 0xB3,
    0x10, 0x15, 0x43, 0x5E, 0x68, 0x9F, 0xA3, 0x43, 0x8A, 0x72, 0xF7, 0xAC, 0xBA, 0x3D, 0xFF, 0xDA,
    0x51, 0x84, 0xAB, 0x52, 0x8A, 0xB2, 0xD6, 0x24, 0xD5, 0xCA, 0x7F, 0xD7, 0xD3, 0x55, 0x30, 0x52,
    0x25, 0xDB, 0x32, 0x54, 0x8C, 0x4D, 0x7C, 0xE6, 0x4F, 0xA4, 0xF3, 0xBF, 0xE0, 0x54, 0x67, 0x0C,
    0xB5, 0xF9, 0x18, 0xA7, 0x53, 0x28, 0xDE, 0xF9, 0x30, 0xA7, 0x0F, 0xBF, 0x31, 0xD2, 0x29, 0xE9,
    0x76, 0xDF, 0x57, 0x18, 0xB0, 0xA9, 0xEE, 0x32, 0x66, 0x4F, 0x86, 0x98, 0x21, 0xC5, 0x41, 0xE9,
    0x71, 0x76, 0xB0, 0x36, 0xDE, 0xF9, 0x9C, 0x5C, 0x3E, 0xC7, 0xD3, 0x72, 0xAF, 0xF3, 0x50, 0x6D,
    0x51, 0xD2, 0x48, 0x2E, 0x01, 0x9F, 0x91, 0x95, 0x58, 0xD0, 0xC0, 0xD2, 0x2A, 0x57, 0xF9, 0x48,
    0xEB, 0xB8, 0x1D, 0x7C, 0xFD, 0x92, 0x6E, 0xC3, 0x7D, 0xDE, 0x21, 0x2F, 0x8C, 0x19, 0xFE, 0x85,
    0x5C, 0x06, 0x79, 0x0C, 0x72, 0x18, 0x5E, 0xD9, 0x8B, 0xA1, 0x24, 0x66, 0x2C, 0xA6, 0x10, 0x1C,
    0x9B, 0x8A, 0x3C, 0x97, 0x1F, 0x9C, 0x8E, 0x9C, 0xCF, 0x19, 0xCC, 0x95, 0x39, 0xF7, 0x41, 0xD8,
    0x44, 0xF5, 0x0D, 0x8A, 0xC2, 0xB6, 0x73, 0x25, 0xDB, 0x19, 0x75, 0x8D, 0xE1, 0xA7, 0xA8, 0xBE,
    0x82, 0x72, 0x2D, 0x31, 0x82, 0x19, 0x1D, 0x43, 0x6B, 0x1B, 0x46, 0x95, 0xA7, 0x7C, 0xE9, 0x6B,
    0xC7, 0x2A, 0xD5, 0x64, 0xA4, 0x5A, 0xD0, 0x57, 0x31, 0x29, 0x09, 0x35, 0xDD, 0xDE, 0x2E, 0x1D,
    0x65, 0x59, 0x01, 0x79, 0x08, 0x4A, 0xC9, 0xEF, 0x01, 0xA8, 0xD2, 0x74, 0x1F, 0xC2, 0x8C, 0x96,
    0xB7, 0x2F, 0x0F, 0xAE, 0x3F, 0x5E, 0xCA, 0xE7, 0x6E, 0x96, 0xBE, 0x68, 0x86, 0xE6, 0x01, 0x71,
    0xEC, 0x12, 0x26, 0xA7, 0x8A, 0x21, 0xB2, 0xDF, 0xF2, 0xC1, 0x0F, 0x58, 0xC3, 0xE0, 0x91, 0x5B,
    0x6D, 0x67, 0x59, 0x30, 0x99, 0xD9, 0x40, 0xAB, 0xBF, 0x65, 0x96, 0xE5, 0xAA, 0xF9, 0xA2, 0x10,
    0x02, 0xCB, 0x3E, 0x76, 0x95, 0xA8, 0x9E, 0xAF, 0x12, 0xD6, 0xE8, 0x0D, 0xA9, 0x32, 0x63, 0x94,
    0x0D, 0x73, 0x63, 0xF4, 0x77, 0x36, 0x26, 0xC3, 0xFF, 0x1F, 0x0C, 0x9D, 0xEB, 0x66, 0x10, 0x2D,
    0x2D, 0x3C, 0x12, 0xC8, 0x4D, 0x97, 0x8C, 0x70, 0x13, 0xAA, 0x8F, 0xAD, 0x8C, 0xEE, 0xEC, 0xEC,
    0xBD, 0x7C, 0x0C, 0x77, 0xED, 0x67, 0x12, 0x96, 0xC9, 0xDA, 0xF4, 0xAE, 0x37, 0x91, 0x94, 0xF0,
    0x12, 0x38, 0x7C, 0xF9, 0xC5, 0xE4, 0x33, 0x86, 0x2A, 0xC3, 0xF4, 0x45, 0x3C, 0x21, 0x75, 0xEA,
    0x93, 0x17, 0x7E, 0x25, 0x52, 0xD4, 0x37, 0x3E, 0xE6, 0xF5, 0xD4, 0x93, 0x36, 0x18, 0xF6, 0x9B,
    0xDB, 0x37, 0x0F, 0xDC, 0x74, 0xB1, 0xE9, 0x74, 0x43, 0xC6, 0x86, 0xB0, 0x0D, 0xA9, 0x87, 0xC4,
    0x6F, 0x86, 0xC3, 0x4A, 0xC9, 0x80, 0x1A, 0x7D, 0xE5, 0x99, 0x4F, 0x7B, 0x2E, 0x42, 0x9A, 0xB5,
    0xC9, 0xA1, 0x19, 0x98, 0x30, 0x27, 0x84, 0x86, 0x8E, 0x58, 0x45, 0x32, 0x78, 0x41, 0x02, 0x12,
    0x20, 0x81, 0x9B, 0x10, 0xA1, 0x5A, 0x85, 0xCF, 0xE6, 0xF0, 0xB3, 0xF7, 0x04, 0x57, 0x83, 0x4F,
    0x2D, 0x82, 0x97, 0xBE, 0xE7, 0x98, 0x5F, 0x61, 0x99, 0x45, 0xE6, 0x9F, 0xAF, 0x2A, 0x95, 0x90,
    0xF2, 0xA0, 0xD3, 0xC4, 0x34, 0xCA, 0x22, 0x96, 0xE8, 0x53, 0xD4, 0x9C, 0x76, 0x98, 0x37, 0xC0,
    0x64, 0x14, 0xE8, 0xEC, 0xD0, 0x16, 0x5B, 0x07, 0xB5, 0xEE, 0xF8, 0x50, 0x38, 0x69, 0x9E, 0x64,
    0xB6, 0xAE, 0x18, 0x07, 0x1E, 0x8A, 0x2E, 0x54, 0x31, 0xD1, 0x5D, 0xF5, 0xE5, 0xBA, 0xE9, 0xE8,
    0x1B, 0x27, 0xC0, 0x75, 0xCF, 0x5F, 0x69, 0xE6, 0x53, 0x39, 0xBA, 0x7D, 0x01, 0x53, 0x5A, 0xC1,
    0x80, 0x62, 0x92, 0xD3, 0xB4, 0x92, 0x6B, 0x3F, 0x23, 0xE3, 0xB3, 0x00, 0xD4, 0xE8, 0xF2, 0x64,
    0x26, 0xCF, 0x9E, 0x26, 0x34, 0x2D, 0xF5, 0x1B, 0xF4, 0x97, 0xEB, 0x25, 0x96, 0x53, 0xB5, 0x0A,
    0xF6, 0xEC, 0x25, 0x3C, 0xC4, 0x0A, 0x96, 0xDE, 0xF0, 0xF5, 0x6F, 0x8C, 0x3E, 0x7B, 0x4D, 0x7A,
    0x66, 0x3C, 0xF4, 0x8F, 0x3F, 0x8A, 0xF4, 0xE8, 0x28, 0x0E, 0x5F, 0x99, 0xAA, 0x43, 0xC7, 0x8D,
    0x01, 0xA8, 0x84, 0x91, 0x72, 0x47, 0x54, 0x1B, 0x6B, 0xFB, 0x2F, 0xBA, 0x36, 0x25, 0xAD, 0x3D,
    0x18, 0x8A, 0xAF, 0x21, 0xBA, 0x41, 0xC4, 0xF4, 0x01, 0x13, 0x12, 0x43, 0xA8, 0xBF, 0x7A, 0x7A,
    0x0C, 0xF5, 0x30, 0x02, 0x02, 0x87, 0x95, 0x6C, 0x4D, 0xE5, 0xB6, 0xA0, 0xAE, 0x84, 0xAF, 0x1A,
    0xD3, 0x66, 0x92, 0xD1, 0xE4, 0xAD, 0x26, 0x5F, 0x91, 0xED, 0x03, 0x79, 0xEF, 0x5E, 0xA0, 0x89,
    0xFF, 0x31, 0x4C, 0x51, 0x4A, 0x21, 0x96, 0x3F, 0xD0, 0xB2, 0xAB, 0x9B, 0x43, 0xFA, 0xA2, 0xB2,
    0x58, 0xD5, 0xB0, 0x51, 0x70, 0x7F, 0xCD, 0x1C, 0x08, 0x9C, 0xD0, 0xFF, 0x71, 0x72, 0xCC, 0x96,
    0xDE, 0xC1, 0x3B, 0x4F, 0x1C, 0x8B, 0xAF, 0xFF, 0xD8, 0x64, 0x68, 0xE5, 0x33, 0xF9, 0xC3, 0xEA,
    0x34, 0x63, 0xA1, 0x97, 0xA2, 0x6E, 0x25, 0x35, 0x55, 0x8A, 0xDF, 0x66, 0xF6, 0xB7, 0x15, 0x44,
    0x92, 0x8B, 0x47, 0x56, 0xC3, 0xFD, 0x99, 0xAF, 0xF5, 0x2C, 0xBC, 0xBD, 0x03, 0xE0, 0x5C, 0xA8,
    0xA6, 0x0B, 0x29, 0xB5, 0x09, 0xE6, 0xBD, 0x62, 0x16, 0x7F, 0x1F, 0xB4, 0xBD, 0x7B, 0x15, 0x43,
    0xFD, 0xF8, 0xA3, 0x60, 0x53, 0x40, 0xC0, 0xC3, 0xEE, 0x18, 0x36, 0x55, 0x7C, 0xA3, 0x97, 0x5D,
    0xA1, 0x96, 0x38, 0x56, 0xDA, 0x90, 0xBC, 0xD3, 0x86, 0xD2, 0x55, 0x76, 0x73, 0xB9, 0xDC, 0xAA,
    0x06, 0xAD, 0x69, 0x01, 0xA0, 0x83, 0x4C, 0xD5, 0xA0, 0x7F, 0x80, 0xD5, 0xDB, 0x47, 0x9D, 0x6A,
    0x1C, 0x69, 0x58, 0xB0, 0x52, 0x53, 0x85, 0xF1, 0xA5, 0xAA, 0x4F, 0xA2, 0x5D, 0x95, 0x88, 0xDA,
    0x4E, 0xCB, 0xDE, 0x57, 0xBB, 0xCC, 0x87, 0x68, 0xC2, 0xFA, 0x58, 0x3F, 0xB3, 0xB8, 0xD3, 0xE5,
    0x65, 0x10, 0x83, 0x78, 0x2E, 0x1E, 0x53, 0x7F, 0xC2, 0xF2, 0xF2, 0x45, 0xB5, 0xBC, 0x68, 0xE0,
    0xF4, 0xC1, 0x41, 0xA1, 0xAB, 0x02, 0xA7, 0xA5, 0x8C, 0xEC, 0xCD, 0xD1, 0xBD, 0xBE, 0xB8, 0xBC,
    0xF7, 0x12, 0xC1, 0x59, 0x0F, 0xB9, 0x39, 0x36, 0xE4, 0xE9, 0xAC, 0x21, 0xEF, 0x69, 0xC8, 0xFB,
    0x87, 0x43, 0x1E, 0x35, 0xE4, 0xE5, 0xD3, 0x87, 0xAC, 0xAC, 0xEF, 0xE4, 0x8B, 0x14, 0x45, 0x1B,
    0xAE, 0xA3, 0x78, 0xF8, 0x53, 0x79, 0x20, 0xFF, 0x45, 0xCE, 0xF0, 0xE5, 0x05, 0xB2, 0x77, 0xF5,
    0x1C, 0x79, 0xFD, 0x37, 0xD9, 0x27, 0x55, 0x31, 0x93, 0x74, 0x2A, 0x64, 0xFD, 0xA5, 0xDD, 0x86,
    0xCE, 0x29, 0x39, 0x9D, 0x52, 0xF5, 0x19, 0x89, 0x61, 0xF9, 0xAF, 0x13, 0x15, 0x3F, 0xD0, 0xF6,
    0x15, 0x6B, 0x77, 0x69, 0x63, 0x8C, 0x3B, 0x8C, 0x4D, 0x99, 0x3A, 0x5F, 0xA8, 0xDE, 0xF6, 0x8A,
    0x7D, 0xE0, 0x3B, 0x15, 0xEF, 0xFD, 0x85, 0xD2, 0x0A, 0x4B, 0xDF, 0xA3, 0x72, 0xDC, 0x60, 0x8B,
    0x95, 0x63, 0xA8, 0x99, 0x50, 0x6B, 0xBB, 0xCB, 0x72, 0x2D, 0xDD, 0xA2, 0xF2, 0xE2, 0xF0, 0xCA,
    0x0C, 0x32, 0xCC, 0xA5, 0x3D, 0x3A, 0x29, 0x64, 0xF5, 0xAF, 0xF3, 0xF0, 0x97, 0xDC, 0x4B, 0x5C,
    0x48, 0x67, 0xE7, 0xBA, 0x97, 0xDE, 0xAF, 0x96, 0x73, 0x2E, 0xF9, 0x1B, 0x1D, 0x3A, 0xDB, 0x2F,
    0xAC, 0xD1, 0xFD, 0x03, 0x0F, 0x7F, 0x55, 0xAE, 0x8B, 0x22, 0xA2, 0x5B, 0xCC, 0xF0, 0xCE, 0xDB,
    0xF5, 0x86, 0x9C, 0xD7, 0xF7, 0x9C, 0x2F, 0xE8, 0x0D, 0x7F, 0xDB, 0x04, 0xCE, 0x28, 0xB5, 0xCB,
    0xD3, 0xFE, 0xD0, 0x0E, 0xAD, 0x4A, 0x03, 0xC8, 0xD1, 0x6A, 0x81, 0xDD, 0x03, 0x93, 0xFB, 0x06,
    0xD3, 0x02, 0x97, 0x6A, 0xF7, 0x6A, 0x45, 0xF7, 0x09, 0x0F, 0x56, 0xC5, 0x74, 0xDE, 0x56, 0xCC,
    0x32, 0x73, 0x0B, 0x47, 0xB6, 0xC9, 0x2E, 0xBB, 0x74, 0x71, 0x4C, 0xD3, 0x7C, 0xA7, 0x18, 0xCD,
    0x56, 0x12, 0xAF, 0xD4, 0xC4, 0x53, 0xFC, 0x8B, 0x74, 0x59, 0x74, 0xD0, 0x2C, 0xB7, 0x4A, 0x9F,
    0x8B, 0x64, 0x80, 0x3F, 0x7C, 0x90, 0x0D, 0xBC, 0xDB, 0x7D, 0xDA, 0xC7, 0x82, 0x8A, 0x7E, 0x26,
    0x3C, 0x98, 0x11, 0x50, 0x72, 0xE2, 0x9B, 0x0C, 0x4C, 0x19, 0x05, 0x99, 0xA5, 0x2E, 0x04, 0x0F,
    0xC2, 0x86, 0x9A, 0xE7, 0x1D, 0xD8, 0xB3, 0xE6, 0x75, 0x71, 0xB4, 0xF1, 0xC8, 0xBC, 0x46, 0x61,
    0x5E, 0x57, 0x73, 0x28, 0x4D, 0x7B, 0x53, 0xFE, 0x09, 0x14, 0x6C, 0x07, 0x63, 0x33, 0xEA, 0xA3,
    0xFD, 0xAD, 0xC9, 0xF3, 0x6A, 0x55, 0xFA, 0x95, 0x25, 0x34, 0x8A, 0x08, 0xC0, 0xF4, 0xFF, 0x26,
    0x8D, 0x7D, 0x70, 0xA7, 0xE1, 0xB7, 0x82, 0x9F, 0x68, 0x0B, 0x27, 0x26, 0x83, 0xE7, 0xB6, 0x75,
    0x2C, 0xF0, 0xA1, 0x45, 0x31, 0x97, 0xB7, 0x24, 0xBF, 0xDD, 0x17, 0x03, 0xD5, 0x57, 0x3B, 0x17,
    0xA4, 0xA4, 0x2B, 0xAE, 0xDE, 0x3D, 0x2C, 0x94, 0x1D, 0xF5, 0x70, 0x3E, 0x5B, 0xFD, 0x29, 0x96,
    0x71, 0x46, 0x43, 0xA3, 0xCE, 0xE9, 0x3F, 0xD5, 0x5F, 0xDA, 0x7E, 0xAD, 0xC2, 0xC4, 0xEB, 0x78,
    0x7F, 0x6A, 0x96, 0x77, 0xC9, 0x34, 0x1F, 0x7D, 0x1C, 0x41, 0x4E, 0x79, 0x08, 0x2F, 0x1C, 0xDD,
    0x0A, 0xF8, 0xCD, 0xC7, 0x7C, 0xBC, 0xB1, 0x59, 0x03, 0xF1, 0x68, 0xD2, 0xDE, 0xAF, 0x25, 0x66,
    0x9E, 0x05, 0xE4, 0xF0, 0xE4, 0x20, 0x5F, 0xAE, 0x5A, 0x70, 0xE1, 0xE5, 0x3B, 0xC9, 0x87, 0x3F,
    0x08, 0x11, 0x8F, 0x90, 0x06, 0x3A, 0x4E, 0xD7, 0x8B, 0xC0, 0x60, 0x17, 0x18, 0xCC, 0x46, 0xF8,
    0x05, 0xAF, 0x83, 0x0F, 0x57, 0xC5, 0xD2, 0x47, 0xC0, 0xE5, 0x08, 0x82, 0xCB, 0xF7, 0x4E, 0x6E,
    0xF5, 0x7B, 0x11, 0xCC, 0xD0, 0xAD, 0x99, 0x81, 0x6E, 0xA4, 0xAA, 0xCB, 0x67, 0x86, 0x45, 0x10,
    0xB3, 0xEA, 0x96, 0x61, 0x15, 0xA8, 0x29, 0x05, 0x34, 0xE4, 0x49, 0x0E, 0x21, 0x8C, 0xB2, 0x0B,
    0x6A, 0x76, 0xF6, 0x76, 0x3E, 0x88, 0xA7, 0xD9, 0xA0, 0x1D, 0x89, 0x33, 0x6A, 0xB6, 0xEC, 0xE0,
    0x38, 0x7D, 0xCF, 0x44, 0x63, 0xDD, 0x30, 0xA9, 0x7F, 0xFA, 0x63, 0x89, 0xED, 0x4E, 0x6F, 0xD9,
    0x6F, 0xA8, 0x8D, 0xA8, 0x57, 0x32, 0x28, 0xC9, 0xB2, 0x6E, 0x24, 0xDC, 0x18, 0xD0, 0x36, 0x05,
    0x56, 0x79, 0x3A, 0x31, 0x14, 0x5F, 0x38, 0xEE, 0x5A, 0x5C, 0x16, 0x98, 0x9C, 0x3E, 0x5F, 0xFA,
    0xAD, 0x28, 0xE0, 0xE6, 0x6D, 0x03, 0xF3, 0xBB, 0x5E, 0x38, 0x2C, 0x49, 0x4D, 0xB4, 0x75, 0x10,
    0xD2, 0xAB, 0x87, 0xFC, 0x1B, 0xA0, 0xD4, 0x0B, 0xD8, 0x12, 0xE9, 0x6F, 0x19, 0x49, 0xA3, 0xB5,
    0x31, 0xAD, 0x13, 0xA9, 0x21, 0xD4, 0x78, 0x3E, 0xDC, 0xFA, 0x35, 0x6E, 0xCB, 0x7C, 0xAC, 0x0F,
    0x72, 0xBB, 0x85, 0x9E, 0x1F, 0x12, 0xB7, 0xCA, 0x1E, 0x8D, 0xB1, 0xBD, 0x47, 0x90, 0xFE, 0xD1,
    0x69, 0xC7, 0x11, 0xC5, 0x1B, 0xE3, 0xAA, 0x45, 0x0B, 0x05, 0x01, 0xA3, 0x7E, 0x71, 0xB1, 0x58,
    0x09, 0x9A, 0x01, 0x9A, 0xCD, 0xC0, 0xFB, 0x24, 0x30, 0x19, 0x73, 0x5C, 0x01, 0x61, 0x70, 0xB9,
    0xFC, 0xD1, 0x51, 0x66, 0xBA, 0xAE, 0x72, 0x9B, 0xF3, 0x9C, 0x60, 0x95, 0x5D, 0xA7, 0x07, 0x44,
    0x7E, 0x7A, 0xCB, 0xFE, 0x95, 0x98, 0xA8, 0x6A, 0x97, 0x04, 0x80, 0xA1, 0xF2, 0x3E, 0xEB, 0x5E,
    0xC6, 0x90, 0x8D, 0x25, 0x51, 0x1A, 0xF2, 0x7D, 0x56, 0xAD, 0x34, 0x36, 0xFD, 0x9D, 0xF6, 0x37,
    0xA9, 0x02, 0xC3, 0x47, 0x24, 0xB9, 0x0B, 0xCC, 0x2F, 0x68, 0xB2, 0xB3, 0x0F, 0xE9, 0x2A, 0xAC,
    0xFD, 0x07, 0xED, 0xDF, 0xA0, 0xCC, 0xD3, 0x06, 0x95, 0x6F, 0xBD, 0x76, 0x9E, 0x84, 0xB5, 0xB3,
    0xA2, 0x4D, 0x20, 0xD7, 0xA2, 0xF4, 0x59, 0xF0, 0x54, 0xF5, 0x68, 0xDD, 0xBA, 0x70, 0x32, 0x58,
    0x8E, 0x81, 0x27, 0x92, 0x10, 0x0F, 0x95, 0x25, 0xC1, 0xF4, 0x96, 0x5F, 0x46, 0x70, 0x13, 0xCB,
    0x13, 0xF2, 0x87, 0x41, 0x11, 0x96, 0x40, 0x32, 0x24, 0x05, 0xC1, 0xF8, 0x19, 0x03, 0xA0, 0x4B,
    0x0F, 0xBC, 0x95, 0xD9, 0x80, 0x61, 0xB0, 0xD4, 0xAB, 0xAD, 0xDA, 0x39, 0xC7, 0xBF, 0x60, 0x60,
    0xAC, 0xF5, 0x69, 0x66, 0xB8, 0x92, 0x2D, 0x65, 0x1D, 0x04, 0xED, 0x32, 0x1B, 0xB2, 0x2F, 0xA6,
    0x04, 0xF7, 0xB4, 0xD5, 0x27, 0x3D, 0x6D, 0x81, 0x5F, 0x4D, 0x59, 0xCB, 0x47, 0x5E, 0xEF, 0x8A,
    0x7B, 0x06, 0x5F, 0xA3, 0x58, 0xD9, 0x2D, 0xC5, 0xBA, 0x66, 0x13, 0xB9, 0xF7, 0xEB, 0x21, 0xA4,
    0x21, 0x9A, 0x4C, 0xA1, 0x68, 0x16, 0xAF, 0xB6, 0xDA, 0x4B, 0xE0, 0x23, 0x92, 0x6D, 0xAC, 0x8D,
    0x6A, 0xCC, 0x97, 0x32, 0x24, 0x3C, 0xC9, 0x1E, 0xE2, 0x78, 0x8B, 0xC9, 0x97, 0xA9, 0xFA, 0xFD,
    0xC0, 0xBE, 0x52, 0xD4, 0xFB, 0x59, 0x7E, 0xA3, 0xF0, 0xDC, 0x7C, 0x8D, 0xA8, 0x0A, 0x4F, 0xEA,
    0x13, 0x7B, 0x3A, 0x7D, 0x25, 0x10, 0x23, 0xFB, 0x4D, 0x3A, 0x54, 0x2A, 0xC7, 0xBB, 0x87, 0x77,
    0x0B, 0xBD, 0x81, 0x29, 0x8E, 0xED, 0x9F, 0x28, 0x05, 0x8A, 0x2E, 0xEB, 0x8B, 0xFA, 0x36, 0xEC,
    0xB5, 0x7B, 0x5F, 0xF6, 0xB8, 0x68, 0xA8, 0xF2, 0x4F, 0x26, 0x57, 0x3F, 0xFA, 0xDD, 0xC0, 0x4C,
    0xD6, 0xDD, 0xF4, 0x31, 0xC5, 0x65, 0x33, 0x11, 0xA6, 0x31, 0x01, 0x2F, 0xE4, 0x4C, 0xEE, 0xC2,
    0x97, 0x1A, 0xE6, 0x0A, 0x46, 0x2F, 0x59, 0x00, 0x4A, 0xB0, 0x1A, 0xEE, 0xCB, 0x52, 0x40, 0x23,
    0xEE, 0xDC, 0xA6, 0x4C, 0x65, 0x26, 0x5B, 0x1C, 0xB0, 0x31, 0x0A, 0x3A, 0x32, 0x98, 0x11, 0xBD,
    0xAD, 0xDD, 0x00, 0x5B, 0x2F, 0xA6, 0x2A, 0x33, 0x98, 0x19, 0xAC, 0xD7, 0x58, 0x54, 0x2C, 0x29,
    0x5B, 0xA6, 0xB4, 0x39, 0x56, 0x11, 0x91, 0x69, 0x28, 0x6C, 0x04, 0xD7, 0x52, 0x7B, 0x11, 0xFB,
    0x4A, 0xBB, 0xBE, 0x2B, 0x5F, 0x8C, 0x3E, 0xE9, 0xFE, 0xB0, 0x4F, 0xBC, 0x0C, 0xFB, 0x31, 0x36,
    0x3C, 0x21, 0xA9, 0x1A, 0x6A, 0x67, 0x7C, 0x1D, 0x8D, 0xA7, 0x2A, 0x78, 0xF9, 0xCF, 0xF8, 0xE1,
    0xB5, 0x35, 0xA7, 0x6B, 0x4B, 0x83, 0x36, 0x16, 0x54, 0xF7, 0x19, 0x87, 0x88, 0xB6, 0x4B, 0xC9,
    0x0B, 0x46, 0x5F, 0xC0, 0x38, 0xC0, 0x71, 0x60, 0x19, 0x25, 0xD1, 0x4E, 0x4C, 0xAB, 0x41, 0x85,
    0x39, 0x6F, 0x70, 0x59, 0xDD, 0x63, 0xFC, 0xE5, 0x3E, 0x79, 0x80, 0xCA, 0xBB, 0x62, 0x5D, 0x71,
    0xC1, 0xB9, 0xD3, 0x26, 0xA2, 0xD4, 0xBB, 0x0A, 0xDA, 0xD7, 0xB3, 0x0A, 0x75, 0xC9, 0x2A, 0xCA,
    0x53, 0x12, 0xE9, 0x8A, 0x85, 0xBD, 0xF3, 0x82, 0x92, 0x05, 0x33, 0x70, 0x57, 0x14, 0xA1, 0xEB,
    0xB8, 0xE5, 0x23, 0x19, 0xB4, 0x35, 0x5A, 0x9B, 0x25, 0xFC, 0xB9, 0x6F, 0xDF, 0x66, 0x7A, 0xF6,
    0x36, 0x71, 0x6A, 0xEA, 0x41, 0x15, 0x4D, 0x5D, 0x4A, 0x7B, 0x0E, 0x02, 0x67, 0x39, 0xD7, 0x42,
    0x48, 0x49, 0x5D, 0xC7, 0x6C, 0x46, 0xA5, 0x3D, 0xF5, 0xF9, 0x54, 0x77, 0xC1, 0xDA, 0xA4, 0x75,
    0xA7, 0x7D, 0x2F, 0x3E, 0x08, 0x68, 0xEB, 0xE7, 0x85, 0x00, 0x40, 0x40, 0xEA, 0x79, 0x8F, 0xAE,
    0x5C, 0x6F, 0x7C, 0xD0, 0x4E, 0x07, 0xBF, 0x21, 0x86, 0x1D, 0xFC, 0xFC, 0xB8, 0xF1, 0x3F, 0x9C,
    0x76, 0x08, 0x30, 0x24, 0xFA, 0x5F, 0x00, 0x38, 0x17, 0xC5, 0x14, 0xDC, 0xDC, 0xD8, 0xB7, 0x2F,
    0xD7, 0xED, 0xE3, 0x29, 0xED, 0x6E, 0xDD, 0x7E, 0xD6, 0xCB, 0xFB, 0x7D, 0x49, 0x08, 0xF8, 0x72,
    0xFF, 0x0F, 0x83, 0x72, 0xDB, 0x19, 0x73, 0xF3, 0x55, 0x8E, 0xDA, 0x7A, 0xF8, 0x85, 0xA7, 0x88,
    0x7B, 0x83, 0xAB, 0xF0, 0x26, 0x39, 0x85, 0x1D, 0x7D, 0xE7, 0x7A, 0x97, 0x27, 0x77, 0xD1, 0x84,
    0xAD, 0x54, 0xB1, 0xAD, 0x99, 0x50, 0x67, 0x47, 0x0B, 0xEB, 0x9F, 0x82, 0x84, 0x6A, 0x96, 0x66,
    0x7E, 0x7F, 0xCE, 0x1A, 0x89, 0x7A, 0x08, 0x23, 0x16, 0xE3, 0xA6, 0x27, 0x11, 0x9A, 0x9F, 0x17,
    0x09, 0x6E, 0x5F, 0x9D, 0x4D, 0xC1, 0x89, 0xD0, 0xCE, 0xB3, 0x66, 0xCB, 0xBC, 0x0F, 0x54, 0xAC,
    0x91, 0x68, 0x59, 0xFC, 0xAF, 0xB7, 0xDB, 0xBC, 0x87, 0xA3, 0x6F, 0x52, 0x56, 0x8F, 0x5B, 0xB5,
    0x95, 0x1B, 0xAF, 0x27, 0xFE, 0xD0, 0xFD, 0x02, 0xF7, 0x32, 0xD9, 0x54, 0xB1, 0x4A, 0x3B, 0xDB,
    0xEC, 0x51, 0x71, 0xC3, 0x45, 0x60, 0x8A, 0xCB, 0x7B, 0x3B, 0x77, 0x66, 0x54, 0xF1, 0xF9, 0xD7,
    0x83, 0xDF, 0x75, 0x45, 0x9D, 0xB7, 0x9D, 0xFA, 0x7E, 0xB1, 0x4C, 0x71, 0x85, 0x0E, 0x74, 0xA4,
    0x62, 0x10, 0xB9, 0x5E, 0x8B, 0xB5, 0xB7, 0x76, 0xF8, 0x37, 0x3B, 0xF7, 0xDF, 0xFF, 0x01, 0x2D,
    0x8F, 0x31, 0x4E, 0xC4, 0x30, 0x14, 0x44, 0x67, 0x1D, 0x41, 0x0A, 0x17, 0x6E, 0xB6, 0x82, 0x22,
    0x47, 0xF8, 0x47, 0x70, 0x10, 0xC5, 0x16, 0x34, 0x9C, 0x83, 0x66, 0x8F, 0x90, 0x48, 0x94, 0x34,
    0x2B, 0x71, 0x01, 0x4E, 0xB2, 0x0E, 0x4B, 0x49, 0x13, 0x89, 0x82, 0x82, 0xC6, 0x42, 0x1C, 0x20,
    0x45, 0x90, 0x2C, 0xF6, 0xC7, 0x83, 0x17, 0xF1, 0x8B, 0xD1, 0x34, 0x33, 0xF3, 0xFE, 0x1A, 0x7B,
    0xB0, 0x0F, 0xA3, 0x4C, 0xB5, 0x62, 0x8D, 0xBD, 0x61, 0x9D, 0x5D, 0xF2, 0x23, 0xCE, 0x80, 0x4A,
    0x01, 0x4E, 0xE8, 0x38, 0x36, 0xDF, 0xDC, 0x68, 0xB5, 0x98, 0xC5, 0x44, 0x92, 0x42, 0xBE, 0xCD,
    0x97, 0x5F, 0xFC, 0xBF, 0xC1, 0x0F, 0x72, 0xC8, 0xB5, 0x3A, 0x12, 0x9E, 0x23, 0x42, 0x84, 0xDC,
    0x28, 0x3F, 0x54, 0x5A, 0xB9, 0x4A, 0xE1, 0x25, 0xF3, 0x9D, 0x45, 0x8B, 0xDF, 0x3E, 0x85, 0x25,
    0x70, 0x45, 0xD0, 0xA8, 0xD9, 0xD9, 0xE4, 0xF8, 0xCA, 0xE3, 0xDC, 0x95, 0xE4, 0xE6, 0xC8, 0x44,
    0xB5, 0x09, 0x85, 0xE1, 0xD6, 0x24, 0x1B, 0x65, 0xEA, 0x9E, 0x79, 0x7F, 0x42, 0x89, 0xBC, 0x5E,
    0x70, 0xD7, 0x5E, 0x3C, 0x66, 0xAB, 0xEE, 0x27, 0x43, 0xD8, 0x9F, 0x26, 0x56, 0x33, 0x0A, 0xDD,
    0x00, 0x3F, 0xA1, 0x51, 0x34, 0x0C, 0xE4, 0x96, 0xA5, 0x8F, 0x07, 0xE6, 0x56, 0x1E, 0x72, 0x01,
    0x0B, 0x9F, 0xA5, 0xCF, 0xCC, 0x76, 0xF9, 0x5B, 0xCC, 0xA2, 0xCD, 0xAE, 0x3C, 0x35, 0xD8, 0xD6,
    0xA5, 0xF3, 0x00, 0xEF, 0xB3, 0xCC, 0x4D, 0x92, 0xE8, 0xA6, 0x8A, 0xDA, 0xD1, 0xB0, 0xFF, 0x05,
    0xA5, 0x93, 0x31, 0x6E, 0xDC, 0x30, 0x14, 0x44, 0x47, 0xCB, 0x42, 0xC5, 0x16, 0x3C, 0x02, 0x8F,
    0xA0, 0x23, 0x48, 0x81, 0x8B, 0x14, 0x39, 0x82, 0x0F, 0x23, 0x01, 0x29, 0xD3, 0xE7, 0x3A, 0x14,
    0x92, 0x03, 0xAC, 0x7C, 0x02, 0xAF, 0x01, 0x1F, 0x80, 0x80, 0x05, 0x44, 0x05, 0xA5, 0xC9, 0x90,
    0xD2, 0xC6, 0x59, 0xAF, 0xEC, 0x14, 0x61, 0x41, 0xFC, 0x3F, 0x1C, 0x3E, 0x7E, 0x7E, 0x51, 0x80,
    0xE5, 0x65, 0x04, 0x00, 0x86, 0x57, 0x23, 0x22, 0x8F, 0x37, 0xEA, 0x95, 0xC3, 0x84, 0xAA, 0x9B,
    0x4B, 0x4D, 0xFC, 0xC2, 0x36, 0x29, 0xBF, 0xF8, 0x79, 0x74, 0x0F, 0x7C, 0x4C, 0xF1, 0xCC, 0x27,
    0x16, 0xD1, 0x0E, 0xED, 0x61, 0xB2, 0xFD, 0xAE, 0x68, 0x42, 0x02, 0x08, 0x01, 0x41, 0x12, 0xA6,
    0x6A, 0xD8, 0x08, 0x95, 0x60, 0xB5, 0xF0, 0xF2, 0xBF, 0x24, 0xA4, 0xA0, 0xE5, 0xE8, 0x06, 0x31,
    0x12, 0xE5, 0x24, 0x39, 0xAF, 0x26, 0x96, 0x68, 0xE2, 0x25, 0xA2, 0x98, 0x10, 0x35, 0x71, 0x75,
    0xDC, 0x47, 0xE6, 0xE9, 0x8D, 0x19, 0x25, 0x75, 0xCF, 0x56, 0x2D, 0xB8, 0x09, 0x6E, 0xEF, 0x8C,
    0xE3, 0xBB, 0xE6, 0xFF, 0x0C, 0xFE, 0x79, 0x96, 0xDF, 0xF5, 0xBC, 0x0F, 0x2C, 0xD8, 0x58, 0x86,
    0x9A, 0xB1, 0xD5, 0xED, 0xFF, 0x1A, 0x4A, 0x25, 0x6A, 0x49, 0x06, 0x37, 0x94, 0x63, 0x31, 0xBB,
    0xB9, 0xE4, 0x27, 0x75, 0xEB, 0x27, 0x43, 0x7A, 0x0B, 0x8C, 0xA9, 0x65, 0x35, 0x2D, 0x1F, 0xF3,
    0xC2, 0xC3, 0x8C, 0x56, 0x4E, 0xF8, 0x33, 0x60, 0xD7, 0x67, 0x51, 0x72, 0x06, 0xAA, 0x90, 0x63,
    0x47, 0x36, 0x68, 0x87, 0x1C, 0x6B, 0x63, 0x0F, 0x76, 0x39, 0xF6, 0x4F, 0xFE, 0x7C, 0xE0, 0xFA,
    0x8A, 0x74, 0x52, 0x28, 0xE7, 0x2D, 0x86, 0x0D, 0x76, 0x7A, 0xD5, 0xEB, 0x15, 0x03, 0x3F, 0xB4,
    0xE7, 0x0D, 0x03, 0xBD, 0xA6, 0x61, 0xC3, 0xA0, 0x22, 0xBF, 0xF2, 0xA0, 0xEC, 0xB8, 0xA8, 0x23,
    0xCB, 0x31, 0x3A, 0x8E, 0x32, 0x0C, 0x85, 0x7F, 0xB6, 0x93, 0x2E, 0x53, 0x50, 0xB9, 0x8E, 0x4E,
    0xB5, 0x9B, 0xF5, 0xDD, 0xFA, 0x1F, 0xFC, 0xCE, 0x6F, 0xCB, 0xFD, 0x02, 0x75, 0xE1, 0x6E, 0x81,
    0x3F, 0x4D, 0xA9, 0x12, 0x43, 0x13, 0x51, 0x9F, 0xD4, 0x47, 0xE0, 0x18, 0x5F, 0x63, 0x37, 0x9A,
    0x3F, 0x9E, 0x5A, 0x35, 0x5F, 0xF6, 0xFA, 0x1E, 0x17, 0x66, 0x91, 0xEE, 0xB8, 0x9D, 0x25, 0x33,
    0xB6, 0x1A, 0x72, 0x3F, 0xB6, 0xDA, 0x50, 0xA9, 0x4F, 0x11, 0x0C, 0x07, 0x0E, 0x25, 0x3B, 0x4B,
    0xD4, 0x59, 0xD0, 0x6C, 0xD3, 0x77, 0xEA, 0x8C, 0xFC, 0xFA, 0xD3, 0x24, 0x55, 0x4B, 0x1D, 0xE1,
    0x16, 0xE9, 0x8D, 0x61, 0x5F, 0x48, 0xF4, 0x23, 0x56, 0x49, 0xB3, 0x1F, 0xA5, 0x48, 0xD7, 0xEA,
    0x2A, 0xE4, 0xCE, 0xF6, 0x9A, 0x72, 0xDB, 0xD6, 0x9E, 0xB6, 0x39, 0x1F, 0x77, 0xF2, 0x54, 0xDE,
    0x6D, 0xEE, 0xF7, 0x72, 0x17, 0xF6, 0xF2, 0xFC, 0x9D, 0x7C, 0x77, 0x9D, 0xFF, 0x06, 0x05, 0xC1,
    0xB1, 0x0D, 0x00, 0x21, 0x0C, 0x04, 0xC1, 0x03, 0x02, 0x02, 0x07, 0x5F, 0x0A, 0x25, 0x50, 0x3A,
    0xEE, 0x80, 0x56, 0x1C, 0xBF, 0x4E, 0x5A, 0x66, 0xF4, 0x95, 0xC2, 0x0A, 0x34, 0xC9, 0x41, 0x8D,
    0xDF, 0xDD, 0xA7, 0x79, 0x25, 0xB0, 0xE1, 0x42, 0x69, 0xA5, 0xA2, 0xD4, 0xAD, 0x07, 0x2D, 0x8F,
    0xB1, 0x0D, 0xC3, 0x20, 0x14, 0x44, 0x2F, 0xB1, 0x14, 0x17, 0x14, 0x1E, 0xC1, 0x23, 0x78, 0x04,
    0x88, 0x52, 0x64, 0x81, 0xEC, 0x91, 0x11, 0x9C, 0x4C, 0x66, 0x8F, 0x40, 0x36, 0x70, 0x91, 0x01,
    0x28, 0x28, 0x5C, 0x60, 0x2E, 0x07, 0xE4, 0x4B, 0x9C, 0xF4, 0x3F, 0xDC, 0xBD, 0x0F, 0x00, 0x1B,
    0x01, 0x0C, 0x87, 0x0E, 0x99, 0xD0, 0x91, 0x04, 0x24, 0x6B, 0x1B, 0x3E, 0x3A, 0xBA, 0x9E, 0x81,
    0xBE, 0x27, 0xE7, 0x28, 0xE1, 0xD1, 0x31, 0x93, 0x57, 0x06, 0x43, 0xBF, 0x04, 0x2C, 0xD1, 0x26,
    0x8C, 0xC7, 0x90, 0x65, 0xBD, 0xD1, 0x81, 0x9E, 0x9B, 0x32, 0xED, 0x2E, 0xBB, 0x21, 0x7A, 0xBE,
    0xB9, 0x75, 0xDC, 0x6C, 0xBE, 0x73, 0x37, 0xB2, 0xE7, 0x12, 0xCE, 0xD5, 0x30, 0x31, 0xE0, 0x19,
    0xA7, 0x84, 0x52, 0x05, 0x2B, 0x8A, 0x2A, 0x59, 0xD6, 0x15, 0x70, 0xE6, 0x57, 0xAA, 0xCE, 0xE1,
    0xA4, 0xC9, 0x86, 0x02, 0x57, 0x2A, 0x3F, 0xF3, 0x81, 0x29, 0xC3, 0x44, 0x88, 0x7C, 0x06, 0xE6,
    0xFA, 0x01, 0x96, 0x87, 0x53, 0xB5, 0xCA, 0xA3, 0xCD, 0x21, 0x4B, 0x51, 0xDF, 0x6E, 0x03, 0x30,
    0xB2, 0x34, 0xBA, 0x7D, 0xE1, 0xEF, 0xAA, 0x09, 0xAE, 0xA6, 0x95, 0x64, 0xAF, 0xE4, 0x46, 0x69,
    0xC4, 0x46, 0xC7, 0x45, 0x9B, 0xFC, 0x00, 0xC5, 0x54, 0xBD, 0x72, 0xD3, 0x40, 0x18, 0xFC, 0x24,
    0x0F, 0x76, 0xA1, 0x42, 0x15, 0x0D, 0x14, 0xEA, 0xD3, 0xE8, 0x11, 0x4E, 0xC3, 0x0B, 0x90, 0x82,
    0xD4, 0xF4, 0x69, 0xC2, 0x13, 0x20, 0x87, 0x17, 0xC0, 0x6F, 0x40, 0x0A, 0x0A, 0xC6, 0x14, 0xD0,
    0x42, 0x73, 0x9A, 0xE1, 0x01, 0x1C, 0x26, 0x25, 0x8D, 0x66, 0xE2, 0x1E, 0xE1, 0x98, 0xC1, 0x99,
    0x39, 0xDD, 0xB2, 0xDF, 0x27, 0xC7, 0x13, 0x27, 0x40, 0xCB, 0x15, 0x3B, 0xBA, 0xBB, 0xBD, 0xEF,
    0x6F, 0xD7, 0x16, 0xD1, 0xE5, 0x97, 0x22, 0x29, 0xA2, 0x48, 0x06, 0x54, 0x52, 0x2A, 0x24, 0x27,
    0xE0, 0x45, 0x1E, 0x15, 0x82, 0xC2, 0x9A, 0x50, 0xB6, 0x29, 0xD6, 0x75, 0x53, 0xA3, 0xC7, 0x04,
    0x40, 0x70, 0x84, 0x15, 0xDA, 0x02, 0x8B, 0x28, 0x39, 0xEA, 0x4E, 0xCA, 0x1E, 0x8D, 0xF8, 0x4B,
    0x30, 0xDA, 0x53, 0x1E, 0x85, 0x32, 0x26, 0x68, 0x95, 0x25, 0x35, 0xB0, 0x56, 0xA8, 0xA4, 0x40,
    0x2B, 0x92, 0x1C, 0x32, 0x2B, 0xCF, 0xE3, 0x5D, 0x68, 0x64, 0xF4, 0xDF, 0xE0, 0x21, 0xDB, 0x7E,
    0x36, 0xE7, 0x7A, 0x8F, 0x7B, 0x2B, 0xE2, 0x5C, 0x67, 0x44, 0x18, 0xB1, 0xC5, 0x5B, 0x30, 0xC1,
    0x74, 0x0B, 0x19, 0x9B, 0xE3, 0x18, 0x0C, 0x38, 0x2C, 0x17, 0x94, 0xC1, 0x07, 0x65, 0xAF, 0x2F,
    0xD9, 0x74, 0xA1, 0xD3, 0x44, 0xB7, 0xBD, 0xD7, 0x0F, 0x7B, 0xE2, 0xD7, 0x4A, 0xBC, 0x9F, 0x51,
    0x2B, 0x39, 0xD3, 0xE1, 0x05, 0xDD, 0x5E, 0x29, 0x2C, 0x14, 0x0E, 0x78, 0xFE, 0x4E, 0x65, 0x3B,
    0x38, 0x13, 0x8D, 0xCC, 0xD4, 0x52, 0xA8, 0x46, 0xA2, 0xD9, 0x06, 0xCD, 0xC4, 0x33, 0x3A, 0xA3,
    0xEA, 0xA7, 0xDB, 0x18, 0xAD, 0xD9, 0xA7, 0x65, 0x46, 0xAB, 0x07, 0x5A, 0xB5, 0x4F, 0xCB, 0x07,
    0x5A, 0xAB, 0x34, 0xDC, 0xA1, 0x95, 0x4A, 0x4B, 0x06, 0x5A, 0xAF, 0x77, 0xD9, 0x14, 0xDF, 0x58,
    0x95, 0x0F, 0xF8, 0x6A, 0x7B, 0x79, 0xF4, 0x76, 0x97, 0x64, 0x28, 0x60, 0xC8, 0xEA, 0xDB, 0x5D,
    0x8C, 0x21, 0xBE, 0x05, 0x4D, 0x6F, 0x1D, 0xB8, 0xCE, 0x42, 0x6B, 0x3F, 0x59, 0xBF, 0x3B, 0x10,
    0xCB, 0x35, 0x89, 0xF4, 0x4B, 0x53, 0xAE, 0x53, 0x5A, 0x08, 0x4D, 0x86, 0x38, 0x01, 0x8D, 0x1A,
    0x58, 0xCD, 0xB1, 0xDF, 0x68, 0x2E, 0x77, 0xA5, 0xB9, 0xFC, 0xF7, 0xA0, 0x21, 0xB4, 0xF4, 0x91,
    0x9A, 0x8D, 0xCA, 0x98, 0x7B, 0xAD, 0x97, 0x72, 0xE8, 0xD3, 0x72, 0xCD, 0x75, 0x76, 0xC7, 0x53,
    0x99, 0x57, 0x82, 0x98, 0x92, 0x04, 0xFC, 0x02, 0x1A, 0x35, 0x21, 0x36, 0xAE, 0xAD, 0xF1, 0x04,
    0x79, 0xC7, 0x1C, 0xEE, 0x4B, 0x48, 0x70, 0x9E, 0x77, 0x38, 0x45, 0x9F, 0x85, 0xD2, 0x84, 0x19,
    0x99, 0x10, 0xE2, 0x30, 0xF5, 0x90, 0xE4, 0xB3, 0xA4, 0x9F, 0xAC, 0x6F, 0x49, 0x59, 0xB4, 0xEB,
    0x45, 0xA3, 0xE5, 0x54, 0xD7, 0xBF, 0xA9, 0x46, 0x1C, 0x72, 0xCE, 0x81, 0x39, 0xA6, 0x67, 0x5F,
    0x7B, 0xDB, 0xC6, 0xA6, 0xA3, 0x9D, 0x6B, 0x9B, 0xFF, 0xD8, 0xDA, 0xDB, 0xC9, 0x45, 0x10, 0xB7,
    0xE8, 0x58, 0x66, 0x95, 0x60, 0xC3, 0x16, 0xAB, 0x21, 0xE7, 0xA1, 0xB9, 0xB2, 0x78, 0x05, 0x3C,
    0x5F, 0xAB, 0x55, 0xF8, 0x13, 0x8B, 0x05, 0xCB, 0x97, 0x17, 0x49, 0x94, 0xA4, 0x32, 0x8B, 0xBD,
    0xCC, 0xD0, 0xD7, 0x17, 0xBC, 0xFD, 0xA1, 0xCD, 0xD5, 0xA7, 0x08, 0x49, 0x33, 0xD9, 0xC8, 0x76,
    0xA9, 0x5C, 0xA6, 0x67, 0xDE, 0x3F, 0x38, 0x3A, 0xC2, 0xCF, 0x3F, 0x38, 0xEE, 0xE6, 0x7E, 0xB0,
    0xA9, 0x1D, 0xED, 0x58, 0x2B, 0x4F, 0xA3, 0x4E, 0x55, 0x01, 0x33, 0x9E, 0xF9, 0xEE, 0x66, 0x25,
    0x1F, 0x45, 0xC6, 0x7C, 0x7A, 0x02, 0x24, 0x7E, 0xCB, 0xBF, 0x04, 0xAE, 0x2B, 0xD3, 0xC3, 0x21,
    0xCE, 0x44, 0x8F, 0x66, 0x8F, 0x09, 0xC6, 0xE2, 0x13, 0xAF, 0xF2, 0x8C, 0x57, 0x6A, 0xFE, 0xD7,
    0x7B, 0x89, 0xAC, 0x9C, 0xC6, 0xE2, 0x2E, 0xCD, 0x49, 0x33, 0xD5, 0x35, 0x56, 0x8C, 0x43, 0x54,
    0xE1, 0x3A, 0xFE, 0x69, 0x29, 0x83, 0xAA, 0x8C, 0x3D, 0xC2, 0x87, 0xED, 0xA3, 0x65, 0xCE, 0x14,
    0xE2, 0xC8, 0x94, 0x6B, 0x55, 0xE9, 0x6F, 0xA1, 0x7F, 0x03, 0x0D, 0xCC, 0xB1, 0x0D, 0x80, 0x20,
    0x14, 0x40, 0xC1, 0x17, 0x7E, 0x21, 0x1D, 0x8D, 0x8D, 0x1D, 0x05, 0x89, 0xAD, 0x03, 0x10, 0xE3,
    0x08, 0x8C, 0xE0, 0x26, 0x92, 0xD8, 0xD8, 0xB9, 0x82, 0xA3, 0x50, 0xE2, 0x36, 0x14, 0xC6, 0xCA,
    0x04, 0x19, 0xE0, 0xAE, 0xD6, 0x5A, 0x17, 0xD8, 0x40, 0x5E, 0x18, 0x33, 0x9C, 0x1A, 0xED, 0x1D,
    0x6B, 0x99, 0x44, 0x52, 0x70, 0x86, 0x18, 0x3D, 0x07, 0x45, 0x5D, 0x92, 0x04, 0xC3, 0x80, 0x27,
    0x53, 0xB4, 0x96, 0x64, 0xAD, 0x11, 0xAC, 0xEF, 0x09, 0x25, 0xB1, 0xDF, 0xCD, 0x5A, 0xD4, 0x0C,
    0xEA, 0x81, 0xAE, 0xC5, 0xDF, 0x0F,
};

static const EpdGlyph lexica_17_boldGlyphs[] = {
    { 0, 0, 0, 0, 0, 0, 0 }, // 
    { 0, 0, 11, 0, 0, 0, 0 }, //  
    { 7, 24, 11, 2, 24, 42, 0 }, // !
    { 11, 8, 15, 2, 24, 22, 42 }, // "
    { 27, 24, 28, 0, 24, 162, 64 }, // #
    { 21, 29, 22, 0, 26, 153, 226 }, // $
    { 33, 24, 35, 1, 24, 198, 379 }, // %
    { 25, 26, 25, 1, 26, 163, 577 }, // &
    { 5, 8, 9, 2, 24, 10, 740 }, // '
    { 11, 30, 13, 1, 24, 83, 750 }, // (
    { 12, 30, 14, 1, 24, 90, 833 }, // )
    { 13, 12, 15, 1, 24, 39, 923 }, // *
    { 18, 18, 22, 2, 18, 81, 962 }, // +
    { 7, 12, 9, 1, 7, 21, 1043 }, // ,
    { 12, 5, 14, 1, 12, 15, 1064 }, // -
    { 7, 7, 9, 1, 7, 13, 1079 }, // .
    { 16, 24, 16, 0, 24, 96, 1092 }, // /
    { 21, 24, 24, 2, 24, 126, 1188 }, // 0
    { 12, 24, 16, 1, 24, 72, 1314 }, // 1
    { 18, 24, 20, 1, 24, 108, 1386 }, // 2
    { 19, 24, 22, 1, 24, 114, 1494 }, // 3
    { 20, 24, 22, 1, 24, 120, 1608 }, // 4
    { 19, 24, 21, 1, 24, 114, 1728 }, // 5
    { 19, 24, 22, 2, 24, 114, 1842 }, // 6
    { 18, 24, 20, 1, 24, 108, 1956 }, // 7
    { 20, 24, 22, 1, 24, 120, 2064 }, // 8
    { 17, 24, 20, 1, 24, 102, 2184 }, // 9
    { 7, 19, 9, 1, 19, 34, 2286 }, // :
    { 7, 24, 9, 1, 19, 42, 2320 }, // ;
    { 18, 19, 20, 1, 18, 86, 2362 }, // <
    { 18, 11, 22, 2, 14, 50, 2448 }, // =
    { 18, 19, 20, 1, 18, 86, 2498 }, // >
    { 19, 24, 22, 1, 24, 114, 2584 }, // ?
    { 24, 24, 26, 1, 24, 144, 2698 }, // @
    { 25, 24, 24, 0, 24, 150, 2842 }, // A
    { 20, 24, 23, 2, 24, 120, 2992 }, // B
    { 22, 24, 23, 1, 24, 132, 3112 }, // C
    { 22, 24, 25, 2, 24, 132, 3244 }, // D
    { 18, 24, 21, 2, 24, 108, 3376 }, // E
    { 17, 24, 20, 2, 24, 102, 3484 }, // F
    { 23, 24, 25, 1, 24, 138, 3586 }, // G
    { 21, 24, 25, 2, 24, 126, 3724 }, // H
    { 12, 24, 16, 2, 24, 72, 3850 }, // I
    { 19, 24, 20, 0, 24, 114, 3922 }, // J
    { 22, 24, 24, 2, 24, 132, 4036 }, // K
    { 17, 24, 20, 2, 24, 102, 4168 }, // L
    { 27, 24, 30, 2, 24, 162, 4270 }, // M
    { 22, 24, 25, 2, 24, 132, 4432 }, // N
    { 25, 24, 27, 1, 24, 150, 4564 }, // O
    { 20, 24, 22, 2, 24, 120, 4714 }, // P
    { 27, 26, 27, 1, 24, 176, 4834 }, // Q
    { 21, 24, 23, 2, 24, 126, 5010 }, // R
    { 21, 24, 22, 0, 24, 126, 5136 }, // S
    { 21, 24, 23, 1, 24, 126, 5262 }, // T
    { 21, 24, 24, 2, 24, 126, 5388 }, // U
    { 23, 24, 23, 0, 24, 138, 5514 }, // V
    { 31, 24, 31, 0, 24, 186, 5652 }, // W
    { 25, 24, 25, 0, 24, 150, 5838 }, // X
    { 25, 24, 24, -1, 24, 150, 5988 }, // Y
    { 20, 24, 22, 1, 24, 120, 6138 }, // Z
    { 9, 30, 12, 2, 24, 68, 6258 }, // [
    { 16, 24, 16, 0, 24, 96, 6326 }, // <backslash>
    { 10, 30, 13, 1, 24, 75, 6422 }, // ]
    { 18, 13, 21, 1, 24, 59, 6497 }, // ^
    { 15, 5, 17, 1, 0, 19, 6556 }, // _
    { 8, 6, 11, 2, 26, 12, 6575 }, // `
    { 18, 19, 20, 1, 19, 86, 6587 }, // a
    { 19, 24, 21, 2, 24, 114, 6673 }, // b
    { 17, 19, 19, 1, 19, 81, 6787 }, // c
    { 20, 24, 21, 1, 24, 120, 6868 }, // d
    { 20, 19, 20, 0, 19, 95, 6988 }, // e
    { 12, 26, 14, 1, 26, 78, 7083 }, // f
    { 19, 26, 21, 1, 19, 124, 7161 }, // g
    { 17, 24, 21, 2, 24, 102, 7285 }, // h
    { 9, 27, 11, 1, 27, 61, 7387 }, // i
    { 10, 32, 9, -2, 26, 80, 7448 }, // j
    { 19, 24, 20, 2, 24, 114, 7528 }, // k
    { 9, 24, 12, 2, 24, 54, 7642 }, // l
    { 28, 19, 31, 2, 19, 133, 7696 }, // m
    { 17, 19, 21, 2, 19, 81, 7829 }, // n
    { 19, 19, 20, 1, 19, 91, 7910 }, // o
    { 19, 25, 21, 2, 19, 119, 8001 }, // p
    { 23, 25, 22, 1, 19, 144, 8120 }, // q
    { 11, 19, 14, 2, 19, 53, 8264 }, // r
    { 18, 19, 19, 0, 19, 86, 8317 }, // s
    { 12, 22, 14, 1, 22, 66, 8403 }, // t
    { 17, 18, 20, 2, 18, 77, 8469 }, // u
    { 19, 18, 19, 0, 18, 86, 8546 }, // v
    { 26, 18, 26, 0, 18, 117, 8632 }, // w
    { 19, 18, 19, 0, 18, 86, 8749 }, // x
    { 20, 24, 18, -1, 18, 120, 8835 }, // y
    { 17, 18, 19, 1, 18, 77, 8955 }, // z
    { 12, 30, 13, 0, 24, 90, 9032 }, // {
    { 6, 30, 9, 2, 24, 45, 9122 }, // |
    { 12, 30, 13, 1, 24, 90, 9167 }, // }
    { 16, 8, 19, 1, 13, 32, 9257 }, // ~
    { 0, 0, 11, 0, 0, 0, 0 }, //  
    { 7, 25, 11, 2, 19, 44, 0 }, // ¡
    { 18, 23, 19, 1, 20, 104, 44 }, // ¢
    { 20, 24, 22, 2, 24, 120, 148 }, // £
    { 17, 18, 21, 2, 21, 77, 268 }, // ¤
    { 25, 24, 25, 0, 24, 150, 345 }, // ¥
    { 5, 30, 9, 2, 24, 38, 495 }, // ¦
    { 19, 30, 21, 1, 24, 143, 533 }, // §
    { 12, 5, 16, 2, 25, 15, 676 }, // ¨
    { 25, 25, 28, 2, 25, 157, 691 }, // ©
    { 11, 11, 14, 2, 25, 31, 848 }, // ª
    { 21, 15, 24, 1, 16, 79, 879 }, // «
    { 19, 14, 22, 1, 15, 67, 958 }, // ¬
    { 11, 5, 13, 1, 12, 14, 1025 }, // ­
    { 25, 25, 28, 2, 25, 157, 1039 }, // ®
    { 11, 3, 15, 2, 23, 9, 1196 }, // ¯
    { 11, 11, 13, 1, 24, 31, 1205 }, // °
    { 18, 18, 22, 2, 18, 81, 1236 }, // ±
    { 11, 14, 15, 2, 28, 39, 1317 }, // ²
    { 12, 14, 15, 1, 28, 42, 1356 }, // ³
    { 8, 6, 11, 1, 26, 12, 1398 }, // ´
    { 19, 24, 22, 2, 18, 114, 1410 }, // µ
    { 17, 30, 18, 1, 24, 128, 1524 }, // ¶
    { 7, 7, 11, 2, 12, 13, 1652 }, // ·
    { 8, 8, 11, 2, 1, 16, 1665 }, // ¸
    { 7, 14, 10, 2, 28, 25, 1681 }, // ¹
    { 11, 11, 14, 2, 25, 31, 1706 }, // º
    { 21, 15, 24, 1, 16, 79, 1737 }, // »
    { 26, 23, 30, 2, 23, 150, 1816 }, // ¼
    { 27, 23, 31, 2, 23, 156, 1966 }, // ½
    { 31, 24, 34, 1, 24, 186, 2122 }, // ¾
    { 19, 25, 22, 2, 19, 119, 2308 }, // ¿
    { 25, 32, 24, -1, 32, 200, 2427 }, // À
    { 25, 32, 24, 0, 32, 200, 2627 }, // Á
    { 25, 32, 24, 0, 32, 200, 2827 }, // Â
    { 25, 30, 24, 0, 30, 188, 3027 }, // Ã
    { 26, 31, 24, -1, 31, 202, 3215 }, // Ä
    { 25, 30, 25, 0, 30, 188, 3417 }, // Å
    { 35, 24, 36, 0, 24, 210, 3605 }, // Æ
    { 22, 30, 23, 1, 24, 165, 3815 }, // Ç
    { 18, 32, 21, 2, 32, 144, 3980 }, // È
    { 18, 32, 21, 2, 32, 144, 4124 }, // É
    { 18, 32, 21, 2, 32, 144, 4268 }, // Ê
    { 18, 31, 21, 2, 31, 140, 4412 }, // Ë
    { 12, 32, 16, 2, 32, 96, 4552 }, // Ì
    { 12, 32, 16, 2, 32, 96, 4648 }, // Í
    { 14, 32, 16, 1, 32, 112, 4744 }, // Î
    { 13, 31, 17, 2, 31, 101, 4856 }, // Ï
    { 26, 24, 28, 1, 24, 156, 4957 }, // Ð
    { 22, 30, 25, 2, 30, 165, 5113 }, // Ñ
    { 25, 32, 27, 1, 32, 200, 5278 }, // Ò
    { 25, 32, 27, 1, 32, 200, 5478 }, // Ó
    { 25, 32, 27, 1, 32, 200, 5678 }, // Ô
    { 25, 31, 27, 1, 31, 194, 5878 }, // Õ
    { 25, 32, 27, 1, 32, 200, 6072 }, // Ö
    { 17, 17, 19, 1, 17, 73, 6272 }, // ×
    { 25, 24, 27, 1, 24, 150, 6345 }, // Ø
    { 21, 32, 24, 2, 32, 168, 6495 }, // Ù
    { 21, 32, 24, 2, 32, 168, 6663 }, // Ú
    { 21, 32, 24, 2, 32, 168, 6831 }, // Û
    { 21, 32, 24, 2, 32, 168, 6999 }, // Ü
    { 25, 32, 24, -1, 32, 200, 7167 }, // Ý
    { 19, 24, 22, 2, 24, 114, 7367 }, // Þ
    { 20, 24, 22, 2, 24, 120, 7481 }, // ß
    { 18, 26, 20, 1, 26, 117, 7601 }, // à
    { 18, 26, 20, 1, 26, 117, 7718 }, // á
    { 18, 26, 20, 1, 26, 117, 7835 }, // â
    { 18, 24, 20, 1, 24, 108, 7952 }, // ã
    { 18, 26, 20, 1, 26, 117, 8060 }, // ä
    { 18, 29, 20, 1, 29, 131, 8177 }, // å
    { 30, 19, 32, 1, 19, 143, 8308 }, // æ
    { 18, 25, 19, 1, 19, 113, 8451 }, // ç
    { 20, 26, 20, 0, 26, 130, 8564 }, // è
    { 20, 26, 20, 0, 26, 130, 8694 }, // é
    { 20, 26, 20, 0, 26, 130, 8824 }, // ê
    { 20, 26, 20, 0, 26, 130, 8954 }, // ë
    { 10, 26, 11, 0, 26, 65, 9084 }, // ì
    { 11, 26, 11, 0, 26, 72, 9149 }, // í
    { 15, 26, 11, -2, 26, 98, 9221 }, // î
    { 12, 25, 11, 0, 25, 75, 9319 }, // ï
    { 19, 27, 21, 1, 27, 129, 9394 }, // ð
    { 17, 24, 21, 2, 24, 102, 9523 }, // ñ
    { 19, 26, 20, 1, 26, 124, 9625 }, // ò
    { 19, 26, 20, 1, 26, 124, 9749 }, // ó
    { 19, 26, 20, 1, 26, 124, 9873 }, // ô
    { 19, 24, 20, 1, 24, 114, 9997 }, // õ
    { 19, 26, 20, 1, 26, 124, 10111 }, // ö
    { 18, 19, 20, 1, 19, 86, 10235 }, // ÷
    { 19, 20, 20, 1, 19, 95, 10321 }, // ø
    { 17, 26, 20, 2, 26, 111, 10416 }, // ù
    { 17, 26, 20, 2, 26, 111, 10527 }, // ú
    { 17, 26, 20, 2, 26, 111, 10638 }, // û
    { 17, 26, 20, 2, 26, 111, 10749 }, // ü
    { 20, 32, 18, -1, 26, 160, 10860 }, // ý
    { 19, 30, 21, 2, 24, 143, 11020 }, // þ
    { 20, 31, 18, -1, 25, 155, 11163 }, // ÿ
    { 25, 29, 25, 0, 29, 182, 0 }, // Ā
    { 18, 24, 20, 1, 24, 108, 182 }, // ā
    { 25, 31, 24, 0, 31, 194, 290 }, // Ă
    { 18, 26, 20, 1, 26, 117, 484 }, // ă
    { 26, 30, 25, -1, 24, 195, 601 }, // Ą
    { 18, 25, 20, 1, 19, 113, 796 }, // ą
    { 22, 32, 24, 1, 32, 176, 909 }, // Ć
    { 17, 26, 19, 1, 26, 111, 1085 }, // ć
    { 22, 32, 23, 1, 32, 176, 1196 }, // Ĉ
    { 17, 26, 19, 1, 26, 111, 1372 }, // ĉ
    { 22, 32, 24, 1, 32, 176, 1483 }, // Ċ
    { 18, 26, 19, 1, 26, 117, 1659 }, // ċ
    { 22, 32, 23, 1, 32, 176, 1776 }, // Č
    { 17, 26, 19, 1, 26, 111, 1952 }, // č
    { 22, 32, 25, 2, 32, 176, 2063 }, // Ď
    { 25, 24, 23, 1, 24, 150, 2239 }, // ď
    { 26, 24, 28, 1, 24, 156, 2389 }, // Đ
    { 21, 25, 23, 1, 25, 132, 2545 }, // đ
    { 18, 29, 21, 2, 29, 131, 2677 }, // Ē
    { 19, 24, 21, 1, 24, 114, 2808 }, // ē
    { 18, 31, 21, 2, 31, 140, 2922 }, // Ĕ
    { 20, 26, 20, 0, 26, 130, 3062 }, // ĕ
    { 18, 31, 21, 2, 31, 140, 3192 }, // Ė
    { 19, 26, 20, 0, 26, 124, 3332 }, // ė
    { 18, 30, 21, 2, 24, 135, 3456 }, // Ę
    { 19, 25, 20, 0, 19, 119, 3591 }, // ę
    { 18, 32, 21, 2, 32, 144, 3710 }, // Ě
    { 20, 26, 20, 0, 26, 130, 3854 }, // ě
    { 23, 32, 25, 1, 32, 184, 3984 }, // Ĝ
    { 19, 34, 21, 1, 27, 162, 4168 }, // ĝ
    { 23, 32, 25, 1, 32, 184, 4330 }, // Ğ
    { 19, 33, 21, 1, 26, 157, 4514 }, // ğ
    { 23, 32, 25, 1, 32, 184, 4671 }, // Ġ
    { 19, 33, 21, 1, 26, 157, 4855 }, // ġ
    { 23, 33, 25, 1, 24, 190, 5012 }, // Ģ
    { 20, 35, 22, 1, 28, 175, 5202 }, // ģ
    { 21, 32, 25, 2, 32, 168, 5377 }, // Ĥ
    { 22, 32, 21, -3, 32, 176, 5545 }, // ĥ
    { 25, 24, 27, 1, 24, 150, 5721 }, // Ħ
    { 20, 25, 23, 1, 25, 125, 5871 }, // ħ
    { 14, 30, 16, 1, 30, 105, 5996 }, // Ĩ
    { 14, 24, 11, -2, 24, 84, 6101 }, // ĩ
    { 12, 29, 16, 2, 29, 87, 6185 }, // Ī
    { 11, 24, 12, 1, 24, 66, 6272 }, // ī
    { 13, 31, 16, 2, 31, 101, 6338 }, // Ĭ
    { 13, 25, 11, -1, 25, 82, 6439 }, // ĭ
    { 12, 30, 16, 2, 24, 90, 6521 }, // Į
    { 9, 33, 11, 1, 27, 75, 6611 }, // į
    { 12, 31, 16, 2, 31, 93, 6686 }, // İ
    { 10, 18, 11, 0, 18, 45, 6779 }, // ı
    { 33, 24, 36, 2, 24, 198, 6824 }, // Ĳ
    { 18, 32, 20, 1, 26, 144, 7022 }, // ĳ
    { 23, 32, 20, 0, 32, 184, 7166 }, // Ĵ
    { 15, 32, 9, -3, 26, 120, 7350 }, // ĵ
    { 22, 33, 24, 2, 24, 182, 7470 }, // Ķ
    { 18, 33, 20, 2, 24, 149, 7652 }, // ķ
    { 19, 18, 20, 2, 18, 86, 7801 }, // ĸ
    { 17, 32, 20, 2, 32, 136, 7887 }, // Ĺ
    { 9, 32, 12, 2, 32, 72, 8023 }, // ĺ
    { 17, 33, 20, 2, 24, 141, 8095 }, // Ļ
    { 10, 33, 12, 1, 24, 83, 8236 }, // ļ
    { 17, 24, 20, 2, 24, 102, 8319 }, // Ľ
    { 12, 24, 12, 2, 24, 72, 8421 }, // ľ
    { 17, 24, 20, 2, 24, 102, 8493 }, // Ŀ
    { 15, 24, 18, 2, 24, 90, 8595 }, // ŀ
    { 20, 24, 22, 1, 24, 120, 8685 }, // Ł
    { 11, 24, 13, 1, 24, 66, 8805 }, // ł
    { 22, 32, 25, 2, 32, 176, 8871 }, // Ń
    { 17, 26, 21, 2, 26, 111, 9047 }, // ń
    { 22, 33, 25, 2, 24, 182, 9158 }, // Ņ
    { 17, 28, 21, 2, 19, 119, 9340 }, // ņ
    { 22, 32, 25, 2, 32, 176, 9459 }, // Ň
    { 17, 26, 21, 2, 26, 111, 9635 }, // ň
    { 25, 24, 28, 2, 24, 150, 9746 }, // ŉ
    { 22, 30, 25, 2, 24, 165, 9896 }, // Ŋ
    { 17, 25, 21, 2, 19, 107, 10061 }, // ŋ
    { 25, 30, 27, 1, 30, 188, 10168 }, // Ō
    { 19, 24, 20, 1, 24, 114, 10356 }, // ō
    { 25, 32, 27, 1, 32, 200, 10470 }, // Ŏ
    { 19, 26, 20, 1, 26, 124, 10670 }, // ŏ
    { 25, 32, 27, 1, 32, 200, 10794 }, // Ő
    { 19, 26, 20, 1, 26, 124, 10994 }, // ő
    { 36, 24, 38, 1, 24, 216, 11118 }, // Œ
    { 32, 19, 34, 1, 19, 152, 11334 }, // œ
    { 21, 32, 23, 2, 32, 168, 11486 }, // Ŕ
    { 11, 26, 14, 2, 26, 72, 11654 }, // ŕ
    { 21, 33, 23, 2, 24, 174, 11726 }, // Ŗ
    { 13, 28, 14, 0, 19, 91, 11900 }, // ŗ
    { 21, 32, 23, 2, 32, 168, 11991 }, // Ř
    { 15, 26, 14, 1, 26, 98, 12159 }, // ř
    { 21, 32, 22, 0, 32, 168, 12257 }, // Ś
    { 18, 26, 19, 0, 26, 117, 12425 }, // ś
    { 21, 32, 22, 0, 32, 168, 12542 }, // Ŝ
    { 18, 26, 19, 0, 26, 117, 12710 }, // ŝ
    { 21, 30, 22, 0, 24, 158, 12827 }, // Ş
    { 18, 25, 19, 0, 19, 113, 12985 }, // ş
    { 21, 32, 22, 0, 32, 168, 13098 }, // Š
    { 18, 26, 19, 0, 26, 117, 13266 }, // š
    { 21, 31, 23, 1, 24, 163, 13383 }, // Ţ
    { 12, 29, 14, 1, 22, 87, 13546 }, // ţ
    { 21, 32, 23, 1, 32, 168, 13633 }, // Ť
    { 14, 26, 14, 1, 26, 91, 13801 }, // ť
    { 21, 24, 23, 1, 24, 126, 13892 }, // Ŧ
    { 12, 22, 14, 1, 22, 66, 14018 }, // ŧ
    { 21, 31, 24, 2, 31, 163, 14084 }, // Ũ
    { 17, 24, 20, 2, 24, 102, 14247 }, // ũ
    { 21, 30, 24, 2, 30, 158, 14349 }, // Ū
    { 17, 24, 20, 2, 24, 102, 14507 }, // ū
    { 21, 32, 24, 2, 32, 168, 14609 }, // Ŭ
    { 17, 26, 20, 2, 26, 111, 14777 }, // ŭ
    { 21, 35, 24, 2, 35, 184, 14888 }, // Ů
    { 17, 29, 20, 2, 29, 124, 15072 }, // ů
    { 21, 32, 24, 2, 32, 168, 15196 }, // Ű
    { 18, 26, 21, 2, 26, 117, 15364 }, // ű
    { 21, 30, 24, 2, 24, 158, 15481 }, // Ų
    { 17, 24, 20, 2, 18, 102, 15639 }, // ų
    { 31, 32, 31, 0, 32, 248, 15741 }, // Ŵ
    { 26, 26, 26, 0, 26, 169, 15989 }, // ŵ
    { 25, 32, 24, -1, 32, 200, 16158 }, // Ŷ
    { 20, 32, 18, -1, 26, 160, 16358 }, // ŷ
    { 24, 31, 24, 0, 31, 186, 16518 }, // Ÿ
    { 20, 32, 22, 1, 32, 160, 16704 }, // Ź
    { 17, 26, 19, 1, 26, 111, 16864 }, // ź
    { 20, 31, 22, 1, 31, 155, 16975 }, // Ż
    { 17, 25, 19, 1, 25, 107, 17130 }, // ż
    { 20, 32, 22, 1, 32, 160, 17237 }, // Ž
    { 17, 26, 19, 1, 26, 111, 17397 }, // ž
    { 12, 26, 14, 1, 26, 78, 17508 }, // ſ
    { 8, 6, 0, 0, 26, 12, 0 }, // ̀
    { 8, 6, 0, -1, 26, 12, 12 }, // ́
    { 14, 6, 0, 0, 26, 21, 24 }, // ̂
    { 14, 4, 0, -1, 24, 14, 45 }, // ̃
    { 11, 3, 0, 0, 23, 9, 59 }, // ̄
    { 14, 5, 0, -2, 25, 18, 68 }, // ̆
    { 6, 5, 0, 0, 25, 8, 86 }, // ̇
    { 12, 5, 0, 0, 25, 15, 94 }, // ̈
    { 8, 7, 6, -1, 27, 14, 109 }, // ̉
    { 9, 9, 0, 0, 28, 21, 123 }, // ̊
    { 15, 6, 0, -1, 26, 23, 144 }, // ̋
    { 14, 6, 0, 0, 26, 21, 167 }, // ̌
    { 13, 8, 14, 0, 22, 26, 188 }, // ̛
    { 6, 6, 7, 0, -3, 9, 214 }, // ̣
    { 8, 8, 0, 0, -1, 16, 223 }, // ̦
    { 8, 8, 0, -1, 1, 16, 239 }, // ̧
    { 9, 6, 0, 0, 0, 14, 255 }, // ̨
    { 10, 5, 12, 1, 12, 13, 0 }, // ‐
    { 15, 5, 17, 1, 12, 19, 13 }, // –
    { 27, 5, 29, 1, 12, 34, 32 }, // —
    { 7, 12, 9, 1, 24, 21, 66 }, // ‘
    { 7, 12, 9, 1, 24, 21, 87 }, // ’
    { 7, 12, 9, 1, 7, 21, 108 }, // ‚
    { 15, 12, 17, 1, 24, 45, 129 }, // “
    { 15, 12, 17, 1, 24, 45, 174 }, // ”
    { 15, 12, 17, 1, 7, 45, 219 }, // „
    { 18, 24, 20, 1, 24, 108, 264 }, // †
    { 18, 24, 20, 1, 24, 108, 372 }, // ‡
    { 12, 12, 16, 2, 15, 36, 480 }, // •
    { 25, 7, 27, 1, 7, 44, 516 }, // …
    { 48, 24, 50, 1, 24, 288, 560 }, // ‰
    { 12, 15, 14, 1, 16, 45, 848 }, // ‹
    { 12, 15, 14, 1, 16, 45, 893 }, // ›
    { 22, 24, 22, 0, 24, 132, 938 }, // ⁄
    { 13, 14, 16, 2, 28, 46, 0 }, // ⁴
    { 21, 29, 23, 1, 25, 153, 0 }, // ₫
    { 24, 24, 24, -1, 24, 144, 153 }, // €
    { 19, 26, 21, 1, 25, 124, 0 }, // ∂
    { 20, 30, 22, 1, 24, 150, 124 }, // ∏
    { 19, 30, 22, 1, 24, 143, 274 }, // ∑
    { 19, 5, 21, 1, 11, 24, 417 }, // −
    { 23, 24, 23, 0, 24, 138, 441 }, // ∕
    { 7, 7, 10, 1, 13, 13, 579 }, // ∙
    { 23, 30, 25, 1, 24, 173, 592 }, // √
    { 25, 12, 27, 1, 15, 75, 765 }, // ∞
    { 15, 32, 17, 1, 25, 120, 840 }, // ∫
    { 17, 15, 19, 1, 16, 64, 960 }, // ≈
    { 19, 18, 21, 1, 18, 86, 1024 }, // ≠
    { 19, 19, 21, 1, 19, 91, 1110 }, // ≤
    { 19, 19, 21, 1, 19, 91, 1201 }, // ≥
    { 15, 25, 19, 2, 25, 94, 0 }, // �
};

static const EpdUnicodeInterval lexica_17_boldIntervals[] = {
    { 0xD, 0xD, 0x0 },
    { 0x20, 0x7E, 0x1 },
    { 0xA0, 0xFF, 0x60 },
    { 0x100, 0x17F, 0xC0 },
    { 0x300, 0x304, 0x140 },
    { 0x306, 0x30C, 0x145 },
    { 0x31B, 0x31B, 0x14C },
    { 0x323, 0x323, 0x14D },
    { 0x326, 0x328, 0x14E },
    { 0x2010, 0x2010, 0x151 },
    { 0x2013, 0x2014, 0x152 },
    { 0x2018, 0x201A, 0x154 },
    { 0x201C, 0x201E, 0x157 },
    { 0x2020, 0x2022, 0x15A },
    { 0x2026, 0x2026, 0x15D },
    { 0x2030, 0x2030, 0x15E },
    { 0x2039, 0x203A, 0x15F },
    { 0x2044, 0x2044, 0x161 },
    { 0x2074, 0x2074, 0x162 },
    { 0x20AB, 0x20AC, 0x163 },
    { 0x2202, 0x2202, 0x165 },
    { 0x220F, 0x220F, 0x166 },
    { 0x2211, 0x2212, 0x167 },
    { 0x2215, 0x2215, 0x169 },
    { 0x2219, 0x221A, 0x16A },
    { 0x221E, 0x221E, 0x16C },
    { 0x222B, 0x222B, 0x16D },
    { 0x2248, 0x2248, 0x16E },
    { 0x2260, 0x2260, 0x16F },
    { 0x2264, 0x2265, 0x170 },
    { 0xFFFD, 0xFFFD, 0x172 },
};

static const EpdFontGroup lexica_17_boldGroups[] = {
    { 0, 4032, 9289, 96, 0 },
    { 4032, 4142, 11318, 96, 96 },
    { 8174, 5521, 17586, 128, 192 },
    { 13695, 225, 269, 17, 320 },
    { 13920, 414, 1070, 17, 337 },
    { 14334, 48, 46, 1, 354 },
    { 14382, 185, 297, 2, 355 },
    { 14567, 579, 1292, 13, 357 },
    { 15146, 92, 94, 1, 370 },
};

static const EpdFontData lexica_17_bold = {
    lexica_17_boldBitmaps,
    lexica_17_boldGlyphs,
    lexica_17_boldIntervals,
    31,
    44,
    34,
    -11,
    true,
    lexica_17_boldGroups,
    9,
};
