/**
 * generated by fontconvert.py
 * name: lexica_15_bolditalic
 * size: 15
 * mode: 2-bit  compressed: true
 * Command used: fontconvert.py lexica_15_bolditalic 15 ../builtinFonts/source/lexica-ultralegible/LexicaUltralegible-BoldItalic.ttf --2bit --compress
 */
#pragma once
#include "EpdFontData.h"

static const uint8_t lexica_15_bolditalicBitmaps[15350] = {
    0xA5, 0x59, 0x3D, 0x8F, 0xDD, 0xC6, 0x15, 0x1D, 0x92, 0x86, 0x18, 0x9B, 0x05, 0xD3, 0xC6, 0x42,
    0xC2, 0xC6, 0x95, 0x8C, 0x60, 0xEA, 0x00, 0x51, 0xC8, 0x58, 0x85, 0x80, 0xA8, 0x50, 0xCA, 0x34,
    0x81, 0x53, 0x2B, 0xC5, 0xFE, 0x01, 0xC3, 0x43, 0x5B, 0x85, 0x0A, 0x17, 0x5A, 0x20, 0x3F, 0xC0,
    0x06, 0xA2, 0x00, 0xCA, 0x73, 0xA1, 0x14, 0x2E, 0x52, 0xD8, 0x1E, 0x5A, 0x0B, 0x44, 0x85, 0x0A,
    0x51, 0x76, 0xE1, 0x42, 0x85, 0x68, 0x4B, 0x80, 0x03, 0xB9, 0x58, 0xCA, 0xA2, 0x6C, 0x4A, 0x4B,
    0xF2, 0xE6, 0x9C, 0x3B, 0x7C, 0x6F, 0x65, 0x25, 0x0E, 0x02, 0x64, 0x21, 0x71, 0xDF, 0x92, 0xC3,
    0x99, 0xFB, 0x79, 0xEE, 0xB9, 0xF7, 0x19, 0x37, 0xC5, 0xD2, 0xE5, 0x52, 0x95, 0x93, 0x91, 0x3E,
    0x95, 0xBA, 0x98, 0x8D, 0xEF, 0x63, 0xA9, 0xB3, 0xC9, 0xD8, 0xDE, 0xF8, 0x2A, 0x99, 0x8C, 0xFE,
    0xC4, 0xA3, 0xB1, 0x23, 0x96, 0x24, 0xD2, 0x64, 0x8B, 0xC9, 0x3A, 0x23, 0x97, 0xBF, 0x5D, 0xCA,
    0x3B, 0x83, 0xEC, 0x7D, 0x3A, 0xFB, 0x73, 0x0F, 0x67, 0x7B, 0xA3, 0xF7, 0xC6, 0xA4, 0x53, 0xBC,
    0x18, 0x93, 0x4D, 0x09, 0xAF, 0x63, 0x32, 0x1B, 0x93, 0xF3, 0x9A, 0x0B, 0x7E, 0xA6, 0x70, 0x2D,
    0x8E, 0xAF, 0xD8, 0xB2, 0xCF, 0x47, 0x63, 0x6C, 0x97, 0x0F, 0xC6, 0x94, 0xE1, 0xDA, 0x16, 0xFD,
    0x7A, 0x2D, 0xB9, 0xA6, 0x77, 0xBC, 0x76, 0xFE, 0xF8, 0xDA, 0x1A, 0xA9, 0xCB, 0xC6, 0x18, 0xA9,
    0xDC, 0xF1, 0xD5, 0xF8, 0x86, 0x42, 0x76, 0xB8, 0xE4, 0x35, 0x2E, 0xA7, 0x8D, 0x89, 0xFC, 0x13,
    0x63, 0xF0, 0x76, 0x95, 0xE1, 0xA5, 0x9A, 0xDB, 0x9C, 0x91, 0x8B, 0x77, 0x9F, 0xE4, 0x53, 0xF1,
    0xA2, 0x29, 0x87, 0x37, 0xF0, 0xD2, 0x51, 0x67, 0x62, 0x3C, 0x32, 0x09, 0x45, 0xC1, 0x27, 0x88,
    0xEB, 0x79, 0x29, 0x05, 0x4A, 0x3F, 0x96, 0x21, 0x4A, 0x1A, 0xB9, 0xBD, 0x14, 0x89, 0xBC, 0xBE,
    0x7C, 0x58, 0x4C, 0xA5, 0x1C, 0x49, 0x0B, 0x99, 0x16, 0x63, 0x29, 0x44, 0x2A, 0xF7, 0xA1, 0xE3,
    0x7A, 0x96, 0x31, 0xEF, 0xF1, 0xB2, 0x87, 0x5B, 0xBE, 0xC2, 0xF3, 0xCE, 0x14, 0x9D, 0xC1, 0xB9,
    0x34, 0x5F, 0x04, 0x75, 0x21, 0x20, 0x74, 0x2A, 0x9B, 0xA2, 0x35, 0xC9, 0x18, 0x4F, 0x34, 0x6A,
    0x09, 0x25, 0x70, 0x37, 0x99, 0xB3, 0xD1, 0xB6, 0x3C, 0x53, 0x52, 0x98, 0x02, 0x8B, 0x5B, 0x89,
    0x7C, 0x9D, 0xCA, 0x60, 0x5B, 0xBC, 0x7F, 0xE2, 0x4A, 0x3A, 0xAA, 0x38, 0x46, 0xB0, 0x1D, 0xD4,
    0xB3, 0x8D, 0x44, 0x78, 0x2D, 0x1D, 0x8B, 0x36, 0x87, 0xA1, 0x24, 0x9A, 0x75, 0xEF, 0xA6, 0xE8,
    0xB0, 0x4B, 0x36, 0x18, 0x39, 0xC4, 0xE2, 0x45, 0xCF, 0xC6, 0x5D, 0x6C, 0xAB, 0x77, 0x8D, 0xA3,
    0x65, 0x5E, 0xA6, 0x90, 0x09, 0x74, 0xE5, 0x71, 0x23, 0x3F, 0x0A, 0xB6, 0x28, 0x86, 0x12, 0x0F,
    0x7D, 0xE3, 0x6A, 0x13, 0x2F, 0x91, 0xBA, 0x8F, 0x6F, 0x14, 0x23, 0x4D, 0x5A, 0xD2, 0x1E, 0xB0,
    0x0A, 0x24, 0x4C, 0x65, 0x4E, 0x26, 0xC8, 0xD7, 0xD8, 0x16, 0xDE, 0xFB, 0x44, 0x8C, 0xDC, 0x93,
    0xF3, 0x43, 0x36, 0xA7, 0x30, 0x61, 0xD9, 0x67, 0x54, 0xB2, 0xC9, 0xA5, 0x49, 0xA4, 0xB6, 0xF4,
    0xF8, 0x21, 0x6E, 0xD0, 0xCB, 0x03, 0xAF, 0xBE, 0x87, 0x44, 0xB5, 0xEF, 0x4C, 0x79, 0x30, 0xAD,
    0xFF, 0x1A, 0x83, 0x20, 0x49, 0x04, 0x76, 0x87, 0xD2, 0x15, 0xDE, 0xA5, 0x0B, 0x21, 0x09, 0xA2,
    0x0E, 0x31, 0x81, 0xF0, 0xC3, 0x33, 0x78, 0xDA, 0xB8, 0xD6, 0x20, 0x16, 0xF0, 0x37, 0x16, 0x72,
    0x09, 0xFE, 0x48, 0x27, 0xFA, 0x9D, 0x8B, 0x33, 0x9A, 0x97, 0xA6, 0x35, 0x79, 0xF8, 0xC4, 0xC7,
    0x0C, 0xBE, 0xB0, 0x70, 0xFD, 0x64, 0xF5, 0x95, 0xED, 0xC2, 0xC1, 0xA4, 0xB3, 0xFE, 0xC1, 0xF3,
    0xF4, 0x30, 0xFC, 0x9D, 0xEC, 0xA4, 0xC0, 0x79, 0xB8, 0x8B, 0x57, 0x8A, 0x81, 0xCF, 0x72, 0xDA,
    0xFE, 0x17, 0xC6, 0x8C, 0xC9, 0xE7, 0x50, 0xFB, 0x77, 0x56, 0x86, 0x1C, 0x1E, 0xBA, 0x0F, 0x45,
    0x0B, 0x5B, 0xFD, 0x18, 0xAE, 0xAF, 0x10, 0x71, 0xB0, 0xA2, 0xE6, 0x09, 0x05, 0x60, 0x68, 0xAE,
    0x37, 0x5E, 0xDA, 0xC8, 0x83, 0x3F, 0x33, 0xDA, 0x19, 0xB6, 0x8C, 0xE6, 0xE6, 0xF9, 0x15, 0xBB,
    0x57, 0xE2, 0x21, 0x9F, 0x73, 0xC9, 0x97, 0x7C, 0x46, 0x74, 0xF4, 0x59, 0x5B, 0x34, 0xA5, 0x39,
    0xB5, 0xB9, 0x0A, 0xD7, 0x3B, 0x99, 0xBC, 0x8C, 0x79, 0x2B, 0x37, 0xE4, 0xDD, 0xB9, 0xEC, 0x4B,
    0x9C, 0x47, 0x19, 0x29, 0x9B, 0x9A, 0x84, 0x66, 0x50, 0x29, 0x29, 0xBF, 0xFE, 0x91, 0xE9, 0xBE,
    0x88, 0x4C, 0xE8, 0x41, 0xDD, 0xC2, 0x1F, 0x96, 0x27, 0x2E, 0xFC, 0xA3, 0xA1, 0xCF, 0xD7, 0x3F,
    0xE8, 0xE3, 0x5C, 0x43, 0x61, 0xDD, 0x96, 0x9B, 0x32, 0x1C, 0x10, 0x1F, 0x39, 0xD3, 0x42, 0x16,
    0x19, 0x32, 0xA9, 0x7C, 0x5F, 0x2E, 0x46, 0xAE, 0x0B, 0xD0, 0xE2, 0xFC, 0x32, 0xA6, 0x73, 0xF9,
    0xA8, 0x2F, 0x9E, 0xC8, 0x3B, 0x9D, 0xFB, 0x7C, 0xCE, 0x6F, 0xCB, 0xEB, 0x83, 0xBD, 0x39, 0xFB,
    0xB6, 0x74, 0x0F, 0xB1, 0x52, 0x6E, 0x60, 0xE5, 0x92, 0x23, 0x54, 0xFA, 0x72, 0x04, 0xA2, 0xB8,
    0x05, 0x91, 0xE0, 0xA9, 0x3C, 0x37, 0x35, 0x96, 0x02, 0xC5, 0x33, 0xA5, 0x74, 0xC8, 0xA9, 0xD1,
    0xC9, 0xE0, 0xA4, 0xBF, 0x80, 0x08, 0x81, 0xB8, 0x08, 0x53, 0x08, 0x01, 0xA1, 0x68, 0xAA, 0x26,
    0x92, 0x3A, 0x96, 0x0A, 0x4A, 0x42, 0x3A, 0x48, 0x0B, 0x55, 0xB2, 0x39, 0x38, 0xE4, 0xE4, 0x52,
    0x31, 0xB7, 0x27, 0xB3, 0x6E, 0xBC, 0x60, 0x67, 0xC6, 0xA0, 0x89, 0xFE, 0xA6, 0xFA, 0xA9, 0xEA,
    0xAA, 0x98, 0xC9, 0x79, 0x5E, 0x46, 0x5D, 0x33, 0xD9, 0x5E, 0x0A, 0x5E, 0x2C, 0xEF, 0xB9, 0x99,
    0x86, 0x1B, 0x57, 0xAD, 0x53, 0x79, 0xBA, 0xB9, 0x02, 0x20, 0x40, 0xD0, 0xD3, 0x65, 0x55, 0xF0,
    0x19, 0x9E, 0xDD, 0x0F, 0xC8, 0x90, 0xEB, 0x13, 0xE8, 0x03, 0x51, 0x5C, 0x6F, 0xF6, 0xF5, 0x2C,
    0x9A, 0x2E, 0xF2, 0x03, 0xB3, 0xA9, 0xC2, 0x8A, 0x9E, 0x82, 0x75, 0xB8, 0x13, 0x72, 0xA6, 0xE1,
    0x85, 0x62, 0x4C, 0x27, 0xA0, 0x5E, 0xEF, 0x01, 0xA0, 0x15, 0x76, 0x18, 0x23, 0x82, 0x52, 0xC4,
    0xF4, 0x30, 0x7B, 0x4F, 0x14, 0x61, 0x0B, 0x0A, 0xEA, 0xD4, 0x91, 0x13, 0x5F, 0xA2, 0xAD, 0x78,
    0xF1, 0x58, 0x13, 0x33, 0x53, 0x33, 0x61, 0x60, 0x8E, 0x70, 0xB1, 0xEF, 0x5C, 0x8B, 0x3C, 0xF3,
    0x4D, 0x0E, 0x53, 0x37, 0x80, 0x23, 0x59, 0x28, 0xEA, 0xCC, 0xCB, 0x74, 0x61, 0xF3, 0xBE, 0x5C,
    0x5D, 0x3D, 0xAA, 0x3E, 0x4E, 0x55, 0x79, 0x35, 0xC3, 0xA4, 0x88, 0xD8, 0x53, 0xC5, 0x86, 0x70,
    0x6C, 0xDC, 0x03, 0x2A, 0x4C, 0xF9, 0x06, 0x9E, 0xFE, 0x8F, 0x2B, 0x01, 0x07, 0x73, 0xC2, 0x1C,
    0x56, 0xC2, 0x89, 0xB5, 0x1F, 0xCD, 0x2B, 0xD4, 0xD6, 0x6C, 0xB5, 0x7D, 0x81, 0xCA, 0x0C, 0xF0,
    0x95, 0x43, 0xC1, 0xA0, 0x39, 0x46, 0x23, 0x3B, 0xF7, 0xEE, 0xF1, 0xB0, 0x48, 0xF1, 0x51, 0x91,
    0x17, 0x4E, 0x91, 0x11, 0x12, 0x54, 0x6A, 0x26, 0xF9, 0xCD, 0x7B, 0x40, 0x28, 0xE0, 0xC5, 0x5A,
    0x02, 0xDE, 0xC1, 0xF6, 0xDF, 0xA0, 0xD8, 0xCC, 0x1E, 0xCE, 0xBE, 0x06, 0x03, 0x7D, 0x0D, 0xD0,
    0x78, 0x2C, 0x55, 0x3E, 0xC1, 0x9B, 0x4B, 0x86, 0xA5, 0xDC, 0xBA, 0x82, 0x38, 0xC1, 0x4C, 0x84,
    0xF2, 0x41, 0xBD, 0x42, 0xFF, 0xC4, 0x9B, 0x8D, 0xD7, 0x58, 0x6F, 0x57, 0x0F, 0x53, 0xCA, 0x44,
    0xD3, 0x40, 0x3D, 0xCA, 0x40, 0xD7, 0xE7, 0xDD, 0xEA, 0xF7, 0xF0, 0x9C, 0xC9, 0xA0, 0x66, 0x6E,
    0xD6, 0xE8, 0xA0, 0xCF, 0xC2, 0x73, 0x1A, 0x01, 0xAE, 0xC3, 0x0A, 0xC5, 0x4F, 0x38, 0x42, 0x51,
    0x57, 0x7E, 0x2D, 0xC8, 0x58, 0xE4, 0xAC, 0xA0, 0xBC, 0xE5, 0x8B, 0xEA, 0x3A, 0x10, 0xB2, 0xDB,
    0x5C, 0xCB, 0x4A, 0x6B, 0x27, 0x6C, 0x2D, 0x37, 0x19, 0xA0, 0x1E, 0xF1, 0x7B, 0x07, 0xAB, 0x26,
    0x37, 0xC4, 0x72, 0x80, 0x9A, 0x31, 0x68, 0xD4, 0x94, 0xDC, 0x70, 0x8F, 0x61, 0x9B, 0xE2, 0x52,
    0x60, 0x67, 0x2B, 0xEA, 0xBA, 0x31, 0x9F, 0x12, 0x81, 0x63, 0xCA, 0xCF, 0x60, 0xF6, 0x01, 0x15,
    0x63, 0x2E, 0xBB, 0x58, 0x98, 0x3E, 0x6F, 0xE3, 0xE5, 0x86, 0x87, 0x28, 0x4E, 0x5B, 0x4A, 0x59,
    0x42, 0x40, 0x94, 0x61, 0x55, 0x8B, 0xA2, 0xE7, 0x4B, 0x90, 0x5C, 0x43, 0x2C, 0x22, 0x02, 0xFB,
    0xC1, 0xCE, 0x30, 0xB5, 0x33, 0xDB, 0x9F, 0x08, 0xA1, 0xD6, 0xF8, 0xDE, 0x4E, 0x58, 0xF3, 0x26,
    0x54, 0x84, 0x64, 0x31, 0x04, 0x46, 0x1C, 0x37, 0x69, 0xB7, 0x5B, 0x65, 0xD2, 0x0E, 0xCB, 0x2C,
    0x1E, 0x35, 0xD8, 0xDB, 0x55, 0x78, 0x04, 0x91, 0xAA, 0xB0, 0xE2, 0x45, 0xEC, 0xF2, 0x91, 0x06,
    0x68, 0x0C, 0x4D, 0xF6, 0x44, 0x21, 0xDF, 0x23, 0x29, 0x04, 0x2E, 0x61, 0x04, 0x8B, 0xEC, 0x43,
    0xA5, 0x25, 0xC4, 0x6A, 0xC6, 0x92, 0xC1, 0xBC, 0x8A, 0x69, 0xDB, 0x9F, 0x73, 0x83, 0x53, 0x9B,
    0xCD, 0xE6, 0x32, 0x2C, 0xF5, 0x68, 0x0B, 0x86, 0xDB, 0x53, 0xE1, 0xC1, 0xCD, 0xD5, 0x2D, 0x3A,
    0xDE, 0x62, 0xB9, 0xFF, 0x03, 0xEE, 0x7E, 0x0C, 0x2B, 0x21, 0xA1, 0xB0, 0x1B, 0xE0, 0x3F, 0x94,
    0xE6, 0xD6, 0x9C, 0xD4, 0x6D, 0x45, 0x93, 0xF7, 0x04, 0x76, 0xC0, 0xF9, 0x3C, 0x92, 0x69, 0xE6,
    0x59, 0xB8, 0xE1, 0xB3, 0x0F, 0xB6, 0xDB, 0x9E, 0x84, 0x3C, 0x30, 0x6D, 0x47, 0xEF, 0x1C, 0x20,
    0x40, 0xE7, 0xA2, 0x47, 0x48, 0xFE, 0x48, 0x4D, 0xC6, 0xB0, 0x88, 0x35, 0xA5, 0xF0, 0x07, 0x65,
    0x2E, 0x57, 0x1B, 0x06, 0xE0, 0xD8, 0xFE, 0x14, 0x6B, 0x66, 0xAB, 0x20, 0x99, 0xC6, 0x54, 0xAF,
    0x26, 0xD6, 0x00, 0xB9, 0xAF, 0x95, 0x9A, 0xC9, 0xB9, 0xBF, 0x07, 0xD7, 0xD4, 0x58, 0x9E, 0xB1,
    0x88, 0x1B, 0xF8, 0xBC, 0x1B, 0x7F, 0x85, 0x67, 0xD9, 0x41, 0xE3, 0xA5, 0x3B, 0xFD, 0x46, 0xD1,
    0x7E, 0x94, 0xDC, 0xB9, 0x38, 0xE4, 0xCD, 0xE9, 0x0F, 0x4A, 0x33, 0x25, 0x77, 0xCE, 0xF6, 0xB6,
    0xF9, 0xE5, 0xDF, 0x5D, 0x3A, 0xA6, 0x37, 0x0E, 0x44, 0x6E, 0x0F, 0xA7, 0xAD, 0xB8, 0x25, 0xEE,
    0xFD, 0x5B, 0x88, 0x72, 0x92, 0x89, 0xE0, 0xB9, 0x68, 0xA9, 0x7E, 0x6F, 0x82, 0xDE, 0x01, 0x7D,
    0x08, 0x69, 0x93, 0x82, 0xB3, 0x02, 0x1B, 0xEF, 0x1B, 0x52, 0x17, 0x78, 0x7E, 0x31, 0x2B, 0x63,
    0x89, 0x99, 0x41, 0x0C, 0x3C, 0x88, 0xEE, 0xBF, 0x80, 0xC8, 0xA9, 0x30, 0xFF, 0xCB, 0x01, 0x38,
    0x08, 0xE7, 0xB2, 0xD6, 0xCD, 0x5A, 0x67, 0x9F, 0xBE, 0x4F, 0x48, 0x5D, 0xA3, 0x32, 0x40, 0x11,
    0x6C, 0xB5, 0xD0, 0x02, 0x80, 0xE1, 0x44, 0x98, 0x22, 0xF9, 0xC4, 0x1C, 0x41, 0xBC, 0x39, 0x26,
    0x80, 0x5D, 0xB3, 0x50, 0x86, 0x44, 0x36, 0x1E, 0xA0, 0x53, 0x83, 0x07, 0x3A, 0x02, 0x91, 0x1D,
    0x8C, 0x1D, 0x80, 0xC9, 0xC5, 0xC4, 0x27, 0xE4, 0x07, 0x01, 0xED, 0xA5, 0xE2, 0x3B, 0x3D, 0x9F,
    0x2C, 0x5A, 0xE5, 0xDF, 0xC2, 0xA6, 0xBE, 0x23, 0x05, 0x18, 0xB1, 0xAB, 0x05, 0x1B, 0xDC, 0xC8,
    0x42, 0x29, 0x96, 0x48, 0x45, 0xC1, 0x3B, 0xAA, 0xA7, 0x5B, 0xA8, 0x1F, 0xCE, 0xC4, 0xC1, 0x63,
    0x4C, 0xE7, 0xA1, 0x86, 0x64, 0x0B, 0xC4, 0x4B, 0xF6, 0x29, 0x92, 0xE6, 0x40, 0xC0, 0x23, 0xDF,
    0xAD, 0xC9, 0xFF, 0x6F, 0x17, 0x3E, 0x80, 0x2A, 0x3F, 0xA5, 0xD1, 0x20, 0x23, 0x70, 0x44, 0x33,
    0x15, 0xB5, 0x84, 0x86, 0x62, 0x78, 0x60, 0xFB, 0x80, 0x27, 0x54, 0x9B, 0x77, 0xF3, 0xE5, 0x1A,
    0x6C, 0x2B, 0x35, 0x39, 0xF0, 0x08, 0x75, 0x62, 0xD2, 0x81, 0x16, 0x46, 0xCB, 0x98, 0x4F, 0x84,
    0x5C, 0x7C, 0x5C, 0x08, 0x33, 0xD2, 0x22, 0xC7, 0x51, 0xAE, 0x49, 0x29, 0x1A, 0xD8, 0xB3, 0x1C,
    0x91, 0x32, 0xA9, 0xBC, 0x46, 0x3C, 0xEF, 0xCA, 0x01, 0xF0, 0x9D, 0xC8, 0xD7, 0x88, 0x50, 0x1A,
    0x17, 0xDB, 0xD1, 0x4D, 0x5E, 0x9E, 0x6A, 0xDD, 0x96, 0x90, 0xF3, 0x21, 0x32, 0x87, 0x44, 0x0F,
    0xA6, 0x17, 0x03, 0x3F, 0xB3, 0x83, 0x09, 0xA5, 0x3C, 0x30, 0xD2, 0x48, 0x42, 0x4A, 0x49, 0xA5,
    0x58, 0xB1, 0x7D, 0xA2, 0xF8, 0x5A, 0x6F, 0xD5, 0x57, 0x6B, 0x1C, 0xEF, 0xA6, 0xBE, 0x54, 0xFB,
    0xD7, 0x7A, 0x1C, 0x13, 0x24, 0x54, 0xB3, 0xC9, 0xEC, 0x4E, 0xD3, 0xD7, 0xA9, 0xDF, 0x5A, 0x24,
    0xE8, 0x28, 0xCA, 0xD9, 0x11, 0x5E, 0x5B, 0xBD, 0xE8, 0x59, 0x7A, 0x29, 0xC6, 0xAD, 0x64, 0x5A,
    0x53, 0x8F, 0x2F, 0x2A, 0xB2, 0x6F, 0x77, 0x09, 0x17, 0x84, 0x24, 0xAA, 0xC3, 0xAC, 0x47, 0x14,
    0x05, 0x38, 0x56, 0x01, 0x89, 0x5F, 0x0A, 0xE9, 0x15, 0xF2, 0xAB, 0x08, 0x51, 0x5C, 0xE7, 0x28,
    0x59, 0x30, 0x95, 0x7C, 0xC6, 0x40, 0x01, 0xAF, 0x89, 0x36, 0xC8, 0x54, 0x00, 0xE3, 0x54, 0x32,
    0xDF, 0xDF, 0x26, 0x11, 0x1B, 0x90, 0xE9, 0x05, 0x0B, 0x80, 0x67, 0xDB, 0xC1, 0x7D, 0xA1, 0xE7,
    0xE5, 0x8E, 0xC5, 0x7F, 0xD6, 0xE3, 0x51, 0xD3, 0xBC, 0x32, 0xBF, 0x60, 0x1C, 0x9E, 0x3E, 0xF2,
    0x6A, 0x07, 0x6A, 0x58, 0xF6, 0x54, 0xB1, 0xEC, 0xA9, 0x63, 0x19, 0x36, 0xE8, 0x52, 0xD9, 0x6A,
    0x88, 0x36, 0x46, 0xAF, 0xC1, 0x8B, 0x39, 0xE9, 0x25, 0xFD, 0x8E, 0xEA, 0x61, 0x59, 0xCA, 0xA9,
    0x62, 0xB8, 0xA2, 0x76, 0x69, 0x10, 0xF0, 0xC0, 0x7C, 0x7B, 0x20, 0x7C, 0xCB, 0xFA, 0xC8, 0xA8,
    0x9D, 0xCC, 0x1F, 0x51, 0x6E, 0x79, 0x08, 0xEB, 0x2C, 0xFF, 0xB3, 0xD4, 0x72, 0x0D, 0xFF, 0xD3,
    0x7A, 0x04, 0x6C, 0x1A, 0x90, 0x56, 0xE3, 0x7F, 0x1A, 0x0E, 0xBE, 0x7B, 0x59, 0x9E, 0x32, 0x44,
    0x76, 0x5B, 0x6D, 0xB9, 0xCA, 0x7F, 0x37, 0xBD, 0xFB, 0xBE, 0xE9, 0xD5, 0xA6, 0xBC, 0x6C, 0x7D,
    0x9A, 0x82, 0x80, 0x83, 0x40, 0x01, 0xEC, 0x7D, 0x87, 0xED, 0x94, 0x7C, 0xD9, 0xC0, 0x1E, 0xB0,
    0x22, 0xF2, 0x63, 0x78, 0x1D, 0xE1, 0xE5, 0x51, 0x57, 0x3A, 0xE5, 0xEC, 0x35, 0xAE, 0x04, 0x6C,
    0x90, 0xFA, 0x01, 0x1B, 0x5D, 0x52, 0x84, 0xDC, 0x13, 0x8D, 0x8C, 0x49, 0xAF, 0xCA, 0x8D, 0x78,
    0x4C, 0x68, 0x42, 0x32, 0x6D, 0x1C, 0xC0, 0xF1, 0x47, 0x5E, 0x55, 0xCF, 0x89, 0x9A, 0xDB, 0x41,
    0x8D, 0xBD, 0x9A, 0x9F, 0x72, 0x91, 0xD3, 0x29, 0xAD, 0x43, 0x9C, 0x42, 0x60, 0x7A, 0x9F, 0xC2,
    0x53, 0xA9, 0x7C, 0x5A, 0xE3, 0x8F, 0xFB, 0x3E, 0x7F, 0x53, 0x8B, 0xB3, 0xFF, 0xA1, 0x9B, 0x0C,
    0xFA, 0x80, 0xED, 0x22, 0x0F, 0x09, 0x61, 0x1A, 0xE4, 0x5A, 0x1D, 0x1C, 0xE3, 0x89, 0x7D, 0x0F,
    0xF4, 0x62, 0xEB, 0x01, 0xC7, 0x93, 0xCE, 0x30, 0xFA, 0x2B, 0x62, 0xA5, 0x3B, 0xEC, 0x48, 0xD4,
    0xEC, 0x77, 0x84, 0x3D, 0xF8, 0x1D, 0x58, 0xE6, 0xB0, 0xA6, 0x6C, 0xDC, 0x65, 0xDC, 0xB9, 0xDC,
    0x97, 0x37, 0xE0, 0xD4, 0x4F, 0xA7, 0xE2, 0x4B, 0xAC, 0xE9, 0x7D, 0xDE, 0x73, 0x8D, 0xBD, 0x31,
    0x32, 0x80, 0xD2, 0x47, 0x53, 0x81, 0x35, 0x6F, 0x2D, 0x4B, 0xCA, 0x38, 0x70, 0x12, 0x33, 0x40,
    0x60, 0x3E, 0xAE, 0x49, 0x08, 0xB0, 0x80, 0x5B, 0xE9, 0xB8, 0x86, 0x0D, 0x11, 0xD7, 0xE4, 0xA3,
    0x92, 0x2B, 0xA7, 0xDD, 0x8C, 0x25, 0xA2, 0xD4, 0x64, 0x88, 0x0E, 0x32, 0x4C, 0x54, 0x8D, 0xA8,
    0x3A, 0x91, 0x2F, 0xF2, 0xF1, 0x11, 0xB3, 0x33, 0x9F, 0xD0, 0xD1, 0xC2, 0x33, 0xB6, 0xB3, 0xA8,
    0x59, 0x97, 0x26, 0x3C, 0xF6, 0x2D, 0x28, 0x06, 0xF8, 0xBB, 0xFD, 0x82, 0x8F, 0xD3, 0x09, 0x8F,
    0x71, 0xCE, 0x5E, 0xCF, 0x63, 0x0E, 0xF9, 0x38, 0x15, 0x8D, 0x54, 0xE1, 0x63, 0x76, 0x7C, 0xE4,
    0xCA, 0xD2, 0x6B, 0x3F, 0xC3, 0xC7, 0x5A, 0xE1, 0x4C, 0x20, 0x1F, 0x8A, 0x26, 0x8E, 0xD6, 0xD2,
    0xDE, 0x2C, 0x15, 0xBC, 0xDC, 0x40, 0xA2, 0x62, 0x26, 0xB6, 0xA2, 0xA3, 0xAB, 0xE0, 0x5C, 0xC6,
    0x98, 0x3B, 0x5A, 0xD4, 0xE7, 0x08, 0x32, 0x77, 0x38, 0x93, 0x5F, 0xF1, 0xA3, 0xDC, 0x9D, 0xE9,
    0x6B, 0xC4, 0x40, 0x22, 0xE7, 0xB8, 0x7F, 0x5F, 0x22, 0xC6, 0x90, 0xEA, 0xCB, 0xDA, 0x67, 0x2B,
    0x00, 0x74, 0x2B, 0x20, 0xF0, 0x20, 0x2D, 0xC4, 0x9A, 0xB9, 0x74, 0x05, 0x20, 0x7F, 0x57, 0x3B,
    0x5C, 0x0F, 0x03, 0x14, 0x54, 0x30, 0x63, 0x85, 0x48, 0x40, 0xB2, 0x10, 0xB6, 0x0D, 0xB1, 0xAB,
    0xB5, 0xB2, 0x72, 0x2B, 0xAC, 0xDD, 0xFC, 0x65, 0x8B, 0x77, 0xED, 0x0E, 0xEF, 0x9E, 0x47, 0xC2,
    0x80, 0x42, 0xE6, 0xE5, 0xBF, 0x2A, 0xC3, 0xC7, 0x3D, 0x65, 0xB8, 0x7A, 0x74, 0x83, 0xFA, 0x99,
    0x01, 0x75, 0x67, 0x56, 0x71, 0xE8, 0x90, 0x2F, 0x44, 0x23, 0x3B, 0x71, 0x23, 0xF4, 0x2B, 0x1C,
    0x1E, 0xDC, 0x54, 0x55, 0x91, 0xA6, 0xBF, 0x85, 0x6A, 0x6D, 0xDA, 0x7A, 0x98, 0xC1, 0x1D, 0xC8,
    0x39, 0xC8, 0x7A, 0x17, 0x65, 0x10, 0x81, 0xD2, 0x39, 0x86, 0x0B, 0xB2, 0x26, 0x91, 0x41, 0x5B,
    0x83, 0x3A, 0x00, 0xAD, 0x09, 0xD7, 0xBD, 0xE5, 0x8C, 0x22, 0x5C, 0xA2, 0xFC, 0x31, 0xDD, 0x72,
    0x08, 0x47, 0x49, 0x2C, 0x41, 0x78, 0xA7, 0xFE, 0xAC, 0xEA, 0xD7, 0xBB, 0xD2, 0x09, 0xF6, 0x87,
    0xAC, 0x4F, 0x08, 0x99, 0x91, 0x3C, 0xF0, 0xA4, 0x55, 0x6B, 0x89, 0xA8, 0xB4, 0xFD, 0x02, 0x35,
    0x5C, 0xA8, 0x24, 0xCB, 0x76, 0x0B, 0x09, 0x4B, 0x66, 0x18, 0x63, 0xA2, 0xD3, 0xDF, 0xDA, 0x21,
    0xD5, 0x5E, 0x5B, 0x56, 0xB0, 0xA2, 0xFB, 0xAC, 0x19, 0xB3, 0x1E, 0x49, 0x97, 0xCC, 0x28, 0x9A,
    0xE5, 0x7D, 0x3C, 0x7A, 0x45, 0xCB, 0x62, 0x12, 0x52, 0x77, 0xA9, 0x42, 0x7D, 0xCD, 0xD6, 0xA9,
    0x07, 0x49, 0x3B, 0xD3, 0x19, 0xB1, 0xF0, 0x02, 0xD6, 0x9C, 0x65, 0xCF, 0xEB, 0x46, 0xB8, 0x87,
    0xC0, 0x5B, 0xE9, 0x98, 0x46, 0xA3, 0xE6, 0xA4, 0x92, 0x3C, 0xFC, 0x28, 0x70, 0x5E, 0x54, 0x24,
    0xD5, 0x09, 0x4D, 0x28, 0x25, 0xCF, 0xF4, 0x5D, 0x8A, 0x5B, 0xDA, 0x75, 0xFC, 0xC7, 0x27, 0xDA,
    0x8A, 0xFC, 0xF0, 0x93, 0xE4, 0xF8, 0x49, 0xC0, 0x11, 0xD8, 0x29, 0x5D, 0xB4, 0x06, 0xB3, 0x1C,
    0x33, 0xD5, 0xF8, 0x18, 0x26, 0x2C, 0xC6, 0x8C, 0x94, 0xB4, 0x56, 0xC8, 0xCF, 0x99, 0x63, 0x91,
    0x42, 0x0E, 0xEC, 0xC4, 0x17, 0xAA, 0xEF, 0xBF, 0x80, 0x8F, 0xC5, 0xA8, 0x81, 0xC6, 0xF6, 0x80,
    0xC5, 0x89, 0xD8, 0xA8, 0xB4, 0x80, 0x9E, 0x6A, 0xE8, 0xC6, 0x5A, 0x91, 0x28, 0x91, 0xD7, 0x69,
    0x99, 0x03, 0xAD, 0xF5, 0xEC, 0x44, 0x3B, 0x85, 0x31, 0x26, 0x17, 0xF3, 0x19, 0x20, 0xA6, 0x9D,
    0x57, 0x81, 0xF4, 0x41, 0x53, 0xCA, 0x83, 0xC0, 0x6E, 0x38, 0xBC, 0x60, 0x78, 0x8D, 0x8E, 0x95,
    0x83, 0x3A, 0xF9, 0xBB, 0xDA, 0xC2, 0x4D, 0x2B, 0x49, 0x8B, 0x94, 0xF6, 0x96, 0xD4, 0x2E, 0x0F,
    0x9D, 0x54, 0xAB, 0x3D, 0x37, 0xDE, 0xCF, 0x66, 0x87, 0xA2, 0x04, 0x28, 0x70, 0x08, 0xFA, 0xCA,
    0x8E, 0xAE, 0x2D, 0x50, 0x39, 0x7B, 0xD7, 0x62, 0x35, 0xDA, 0x2C, 0xFE, 0x82, 0xC2, 0xAD, 0x67,
    0x8A, 0x94, 0xAD, 0xB8, 0xD7, 0xF0, 0xF4, 0x93, 0xC5, 0x21, 0xE8, 0xCA, 0x83, 0xC9, 0x9D, 0x03,
    0x8F, 0xBB, 0x31, 0xB9, 0xF3, 0x10, 0xEF, 0xD6, 0xE0, 0x20, 0x7A, 0x79, 0xB7, 0x77, 0x8E, 0xF3,
    0xB3, 0xCE, 0x91, 0x6F, 0xE1, 0x55, 0x45, 0xC4, 0xDA, 0xD1, 0x9C, 0x42, 0x88, 0x0C, 0xBF, 0x20,
    0xCD, 0xAC, 0x4C, 0xBD, 0x9C, 0xB4, 0xF1, 0x84, 0x59, 0xDC, 0x9A, 0x5E, 0x8C, 0x15, 0xAF, 0x65,
    0x82, 0xE6, 0x22, 0xB4, 0x8F, 0x19, 0x53, 0x4D, 0xAE, 0x6B, 0xB3, 0xB4, 0x68, 0xDF, 0x55, 0xAA,
    0x46, 0xB1, 0xDA, 0x2E, 0x74, 0xBE, 0x46, 0xB9, 0x38, 0xFF, 0xA8, 0x76, 0xA3, 0x26, 0x13, 0x9E,
    0x97, 0x4A, 0x54, 0x73, 0x8E, 0x82, 0xF0, 0xE0, 0x4B, 0x6E, 0xE6, 0x99, 0xFC, 0xB0, 0x10, 0x4F,
    0xCA, 0x38, 0x39, 0x82, 0x8D, 0xD8, 0xE1, 0x52, 0x18, 0x7A, 0x52, 0x2D, 0xF9, 0x19, 0xFD, 0x38,
    0xE2, 0xA6, 0x65, 0xAF, 0x0B, 0x80, 0x20, 0x89, 0x25, 0x84, 0x96, 0x9C, 0xDA, 0x90, 0x99, 0xDB,
    0x87, 0xEC, 0xB7, 0xC5, 0x6B, 0x31, 0x52, 0xCA, 0x1E, 0xCC, 0xAB, 0x35, 0x33, 0xC4, 0x5A, 0xBD,
    0x2D, 0xA4, 0x0A, 0x1A, 0x21, 0xE2, 0xB4, 0x67, 0x0A, 0x24, 0x4A, 0xE3, 0x6E, 0xE5, 0xFF, 0xB9,
    0xD2, 0x24, 0x32, 0xB5, 0x2E, 0x96, 0x2D, 0xED, 0x9D, 0x14, 0x57, 0xDA, 0xAD, 0x7E, 0xFF, 0xD7,
    0x47, 0x6E, 0x3D, 0xC4, 0xB2, 0x6D, 0xC1, 0x03, 0x4F, 0x64, 0x4F, 0xC7, 0x03, 0xE7, 0x80, 0xDF,
    0x57, 0x39, 0x13, 0xE2, 0x3C, 0xD0, 0x57, 0xDA, 0x99, 0x8B, 0x0E, 0xB6, 0x38, 0x5B, 0xB5, 0xAD,
    0xCE, 0x8D, 0xF8, 0x78, 0xD2, 0xAE, 0x67, 0x7D, 0x8C, 0xE6, 0x34, 0x5A, 0x1F, 0xD3, 0xA1, 0x0F,
    0x40, 0x3C, 0xA9, 0x45, 0x9D, 0xB1, 0x51, 0xED, 0x74, 0x52, 0xC4, 0xA1, 0x0F, 0x74, 0xE4, 0x10,
    0xA0, 0xEC, 0xD4, 0x12, 0x3F, 0x70, 0xA7, 0x0E, 0x83, 0x82, 0x36, 0xDC, 0xE9, 0x9F, 0xBD, 0x93,
    0x6B, 0xDF, 0x8B, 0x94, 0x40, 0x13, 0x76, 0x6D, 0xD4, 0xF3, 0x78, 0x3A, 0x45, 0xE2, 0x42, 0xCE,
    0x10, 0xE7, 0x30, 0xDD, 0x82, 0x84, 0x3A, 0x4C, 0x1C, 0x75, 0xEA, 0xB6, 0x5B, 0xD4, 0xA9, 0x4E,
    0xFC, 0xC8, 0x45, 0xAE, 0x89, 0xDE, 0xE7, 0xB0, 0x72, 0xB7, 0x69, 0xB8, 0x4D, 0x30, 0x60, 0xBB,
    0xE3, 0x95, 0x9C, 0x43, 0x78, 0x5F, 0xA3, 0x2D, 0x6E, 0xB3, 0xC9, 0xF6, 0xF9, 0x90, 0x0F, 0xB6,
    0xCF, 0xA6, 0xB2, 0x4D, 0x66, 0x34, 0x8F, 0x3A, 0x11, 0xD6, 0x9F, 0x9F, 0x99, 0x25, 0x99, 0x93,
    0x29, 0x19, 0x81, 0x83, 0xFB, 0x1A, 0x08, 0x39, 0xFB, 0x0F, 0x41, 0x4F, 0xF2, 0xA1, 0x82, 0x0D,
    0xA4, 0x8F, 0xF6, 0x86, 0x08, 0x8C, 0x8D, 0x2C, 0x30, 0x5B, 0x2A, 0x26, 0xB8, 0x43, 0x4D, 0x75,
    0x83, 0x5F, 0xC2, 0x38, 0x82, 0x90, 0xD0, 0x14, 0x73, 0x18, 0x44, 0x05, 0x88, 0xD2, 0x52, 0xA3,
    0xF1, 0xA2, 0xDD, 0xD6, 0x6C, 0xEF, 0x1B, 0xFB, 0x5D, 0x28, 0x02, 0x80, 0xE2, 0x23, 0x9C, 0x30,
    0xC7, 0x04, 0xA3, 0x04, 0xFC, 0x1F, 0x71, 0x94, 0x73, 0xA6, 0x0D, 0x5B, 0x82, 0x4A, 0x01, 0xE7,
    0x81, 0x81, 0x76, 0xB4, 0x33, 0xDB, 0x04, 0xF1, 0xDA, 0xEC, 0x74, 0xC5, 0xB7, 0xE4, 0xE4, 0x9F,
    0x70, 0xB3, 0x13, 0xDA, 0x18, 0x90, 0xB7, 0xA3, 0x19, 0x3A, 0x5C, 0xD0, 0x7C, 0x0F, 0x3B, 0x7A,
    0xD8, 0x84, 0x70, 0xDC, 0xFE, 0x07, 0x97, 0xAB, 0x40, 0xE5, 0x7A, 0x1B, 0xD8, 0x6B, 0xE8, 0x40,
    0x9F, 0xA5, 0x8A, 0x3A, 0xEA, 0xA2, 0xF3, 0xC2, 0xE4, 0x12, 0x7C, 0x1A, 0x3D, 0x35, 0xE9, 0xAE,
    0xD7, 0x56, 0xA3, 0xB5, 0x81, 0xA0, 0x44, 0x84, 0x11, 0xC3, 0xC9, 0x91, 0x21, 0xA4, 0x44, 0xBC,
    0x20, 0x34, 0x38, 0x62, 0x40, 0xBF, 0x94, 0x2F, 0xA1, 0x65, 0x28, 0xC3, 0x08, 0xE8, 0x88, 0xE0,
    0x7A, 0x76, 0x66, 0xA6, 0xB0, 0x8C, 0x69, 0xB7, 0x08, 0x28, 0xF2, 0x93, 0x45, 0x31, 0x3C, 0x0F,
    0x45, 0x3F, 0xC7, 0xCE, 0x4F, 0xD9, 0xBC, 0xD1, 0xFE, 0xAE, 0x0F, 0xA2, 0x20, 0xD9, 0x7E, 0x82,
    0x6D, 0xFC, 0x90, 0x85, 0xCA, 0x11, 0xFC, 0x61, 0xCC, 0x85, 0x7D, 0x26, 0x81, 0x65, 0x9A, 0xB3,
    0x7C, 0xE9, 0x5A, 0xFE, 0x01, 0x0A, 0xA1, 0x7D, 0x60, 0xF7, 0x2A, 0x68, 0x34, 0x2C, 0xC7, 0xBA,
    0x01, 0x19, 0x33, 0x7D, 0x6C, 0xB4, 0x75, 0xAD, 0x99, 0xBB, 0xB1, 0xD2, 0x78, 0x9D, 0x68, 0x29,
    0xFD, 0x4D, 0x97, 0x94, 0x64, 0xE7, 0x96, 0x0E, 0x9F, 0x46, 0xDA, 0x16, 0x27, 0x1A, 0xED, 0x38,
    0xCB, 0x1E, 0x01, 0x54, 0x82, 0x40, 0xAD, 0x17, 0x56, 0x01, 0xDF, 0xF0, 0xEB, 0x0B, 0xD0, 0x80,
    0x94, 0x14, 0x6C, 0x65, 0x2B, 0xE8, 0x07, 0xBF, 0xC5, 0xB6, 0xA7, 0xCE, 0x6C, 0x67, 0x65, 0x15,
    0x8E, 0x2D, 0x5A, 0x56, 0xBF, 0x30, 0x72, 0x81, 0x04, 0xA1, 0xC1, 0xBE, 0xB0, 0xBF, 0xCE, 0x47,
    0xC3, 0x70, 0xB5, 0x59, 0xCD, 0x4E, 0x37, 0x16, 0x83, 0x43, 0xE2, 0xBA, 0x30, 0xD4, 0x4A, 0xF4,
    0x4B, 0x82, 0x31, 0x9F, 0x49, 0xC0, 0xD1, 0x27, 0x66, 0xB3, 0x36, 0x26, 0x64, 0x88, 0xEC, 0x4D,
    0xD0, 0xE5, 0x17, 0x08, 0xDF, 0x98, 0x84, 0xAE, 0x44, 0x9C, 0x68, 0x88, 0xB8, 0x0E, 0x14, 0x8E,
    0x66, 0xEE, 0xA8, 0x6E, 0xC1, 0x5E, 0x5A, 0xA7, 0xD2, 0xEB, 0x74, 0xC6, 0x0A, 0x1A, 0x58, 0xD8,
    0xBD, 0x39, 0xC5, 0x14, 0xA9, 0xC3, 0x50, 0x34, 0xD9, 0x0D, 0x45, 0x97, 0x75, 0x28, 0x9A, 0xEB,
    0x4B, 0x1A, 0x02, 0xC9, 0x3A, 0x11, 0x2E, 0xD6, 0xFF, 0xCA, 0x9F, 0x9F, 0x99, 0xF5, 0x70, 0x48,
    0x4C, 0x5D, 0x48, 0x9B, 0x76, 0x51, 0x56, 0xEB, 0x00, 0x39, 0x96, 0x80, 0x91, 0xBB, 0x7E, 0x66,
    0x0E, 0x2A, 0x7F, 0xAF, 0x9F, 0x19, 0xD0, 0xBB, 0x68, 0x79, 0xD1, 0xAC, 0x75, 0x4F, 0xFE, 0x73,
    0x47, 0xB2, 0xB6, 0x9A, 0x95, 0x43, 0xCD, 0x8C, 0xC8, 0x70, 0x33, 0xA6, 0x04, 0x78, 0x58, 0xB2,
    0xF8, 0x21, 0x50, 0x4B, 0x86, 0x72, 0xC0, 0xEC, 0x9C, 0x55, 0xB8, 0x50, 0xFE, 0xB8, 0x60, 0x1B,
    0x0B, 0xC2, 0x1D, 0x2A, 0x7F, 0xD9, 0x91, 0x20, 0x77, 0xCA, 0xA6, 0xB5, 0x40, 0x80, 0xED, 0x00,
    0x05, 0xA6, 0x64, 0xD1, 0x8F, 0xE5, 0xFA, 0xB1, 0x0A, 0x1F, 0xD3, 0xF5, 0xA3, 0xBC, 0x8B, 0xBE,
    0x60, 0x2A, 0x48, 0x9D, 0x94, 0xAB, 0xC7, 0x52, 0xCA, 0xCD, 0x10, 0x25, 0xAB, 0x93, 0xC4, 0x33,
    0x12, 0x64, 0xF5, 0x14, 0xF6, 0xD7, 0x13, 0xB2, 0x49, 0xDD, 0x95, 0x6F, 0x7F, 0x29, 0x97, 0x2F,
    0x46, 0x0B, 0xBC, 0x46, 0x5F, 0x48, 0xC7, 0xD1, 0x6D, 0x7D, 0xB2, 0xFE, 0x42, 0xAA, 0x74, 0xAE,
    0xA3, 0x0B, 0xD5, 0xD5, 0xD8, 0x20, 0xD2, 0x9C, 0x7F, 0x14, 0x8E, 0x6A, 0xCA, 0xF5, 0x94, 0xCE,
    0xF5, 0xEB, 0x01, 0x68, 0x3B, 0x75, 0x6F, 0x00, 0x40, 0x3E, 0xB2, 0x4F, 0x7D, 0x1B, 0xCC, 0x7E,
    0xE0, 0x8E, 0xBA, 0x27, 0x70, 0x64, 0x61, 0xAB, 0x49, 0xD3, 0x3C, 0x9B, 0x73, 0x32, 0x31, 0x81,
    0x51, 0xE1, 0xDD, 0x57, 0x70, 0xF6, 0x53, 0x7A, 0x9E, 0xD9, 0x8B, 0x5A, 0xEA, 0xEF, 0x20, 0xDE,
    0xBF, 0x41, 0xF0, 0x8D, 0xE5, 0xA2, 0xC8, 0x36, 0xAD, 0x23, 0x33, 0xFA, 0xF8, 0x3A, 0xB8, 0x9E,
    0xBF, 0xC5, 0x6F, 0xCC, 0x38, 0x68, 0x26, 0xDF, 0x89, 0x08, 0x05, 0x11, 0xA9, 0x46, 0x4C, 0xFE,
    0x08, 0x0D, 0xB2, 0x89, 0x5F, 0xD0, 0x71, 0xA2, 0x9D, 0x4F, 0xE0, 0x9A, 0x36, 0x4C, 0xFB, 0x73,
    0xC6, 0xB1, 0x12, 0xF0, 0xE2, 0x31, 0x19, 0xE5, 0xC0, 0x16, 0xEE, 0xB8, 0xFF, 0xEF, 0xB6, 0xDF,
    0x16, 0x04, 0xE6, 0x5D, 0x8C, 0x45, 0x8F, 0x7A, 0xA3, 0xDF, 0xB2, 0xCD, 0x3A, 0x4E, 0x50, 0xBC,
    0x61, 0xB9, 0xE6, 0xBE, 0xA3, 0x26, 0x21, 0x05, 0x26, 0xD1, 0x9D, 0x34, 0x43, 0xB9, 0x40, 0x97,
    0x1B, 0xA5, 0x90, 0xA2, 0x43, 0xD5, 0x3F, 0xE9, 0x70, 0x7E, 0x7A, 0x81, 0x45, 0xB2, 0x0F, 0x03,
    0x2E, 0x1D, 0xD3, 0x21, 0x7C, 0xA2, 0xE5, 0x64, 0x6B, 0xBF, 0xE2, 0xE6, 0xB0, 0x2A, 0xF5, 0xAC,
    0xDD, 0xAC, 0x73, 0x85, 0xD0, 0xFB, 0x3F, 0x07, 0x12, 0xB2, 0x9D, 0x0F, 0x60, 0x3B, 0x06, 0x81,
    0x76, 0xFE, 0x40, 0x59, 0x0F, 0x80, 0x8E, 0xF7, 0x19, 0xC8, 0x19, 0x40, 0x49, 0xBF, 0xFC, 0x23,
    0xF7, 0x8D, 0x40, 0x67, 0x90, 0xFA, 0x16, 0xFE, 0xA7, 0x15, 0xF3, 0x30, 0x4D, 0x69, 0x75, 0x98,
    0x7D, 0x6A, 0x9F, 0x41, 0x9F, 0xE9, 0x57, 0x44, 0x85, 0x92, 0x5F, 0x74, 0x9D, 0xFD, 0xB5, 0xE5,
    0x4A, 0x60, 0x95, 0x3C, 0x07, 0x49, 0xB7, 0xFD, 0xBE, 0x4A, 0x49, 0x4B, 0x21, 0xEF, 0x71, 0x7C,
    0x2F, 0x2A, 0x20, 0xBF, 0x2A, 0x68, 0xFD, 0xEA, 0xF6, 0x66, 0x1B, 0x54, 0x3B, 0x20, 0xD8, 0x86,
    0x52, 0x00, 0x02, 0xD7, 0x31, 0x1E, 0x59, 0x50, 0x16, 0x86, 0xA9, 0xB6, 0x02, 0x60, 0x91, 0xAE,
    0x23, 0x50, 0x27, 0xDA, 0xF3, 0xDD, 0xC4, 0x36, 0xB7, 0xC1, 0xDE, 0x7A, 0xD7, 0x94, 0xA8, 0x85,
    0xA0, 0xB4, 0x0A, 0x31, 0x97, 0xE0, 0xBA, 0x7B, 0xB0, 0xEE, 0x13, 0xA9, 0xD8, 0xD8, 0xC2, 0x80,
    0xAD, 0x52, 0xB2, 0x44, 0xE7, 0xB3, 0x63, 0x18, 0x79, 0xC3, 0x68, 0x6D, 0x71, 0x44, 0x6A, 0x0C,
    0xDC, 0x44, 0xDB, 0xB1, 0x94, 0x9D, 0x87, 0x14, 0xFE, 0x22, 0x68, 0xEE, 0xF5, 0xA5, 0x38, 0x3C,
    0x3B, 0x67, 0xE3, 0xC7, 0x1F, 0xC1, 0x39, 0xF7, 0xBE, 0x79, 0x8C, 0x28, 0x38, 0x7C, 0xE7, 0x2E,
    0xC2, 0x64, 0xB6, 0x48, 0x3F, 0xE9, 0x3D, 0xD5, 0x7F, 0x4D, 0x48, 0xCE, 0x72, 0xBA, 0xB2, 0x03,
    0x85, 0x4C, 0xB1, 0xD1, 0xA0, 0xA3, 0xBF, 0x86, 0x85, 0x27, 0xE5, 0xF4, 0x3A, 0x25, 0x5F, 0x3B,
    0xE0, 0x04, 0xF1, 0x28, 0x7C, 0xB5, 0xCA, 0xEE, 0x5E, 0x01, 0x33, 0x7C, 0x95, 0xA2, 0xB3, 0x0A,
    0x8E, 0x52, 0x83, 0x63, 0x15, 0x7B, 0x54, 0xC6, 0x7B, 0xB4, 0x5F, 0xC7, 0xF2, 0x44, 0x0C, 0xF7,
    0xEC, 0x5F, 0xD9, 0xE3, 0xA0, 0xBC, 0x1A, 0x16, 0x1C, 0xC3, 0xEA, 0x55, 0x85, 0x61, 0x3C, 0x70,
    0xF0, 0x0C, 0x59, 0xF7, 0x25, 0x36, 0x05, 0x97, 0xC9, 0x4C, 0xDE, 0x1D, 0xD7, 0x98, 0xE1, 0x17,
    0x9E, 0x0A, 0x4B, 0x81, 0x69, 0xEB, 0x97, 0x3C, 0xC5, 0xF1, 0x30, 0x05, 0x2B, 0x5E, 0x0D, 0x2B,
    0xEA, 0x30, 0xF9, 0x5D, 0x67, 0xFE, 0x6E, 0x9D, 0x83, 0xEA, 0x08, 0xAC, 0x3A, 0xB5, 0x91, 0x69,
    0xA5, 0x6B, 0x94, 0x52, 0x25, 0xE7, 0x9D, 0x42, 0x51, 0x52, 0x59, 0x7D, 0x15, 0x2C, 0x6B, 0xE5,
    0xC1, 0xA6, 0xF2, 0x12, 0x9C, 0xD5, 0xE7, 0xE1, 0xFB, 0x22, 0x54, 0x37, 0xC7, 0x02, 0x0A, 0x34,
    0xF8, 0xE7, 0xB6, 0x66, 0x81, 0x03, 0x29, 0x61, 0xD3, 0x92, 0x16, 0xD3, 0x49, 0x9D, 0xB1, 0x9D,
    0x36, 0x3B, 0xCA, 0x74, 0x8E, 0x1F, 0xAB, 0x9F, 0x48, 0xEB, 0x88, 0xC7, 0x05, 0x5A, 0x12, 0xFD,
    0x16, 0xA2, 0x36, 0x27, 0x07, 0x7E, 0x47, 0xF0, 0xBF, 0xFC, 0x53, 0x36, 0x00, 0xE9, 0xE8, 0x27,
    0x1F, 0x76, 0xCD, 0x9E, 0xD9, 0x55, 0xCD, 0x40, 0x72, 0x93, 0xAF, 0xA5, 0x96, 0xB1, 0xDD, 0xAC,
    0xA2, 0xED, 0x1E, 0x6B, 0x96, 0x23, 0x78, 0x4F, 0x92, 0x21, 0x8C, 0x6C, 0x18, 0x12, 0x0E, 0x10,
    0xF8, 0x73, 0xC5, 0xA0, 0x19, 0xA8, 0xC8, 0x98, 0x26, 0x40, 0xD3, 0xE0, 0x52, 0xE9, 0xDE, 0x34,
    0xAE, 0x42, 0xDA, 0x9A, 0x7F, 0x01, 0xCD, 0x5A, 0x31, 0xB3, 0xDD, 0xC4, 0x15, 0x5E, 0x49, 0xF8,
    0x69, 0x06, 0x4D, 0x46, 0x29, 0x32, 0x29, 0xEC, 0x30, 0xA2, 0x48, 0x41, 0xCC, 0x0C, 0x6A, 0x52,
    0xA4, 0xC0, 0xAC, 0x8C, 0x0B, 0x0A, 0x17, 0x50, 0xD0, 0x93, 0x82, 0x26, 0x90, 0x99, 0x97, 0x22,
    0x5D, 0x30, 0x12, 0x50, 0x50, 0x30, 0x13, 0xDE, 0xE4, 0x0F, 0x40, 0x41, 0x61, 0x5E, 0xE3, 0x36,
    0x85, 0x6D, 0xAD, 0x71, 0x41, 0x41, 0x61, 0x19, 0x97, 0x14, 0x16, 0xC1, 0x33, 0xC9, 0xC4, 0xC5,
    0x93, 0x41, 0x80, 0x9E, 0x9F, 0xA4, 0x93, 0xEF, 0x3B, 0xAB, 0x7B, 0xB9, 0xEF, 0x99, 0x24, 0x45,
    0x5E, 0xC0, 0x77, 0x7C, 0x65, 0xBD, 0xD5, 0x6A, 0xCF, 0xD9, 0xB3, 0xE7, 0x7C, 0xE7, 0x3B, 0xBB,
    0xD7, 0x64, 0x55, 0x20, 0x55, 0x22, 0xC6, 0x8E, 0xA6, 0xEC, 0xCC, 0xEB, 0xC6, 0x7F, 0xC4, 0x44,
    0xA3, 0xC9, 0x3B, 0x23, 0x2E, 0x16, 0x93, 0x0F, 0x46, 0xDA, 0x58, 0xAA, 0x7C, 0x32, 0xD2, 0x45,
    0xE2, 0x32, 0x31, 0xF5, 0x80, 0x4E, 0x67, 0xF0, 0x7D, 0xDA, 0x98, 0x44, 0x2A, 0x53, 0x4B, 0x1F,
    0x89, 0x8C, 0xA9, 0xC8, 0x9C, 0x4F, 0x5F, 0xF6, 0xF6, 0x5E, 0x67, 0xCA, 0xBF, 0xB5, 0xA6, 0xBE,
    0xDE, 0x18, 0xD1, 0xAF, 0x33, 0xF2, 0xB1, 0x33, 0xF5, 0x67, 0x7F, 0x2E, 0x4A, 0x91, 0xCE, 0x8A,
    0xB4, 0xE8, 0x5B, 0x04, 0x82, 0x71, 0x9E, 0x5A, 0x86, 0x7A, 0x82, 0x82, 0xEB, 0x89, 0x03, 0x4A,
    0x63, 0xD0, 0x05, 0x62, 0x67, 0x99, 0x02, 0x71, 0xE9, 0x00, 0x1D, 0x43, 0x83, 0x0B, 0x55, 0xD3,
    0x8B, 0x33, 0x26, 0xC3, 0x40, 0x26, 0xE7, 0xC5, 0x58, 0x7C, 0xFD, 0xA5, 0x6C, 0x96, 0x2E, 0xD1,
    0x8C, 0x9B, 0x74, 0x7E, 0x3F, 0x84, 0x6E, 0x52, 0x17, 0xB8, 0x48, 0x55, 0xF2, 0xF2, 0x9B, 0xE0,
    0xD2, 0xBE, 0x79, 0xC4, 0x98, 0x47, 0x92, 0x37, 0x3E, 0x8C, 0xDF, 0x3C, 0x90, 0x83, 0x16, 0x63,
    0x60, 0x7A, 0x9C, 0x41, 0x24, 0x98, 0xB9, 0x75, 0x65, 0x15, 0xF7, 0x59, 0x1B, 0x4C, 0xB0, 0x41,
    0x8D, 0xC1, 0x6A, 0xCC, 0x58, 0x1A, 0xF6, 0xC0, 0x57, 0xCE, 0xDD, 0xAB, 0xFF, 0xD2, 0x3D, 0x6E,
    0xCC, 0xE3, 0x30, 0x57, 0x24, 0xB7, 0xA4, 0x80, 0x31, 0x60, 0xA1, 0x7C, 0x56, 0x63, 0xB9, 0x94,
    0x46, 0x32, 0x65, 0x6B, 0x27, 0x3C, 0x4D, 0xF0, 0x34, 0xBF, 0x27, 0x2D, 0x54, 0xA7, 0xC5, 0x30,
    0x65, 0x4E, 0x91, 0xCA, 0x47, 0xD2, 0xEB, 0xDF, 0x23, 0x1E, 0x41, 0x29, 0x73, 0xA2, 0xDC, 0x7F,
    0x81, 0xAD, 0x9C, 0x07, 0xA7, 0x04, 0x49, 0x9C, 0x40, 0xDD, 0x72, 0x16, 0x93, 0x59, 0xA6, 0x6C,
    0xEC, 0x8D, 0xAF, 0x46, 0x59, 0x2E, 0xDD, 0xB2, 0x56, 0x47, 0xDA, 0xB6, 0x38, 0xFB, 0x12, 0xC6,
    0xC3, 0xC0, 0xD4, 0x61, 0x6F, 0x1F, 0xB6, 0x08, 0x0A, 0x13, 0x73, 0xBC, 0x58, 0x4D, 0x43, 0x93,
    0xE5, 0x1C, 0x9F, 0xA2, 0xA9, 0x65, 0x1B, 0xC3, 0xCC, 0x1D, 0xBC, 0xA0, 0xC4, 0x14, 0x5D, 0x0E,
    0x4B, 0xF4, 0xB6, 0xA3, 0x62, 0x0D, 0x46, 0xC2, 0x1C, 0x12, 0x6A, 0x1B, 0x88, 0x1A, 0x78, 0x31,
    0xF5, 0x29, 0x57, 0x62, 0x7D, 0x0F, 0xA0, 0x95, 0x65, 0x8F, 0x0C, 0xB2, 0x4C, 0x28, 0x3B, 0xC6,
    0x3C, 0x13, 0x7D, 0x31, 0xD9, 0xDB, 0xBD, 0xBC, 0x54, 0x61, 0xC6, 0xE5, 0xBE, 0xA1, 0x28, 0x74,
    0x88, 0xA6, 0xB3, 0x75, 0x65, 0x2C, 0xEC, 0x51, 0x45, 0x18, 0x22, 0x2B, 0x72, 0xB3, 0x5D, 0xE5,
    0xA6, 0x4F, 0xA5, 0x7D, 0x26, 0x76, 0x90, 0xF4, 0xDA, 0x99, 0x78, 0xC8, 0x8B, 0xBE, 0xCF, 0x9D,
    0x89, 0x6E, 0x39, 0x28, 0x97, 0xBC, 0x1B, 0xD1, 0x3B, 0xCE, 0xA4, 0xE8, 0x8E, 0xE6, 0xE6, 0xE5,
    0xE8, 0x26, 0x1C, 0x67, 0xC8, 0xA2, 0xA6, 0x14, 0x37, 0x24, 0x50, 0x33, 0x71, 0x29, 0x8C, 0x72,
    0xC1, 0xA4, 0x8D, 0x49, 0x5A, 0x93, 0x7E, 0xBD, 0x35, 0x2F, 0xCE, 0x03, 0x5D, 0xEF, 0xA8, 0x6D,
    0x30, 0xE9, 0x5A, 0xCC, 0x6F, 0xC7, 0xE0, 0xD5, 0xAE, 0x94, 0xEB, 0xFD, 0xEB, 0xD9, 0xAD, 0xC1,
    0x4A, 0x53, 0x5E, 0x82, 0xC2, 0xA3, 0x85, 0x57, 0x7D, 0x24, 0x55, 0x3A, 0xD2, 0xBF, 0x3F, 0xC5,
    0xCD, 0x94, 0x8F, 0x46, 0x6E, 0x8A, 0x4B, 0xE6, 0x74, 0x34, 0xD9, 0x80, 0x49, 0xDA, 0x0E, 0x93,
    0x2C, 0x5B, 0x4C, 0x52, 0xAE, 0x09, 0x02, 0xE5, 0x2D, 0xC4, 0x85, 0x60, 0xCC, 0x5D, 0x7C, 0x30,
    0x2B, 0xF9, 0x0C, 0xDF, 0x6F, 0x84, 0x76, 0xC6, 0x52, 0x15, 0x98, 0x29, 0x44, 0x27, 0x30, 0x55,
    0x78, 0xB4, 0x21, 0xB8, 0x78, 0x7A, 0xF7, 0xA2, 0x95, 0xB1, 0x94, 0xB1, 0x96, 0xFF, 0x62, 0x17,
    0x58, 0x04, 0x76, 0xB1, 0xD2, 0xC1, 0x2E, 0x63, 0xD6, 0xBE, 0x76, 0x26, 0xEA, 0xB2, 0xAA, 0xEF,
    0x53, 0x37, 0xC3, 0x2E, 0x68, 0x4E, 0xDE, 0x45, 0x5C, 0xC0, 0x2E, 0xD1, 0x57, 0x3D, 0xEC, 0x92,
    0x5E, 0xEF, 0x68, 0x97, 0xB8, 0x83, 0x5D, 0xC6, 0xA4, 0x1D, 0x92, 0x8F, 0x76, 0x1E, 0x7D, 0xE7,
    0x3F, 0xDB, 0xC5, 0xCA, 0x3D, 0x91, 0x4F, 0x30, 0x46, 0x38, 0xE3, 0xFE, 0x59, 0x91, 0xD4, 0x5D,
    0xB9, 0x60, 0xF6, 0xFB, 0xE8, 0x8B, 0x2E, 0x3F, 0xCF, 0x20, 0x6E, 0x12, 0xA8, 0x18, 0x8F, 0xEC,
    0xCE, 0x15, 0x77, 0x66, 0xB7, 0xBE, 0xBF, 0xCB, 0xE0, 0xB9, 0x8D, 0xEF, 0xB7, 0x42, 0xAF, 0xCD,
    0xBA, 0x8D, 0x1E, 0xCB, 0xE7, 0x34, 0xAC, 0xF2, 0xDE, 0xD2, 0x63, 0xC2, 0x17, 0xEE, 0xD4, 0x46,
    0x32, 0x26, 0xDF, 0x4C, 0x41, 0x35, 0x99, 0x60, 0x34, 0x51, 0x6F, 0x32, 0x38, 0x4D, 0x81, 0xE1,
    0xAD, 0xB4, 0xA5, 0x74, 0xB5, 0xB4, 0xA1, 0x14, 0x56, 0xAE, 0xED, 0xC3, 0x58, 0x93, 0xD9, 0xEE,
    0x10, 0xB5, 0xF0, 0xF6, 0x68, 0x78, 0x24, 0xF9, 0x72, 0xAA, 0xCF, 0xC9, 0x88, 0xA7, 0xE6, 0xB5,
    0x60, 0x8E, 0xA7, 0xAC, 0x87, 0x1A, 0x65, 0x13, 0x4F, 0xA6, 0x76, 0x09, 0x96, 0xC9, 0xA5, 0xAB,
    0x4B, 0x95, 0x61, 0x1D, 0x8B, 0xAC, 0x0F, 0x01, 0x54, 0x40, 0x27, 0xAC, 0x99, 0x5E, 0xB0, 0x4A,
    0x65, 0x8B, 0x0B, 0x26, 0x23, 0xA1, 0x34, 0xA9, 0xEC, 0xC9, 0x90, 0x52, 0xF5, 0x0C, 0xAB, 0x30,
    0xE6, 0xD2, 0x9E, 0x1A, 0xF2, 0x35, 0x6A, 0x58, 0x86, 0x59, 0xC9, 0x4B, 0x4D, 0xFC, 0xE0, 0xCA,
    0x38, 0xCC, 0xB7, 0x2D, 0xC7, 0xCC, 0xD9, 0x39, 0x6E, 0x61, 0x25, 0x38, 0x6A, 0x33, 0xC6, 0x80,
    0xAE, 0x00, 0x16, 0xD2, 0xC6, 0x14, 0x8D, 0xD0, 0x61, 0x34, 0x71, 0x67, 0x8D, 0x19, 0xB3, 0xCA,
    0xBC, 0x1E, 0x37, 0x26, 0x47, 0x63, 0x8A, 0xC6, 0x08, 0x8D, 0xC1, 0xC0, 0xC6, 0x04, 0x8D, 0xE7,
    0xBA, 0xC3, 0x8D, 0x57, 0x36, 0x1A, 0x4D, 0xF6, 0x06, 0x56, 0x23, 0x1F, 0xCB, 0x4E, 0xD1, 0xF7,
    0x09, 0xF3, 0x0B, 0x93, 0xF6, 0x41, 0x6D, 0xD2, 0x8F, 0xA4, 0x85, 0x3A, 0x17, 0x82, 0x31, 0x1F,
    0x2D, 0xBC, 0x35, 0xEA, 0xA3, 0x2E, 0xEA, 0xE2, 0x2E, 0x69, 0xD3, 0x26, 0x75, 0xE1, 0x0C, 0x45,
    0xEC, 0x7B, 0x77, 0xDB, 0xAB, 0x53, 0xB2, 0xD7, 0xCC, 0xF5, 0xF6, 0x75, 0xE9, 0xB9, 0x6C, 0x74,
    0x54, 0xEF, 0xB2, 0xEA, 0xBC, 0xEA, 0xC6, 0xE9, 0x98, 0x0D, 0x08, 0x05, 0x58, 0x2B, 0x16, 0x98,
    0x57, 0x3D, 0xDE, 0xF6, 0xC0, 0x16, 0xB8, 0xBD, 0x8B, 0xE4, 0x39, 0x81, 0xD1, 0xB3, 0xD1, 0xD8,
    0x81, 0xC1, 0xFD, 0x32, 0x9C, 0xD5, 0x84, 0x03, 0x13, 0x40, 0xD9, 0x9B, 0xA4, 0x33, 0x75, 0xA7,
    0xAB, 0x86, 0x68, 0x70, 0x26, 0xC6, 0x3B, 0xF0, 0xA5, 0x86, 0x0E, 0x9E, 0x36, 0x8C, 0xCF, 0xD4,
    0x31, 0x3E, 0x33, 0x97, 0x37, 0xC1, 0x8B, 0x79, 0x05, 0xE4, 0x1C, 0x6C, 0xA1, 0x29, 0x03, 0x5D,
    0xEA, 0xDE, 0xC4, 0x43, 0x08, 0xD8, 0x48, 0xBB, 0xE4, 0xEF, 0x7C, 0x3F, 0x7F, 0x07, 0xE1, 0x04,
    0x2C, 0xC6, 0xB2, 0x01, 0x7B, 0x46, 0x88, 0xC0, 0x95, 0xF1, 0x91, 0x39, 0x88, 0x40, 0x08, 0x9C,
    0x04, 0x3C, 0x9D, 0x84, 0x89, 0xF8, 0x76, 0xC9, 0xB7, 0x39, 0x06, 0x04, 0x88, 0x97, 0x0E, 0x60,
    0x2D, 0xE8, 0xD2, 0xA2, 0xD2, 0x47, 0x4A, 0xFF, 0xEE, 0x6D, 0x2C, 0x15, 0x30, 0x29, 0xAF, 0xEA,
    0x67, 0x61, 0x98, 0xB3, 0x73, 0xFC, 0xCD, 0xCC, 0x39, 0x54, 0x57, 0x39, 0x07, 0x38, 0x17, 0xBA,
    0x60, 0x56, 0x18, 0x85, 0xC3, 0x61, 0xA1, 0x2B, 0x88, 0x88, 0xE9, 0x6B, 0xF0, 0xC5, 0x1E, 0x6D,
    0x88, 0xAC, 0x9C, 0x70, 0xD7, 0x31, 0xCD, 0x6C, 0x7D, 0x60, 0x88, 0xD5, 0x30, 0xCC, 0xC7, 0x03,
    0x83, 0xF8, 0xA7, 0x39, 0x26, 0x06, 0x8F, 0xEF, 0xF9, 0x2A, 0xBC, 0x0A, 0x20, 0x05, 0x47, 0x64,
    0x53, 0xC2, 0x94, 0x61, 0xE8, 0x03, 0xCE, 0x84, 0x5D, 0x9D, 0xF4, 0xC1, 0x8B, 0x40, 0x18, 0x64,
    0xC8, 0xAA, 0xBE, 0x83, 0x09, 0xF7, 0x8C, 0x7F, 0xF4, 0x31, 0xC1, 0x1C, 0x1E, 0x30, 0x53, 0xB9,
    0x2B, 0x57, 0xD9, 0x94, 0x9F, 0x47, 0x52, 0x98, 0x11, 0x94, 0x58, 0x27, 0xC7, 0x80, 0x4A, 0x3A,
    0x24, 0x99, 0x2A, 0x98, 0x69, 0x05, 0x6A, 0x09, 0x5D, 0xB7, 0xDE, 0xA7, 0x31, 0x0C, 0x8D, 0xEE,
    0xE1, 0x3F, 0x57, 0x8C, 0x85, 0x87, 0x62, 0x25, 0xE1, 0xAF, 0x66, 0xE3, 0xC3, 0x95, 0xCB, 0x34,
    0xCC, 0x1D, 0xB0, 0xB8, 0xC3, 0xFF, 0xB0, 0x21, 0x51, 0xBB, 0xF4, 0x3A, 0x9E, 0xC0, 0x02, 0x06,
    0xF3, 0x73, 0x72, 0x20, 0x00, 0x40, 0xA1, 0xF5, 0x99, 0xB8, 0xE6, 0xC2, 0x2C, 0xC9, 0xD7, 0x04,
    0x9A, 0x64, 0x18, 0xD2, 0x86, 0x66, 0xC7, 0x27, 0xDC, 0x31, 0x87, 0x3F, 0xA9, 0xC6, 0x7A, 0xCD,
    0x2E, 0x9A, 0xBE, 0x18, 0xC4, 0x44, 0x00, 0xE6, 0x94, 0x25, 0xB5, 0xDD, 0x1D, 0xF9, 0x8C, 0xE0,
    0x90, 0x0F, 0x48, 0xC5, 0xC8, 0xDD, 0x78, 0x98, 0x4E, 0x4C, 0xC6, 0x65, 0x07, 0xAD, 0x23, 0x44,
    0x3B, 0x92, 0xF6, 0xBC, 0x4B, 0x48, 0xA5, 0x0E, 0x0C, 0xC9, 0x99, 0x49, 0x46, 0x86, 0x08, 0x5D,
    0x6D, 0x07, 0x0C, 0xC6, 0x5C, 0x31, 0x30, 0xF3, 0xD2, 0x2A, 0xF7, 0x45, 0x1A, 0x95, 0xA5, 0xF3,
    0x88, 0xBE, 0x4A, 0xF3, 0xC1, 0x07, 0x0F, 0x8D, 0x82, 0x57, 0x54, 0x4B, 0x29, 0x14, 0x3B, 0x94,
    0x82, 0xBC, 0xAD, 0xA8, 0xFF, 0x80, 0x8A, 0x76, 0x5C, 0xAB, 0x68, 0x34, 0x6D, 0x44, 0xE2, 0xF3,
    0xB2, 0xD2, 0x15, 0xD5, 0x31, 0xBF, 0xAF, 0x2C, 0xE0, 0x9E, 0xEA, 0xFB, 0x39, 0xC6, 0xF4, 0x4A,
    0x62, 0x74, 0x5C, 0x41, 0xC7, 0xA0, 0x19, 0x49, 0x86, 0x5B, 0xB4, 0xB4, 0x9A, 0xA6, 0xA9, 0x6B,
    0x1B, 0xE8, 0xD5, 0xAB, 0x49, 0xDD, 0x6C, 0x97, 0xCE, 0x66, 0x51, 0xD9, 0xD2, 0x1E, 0xF9, 0xCE,
    0xD3, 0x94, 0xEB, 0x73, 0xB5, 0xD0, 0x14, 0x1D, 0x23, 0xE7, 0x21, 0xD2, 0xF0, 0x02, 0x20, 0x14,
    0x61, 0x8B, 0x00, 0x40, 0x9C, 0x72, 0xFC, 0xEC, 0x6C, 0x6F, 0xBE, 0xE7, 0xF3, 0xA3, 0x2D, 0xF5,
    0x96, 0x12, 0x0B, 0x46, 0x95, 0xE7, 0x51, 0x26, 0x7F, 0x8E, 0x16, 0xBC, 0x9C, 0x42, 0x70, 0x30,
    0x5C, 0x59, 0x37, 0xA7, 0xEA, 0x0C, 0xA4, 0xB3, 0xB0, 0xC8, 0xA6, 0x82, 0xEE, 0xA8, 0x82, 0x78,
    0x68, 0x8F, 0x2A, 0x58, 0xFF, 0x0F, 0xBE, 0xE8, 0xFB, 0xAE, 0x6E, 0xDC, 0xEA, 0xA6, 0x5B, 0xDD,
    0x0C, 0xFE, 0xA6, 0xF0, 0x86, 0xAC, 0x7D, 0x0F, 0xDE, 0x74, 0xAB, 0x9B, 0x61, 0xB9, 0x39, 0x10,
    0xD5, 0xDC, 0x94, 0x5F, 0xAA, 0xB3, 0xE0, 0xA6, 0x17, 0x55, 0x1D, 0xF3, 0xB7, 0x6A, 0x6A, 0x68,
    0x9E, 0xF9, 0xDE, 0x56, 0x2E, 0x4D, 0xCB, 0xCD, 0x32, 0xB6, 0x5D, 0x49, 0xB7, 0x2B, 0xE9, 0x70,
    0xAD, 0x4C, 0xEF, 0x01, 0x64, 0x89, 0x6A, 0x92, 0x93, 0xA1, 0xD2, 0x1F, 0x73, 0xCF, 0x46, 0xFD,
    0xE0, 0xB3, 0x9A, 0xA8, 0xE5, 0x4C, 0x91, 0x3E, 0x50, 0x03, 0x80, 0xB6, 0x82, 0x94, 0x01, 0xCF,
    0x77, 0x38, 0x63, 0xEF, 0x29, 0x4A, 0x44, 0x95, 0x1F, 0xFB, 0x80, 0x3B, 0x72, 0xD1, 0x64, 0xDE,
    0x99, 0xC7, 0x28, 0xB4, 0x06, 0xC5, 0xDF, 0xD3, 0x8A, 0x03, 0x65, 0x84, 0x7A, 0xFF, 0x29, 0x32,
    0xD5, 0x98, 0x6A, 0xA6, 0xC3, 0x1A, 0xFC, 0xC6, 0xD5, 0xC2, 0x9E, 0x56, 0xE4, 0xCB, 0xD4, 0xCF,
    0x28, 0x25, 0x54, 0xCC, 0x21, 0xE6, 0x1F, 0xC1, 0x1C, 0x75, 0x67, 0xA3, 0xB5, 0x85, 0x3A, 0x39,
    0x25, 0x74, 0x5A, 0x79, 0xF8, 0x5A, 0x45, 0xD9, 0x84, 0xF5, 0xEE, 0x00, 0x8D, 0x62, 0x51, 0x54,
    0xA6, 0x02, 0xB5, 0xC8, 0xEA, 0xC9, 0xB8, 0x42, 0xB5, 0xD0, 0x97, 0x36, 0xCD, 0x62, 0x32, 0x3F,
    0x1A, 0x4B, 0x0E, 0xD0, 0x20, 0x5F, 0x0E, 0x20, 0xC3, 0x98, 0x85, 0x5D, 0x86, 0xB2, 0x52, 0xEC,
    0x47, 0x56, 0xE9, 0x19, 0xE3, 0x2D, 0x6D, 0x34, 0x63, 0x06, 0xF2, 0x7C, 0x67, 0x82, 0x0F, 0xCD,
    0xEF, 0x7E, 0x44, 0x95, 0x72, 0x5A, 0x29, 0xFF, 0x9C, 0xD9, 0x70, 0x28, 0xD1, 0xF9, 0x72, 0xE2,
    0x8E, 0xC2, 0xC7, 0x0F, 0xAC, 0x12, 0xF3, 0x17, 0xB8, 0x03, 0xF9, 0x88, 0x61, 0x8A, 0x37, 0xA7,
    0x37, 0xF0, 0x56, 0x43, 0x1A, 0x64, 0x09, 0x21, 0xF6, 0xAA, 0x5C, 0xD4, 0x1A, 0x90, 0xA3, 0xF2,
    0x9B, 0x4C, 0x5E, 0x0C, 0xBF, 0x8C, 0xB3, 0x9C, 0xDF, 0xDE, 0xCB, 0xE7, 0x97, 0x94, 0x15, 0x21,
    0x70, 0x52, 0xEE, 0x53, 0xF0, 0x7A, 0xA8, 0x25, 0xA7, 0x2F, 0x03, 0x11, 0x60, 0x4E, 0x16, 0xFF,
    0x5F, 0x79, 0x49, 0xE3, 0xD3, 0x5F, 0xC0, 0xBF, 0x98, 0xFB, 0x4E, 0xEE, 0x6C, 0x88, 0x8C, 0x7C,
    0x30, 0x6B, 0xD0, 0x3B, 0x15, 0xAA, 0xA3, 0xA9, 0xED, 0x38, 0x24, 0xC5, 0x2A, 0xC1, 0x49, 0xC7,
    0x65, 0x01, 0x28, 0x98, 0xDC, 0x5F, 0xFB, 0x69, 0x55, 0xAC, 0xFD, 0xF0, 0x02, 0x65, 0x47, 0xC4,
    0x10, 0x0A, 0x8F, 0xB5, 0xA8, 0x89, 0x9B, 0xD7, 0x7D, 0xCA, 0x10, 0x44, 0x6B, 0x76, 0x76, 0x38,
    0xBC, 0xD4, 0x5C, 0x3A, 0xCA, 0x06, 0xA7, 0x37, 0x5B, 0xF5, 0xFD, 0x4A, 0x85, 0x50, 0xB4, 0x0A,
    0xE2, 0x42, 0x53, 0xC6, 0xAA, 0x31, 0xFC, 0x77, 0x8D, 0x94, 0x8B, 0x75, 0x75, 0x91, 0xCF, 0x62,
    0x34, 0x0A, 0x5A, 0x14, 0xB4, 0x1A, 0xEA, 0x81, 0x19, 0xE6, 0x73, 0x8D, 0xFB, 0x1A, 0x5D, 0xF0,
    0x0F, 0x4A, 0x56, 0x4A, 0xB8, 0xA9, 0x79, 0x3A, 0x3E, 0x29, 0xFF, 0xAC, 0x6C, 0x87, 0x6E, 0x81,
    0x7C, 0x0C, 0xBF, 0x88, 0x85, 0x9B, 0x0E, 0xF9, 0xC8, 0x19, 0x49, 0x03, 0x13, 0xFB, 0xAC, 0x09,
    0x92, 0xCF, 0x17, 0x1D, 0xC8, 0x38, 0x32, 0x47, 0x7D, 0x1F, 0x63, 0x87, 0x5A, 0x6E, 0xA5, 0x0A,
    0xAA, 0x98, 0xB2, 0x37, 0xEA, 0xD5, 0xB3, 0xDD, 0x2A, 0x8F, 0x7B, 0x87, 0x34, 0x36, 0x9C, 0x0E,
    0x4F, 0x3B, 0xD6, 0x0A, 0x80, 0x14, 0x10, 0x08, 0x87, 0x2E, 0x31, 0x6B, 0x3D, 0x17, 0x32, 0x89,
    0xF4, 0xBA, 0x53, 0x31, 0xEB, 0xE3, 0xDA, 0xF1, 0xF1, 0x8D, 0x1E, 0x4C, 0xD8, 0x7E, 0x39, 0x03,
    0x54, 0xB2, 0xA1, 0x74, 0x28, 0x81, 0xA7, 0xB4, 0xE7, 0xE3, 0x70, 0x86, 0x1B, 0xA0, 0x16, 0xFA,
    0x18, 0x8F, 0xDB, 0xF4, 0x1B, 0x3E, 0x8E, 0x66, 0x3E, 0x26, 0x51, 0x86, 0xAE, 0x29, 0x37, 0x69,
    0x30, 0x5B, 0x3E, 0x46, 0x13, 0x7D, 0x2D, 0xD5, 0xC7, 0x91, 0x02, 0xF0, 0x09, 0x8D, 0x35, 0x4D,
    0x1D, 0x79, 0xEB, 0xF7, 0x95, 0x18, 0x2E, 0xE3, 0xF7, 0x65, 0xF4, 0x6D, 0xCE, 0xAD, 0xE6, 0x34,
    0x4B, 0x4E, 0x8C, 0x89, 0xA2, 0x8F, 0xB9, 0xED, 0xE2, 0xB0, 0xD8, 0xD9, 0xA4, 0xA9, 0xEE, 0x0B,
    0xDD, 0x8B, 0x20, 0xF2, 0x97, 0x07, 0x74, 0x59, 0x5D, 0xFE, 0x72, 0x8F, 0x7B, 0x46, 0x33, 0x6F,
    0xE5, 0x36, 0x6E, 0xB3, 0x51, 0x13, 0xE2, 0x79, 0xF4, 0x45, 0xB9, 0x06, 0x4D, 0xC7, 0x00, 0x39,
    0x44, 0x8A, 0x44, 0xF3, 0x51, 0xC6, 0x95, 0xF2, 0xF8, 0xCF, 0xCF, 0x0B, 0xAA, 0x5B, 0xB5, 0x4A,
    0x04, 0xEA, 0x6A, 0x46, 0x8A, 0x87, 0x45, 0xBF, 0x13, 0x6B, 0x3A, 0x1E, 0x79, 0xFA, 0x40, 0x3C,
    0xAB, 0xAB, 0xF9, 0x21, 0xD1, 0x2F, 0xDE, 0x79, 0x94, 0xD1, 0xF1, 0x26, 0xEB, 0x0C, 0xBA, 0x61,
    0x7A, 0x93, 0xA3, 0x0C, 0xE1, 0x61, 0x4E, 0xB9, 0xC5, 0x4D, 0x87, 0x84, 0x31, 0xC3, 0x38, 0x69,
    0x14, 0x7B, 0x8B, 0x92, 0x03, 0x83, 0xC5, 0x05, 0xAC, 0x41, 0x4D, 0x3A, 0x33, 0xA7, 0xD7, 0xDF,
    0x12, 0x8B, 0x84, 0x49, 0x5D, 0x61, 0x25, 0x56, 0xA5, 0x6A, 0xEA, 0x97, 0x4E, 0x42, 0x86, 0x74,
    0x83, 0x6C, 0xB1, 0x67, 0x4D, 0x28, 0x91, 0xCE, 0x2D, 0x43, 0x62, 0xEF, 0x39, 0x6D, 0xDD, 0x48,
    0x63, 0x54, 0xD7, 0xFB, 0x66, 0x45, 0x1B, 0x3D, 0x8F, 0xB4, 0xD7, 0x89, 0x2A, 0x7D, 0xF6, 0x3D,
    0x8B, 0xFA, 0xC3, 0x6B, 0x16, 0x9A, 0xA0, 0xB2, 0x26, 0x7B, 0x0B, 0x38, 0xF0, 0x8E, 0x64, 0x13,
    0x77, 0x65, 0x12, 0x05, 0xC6, 0x06, 0x96, 0x65, 0x47, 0x1A, 0xD8, 0xC8, 0x67, 0xA8, 0xD3, 0xC1,
    0x78, 0x9A, 0xA4, 0xFB, 0x89, 0x49, 0x0E, 0xA9, 0x0C, 0xCB, 0xFF, 0x9A, 0xA9, 0x68, 0x5E, 0x71,
    0xA9, 0xD2, 0xB3, 0xEB, 0x3E, 0x64, 0x40, 0x82, 0xDE, 0xB0, 0xDA, 0x44, 0x58, 0x82, 0x0B, 0xDA,
    0xED, 0x01, 0x40, 0x82, 0xCA, 0x3E, 0x1F, 0xA2, 0x3E, 0x1B, 0x6C, 0x9F, 0x36, 0x39, 0xAE, 0xB6,
    0xC8, 0x7B, 0x7B, 0x0F, 0xE5, 0x7E, 0x67, 0x51, 0x91, 0x96, 0x9D, 0x25, 0xBD, 0x6C, 0x72, 0x05,
    0x1E, 0xB0, 0xD6, 0x8C, 0xAF, 0x1F, 0x78, 0xC0, 0xC4, 0xF0, 0x57, 0x6A, 0x12, 0xBD, 0x5F, 0x6E,
    0xF9, 0x0D, 0x35, 0xF5, 0xC7, 0x50, 0x49, 0xA1, 0x55, 0x3A, 0xA4, 0xF1, 0x12, 0x0D, 0x0F, 0x9A,
    0x36, 0xF0, 0x04, 0x15, 0x96, 0x9D, 0x19, 0x54, 0x75, 0xA3, 0xFB, 0x10, 0xBC, 0x15, 0xA7, 0xFB,
    0x12, 0x00, 0x09, 0xE0, 0x2A, 0x8B, 0x84, 0x5E, 0xB9, 0x6E, 0xA0, 0x80, 0x95, 0x0F, 0xFA, 0x42,
    0x71, 0xF8, 0x05, 0xDC, 0x66, 0x1E, 0x1A, 0x01, 0x91, 0x86, 0x9B, 0x46, 0xF3, 0x1A, 0x14, 0x4B,
    0x65, 0x99, 0xDB, 0x73, 0xB5, 0x11, 0xD0, 0x56, 0x99, 0x5D, 0xBF, 0xCA, 0xCF, 0xC1, 0xFC, 0xD0,
    0xE8, 0xF7, 0x33, 0x5E, 0x12, 0xD5, 0x8C, 0x1E, 0x14, 0x4A, 0xC9, 0xA4, 0x79, 0x76, 0x7A, 0x48,
    0xF4, 0x53, 0xEA, 0x14, 0x2B, 0x6B, 0x2A, 0xDF, 0x66, 0x0E, 0xEE, 0xF2, 0x07, 0x4D, 0x87, 0x94,
    0x10, 0x09, 0xB3, 0x73, 0xD9, 0x62, 0xE0, 0x64, 0x5A, 0xCB, 0x48, 0x47, 0x98, 0x1B, 0x8A, 0x23,
    0x7F, 0xE6, 0x03, 0x94, 0x42, 0x1F, 0x55, 0x2A, 0x1B, 0xF5, 0x05, 0xEE, 0x4B, 0x21, 0x98, 0x0E,
    0xBD, 0x10, 0xD1, 0xE9, 0x2B, 0xDD, 0x6A, 0x65, 0xC2, 0x9C, 0x0D, 0x99, 0xBA, 0x96, 0x3B, 0x1A,
    0x93, 0x23, 0x63, 0xF4, 0x1F, 0x2A, 0xF5, 0xA9, 0x35, 0x1D, 0xDF, 0x00, 0xE9, 0x93, 0xC5, 0xE1,
    0x9C, 0x87, 0xA5, 0x9F, 0x28, 0x42, 0xDE, 0x64, 0x28, 0xB4, 0xD0, 0xA1, 0x1C, 0x0D, 0x09, 0x99,
    0x5A, 0xA5, 0x81, 0x14, 0x44, 0x68, 0x28, 0xDC, 0x29, 0xC9, 0x0E, 0x98, 0xEA, 0xB5, 0x32, 0x49,
    0xB4, 0xBA, 0xB1, 0xA2, 0x63, 0x93, 0xC5, 0x91, 0x7E, 0x78, 0xFE, 0xE1, 0xA9, 0x9E, 0x97, 0xA8,
    0x15, 0x47, 0xA2, 0xBE, 0xA4, 0xFC, 0x30, 0xF5, 0x35, 0x11, 0xC1, 0x8E, 0x24, 0xC9, 0xFF, 0x0D,
    0x7E, 0xB0, 0x6F, 0xBC, 0xFE, 0x8C, 0xCC, 0x22, 0x9F, 0x2F, 0x09, 0x8B, 0xB9, 0x7C, 0x54, 0xFB,
    0x73, 0x59, 0xC5, 0x01, 0x47, 0x4A, 0xAE, 0xAD, 0xA5, 0x95, 0xCA, 0x89, 0x25, 0x90, 0xAC, 0x29,
    0x29, 0x13, 0xB5, 0x7C, 0xB0, 0x1A, 0xED, 0x30, 0x25, 0x5D, 0x70, 0x9E, 0x67, 0x11, 0x0C, 0x7F,
    0x04, 0xB1, 0xD4, 0xB3, 0x61, 0x45, 0xCD, 0x34, 0x8C, 0xFC, 0x5D, 0xD0, 0xBA, 0x5B, 0xAC, 0x0F,
    0x53, 0xB4, 0xCE, 0x29, 0x78, 0xE8, 0x94, 0xCA, 0x98, 0xD0, 0x10, 0x18, 0x31, 0x9D, 0xF4, 0x82,
    0x15, 0x4C, 0x47, 0xC8, 0xC7, 0x05, 0x96, 0x1F, 0x6C, 0xF7, 0x27, 0x20, 0x7D, 0x5B, 0x4A, 0x83,
    0x05, 0x92, 0x02, 0xAE, 0x73, 0xC7, 0x73, 0x56, 0xCD, 0xD4, 0xDC, 0x76, 0xD1, 0x14, 0xF4, 0xAB,
    0x4D, 0x18, 0x9A, 0x49, 0x47, 0x28, 0x1F, 0x0B, 0x39, 0x4B, 0xB7, 0xD5, 0x91, 0xC4, 0x05, 0x30,
    0xD9, 0x89, 0xBA, 0xD9, 0x82, 0x55, 0xA9, 0x5D, 0xBE, 0x0F, 0x35, 0x86, 0x40, 0xDE, 0x9E, 0x89,
    0xA5, 0x07, 0xD2, 0x95, 0xDC, 0xEE, 0xC3, 0x0D, 0x0B, 0x49, 0xB7, 0xB0, 0x54, 0x0E, 0x4F, 0x1B,
    0x72, 0x4B, 0x67, 0x73, 0x39, 0x8F, 0x45, 0x02, 0x99, 0x7F, 0x8C, 0x57, 0x42, 0xCF, 0x4B, 0x3B,
    0x73, 0xB2, 0xDA, 0x94, 0xB1, 0xBD, 0x6F, 0x54, 0x46, 0x4A, 0xF6, 0x0F, 0xC7, 0x33, 0xA7, 0x74,
    0xC7, 0x8E, 0x42, 0x82, 0xED, 0xDE, 0x6C, 0x73, 0x0B, 0x1B, 0x8F, 0x28, 0x25, 0xE2, 0x7E, 0x72,
    0xD9, 0x12, 0xB2, 0xF7, 0x74, 0x73, 0x78, 0x64, 0x10, 0x81, 0x47, 0x3D, 0x3F, 0xEA, 0x66, 0x8A,
    0x0B, 0xFC, 0x72, 0x6C, 0x42, 0xCD, 0x71, 0x0D, 0x1F, 0x37, 0x17, 0x36, 0x09, 0xEE, 0x91, 0x0D,
    0x91, 0x63, 0x31, 0x54, 0x5E, 0xF8, 0x9D, 0x1F, 0xCB, 0x2D, 0x88, 0xEB, 0x1D, 0x44, 0x5E, 0x46,
    0x41, 0x6C, 0x7D, 0x43, 0xB4, 0xEA, 0xB1, 0x9A, 0x14, 0xA3, 0x46, 0x77, 0x11, 0x0F, 0xC4, 0xF9,
    0x39, 0x81, 0x3F, 0x9A, 0x9F, 0x4B, 0x71, 0xCA, 0x6F, 0x9C, 0x77, 0xF5, 0x9D, 0x74, 0xB4, 0x6D,
    0x0C, 0xF6, 0x18, 0x83, 0x48, 0xEC, 0xC9, 0x35, 0xE6, 0x12, 0x84, 0x36, 0xA8, 0xC4, 0x2D, 0x51,
    0x42, 0xCD, 0x10, 0xCC, 0xE5, 0xEB, 0xD5, 0xCE, 0x10, 0xF3, 0xD7, 0x9E, 0x48, 0x3D, 0x9A, 0xDF,
    0xF3, 0xB0, 0x51, 0x0B, 0x02, 0xEE, 0xD0, 0x6E, 0xB1, 0x46, 0x9B, 0x35, 0x36, 0x64, 0x4A, 0xFD,
    0x7F, 0x60, 0xC9, 0xBE, 0x72, 0x88, 0x75, 0x1B, 0xA5, 0xCD, 0xA4, 0x7A, 0x4C, 0x83, 0x0D, 0x49,
    0x19, 0x46, 0xC0, 0x5D, 0x95, 0x71, 0x9F, 0x9F, 0x00, 0xB9, 0xA3, 0x67, 0x52, 0x5B, 0x9B, 0x47,
    0x94, 0x7B, 0x73, 0x3E, 0x86, 0xFD, 0xBA, 0x9C, 0x71, 0xBE, 0xF4, 0x58, 0x7D, 0xEB, 0x36, 0x2D,
    0xCA, 0x99, 0xCA, 0x32, 0x33, 0x03, 0x9D, 0x6A, 0xC4, 0xC2, 0x1F, 0x17, 0xBC, 0xC9, 0x58, 0xA3,
    0x38, 0x3D, 0xF1, 0xDC, 0xBA, 0x48, 0xC0, 0x71, 0xBE, 0xA6, 0x03, 0x25, 0x5B, 0x50, 0x7D, 0xB3,
    0xEE, 0xE5, 0x14, 0x6B, 0xB2, 0x6D, 0xC0, 0x00, 0x74, 0xEB, 0x6A, 0xCC, 0x0B, 0x34, 0xB9, 0x7E,
    0x09, 0x0D, 0x77, 0xD7, 0xE7, 0x24, 0xCE, 0x63, 0x0C, 0x70, 0xE5, 0x65, 0xF2, 0xAC, 0x86, 0x85,
    0x41, 0x48, 0x92, 0x75, 0xCA, 0x93, 0xFD, 0xD7, 0x96, 0xE1, 0x19, 0xFF, 0xFC, 0xFF, 0x74, 0x71,
    0xCC, 0x12, 0x92, 0x8A, 0x9C, 0x8F, 0xAB, 0xE1, 0x4C, 0xF9, 0xE9, 0x08, 0x01, 0x1B, 0x21, 0x72,
    0x1C, 0x12, 0x12, 0x77, 0xD9, 0xC4, 0x63, 0x89, 0x08, 0xC9, 0x3A, 0x9F, 0x61, 0xCC, 0xF1, 0x5A,
    0x09, 0x50, 0x55, 0x72, 0xEB, 0x3A, 0x47, 0xF5, 0xA5, 0x63, 0x22, 0x76, 0x72, 0x38, 0xDA, 0x78,
    0x7A, 0x39, 0x3B, 0xE6, 0x89, 0x26, 0x33, 0x0C, 0x83, 0x2C, 0x99, 0xD6, 0x07, 0x47, 0xBD, 0x87,
    0x20, 0xE1, 0x61, 0x31, 0xE8, 0xBF, 0x5D, 0x10, 0x36, 0x47, 0x65, 0x46, 0x4F, 0x72, 0xA7, 0x99,
    0x89, 0x78, 0x3E, 0x0E, 0x5C, 0xF5, 0xD9, 0x13, 0x1D, 0x91, 0xE2, 0x12, 0x9E, 0xA1, 0xE8, 0xBF,
    0x41, 0xAB, 0x6B, 0xA0, 0x8C, 0xE6, 0x31, 0x54, 0x6D, 0x37, 0x80, 0xA3, 0x76, 0xA1, 0x22, 0xD0,
    0x82, 0xBB, 0xC1, 0x11, 0xDA, 0x39, 0x52, 0x3A, 0x28, 0x92, 0x23, 0x5A, 0x22, 0xBF, 0x85, 0xA0,
    0x3B, 0x91, 0xAD, 0x56, 0xBF, 0x7C, 0x3C, 0xEA, 0xC1, 0x35, 0xC7, 0x43, 0xBC, 0x33, 0xDC, 0x11,
    0xED, 0xEB, 0x60, 0xE7, 0x58, 0x35, 0x8F, 0xCA, 0xDC, 0xA3, 0x75, 0xC7, 0xA1, 0xA0, 0x06, 0x13,
    0x94, 0xE6, 0xD7, 0xEF, 0xFD, 0x7B, 0x4D, 0x29, 0xEC, 0xCE, 0x1F, 0x78, 0x0C, 0xCC, 0x4C, 0xEF,
    0x00, 0x86, 0x0A, 0x57, 0x30, 0xE5, 0x55, 0xD6, 0x02, 0xCF, 0x0F, 0x8A, 0xC0, 0xC1, 0x6E, 0x4C,
    0x92, 0x5F, 0xBA, 0x5A, 0x0F, 0xC8, 0x44, 0xAE, 0xCB, 0x59, 0xC1, 0x8A, 0x45, 0xF2, 0x09, 0xCC,
    0x32, 0x70, 0xF6, 0xCF, 0x23, 0x5B, 0x75, 0x52, 0xC5, 0x73, 0xC2, 0x13, 0x79, 0xE0, 0x4C, 0xAF,
    0xFB, 0x21, 0x89, 0x1E, 0x0F, 0xAB, 0x1F, 0xF1, 0xCC, 0x39, 0xE1, 0x92, 0xD4, 0xB2, 0x41, 0x67,
    0x62, 0x9E, 0x3D, 0xE5, 0x5F, 0xB1, 0x4E, 0x54, 0x14, 0x3C, 0x90, 0x26, 0x43, 0x2A, 0xAE, 0x4A,
    0xA0, 0x14, 0x14, 0x56, 0xF2, 0x52, 0x3B, 0x66, 0x7F, 0x18, 0x27, 0x25, 0xAB, 0x29, 0xDB, 0xBC,
    0x53, 0xE6, 0xA0, 0xEC, 0x00, 0xEC, 0x61, 0xE0, 0x19, 0x3C, 0x8F, 0xFE, 0x8E, 0xC4, 0x5B, 0x77,
    0x24, 0xDE, 0xF2, 0x4D, 0x4F, 0x22, 0x08, 0x75, 0xE9, 0xC4, 0x63, 0xEC, 0xF7, 0xA0, 0xFA, 0x5D,
    0x2C, 0xD6, 0x01, 0x59, 0x00, 0x6B, 0xE0, 0x6D, 0xA0, 0xD7, 0x27, 0x4C, 0x9B, 0x04, 0x42, 0xFE,
    0x8C, 0x20, 0xA0, 0xDA, 0x89, 0xA6, 0x59, 0xF3, 0xD7, 0xE5, 0xE8, 0x96, 0xC0, 0x40, 0x31, 0xC7,
    0x2E, 0x81, 0x3B, 0xC5, 0xBA, 0xDF, 0xCD, 0x78, 0xBB, 0x35, 0x9A, 0x57, 0x36, 0xE3, 0xED, 0x38,
    0x24, 0x80, 0x1D, 0x54, 0x89, 0xFF, 0x4D, 0x43, 0xB3, 0x1E, 0x38, 0xD4, 0xA7, 0xBA, 0x87, 0xDC,
    0x13, 0x47, 0x79, 0x6E, 0x05, 0x28, 0xCE, 0xF6, 0xB1, 0xB8, 0x33, 0xE6, 0x2A, 0x70, 0xAB, 0x72,
    0x0F, 0x31, 0x84, 0x22, 0x3F, 0x1D, 0x81, 0x82, 0xE0, 0x0E, 0xB5, 0x92, 0x12, 0x10, 0x0D, 0x2A,
    0x45, 0x4F, 0xD1, 0x48, 0x06, 0x3B, 0x0C, 0xE7, 0xAC, 0x7D, 0x30, 0x92, 0x8F, 0x45, 0x77, 0x40,
    0x72, 0x34, 0x2D, 0xBF, 0xE1, 0x60, 0x40, 0x46, 0xED, 0xB2, 0xDF, 0xBF, 0x71, 0xAE, 0xFC, 0xCA,
    0xEE, 0xEE, 0xAE, 0x8F, 0x31, 0xDA, 0x92, 0x3C, 0x5F, 0x13, 0x02, 0x11, 0x3A, 0x5D, 0x62, 0x0F,
    0xA3, 0xBD, 0xE5, 0xB8, 0x77, 0x52, 0xD8, 0xC5, 0xED, 0x5C, 0x3E, 0xC6, 0xF4, 0xAA, 0x7A, 0x86,
    0x0F, 0xEF, 0x81, 0xF8, 0x5C, 0xB5, 0xAD, 0xDC, 0xB8, 0x29, 0x6F, 0xC9, 0x94, 0x20, 0xEB, 0x82,
    0x2E, 0x67, 0xA0, 0x4E, 0x15, 0x3C, 0x7B, 0xE4, 0xAC, 0xF9, 0x9B, 0x8F, 0xC1, 0x3C, 0x9D, 0xAD,
    0xF3, 0x39, 0x7D, 0x4F, 0xF7, 0x2F, 0x78, 0xCA, 0xAA, 0x07, 0xFB, 0x87, 0x5C, 0x83, 0x67, 0xD3,
    0x09, 0x5D, 0x99, 0x7E, 0x4B, 0x78, 0xB9, 0xC6, 0x93, 0xE9, 0xAC, 0x0F, 0xE4, 0x59, 0x1E, 0x4C,
    0xD3, 0xC1, 0xD5, 0x9B, 0x79, 0x28, 0xAD, 0xC7, 0xD2, 0x20, 0x80, 0x50, 0x08, 0xC9, 0xDE, 0x6A,
    0xB2, 0x9F, 0x18, 0x5B, 0x5A, 0xB2, 0x28, 0xE2, 0x67, 0xCB, 0xB6, 0x98, 0xEE, 0xF0, 0x6E, 0x42,
    0xFE, 0xF1, 0xC9, 0x49, 0x2A, 0xCF, 0x98, 0x43, 0xAD, 0x50, 0xCF, 0x77, 0x87, 0x81, 0xFF, 0xD8,
    0xE4, 0xD0, 0x67, 0x14, 0xF9, 0x33, 0x9E, 0x17, 0x3D, 0xB0, 0x17, 0x7B, 0x8C, 0x76, 0x4B, 0x8B,
    0x55, 0x59, 0xAA, 0xBF, 0xB0, 0x99, 0x57, 0x35, 0xE0, 0x77, 0xDB, 0x90, 0xA0, 0xBE, 0xFC, 0x99,
    0x00, 0x52, 0x82, 0xA1, 0x63, 0x16, 0xF0, 0x3A, 0x00, 0x1D, 0x9C, 0xFF, 0x1C, 0xA1, 0xF3, 0x6D,
    0xD6, 0x59, 0xEF, 0x22, 0x32, 0xCB, 0xF7, 0xF8, 0x13, 0x0D, 0xFD, 0x61, 0x11, 0x23, 0xC8, 0x6A,
    0xF6, 0xA1, 0x77, 0xD1, 0xC3, 0x35, 0x57, 0xEA, 0xEE, 0x28, 0x7F, 0x20, 0x65, 0x9E, 0xF4, 0x3D,
    0xE8, 0xAD, 0x4A, 0x4A, 0x7A, 0xB3, 0x7E, 0xDA, 0x9B, 0xCD, 0x5F, 0x26, 0xF9, 0xDF, 0x18, 0x7C,
    0x0A, 0xA8, 0xAC, 0x6F, 0x53, 0x2E, 0x29, 0xBC, 0x96, 0x61, 0x48, 0x66, 0xF0, 0xB8, 0x22, 0xC5,
    0x64, 0x58, 0x10, 0x21, 0xBD, 0x8C, 0x11, 0x13, 0x4C, 0xCC, 0x0B, 0x12, 0x5E, 0x8E, 0x8A, 0xBE,
    0x40, 0x2C, 0x11, 0x3A, 0xF5, 0x08, 0x23, 0xFB, 0x9A, 0xD5, 0x79, 0xBF, 0xDD, 0x3E, 0x30, 0x7A,
    0xB3, 0xAE, 0x13, 0x82, 0x1E, 0x91, 0xA0, 0x9C, 0x51, 0x2F, 0x41, 0x9F, 0x55, 0x3F, 0x82, 0x21,
    0xFE, 0x05, 0xCD, 0x5B, 0x3D, 0x93, 0xE5, 0x54, 0x7A, 0x3E, 0xBA, 0x5A, 0x5A, 0xB5, 0xAD, 0x2A,
    0x8B, 0xC0, 0x0E, 0x3C, 0x5B, 0x94, 0x92, 0x4D, 0x16, 0xAA, 0xD0, 0x0F, 0x70, 0x2D, 0x12, 0xE0,
    0x2A, 0x02, 0x82, 0xD9, 0xD4, 0xE5, 0x80, 0xC4, 0x81, 0xC1, 0x41, 0x27, 0x1B, 0x7A, 0xD1, 0x5D,
    0xA8, 0xF2, 0x84, 0xF4, 0x3F, 0x80, 0x60, 0x02, 0xE8, 0x0D, 0x26, 0x71, 0x60, 0x57, 0x2D, 0x2B,
    0x2D, 0x04, 0x04, 0x0E, 0x10, 0x50, 0x5B, 0x0E, 0x47, 0xC0, 0x54, 0x2D, 0x35, 0x04, 0x23, 0x40,
    0x5E, 0x34, 0x33, 0x92, 0x8E, 0x9F, 0xE7, 0x39, 0x47, 0xBA, 0xF7, 0x76, 0x0F, 0x78, 0x6C, 0xC0,
    0xBD, 0x5D, 0xF4, 0xA5, 0xE7, 0x1E, 0xE9, 0xE8, 0xFD, 0x3A, 0xEF, 0xFB, 0xBC, 0x1F, 0x32, 0xC6,
    0x94, 0xB6, 0x33, 0x66, 0x63, 0x6D, 0x6D, 0x4C, 0x6C, 0x67, 0x73, 0xF8, 0xC3, 0x35, 0x7C, 0x8D,
    0x35, 0x93, 0xDB, 0xC2, 0x98, 0x50, 0x57, 0xA4, 0x76, 0xE0, 0x1A, 0x17, 0xE3, 0xB9, 0xC2, 0x62,
    0xFE, 0x85, 0xE5, 0x1E, 0xD7, 0x26, 0xAC, 0x8D, 0x09, 0x16, 0x6D, 0x93, 0xB7, 0x26, 0xB2, 0x06,
    0x77, 0xE6, 0x7D, 0x68, 0xB1, 0x76, 0xFB, 0xC6, 0x68, 0x12, 0x6B, 0x6D, 0x8F, 0xFB, 0xAC, 0x6D,
    0x23, 0x7E, 0x6E, 0xF3, 0x01, 0x3B, 0x6E, 0x70, 0x51, 0x32, 0x26, 0xD8, 0x38, 0xEF, 0xAA, 0x8E,
    0xF7, 0xE2, 0x4E, 0xEB, 0x48, 0xC2, 0x95, 0x2B, 0x2D, 0x41, 0x75, 0x0B, 0x57, 0xDB, 0x1A, 0xBF,
    0x63, 0x68, 0xEF, 0x58, 0x73, 0x62, 0xAA, 0x06, 0x0F, 0xEC, 0x8D, 0xF9, 0xFB, 0xC9, 0x9C, 0x58,
    0x1B, 0x60, 0xCB, 0x77, 0xEC, 0x69, 0xDE, 0xD9, 0x6D, 0x3A, 0x94, 0x6D, 0x3A, 0x65, 0xB6, 0xB2,
    0x7C, 0x50, 0x5D, 0xD9, 0xAA, 0x8B, 0xEC, 0xD5, 0x91, 0xDB, 0xBC, 0x19, 0x5C, 0x07, 0x1F, 0x43,
    0x82, 0x8D, 0xE3, 0x7B, 0x20, 0x1B, 0x54, 0x91, 0xC9, 0xE8, 0x3C, 0xEB, 0x09, 0xD7, 0x4C, 0xC5,
    0x7B, 0x42, 0x50, 0x4D, 0x01, 0xE0, 0x16, 0x3C, 0x63, 0xCB, 0x35, 0x2E, 0x56, 0x9F, 0x8F, 0x5C,
    0x4B, 0x71, 0x7B, 0x36, 0x94, 0x0D, 0xD6, 0x6A, 0x2C, 0x26, 0x53, 0x88, 0xAD, 0xCA, 0x2E, 0x19,
    0xB1, 0x56, 0xE4, 0x9D, 0xC9, 0xE6, 0x33, 0x71, 0x62, 0x6D, 0x41, 0x01, 0xCC, 0x90, 0xB8, 0xB5,
    0x43, 0x88, 0x4B, 0xF3, 0x2E, 0xC3, 0x0E, 0xB8, 0xAB, 0xC5, 0xA5, 0x31, 0xB6, 0x4C, 0x26, 0x73,
    0xBC, 0xBD, 0x52, 0x88, 0xBA, 0xEA, 0x46, 0xE7, 0x48, 0x2B, 0x77, 0x22, 0x30, 0x3F, 0x99, 0x0B,
    0xD0, 0x31, 0xE2, 0xD7, 0xD6, 0xF9, 0x6C, 0xBB, 0xA3, 0x2E, 0x9E, 0x48, 0x54, 0x61, 0x1E, 0xA9,
    0x9A, 0x23, 0x68, 0x24, 0x85, 0x70, 0xB2, 0xBB, 0xA1, 0x4D, 0x86, 0xC0, 0x5E, 0x9B, 0x03, 0xFB,
    0xA1, 0xBD, 0x6F, 0x3B, 0x3C, 0x70, 0x8C, 0xF1, 0x87, 0x29, 0x7B, 0xA7, 0x4A, 0x32, 0xB5, 0x11,
    0xDB, 0x09, 0xA4, 0x4D, 0x55, 0x82, 0xA9, 0x48, 0xBA, 0xE5, 0xEE, 0x58, 0x7B, 0x1D, 0x8B, 0xC9,
    0x58, 0xE2, 0xEA, 0xAA, 0xC1, 0xEE, 0x91, 0x25, 0x53, 0x79, 0x0F, 0xDD, 0x82, 0x4B, 0x30, 0x05,
    0xEE, 0xA0, 0xF8, 0x0A, 0x9C, 0x50, 0x27, 0x76, 0x22, 0x45, 0x16, 0xCF, 0xBC, 0x7D, 0x66, 0x5B,
    0x70, 0x01, 0xA6, 0xA0, 0xCA, 0xD0, 0x42, 0x02, 0xB8, 0x94, 0x5C, 0x66, 0x14, 0x21, 0x09, 0x85,
    0xC6, 0xC4, 0x90, 0xFD, 0xDB, 0x95, 0x88, 0x0D, 0x1E, 0x7F, 0x64, 0x4F, 0x25, 0x56, 0xFC, 0x76,
    0x89, 0xAD, 0xC6, 0xE0, 0xB7, 0x1B, 0x5E, 0x4C, 0xB1, 0x9E, 0xF4, 0x41, 0x65, 0x47, 0x2A, 0x32,
    0x9E, 0x0B, 0xFB, 0x2A, 0x04, 0xF8, 0xB1, 0xDD, 0x96, 0x7D, 0x35, 0xDB, 0x11, 0xEC, 0xC2, 0x7E,
    0x46, 0x5B, 0xA7, 0x03, 0x0C, 0x8E, 0x57, 0x9B, 0x1C, 0x34, 0x53, 0x25, 0x21, 0x39, 0xCB, 0x3A,
    0x59, 0x0E, 0x9F, 0x1A, 0xF3, 0xA9, 0xFA, 0x37, 0x2D, 0x36, 0x9C, 0xCC, 0x85, 0x9F, 0x72, 0x96,
    0x66, 0x5B, 0x2A, 0x68, 0xD8, 0xD8, 0xD9, 0x4E, 0x91, 0xDD, 0xC6, 0x33, 0x2C, 0x33, 0x3C, 0x25,
    0x0B, 0xE0, 0x9F, 0x57, 0x69, 0x0B, 0x6E, 0xE6, 0x44, 0x77, 0xEE, 0x83, 0x0B, 0x60, 0xFD, 0x31,
    0x0A, 0xB9, 0x6A, 0x33, 0xD8, 0x69, 0x43, 0xAD, 0x17, 0x30, 0x67, 0x6C, 0xF1, 0x13, 0x70, 0x89,
    0x9F, 0xDF, 0x82, 0x67, 0x10, 0x10, 0x53, 0x2E, 0xB8, 0xE1, 0xA5, 0x1D, 0x0D, 0x47, 0x10, 0x45,
    0x65, 0x7B, 0xDA, 0x78, 0x62, 0xEF, 0xCC, 0xD9, 0xB8, 0xE9, 0x73, 0x6F, 0x03, 0x24, 0xDB, 0xEE,
    0xFD, 0x56, 0x6D, 0x52, 0x94, 0xB0, 0x81, 0xCC, 0xDA, 0x26, 0x86, 0xE4, 0x78, 0x3E, 0xF0, 0xF3,
    0x97, 0x92, 0xF3, 0x72, 0x6C, 0xCB, 0x9B, 0x2D, 0xC4, 0x1B, 0x0E, 0x97, 0xC7, 0x6C, 0x02, 0xD3,
    0xE2, 0x86, 0x39, 0xC8, 0x29, 0x3F, 0x1A, 0xCD, 0x4B, 0xC5, 0x95, 0x62, 0xCF, 0x9E, 0x0D, 0xD9,
    0xE5, 0xE9, 0x30, 0xA0, 0xA1, 0xAD, 0xBA, 0xB8, 0x21, 0xBF, 0xE9, 0xE0, 0xA4, 0x13, 0x92, 0x11,
    0xF2, 0x91, 0xCB, 0xD7, 0x98, 0x3E, 0x80, 0x19, 0xD7, 0xE4, 0x58, 0xEE, 0x81, 0xC7, 0x01, 0x3F,
    0xE4, 0x4E, 0x0A, 0x75, 0x5A, 0x1D, 0x2E, 0x51, 0xB5, 0x69, 0xE1, 0x2C, 0x90, 0xBF, 0x59, 0x71,
    0x40, 0xC3, 0x77, 0x56, 0xED, 0x3F, 0x06, 0x6F, 0x61, 0xD3, 0x77, 0x66, 0x1E, 0x18, 0x1D, 0x55,
    0xB1, 0x3C, 0x2E, 0x4A, 0x3F, 0xC7, 0x2E, 0x9E, 0x33, 0xD0, 0x91, 0x82, 0x4F, 0xC8, 0xAC, 0x17,
    0xBF, 0x74, 0x3A, 0xB7, 0x36, 0xF2, 0x01, 0x62, 0x49, 0x0C, 0x67, 0x94, 0x57, 0xA2, 0xBD, 0x74,
    0x3C, 0xB5, 0x22, 0x79, 0xD0, 0x27, 0x1B, 0x5E, 0xFE, 0x4B, 0xC7, 0xB2, 0x36, 0x32, 0x72, 0xE2,
    0xB1, 0xBC, 0xBF, 0xE7, 0xB9, 0xA6, 0x2B, 0xC8, 0x68, 0x68, 0x3D, 0xBD, 0x06, 0xBE, 0x7A, 0x72,
    0x9F, 0x9A, 0x93, 0xC1, 0x29, 0x99, 0x4E, 0x8B, 0x9C, 0x63, 0xC7, 0x8C, 0x8E, 0xD1, 0xF9, 0x5C,
    0xF2, 0xAE, 0x7B, 0xEC, 0xF2, 0x07, 0xB9, 0x8F, 0xE8, 0xE0, 0xC9, 0x3E, 0xEE, 0xEC, 0x16, 0xD3,
    0xCE, 0x9F, 0x06, 0x81, 0xC1, 0xC4, 0x3B, 0x22, 0x69, 0x43, 0x4E, 0x85, 0xA7, 0x69, 0xEF, 0x07,
    0x2C, 0x9F, 0xF2, 0x79, 0xB8, 0x80, 0xDA, 0x81, 0xE7, 0xBD, 0x4D, 0xB7, 0x32, 0x98, 0x12, 0xEE,
    0x69, 0x0B, 0xEF, 0x85, 0x9B, 0xE0, 0xA3, 0x2D, 0x3D, 0x1B, 0x88, 0x88, 0xE7, 0x88, 0x7F, 0xB6,
    0x50, 0x7B, 0x32, 0xD1, 0x99, 0xDA, 0x06, 0xF7, 0x20, 0x8A, 0xD1, 0x7D, 0xFF, 0x9A, 0x36, 0xDB,
    0x43, 0x40, 0x29, 0x44, 0x57, 0xA4, 0xF4, 0xB9, 0x20, 0x87, 0x0E, 0x6F, 0x90, 0x25, 0x51, 0x0C,
    0xD7, 0x5D, 0xB4, 0x18, 0x7F, 0x2E, 0x01, 0xA6, 0x92, 0xED, 0x6B, 0x94, 0x6B, 0xF9, 0x91, 0xA4,
    0xFB, 0x05, 0xB4, 0x30, 0x25, 0xE3, 0x88, 0xA8, 0xF9, 0xE9, 0xCC, 0xD8, 0x39, 0x33, 0x48, 0x58,
    0xB2, 0x06, 0x97, 0x6F, 0xE9, 0x25, 0xF1, 0x38, 0xBA, 0x46, 0xBA, 0x58, 0xF0, 0x06, 0x1E, 0x41,
    0x17, 0x5C, 0x19, 0x48, 0xC8, 0xB8, 0x5C, 0x50, 0x2A, 0x55, 0x97, 0xE8, 0x6E, 0xBA, 0xEA, 0x50,
    0x77, 0x43, 0x9E, 0x77, 0x7A, 0xEA, 0xE7, 0x39, 0x59, 0x7D, 0x66, 0x79, 0x18, 0xB4, 0xC2, 0xF5,
    0x16, 0x34, 0x57, 0x34, 0x78, 0x9C, 0x14, 0xFC, 0x07, 0x23, 0xAD, 0xC5, 0x92, 0x91, 0xF3, 0x7E,
    0xC2, 0xDE, 0x3E, 0xCD, 0x7B, 0x1A, 0xAF, 0x7D, 0x57, 0xE1, 0x34, 0x65, 0xEC, 0x18, 0x9D, 0x28,
    0x52, 0x46, 0xE5, 0x02, 0xB1, 0x35, 0xC7, 0x02, 0x6E, 0x6C, 0x70, 0x23, 0x2C, 0xAA, 0xBC, 0x87,
    0xFD, 0x02, 0x39, 0xFB, 0x58, 0x64, 0xE4, 0x76, 0x3E, 0x75, 0x96, 0xFD, 0xA6, 0xF1, 0x8A, 0x7C,
    0xE4, 0x85, 0xA9, 0x30, 0xEE, 0x3C, 0xE4, 0x0A, 0x2A, 0x72, 0xE2, 0x64, 0x23, 0xB0, 0xCF, 0x5A,
    0x46, 0xCF, 0x5C, 0x67, 0x70, 0x72, 0x12, 0x80, 0xE3, 0x87, 0x61, 0xE5, 0x1D, 0xB4, 0x12, 0x4D,
    0xD4, 0x91, 0xD8, 0xC7, 0xE3, 0x10, 0xD4, 0x6D, 0xBD, 0xB1, 0x14, 0x01, 0xE8, 0x05, 0xEF, 0x56,
    0xA6, 0xDC, 0x72, 0x57, 0xEA, 0xC8, 0x82, 0xBA, 0x1D, 0xE3, 0x03, 0x0F, 0xF7, 0x24, 0x93, 0xDF,
    0xB7, 0x04, 0x0A, 0xAB, 0x8B, 0x5D, 0xB0, 0xE5, 0x6D, 0x0C, 0xC1, 0x86, 0x61, 0x42, 0xEE, 0xC5,
    0xC4, 0xCE, 0xE4, 0x15, 0x8B, 0x78, 0x9E, 0x4A, 0x12, 0x9C, 0x39, 0xBD, 0x38, 0xB5, 0x78, 0xA3,
    0x74, 0x11, 0x78, 0xFF, 0x98, 0xAC, 0xBB, 0x31, 0x94, 0xD3, 0x1D, 0xD1, 0x1A, 0x89, 0x9E, 0x42,
    0xEE, 0x21, 0xE5, 0x2C, 0xA0, 0x05, 0x2B, 0xB1, 0x8B, 0xFC, 0x3D, 0x6C, 0x1F, 0x11, 0x0C, 0x76,
    0x31, 0x9B, 0xF8, 0xBF, 0x88, 0x04, 0x18, 0x3E, 0xB9, 0xC3, 0xCD, 0xC5, 0xD3, 0x55, 0xED, 0x11,
    0xAC, 0xEC, 0xCE, 0xB4, 0x21, 0x41, 0x50, 0xE8, 0x62, 0xF8, 0x2F, 0x9A, 0x37, 0x79, 0xCC, 0x4A,
    0x5C, 0x36, 0x57, 0x5B, 0x92, 0xBA, 0x8A, 0x76, 0xF7, 0x20, 0xD2, 0x53, 0x09, 0x55, 0x51, 0xB4,
    0x94, 0x6F, 0x47, 0x8B, 0xC2, 0xCA, 0x96, 0x5B, 0xEB, 0x54, 0xBB, 0x90, 0x6F, 0x89, 0xCD, 0x20,
    0xB5, 0x8D, 0x84, 0x59, 0x51, 0x6A, 0x6E, 0x65, 0x5C, 0x80, 0xD0, 0x46, 0xF7, 0x38, 0x4F, 0xB0,
    0xEE, 0x46, 0x0D, 0x8C, 0x1B, 0x41, 0x18, 0x73, 0x0C, 0x2F, 0x1E, 0x75, 0xB0, 0x76, 0x7B, 0xA3,
    0x75, 0x30, 0xA5, 0x6A, 0xF6, 0x24, 0xBF, 0x73, 0xEB, 0x05, 0xEC, 0xBD, 0xAB, 0xDA, 0x68, 0x82,
    0xE0, 0xAB, 0x17, 0xF0, 0xC5, 0xE7, 0xF8, 0xFD, 0x9A, 0x12, 0xDC, 0x73, 0xEB, 0xFF, 0x10, 0xE0,
    0xAA, 0x06, 0x72, 0x6C, 0x37, 0x24, 0xCE, 0xBB, 0xF5, 0xB7, 0xE5, 0xCA, 0xA8, 0x80, 0x54, 0x28,
    0xA1, 0xBF, 0xE0, 0xD6, 0xFF, 0x9F, 0x99, 0x96, 0x77, 0x4F, 0x3A, 0xEF, 0x74, 0x7F, 0x75, 0x8E,
    0x98, 0xEF, 0x83, 0xE9, 0x9D, 0x3D, 0x09, 0x2B, 0xD3, 0xD2, 0x46, 0x23, 0xB2, 0xCA, 0xD5, 0xDF,
    0x25, 0x0E, 0x92, 0x5A, 0x42, 0x31, 0xAB, 0x67, 0xC2, 0x10, 0x32, 0x2B, 0x14, 0xBD, 0x58, 0xB4,
    0x67, 0xBF, 0x5D, 0x3D, 0xF9, 0xBA, 0xDB, 0x9E, 0xC8, 0xC0, 0x36, 0xCD, 0x39, 0x72, 0xE1, 0xF3,
    0xD1, 0x05, 0xED, 0xC6, 0xB3, 0xBC, 0x28, 0xCF, 0x82, 0x60, 0x5D, 0x93, 0x03, 0x8E, 0x65, 0x70,
    0x9E, 0x57, 0x07, 0x93, 0xFD, 0x27, 0x6E, 0xBC, 0x27, 0x46, 0x68, 0xBB, 0x9D, 0xA3, 0x06, 0x82,
    0xFB, 0x6B, 0x92, 0xDE, 0xC7, 0xA4, 0xAA, 0xC2, 0xEF, 0x11, 0xA5, 0x48, 0xFB, 0x24, 0x31, 0xF9,
    0x1F, 0x48, 0xC0, 0x76, 0x31, 0x91, 0x12, 0xE7, 0xDA, 0xC4, 0x5F, 0xC9, 0xF7, 0x4F, 0x0B, 0x3F,
    0xE6, 0xDF, 0x2E, 0x51, 0xAF, 0x69, 0x03, 0x2B, 0x2B, 0x4F, 0x18, 0xC0, 0x06, 0xEF, 0x17, 0x0E,
    0x02, 0x58, 0xB9, 0x0B, 0x60, 0x0D, 0x0F, 0x31, 0x36, 0x4C, 0x7B, 0xAA, 0xF6, 0x39, 0x3A, 0x17,
    0x92, 0x79, 0x95, 0xF2, 0xDD, 0x0B, 0x60, 0x47, 0x08, 0x60, 0xF7, 0x6D, 0x41, 0xE5, 0x4A, 0x1E,
    0xFE, 0x1C, 0x9B, 0x47, 0xCC, 0x12, 0xB2, 0x03, 0x21, 0x5F, 0x7B, 0x83, 0x18, 0xAD, 0xA9, 0x2E,
    0x22, 0x16, 0x17, 0x5B, 0xA5, 0x56, 0xFA, 0x31, 0xC3, 0xD8, 0x0B, 0xE5, 0xC1, 0x56, 0x0A, 0x64,
    0x4D, 0xC7, 0x8C, 0x1D, 0x8B, 0x7B, 0x4A, 0x1D, 0x9C, 0xDF, 0x26, 0x76, 0xCE, 0x01, 0x90, 0xEC,
    0x47, 0x7C, 0xF0, 0x04, 0xAF, 0x7A, 0x06, 0xE7, 0x5E, 0x60, 0x39, 0xA7, 0x74, 0x5E, 0x51, 0x2C,
    0x4B, 0x11, 0x6C, 0x2C, 0xFD, 0xA7, 0x0B, 0x63, 0xC2, 0xDB, 0xAF, 0xC9, 0xF8, 0xC8, 0xF5, 0x46,
    0x80, 0x4D, 0x50, 0x68, 0xE2, 0x96, 0x25, 0xD0, 0xFB, 0xA0, 0x90, 0xB6, 0x46, 0xD7, 0x39, 0x62,
    0xF6, 0xF1, 0xFE, 0x60, 0x16, 0xBF, 0xDA, 0x2B, 0x8A, 0xC9, 0x51, 0xC3, 0xAD, 0xE6, 0x2D, 0x7C,
    0xBD, 0xFB, 0x60, 0x74, 0xAD, 0x6A, 0xB8, 0x4D, 0x58, 0x34, 0xE1, 0x96, 0xB0, 0x52, 0xEC, 0x00,
    0xD3, 0x9F, 0x40, 0xFD, 0xE3, 0xCF, 0x92, 0x05, 0x6A, 0xB5, 0x00, 0xD4, 0x83, 0x0E, 0x14, 0x53,
    0x3B, 0xC7, 0xB3, 0x4B, 0x46, 0x5E, 0x52, 0x7C, 0xC9, 0xB6, 0x70, 0x7C, 0xC1, 0xC4, 0x8C, 0x2D,
    0xB1, 0x02, 0x6B, 0xE2, 0xFD, 0xEF, 0x0E, 0xE1, 0x55, 0x50, 0xDD, 0x35, 0x2E, 0xF4, 0xD0, 0x7A,
    0xF0, 0x68, 0xF0, 0x58, 0xE3, 0x4C, 0x66, 0x3D, 0x51, 0xCF, 0x1B, 0x44, 0x6E, 0x5E, 0x3D, 0x81,
    0xA4, 0x46, 0xC2, 0xEC, 0xA7, 0x8C, 0xEA, 0x53, 0xDE, 0x6F, 0x28, 0x35, 0x73, 0xE5, 0xC6, 0x88,
    0xD3, 0x12, 0x40, 0x6A, 0x30, 0xFE, 0x01, 0xB8, 0x30, 0xB2, 0x4F, 0x5B, 0x04, 0x27, 0x84, 0x9F,
    0xFB, 0x0C, 0x1D, 0xDA, 0x17, 0x6C, 0xCB, 0x2F, 0x27, 0x48, 0x53, 0x5B, 0x7E, 0xF4, 0x59, 0xCD,
    0xE3, 0x58, 0x78, 0x73, 0x3E, 0x3A, 0xBD, 0x44, 0x51, 0x99, 0x4C, 0x4F, 0x1E, 0x57, 0xCF, 0xB9,
    0xE9, 0x1E, 0x60, 0x5A, 0x97, 0x20, 0x2A, 0x13, 0xF3, 0xF8, 0xD1, 0x77, 0x3A, 0x67, 0x1E, 0x37,
    0xE6, 0x92, 0xAD, 0xEA, 0x32, 0xCE, 0x97, 0x84, 0xAF, 0x30, 0xC6, 0xFC, 0x00, 0x36, 0x2D, 0x95,
    0xF1, 0xCF, 0x98, 0x4E, 0x38, 0xDA, 0x4F, 0x4A, 0x83, 0xB7, 0x97, 0xB3, 0xA8, 0x0B, 0x74, 0x43,
    0x2E, 0x21, 0x9E, 0x5E, 0xB6, 0xE8, 0x94, 0xD3, 0x19, 0x67, 0x26, 0xA1, 0x4E, 0x64, 0xDA, 0xF3,
    0xD6, 0x83, 0xD4, 0xCE, 0xB8, 0xA0, 0x05, 0x6F, 0x5A, 0x09, 0xCA, 0xBA, 0xF8, 0x44, 0x71, 0x93,
    0x00, 0xD8, 0x5A, 0xA0, 0x0A, 0xC8, 0x46, 0x70, 0x37, 0x94, 0xD7, 0x0E, 0x77, 0xA5, 0x21, 0xA6,
    0x3D, 0x78, 0xAC, 0xFB, 0x4C, 0x68, 0xA8, 0xFC, 0xA4, 0xE3, 0x15, 0x38, 0x45, 0x20, 0x74, 0x50,
    0xD6, 0x7D, 0xC2, 0xCD, 0x13, 0xCA, 0x4F, 0x7C, 0x60, 0xB2, 0x3C, 0xD0, 0x84, 0xAD, 0x37, 0x60,
    0xC6, 0x84, 0xF2, 0xC3, 0xD1, 0x1C, 0x9F, 0x1E, 0xED, 0xC9, 0x4E, 0xD2, 0x3E, 0xCC, 0x3E, 0x06,
    0xDE, 0xF0, 0x1C, 0x0E, 0xC2, 0xD7, 0x4E, 0x94, 0x35, 0x42, 0x1F, 0x52, 0x85, 0xAD, 0x6D, 0xCA,
    0x2E, 0x9E, 0xC4, 0x0A, 0xE9, 0x20, 0x1F, 0xBF, 0x87, 0xFC, 0x86, 0x14, 0x4C, 0x3C, 0x83, 0x3C,
    0xA5, 0x27, 0xED, 0x21, 0x89, 0x28, 0xDB, 0x68, 0x26, 0x1D, 0x8D, 0x27, 0xC2, 0x91, 0x48, 0x2E,
    0x6C, 0xCF, 0x43, 0xE1, 0x4A, 0x16, 0x0C, 0x6E, 0x7B, 0xCB, 0xE2, 0x6F, 0xEB, 0xF8, 0x66, 0x48,
    0xD2, 0xD1, 0xB1, 0xAE, 0xCC, 0x03, 0xB1, 0x3B, 0xC6, 0x19, 0xCA, 0xAA, 0xC6, 0x89, 0x8B, 0xC1,
    0xCC, 0xDD, 0x1D, 0xF9, 0xE5, 0xE2, 0x70, 0xD9, 0x63, 0x01, 0x82, 0x5D, 0xB2, 0x99, 0xF9, 0xB2,
    0x99, 0xF9, 0x2B, 0xFB, 0x87, 0xE2, 0x7F, 0xCF, 0x66, 0xF6, 0x00, 0x36, 0x43, 0xCF, 0xE6, 0xE6,
    0x6E, 0xC8, 0x3A, 0xD0, 0xC4, 0x53, 0x54, 0x87, 0x5D, 0xBA, 0x57, 0xAC, 0x42, 0x7E, 0xC0, 0xD0,
    0xCC, 0x14, 0x6E, 0x34, 0x47, 0xD5, 0xBD, 0xAD, 0xC3, 0x26, 0x44, 0x32, 0x2E, 0xF3, 0x6B, 0xF6,
    0x64, 0x4F, 0x48, 0xAE, 0x40, 0x4D, 0x8C, 0xA3, 0xEB, 0x76, 0x19, 0x62, 0x6B, 0x82, 0x1B, 0xF6,
    0x0D, 0x4A, 0x83, 0x8E, 0x96, 0x09, 0x84, 0xA2, 0x13, 0x88, 0xB3, 0x63, 0xBE, 0xD6, 0x2C, 0x37,
    0xC2, 0xCC, 0x0D, 0x0D, 0xF2, 0x71, 0x0A, 0x60, 0x10, 0x58, 0x70, 0x96, 0x22, 0x41, 0xCF, 0x8B,
    0x41, 0x2E, 0xF2, 0xC1, 0x32, 0xAB, 0x87, 0xCA, 0x1B, 0x02, 0x1A, 0x79, 0xB5, 0x57, 0x6E, 0xC4,
    0xE9, 0xA0, 0x4A, 0xA8, 0x90, 0xCE, 0xFC, 0x93, 0x7D, 0xD3, 0x91, 0x49, 0xE2, 0x53, 0x0F, 0x12,
    0xD6, 0xE2, 0x04, 0xBF, 0xCC, 0xBE, 0xE1, 0x4B, 0x51, 0xEE, 0x74, 0x39, 0x53, 0x46, 0xAC, 0xA5,
    0x59, 0x16, 0x2F, 0xD6, 0xD2, 0x66, 0xCC, 0x8A, 0x04, 0xF3, 0x09, 0x91, 0x0D, 0x95, 0x61, 0x7F,
    0xEC, 0xC4, 0x8D, 0xBE, 0xE1, 0xDF, 0xA4, 0x99, 0x75, 0x42, 0x33, 0x87, 0x48, 0x2E, 0x59, 0xC4,
    0xCC, 0x88, 0x6E, 0xF6, 0x0B, 0x85, 0xAB, 0x9C, 0x62, 0xF2, 0x25, 0xF2, 0x57, 0x79, 0xF2, 0x3A,
    0x81, 0x9C, 0x05, 0xB0, 0x08, 0x54, 0x65, 0x83, 0x4F, 0x29, 0xF2, 0xCE, 0xEC, 0x14, 0x45, 0x30,
    0x78, 0xC5, 0xDE, 0xE3, 0x7E, 0xDD, 0x4E, 0xA1, 0x49, 0x93, 0xBF, 0x32, 0x57, 0x30, 0x9B, 0xC6,
    0xE1, 0x31, 0x2F, 0xFD, 0x0A, 0xBE, 0xD3, 0xD6, 0xC7, 0xF0, 0x0B, 0x10, 0x3E, 0x1E, 0xC5, 0xED,
    0x48, 0xF2, 0x83, 0xFF, 0x3D, 0x79, 0x13, 0x21, 0x95, 0xB4, 0x10, 0x12, 0xC9, 0xE7, 0x92, 0x46,
    0xFE, 0x92, 0x44, 0x52, 0xC7, 0x5F, 0x8A, 0x9C, 0x04, 0xD2, 0x38, 0x48, 0xDF, 0x5A, 0x38, 0x69,
    0x45, 0x5D, 0xAE, 0x90, 0xE3, 0xB6, 0x62, 0x0D, 0x88, 0x56, 0x98, 0x7D, 0x40, 0xB1, 0x78, 0x96,
    0x83, 0x41, 0xDA, 0x06, 0x60, 0x85, 0x33, 0xA7, 0x21, 0xBC, 0x6C, 0x1E, 0x56, 0xF8, 0xFD, 0x85,
    0x7F, 0x63, 0xF7, 0x14, 0x32, 0xE8, 0x8B, 0x90, 0xCE, 0xB1, 0x5F, 0x1C, 0x22, 0x9D, 0x33, 0x7F,
    0x93, 0xED, 0x81, 0x0F, 0xFC, 0x01, 0x58, 0xCC, 0xEC, 0x27, 0x88, 0x3F, 0xF6, 0x9D, 0x1B, 0xCC,
    0x0D, 0xD2, 0x81, 0x21, 0x8B, 0x1E, 0x34, 0x87, 0xEF, 0xC1, 0xA1, 0x92, 0x97, 0x65, 0xFD, 0xB7,
    0x30, 0xEE, 0x70, 0x94, 0xAD, 0x94, 0x26, 0x57, 0x6C, 0xDD, 0x79, 0xD3, 0x69, 0x34, 0xAE, 0x20,
    0xE0, 0xF4, 0xBF, 0xE4, 0xB8, 0x1E, 0x31, 0x17, 0x2B, 0xC6, 0x5E, 0x93, 0x8A, 0x25, 0x15, 0x5E,
    0x92, 0x67, 0x0F, 0xAB, 0xEB, 0x35, 0x2B, 0x59, 0x33, 0xE6, 0x9C, 0x45, 0x32, 0x7C, 0x8B, 0xBD,
    0xB2, 0x46, 0x95, 0x16, 0x50, 0x80, 0x0F, 0x9E, 0x85, 0xDC, 0xFB, 0x35, 0x22, 0x8F, 0x22, 0x74,
    0xEE, 0xBE, 0xF1, 0x96, 0x4A, 0xE7, 0x1C, 0xB5, 0x08, 0x90, 0xC9, 0x00, 0xEB, 0x48, 0x47, 0x18,
    0x9F, 0x3E, 0xF4, 0x4F, 0x2D, 0xAC, 0x3F, 0x99, 0x45, 0x48, 0x83, 0xD5, 0xE7, 0x5D, 0xCE, 0x7A,
    0x34, 0x94, 0x07, 0xCA, 0xEC, 0xB6, 0xA4, 0x41, 0x56, 0x35, 0xE8, 0xA7, 0xC3, 0x33, 0xFC, 0xC0,
    0x17, 0xE1, 0x1C, 0xD0, 0x41, 0x22, 0xEF, 0x88, 0x27, 0xB9, 0xDB, 0x90, 0x5E, 0x93, 0xAE, 0x73,
    0x00, 0x1F, 0x69, 0x2F, 0x16, 0xF9, 0x71, 0x4C, 0xFC, 0x9F, 0x12, 0x99, 0xEB, 0x40, 0xE5, 0xDE,
    0xB5, 0xB8, 0xEA, 0x9A, 0xD2, 0xED, 0x48, 0x69, 0x44, 0xF6, 0xC7, 0x9E, 0x52, 0x7B, 0xFA, 0x01,
    0x45, 0xE4, 0xA5, 0x48, 0xE0, 0xD3, 0x1A, 0xF7, 0x29, 0x91, 0x79, 0x53, 0x51, 0x72, 0xE2, 0x3F,
    0xCB, 0xCE, 0x2C, 0xA9, 0x9D, 0x4F, 0x8E, 0x24, 0x64, 0xF7, 0xE9, 0x8E, 0x16, 0x55, 0x11, 0xD5,
    0x12, 0x62, 0xED, 0xCA, 0x33, 0xDC, 0xBE, 0x9C, 0xA9, 0xC8, 0xCC, 0xB5, 0x60, 0x94, 0xCA, 0x05,
    0x95, 0x2B, 0x7B, 0x0A, 0xF0, 0xE9, 0xA8, 0x2B, 0x29, 0x7F, 0x9F, 0x67, 0x2D, 0x69, 0xF7, 0xA9,
    0xE3, 0x75, 0x2C, 0x94, 0xEB, 0xB0, 0xBB, 0x30, 0xA1, 0x54, 0x64, 0xC9, 0x07, 0x55, 0x23, 0x27,
    0x05, 0xD2, 0x67, 0xBA, 0xBB, 0xDC, 0xEC, 0x5D, 0x2E, 0xE2, 0x68, 0xBE, 0x57, 0xF8, 0x18, 0x57,
    0x94, 0xA2, 0x11, 0x2B, 0x73, 0xA7, 0x2A, 0x90, 0x07, 0x42, 0xF5, 0x2D, 0x4D, 0x91, 0x25, 0x91,
    0x9A, 0x09, 0x05, 0x1C, 0x36, 0x31, 0xE3, 0x35, 0x6C, 0xBE, 0xB1, 0x27, 0x56, 0x5E, 0x6A, 0xF4,
    0xBE, 0x8A, 0x8E, 0x45, 0x2D, 0x28, 0x57, 0x4A, 0xE1, 0xAE, 0x48, 0xB5, 0x54, 0xD9, 0xD1, 0xE9,
    0xA0, 0xBA, 0x04, 0x50, 0x99, 0xD1, 0x3A, 0xE8, 0xE0, 0x4D, 0x0D, 0x42, 0xC4, 0x03, 0x81, 0x46,
    0x21, 0x41, 0x41, 0x35, 0xF7, 0xF3, 0xC6, 0x0E, 0x09, 0x6F, 0xC6, 0x35, 0xED, 0x32, 0xB1, 0x94,
    0x50, 0x6D, 0x0F, 0x40, 0x8A, 0x97, 0xBE, 0x2B, 0x8C, 0xD6, 0x5E, 0x18, 0xB0, 0x99, 0x12, 0x67,
    0x0B, 0x98, 0x90, 0xCD, 0x99, 0x6D, 0x68, 0xB3, 0x89, 0xE5, 0x97, 0xDE, 0xB9, 0x40, 0x96, 0x65,
    0x5D, 0x1F, 0x28, 0xA1, 0x53, 0x4F, 0x05, 0x24, 0x67, 0x6C, 0x93, 0x0D, 0xA0, 0x29, 0xEF, 0xA0,
    0xEC, 0xBC, 0x65, 0xE1, 0xAC, 0x55, 0x3C, 0x0D, 0x97, 0xCA, 0x54, 0x54, 0xAC, 0x38, 0x8E, 0xCF,
    0x4D, 0x1A, 0x8F, 0xD4, 0x77, 0x0D, 0x89, 0xF3, 0xCF, 0x9D, 0xF1, 0xDC, 0x88, 0xCF, 0x8D, 0xBF,
    0xE9, 0xB9, 0xD9, 0xFF, 0xF0, 0xDC, 0x78, 0xEB, 0xA0, 0xB7, 0x5C, 0xCD, 0xB0, 0x97, 0xA2, 0x2C,
    0x56, 0x46, 0xEE, 0x73, 0x7F, 0x01, 0xEF, 0xB8, 0xF0, 0x65, 0x64, 0x7D, 0x74, 0x7E, 0xE0, 0x97,
    0xAE, 0x18, 0x69, 0x2D, 0x01, 0xE5, 0x7B, 0xF8, 0xFD, 0x44, 0x25, 0x62, 0xF3, 0xCF, 0x26, 0x98,
    0x69, 0x52, 0x00, 0xFC, 0x8F, 0x17, 0xEB, 0xD3, 0x54, 0x8B, 0xE4, 0x53, 0x70, 0x08, 0xA1, 0x53,
    0x50, 0x89, 0xBD, 0xF8, 0xDF, 0x40, 0xDF, 0x4A, 0xF2, 0x3B, 0x69, 0xB5, 0xF5, 0x20, 0xCA, 0xCE,
    0x85, 0x0A, 0x6D, 0xAA, 0xAF, 0x28, 0xA8, 0xF6, 0x3B, 0x42, 0x77, 0x91, 0xB6, 0xDF, 0xA7, 0xBE,
    0x76, 0xB5, 0x8F, 0x07, 0x7E, 0xC9, 0x7A, 0x08, 0x09, 0x7D, 0x17, 0xBF, 0x5F, 0xF8, 0xFC, 0xDD,
    0xCB, 0xFE, 0x97, 0xFE, 0x94, 0x53, 0x33, 0x6C, 0x99, 0xD0, 0x7A, 0x92, 0xD5, 0xE9, 0xA4, 0x83,
    0x00, 0x96, 0x80, 0x57, 0x0B, 0x46, 0x40, 0xB9, 0x6C, 0x10, 0x7C, 0xA4, 0xBD, 0x13, 0xB5, 0xE4,
    0x0E, 0xFD, 0x71, 0xC9, 0x9E, 0xD2, 0xC9, 0x31, 0xA5, 0x60, 0xB4, 0x66, 0x4B, 0x06, 0x66, 0x18,
    0x03, 0x81, 0x17, 0xE9, 0x2D, 0x6F, 0x77, 0x31, 0xF6, 0x08, 0xE8, 0xAD, 0x33, 0xA0, 0xAD, 0x90,
    0x25, 0xCF, 0x97, 0xF1, 0x94, 0xB8, 0x3E, 0x17, 0x86, 0x3B, 0x5F, 0x93, 0x39, 0xC4, 0x4B, 0xA3,
    0x17, 0x7E, 0xDE, 0xBB, 0x8A, 0x64, 0x47, 0x0D, 0xA8, 0x48, 0x2A, 0x86, 0x70, 0xCC, 0xEA, 0xAC,
    0x9F, 0x36, 0x36, 0xAD, 0xF3, 0x2F, 0x87, 0x70, 0xCE, 0x4D, 0xF9, 0xC7, 0xE6, 0x02, 0xF6, 0xF1,
    0x78, 0x91, 0xCF, 0x81, 0x14, 0x79, 0xFC, 0x89, 0x4B, 0xED, 0x2D, 0x06, 0x44, 0x3A, 0x90, 0x74,
    0xC1, 0x0B, 0xDF, 0x22, 0xF4, 0x08, 0x76, 0x1A, 0xCD, 0x4C, 0x05, 0xEB, 0xAA, 0xB5, 0x30, 0xC0,
    0x74, 0x48, 0xC6, 0x60, 0x78, 0x08, 0xA1, 0xD3, 0xCC, 0x48, 0x12, 0x3D, 0x0E, 0xAE, 0x64, 0x5C,
    0xA6, 0xBB, 0xA9, 0x58, 0xC1, 0x0E, 0x91, 0xC1, 0xC0, 0xB9, 0x7F, 0x6C, 0x3F, 0xB0, 0xCF, 0xD9,
    0xE7, 0x27, 0xFE, 0x23, 0xA9, 0x99, 0x87, 0xCC, 0xAE, 0xE5, 0xAB, 0x8B, 0xEE, 0xAA, 0xF4, 0x98,
    0xEA, 0xE8, 0x99, 0x73, 0x6D, 0x04, 0x07, 0x6A, 0xFA, 0x1F, 0xE1, 0xB2, 0x08, 0x7E, 0xE2, 0xCB,
    0xD1, 0x15, 0x67, 0x4B, 0x15, 0x64, 0xE9, 0x86, 0xB0, 0x89, 0xF5, 0x7D, 0xA9, 0x90, 0x7E, 0xFF,
    0x6F, 0xD8, 0x45, 0xDD, 0x49, 0x1D, 0xC8, 0x9B, 0xD9, 0x47, 0xCB, 0x62, 0x97, 0x6B, 0x24, 0x80,
    0xDD, 0xD8, 0x45, 0x39, 0xEE, 0x83, 0x13, 0xD7, 0x3F, 0x9A, 0x8C, 0xFF, 0x1A, 0x3A, 0xF8, 0x00,
    0x03, 0x85, 0x8B, 0x53, 0x6C, 0x03, 0x41, 0xDB, 0x63, 0x9E, 0xC8, 0x8E, 0xA1, 0x20, 0xB4, 0x9F,
    0x71, 0x3D, 0x63, 0xEF, 0xC1, 0xF9, 0xE1, 0x54, 0x87, 0xC1, 0x21, 0x65, 0x61, 0x39, 0xFF, 0x79,
    0x74, 0x7A, 0xBE, 0xBA, 0xE9, 0xFA, 0xAC, 0x74, 0x3B, 0x24, 0x33, 0x60, 0xCA, 0xD6, 0xC9, 0xD2,
    0x26, 0x15, 0xCD, 0xF1, 0x6F, 0x2C, 0xDF, 0x61, 0x65, 0x2C, 0xFF, 0x6A, 0x0A, 0x58, 0x39, 0xAF,
    0x10, 0xFD, 0xA2, 0x39, 0xED, 0x98, 0x58, 0x3D, 0x3B, 0xA9, 0x4B, 0x5B, 0x5D, 0x23, 0x62, 0x4F,
    0xBF, 0xC0, 0xF2, 0x10, 0x4E, 0x5C, 0x36, 0xB6, 0x62, 0xDE, 0x95, 0xB2, 0xB6, 0x58, 0xB3, 0xA5,
    0x4F, 0x3B, 0xE6, 0x32, 0x45, 0x19, 0x91, 0x64, 0xA5, 0x65, 0xEA, 0xF2, 0xCB, 0x79, 0xC8, 0x81,
    0x32, 0x55, 0xA2, 0xC6, 0xE3, 0xBD, 0xFE, 0x5A, 0x8A, 0x4C, 0x60, 0x63, 0x73, 0x95, 0xE9, 0xC6,
    0x10, 0x29, 0x34, 0x92, 0xC6, 0x84, 0x1D, 0x95, 0xAA, 0xA9, 0x60, 0x6D, 0x7A, 0x3E, 0x53, 0x09,
    0xE6, 0x7C, 0xAF, 0xE0, 0x89, 0x43, 0x46, 0xBA, 0x98, 0xB3, 0x11, 0xB1, 0x30, 0x6D, 0x6B, 0xAB,
    0x86, 0x66, 0x57, 0x4A, 0xB0, 0x19, 0x9F, 0x2A, 0x26, 0x91, 0x60, 0x80, 0xBA, 0xAC, 0x17, 0x5D,
    0x23, 0xB5, 0xC6, 0xE5, 0xFB, 0x04, 0x3C, 0xC9, 0x08, 0x07, 0x09, 0x19, 0x64, 0x40, 0x00, 0xB0,
    0x72, 0xA6, 0x29, 0xC8, 0x57, 0xB0, 0x29, 0x00, 0xC1, 0xC7, 0x5C, 0x8E, 0x46, 0x2C, 0x83, 0xC9,
    0x13, 0x2C, 0x6F, 0xF3, 0x3B, 0x5C, 0xE6, 0x40, 0x81, 0x98, 0xA4, 0xC4, 0x00, 0x5B, 0xE9, 0x7B,
    0x58, 0xAE, 0x28, 0xA8, 0x31, 0x76, 0x3A, 0x76, 0xDD, 0xFF, 0x23, 0x69, 0xC7, 0x1F, 0x7B, 0xF7,
    0x75, 0xBE, 0x5D, 0xEB, 0x29, 0x66, 0xBF, 0xE8, 0x1E, 0x90, 0x83, 0xEC, 0xAB, 0xBD, 0x24, 0x0A,
    0x59, 0xB5, 0x6D, 0xF7, 0x92, 0xA8, 0xF8, 0x30, 0x89, 0x7A, 0x65, 0x4D, 0xA2, 0xEC, 0x41, 0x12,
    0xB5, 0x7A, 0x1F, 0x05, 0x86, 0xD9, 0xC7, 0x05, 0xBA, 0x9F, 0xBD, 0x3E, 0x75, 0xD8, 0xCB, 0x4C,
    0xCA, 0x13, 0x8D, 0x2B, 0xD8, 0x3D, 0xD0, 0x10, 0xD7, 0x7F, 0x7E, 0x86, 0x13, 0x5C, 0xDF, 0x5C,
    0x07, 0x2B, 0x3C, 0xDA, 0xB9, 0x46, 0x26, 0xD4, 0x39, 0x69, 0xCD, 0x39, 0xE9, 0xC9, 0x78, 0x24,
    0x3E, 0x59, 0x8F, 0xE4, 0x27, 0xF3, 0x91, 0x00, 0x45, 0x86, 0xF0, 0x2C, 0x0D, 0x68, 0xAB, 0x9A,
    0x01, 0x2D, 0xC8, 0xE3, 0x5D, 0x7E, 0x50, 0x88, 0x46, 0x36, 0x94, 0x3B, 0xFD, 0xEC, 0x42, 0x7D,
    0xD2, 0xAD, 0x95, 0x16, 0x03, 0x57, 0x1C, 0xCF, 0xE1, 0x18, 0x4F, 0xAA, 0x0F, 0xBB, 0x26, 0xD2,
    0x6C, 0x59, 0x4B, 0xD8, 0xC2, 0x3F, 0xA5, 0x23, 0xBD, 0x85, 0x1E, 0x4A, 0x33, 0xEB, 0x7C, 0xA5,
    0x22, 0xA7, 0xD1, 0x05, 0x34, 0x5B, 0x5F, 0xC6, 0xA0, 0x70, 0xE8, 0x61, 0xB0, 0x2C, 0xDB, 0x35,
    0xA9, 0xA0, 0xC8, 0x05, 0xE3, 0x6D, 0xBE, 0x67, 0xE3, 0x9D, 0x1F, 0xC2, 0x78, 0xDD, 0x6C, 0xC5,
    0x13, 0x82, 0x2F, 0x89, 0xAC, 0x23, 0xF2, 0xC3, 0x15, 0xED, 0xCE, 0x52, 0xC7, 0x87, 0xB5, 0x54,
    0xA6, 0xFB, 0xDD, 0x83, 0x2C, 0x95, 0xAE, 0xF5, 0x09, 0xF0, 0x1C, 0xD1, 0x7F, 0x56, 0x6C, 0xAB,
    0x0B, 0xF2, 0xA5, 0x6E, 0x6C, 0x44, 0x01, 0xC9, 0x3E, 0xA0, 0x01, 0x6F, 0x4E, 0x78, 0x99, 0x5A,
    0x15, 0x6A, 0xFF, 0xB1, 0x0A, 0xD2, 0x47, 0x54, 0x78, 0x4D, 0x0F, 0x3E, 0x69, 0x10, 0xE6, 0x53,
    0xAC, 0xC6, 0xEA, 0x2A, 0x94, 0xF7, 0x67, 0xE3, 0x70, 0x96, 0x29, 0xEF, 0x70, 0x52, 0x62, 0x56,
    0x43, 0xE1, 0xA6, 0x06, 0x8C, 0x34, 0x2E, 0xF3, 0x3C, 0xD9, 0xEF, 0x72, 0x10, 0x35, 0xB2, 0x8F,
    0xE2, 0x0A, 0x59, 0xAA, 0xE5, 0xB5, 0x4B, 0x5F, 0xDA, 0x37, 0xE4, 0x70, 0x9D, 0xDD, 0x1D, 0x90,
    0xCD, 0x41, 0x43, 0xCE, 0x72, 0xEC, 0x86, 0xF5, 0xCC, 0xF4, 0x2E, 0xFB, 0xAF, 0x6C, 0x3F, 0x22,
    0x7B, 0x2D, 0x21, 0xF6, 0xEC, 0x4F, 0x0C, 0xE7, 0x40, 0xDB, 0x73, 0x62, 0x2B, 0x65, 0x2B, 0x6C,
    0xDD, 0x82, 0x05, 0x31, 0x97, 0xF3, 0x90, 0x86, 0x23, 0x2B, 0x73, 0x6E, 0x18, 0xAA, 0x9C, 0x5D,
    0x9F, 0xEE, 0x5C, 0xC7, 0xFF, 0x96, 0xB0, 0xAC, 0x20, 0x23, 0x73, 0x65, 0xE6, 0x3C, 0x25, 0x49,
    0x4E, 0x68, 0x57, 0x1F, 0x32, 0x14, 0xCF, 0x0C, 0x8D, 0xD5, 0xD7, 0x4C, 0x0A, 0x2D, 0x23, 0xA5,
    0x6A, 0x1B, 0x91, 0xD8, 0xAD, 0xC8, 0x79, 0x32, 0x59, 0x4E, 0x16, 0xBD, 0xAF, 0xF1, 0x1B, 0x80,
    0xC0, 0x04, 0x1A, 0xA1, 0xD4, 0x52, 0x7B, 0x07, 0xFB, 0x56, 0xBE, 0x88, 0x3B, 0xFB, 0xA2, 0xAE,
    0xB9, 0x52, 0x3C, 0x6E, 0xD6, 0xBE, 0x5C, 0x4A, 0x59, 0xEC, 0xF7, 0xE5, 0xB2, 0xFD, 0x16, 0x15,
    0x20, 0x43, 0xD5, 0x25, 0xAC, 0x63, 0xDA, 0xD7, 0x81, 0xBA, 0x3E, 0x07, 0x04, 0xBB, 0x6F, 0xF9,
    0x68, 0xE0, 0x0F, 0xF8, 0x18, 0xFB, 0x1F, 0xB0, 0xC2, 0x96, 0xE3, 0x43, 0xEC, 0x0D, 0x07, 0x56,
    0x72, 0xDB, 0xBA, 0x74, 0xA8, 0x60, 0x37, 0x8E, 0x7D, 0x81, 0xAC, 0x15, 0x06, 0xBC, 0x3A, 0xE8,
    0x4F, 0x7C, 0xFD, 0xD6, 0xF9, 0x20, 0x26, 0xBD, 0xAB, 0xAB, 0x2A, 0x19, 0xA8, 0xC3, 0xD5, 0x38,
    0xC5, 0xE7, 0xAC, 0x1A, 0x3F, 0x23, 0x21, 0xD0, 0x3B, 0x64, 0xA3, 0x34, 0xFF, 0x25, 0x1E, 0x02,
    0x7E, 0x25, 0x05, 0xCA, 0x26, 0x1B, 0xA4, 0xFA, 0x8F, 0x54, 0x39, 0xD1, 0x94, 0x58, 0x4F, 0x20,
    0x8E, 0xDB, 0x29, 0x48, 0xEC, 0x57, 0xA9, 0xC2, 0x44, 0xFB, 0x53, 0x07, 0x77, 0x99, 0xB1, 0x79,
    0xD2, 0x00, 0xDE, 0x4C, 0xC0, 0x9E, 0xD9, 0x17, 0x04, 0xD1, 0xF0, 0x9D, 0x57, 0x8A, 0x7D, 0xFD,
    0xE8, 0x5C, 0x50, 0x18, 0x89, 0x1F, 0x4A, 0xEB, 0x68, 0x0A, 0x0D, 0xC5, 0xF1, 0x6B, 0xDA, 0x42,
    0x4C, 0x48, 0x2A, 0x20, 0x4A, 0x81, 0x3C, 0x43, 0x6B, 0x88, 0x29, 0x11, 0x9A, 0x03, 0xCD, 0xAC,
    0x73, 0xF6, 0xE0, 0x65, 0x82, 0x87, 0x6A, 0x18, 0x8A, 0x55, 0x75, 0x15, 0xED, 0x5C, 0x99, 0x0F,
    0xCA, 0x2C, 0xDD, 0x1F, 0xB0, 0x52, 0xD6, 0x8E, 0x95, 0x4B, 0xD7, 0xCE, 0x5C, 0x58, 0x62, 0xD6,
    0x0C, 0x87, 0xE3, 0xDE, 0x57, 0x9A, 0xB5, 0x75, 0xA6, 0x3C, 0xD4, 0x2A, 0xAD, 0x71, 0xD2, 0xF3,
    0x7F, 0xD4, 0xFA, 0x43, 0x09, 0x1B, 0xFF, 0x50, 0x02, 0x99, 0x0F, 0x7E, 0x38, 0x45, 0x72, 0x51,
    0x56, 0x41, 0x1F, 0xDD, 0xE8, 0x11, 0xF7, 0xF5, 0xF4, 0x62, 0xE3, 0xA8, 0xB0, 0x12, 0x92, 0x28,
    0xA5, 0x75, 0x5A, 0x6F, 0x39, 0x4D, 0x50, 0xB1, 0xF9, 0x65, 0xDF, 0x71, 0xD5, 0x3A, 0x5E, 0x60,
    0x38, 0x3C, 0x67, 0xAB, 0x01, 0x44, 0x22, 0x8E, 0x30, 0x8A, 0x87, 0x90, 0xCA, 0x98, 0xAA, 0x0B,
    0x86, 0x0B, 0x85, 0x39, 0x47, 0xCA, 0x47, 0xB0, 0xCE, 0x15, 0x94, 0x28, 0xBC, 0x46, 0x73, 0x24,
    0x80, 0x43, 0x3F, 0x5D, 0xB6, 0x30, 0xFE, 0xD1, 0xA1, 0xB2, 0x03, 0x8D, 0x7A, 0xC5, 0x2E, 0x8C,
    0x6E, 0x48, 0xEC, 0x46, 0x9D, 0xA7, 0xA5, 0xF4, 0x6C, 0x82, 0xEB, 0xE7, 0x3A, 0x81, 0xAE, 0xC5,
    0x39, 0xE8, 0xB9, 0x75, 0x32, 0xFF, 0xC6, 0xF6, 0x4C, 0xDF, 0x67, 0xA5, 0x12, 0x5B, 0x58, 0x77,
    0xD5, 0x32, 0x63, 0x60, 0x12, 0x9F, 0x8D, 0x91, 0x3D, 0xB3, 0xF3, 0x66, 0xE9, 0x1E, 0xAA, 0x7D,
    0xD9, 0x72, 0x00, 0x8D, 0x75, 0x0D, 0x8D, 0x21, 0x16, 0x60, 0x54, 0x03, 0x0D, 0x74, 0xE5, 0xF2,
    0xA7, 0x1D, 0x93, 0x90, 0xD9, 0x97, 0xA6, 0x44, 0x51, 0x56, 0x8B, 0x1C, 0xF8, 0xEF, 0x60, 0x07,
    0x0B, 0xCA, 0x7F, 0xE9, 0x37, 0x73, 0xC9, 0xDE, 0x21, 0x47, 0xE4, 0x02, 0x15, 0x2E, 0x1A, 0xE3,
    0xE6, 0xF7, 0x84, 0x09, 0x3D, 0x72, 0xE5, 0x9D, 0xF4, 0x91, 0x79, 0xB7, 0xC2, 0xDB, 0xDD, 0x68,
    0xC1, 0x6C, 0x5C, 0x27, 0x13, 0x54, 0x02, 0x2B, 0x22, 0xEE, 0x6D, 0x01, 0xA3, 0xAB, 0x16, 0x4F,
    0xCA, 0x06, 0xA6, 0x40, 0xAC, 0x4E, 0xC4, 0x70, 0x36, 0xB7, 0x2B, 0x70, 0xB6, 0xB4, 0x82, 0xE9,
    0xAA, 0x18, 0xA8, 0x60, 0x7D, 0xD8, 0x91, 0x55, 0xCA, 0x06, 0xFC, 0x68, 0xAC, 0x92, 0xD1, 0xA3,
    0xD5, 0xFF, 0x57, 0x69, 0xE4, 0x4B, 0xC3, 0xE7, 0xD8, 0xAC, 0x8D, 0x73, 0x45, 0x43, 0xF5, 0x18,
    0x2B, 0x88, 0x3D, 0x98, 0x77, 0x10, 0x26, 0x1A, 0x4E, 0x0A, 0xB2, 0x65, 0x5C, 0x79, 0x6F, 0x94,
    0x4D, 0x93, 0xB1, 0xCD, 0x32, 0x8A, 0xB4, 0x4E, 0x63, 0x4D, 0x5E, 0x49, 0xE7, 0xBF, 0xD4, 0xCF,
    0x63, 0x1E, 0xBB, 0x30, 0x6B, 0x0A, 0x26, 0x37, 0x80, 0xB6, 0x07, 0x5D, 0xF6, 0x5A, 0xBE, 0x76,
    0xD7, 0xF2, 0x1D, 0x2E, 0x51, 0xD1, 0x2F, 0x9A, 0xB7, 0x4C, 0xF2, 0x31, 0x83, 0xF9, 0xEC, 0xB1,
    0xC9, 0x1E, 0x35, 0xDF, 0x93, 0x54, 0xD4, 0xEC, 0x2D, 0x8D, 0x9B, 0x64, 0x93, 0x1F, 0x8E, 0x2F,
    0x44, 0x46, 0x86, 0x88, 0xC0, 0xAA, 0xA6, 0x67, 0x67, 0x06, 0xB2, 0x09, 0x2E, 0x2E, 0xBF, 0x85,
    0xAD, 0x7E, 0x6A, 0xDC, 0x51, 0x72, 0x93, 0x25, 0x85, 0xEB, 0x74, 0xC7, 0xBE, 0xD3, 0x8D, 0x7D,
    0x4E, 0xAC, 0x8A, 0x3C, 0x0D, 0x13, 0x9C, 0xE7, 0x06, 0x0E, 0x6B, 0x0E, 0x70, 0x07, 0x3C, 0xBB,
    0x85, 0x75, 0x6D, 0x78, 0x70, 0xEA, 0x7D, 0x61, 0xEF, 0x20, 0x91, 0xEC, 0xB2, 0x39, 0x08, 0x53,
    0x29, 0x8D, 0x4A, 0x45, 0x38, 0xC4, 0xA4, 0x6A, 0x4A, 0x86, 0xCD, 0x29, 0xAF, 0x62, 0x2D, 0x4E,
    0xD1, 0xFC, 0x44, 0xD3, 0x57, 0x23, 0x3B, 0x42, 0x59, 0x13, 0x8F, 0xF9, 0xCC, 0xEB, 0x34, 0x4A,
    0xD0, 0xC0, 0xB5, 0x73, 0x87, 0x5F, 0x78, 0x33, 0xD3, 0x28, 0x67, 0xFE, 0x79, 0x07, 0x6E, 0xE3,
    0xEE, 0x32, 0xB8, 0xD4, 0xE8, 0x1D, 0x7D, 0x22, 0x8B, 0x97, 0xD7, 0x7A, 0xF3, 0x52, 0xF1, 0xB3,
    0x83, 0x16, 0x3E, 0xF9, 0x54, 0x1C, 0x27, 0xD0, 0xCC, 0xDB, 0xE3, 0xC2, 0x8D, 0x2E, 0xDC, 0x72,
    0x13, 0x44, 0x41, 0x05, 0x15, 0x92, 0xD3, 0x47, 0x37, 0x76, 0x23, 0x87, 0x77, 0x9F, 0xCD, 0x4C,
    0x85, 0x86, 0x1E, 0x0C, 0xB4, 0x3F, 0x24, 0x17, 0xE5, 0xCA, 0xC5, 0x5F, 0x18, 0x5F, 0x7D, 0x32,
    0x27, 0xFC, 0xF8, 0x9D, 0x9F, 0xC1, 0xE6, 0xE4, 0xDF, 0x77, 0x57, 0xD6, 0x63, 0x4B, 0x4B, 0x88,
    0xF6, 0xD0, 0x69, 0x36, 0xC9, 0x9C, 0xD1, 0x23, 0x5C, 0x3F, 0xBA, 0x8E, 0x63, 0x4B, 0xAC, 0x5E,
    0x29, 0x6B, 0x9E, 0x16, 0xF4, 0x1C, 0x14, 0x17, 0xF0, 0x4C, 0xE9, 0xA3, 0x49, 0xCB, 0x09, 0x87,
    0x5E, 0x12, 0x00, 0x11, 0x3F, 0x76, 0x87, 0x48, 0x63, 0x1E, 0x12, 0x81, 0x06, 0x54, 0xA8, 0x9E,
    0xAD, 0xAF, 0xE9, 0x49, 0x06, 0xCC, 0xBA, 0x0B, 0x68, 0x09, 0xC9, 0x2F, 0x50, 0x25, 0x85, 0x90,
    0x2F, 0x63, 0x94, 0x5B, 0x37, 0xC0, 0x21, 0x29, 0xE4, 0x1C, 0xA4, 0xE6, 0x01, 0x64, 0x85, 0xDD,
    0x95, 0x20, 0x7F, 0x75, 0xE0, 0x2B, 0x5A, 0x09, 0x82, 0xB4, 0xD4, 0x94, 0x04, 0x24, 0xF6, 0x33,
    0x3F, 0x7A, 0x71, 0xD7, 0xC3, 0xD0, 0x23, 0x86, 0x38, 0x0A, 0xE3, 0x47, 0xEC, 0x79, 0x42, 0x1A,
    0x1C, 0x19, 0xAF, 0xA5, 0xD0, 0x9C, 0xCF, 0x39, 0xF1, 0xD3, 0x74, 0x56, 0x2D, 0xC6, 0x57, 0xD5,
    0x7B, 0x73, 0xAD, 0x37, 0x37, 0x57, 0xE5, 0x06, 0xA5, 0xBB, 0xA5, 0x02, 0xBA, 0x96, 0xC5, 0x2F,
    0xAC, 0xC4, 0xD3, 0xB7, 0xAE, 0x84, 0xBB, 0x95, 0x44, 0xB9, 0x1A, 0x8B, 0x3F, 0x9B, 0x4A, 0xB5,
    0xE4, 0x66, 0x99, 0xB0, 0x77, 0x15, 0xE0, 0xE3, 0xEB, 0x7B, 0x1D, 0xAB, 0x48, 0x63, 0xEB, 0xD4,
    0x5F, 0x7D, 0x63, 0xBE, 0xEE, 0xAB, 0x36, 0xC1, 0x52, 0xB5, 0x31, 0x6B, 0xD5, 0xA6, 0xC3, 0x95,
    0x9F, 0x71, 0x20, 0x2C, 0x14, 0x94, 0x31, 0x06, 0x5B, 0x3D, 0xB5, 0xC5, 0x13, 0xA4, 0xE2, 0x27,
    0x5D, 0xD3, 0x85, 0xF3, 0xEE, 0x84, 0x0D, 0x2F, 0x74, 0x4B, 0xE6, 0xA8, 0x27, 0x46, 0x07, 0x4D,
    0x78, 0x06, 0xF2, 0x91, 0x01, 0x67, 0xA6, 0x3A, 0x90, 0x93, 0x08, 0x50, 0xEF, 0x4F, 0xC9, 0xAD,
    0xB3, 0x70, 0x17, 0xE6, 0xE7, 0xEA, 0x83, 0x09, 0xA5, 0x6F, 0x5E, 0x49, 0x76, 0x2B, 0xC6, 0xFC,
    0xDC, 0x47, 0x25, 0x42, 0x10, 0x00, 0xB9, 0x4F, 0x00, 0x67, 0x3F, 0x52, 0x51, 0x37, 0x15, 0xFC,
    0xD0, 0x14, 0x01, 0x72, 0x8D, 0xB7, 0x74, 0xC3, 0xDA, 0x36, 0xF1, 0x73, 0xD3, 0x6B, 0xDB, 0x44,
    0x90, 0xE9, 0x0D, 0x61, 0xDD, 0xC4, 0xBB, 0xE8, 0x87, 0xD3, 0xEB, 0x6E, 0x40, 0x88, 0xED, 0x4B,
    0x3D, 0x8C, 0x07, 0x17, 0xC1, 0xBF, 0x9A, 0xDF, 0xF8, 0x56, 0x8D, 0x9F, 0x5B, 0x79, 0x08, 0xC5,
    0x19, 0x99, 0x37, 0x8C, 0x7D, 0x66, 0xB1, 0xDB, 0x37, 0x24, 0xF7, 0x14, 0x17, 0xBB, 0x32, 0xED,
    0x8F, 0xC9, 0xE7, 0xB3, 0x9D, 0x1F, 0x63, 0x4A, 0xDE, 0xA1, 0x4B, 0xEA, 0x8F, 0xDA, 0x83, 0x29,
    0x33, 0xF7, 0xCA, 0x04, 0xD2, 0xA8, 0x56, 0x2D, 0x6F, 0xD7, 0x99, 0x51, 0x9F, 0x26, 0x12, 0x40,
    0x50, 0x29, 0xD8, 0xF5, 0x84, 0x55, 0x1F, 0x67, 0xC3, 0x8B, 0x13, 0x4B, 0xBC, 0xA1, 0x3F, 0xBC,
    0x41, 0xD9, 0xED, 0x56, 0xF5, 0x56, 0x40, 0x91, 0x84, 0xED, 0xD3, 0x3B, 0xEE, 0x55, 0x05, 0x65,
    0x2C, 0x23, 0x4F, 0xFC, 0x67, 0x6E, 0xA4, 0xB6, 0x0E, 0x96, 0x1E, 0xE6, 0xCE, 0x5E, 0x90, 0x74,
    0xC7, 0x4B, 0x81, 0xC7, 0x27, 0x8F, 0xE9, 0xDA, 0x12, 0xDF, 0x4F, 0x1E, 0xA3, 0x99, 0xA5, 0x83,
    0xA6, 0xEC, 0x18, 0xB7, 0xEF, 0x30, 0xFF, 0xE4, 0xE8, 0xD5, 0xC4, 0x9E, 0xB6, 0x1B, 0x70, 0xA0,
    0xAB, 0x70, 0x23, 0x34, 0xB9, 0xED, 0x1E, 0x30, 0xE5, 0xB7, 0x75, 0x85, 0x6D, 0x85, 0x76, 0x37,
    0xB6, 0x2B, 0xE2, 0x8D, 0xBA, 0x3E, 0xE9, 0xE0, 0x9A, 0x51, 0xAA, 0xD0, 0xA9, 0x0D, 0x15, 0x88,
    0x71, 0x8F, 0x05, 0x8A, 0xC3, 0x1B, 0xF0, 0x67, 0xCA, 0xDA, 0x24, 0x49, 0x03, 0x32, 0x6D, 0x39,
    0x0C, 0xEE, 0xDE, 0x4C, 0x51, 0x66, 0x5A, 0xD3, 0x33, 0x6C, 0x85, 0x9C, 0x79, 0xB9, 0x8C, 0x6A,
    0xFA, 0x21, 0x78, 0xAE, 0x0C, 0x9B, 0xC5, 0x03, 0x33, 0xC8, 0x4C, 0xAF, 0x97, 0x68, 0x78, 0xE8,
    0x5C, 0x06, 0x79, 0x19, 0xCA, 0xE6, 0x64, 0x67, 0x30, 0x21, 0x44, 0x24, 0xF7, 0x66, 0x57, 0x1D,
    0x3D, 0x48, 0x21, 0xBF, 0x3F, 0x09, 0xB8, 0xE9, 0x17, 0xE5, 0xD3, 0x89, 0xA0, 0x77, 0xCF, 0xA6,
    0x6C, 0xC6, 0x1A, 0xD1, 0xA6, 0x7F, 0x7B, 0xF9, 0xD6, 0x94, 0xBA, 0xF6, 0xDF, 0x2F, 0xD3, 0x16,
    0xCC, 0x93, 0x85, 0x1B, 0xEF, 0xD4, 0x8B, 0x40, 0x2F, 0xA7, 0x08, 0x69, 0xF5, 0xE0, 0xFE, 0xD0,
    0x37, 0x2A, 0x3E, 0x3F, 0x59, 0x2C, 0x53, 0x25, 0x65, 0x53, 0xF9, 0x72, 0x8A, 0xAF, 0x7D, 0x2A,
    0xA3, 0x4C, 0x7B, 0x56, 0xAE, 0xC2, 0xBD, 0xDA, 0x67, 0xD9, 0x96, 0x6D, 0x32, 0x45, 0x7C, 0x01,
    0x8A, 0xFD, 0xBC, 0xD0, 0x01, 0xFE, 0x9B, 0x03, 0x53, 0x4E, 0x6E, 0xF6, 0x28, 0xA3, 0x6F, 0x52,
    0xFF, 0x8E, 0x50, 0x5A, 0x25, 0xF2, 0xF7, 0xE8, 0xA6, 0x08, 0x5A, 0x8F, 0x4E, 0xAF, 0x14, 0x97,
    0x7D, 0x40, 0x4C, 0xAA, 0x04, 0x1B, 0x30, 0x21, 0xEB, 0xE0, 0xDD, 0x94, 0x60, 0x6F, 0x5F, 0xDC,
    0x27, 0x0A, 0x2C, 0xCB, 0x52, 0x54, 0xA7, 0xA3, 0x24, 0xC4, 0x33, 0x4D, 0xA5, 0xA0, 0x80, 0x24,
    0x0A, 0x49, 0x89, 0xB6, 0x42, 0xDB, 0xEC, 0x25, 0x8B, 0x94, 0x09, 0xB6, 0xDA, 0xC4, 0x95, 0x65,
    0x17, 0x88, 0xC2, 0xF8, 0x3F, 0x70, 0xB8, 0xFD, 0x36, 0x0E, 0xB3, 0x85, 0xC3, 0x49, 0x23, 0x5F,
    0xF6, 0x3C, 0x87, 0xEA, 0xFF, 0xCD, 0x6B, 0xED, 0x37, 0x9E, 0xD4, 0xD6, 0x1C, 0x97, 0x7E, 0xD9,
    0x77, 0x53, 0xF2, 0x36, 0xE3, 0xB8, 0x96, 0x53, 0xB2, 0xE0, 0x56, 0xE3, 0xE7, 0x6F, 0xF3, 0x79,
    0x2D, 0xE9, 0xFA, 0x77, 0x47, 0xDC, 0x24, 0xB9, 0x6A, 0x6D, 0x54, 0xBD, 0x4E, 0xCC, 0x4B, 0xC5,
    0x8B, 0x17, 0x5E, 0x6F, 0x69, 0x42, 0x36, 0x9D, 0xCA, 0x26, 0x66, 0xC1, 0x91, 0x59, 0x6A, 0xC1,
    0x37, 0xD2, 0x52, 0x16, 0x4A, 0xCB, 0x26, 0x47, 0x3A, 0xDE, 0xEA, 0x7F, 0xA0, 0xA1, 0xA9, 0xEC,
    0xD3, 0x10, 0x41, 0x63, 0xCB, 0x67, 0xB0, 0xFA, 0xFB, 0xB9, 0x64, 0x35, 0xFE, 0xDD, 0xB1, 0x7C,
    0x1E, 0x39, 0xD4, 0x7B, 0x63, 0x79, 0x15, 0x4E, 0xFE, 0xFD, 0xBE, 0x7C, 0x01, 0x59, 0xD8, 0xCD,
    0xAE, 0x2C, 0x99, 0xFE, 0xB4, 0x65, 0xC5, 0xB9, 0xFB, 0xBA, 0xA4, 0xD1, 0x20, 0x63, 0xD5, 0xE4,
    0xBF, 0x50, 0xB6, 0xFE, 0xA7, 0x1A, 0x06, 0xBB, 0xBB, 0xF9, 0x28, 0x09, 0xC1, 0x68, 0x4A, 0x57,
    0x3C, 0xFF, 0xC5, 0x2E, 0x03, 0x75, 0x28, 0xE7, 0x26, 0x3B, 0x59, 0xE3, 0x41, 0x37, 0x1A, 0x78,
    0x34, 0xED, 0xA3, 0x99, 0xB3, 0x47, 0xF9, 0x57, 0x54, 0x95, 0x7D, 0x6D, 0xC8, 0xE0, 0x60, 0xB2,
    0xD6, 0xF6, 0x79, 0x57, 0x5D, 0xBB, 0xFF, 0x81, 0x7D, 0x66, 0xCE, 0x6E, 0x5C, 0x1D, 0xE3, 0x61,
    0x7C, 0xBB, 0x6C, 0xB2, 0xFB, 0x9F, 0x7C, 0xCD, 0x8C, 0xEF, 0xF9, 0x9B, 0xC3, 0x86, 0x60, 0xA5,
    0x06, 0xA8, 0xAE, 0x58, 0x6C, 0x21, 0x50, 0x2C, 0x87, 0x84, 0x71, 0xAA, 0x01, 0x3D, 0x91, 0x75,
    0xC0, 0xCA, 0x41, 0x9C, 0x8D, 0x6B, 0xE7, 0x4A, 0xBA, 0xAF, 0x82, 0xB6, 0x2B, 0xA7, 0xC7, 0xC5,
    0xC1, 0x1B, 0x23, 0xE4, 0x81, 0xFE, 0xD2, 0xBE, 0xC2, 0x38, 0xAD, 0xF6, 0xE9, 0xC8, 0xEC, 0xD1,
    0xCA, 0x7C, 0x98, 0x54, 0x57, 0x44, 0x5D, 0x3C, 0xE7, 0xE9, 0x7D, 0x75, 0x3C, 0x5D, 0xE3, 0x7D,
    0x1D, 0x46, 0x0D, 0xDD, 0x58, 0xC0, 0xB0, 0x02, 0x83, 0xBC, 0x5B, 0x81, 0x8E, 0x6A, 0x34, 0xC2,
    0x0C, 0x4E, 0xB7, 0x2E, 0xF9, 0x75, 0x73, 0x80, 0xF1, 0xB2, 0x43, 0x60, 0x4F, 0xEA, 0x73, 0x99,
    0x13, 0xF3, 0xFA, 0x09, 0x50, 0x8F, 0xA3, 0xD7, 0xAA, 0xAC, 0x14, 0x6C, 0xA7, 0x3F, 0x4D, 0x9F,
    0xFD, 0x2C, 0x93, 0xD8, 0x6B, 0x3C, 0x08, 0xAF, 0xB1, 0xEC, 0xF5, 0xFA, 0xE0, 0x5F, 0xE3, 0xCC,
    0x5D, 0x27, 0xB6, 0xF6, 0x6F, 0x6B, 0x66, 0xF3, 0x32, 0xBD, 0x28, 0xDC, 0x42, 0x1F, 0xF2, 0x84,
    0xBB, 0x62, 0xEB, 0x8D, 0xCD, 0x69, 0x2A, 0x6C, 0x9F, 0xA2, 0xAD, 0x5D, 0x65, 0x93, 0xAE, 0xE7,
    0x8D, 0x4F, 0x1D, 0x14, 0xEA, 0x2F, 0x53, 0x4A, 0x7E, 0x12, 0xDB, 0x15, 0xF4, 0xDD, 0xE5, 0xBA,
    0xE6, 0xDC, 0xA0, 0xA1, 0x9B, 0xB5, 0x4C, 0x97, 0x94, 0x90, 0x53, 0x60, 0xAA, 0x71, 0xB9, 0x57,
    0x92, 0x54, 0x9A, 0xFF, 0x6E, 0x7F, 0xA6, 0xAA, 0xE5, 0x55, 0xAE, 0x7A, 0xA3, 0xFA, 0x84, 0x7F,
    0x25, 0xC0, 0x44, 0x9A, 0xCE, 0x2F, 0xFC, 0xF0, 0x04, 0x4B, 0xE4, 0xD1, 0x70, 0xF8, 0x12, 0xCA,
    0xEC, 0xDF, 0x3A, 0x03, 0x59, 0xC7, 0x67, 0x95, 0xF5, 0x5B, 0x52, 0x43, 0xA1, 0x53, 0x9A, 0x07,
    0xE5, 0xA5, 0xCA, 0x89, 0x8D, 0xAB, 0x91, 0xC4, 0xF6, 0xDE, 0xD9, 0x69, 0xA6, 0x74, 0xD5, 0x3A,
    0xB7, 0xD1, 0xED, 0x5A, 0x3D, 0x25, 0x9F, 0xE9, 0xFC, 0xD3, 0x03, 0x07, 0x7C, 0x2F, 0x4F, 0x1C,
    0x7A, 0x49, 0x43, 0xA9, 0xA3, 0xDA, 0x65, 0x6F, 0x1F, 0xBE, 0x98, 0x05, 0xA8, 0x60, 0x35, 0x27,
    0x66, 0xFB, 0xCD, 0xD9, 0x0D, 0x41, 0x8B, 0xC9, 0xBF, 0x83, 0x4A, 0x2B, 0x61, 0xC0, 0x0F, 0xDC,
    0x08, 0xCE, 0x76, 0x27, 0x24, 0x04, 0xA0, 0xB3, 0xEB, 0xB1, 0xEB, 0x5B, 0x78, 0x71, 0x50, 0x10,
    0x1D, 0xDF, 0x9C, 0x4C, 0x54, 0x53, 0x72, 0x2F, 0xB1, 0xFA, 0x81, 0x9B, 0xED, 0x9F, 0x87, 0x24,
    0x82, 0xEB, 0x2C, 0x64, 0x32, 0x2A, 0x7E, 0x53, 0xFF, 0xCB, 0xBD, 0x41, 0x56, 0x7A, 0xCA, 0x7A,
    0x73, 0xF6, 0x1B, 0x77, 0x5C, 0x1A, 0x7F, 0x7A, 0xDD, 0x68, 0x4C, 0xE7, 0xA4, 0x21, 0xE3, 0x70,
    0xEF, 0xD7, 0xE9, 0xBD, 0x56, 0x7B, 0xFB, 0xAC, 0x90, 0x75, 0xE4, 0xEB, 0x87, 0xA6, 0x73, 0x2B,
    0x56, 0x27, 0x6A, 0xB6, 0x9F, 0xF8, 0x42, 0x9B, 0xAA, 0x93, 0xA1, 0x4A, 0x6A, 0x05, 0x91, 0xCA,
    0x13, 0x3E, 0xF1, 0x98, 0x65, 0xA8, 0xF1, 0x68, 0xF6, 0xF2, 0xCA, 0x6C, 0x97, 0x57, 0xFA, 0x41,
    0x8B, 0xFF, 0x06, 0x15, 0x8F, 0x31, 0x4A, 0x44, 0x31, 0x18, 0x84, 0x27, 0x2F, 0x60, 0x8A, 0x2D,
    0x5E, 0x6F, 0x61, 0x8E, 0x90, 0x23, 0x44, 0xD1, 0x6E, 0x8B, 0x3D, 0x87, 0x9E, 0xC0, 0x42, 0xC9,
    0x13, 0x2F, 0xE0, 0x35, 0xBC, 0x81, 0xC5, 0xCA, 0x46, 0x5E, 0xB9, 0x4D, 0xC0, 0xD2, 0xE6, 0x1D,
    0x21, 0x8B, 0xAF, 0x88, 0x90, 0x3F, 0x63, 0x16, 0xA6, 0x98, 0x61, 0x18, 0x98, 0xEF, 0x0A, 0x4D,
    0x8B, 0xAE, 0xBA, 0xE0, 0x49, 0x35, 0x23, 0x76, 0x0D, 0x11, 0x26, 0x61, 0xE0, 0x35, 0x28, 0x08,
    0x3F, 0xD9, 0x65, 0x17, 0x87, 0x3F, 0x1D, 0x49, 0x71, 0xE4, 0x9C, 0xED, 0xE2, 0x79, 0x22, 0x8F,
    0x6C, 0xB8, 0xC4, 0xFD, 0x98, 0xFD, 0x0B, 0x19, 0x1D, 0x93, 0xE2, 0x04, 0x7B, 0x5B, 0xFD, 0xD7,
    0x6A, 0x6F, 0x56, 0x3F, 0xD7, 0xAE, 0x6E, 0x00, 0x57, 0xBC, 0xA8, 0xA6, 0xAA, 0x59, 0x37, 0xEB,
    0xC8, 0x2D, 0x7F, 0xF3, 0xBE, 0x3A, 0xC7, 0x99, 0xC9, 0x25, 0x3C, 0xEA, 0x64, 0x13, 0x8D, 0xF8,
    0x13, 0x77, 0x25, 0xBC, 0x0A, 0x7C, 0xE4, 0xD4, 0x42, 0xD2, 0xCC, 0xB0, 0x05, 0x78, 0x06, 0xD0,
    0xAF, 0x8D, 0x0B, 0x0E, 0x0F, 0x87, 0x4A, 0x7E, 0xB3, 0x8D, 0x7C, 0xC3, 0x26, 0xF6, 0xFD, 0x4E,
    0x7C, 0x76, 0xBD, 0xC7, 0xC7, 0x20, 0x68, 0x10, 0x53, 0xFD, 0x72, 0x8E, 0x2A, 0xEA, 0x69, 0x2C,
    0x17, 0x82, 0xCF, 0x50, 0xC3, 0xA2, 0xDE, 0xCF, 0x78, 0xE0, 0x9D, 0x6F, 0x9D, 0xE9, 0x1F, 0x65,
    0x52, 0x3D, 0xAE, 0xD4, 0x30, 0x18, 0xFC, 0x36, 0x29, 0x22, 0x91, 0xC2, 0x3D, 0x14, 0xEE, 0x5F,
    0xE3, 0x23, 0x38, 0x9C, 0x80, 0x7B, 0xBC, 0x86, 0x23, 0x24, 0xE2, 0x15, 0x94, 0x70, 0x03, 0xA8,
    0x43, 0xC1, 0x09, 0x1E, 0x31, 0x7A, 0x05, 0x25, 0x91, 0xB8, 0x80, 0x05, 0x48, 0x94, 0x44, 0x90,
    0x22, 0x20, 0xC7, 0xC3, 0x7C, 0xDE, 0xAC, 0xB4, 0x12, 0xD9, 0xC4, 0x3B, 0x99, 0xF9, 0xFE, 0x3C,
    0xCE, 0xCD, 0xF8, 0x16, 0xF8, 0x84, 0xEC, 0xB0, 0x8E, 0xE3, 0xF8, 0x06, 0xC8, 0x00, 0x7E, 0xF2,
    0x6F, 0x2C, 0x17, 0xFE, 0xBB, 0x4E, 0xA9, 0x5E, 0xDA, 0x68, 0x82, 0x1F, 0xFA, 0x88, 0x05, 0x4B,
    0x1F, 0xDD, 0xD0, 0x46, 0xB7, 0xF9, 0xE4, 0x93, 0xDD, 0xDA, 0xA5, 0x9D, 0x6D, 0xF0, 0x72, 0x2F,
    0xD5, 0x6A, 0x76, 0x03, 0xFE, 0xF6, 0x7A, 0xAB, 0x0F, 0xF6, 0x94, 0x9A, 0x85, 0x99, 0xF2, 0xA1,
    0x22, 0xA5, 0x25, 0xF2, 0x09, 0x2F, 0xB3, 0x81, 0xE6, 0x62, 0x99, 0xBE, 0x62, 0xA0, 0x22, 0xAC,
    0x36, 0x10, 0xDF, 0xE1, 0x33, 0x54, 0xB2, 0x1B, 0x5B, 0x84, 0x49, 0xEE, 0xAB, 0xB5, 0x89, 0x76,
    0xF0, 0x92, 0xAA, 0xB5, 0x9D, 0x45, 0x17, 0xBF, 0x62, 0xC6, 0x37, 0x46, 0xBE, 0xCA, 0x66, 0xF7,
    0xAB, 0x89, 0xFE, 0x22, 0xDB, 0xD0, 0x0B, 0x07, 0x15, 0x11, 0x0C, 0x22, 0x66, 0x15, 0x39, 0x81,
    0x2F, 0x8E, 0x4C, 0x0D, 0xA9, 0xB8, 0x8F, 0xDD, 0x73, 0x79, 0xE0, 0x93, 0x6E, 0xDE, 0xE7, 0xB1,
    0x3B, 0xC7, 0x6D, 0x9A, 0xD0, 0x89, 0x58, 0xC6, 0x55, 0x9A, 0xE0, 0x23, 0x13, 0x76, 0x05, 0xB3,
    0x48, 0x93, 0x08, 0xA6, 0x70, 0x15, 0x77, 0x0E, 0x28, 0xB0, 0x88, 0xAE, 0x74, 0x0C, 0xE2, 0x58,
    0x77, 0x56, 0xB7, 0x6A, 0x6D, 0xF0, 0xE8, 0x1D, 0xC6, 0xD7, 0x62, 0xD2, 0x55, 0xB8, 0x36, 0xFF,
    0xC8, 0x27, 0xB7, 0x5C, 0xD6, 0xC7, 0x0C, 0x18, 0xCA, 0x94, 0xD2, 0x87, 0xA3, 0x73, 0xE9, 0xA1,
    0xE1, 0x55, 0x96, 0x5E, 0xEB, 0x58, 0xEC, 0x13, 0xFE, 0x02, 0x3F, 0x80, 0x67, 0x48, 0x16, 0xA1,
    0xA5, 0x55, 0x73, 0x1B, 0x9B, 0xE8, 0x57, 0xB7, 0xD9, 0xE4, 0xCB, 0x11, 0x1C, 0x6B, 0x61, 0xCE,
    0xAA, 0x3C, 0xFF, 0xCE, 0xA9, 0xCB, 0xB0, 0x15, 0xB2, 0x9C, 0xB2, 0x22, 0x61, 0xDF, 0xAE, 0x4E,
    0x05, 0x5A, 0x20, 0x98, 0xA5, 0x40, 0x3F, 0xFB, 0x60, 0xE7, 0x33, 0x1C, 0x5C, 0xF0, 0xE1, 0x80,
    0x3E, 0x40, 0x8E, 0x80, 0xE9, 0xC5, 0x7E, 0x40, 0xA0, 0xD9, 0xE4, 0xA8, 0xB0, 0x9B, 0xE5, 0xC9,
    0xC6, 0x51, 0xBB, 0x06, 0xAB, 0xE3, 0xCE, 0x3B, 0x8B, 0x28, 0xB7, 0x5D, 0x7F, 0xC7, 0xDA, 0x13,
    0x74, 0x63, 0x60, 0xC7, 0x48, 0x33, 0x38, 0x45, 0x32, 0x8B, 0xFD, 0xB5, 0x6B, 0xF7, 0x66, 0xB3,
    0xB3, 0xF9, 0x9D, 0x2A, 0x96, 0x24, 0x47, 0xB8, 0x55, 0x64, 0x39, 0x43, 0x74, 0x5F, 0x92, 0x3A,
    0x3A, 0x75, 0x26, 0xEB, 0x29, 0xB1, 0x42, 0xD6, 0x99, 0x9F, 0xB2, 0x88, 0x30, 0xB3, 0xC6, 0x4E,
    0x57, 0x06, 0x69, 0x29, 0xF4, 0x51, 0xDA, 0x3F, 0xDC, 0x51, 0x2E, 0x37, 0xA4, 0xB9, 0xDC, 0x3C,
    0x69, 0xC1, 0x2C, 0x56, 0xC3, 0x3B, 0xE9, 0x17, 0x31, 0x3B, 0x3F, 0x83, 0x50, 0x1E, 0xF2, 0x24,
    0xFC, 0xAA, 0x2A, 0x69, 0x66, 0xBA, 0x44, 0x86, 0x12, 0x13, 0xC9, 0xF9, 0x62, 0x48, 0xA3, 0x93,
    0xAB, 0x0B, 0xC5, 0x2A, 0xA7, 0xCE, 0xA8, 0x7D, 0xC5, 0x2D, 0xB5, 0xB4, 0x18, 0xA0, 0xBA, 0x8E,
    0x2D, 0xB6, 0x1C, 0xEE, 0x45, 0xEF, 0xBB, 0x23, 0xAD, 0xE8, 0xFB, 0xB5, 0xDE, 0x96, 0x93, 0xE6,
    0x07, 0x27, 0xFF, 0x00, 0x01, 0x24, 0x00, 0xDB, 0xFF, 0x00, 0x02, 0xFD, 0x00, 0x0B, 0xFC, 0x00,
    0x2F, 0xFC, 0x00, 0x7F, 0xFC, 0x01, 0xFE, 0xF8, 0x07, 0xF3, 0xF4, 0x1F, 0xC3, 0xF0, 0x3F, 0xFF,
    0xFF, 0x7F, 0xFF, 0xFE, 0x6A, 0xAF, 0xF9, 0x00, 0x0F, 0xD0, 0x00, 0x0F, 0xC0, 0x3D, 0x50, 0xB1,
    0x0D, 0xC3, 0x30, 0x0C, 0xA3, 0xE3, 0xA1, 0x43, 0x87, 0x4C, 0x9D, 0xB3, 0x76, 0xCB, 0x09, 0x0E,
    0xD0, 0xC3, 0x9C, 0x7B, 0xFA, 0x84, 0xFD, 0x41, 0x73, 0x42, 0x4E, 0xE8, 0x90, 0x02, 0x01, 0x6A,
    0x87, 0xA5, 0x8C, 0x22, 0x1A, 0x08, 0x83, 0x92, 0x48, 0xCA, 0x00, 0xDC, 0x13, 0xAA, 0x6B, 0x11,
    0xDC, 0xE2, 0x07, 0xE8, 0x48, 0xBD, 0x7B, 0x72, 0x15, 0x33, 0x6E, 0xD6, 0x4C, 0x19, 0x8E, 0x0F,
    0x02, 0x91, 0xAF, 0x1D, 0x17, 0x92, 0x0B, 0x82, 0x70, 0xEA, 0x38, 0x87, 0x82, 0xBE, 0x20, 0xBE,
    0x11, 0x17, 0x70, 0xEE, 0x08, 0x5F, 0x8D, 0x18, 0x36, 0x84, 0xB7, 0x2D, 0x32, 0x7B, 0x4A, 0x33,
    0x6B, 0xCE, 0x16, 0x57, 0x53, 0xE6, 0x24, 0xFC, 0x56, 0xB9, 0xD6, 0xA1, 0x19, 0xC0, 0xA4, 0xC9,
    0x2C, 0x6F, 0x12, 0x67, 0xB9, 0xB4, 0x9B, 0x3B, 0x8F, 0x96, 0x47, 0xA8, 0xAE, 0xD4, 0x69, 0xB1,
    0xD2, 0x8A, 0x3B, 0xBC, 0x0D, 0xBB, 0xBF, 0x20, 0x25, 0xD5, 0x08, 0xF4, 0xB6, 0xE6, 0xA5, 0x07,
    0xC5, 0xAC, 0x38, 0xE9, 0x02, 0xA7, 0x93, 0x76, 0x8C, 0x33, 0xC2, 0xA6, 0x4C, 0x48, 0x87, 0xB5,
    0xDB, 0x3D, 0xB2, 0xB1, 0x2F, 0x18, 0x8F, 0x09, 0x3F, 0xAD, 0x53, 0x31, 0x72, 0x9C, 0x40, 0x10,
    0x1C, 0x8E, 0x2A, 0x08, 0x08, 0xD6, 0xB1, 0x14, 0x10, 0x3B, 0xE2, 0x09, 0xE0, 0xC8, 0x1F, 0x70,
    0xEE, 0xC4, 0x91, 0x1D, 0xE8, 0x09, 0x7B, 0x3F, 0x30, 0x8F, 0x50, 0x62, 0x25, 0x7A, 0xC2, 0x52,
    0x4E, 0x1C, 0x8A, 0x72, 0xA2, 0xF4, 0xAA, 0x7C, 0x89, 0xA3, 0xC3, 0x36, 0x01, 0xB2, 0x81, 0x76,
    0x37, 0x9C, 0xAA, 0x54, 0x28, 0x71, 0xE0, 0x2D, 0xE6, 0x58, 0xE8, 0xE9, 0x1E, 0xA6, 0x67, 0xCF,
    0xE6, 0xDA, 0x0C, 0x13, 0x03, 0x8D, 0xDD, 0xA2, 0x33, 0x2B, 0x06, 0xB3, 0x74, 0x34, 0xDB, 0x4D,
    0xF6, 0xBE, 0x9E, 0x63, 0x8C, 0x70, 0x00, 0x4A, 0x86, 0xEF, 0x73, 0x84, 0x36, 0x63, 0x66, 0xAC,
    0x98, 0x15, 0x7C, 0x1E, 0x7D, 0x5F, 0x8C, 0xC4, 0x7B, 0xE6, 0xB5, 0x3B, 0xA0, 0xB2, 0x8B, 0x6B,
    0xCA, 0x3D, 0x59, 0xF3, 0xCD, 0x0D, 0x60, 0x56, 0xB2, 0x84, 0x63, 0x09, 0x6A, 0xAA, 0xDE, 0x7F,
    0x7C, 0xD1, 0x05, 0x56, 0x39, 0x31, 0xFE, 0xA8, 0x9A, 0x4A, 0x7A, 0x76, 0x92, 0x12, 0xB6, 0x70,
    0x30, 0x73, 0x33, 0x37, 0x68, 0xB9, 0x21, 0x29, 0x22, 0xC1, 0x0A, 0x35, 0x88, 0xFD, 0x0A, 0x07,
    0xE6, 0x2A, 0xBF, 0x54, 0xF4, 0x6B, 0xC8, 0x85, 0x7C, 0x5C, 0x23, 0x7B, 0x14, 0x7D, 0xAC, 0xD2,
    0x61, 0xB3, 0x28, 0x9F, 0x92, 0x64, 0x25, 0xA5, 0x63, 0x32, 0x2C, 0x6F, 0x55, 0x91, 0xE1, 0x3A,
    0x7D, 0x43, 0x45, 0x7C, 0x38, 0xE3, 0xF4, 0x95, 0xF8, 0xE1, 0x29, 0xEE, 0xAB, 0x33, 0xED, 0x39,
    0x9E, 0x49, 0xD6, 0xEF, 0xB5, 0x3B, 0x84, 0x6F, 0xB8, 0x43, 0x31, 0x14, 0x7A, 0x52, 0x1F, 0xFA,
    0x0D, 0x8D, 0x68, 0xCA, 0x76, 0xCA, 0xD4, 0xE0, 0xD8, 0x98, 0x10, 0x75, 0x67, 0x5E, 0x70, 0xA1,
    0x1A, 0x4E, 0xF5, 0xE3, 0x69, 0x4B, 0x4C, 0xD1, 0xB9, 0x3E, 0xC2, 0x44, 0xA2, 0xC7, 0x67, 0x58,
    0x8E, 0x9E, 0xC4, 0x78, 0x2E, 0xD9, 0x80, 0x3F, 0x91, 0xE8, 0xB0, 0x58, 0x25, 0x07, 0x4B, 0x8E,
    0x96, 0x66, 0x88, 0xA8, 0x83, 0xB2, 0xF8, 0xB4, 0xAC, 0xDD, 0x6C, 0x57, 0x54, 0xEA, 0x03, 0x5E,
    0xCB, 0x8D, 0x5F, 0xF3, 0x15, 0xEE, 0x67, 0x18, 0x9A, 0x32, 0x34, 0x65, 0xE7, 0x4E, 0x0F, 0x01,
    0x6F, 0x1F, 0x84, 0x8C, 0x05, 0xBE, 0x62, 0x8A, 0xC2, 0x3E, 0xD3, 0xD7, 0xBC, 0x59, 0x24, 0x1C,
    0x9A, 0x68, 0x1A, 0xAD, 0xBC, 0xAB, 0x64, 0x01, 0x1D, 0x50, 0x0F, 0xFE, 0x9F, 0x6E, 0x67, 0xC2,
    0x72, 0xDB, 0xC7, 0xF7, 0xBD, 0xF9, 0xC0, 0xA1, 0xB7, 0xCB, 0xF0, 0x28, 0x9E, 0xD4, 0x3B, 0x0B,
    0x43, 0xFE, 0x85, 0x85, 0x0B, 0x60, 0xC0, 0x25, 0x9A, 0x77, 0x74, 0xF7, 0xA5, 0xBD, 0xC8, 0xF0,
    0x4A, 0x27, 0xF6, 0x27, 0x91, 0x8F, 0x3F, 0xC2, 0x98, 0x56, 0x45, 0x7B, 0xEE, 0xE4, 0x13, 0x3B,
    0xD4, 0xD8, 0xFB, 0x67, 0x23, 0xD6, 0xD9, 0xA1, 0x93, 0xDB, 0xF7, 0xF2, 0x55, 0x07, 0xC7, 0xAF,
    0x0A, 0x97, 0xBC, 0xC0, 0x8B, 0xC5, 0x96, 0x75, 0x8D, 0xDF, 0x15, 0x39, 0xB5, 0x78, 0xDF, 0x13,
    0xE9, 0x24, 0x3A, 0x2E, 0x89, 0x66, 0x90, 0x6C, 0xB5, 0x8E, 0x72, 0xF6, 0xA8, 0x73, 0x7D, 0x54,
    0xFE, 0xF1, 0x42, 0xF9, 0xD1, 0xED, 0xC2, 0xF9, 0xB0, 0xA6, 0xD4, 0x8B, 0x16, 0xFF, 0xB3, 0xB5,
    0x72, 0x37, 0xEB, 0x2F, 0x01, 0x4D, 0x00, 0xB2, 0xFF, 0xEA, 0xAA, 0xAA, 0xED, 0x00, 0x00, 0x0A,
    0xE0, 0x00, 0x01, 0x6C, 0x80, 0x00, 0x22, 0xC8, 0x00, 0x09, 0x2C, 0x20, 0x00, 0x82, 0xC1, 0x40,
    0x20, 0x2C, 0x08, 0x05, 0x02, 0xC0, 0x20, 0x80, 0x2C, 0x01, 0x60, 0x02, 0xC0, 0x0A, 0x00, 0x2C,
    0x00, 0xA0, 0x02, 0xC0, 0x16, 0x00, 0x2C, 0x02, 0x08, 0x02, 0xC0, 0x80, 0x50, 0x2C, 0x18, 0x02,
    0x02, 0xC2, 0x00, 0x08, 0x2C, 0x50, 0x00, 0x82, 0xC8, 0x00, 0x02, 0x2E, 0x00, 0x00, 0x16, 0xD0,
    0x00, 0x00, 0xAF, 0xFF, 0xFF, 0xFE,
};

static const EpdGlyph lexica_15_bolditalicGlyphs[] = {
    { 0, 0, 0, 0, 0, 0, 0 }, // 
    { 0, 0, 10, 0, 0, 0, 0 }, //  
    { 11, 21, 9, -1, 21, 58, 0 }, // !
    { 11, 7, 14, 3, 21, 20, 58 }, // "
    { 24, 21, 23, 0, 21, 126, 78 }, // #
    { 19, 27, 20, 0, 24, 129, 204 }, // $
    { 30, 21, 33, 1, 21, 158, 333 }, // %
    { 23, 23, 21, -1, 23, 133, 491 }, // &
    { 6, 7, 8, 2, 21, 11, 624 }, // '
    { 13, 26, 12, 0, 21, 85, 635 }, // (
    { 13, 26, 12, -2, 21, 85, 720 }, // )
    { 11, 11, 14, 2, 21, 31, 805 }, // *
    { 17, 16, 20, 1, 16, 68, 836 }, // +
    { 8, 10, 9, -2, 5, 20, 904 }, // ,
    { 12, 4, 12, 0, 10, 12, 924 }, // -
    { 7, 6, 8, -1, 6, 11, 936 }, // .
    { 18, 21, 14, -2, 21, 95, 947 }, // /
    { 19, 21, 21, 1, 21, 100, 1042 }, // 0
    { 12, 21, 14, 2, 21, 63, 1142 }, // 1
    { 21, 21, 18, -2, 21, 111, 1205 }, // 2
    { 19, 21, 19, 0, 21, 100, 1316 }, // 3
    { 20, 21, 20, -1, 21, 105, 1416 }, // 4
    { 19, 21, 19, 0, 21, 100, 1521 }, // 5
    { 17, 21, 20, 1, 21, 90, 1621 }, // 6
    { 19, 21, 18, 0, 21, 100, 1711 }, // 7
    { 18, 21, 19, 0, 21, 95, 1811 }, // 8
    { 17, 21, 18, 1, 21, 90, 1906 }, // 9
    { 9, 16, 8, -1, 16, 36, 1996 }, // :
    { 10, 20, 8, -2, 16, 50, 2032 }, // ;
    { 16, 17, 20, 1, 16, 68, 2082 }, // <
    { 17, 10, 21, 1, 13, 43, 2150 }, // =
    { 16, 17, 20, 2, 16, 68, 2193 }, // >
    { 18, 21, 20, 2, 21, 95, 2261 }, // ?
    { 22, 21, 24, 1, 21, 116, 2356 }, // @
    { 23, 21, 22, -3, 21, 121, 2472 }, // A
    { 21, 21, 20, -1, 21, 111, 2593 }, // B
    { 20, 21, 21, 1, 21, 105, 2704 }, // C
    { 22, 21, 22, -1, 21, 116, 2809 }, // D
    { 21, 21, 18, -1, 21, 111, 2925 }, // E
    { 20, 21, 17, -1, 21, 105, 3036 }, // F
    { 22, 21, 23, 0, 21, 116, 3141 }, // G
    { 24, 21, 22, -1, 21, 126, 3257 }, // H
    { 16, 21, 14, -1, 21, 84, 3383 }, // I
    { 20, 21, 18, -1, 21, 105, 3467 }, // J
    { 24, 21, 21, -1, 21, 126, 3572 }, // K
    { 17, 21, 17, -1, 21, 90, 3698 }, // L
    { 29, 21, 27, -1, 21, 153, 3788 }, // M
    { 25, 21, 22, -1, 21, 132, 3941 }, // N
    { 22, 21, 24, 1, 21, 116, 4073 }, // O
    { 21, 21, 20, -1, 21, 111, 4189 }, // P
    { 23, 25, 24, 1, 22, 144, 4300 }, // Q
    { 21, 21, 20, -1, 21, 111, 4444 }, // R
    { 19, 21, 20, 0, 21, 100, 4555 }, // S
    { 21, 21, 19, 1, 21, 111, 4655 }, // T
    { 22, 21, 21, 0, 21, 116, 4766 }, // U
    { 21, 21, 21, 2, 21, 111, 4882 }, // V
    { 28, 21, 28, 2, 21, 147, 4993 }, // W
    { 26, 21, 22, -2, 21, 137, 5140 }, // X
    { 22, 21, 22, 2, 21, 116, 5277 }, // Y
    { 23, 21, 20, -2, 21, 121, 5393 }, // Z
    { 14, 26, 11, -2, 21, 91, 5514 }, // [
    { 14, 21, 18, 2, 21, 74, 5605 }, // <backslash>
    { 15, 26, 11, -3, 21, 98, 5679 }, // ]
    { 16, 11, 18, 1, 21, 44, 5777 }, // ^
    { 13, 4, 14, -1, 0, 13, 5821 }, // _
    { 7, 5, 10, 3, 23, 9, 5834 }, // `
    { 17, 16, 17, -1, 16, 68, 5843 }, // a
    { 19, 21, 19, -1, 21, 100, 5911 }, // b
    { 16, 16, 17, 0, 16, 64, 6011 }, // c
    { 20, 21, 19, 0, 21, 105, 6075 }, // d
    { 17, 16, 18, 0, 16, 68, 6180 }, // e
    { 14, 23, 12, 0, 23, 81, 6248 }, // f
    { 20, 23, 19, -1, 16, 115, 6329 }, // g
    { 18, 21, 18, -1, 21, 95, 6444 }, // h
    { 12, 24, 11, 0, 24, 72, 6539 }, // i
    { 16, 29, 8, -6, 24, 116, 6611 }, // j
    { 20, 21, 18, -1, 21, 105, 6727 }, // k
    { 9, 21, 10, 0, 21, 48, 6832 }, // l
    { 28, 16, 28, -1, 16, 112, 6880 }, // m
    { 18, 16, 18, -1, 16, 72, 6992 }, // n
    { 17, 16, 18, 0, 16, 68, 7064 }, // o
    { 20, 21, 18, -2, 16, 105, 7132 }, // p
    { 19, 21, 19, 0, 16, 100, 7237 }, // q
    { 14, 16, 12, -1, 16, 56, 7337 }, // r
    { 16, 16, 16, -1, 16, 64, 7393 }, // s
    { 13, 20, 12, 0, 20, 65, 7457 }, // t
    { 18, 16, 18, 0, 16, 72, 7522 }, // u
    { 17, 16, 17, 1, 16, 68, 7594 }, // v
    { 23, 16, 23, 1, 16, 92, 7662 }, // w
    { 21, 16, 17, -3, 16, 84, 7754 }, // x
    { 20, 21, 16, -2, 16, 105, 7838 }, // y
    { 19, 16, 17, -2, 16, 76, 7943 }, // z
    { 14, 26, 12, -1, 21, 91, 8019 }, // {
    { 6, 26, 9, 1, 21, 39, 8110 }, // |
    { 14, 26, 12, -3, 21, 91, 8149 }, // }
    { 16, 8, 17, 0, 12, 32, 8240 }, // ~
    { 0, 0, 10, 0, 0, 0, 0 }, //  
    { 11, 21, 9, -2, 16, 58, 0 }, // ¡
    { 16, 21, 17, 0, 18, 84, 58 }, // ¢
    { 20, 21, 19, 0, 21, 105, 142 }, // £
    { 17, 16, 21, 2, 18, 68, 247 }, // ¤
    { 22, 21, 22, 2, 21, 116, 315 }, // ¥
    { 5, 26, 9, 1, 21, 33, 431 }, // ¦
    { 20, 26, 18, -2, 21, 130, 464 }, // §
    { 11, 4, 14, 4, 22, 11, 594 }, // ¨
    { 23, 22, 25, 1, 22, 127, 605 }, // ©
    { 11, 10, 12, 2, 23, 28, 732 }, // ª
    { 19, 13, 21, 1, 14, 62, 760 }, // «
    { 17, 12, 22, 2, 13, 51, 822 }, // ¬
    { 12, 4, 12, 0, 10, 12, 873 }, // ­
    { 23, 22, 25, 1, 22, 127, 885 }, // ®
    { 11, 3, 13, 3, 21, 9, 1012 }, // ¯
    { 11, 10, 13, 2, 21, 28, 1021 }, // °
    { 17, 16, 22, 1, 16, 68, 1049 }, // ±
    { 12, 12, 13, 2, 25, 36, 1117 }, // ²
    { 11, 12, 13, 3, 25, 33, 1153 }, // ³
    { 8, 5, 10, 3, 23, 10, 1186 }, // ´
    { 20, 21, 19, -2, 16, 105, 1196 }, // µ
    { 17, 26, 17, 1, 21, 111, 1301 }, // ¶
    { 7, 6, 10, 1, 11, 11, 1412 }, // ·
    { 9, 8, 10, -2, 2, 18, 1423 }, // ¸
    { 8, 12, 9, 3, 25, 24, 1441 }, // ¹
    { 10, 9, 13, 3, 22, 23, 1465 }, // º
    { 20, 13, 21, -1, 14, 65, 1488 }, // »
    { 24, 22, 29, 3, 21, 132, 1553 }, // ¼
    { 24, 21, 29, 3, 21, 126, 1685 }, // ½
    { 26, 22, 30, 2, 21, 143, 1811 }, // ¾
    { 18, 21, 20, -1, 16, 95, 1954 }, // ¿
    { 23, 28, 22, -3, 28, 161, 2049 }, // À
    { 23, 28, 22, -3, 28, 161, 2210 }, // Á
    { 24, 28, 22, -3, 28, 168, 2371 }, // Â
    { 24, 27, 22, -3, 27, 162, 2539 }, // Ã
    { 23, 28, 22, -3, 28, 161, 2701 }, // Ä
    { 23, 28, 22, -3, 28, 161, 2862 }, // Å
    { 37, 21, 32, -3, 21, 195, 3023 }, // Æ
    { 20, 27, 21, 1, 21, 135, 3218 }, // Ç
    { 21, 28, 18, -1, 28, 147, 3353 }, // È
    { 21, 28, 18, -1, 28, 147, 3500 }, // É
    { 21, 28, 18, -1, 28, 147, 3647 }, // Ê
    { 21, 28, 18, -1, 28, 147, 3794 }, // Ë
    { 16, 28, 14, -1, 28, 112, 3941 }, // Ì
    { 16, 28, 14, -1, 28, 112, 4053 }, // Í
    { 18, 28, 14, -1, 28, 126, 4165 }, // Î
    { 17, 28, 14, -1, 28, 119, 4291 }, // Ï
    { 23, 21, 23, 0, 21, 121, 4410 }, // Ð
    { 25, 27, 22, -1, 27, 169, 4531 }, // Ñ
    { 22, 29, 24, 1, 29, 160, 4700 }, // Ò
    { 22, 29, 24, 1, 29, 160, 4860 }, // Ó
    { 22, 29, 24, 1, 29, 160, 5020 }, // Ô
    { 22, 28, 24, 1, 28, 154, 5180 }, // Õ
    { 22, 28, 24, 1, 28, 154, 5334 }, // Ö
    { 15, 15, 19, 1, 15, 57, 5488 }, // ×
    { 24, 22, 24, 0, 22, 132, 5545 }, // Ø
    { 22, 29, 21, 0, 29, 160, 5677 }, // Ù
    { 22, 29, 21, 0, 29, 160, 5837 }, // Ú
    { 22, 29, 21, 0, 29, 160, 5997 }, // Û
    { 22, 28, 21, 0, 28, 154, 6157 }, // Ü
    { 22, 28, 22, 2, 28, 154, 6311 }, // Ý
    { 21, 21, 19, -1, 21, 111, 6465 }, // Þ
    { 20, 21, 20, -1, 21, 105, 6576 }, // ß
    { 17, 23, 17, -1, 23, 98, 6681 }, // à
    { 17, 23, 17, -1, 23, 98, 6779 }, // á
    { 18, 23, 17, -1, 23, 104, 6877 }, // â
    { 18, 21, 17, -1, 21, 95, 6981 }, // ã
    { 17, 23, 17, -1, 23, 98, 7076 }, // ä
    { 17, 26, 17, -1, 26, 111, 7174 }, // å
    { 28, 16, 28, -1, 16, 112, 7285 }, // æ
    { 16, 22, 17, 0, 16, 88, 7397 }, // ç
    { 17, 23, 18, 0, 23, 98, 7485 }, // è
    { 17, 23, 18, 0, 23, 98, 7583 }, // é
    { 17, 23, 18, 0, 23, 98, 7681 }, // ê
    { 17, 23, 18, 0, 23, 98, 7779 }, // ë
    { 10, 23, 10, 0, 23, 58, 7877 }, // ì
    { 12, 23, 10, 0, 23, 69, 7935 }, // í
    { 14, 23, 10, 0, 23, 81, 8004 }, // î
    { 13, 22, 10, 0, 22, 72, 8085 }, // ï
    { 18, 24, 18, 0, 24, 108, 8157 }, // ð
    { 19, 21, 18, -1, 21, 100, 8265 }, // ñ
    { 17, 23, 18, 0, 23, 98, 8365 }, // ò
    { 17, 23, 18, 0, 23, 98, 8463 }, // ó
    { 17, 23, 18, 0, 23, 98, 8561 }, // ô
    { 17, 21, 18, 0, 21, 90, 8659 }, // õ
    { 17, 23, 18, 0, 23, 98, 8749 }, // ö
    { 17, 16, 20, 1, 16, 68, 8847 }, // ÷
    { 19, 18, 18, -1, 17, 86, 8915 }, // ø
    { 18, 23, 18, 0, 23, 104, 9001 }, // ù
    { 18, 23, 18, 0, 23, 104, 9105 }, // ú
    { 18, 23, 18, 0, 23, 104, 9209 }, // û
    { 18, 23, 18, 0, 23, 104, 9313 }, // ü
    { 20, 28, 16, -2, 23, 140, 9417 }, // ý
    { 20, 26, 18, -2, 21, 130, 9557 }, // þ
    { 20, 27, 16, -2, 22, 135, 9687 }, // ÿ
    { 23, 26, 22, -3, 26, 150, 0 }, // Ā
    { 17, 21, 17, -1, 21, 90, 150 }, // ā
    { 23, 28, 22, -3, 28, 161, 240 }, // Ă
    { 17, 23, 17, -1, 23, 98, 401 }, // ă
    { 23, 26, 22, -3, 21, 150, 499 }, // Ą
    { 17, 21, 17, -1, 16, 90, 649 }, // ą
    { 20, 29, 21, 1, 29, 145, 739 }, // Ć
    { 16, 23, 17, 0, 23, 92, 884 }, // ć
    { 20, 29, 21, 1, 29, 145, 976 }, // Ĉ
    { 17, 23, 17, 0, 23, 98, 1121 }, // ĉ
    { 20, 28, 21, 1, 28, 140, 1219 }, // Ċ
    { 16, 23, 17, 0, 23, 92, 1359 }, // ċ
    { 21, 29, 21, 1, 29, 153, 1451 }, // Č
    { 18, 23, 17, 0, 23, 104, 1604 }, // č
    { 22, 28, 22, -1, 28, 154, 1708 }, // Ď
    { 25, 21, 20, 0, 21, 132, 1862 }, // ď
    { 23, 21, 23, 0, 21, 121, 1994 }, // Đ
    { 22, 23, 20, 0, 23, 127, 2115 }, // đ
    { 21, 26, 18, -1, 26, 137, 2242 }, // Ē
    { 17, 21, 18, 0, 21, 90, 2379 }, // ē
    { 21, 28, 18, -1, 28, 147, 2469 }, // Ĕ
    { 17, 23, 18, 0, 23, 98, 2616 }, // ĕ
    { 21, 28, 18, -1, 28, 147, 2714 }, // Ė
    { 17, 23, 18, 0, 23, 98, 2861 }, // ė
    { 21, 26, 18, -1, 21, 137, 2959 }, // Ę
    { 17, 21, 18, 0, 16, 90, 3096 }, // ę
    { 21, 28, 18, -1, 28, 147, 3186 }, // Ě
    { 18, 23, 18, 0, 23, 104, 3333 }, // ě
    { 22, 29, 23, 0, 29, 160, 3437 }, // Ĝ
    { 20, 30, 19, -1, 23, 150, 3597 }, // ĝ
    { 22, 28, 23, 0, 28, 154, 3747 }, // Ğ
    { 20, 29, 19, -1, 22, 145, 3901 }, // ğ
    { 22, 28, 23, 0, 28, 154, 4046 }, // Ġ
    { 20, 29, 19, -1, 22, 145, 4200 }, // ġ
    { 22, 29, 23, 0, 21, 160, 4345 }, // Ģ
    { 20, 31, 19, -1, 24, 155, 4505 }, // ģ
    { 24, 28, 22, -1, 28, 168, 4660 }, // Ĥ
    { 18, 28, 18, -1, 28, 126, 4828 }, // ĥ
    { 25, 21, 23, 0, 21, 132, 4954 }, // Ħ
    { 18, 22, 20, 1, 22, 99, 5086 }, // ħ
    { 18, 27, 14, -1, 27, 122, 5185 }, // Ĩ
    { 14, 21, 10, 0, 21, 74, 5307 }, // ĩ
    { 17, 26, 14, -1, 26, 111, 5381 }, // Ī
    { 13, 21, 10, 0, 21, 69, 5492 }, // ī
    { 18, 28, 14, -1, 28, 126, 5561 }, // Ĭ
    { 13, 22, 10, 0, 22, 72, 5687 }, // ĭ
    { 16, 26, 14, -1, 21, 104, 5759 }, // Į
    { 13, 29, 11, -1, 24, 95, 5863 }, // į
    { 16, 28, 14, -1, 28, 112, 5958 }, // İ
    { 10, 16, 10, 0, 16, 40, 6070 }, // ı
    { 34, 21, 32, -1, 21, 179, 6110 }, // Ĳ
    { 20, 29, 19, 0, 24, 145, 6289 }, // ĳ
    { 24, 29, 18, -1, 29, 174, 6434 }, // Ĵ
    { 19, 28, 8, -6, 23, 133, 6608 }, // ĵ
    { 24, 29, 21, -1, 21, 174, 6741 }, // Ķ
    { 20, 29, 18, -1, 21, 145, 6915 }, // ķ
    { 20, 16, 18, -1, 16, 80, 7060 }, // ĸ
    { 17, 28, 17, -1, 28, 119, 7140 }, // Ĺ
    { 12, 28, 10, 0, 28, 84, 7259 }, // ĺ
    { 17, 29, 17, -1, 21, 124, 7343 }, // Ļ
    { 11, 29, 10, -2, 21, 80, 7467 }, // ļ
    { 18, 21, 17, -1, 21, 95, 7547 }, // Ľ
    { 14, 21, 11, 0, 21, 74, 7642 }, // ľ
    { 17, 21, 17, -1, 21, 90, 7716 }, // Ŀ
    { 15, 21, 15, 0, 21, 79, 7806 }, // ŀ
    { 18, 21, 19, -1, 21, 95, 7885 }, // Ł
    { 13, 21, 11, -1, 21, 69, 7980 }, // ł
    { 25, 28, 22, -1, 28, 175, 8049 }, // Ń
    { 18, 23, 18, -1, 23, 104, 8224 }, // ń
    { 25, 29, 22, -1, 21, 182, 8328 }, // Ņ
    { 18, 24, 18, -1, 16, 108, 8510 }, // ņ
    { 25, 28, 22, -1, 28, 175, 8618 }, // Ň
    { 20, 23, 18, -1, 23, 115, 8793 }, // ň
    { 23, 21, 26, 2, 21, 121, 8908 }, // ŉ
    { 25, 26, 22, -1, 21, 163, 9029 }, // Ŋ
    { 18, 21, 18, -1, 16, 95, 9192 }, // ŋ
    { 22, 27, 24, 1, 27, 149, 9287 }, // Ō
    { 17, 21, 18, 0, 21, 90, 9436 }, // ō
    { 22, 28, 24, 1, 28, 154, 9526 }, // Ŏ
    { 17, 23, 18, 0, 23, 98, 9680 }, // ŏ
    { 23, 29, 24, 1, 29, 167, 9778 }, // Ő
    { 19, 23, 18, 0, 23, 110, 9945 }, // ő
    { 36, 21, 34, 0, 21, 189, 10055 }, // Œ
    { 30, 16, 29, -1, 16, 120, 10244 }, // œ
    { 21, 28, 20, -1, 28, 147, 10364 }, // Ŕ
    { 15, 23, 12, -1, 23, 87, 10511 }, // ŕ
    { 21, 29, 20, -1, 21, 153, 10598 }, // Ŗ
    { 17, 24, 12, -4, 16, 102, 10751 }, // ŗ
    { 21, 28, 20, -1, 28, 147, 10853 }, // Ř
    { 17, 23, 12, -1, 23, 98, 11000 }, // ř
    { 19, 29, 20, 0, 29, 138, 11098 }, // Ś
    { 16, 23, 16, -1, 23, 92, 11236 }, // ś
    { 19, 29, 20, 0, 29, 138, 11328 }, // Ŝ
    { 17, 23, 16, -1, 23, 98, 11466 }, // ŝ
    { 19, 27, 20, 0, 21, 129, 11564 }, // Ş
    { 16, 22, 16, -1, 16, 88, 11693 }, // ş
    { 20, 29, 20, 0, 29, 145, 11781 }, // Š
    { 18, 23, 16, -1, 23, 104, 11926 }, // š
    { 21, 27, 19, 1, 21, 142, 12030 }, // Ţ
    { 14, 26, 12, -1, 20, 91, 12172 }, // ţ
    { 21, 28, 19, 1, 28, 147, 12263 }, // Ť
    { 16, 23, 12, 0, 23, 92, 12410 }, // ť
    { 21, 21, 19, 1, 21, 111, 12502 }, // Ŧ
    { 14, 20, 12, -1, 20, 70, 12613 }, // ŧ
    { 22, 28, 21, 0, 28, 154, 12683 }, // Ũ
    { 18, 21, 18, 0, 21, 95, 12837 }, // ũ
    { 22, 27, 21, 0, 27, 149, 12932 }, // Ū
    { 18, 21, 18, 0, 21, 95, 13081 }, // ū
    { 22, 28, 21, 0, 28, 154, 13176 }, // Ŭ
    { 18, 23, 18, 0, 23, 104, 13330 }, // ŭ
    { 22, 31, 21, 0, 31, 171, 13434 }, // Ů
    { 18, 26, 18, 0, 26, 117, 13605 }, // ů
    { 22, 29, 21, 0, 29, 160, 13722 }, // Ű
    { 19, 23, 18, 0, 23, 110, 13882 }, // ű
    { 22, 26, 21, 0, 21, 143, 13992 }, // Ų
    { 18, 21, 18, 0, 16, 95, 14135 }, // ų
    { 28, 28, 28, 2, 28, 196, 14230 }, // Ŵ
    { 23, 23, 23, 1, 23, 133, 14426 }, // ŵ
    { 22, 28, 22, 2, 28, 154, 14559 }, // Ŷ
    { 20, 28, 16, -2, 23, 140, 14713 }, // ŷ
    { 22, 28, 22, 2, 28, 154, 14853 }, // Ÿ
    { 23, 28, 20, -2, 28, 161, 15007 }, // Ź
    { 19, 23, 17, -2, 23, 110, 15168 }, // ź
    { 23, 28, 20, -2, 28, 161, 15278 }, // Ż
    { 19, 22, 17, -2, 22, 105, 15439 }, // ż
    { 23, 28, 20, -2, 28, 161, 15544 }, // Ž
    { 20, 23, 17, -2, 23, 115, 15705 }, // ž
    { 14, 23, 12, 0, 23, 81, 15820 }, // ſ
    { 7, 5, 0, 3, 23, 9, 0 }, // ̀
    { 8, 5, 0, 3, 23, 10, 9 }, // ́
    { 14, 5, 0, 2, 23, 18, 19 }, // ̂
    { 14, 4, 0, 2, 22, 14, 37 }, // ̃
    { 11, 3, 0, 3, 21, 9, 51 }, // ̄
    { 13, 5, 0, 2, 23, 17, 60 }, // ̆
    { 6, 4, 0, 3, 22, 6, 77 }, // ̇
    { 12, 4, 0, 2, 22, 12, 83 }, // ̈
    { 8, 6, 5, 0, 24, 12, 95 }, // ̉
    { 9, 8, 0, 4, 25, 18, 107 }, // ̊
    { 14, 5, 0, 2, 23, 18, 125 }, // ̋
    { 14, 5, 0, 3, 23, 18, 143 }, // ̌
    { 11, 7, 10, 0, 20, 20, 161 }, // ̛
    { 7, 6, 6, -2, -2, 11, 181 }, // ̣
    { 8, 8, 0, -3, 0, 16, 192 }, // ̦
    { 8, 8, 0, -2, 2, 16, 208 }, // ̧
    { 9, 6, 0, -2, 1, 14, 224 }, // ̨
    { 11, 4, 11, 0, 10, 11, 0 }, // ‐
    { 14, 4, 17, 1, 10, 14, 11 }, // –
    { 24, 4, 27, 1, 10, 24, 25 }, // —
    { 8, 10, 9, 2, 21, 20, 49 }, // ‘
    { 8, 10, 9, 2, 21, 20, 69 }, // ’
    { 8, 10, 9, -2, 5, 20, 89 }, // ‚
    { 15, 10, 16, 2, 21, 38, 109 }, // “
    { 15, 10, 16, 2, 21, 38, 147 }, // ”
    { 15, 10, 16, -2, 5, 38, 185 }, // „
    { 18, 21, 19, 1, 21, 95, 223 }, // †
    { 19, 21, 19, 0, 21, 100, 318 }, // ‡
    { 11, 10, 14, 1, 13, 28, 418 }, // •
    { 24, 6, 25, -1, 6, 36, 446 }, // …
    { 44, 21, 46, 1, 21, 231, 482 }, // ‰
    { 13, 13, 13, 0, 14, 43, 713 }, // ‹
    { 12, 13, 13, -1, 14, 39, 756 }, // ›
    { 19, 21, 15, -2, 21, 100, 795 }, // ⁄
    { 12, 12, 14, 2, 25, 36, 0 }, // ⁴
    { 23, 27, 20, -1, 23, 156, 0 }, // ₫
    { 23, 21, 22, -1, 21, 121, 156 }, // €
    { 16, 22, 19, 1, 21, 88, 0 }, // ∂
    { 17, 26, 25, 4, 21, 111, 88 }, // ∏
    { 17, 26, 25, 3, 21, 111, 199 }, // ∑
    { 16, 4, 20, 1, 10, 16, 310 }, // −
    { 19, 21, 15, -2, 21, 100, 326 }, // ∕
    { 7, 7, 9, 0, 11, 13, 426 }, // ∙
    { 21, 27, 19, 0, 21, 142, 439 }, // √
    { 21, 10, 24, 1, 13, 53, 581 }, // ∞
    { 14, 28, 11, -2, 22, 98, 634 }, // ∫
    { 15, 13, 17, 1, 14, 49, 732 }, // ≈
    { 16, 16, 21, 2, 16, 64, 781 }, // ≠
    { 16, 16, 21, 2, 16, 64, 845 }, // ≤
    { 16, 16, 22, 2, 16, 64, 909 }, // ≥
    { 14, 22, 21, 4, 22, 77, 0 }, // �
};

static const EpdUnicodeInterval lexica_15_bolditalicIntervals[] = {
    { 0xD, 0xD, 0x0 },
    { 0x20, 0x7E, 0x1 },
    { 0xA0, 0xFF, 0x60 },
    { 0x100, 0x17F, 0xC0 },
    { 0x300, 0x304, 0x140 },
    { 0x306, 0x30C, 0x145 },
    { 0x31B, 0x31B, 0x14C },
    { 0x323, 0x323, 0x14D },
    { 0x326, 0x328, 0x14E },
    { 0x2010, 0x2010, 0x151 },
    { 0x2013, 0x2014, 0x152 },
    { 0x2018, 0x201A, 0x154 },
    { 0x201C, 0x201E, 0x157 },
    { 0x2020, 0x2022, 0x15A },
    { 0x2026, 0x2026, 0x15D },
    { 0x2030, 0x2030, 0x15E },
    { 0x2039, 0x203A, 0x15F },
    { 0x2044, 0x2044, 0x161 },
    { 0x2074, 0x2074, 0x162 },
    { 0x20AB, 0x20AC, 0x163 },
    { 0x2202, 0x2202, 0x165 },
    { 0x220F, 0x220F, 0x166 },
    { 0x2211, 0x2212, 0x167 },
    { 0x2215, 0x2215, 0x169 },
    { 0x2219, 0x221A, 0x16A },
    { 0x221E, 0x221E, 0x16C },
    { 0x222B, 0x222B, 0x16D },
    { 0x2248, 0x2248, 0x16E },
    { 0x2260, 0x2260, 0x16F },
    { 0x2264, 0x2265, 0x170 },
    { 0xFFFD, 0xFFFD, 0x172 },
};

static const EpdFontGroup lexica_15_bolditalicGroups[] = {
    { 0, 4182, 8272, 96, 0 },
    { 4182, 3820, 9822, 96, 96 },
    { 8002, 5889, 15901, 128, 192 },
    { 13891, 204, 238, 17, 320 },
    { 14095, 501, 895, 17, 337 },
    { 14596, 41, 36, 1, 354 },
    { 14637, 172, 277, 2, 355 },
    { 14809, 459, 973, 13, 357 },
    { 15268, 82, 77, 1, 370 },
};

static const EpdFontData lexica_15_bolditalic = {
    lexica_15_bolditalicBitmaps,
    lexica_15_bolditalicGlyphs,
    lexica_15_bolditalicIntervals,
    31,
    39,
    30,
    -10,
    true,
    lexica_15_bolditalicGroups,
    9,
};
