/**
 * generated by fontconvert.py
 * name: lexica_13_bold
 * size: 13
 * mode: 2-bit  compressed: true
 * Command used: fontconvert.py lexica_13_bold 13 ../builtinFonts/source/lexica-ultralegible/LexicaUltralegible-Bold.ttf --2bit --compress
 */
#pragma once
#include "EpdFontData.h"

static const uint8_t lexica_13_boldBitmaps[13653] = {
    0x9D, 0x58, 0x31, 0xB3, 0xE4, 0x46, 0x11, 0xEE, 0x5D, 0x99, 0x53, 0xA0, 0xA2, 0xE4, 0x00, 0xCA,
    0xC1, 0xA3, 0x4A, 0xFF, 0xE0, 0x14, 0x13, 0x60, 0xC9, 0xB8, 0x28, 0x07, 0x04, 0x47, 0xC4, 0x05,
    0x0E, 0x2E, 0x26, 0x7A, 0x7F, 0xE0, 0x8A, 0x11, 0x5C, 0xE0, 0xC0, 0x01, 0xF7, 0x13, 0xF8, 0x07,
    0x24, 0x0E, 0x1C, 0x98, 0x9B, 0xC1, 0x17, 0x10, 0x10, 0x58, 0x98, 0x3A, 0x1C, 0x10, 0x9C, 0x8A,
    0x7A, 0x0F, 0x02, 0x07, 0x27, 0x40, 0x8F, 0xD2, 0xDE, 0x49, 0x6A, 0xBE, 0xAF, 0x67, 0x77, 0xDF,
    0xDB, 0xF7, 0xDE, 0xAD, 0x0F, 0xAF, 0x34, 0xBD, 0xBB, 0x9A, 0x99, 0x9E, 0x9E, 0x9E, 0xEE, 0xAF,
    0xBB, 0xA5, 0x41, 0xAF, 0x5C, 0xBE, 0x71, 0xB5, 0xAB, 0x2B, 0xA9, 0x44, 0xE4, 0xAE, 0xF8, 0x86,
    0x4F, 0xEE, 0xCA, 0x54, 0x5D, 0x5E, 0x92, 0xF7, 0x45, 0x27, 0xA4, 0x2D, 0x68, 0x57, 0x06, 0x91,
    0xA2, 0xAB, 0x5A, 0xC9, 0x15, 0x9F, 0xDA, 0x68, 0xFC, 0x2D, 0x52, 0x05, 0x57, 0xEF, 0x69, 0xE3,
    0xC1, 0xD2, 0x35, 0x7C, 0x8C, 0xCE, 0xD9, 0xE8, 0xB4, 0xA5, 0xA2, 0xEB, 0x45, 0x48, 0x67, 0xD0,
    0x65, 0x8D, 0x07, 0xAB, 0x25, 0x01, 0x15, 0xE9, 0x77, 0xA4, 0xD4, 0x5A, 0xD6, 0xAA, 0x3D, 0x79,
    0x8F, 0x52, 0x6E, 0x38, 0xB7, 0xFD, 0x77, 0x07, 0x82, 0xDE, 0x6A, 0xE8, 0x39, 0x62, 0x10, 0xF6,
    0xB6, 0x1C, 0x87, 0xC9, 0x27, 0x4A, 0x9E, 0xAF, 0xB0, 0xA0, 0xFC, 0x4B, 0xE5, 0x4E, 0xE8, 0x55,
    0xAA, 0x1E, 0xBF, 0x0A, 0x45, 0x47, 0xC6, 0x21, 0x2B, 0x55, 0xEC, 0xE4, 0x64, 0xB9, 0xBA, 0x10,
    0x05, 0xA9, 0x6A, 0x0C, 0x6A, 0xE5, 0x09, 0xE4, 0xD5, 0x7E, 0x05, 0x56, 0xFE, 0xFE, 0x98, 0x80,
    0xF9, 0x24, 0x53, 0xD6, 0xD9, 0x57, 0x11, 0xEC, 0x21, 0x06, 0x62, 0xC8, 0xB0, 0x9C, 0x9C, 0x61,
    0xC2, 0x97, 0x93, 0x9B, 0x31, 0x3D, 0x1D, 0xB8, 0x75, 0xC9, 0xFF, 0x3E, 0xBB, 0x06, 0x42, 0x3D,
    0x1D, 0x38, 0xD6, 0x25, 0x7D, 0x8E, 0xAF, 0x25, 0xE9, 0xF1, 0x2F, 0x99, 0xD6, 0xEC, 0xCB, 0x7A,
    0xE1, 0x48, 0xA8, 0x11, 0xF3, 0xA0, 0x25, 0x39, 0x01, 0xEF, 0x02, 0xCB, 0x88, 0x87, 0x0C, 0x90,
    0xAD, 0x96, 0x44, 0x4F, 0x31, 0x7C, 0xCE, 0x77, 0x64, 0x29, 0x1A, 0x74, 0x78, 0xAC, 0xCA, 0xBD,
    0xAD, 0x75, 0x2C, 0x42, 0xAE, 0x43, 0x19, 0x2A, 0x9D, 0xA0, 0xDF, 0x4E, 0xBD, 0x68, 0xE3, 0x55,
    0xB4, 0xAE, 0x66, 0xFC, 0x2A, 0x46, 0xF1, 0xE7, 0xDE, 0x74, 0xBC, 0x40, 0x31, 0x8B, 0x36, 0x2B,
    0x6D, 0x5D, 0x3B, 0xD9, 0x07, 0xEA, 0xCD, 0x06, 0x9C, 0xA2, 0x94, 0x2D, 0xD7, 0x76, 0x01, 0x87,
    0x8D, 0x89, 0xBB, 0x5B, 0xB6, 0x3F, 0xF0, 0x10, 0xA2, 0x62, 0x00, 0x4E, 0xB8, 0x80, 0xF2, 0x07,
    0x49, 0x27, 0x08, 0x83, 0x6E, 0xCE, 0x05, 0x13, 0x1C, 0xD9, 0x8A, 0xA3, 0xE5, 0xCA, 0xD0, 0xC3,
    0xFB, 0x92, 0x35, 0x95, 0xCB, 0x75, 0x47, 0xCE, 0x05, 0x43, 0xEA, 0xBB, 0x97, 0x1F, 0xFE, 0x17,
    0xF2, 0x87, 0x42, 0x1B, 0x74, 0xE5, 0x60, 0x7B, 0x4F, 0x56, 0x6F, 0x89, 0x19, 0xE0, 0x2D, 0x0D,
    0xE6, 0xD2, 0xEF, 0xDA, 0x6D, 0xFD, 0xD1, 0x66, 0x35, 0xB8, 0xA6, 0x90, 0x52, 0x7E, 0x24, 0x0F,
    0x79, 0xAC, 0x8A, 0x27, 0x76, 0xDF, 0x85, 0x56, 0xA2, 0x45, 0x53, 0xEE, 0xBD, 0x28, 0xC5, 0x5E,
    0x0B, 0x90, 0x93, 0xDB, 0x89, 0x9D, 0xE9, 0xC8, 0xFD, 0x52, 0x45, 0xDD, 0xB6, 0x53, 0x4E, 0x47,
    0x9C, 0x89, 0x59, 0x79, 0x5B, 0x6D, 0x5C, 0xEF, 0xFA, 0x7C, 0xF0, 0x63, 0x36, 0xE9, 0x67, 0xE9,
    0xA4, 0x0F, 0x92, 0x49, 0xF3, 0x47, 0x93, 0x26, 0x4F, 0x27, 0x7D, 0xEF, 0x3F, 0x93, 0x36, 0xAF,
    0x26, 0x1F, 0xE0, 0x30, 0x6D, 0x39, 0x54, 0x17, 0x18, 0x89, 0x39, 0x9C, 0x2B, 0xA7, 0x43, 0xDC,
    0x89, 0xBC, 0xA3, 0x34, 0x80, 0x78, 0xCB, 0x9B, 0xDC, 0x7E, 0x94, 0x14, 0x1C, 0x60, 0xC0, 0xA1,
    0xBA, 0xF0, 0xDD, 0x49, 0x80, 0xE0, 0xB2, 0x6B, 0xD4, 0xA7, 0xC2, 0x46, 0xB0, 0x42, 0x8E, 0xF3,
    0x71, 0x03, 0xEC, 0x23, 0x48, 0x81, 0x9F, 0x7E, 0xB8, 0xA6, 0x37, 0xF0, 0x81, 0xFD, 0x37, 0xB0,
    0x8B, 0xCE, 0x9D, 0xBB, 0x3E, 0xAB, 0xF3, 0xC8, 0xE3, 0x3B, 0x1E, 0x5A, 0xC0, 0xFC, 0xCA, 0x9C,
    0x94, 0x26, 0x6E, 0xCF, 0x57, 0xD0, 0xC1, 0x69, 0x5D, 0xF4, 0x1C, 0x8B, 0x39, 0x01, 0x73, 0x65,
    0xE5, 0xCF, 0x68, 0xA8, 0x01, 0xDA, 0xE2, 0x9A, 0x01, 0x27, 0x17, 0xE0, 0x81, 0xD0, 0x92, 0x86,
    0x95, 0xBA, 0x90, 0x4C, 0x55, 0xC8, 0x87, 0x2A, 0x94, 0x2D, 0xDC, 0x1F, 0x17, 0xDD, 0x7C, 0xD7,
    0xCC, 0xD8, 0xAF, 0xB4, 0x8A, 0xDA, 0xDC, 0xB5, 0x46, 0x4C, 0xD1, 0xEE, 0x77, 0x83, 0x78, 0xAC,
    0x83, 0x16, 0xFC, 0x33, 0xDF, 0x65, 0x52, 0xF6, 0x04, 0x1D, 0x36, 0xCA, 0xE3, 0xF0, 0xDF, 0x3D,
    0xF3, 0x6D, 0x94, 0x67, 0x89, 0xF2, 0xE0, 0x74, 0xD6, 0x11, 0x7D, 0x42, 0x79, 0xF1, 0x0B, 0xE3,
    0xEE, 0x1E, 0x8C, 0xC6, 0x47, 0x69, 0x00, 0xE7, 0x70, 0x91, 0x50, 0xF6, 0x38, 0xBF, 0x9E, 0xE6,
    0xEB, 0xF1, 0xED, 0xF0, 0x1F, 0xBA, 0x6C, 0xA1, 0xD3, 0x26, 0xA5, 0x53, 0x81, 0xCF, 0x81, 0xAE,
    0x80, 0x19, 0x51, 0xB7, 0xD8, 0xAB, 0x18, 0x06, 0x89, 0xD9, 0x7F, 0x86, 0x6D, 0xE4, 0x43, 0xEC,
    0x76, 0x51, 0xF5, 0x2B, 0x6D, 0xA0, 0x0A, 0x91, 0x14, 0x6C, 0x72, 0xA2, 0x97, 0x23, 0x14, 0x51,
    0xD7, 0x70, 0xBF, 0x73, 0x2F, 0x79, 0x00, 0x78, 0x76, 0x5E, 0xD2, 0x88, 0x3F, 0x75, 0xD4, 0xFF,
    0xE9, 0xA0, 0x0D, 0x2C, 0xA8, 0x4E, 0x63, 0x6B, 0xF2, 0xC9, 0x5D, 0xB8, 0xA1, 0x44, 0x1F, 0xCF,
    0x88, 0x67, 0xB5, 0xF2, 0x8F, 0x31, 0x1E, 0xA0, 0x87, 0x7D, 0xB8, 0x7F, 0x68, 0x0D, 0x8C, 0x0E,
    0x98, 0x1D, 0x1B, 0x7E, 0xFB, 0x3F, 0xDB, 0x59, 0xD2, 0x2A, 0xB1, 0x1E, 0x65, 0x1B, 0xA3, 0xAA,
    0x88, 0xD3, 0xA6, 0x62, 0x28, 0xD4, 0xEF, 0x7D, 0x83, 0xD6, 0xBF, 0xFD, 0x5C, 0xFA, 0xC3, 0x6D,
    0x7D, 0xB7, 0x78, 0xD2, 0x63, 0x21, 0x4A, 0xAD, 0x00, 0x9B, 0xA5, 0xB6, 0x77, 0x74, 0xA9, 0x9D,
    0x3E, 0x16, 0xE2, 0x2E, 0x81, 0xD4, 0x43, 0x3D, 0x99, 0x6E, 0x08, 0x89, 0xAD, 0xDC, 0xE1, 0x13,
    0x38, 0x8E, 0xAC, 0xBA, 0x1D, 0xC7, 0x43, 0xBD, 0xDE, 0x7C, 0x06, 0x2D, 0x0A, 0x03, 0x00, 0x67,
    0xD2, 0x51, 0x0A, 0x32, 0xF6, 0xD0, 0x01, 0x79, 0xAD, 0xBC, 0xAD, 0x99, 0x62, 0x7F, 0x7C, 0x04,
    0x75, 0xF0, 0x34, 0xE4, 0x6C, 0xC7, 0xC8, 0x6D, 0xA8, 0xD3, 0x16, 0x3A, 0x1A, 0xAA, 0xF3, 0x07,
    0x53, 0xDA, 0x00, 0xA7, 0xEC, 0x90, 0x60, 0xFD, 0x19, 0xE5, 0x25, 0xAE, 0x83, 0x31, 0xD0, 0x48,
    0xBE, 0xBF, 0xDF, 0x22, 0x98, 0x34, 0x76, 0x76, 0x84, 0x28, 0xFB, 0x9F, 0x2D, 0x35, 0x17, 0x1D,
    0x24, 0x19, 0x56, 0x4F, 0x24, 0x6F, 0xA4, 0xA8, 0xDF, 0xBD, 0xA3, 0x1F, 0x85, 0x87, 0xA5, 0x7E,
    0xDE, 0x7D, 0xE2, 0xF4, 0x0F, 0x7D, 0xFF, 0xFB, 0x3C, 0xF4, 0xFD, 0x44, 0x32, 0x17, 0x20, 0x5E,
    0xBF, 0xEC, 0x3E, 0xA1, 0x1D, 0x3E, 0x2C, 0x60, 0x5A, 0xA6, 0x40, 0x4C, 0x13, 0x32, 0xA0, 0xDE,
    0xC9, 0xDC, 0x98, 0xD2, 0x34, 0x20, 0x4A, 0xCD, 0x20, 0x85, 0x8E, 0x82, 0x1D, 0xD8, 0x11, 0xC4,
    0x7A, 0x4E, 0x1B, 0xFA, 0x0D, 0x88, 0xE2, 0xE4, 0x56, 0x4A, 0x54, 0x5D, 0x12, 0x42, 0x10, 0xF0,
    0x32, 0xDD, 0xC5, 0x53, 0x0B, 0xAD, 0xB0, 0x56, 0xEC, 0x00, 0xFB, 0xA8, 0x3A, 0x6C, 0xA4, 0xEC,
    0x61, 0x94, 0x05, 0xE2, 0xCD, 0x52, 0xA3, 0xAF, 0x43, 0x1B, 0xB5, 0x7E, 0x30, 0x29, 0x30, 0x3A,
    0xB6, 0x7C, 0xDC, 0x3E, 0x6F, 0xD1, 0x86, 0xCB, 0xBE, 0x24, 0x7E, 0xF3, 0x3F, 0x9F, 0x5B, 0xFF,
    0xC2, 0x48, 0x58, 0x33, 0xEE, 0xF4, 0x31, 0x3A, 0x16, 0xF3, 0x87, 0x4A, 0x95, 0x8D, 0xA6, 0x33,
    0x53, 0x90, 0xA9, 0x9C, 0x48, 0xB4, 0x23, 0xF5, 0xAE, 0xC3, 0x86, 0xD8, 0xE0, 0x92, 0xD3, 0x8C,
    0x81, 0x85, 0x6B, 0x29, 0xC0, 0x54, 0xF5, 0xCC, 0x8E, 0xBA, 0xB1, 0xF3, 0x16, 0xFD, 0x09, 0xAC,
    0x1A, 0x83, 0x10, 0xA4, 0x10, 0xD3, 0x22, 0xE4, 0x1A, 0xC2, 0xDD, 0x20, 0xD6, 0xB1, 0x5E, 0xB6,
    0x83, 0x6D, 0x9A, 0x31, 0x88, 0xAC, 0xCE, 0x0E, 0xED, 0x87, 0xD2, 0xA8, 0x5C, 0x69, 0x36, 0x72,
    0xDB, 0xAE, 0xF7, 0xD5, 0xD7, 0xE6, 0x5A, 0x80, 0xD8, 0xB6, 0x1B, 0x7C, 0x8E, 0xF4, 0x5D, 0x6B,
    0x3B, 0x1D, 0xD2, 0xE8, 0x60, 0xAA, 0xC5, 0x7C, 0x7F, 0xA1, 0x5A, 0x7E, 0x7B, 0x53, 0x87, 0x00,
    0xD8, 0x48, 0x80, 0x03, 0x70, 0x41, 0xA6, 0x49, 0x0C, 0x97, 0x18, 0xEC, 0x43, 0x39, 0xDF, 0x37,
    0x98, 0xD5, 0x00, 0x1D, 0x3E, 0xC7, 0x41, 0x2F, 0x59, 0xA0, 0x46, 0x5E, 0xDB, 0xAE, 0x7E, 0xEA,
    0x95, 0x1E, 0x1F, 0xBB, 0x0D, 0x86, 0x0C, 0xE4, 0x47, 0x6F, 0x0C, 0xD8, 0x0F, 0xDE, 0x61, 0xEF,
    0x9B, 0xB6, 0x93, 0xE6, 0x00, 0x5B, 0x43, 0xCA, 0xB5, 0x89, 0xAD, 0xF1, 0xD4, 0x4B, 0x9E, 0x3F,
    0x3C, 0x5A, 0x89, 0x99, 0x4A, 0xC0, 0xD4, 0x82, 0x69, 0xA0, 0xEB, 0x2D, 0x5A, 0x93, 0xB4, 0xF1,
    0x00, 0x25, 0xE6, 0x87, 0x5F, 0x71, 0xC8, 0x8F, 0x2D, 0x89, 0x40, 0x37, 0x33, 0x39, 0x10, 0x24,
    0x4B, 0x4A, 0x1F, 0x57, 0xFA, 0xD6, 0xB1, 0x53, 0x39, 0xDA, 0xEA, 0x6B, 0x27, 0x3C, 0xC2, 0x35,
    0x05, 0x8B, 0x96, 0x46, 0x11, 0x0B, 0x2D, 0x59, 0x65, 0xC6, 0xE5, 0x40, 0xBD, 0x2C, 0xA0, 0xAE,
    0x86, 0x07, 0x69, 0xF9, 0x2B, 0xD2, 0xE2, 0xF3, 0x11, 0x34, 0x7F, 0x3A, 0x90, 0xFE, 0x05, 0x91,
    0x45, 0xB3, 0xAF, 0x3B, 0xD0, 0x14, 0x5E, 0x25, 0x9A, 0xF0, 0x98, 0x75, 0x6D, 0x14, 0x9B, 0x55,
    0x39, 0xB8, 0x90, 0xC3, 0x04, 0xD8, 0x0A, 0xC8, 0x44, 0xB2, 0x90, 0xA8, 0x91, 0x06, 0x04, 0x9E,
    0x1E, 0xB4, 0xE8, 0x41, 0x18, 0x4A, 0x35, 0x45, 0x4C, 0xD5, 0x64, 0xAE, 0xC8, 0x0A, 0x11, 0x80,
    0xD0, 0xB2, 0x35, 0xA3, 0x92, 0x24, 0x27, 0x49, 0x49, 0x18, 0x8F, 0x4F, 0x00, 0xCC, 0xA6, 0x3B,
    0x02, 0x48, 0x5D, 0x2C, 0x3F, 0x47, 0x6C, 0xC5, 0x6A, 0x38, 0x14, 0x84, 0x2D, 0x98, 0x5B, 0x06,
    0xA8, 0x30, 0x2C, 0x30, 0x30, 0x20, 0xE1, 0x5F, 0xEB, 0xB0, 0x21, 0x36, 0xD8, 0xA6, 0x19, 0x03,
    0xD9, 0xA6, 0xD4, 0x40, 0x7B, 0x20, 0xFC, 0x16, 0x51, 0xE0, 0x71, 0xA7, 0x23, 0x4F, 0xE0, 0x12,
    0x71, 0x8A, 0xF1, 0x2A, 0xA2, 0x1C, 0xF3, 0x96, 0x28, 0x61, 0xE4, 0x1B, 0x97, 0xE0, 0x6A, 0x41,
    0x6C, 0x61, 0x31, 0x19, 0xC4, 0xC4, 0x11, 0x93, 0x0C, 0x73, 0xBE, 0x9B, 0x90, 0x56, 0xEF, 0x83,
    0xD6, 0xEE, 0x9F, 0x13, 0x7A, 0x0B, 0x25, 0x38, 0xA5, 0xD4, 0x60, 0x4F, 0x65, 0xE6, 0xE0, 0xD0,
    0x1B, 0x37, 0xDA, 0x0C, 0x32, 0x5E, 0x5B, 0xC5, 0x19, 0xD8, 0xFF, 0x60, 0x1F, 0x71, 0x8E, 0xC8,
    0xCF, 0xFF, 0x7B, 0x34, 0x98, 0xCD, 0x32, 0x71, 0x76, 0x66, 0x74, 0x88, 0xBD, 0x38, 0xD5, 0x92,
    0x99, 0xC3, 0x64, 0xB0, 0x55, 0x5A, 0x0A, 0x8E, 0xD0, 0xB2, 0xAD, 0x48, 0x1E, 0xB0, 0x22, 0x59,
    0xB7, 0x96, 0x2C, 0x48, 0x85, 0x30, 0x08, 0x3B, 0xDA, 0x10, 0xF1, 0x19, 0xBD, 0x4C, 0xA2, 0x3B,
    0x9E, 0x1B, 0x4F, 0x01, 0x6B, 0xCC, 0x33, 0x91, 0x72, 0x82, 0x6C, 0x3E, 0x64, 0x6E, 0x1E, 0xD1,
    0x92, 0x11, 0x73, 0x39, 0x74, 0x67, 0x4B, 0xED, 0xF2, 0x6F, 0xD7, 0x22, 0xCE, 0xBF, 0x61, 0xAB,
    0x63, 0xF3, 0x21, 0x1B, 0xAB, 0x8B, 0x53, 0xE6, 0x1F, 0x7D, 0x46, 0x4F, 0xF4, 0x1B, 0x66, 0x3E,
    0x55, 0x6B, 0x89, 0x3C, 0xC0, 0x49, 0x9B, 0x92, 0x68, 0x8A, 0x2C, 0x0C, 0x8A, 0x18, 0x00, 0xCD,
    0xD9, 0x64, 0xA1, 0xCA, 0xCA, 0x02, 0x1C, 0xD6, 0x7A, 0xE1, 0xEA, 0x4A, 0xB1, 0xF5, 0x94, 0xF1,
    0x96, 0x79, 0x93, 0x25, 0x93, 0x55, 0x8C, 0x7A, 0x0C, 0x8F, 0x46, 0x98, 0x6C, 0x35, 0x05, 0x58,
    0x00, 0x27, 0x06, 0x9A, 0x75, 0x35, 0x22, 0x6B, 0x6C, 0x2B, 0xB0, 0x42, 0xD6, 0x38, 0x65, 0x63,
    0xD1, 0xB9, 0x39, 0x1F, 0xF2, 0xFE, 0x09, 0x58, 0xE6, 0xFD, 0xEC, 0xF3, 0x3E, 0x1B, 0x66, 0x57,
    0x74, 0xE9, 0xC5, 0x54, 0x95, 0x6D, 0xF2, 0x72, 0xAA, 0x90, 0x67, 0x2E, 0x63, 0xE9, 0x81, 0x92,
    0x10, 0x18, 0xD5, 0x4D, 0x5F, 0xD0, 0x52, 0x7B, 0xF2, 0xD7, 0x8E, 0x14, 0x89, 0xE3, 0xC2, 0x3C,
    0x2C, 0x9D, 0xA3, 0x5D, 0x01, 0x64, 0x00, 0xAC, 0xCB, 0x1A, 0x5B, 0xD5, 0x0F, 0x38, 0xEA, 0x8B,
    0xC9, 0x2A, 0x38, 0x46, 0x62, 0x16, 0xB5, 0x94, 0x33, 0x8D, 0x71, 0xDA, 0x84, 0x65, 0x74, 0x36,
    0x10, 0x7A, 0xC1, 0xD4, 0xF2, 0x63, 0x6C, 0x14, 0x0E, 0x0D, 0x03, 0x40, 0xD6, 0x5B, 0xC2, 0x3C,
    0x3B, 0xE0, 0x55, 0x35, 0x30, 0x6B, 0xEE, 0x69, 0x80, 0xA1, 0x18, 0x57, 0x4C, 0xE6, 0x12, 0xDA,
    0x47, 0xC6, 0xC2, 0xE8, 0x1E, 0xD3, 0x94, 0x17, 0xCC, 0x20, 0xC9, 0xAA, 0x34, 0x1C, 0x35, 0x1B,
    0x60, 0xCD, 0x69, 0x15, 0xEE, 0x51, 0x82, 0xAC, 0x62, 0xDA, 0x35, 0x56, 0xB9, 0x90, 0xB5, 0xDB,
    0x66, 0xDC, 0xB5, 0x29, 0xB0, 0xA4, 0xF8, 0x3D, 0x1E, 0xB5, 0x78, 0xD4, 0x18, 0x6F, 0x7B, 0x34,
    0x9A, 0x15, 0xED, 0x33, 0xEE, 0x78, 0x4D, 0x72, 0xFC, 0x8A, 0xA3, 0x62, 0x0D, 0x87, 0xCC, 0x2D,
    0x8F, 0xE5, 0xDE, 0x78, 0x58, 0xE5, 0x6D, 0xBB, 0x63, 0x35, 0xD8, 0xD3, 0x3D, 0xAD, 0xDB, 0x4F,
    0xBC, 0xBE, 0x61, 0x81, 0x69, 0x3B, 0xCA, 0x92, 0x7C, 0xE2, 0x3B, 0x25, 0x47, 0xA6, 0x45, 0x94,
    0x7A, 0x39, 0x0B, 0xB3, 0xF2, 0xA2, 0xF3, 0xC8, 0x6A, 0x11, 0x0B, 0x9B, 0xB2, 0x8D, 0xE8, 0x10,
    0xEF, 0x4F, 0x05, 0xF0, 0x5B, 0xA3, 0x78, 0x46, 0x0C, 0x61, 0xFE, 0x8C, 0x98, 0x52, 0x97, 0xCF,
    0x70, 0xE6, 0x35, 0x90, 0x62, 0x45, 0x0B, 0xC0, 0x89, 0xB0, 0x56, 0x60, 0xAD, 0x51, 0xFB, 0xA0,
    0x7F, 0xC5, 0x6F, 0xD6, 0x49, 0xAC, 0x0F, 0xE6, 0xB2, 0xBD, 0x81, 0x40, 0xC4, 0x15, 0xB7, 0xAF,
    0x0B, 0x5A, 0x8C, 0xEC, 0x00, 0x93, 0xFD, 0x41, 0xE3, 0xB3, 0x73, 0x43, 0x8A, 0x60, 0x63, 0x99,
    0x57, 0x23, 0x68, 0x65, 0x40, 0x86, 0x92, 0xF9, 0xFB, 0x85, 0x6F, 0x7C, 0xF8, 0x5E, 0x44, 0xB9,
    0x2B, 0xCD, 0x87, 0xB7, 0x05, 0x7D, 0x35, 0xC7, 0x70, 0x2C, 0x53, 0xD7, 0xEB, 0xCE, 0x49, 0x37,
    0xC9, 0xF5, 0x39, 0xEB, 0xA9, 0xDE, 0x5D, 0x78, 0x24, 0x72, 0xDB, 0xBA, 0xE4, 0x4A, 0xE3, 0x33,
    0xF4, 0x0D, 0x18, 0x33, 0xE4, 0xFA, 0x62, 0x58, 0xEB, 0x4F, 0xC7, 0x2B, 0xFB, 0x6F, 0x2A, 0xC8,
    0x0D, 0x0F, 0xEA, 0x6C, 0xFC, 0x2E, 0x8F, 0xD9, 0x66, 0x19, 0xD5, 0xF9, 0x2F, 0x29, 0x63, 0x93,
    0x59, 0x4D, 0xC3, 0xF4, 0x19, 0x30, 0x19, 0x60, 0xDF, 0xF9, 0xC6, 0x0E, 0xB6, 0xBF, 0x0C, 0xED,
    0xB1, 0xC6, 0x3D, 0x72, 0xAF, 0x97, 0xEC, 0x52, 0xD6, 0xF3, 0x2B, 0xB2, 0xCA, 0x56, 0xD6, 0x06,
    0xB5, 0x61, 0x67, 0xB5, 0x21, 0xC6, 0xBD, 0xE8, 0xD7, 0x7A, 0x6F, 0xBF, 0xCF, 0xB4, 0xAD, 0x3A,
    0xC8, 0xDA, 0xB2, 0xDE, 0x59, 0x21, 0x7D, 0x93, 0xDB, 0xA2, 0xC1, 0xE5, 0x59, 0x34, 0xD0, 0xB7,
    0xD5, 0x34, 0x40, 0xF8, 0x58, 0xDF, 0xC8, 0xEB, 0xDB, 0xBA, 0xCB, 0xC7, 0x1C, 0x38, 0x91, 0x58,
    0x35, 0x81, 0xBD, 0xE3, 0xCA, 0x6F, 0xBD, 0xE4, 0xD3, 0x64, 0x49, 0xF8, 0x8E, 0xC9, 0xDE, 0x29,
    0x25, 0xD3, 0xEB, 0xAF, 0x94, 0x3E, 0x30, 0xEA, 0x4D, 0x7B, 0xC1, 0xA9, 0x22, 0x12, 0xD4, 0x0A,
    0x24, 0x51, 0xE6, 0x1D, 0x70, 0xC4, 0x98, 0x84, 0x06, 0xCB, 0x55, 0x2C, 0xC7, 0x04, 0x98, 0xE8,
    0x07, 0x16, 0x31, 0xEA, 0x18, 0x31, 0xAA, 0xEE, 0x5A, 0xBC, 0x3F, 0xBC, 0x1E, 0xC3, 0xDB, 0xA6,
    0x62, 0xC2, 0xFE, 0x19, 0x67, 0x9C, 0x56, 0x96, 0x81, 0x30, 0x36, 0x9D, 0x2B, 0xEA, 0x7B, 0xE8,
    0xA1, 0x2D, 0x3B, 0x6A, 0xA2, 0xE0, 0xBB, 0xAB, 0xFF, 0x8F, 0x7E, 0x4B, 0x9D, 0xD2, 0xBE, 0x68,
    0x33, 0xF4, 0x25, 0xB3, 0xAF, 0xD7, 0xD8, 0x25, 0xF3, 0xBA, 0x4B, 0xFB, 0x3A, 0xBB, 0xE6, 0x4F,
    0x7A, 0xC4, 0x9F, 0xFC, 0x81, 0x3F, 0x5D, 0xD7, 0xB3, 0x85, 0x0F, 0x1A, 0x1B, 0xB1, 0x0F, 0x69,
    0x00, 0x5C, 0x83, 0xF9, 0x70, 0x0C, 0x39, 0xD7, 0x89, 0x75, 0xD8, 0x90, 0x2A, 0xBE, 0x19, 0xC4,
    0xB4, 0xD5, 0xC2, 0xAA, 0x5C, 0xF2, 0xCD, 0xCF, 0xC4, 0xEA, 0x3E, 0xA0, 0x0B, 0xBD, 0xCF, 0xB7,
    0x73, 0x56, 0x2F, 0x55, 0x43, 0x75, 0xE0, 0x6E, 0x59, 0xF7, 0x6D, 0xDF, 0x73, 0xDD, 0xB8, 0x57,
    0xA6, 0x03, 0xDD, 0xEA, 0xC0, 0xD5, 0x0C, 0xE8, 0xE5, 0xCB, 0x9A, 0xAF, 0xD0, 0x18, 0xC8, 0x5B,
    0x0C, 0xE8, 0xD7, 0xD8, 0x0F, 0xFA, 0xFA, 0x32, 0xDA, 0xB6, 0xD5, 0xE9, 0x7B, 0x87, 0xF9, 0x06,
    0xD7, 0xDA, 0x30, 0xCE, 0x64, 0xCC, 0xED, 0x8F, 0x1E, 0x85, 0xB5, 0xFA, 0x12, 0xCE, 0x9C, 0xC1,
    0x99, 0x0B, 0xD9, 0x86, 0xCF, 0x91, 0x5E, 0xC3, 0xF5, 0x01, 0x95, 0x2D, 0x63, 0x33, 0x42, 0x65,
    0x13, 0x5F, 0x68, 0x20, 0x8D, 0xD9, 0x2C, 0x08, 0x3F, 0x33, 0xE2, 0x15, 0xDF, 0x70, 0x32, 0x12,
    0x0C, 0xF1, 0x4D, 0x8E, 0xB3, 0x7C, 0x1B, 0x58, 0xFD, 0x1E, 0x4A, 0x4C, 0xF7, 0x6B, 0x90, 0xEA,
    0xA9, 0x7E, 0x30, 0x82, 0x7C, 0x34, 0x94, 0x4F, 0x9F, 0x7F, 0x3C, 0x14, 0x5F, 0xFD, 0xED, 0x8B,
    0x3E, 0xFF, 0xFA, 0x4F, 0x20, 0xAF, 0xFE, 0xF8, 0xA2, 0xCB, 0xF4, 0x11, 0xB3, 0xBF, 0x47, 0x1A,
    0x12, 0x7D, 0x9F, 0x64, 0xAD, 0x4D, 0x02, 0x0E, 0xB5, 0x83, 0x53, 0x03, 0x9A, 0x02, 0xCA, 0x4B,
    0xC4, 0xD1, 0xC5, 0x56, 0xB2, 0x55, 0x58, 0x60, 0xFB, 0xDE, 0x56, 0x4D, 0x00, 0x7C, 0xD9, 0xCC,
    0xFC, 0xC5, 0x37, 0x55, 0x57, 0xC1, 0x90, 0xF0, 0x2B, 0x30, 0x99, 0x2D, 0x3B, 0xCA, 0x4C, 0xD9,
    0x21, 0x71, 0x93, 0x21, 0x6D, 0x4E, 0x91, 0x84, 0x25, 0x33, 0x43, 0x0C, 0xF9, 0x8C, 0xF1, 0x8D,
    0x15, 0x4B, 0x01, 0xF2, 0x2B, 0x81, 0xEF, 0x2E, 0x86, 0x36, 0x46, 0xBC, 0x3C, 0xBE, 0xCC, 0xDA,
    0x37, 0x7B, 0x58, 0xEC, 0xC2, 0x60, 0xB0, 0x2A, 0x9B, 0x2F, 0x5F, 0xF8, 0x5E, 0xC6, 0xB7, 0x87,
    0xA9, 0x3D, 0x90, 0x31, 0xD5, 0x06, 0xD5, 0xF7, 0x1E, 0x04, 0xE3, 0x4D, 0xF3, 0x6A, 0xED, 0xF0,
    0x03, 0xD9, 0xDC, 0x3C, 0xAF, 0x8C, 0x1B, 0x6F, 0xF8, 0x42, 0x44, 0xDE, 0xFC, 0xF2, 0x8F, 0xB9,
    0x0F, 0x84, 0xBB, 0x77, 0xAE, 0x96, 0x55, 0x33, 0x53, 0x47, 0x0A, 0x0A, 0x5F, 0xA3, 0x09, 0xD4,
    0x96, 0x3D, 0x5D, 0xDE, 0x28, 0x67, 0x30, 0x85, 0x13, 0x99, 0x1D, 0xBF, 0x5D, 0xB4, 0xEF, 0xBA,
    0x8D, 0xE3, 0x0B, 0xF3, 0xD3, 0xF9, 0xB3, 0x3B, 0xC3, 0x5B, 0x22, 0xFF, 0x03, 0xBD, 0x59, 0x3D,
    0x8C, 0xDD, 0xC6, 0x11, 0x1E, 0x3E, 0xCA, 0x22, 0x12, 0x26, 0xA0, 0x8A, 0x20, 0x7F, 0x02, 0xC2,
    0x36, 0x71, 0x21, 0xB6, 0x0E, 0x70, 0xF6, 0x12, 0x51, 0xE1, 0xC2, 0x40, 0xE4, 0x26, 0x76, 0xE9,
    0x36, 0x06, 0x02, 0x5C, 0xAB, 0x00, 0xB6, 0x48, 0xD8, 0x85, 0x4B, 0xA9, 0x51, 0xAF, 0xC2, 0x75,
    0x9C, 0x42, 0x85, 0x02, 0x44, 0xDA, 0x75, 0x52, 0xB8, 0x70, 0x61, 0x26, 0x81, 0x93, 0xD2, 0x84,
    0xA0, 0x43, 0x8A, 0x14, 0x5A, 0xC0, 0x3C, 0x84, 0x8A, 0x49, 0x6E, 0xBE, 0x6F, 0xC8, 0x77, 0xEF,
    0xDD, 0xE9, 0xEE, 0x24, 0x9F, 0x2C, 0xBF, 0xE3, 0x2E, 0xC9, 0xE5, 0xEE, 0xFC, 0xEC, 0xCE, 0x7E,
    0x33, 0xB3, 0x77, 0x49, 0x6C, 0x1D, 0x9C, 0x75, 0x85, 0x88, 0x18, 0xFC, 0x55, 0x65, 0x55, 0xB2,
    0x65, 0xFB, 0x4F, 0x32, 0x7C, 0x44, 0x59, 0x85, 0x4E, 0xB2, 0x30, 0x89, 0x09, 0xA1, 0xAE, 0xBE,
    0x40, 0xBF, 0xEB, 0x17, 0x24, 0x5C, 0x11, 0x09, 0xF8, 0xA6, 0x77, 0x14, 0xFB, 0xD9, 0x05, 0x7C,
    0xB7, 0x65, 0x11, 0x42, 0x99, 0x86, 0x11, 0x0D, 0xAD, 0xAC, 0xC7, 0x8B, 0xED, 0x25, 0xC1, 0xD8,
    0x3C, 0x04, 0x6F, 0xF6, 0x77, 0x3B, 0xD3, 0x24, 0xB5, 0x69, 0x44, 0x0A, 0x76, 0xF1, 0x18, 0x1F,
    0x06, 0x2D, 0xF1, 0x20, 0x5A, 0x92, 0x61, 0x6E, 0xAF, 0xC2, 0xCD, 0x3F, 0x86, 0x10, 0xBA, 0x0A,
    0x1F, 0x7F, 0xF1, 0x86, 0x7D, 0x70, 0x41, 0xA4, 0xBC, 0x6A, 0xEF, 0x37, 0x90, 0xC3, 0x65, 0x21,
    0x48, 0xBE, 0x67, 0x4B, 0x53, 0x17, 0xCE, 0x48, 0x36, 0x17, 0x3C, 0xB3, 0x8D, 0xDF, 0xD8, 0xE7,
    0x1D, 0xF4, 0xE5, 0x18, 0xE3, 0xA5, 0xF0, 0x79, 0x2F, 0xA6, 0x49, 0x47, 0x09, 0x2E, 0x0E, 0x51,
    0x28, 0xA3, 0xF0, 0xFE, 0x04, 0xC1, 0x3E, 0x01, 0x2B, 0x03, 0xF5, 0x24, 0x0F, 0x60, 0x98, 0x06,
    0x48, 0x15, 0x87, 0x7A, 0x16, 0x69, 0xAE, 0x24, 0xC8, 0x52, 0x1D, 0xD3, 0x36, 0x2C, 0x3F, 0xD1,
    0xDF, 0xFA, 0x2D, 0x82, 0xEE, 0x9C, 0x83, 0x82, 0x72, 0xEC, 0xDD, 0x13, 0xD5, 0xB5, 0x87, 0x4E,
    0xE1, 0x06, 0xDA, 0x46, 0xB1, 0x0F, 0x43, 0x1D, 0x7E, 0x15, 0xDA, 0x50, 0x17, 0xDE, 0x76, 0x99,
    0x37, 0xE1, 0x2D, 0x9F, 0x42, 0x5E, 0xB1, 0x20, 0x99, 0x84, 0x12, 0xA4, 0xDD, 0x79, 0x57, 0x39,
    0xB3, 0x67, 0x1D, 0xE6, 0xAC, 0x4C, 0xC2, 0xA4, 0xF3, 0xF9, 0x6E, 0x5E, 0x06, 0xE3, 0x70, 0xE1,
    0x01, 0x0C, 0xD0, 0xCF, 0x42, 0xF4, 0xB8, 0x97, 0x7B, 0x50, 0x5E, 0xB2, 0x1A, 0x6B, 0x19, 0x37,
    0x3B, 0xE9, 0x24, 0xFE, 0x4E, 0x11, 0xDC, 0x6D, 0x5F, 0x25, 0x37, 0xAE, 0x7A, 0x2C, 0xC5, 0x8E,
    0x1F, 0x0E, 0x2A, 0xBC, 0x5E, 0xBD, 0x53, 0xBD, 0x56, 0xDF, 0xDE, 0x41, 0x17, 0x5F, 0x24, 0x53,
    0xDC, 0xE8, 0xD8, 0xB8, 0x03, 0x15, 0xD0, 0xEB, 0x45, 0x29, 0xE7, 0x9D, 0x19, 0xCF, 0x5D, 0x2B,
    0xA6, 0x7B, 0xF7, 0x86, 0x6B, 0x76, 0x2A, 0xFE, 0x20, 0xE1, 0x93, 0x71, 0x15, 0xB2, 0x3E, 0x1E,
    0x0B, 0x9F, 0x0D, 0x55, 0x53, 0xF8, 0x50, 0x9B, 0xBF, 0x43, 0x3D, 0x14, 0x3E, 0xB3, 0x8D, 0xDF,
    0xD8, 0x87, 0x7D, 0x39, 0x1D, 0x16, 0xCB, 0xBD, 0x2E, 0x90, 0xEC, 0x84, 0xB2, 0xBA, 0xC5, 0x49,
    0xE5, 0xEF, 0x58, 0x95, 0xCC, 0x74, 0xB9, 0xD9, 0x31, 0xA1, 0xF1, 0x77, 0x4C, 0xE2, 0x6F, 0x7B,
    0x54, 0x57, 0x31, 0x5F, 0xCD, 0x0E, 0xAA, 0x12, 0x95, 0x81, 0x4A, 0x26, 0xAF, 0xAF, 0xDE, 0x31,
    0x69, 0x73, 0x7B, 0xC7, 0xC4, 0xDE, 0xEB, 0x24, 0x1C, 0xA7, 0xD2, 0x9A, 0x4D, 0x0A, 0x43, 0x08,
    0x72, 0x37, 0xAF, 0xBB, 0xC4, 0xF9, 0xD8, 0xA1, 0xC6, 0x33, 0x5A, 0xD0, 0x8E, 0x7D, 0x70, 0x50,
    0xD0, 0xD3, 0xAF, 0xCB, 0x76, 0xFB, 0xFA, 0xB7, 0xFD, 0x3D, 0xED, 0xCD, 0xF4, 0x3B, 0xEE, 0xA2,
    0xBB, 0xAB, 0x3E, 0x6B, 0xEC, 0x4D, 0xB2, 0x49, 0xB8, 0xFE, 0xE5, 0x77, 0x21, 0xC9, 0x6E, 0x4D,
    0x53, 0x81, 0x04, 0x99, 0xBB, 0x98, 0x39, 0x34, 0xE2, 0xD3, 0xAA, 0x4D, 0x7D, 0xDE, 0x98, 0x12,
    0x33, 0xE8, 0x4E, 0x2D, 0x65, 0xE5, 0x42, 0x6D, 0x5D, 0xF8, 0x67, 0x68, 0x40, 0xB4, 0x0F, 0xE1,
    0xA3, 0x3E, 0x8C, 0x49, 0x17, 0xD6, 0x36, 0xB9, 0x94, 0xF3, 0x30, 0x1F, 0x98, 0x8A, 0xAB, 0x06,
    0x23, 0x16, 0x25, 0x6C, 0x15, 0xB6, 0xE5, 0x28, 0xE7, 0x51, 0xE4, 0x6B, 0x96, 0x4B, 0x33, 0x4C,
    0xD4, 0x97, 0x24, 0x92, 0x54, 0xB2, 0x5B, 0x58, 0xDD, 0xDE, 0x70, 0xE5, 0x5A, 0x8B, 0xBF, 0x1F,
    0xB5, 0xF1, 0xD6, 0x5F, 0xDE, 0x55, 0xE3, 0x08, 0x66, 0x83, 0x19, 0xAB, 0x6A, 0x84, 0x05, 0xDD,
    0xDF, 0xB2, 0x8D, 0x69, 0xCB, 0x36, 0x8E, 0xB3, 0x25, 0xF4, 0x85, 0x35, 0x60, 0xC9, 0xAC, 0x97,
    0xAC, 0x65, 0x5D, 0x38, 0xB6, 0x54, 0x25, 0xEB, 0x89, 0xB6, 0xB2, 0x22, 0x3C, 0xF8, 0x44, 0xED,
    0x26, 0xE3, 0x46, 0xF5, 0xA6, 0xAE, 0x50, 0xDB, 0x08, 0x33, 0x10, 0x0D, 0x31, 0xEA, 0xB8, 0xCB,
    0x2C, 0xB1, 0xE3, 0x15, 0x48, 0x5F, 0xB8, 0xBB, 0x18, 0x5C, 0x95, 0xDC, 0x58, 0x13, 0x96, 0xCB,
    0x71, 0xBC, 0x11, 0x8E, 0x37, 0xA4, 0x89, 0x07, 0xF2, 0x6A, 0x58, 0x9B, 0x9A, 0x2D, 0x56, 0x2D,
    0x52, 0xB9, 0x40, 0x10, 0xD4, 0xA9, 0xF2, 0xCA, 0x9D, 0xF2, 0x7A, 0x75, 0x42, 0x3D, 0xE5, 0x40,
    0x87, 0x68, 0x38, 0x8F, 0x65, 0x45, 0x17, 0x9A, 0x59, 0x2B, 0x45, 0x49, 0x59, 0x61, 0x6A, 0x15,
    0x0D, 0x17, 0xBC, 0xF2, 0x46, 0xC0, 0xCB, 0x04, 0x07, 0x16, 0xA8, 0xD3, 0x47, 0x22, 0x2F, 0xE2,
    0xA1, 0x94, 0x6B, 0x72, 0x29, 0xAF, 0xC9, 0x20, 0x73, 0x64, 0x50, 0xD4, 0x69, 0x0B, 0x70, 0x15,
    0x30, 0x58, 0x85, 0xD2, 0xC0, 0x44, 0x73, 0x07, 0x32, 0x3F, 0xC9, 0x3E, 0x56, 0x54, 0xBA, 0xDC,
    0x41, 0xCF, 0x31, 0xF5, 0x84, 0xC2, 0xDC, 0x15, 0x94, 0xBB, 0xAC, 0x08, 0x97, 0xF2, 0xA5, 0x87,
    0x0C, 0xAB, 0x7F, 0xEF, 0x43, 0x86, 0x18, 0xFB, 0x26, 0xF3, 0xAC, 0xE7, 0xF9, 0x32, 0x3A, 0x5F,
    0x2B, 0x20, 0x2B, 0xED, 0x39, 0x1B, 0xE6, 0xB2, 0xF2, 0xB3, 0xD1, 0x46, 0xAF, 0xE3, 0x9D, 0x9C,
    0xD1, 0x25, 0xB4, 0x34, 0x50, 0xA9, 0xD0, 0x4D, 0x11, 0xAF, 0x4C, 0xCB, 0xF0, 0x79, 0xE5, 0x01,
    0xB6, 0x2D, 0x2C, 0xA9, 0x8E, 0x2C, 0xFA, 0x45, 0x1C, 0x04, 0x2D, 0x67, 0x3C, 0xA6, 0x56, 0xF8,
    0xFD, 0x56, 0xB6, 0x7F, 0x31, 0xB7, 0x96, 0x62, 0x66, 0x8A, 0x89, 0x06, 0xC6, 0x35, 0x0B, 0x98,
    0x16, 0x5F, 0x50, 0xE2, 0x4F, 0x41, 0xBE, 0x7A, 0x9F, 0xC0, 0x79, 0x19, 0xA0, 0x10, 0xA2, 0x49,
    0x56, 0x58, 0x0C, 0x0C, 0x50, 0x5C, 0xC3, 0xAA, 0x00, 0xF8, 0x42, 0x03, 0x99, 0x8A, 0x36, 0xF7,
    0x92, 0x7B, 0xD3, 0x42, 0x40, 0x00, 0x26, 0xA5, 0xDE, 0x70, 0x37, 0xAC, 0x26, 0xBE, 0x7E, 0x78,
    0x88, 0x79, 0x42, 0xDB, 0x4F, 0x59, 0x65, 0x94, 0x20, 0xA7, 0x04, 0x86, 0x12, 0x54, 0x5F, 0x60,
    0x06, 0xEC, 0x15, 0xCE, 0x56, 0xDA, 0x49, 0x14, 0xE0, 0x52, 0xE2, 0x31, 0xA6, 0x8B, 0x01, 0x7B,
    0xB2, 0xC4, 0x00, 0x48, 0x00, 0x45, 0x01, 0xC2, 0xAD, 0x00, 0x6B, 0x1B, 0xC0, 0x74, 0xE5, 0x68,
    0xB0, 0x0E, 0x62, 0x88, 0xBC, 0x4E, 0x7D, 0x47, 0x59, 0xB0, 0xC3, 0x5C, 0x07, 0xBD, 0xB7, 0xA3,
    0x5B, 0x87, 0x35, 0x5F, 0x7F, 0xDD, 0x30, 0x2F, 0xC8, 0xDC, 0x50, 0xF3, 0xEA, 0xBA, 0x32, 0xEF,
    0xC1, 0x1C, 0x7C, 0x57, 0x53, 0x3C, 0xCE, 0xCC, 0x93, 0x03, 0xE6, 0xAC, 0xB8, 0xAC, 0x60, 0xDE,
    0x8A, 0x69, 0x95, 0xB9, 0x05, 0xF3, 0x4E, 0x92, 0xF6, 0x25, 0x10, 0xED, 0xFF, 0x0C, 0x7A, 0xF4,
    0x1B, 0x2F, 0x27, 0xCD, 0x36, 0xDF, 0x15, 0xB9, 0xC5, 0xE4, 0x96, 0x90, 0x5B, 0x1A, 0xE8, 0x46,
    0x39, 0xE3, 0xF9, 0x7F, 0xB0, 0x64, 0x46, 0x5D, 0xDA, 0x5F, 0x51, 0xD9, 0xF7, 0x26, 0x1A, 0x4B,
    0x80, 0x04, 0x58, 0xDD, 0x15, 0x55, 0xE5, 0xB4, 0xBB, 0x44, 0x67, 0xBC, 0xA7, 0x4F, 0x84, 0xFD,
    0x77, 0x90, 0x20, 0xEB, 0x21, 0x41, 0x3A, 0x48, 0xFE, 0x2A, 0xA5, 0xFF, 0xCC, 0x2F, 0x95, 0xBE,
    0x1E, 0xF9, 0xA9, 0xD2, 0xBA, 0xE6, 0xCB, 0x72, 0x3B, 0x6A, 0xDE, 0x2E, 0x4A, 0x9B, 0x4F, 0x21,
    0x81, 0xFD, 0x80, 0xCB, 0x0D, 0xA5, 0xA1, 0x39, 0x97, 0x3B, 0x5A, 0x96, 0x9B, 0xD3, 0x5E, 0xAB,
    0xD2, 0x50, 0xD1, 0xB4, 0x05, 0xBD, 0x32, 0x57, 0xBA, 0x83, 0xE6, 0x10, 0x67, 0x36, 0xD0, 0x49,
    0x57, 0x15, 0x0A, 0x66, 0x1F, 0x90, 0x7C, 0xEC, 0x96, 0x27, 0x75, 0x8B, 0xC9, 0x51, 0x33, 0x3B,
    0x89, 0x2F, 0xE6, 0x19, 0x6B, 0x77, 0x2C, 0xDF, 0x66, 0xCD, 0x37, 0xF7, 0x6B, 0xBE, 0xD5, 0xE2,
    0xD4, 0xF5, 0x16, 0xCF, 0x37, 0x0D, 0x05, 0x16, 0xFD, 0x68, 0x53, 0x7A, 0xB3, 0x95, 0x53, 0x19,
    0x8D, 0x76, 0x1C, 0xF4, 0x06, 0x6B, 0xE5, 0xAD, 0x68, 0xE9, 0xE5, 0x35, 0xEC, 0x98, 0x49, 0x39,
    0x2E, 0x94, 0xDE, 0x60, 0x7B, 0xFC, 0x96, 0x11, 0x0C, 0x80, 0xC7, 0xAD, 0xDE, 0xB0, 0xD0, 0xBC,
    0xC9, 0x45, 0xE8, 0x15, 0x21, 0xC6, 0xA1, 0x51, 0x02, 0x39, 0xC6, 0x37, 0x03, 0xC3, 0x95, 0x3F,
    0x89, 0x72, 0xB2, 0xB5, 0xA8, 0xE3, 0xD8, 0x0A, 0x42, 0xE6, 0x57, 0xFD, 0xA0, 0x5D, 0xD0, 0xF9,
    0xF7, 0x3A, 0xAC, 0x56, 0x02, 0xAB, 0xA0, 0xC1, 0xCC, 0xC4, 0x3D, 0x79, 0x83, 0x7E, 0x01, 0x78,
    0x22, 0xDF, 0xB9, 0x46, 0x4D, 0xA8, 0x29, 0x9A, 0x57, 0xDD, 0xB2, 0x8F, 0x81, 0x76, 0xF2, 0xD3,
    0xF2, 0x58, 0x7F, 0xA6, 0x21, 0xC8, 0xB6, 0x87, 0x81, 0x75, 0x1D, 0x94, 0xA3, 0xDF, 0xCA, 0x23,
    0xBE, 0x52, 0x2E, 0x10, 0x8D, 0xE7, 0x48, 0x0E, 0xE8, 0xF8, 0x5C, 0x78, 0xBC, 0xB0, 0x60, 0x02,
    0x1E, 0x93, 0xFD, 0x41, 0xCE, 0xD7, 0x6F, 0x7F, 0xE3, 0x3C, 0x92, 0xE6, 0x5D, 0x2C, 0x59, 0xD0,
    0xC2, 0xE7, 0xED, 0xDF, 0xE9, 0x3C, 0xBA, 0x4D, 0x79, 0x02, 0x8F, 0x73, 0x1A, 0x51, 0x40, 0x11,
    0x38, 0x9A, 0xE8, 0xC3, 0x03, 0xE2, 0x6E, 0xBE, 0x12, 0x8D, 0x88, 0x4F, 0xB9, 0x92, 0x61, 0xD3,
    0x99, 0x53, 0x52, 0xD0, 0x05, 0xC9, 0x28, 0x07, 0x30, 0x75, 0x46, 0x52, 0x17, 0x24, 0x1A, 0xB9,
    0xE1, 0x8A, 0x7F, 0xB5, 0x2F, 0xAE, 0x69, 0x19, 0x84, 0xEE, 0x7A, 0xD1, 0xD9, 0x9E, 0x7A, 0x45,
    0x61, 0xD3, 0xF9, 0x50, 0xC4, 0x2A, 0x47, 0xA5, 0x02, 0xEA, 0x63, 0x53, 0x9C, 0x76, 0x75, 0x9B,
    0xCE, 0xD8, 0x97, 0x37, 0xB8, 0x39, 0x27, 0xDD, 0xA1, 0x2E, 0x1E, 0x7F, 0x18, 0x5A, 0x08, 0x5E,
    0x74, 0xA8, 0x10, 0x4B, 0x50, 0x05, 0xEC, 0xA7, 0x78, 0xAB, 0x52, 0xC4, 0xD5, 0x0F, 0xA8, 0xD2,
    0x7E, 0xEE, 0xAC, 0xC3, 0xC2, 0x4C, 0x4F, 0x49, 0x61, 0x97, 0xE4, 0x25, 0xF1, 0xFA, 0x3E, 0xAA,
    0x81, 0x59, 0x4B, 0x97, 0xD7, 0xDB, 0x6B, 0xED, 0x19, 0x86, 0x75, 0xAC, 0x06, 0x56, 0x13, 0x2B,
    0x0D, 0xCD, 0x10, 0xB5, 0xB8, 0x00, 0xF0, 0x76, 0x01, 0x6E, 0xCB, 0x05, 0x00, 0x81, 0x83, 0x9F,
    0x41, 0x15, 0x8F, 0x0C, 0xDE, 0xF0, 0x29, 0x20, 0xFA, 0x64, 0x18, 0xC7, 0xAA, 0x60, 0x95, 0xB1,
    0x4A, 0x58, 0x11, 0xBF, 0x33, 0xCE, 0x49, 0xD1, 0x1C, 0xF6, 0xAE, 0x87, 0x7F, 0x17, 0x29, 0x1F,
    0x71, 0x22, 0x51, 0x77, 0x35, 0xBD, 0x11, 0x1A, 0xEC, 0x78, 0xA3, 0xD0, 0xD5, 0x01, 0x05, 0xD2,
    0x1E, 0x36, 0x05, 0xCD, 0xB9, 0xDD, 0xE6, 0x8A, 0xAF, 0xFA, 0x41, 0xBB, 0x68, 0x67, 0x1D, 0xA6,
    0x04, 0xE6, 0xF4, 0x45, 0x89, 0x4A, 0xA2, 0x6E, 0xBD, 0x3D, 0xE4, 0x5D, 0xBF, 0x35, 0xE6, 0x77,
    0xD6, 0xAE, 0x24, 0x7F, 0x08, 0xFD, 0x6D, 0xDC, 0x7F, 0x8B, 0xCC, 0xF3, 0xF6, 0x2A, 0x31, 0x1F,
    0xAF, 0x77, 0x99, 0x81, 0x7E, 0x7B, 0x7C, 0x9F, 0xEC, 0x5D, 0x9F, 0xE3, 0x8C, 0x8B, 0x7C, 0x4F,
    0x7E, 0x0E, 0xB8, 0xB9, 0x27, 0xF6, 0x63, 0x98, 0xE4, 0x57, 0x23, 0x8C, 0x11, 0x99, 0x16, 0xDC,
    0x5C, 0x04, 0x53, 0x4C, 0x60, 0xE6, 0x39, 0x3A, 0x57, 0xFF, 0x08, 0x52, 0xD5, 0x41, 0x7E, 0x26,
    0x3B, 0x6B, 0x89, 0xDE, 0xA3, 0x7F, 0x0A, 0xB5, 0xC6, 0x2D, 0xF9, 0x04, 0x47, 0x63, 0x80, 0x01,
    0xC8, 0x4E, 0x93, 0xD0, 0xDA, 0x3A, 0x7B, 0x0B, 0x00, 0xF8, 0x0A, 0x31, 0xB2, 0x47, 0x75, 0x19,
    0xB1, 0x6A, 0x78, 0xCD, 0x65, 0xDE, 0x7E, 0x44, 0xF7, 0x3A, 0xC2, 0xCB, 0x1B, 0x44, 0xF4, 0x8E,
    0xC3, 0x18, 0xEE, 0xE8, 0x11, 0x42, 0x27, 0x3F, 0xBE, 0x48, 0xFF, 0x74, 0x5B, 0x88, 0x55, 0xB3,
    0x1F, 0xCA, 0xDD, 0x61, 0x7C, 0x55, 0xF5, 0x9E, 0xB2, 0x94, 0x73, 0xB1, 0x0E, 0x59, 0xD8, 0xFE,
    0x6E, 0x57, 0x30, 0x1F, 0xD3, 0x64, 0x1A, 0x61, 0xB7, 0xBC, 0xC3, 0xB4, 0x5C, 0x34, 0x2E, 0x4F,
    0x9B, 0xE7, 0xC3, 0x23, 0xAD, 0x35, 0x9E, 0x96, 0x09, 0x40, 0xDA, 0x99, 0xF2, 0x79, 0xF0, 0x88,
    0xBA, 0x77, 0x0F, 0x7A, 0xF2, 0xF9, 0xF9, 0xCC, 0x55, 0x5A, 0xAE, 0x57, 0xE2, 0x00, 0x10, 0xA2,
    0x43, 0xE1, 0xB6, 0x45, 0x8C, 0xEC, 0x61, 0x62, 0xB6, 0xC9, 0xFB, 0x08, 0x01, 0x07, 0x53, 0xAE,
    0x78, 0x42, 0x36, 0x1B, 0x85, 0x2B, 0xCC, 0x22, 0x1E, 0xFA, 0x25, 0xFA, 0x2E, 0xE6, 0x10, 0x8D,
    0x20, 0x43, 0x2A, 0x8C, 0x04, 0x4E, 0xAF, 0x0E, 0x3B, 0x48, 0x66, 0x6B, 0x9A, 0xEE, 0xC2, 0xAC,
    0xF2, 0x3E, 0xA8, 0xC1, 0xAF, 0x4B, 0x3E, 0xCC, 0x69, 0xB0, 0x3A, 0x50, 0x60, 0xF0, 0xA3, 0x43,
    0x0E, 0x36, 0xB2, 0x3D, 0x63, 0xEB, 0x12, 0x66, 0xD6, 0x54, 0x7B, 0x15, 0x12, 0xCB, 0x1C, 0xF6,
    0x89, 0x98, 0x1E, 0x41, 0x32, 0x8A, 0x43, 0x69, 0x42, 0x84, 0x76, 0xEE, 0xA4, 0x03, 0x9A, 0xE9,
    0x10, 0xA2, 0xDD, 0x3E, 0x60, 0x0F, 0x04, 0xEC, 0x07, 0x06, 0x8F, 0x1A, 0x28, 0xF9, 0x05, 0x92,
    0xA9, 0xC2, 0xF6, 0xBA, 0xDA, 0x07, 0xC2, 0x13, 0x19, 0x9E, 0xCC, 0x14, 0x9F, 0x23, 0x51, 0x42,
    0x8A, 0x0E, 0xC6, 0x6E, 0xC5, 0x68, 0x3E, 0xF0, 0x4C, 0x0D, 0xC0, 0x5F, 0x6A, 0xCA, 0xEE, 0x2C,
    0xDE, 0x19, 0x12, 0xA6, 0x23, 0x61, 0x1E, 0x81, 0x91, 0xF4, 0x8B, 0x31, 0x12, 0x00, 0xEA, 0x67,
    0xA7, 0xC9, 0x40, 0x08, 0x89, 0x1F, 0x73, 0xD8, 0xD5, 0xFF, 0xE0, 0xE5, 0x5A, 0xFB, 0x0D, 0xC8,
    0xA9, 0x91, 0xAB, 0x9E, 0x60, 0x3D, 0x2B, 0xAD, 0x93, 0x82, 0xA8, 0x08, 0xF4, 0x52, 0xD0, 0xE3,
    0x69, 0xA1, 0xF9, 0x9A, 0xB2, 0x21, 0x6D, 0x9E, 0x4F, 0x17, 0xF7, 0x31, 0x87, 0xDE, 0xCF, 0x77,
    0xDB, 0xCC, 0xED, 0x67, 0x92, 0x15, 0xDB, 0xE1, 0x11, 0x22, 0x74, 0xFB, 0x00, 0xC9, 0x16, 0xA4,
    0xE2, 0x38, 0x9E, 0xE0, 0x34, 0x18, 0xFD, 0x68, 0x97, 0xA1, 0x41, 0xC3, 0x5C, 0x1A, 0x88, 0x37,
    0x30, 0xA2, 0x0F, 0x83, 0x7E, 0x1D, 0x2C, 0xD3, 0x45, 0x58, 0x2C, 0x59, 0x83, 0xD6, 0xA3, 0xDD,
    0x1B, 0x56, 0x47, 0x99, 0x70, 0x9F, 0x49, 0xC7, 0x54, 0xEE, 0xF6, 0x2A, 0xE7, 0x72, 0x12, 0x58,
    0x9A, 0x7D, 0x5B, 0x5B, 0xF7, 0x83, 0xD9, 0xC6, 0xB7, 0x0A, 0x32, 0x01, 0xA9, 0xF6, 0x37, 0x27,
    0xA7, 0x3C, 0x3D, 0x94, 0x5F, 0xCA, 0x7C, 0x3C, 0xFA, 0x66, 0x3B, 0x67, 0xE7, 0x4F, 0x67, 0x8F,
    0xB5, 0xD9, 0xB3, 0x8D, 0x2D, 0xF3, 0x36, 0xFC, 0xE6, 0xAD, 0x4D, 0x80, 0xBA, 0xE4, 0x0B, 0x66,
    0xEF, 0x1A, 0xE5, 0xA8, 0xD3, 0xE5, 0x34, 0x51, 0x53, 0xDC, 0xA8, 0x9B, 0xED, 0x91, 0x01, 0x48,
    0x51, 0x9F, 0x4E, 0xF3, 0xE6, 0x53, 0xD0, 0x7C, 0x61, 0xB3, 0x3E, 0xF1, 0x57, 0xD8, 0x8B, 0x6D,
    0x38, 0x99, 0x66, 0x0D, 0x9A, 0x65, 0xF6, 0x44, 0x9A, 0x27, 0x82, 0x1F, 0xE6, 0x77, 0x35, 0xA7,
    0xD1, 0x4D, 0x81, 0x75, 0x32, 0x0D, 0x9D, 0x60, 0x32, 0x30, 0x9B, 0xD3, 0xC2, 0xB3, 0x00, 0x9A,
    0xC5, 0xA3, 0x5D, 0xED, 0x13, 0xD3, 0x21, 0xEE, 0x76, 0x70, 0x6C, 0x15, 0x00, 0x2E, 0x55, 0xCF,
    0x6F, 0x07, 0xFE, 0xC5, 0xC7, 0xFE, 0xF1, 0xEC, 0x2B, 0x1A, 0x13, 0xFF, 0xC4, 0x7E, 0x2F, 0x03,
    0xFF, 0xEA, 0xE4, 0x2B, 0x5F, 0xFC, 0x65, 0x09, 0xE0, 0x52, 0x9E, 0x6A, 0xF0, 0x22, 0x90, 0x9E,
    0x7A, 0x3D, 0x1E, 0x1F, 0x57, 0xC3, 0x72, 0xC5, 0x4F, 0xBA, 0xE6, 0x74, 0xF9, 0xD7, 0x60, 0x3E,
    0x6A, 0xD1, 0x73, 0x10, 0xE6, 0xAB, 0xDF, 0x27, 0x7C, 0xE7, 0x6D, 0x64, 0xAF, 0x13, 0xDC, 0x3D,
    0x41, 0xBE, 0xDA, 0xB3, 0xDE, 0x3A, 0xE0, 0x60, 0xB9, 0xEC, 0x46, 0xDC, 0xF1, 0x0E, 0x8C, 0xB4,
    0x6E, 0xFB, 0xC4, 0x7E, 0xA5, 0x67, 0x13, 0x9B, 0x7D, 0xCF, 0xF3, 0x8B, 0x50, 0x05, 0xE2, 0x71,
    0x1D, 0xF6, 0x80, 0x9F, 0x75, 0x35, 0x1F, 0x49, 0x96, 0xA7, 0x1F, 0x5B, 0xAE, 0x4D, 0x6B, 0xB5,
    0x3E, 0x2C, 0x3F, 0x62, 0x5B, 0xCB, 0xDE, 0x77, 0x6A, 0x07, 0x6B, 0xB9, 0xB6, 0x0A, 0xDB, 0xB0,
    0x5F, 0x9A, 0x8D, 0x1D, 0x3C, 0x90, 0x0D, 0x7E, 0x0E, 0x0B, 0x7E, 0xBA, 0x67, 0xA7, 0xB9, 0x8D,
    0x9F, 0xD3, 0xE3, 0xF8, 0x79, 0x36, 0x39, 0x8F, 0xC7, 0xCF, 0xB3, 0xD0, 0x3A, 0xD1, 0xF6, 0xCF,
    0x2A, 0x1B, 0xCD, 0x8C, 0xE6, 0xA1, 0x26, 0x52, 0x3E, 0x96, 0xCC, 0x1E, 0xD0, 0xCF, 0xE5, 0xB1,
    0x7E, 0x62, 0xEF, 0xF3, 0xB0, 0x4E, 0x31, 0xD4, 0xEC, 0x07, 0xF0, 0xC4, 0x98, 0xCB, 0x0F, 0x7D,
    0xC8, 0xAE, 0xFB, 0xB0, 0x0B, 0x9E, 0x03, 0x78, 0xFA, 0x0D, 0x4F, 0x03, 0x9E, 0x2F, 0x2D, 0xF3,
    0x11, 0xF1, 0x3C, 0x02, 0x3B, 0x2E, 0xE9, 0x97, 0x43, 0xB5, 0x6A, 0x3B, 0x80, 0x79, 0x8A, 0x23,
    0xF0, 0x05, 0xAF, 0x2B, 0xC5, 0xEB, 0x8A, 0x78, 0xED, 0x14, 0xBF, 0x78, 0x9A, 0x91, 0x74, 0x73,
    0x1E, 0xB3, 0x85, 0x89, 0x67, 0xA6, 0x79, 0x8E, 0xB2, 0xF1, 0x44, 0xA6, 0x91, 0xE4, 0xBF, 0x1D,
    0x4C, 0x6C, 0x7C, 0x66, 0x9A, 0xC9, 0xDF, 0x90, 0xE6, 0x7E, 0x39, 0x68, 0xE1, 0xF3, 0x33, 0xD1,
    0xEB, 0xA9, 0xF7, 0x85, 0x39, 0xA8, 0xE5, 0xE6, 0x52, 0xDD, 0x37, 0xFB, 0x00, 0xA1, 0x36, 0x52,
    0x51, 0x9E, 0x45, 0x99, 0x26, 0x6F, 0x2B, 0x46, 0xE2, 0x75, 0xDA, 0xC1, 0xF7, 0xF6, 0xC8, 0x75,
    0x27, 0xE2, 0x04, 0x83, 0xAD, 0x5E, 0xED, 0x5D, 0x78, 0x96, 0xAC, 0x00, 0x09, 0xF7, 0x58, 0xD5,
    0x1A, 0xAF, 0x65, 0xD3, 0x7C, 0x3E, 0x7C, 0xF4, 0xDF, 0x0B, 0x5B, 0x38, 0xE0, 0x80, 0x03, 0x0D,
    0xA4, 0x01, 0x76, 0x33, 0xB6, 0xDA, 0x2A, 0x6C, 0xDB, 0xD3, 0xB8, 0xCD, 0x69, 0x5F, 0x8E, 0x39,
    0x42, 0xE7, 0x24, 0x7B, 0x36, 0x2E, 0xEB, 0x78, 0x00, 0x9C, 0xFB, 0xA2, 0xCD, 0x88, 0xE4, 0x5D,
    0xE5, 0xE2, 0xDE, 0xD6, 0xDA, 0x6F, 0xE4, 0xB1, 0x02, 0xF1, 0x89, 0x07, 0x9B, 0xFC, 0x27, 0x0D,
    0x4F, 0xB8, 0xFC, 0xBC, 0xE6, 0x00, 0xF9, 0x14, 0xFE, 0x91, 0xD0, 0x47, 0x1F, 0xFD, 0x7F, 0xBD,
    0x5A, 0xBF, 0xB3, 0xDD, 0x46, 0x15, 0x5E, 0x49, 0xD8, 0x1A, 0xA2, 0x62, 0x53, 0x04, 0x98, 0xD8,
    0x03, 0x6A, 0x52, 0x24, 0x95, 0xFE, 0x01, 0x92, 0x55, 0xE2, 0x61, 0x52, 0x50, 0x84, 0x8A, 0x14,
    0x29, 0xDC, 0x50, 0x90, 0x19, 0x66, 0xCC, 0x1F, 0x10, 0x5B, 0x9A, 0xA4, 0xA0, 0x48, 0x91, 0xD7,
    0x40, 0x8B, 0x0B, 0x1A, 0x3A, 0x8A, 0x14, 0x61, 0x26, 0xB6, 0x04, 0x2E, 0x52, 0x50, 0x44, 0x30,
    0x03, 0x29, 0x52, 0x58, 0x10, 0xBB, 0x4A, 0xE1, 0x25, 0xE8, 0x81, 0x9E, 0x2D, 0x69, 0xF9, 0xBE,
    0xB3, 0xBA, 0xBF, 0xDE, 0x7B, 0xF7, 0xBD, 0xE7, 0x6B, 0x3F, 0xDF, 0xAB, 0x3D, 0xF7, 0xE9, 0x69,
    0x7F, 0x9C, 0x73, 0xF6, 0xEC, 0xD9, 0xEF, 0x9C, 0x95, 0x52, 0xFC, 0x68, 0x67, 0xD7, 0xC9, 0xEA,
    0x13, 0xBA, 0x52, 0xA9, 0xC8, 0xD5, 0x4A, 0xC5, 0xAE, 0x51, 0x2A, 0x71, 0xED, 0x5C, 0x25, 0xFD,
    0xBA, 0x53, 0xCA, 0x7C, 0x31, 0x80, 0xDC, 0x01, 0xA9, 0xDE, 0x9F, 0x94, 0x72, 0xF8, 0x06, 0x20,
    0x79, 0xE8, 0x9C, 0x2B, 0x23, 0x90, 0x3A, 0x06, 0x69, 0x74, 0xAF, 0x32, 0xAB, 0xAD, 0xD2, 0x36,
    0x03, 0xE9, 0x4D, 0xAB, 0x92, 0x21, 0x72, 0x83, 0x5A, 0x14, 0xF9, 0x54, 0xF7, 0x30, 0xC4, 0xA4,
    0x52, 0xE7, 0xF2, 0xEC, 0xEF, 0xAE, 0x0C, 0xF2, 0xA2, 0x56, 0x41, 0x55, 0xA3, 0xAB, 0x3A, 0x43,
    0xA9, 0xEA, 0xA2, 0x76, 0x79, 0x55, 0xBB, 0x7F, 0xE0, 0x6F, 0xDC, 0x1B, 0x94, 0x64, 0xCC, 0x1A,
    0x65, 0x62, 0x70, 0x93, 0x91, 0xB9, 0x78, 0x52, 0x47, 0x3E, 0x91, 0x53, 0xE4, 0x3A, 0x27, 0xD7,
    0x90, 0x24, 0xA5, 0x24, 0x52, 0xD9, 0xDC, 0x45, 0xB3, 0xE2, 0x23, 0x10, 0x97, 0xF4, 0xE0, 0x3A,
    0x1A, 0x54, 0x38, 0x45, 0xA3, 0x8A, 0x86, 0x70, 0x52, 0xE4, 0x1A, 0x0D, 0xC0, 0x0A, 0x49, 0x0D,
    0xAE, 0x8B, 0x1A, 0x5C, 0x9B, 0x16, 0x3C, 0x65, 0xB6, 0xAA, 0x55, 0xDA, 0x25, 0xF5, 0x0D, 0x15,
    0xB5, 0x68, 0xE4, 0x7A, 0xF4, 0xD3, 0xAC, 0x46, 0xDC, 0x55, 0x8E, 0x88, 0x4C, 0x46, 0x64, 0x32,
    0x21, 0x93, 0x9A, 0x4C, 0xA6, 0xD4, 0x74, 0x76, 0x97, 0x9A, 0xFE, 0x8C, 0xC3, 0x7C, 0x00, 0x5D,
    0xB9, 0x37, 0x46, 0x10, 0xA8, 0x39, 0x9C, 0x40, 0xA8, 0xE4, 0x92, 0xEC, 0xD6, 0x89, 0x68, 0xDA,
    0xAA, 0xAC, 0x4D, 0xAD, 0x4A, 0x2D, 0xD8, 0xD5, 0x9D, 0x69, 0x94, 0xA6, 0x7A, 0x35, 0x66, 0x4D,
    0x99, 0x9C, 0x84, 0xB7, 0xC9, 0x70, 0x3A, 0x97, 0xE6, 0x10, 0x97, 0x45, 0x93, 0xF4, 0xE0, 0x52,
    0xDD, 0x46, 0x7B, 0x30, 0xA0, 0x68, 0x08, 0xBC, 0x4F, 0xD5, 0xA2, 0x6B, 0x6A, 0x3A, 0xEA, 0x8F,
    0x4E, 0xC1, 0xE5, 0x29, 0x87, 0x7E, 0x5D, 0x07, 0xB9, 0xDC, 0xA8, 0xD2, 0xF1, 0x6D, 0xA7, 0x8C,
    0x55, 0x07, 0x50, 0x29, 0xB5, 0x55, 0xB2, 0xE5, 0xA2, 0xF9, 0x4C, 0xF2, 0xC5, 0x03, 0xA9, 0x82,
    0xCA, 0x7F, 0x94, 0x66, 0x39, 0x3A, 0x98, 0x7C, 0x57, 0xD2, 0xA9, 0x52, 0x3F, 0x51, 0x2A, 0xC0,
    0x4D, 0x84, 0xA2, 0xA9, 0xA9, 0x72, 0x39, 0x68, 0x50, 0x35, 0x18, 0x6F, 0xC0, 0x5C, 0x63, 0xB4,
    0xFD, 0x0A, 0xA2, 0xBC, 0x24, 0xFD, 0xAE, 0x97, 0xAA, 0x7E, 0x5E, 0x15, 0xFB, 0xB7, 0xA5, 0x4E,
    0x02, 0xD6, 0xD8, 0x46, 0x85, 0x54, 0x95, 0x28, 0xCD, 0x54, 0xE8, 0x66, 0x48, 0xEB, 0x6D, 0x02,
    0x59, 0x0A, 0x34, 0x80, 0xB3, 0x77, 0x30, 0x44, 0xAB, 0xFA, 0xB3, 0x0B, 0xC4, 0xCA, 0x19, 0x9B,
    0x49, 0x07, 0xA1, 0x93, 0xF5, 0x44, 0x81, 0x2E, 0xF0, 0x69, 0x29, 0xCA, 0x8D, 0x1E, 0xF6, 0x98,
    0xB6, 0xDB, 0x6B, 0x76, 0xD5, 0x0A, 0x93, 0x60, 0x36, 0x87, 0x40, 0x65, 0x55, 0xBF, 0x70, 0xAC,
    0x40, 0x14, 0x96, 0x75, 0xBC, 0x40, 0xAD, 0x57, 0x10, 0xAC, 0x7A, 0x41, 0xE4, 0xF6, 0xB0, 0x40,
    0xB0, 0x3A, 0x08, 0xD4, 0x7B, 0xBB, 0x4F, 0xA7, 0xB7, 0x5D, 0x09, 0xA5, 0x5F, 0x7F, 0x9C, 0x19,
    0xBA, 0x8E, 0x66, 0x3F, 0x75, 0x25, 0x8D, 0xD0, 0x77, 0x25, 0x9D, 0xAA, 0x14, 0x15, 0x4D, 0xED,
    0x0B, 0xFF, 0x7E, 0x2C, 0x61, 0xD0, 0x6C, 0xBF, 0x98, 0x85, 0x99, 0xA4, 0x8D, 0x9F, 0x8E, 0xA2,
    0xC0, 0xE3, 0x94, 0x46, 0x18, 0x8B, 0x30, 0xF9, 0xB3, 0x99, 0x1D, 0xCE, 0x86, 0xAC, 0x76, 0x9A,
    0xC9, 0x63, 0x0B, 0x73, 0x74, 0x66, 0xC2, 0xBD, 0x4B, 0xB9, 0x0A, 0x07, 0x4E, 0x71, 0xC1, 0x65,
    0x93, 0xD2, 0xF2, 0x82, 0x0D, 0x59, 0x9C, 0xBB, 0x47, 0x02, 0x4D, 0x3A, 0xB2, 0xE1, 0x7E, 0x54,
    0xF5, 0xE0, 0x39, 0x19, 0x41, 0xA2, 0x69, 0x76, 0xB6, 0xDE, 0xED, 0x1E, 0x22, 0xF2, 0x20, 0x9C,
    0xE6, 0xCA, 0xD2, 0x4C, 0x3A, 0xF0, 0x5D, 0xDD, 0x13, 0x97, 0x6F, 0x3F, 0x06, 0xF9, 0x37, 0x46,
    0xD6, 0xDF, 0x70, 0xFD, 0x7C, 0x63, 0xC3, 0x49, 0xFF, 0xA7, 0xD1, 0x0E, 0x8E, 0xD1, 0xB0, 0x72,
    0xB1, 0x5F, 0x59, 0x30, 0x0E, 0xE7, 0x07, 0x37, 0x78, 0x84, 0xC8, 0x03, 0x54, 0xE9, 0x58, 0xB9,
    0x83, 0xBB, 0x7A, 0xD0, 0x41, 0x3B, 0x3F, 0xEE, 0xE9, 0x91, 0xF6, 0x48, 0x26, 0xF1, 0x4D, 0x75,
    0x34, 0x7E, 0xD7, 0xB5, 0xB0, 0xBC, 0xAC, 0x03, 0xD1, 0x3D, 0x48, 0x3C, 0x40, 0xAF, 0xD1, 0x1A,
    0x11, 0xAF, 0x2B, 0x0F, 0x40, 0x92, 0xDE, 0x57, 0x96, 0x66, 0xD2, 0xC1, 0xDC, 0xD5, 0x1E, 0x78,
    0x7E, 0xEE, 0xA6, 0x2C, 0x74, 0xED, 0xBD, 0x33, 0xFE, 0x96, 0x85, 0x0F, 0xBE, 0x2D, 0xD9, 0x26,
    0xD7, 0x64, 0x9A, 0xAC, 0x91, 0xC7, 0xF5, 0xC2, 0xFF, 0x91, 0x5B, 0x32, 0x4B, 0x5E, 0x85, 0x55,
    0xD9, 0x1F, 0x0E, 0x6D, 0x43, 0xA2, 0x75, 0x67, 0x97, 0x25, 0xF7, 0x56, 0xB2, 0x2C, 0xA2, 0xC5,
    0xB9, 0x1C, 0x7E, 0x96, 0x6F, 0xB6, 0x3D, 0x61, 0x8B, 0x2B, 0xCD, 0xFD, 0xAA, 0xA9, 0xCA, 0xB4,
    0x15, 0xFE, 0x16, 0x6D, 0x66, 0x3B, 0x34, 0xF7, 0x6F, 0xD0, 0x98, 0xCA, 0x85, 0xD5, 0x27, 0xCD,
    0x2D, 0xDF, 0x07, 0x97, 0xF3, 0x86, 0x75, 0x3C, 0x1D, 0x3E, 0x93, 0xFA, 0xFA, 0xBC, 0x95, 0x75,
    0xDE, 0xB8, 0x8F, 0x6E, 0x65, 0x9E, 0xDF, 0x1C, 0xFC, 0xFE, 0xFA, 0xEA, 0xA9, 0xFC, 0x6E, 0x5D,
    0xF5, 0x4F, 0x91, 0xE7, 0xED, 0x9E, 0x65, 0x37, 0x1D, 0x6F, 0xE5, 0xEB, 0x24, 0x9E, 0x8E, 0xE3,
    0x4B, 0x4D, 0x7E, 0x3F, 0x12, 0xCC, 0x04, 0x1F, 0x76, 0xAD, 0xA7, 0x0B, 0x29, 0x61, 0xAE, 0x6D,
    0xB6, 0x7F, 0xB5, 0x33, 0x75, 0xDC, 0x17, 0xB0, 0x7A, 0x29, 0xB5, 0x77, 0x39, 0xC6, 0x7E, 0x9B,
    0xBC, 0xB4, 0xF0, 0x37, 0xD8, 0x80, 0x27, 0xEF, 0x09, 0xB2, 0xDC, 0x6F, 0xAB, 0x19, 0xE6, 0x1D,
    0x00, 0xE5, 0x62, 0xF9, 0xAE, 0x8A, 0xF7, 0xB9, 0xFD, 0x5B, 0x2F, 0xF3, 0x85, 0x73, 0xB0, 0x83,
    0x76, 0x52, 0xE1, 0xA3, 0x19, 0xCE, 0x9C, 0xA4, 0xD3, 0xB3, 0xDA, 0x41, 0x40, 0x28, 0x99, 0xD0,
    0x51, 0x67, 0x15, 0xBA, 0x9B, 0x74, 0x7B, 0x3A, 0x38, 0x98, 0xE8, 0x80, 0x6F, 0x1E, 0xF5, 0xD6,
    0xC6, 0xD5, 0x9E, 0xE4, 0x20, 0x78, 0x60, 0x80, 0xA3, 0x40, 0x50, 0x19, 0x4B, 0x1B, 0xE0, 0x40,
    0xF0, 0x0F, 0xF1, 0xCB, 0x5D, 0x40, 0xB4, 0x29, 0xA9, 0xD5, 0x73, 0xB9, 0xF8, 0x72, 0x05, 0x8F,
    0x1D, 0x75, 0xD5, 0x0A, 0xD0, 0x4E, 0xC9, 0xCA, 0x59, 0xDC, 0x5F, 0x73, 0x16, 0x6A, 0x76, 0x16,
    0x65, 0x6A, 0x8B, 0xB6, 0x90, 0xE7, 0x70, 0x14, 0x36, 0x74, 0x6F, 0x59, 0x8F, 0x2E, 0xB4, 0x8D,
    0x1B, 0xD3, 0x42, 0x09, 0x0D, 0x86, 0xCA, 0x83, 0x6A, 0x86, 0x3A, 0x3F, 0x0B, 0xC1, 0xE5, 0x2D,
    0xCD, 0x79, 0x14, 0xF0, 0x36, 0xAA, 0x67, 0x27, 0x64, 0x90, 0x7F, 0x47, 0x45, 0xF6, 0x06, 0x2C,
    0x0C, 0x96, 0x51, 0xB4, 0xE7, 0x27, 0xE4, 0x59, 0x40, 0xC4, 0x59, 0x85, 0xCC, 0x28, 0x24, 0x09,
    0x76, 0xC3, 0x33, 0xCD, 0xE4, 0x96, 0xA5, 0xFE, 0x64, 0x42, 0x16, 0x47, 0x85, 0x3C, 0x3F, 0x09,
    0xE4, 0x73, 0x91, 0xF3, 0x13, 0xCA, 0x58, 0xA2, 0x43, 0x92, 0x8C, 0x2B, 0x64, 0xB9, 0x94, 0x93,
    0xCE, 0x63, 0x58, 0x33, 0xC3, 0x40, 0xDD, 0x9C, 0x9F, 0xB0, 0x41, 0xEE, 0x1F, 0x23, 0x20, 0x08,
    0xC6, 0x22, 0x0F, 0x6E, 0x3E, 0xB7, 0xD4, 0x2C, 0x31, 0xC4, 0xD6, 0xB2, 0xFE, 0xC9, 0x03, 0x77,
    0x52, 0x5D, 0xF5, 0x82, 0x38, 0x0F, 0x35, 0x3B, 0x43, 0xFD, 0x05, 0xC4, 0xBB, 0x94, 0xFF, 0x6E,
    0x73, 0x3F, 0x38, 0x8E, 0xC0, 0xDF, 0x29, 0x57, 0xB8, 0x05, 0xF4, 0xB9, 0x8F, 0xD6, 0xAE, 0x84,
    0x8A, 0x5D, 0x2E, 0x04, 0x76, 0xE0, 0xD4, 0x69, 0x04, 0xB2, 0xCD, 0x84, 0x9C, 0x0E, 0x2B, 0x82,
    0xE8, 0xC8, 0x34, 0xFE, 0x29, 0x67, 0x69, 0x8D, 0xD8, 0x8D, 0x66, 0x5B, 0x09, 0x57, 0x40, 0x3C,
    0xAC, 0x5C, 0x2B, 0xEF, 0xA3, 0xE1, 0x5A, 0x13, 0x8D, 0xAE, 0x8B, 0x08, 0x68, 0xDC, 0x55, 0x40,
    0x1A, 0x22, 0x9A, 0xD3, 0xBF, 0x49, 0xFD, 0xCB, 0x74, 0xBF, 0x33, 0x99, 0x7D, 0x35, 0x9E, 0xAD,
    0xC4, 0x38, 0xEB, 0xAF, 0xC0, 0xF9, 0x99, 0xD8, 0x7A, 0x05, 0x6E, 0x55, 0x39, 0x73, 0xB6, 0x72,
    0xB3, 0xB5, 0x64, 0x6E, 0xBE, 0xD4, 0xA9, 0x17, 0x87, 0xAB, 0xFD, 0xB5, 0xD8, 0x4A, 0x6A, 0x7F,
    0x41, 0xC0, 0xE8, 0xC4, 0x0B, 0x15, 0x96, 0x95, 0xBD, 0x35, 0x60, 0xAA, 0x07, 0x7E, 0xE3, 0x63,
    0x25, 0x1D, 0x93, 0xBA, 0x70, 0x79, 0x3A, 0xAE, 0x6F, 0x5B, 0xBB, 0x8C, 0xF5, 0x72, 0xB0, 0x67,
    0x92, 0x16, 0xEB, 0x6E, 0x19, 0xED, 0x9F, 0x5D, 0xDE, 0xDD, 0x46, 0x44, 0x90, 0x81, 0x85, 0xA8,
    0x47, 0x15, 0xE2, 0x6A, 0x93, 0x5E, 0x0F, 0x49, 0x1F, 0xCE, 0xBE, 0xF6, 0x24, 0x89, 0x75, 0x63,
    0x72, 0x33, 0x24, 0x03, 0x9C, 0xA5, 0xEF, 0x74, 0xDD, 0x6B, 0xEE, 0xC6, 0x8A, 0x1F, 0xEE, 0x78,
    0x53, 0x72, 0x4E, 0x5C, 0xE4, 0xE6, 0x4F, 0x2C, 0x81, 0xAC, 0x98, 0xEC, 0x8E, 0x3F, 0xBF, 0x80,
    0xFB, 0x43, 0xF7, 0x13, 0x1C, 0x20, 0xC4, 0x74, 0xBF, 0x99, 0xB5, 0x38, 0xF1, 0xA7, 0x70, 0x8C,
    0x2B, 0xEA, 0x18, 0x8B, 0x14, 0x8A, 0x29, 0x99, 0xD9, 0xD1, 0x83, 0xB1, 0x49, 0x9F, 0xB5, 0x91,
    0xD5, 0xCB, 0xC0, 0x19, 0x16, 0x5A, 0x2F, 0x8A, 0x7E, 0x8C, 0xA2, 0x02, 0xA6, 0x5B, 0x1C, 0x4B,
    0xA9, 0xB2, 0x03, 0xFA, 0x11, 0x9A, 0x78, 0x4A, 0x0F, 0x56, 0x20, 0x6C, 0x0A, 0x87, 0xEC, 0x68,
    0x70, 0x4E, 0x9F, 0xB6, 0x1B, 0xB9, 0x5C, 0x6A, 0xE6, 0x79, 0xE0, 0x92, 0x11, 0xA9, 0x35, 0x44,
    0x3B, 0x35, 0x03, 0x62, 0x8F, 0x7F, 0x14, 0x9D, 0x59, 0x85, 0x8D, 0xB6, 0x4E, 0x1E, 0x59, 0xF3,
    0xA7, 0x61, 0xCD, 0x55, 0x9E, 0xE9, 0xBA, 0xE0, 0x54, 0x85, 0x6B, 0x62, 0x5F, 0x8E, 0x99, 0x2A,
    0xC4, 0xD9, 0x98, 0x58, 0x55, 0x58, 0xE6, 0x72, 0xE0, 0xB2, 0x62, 0x56, 0x4B, 0xE9, 0x56, 0x8A,
    0x8E, 0xE6, 0xD1, 0x90, 0x10, 0xBE, 0x38, 0xB9, 0xE5, 0x83, 0xAF, 0x58, 0xE5, 0x75, 0x7A, 0x44,
    0xA2, 0x74, 0xC9, 0xA2, 0x38, 0xA6, 0x2A, 0xD0, 0x1F, 0x23, 0xC2, 0xD0, 0xCD, 0x4C, 0x5D, 0xA4,
    0x27, 0x4F, 0xA9, 0x2A, 0xA6, 0xC6, 0x00, 0x10, 0x40, 0xAE, 0xF2, 0xF6, 0xC6, 0x71, 0x00, 0x16,
    0x7D, 0x81, 0x83, 0xDC, 0x91, 0x27, 0x8D, 0xF9, 0x2C, 0x08, 0x86, 0xEB, 0xB9, 0xB4, 0x32, 0xBE,
    0xFB, 0x12, 0x83, 0x5C, 0x71, 0x4A, 0xEA, 0x61, 0x8F, 0x93, 0xA1, 0xF9, 0x79, 0x91, 0xCA, 0x61,
    0x30, 0x4E, 0xF7, 0xCE, 0xF9, 0xC2, 0x06, 0xDA, 0x4B, 0x9F, 0xB5, 0x0B, 0xD9, 0x27, 0xF8, 0x4A,
    0xBB, 0xB9, 0xCF, 0x72, 0xEE, 0xB3, 0xF1, 0x9E, 0xF3, 0x73, 0xF4, 0xF9, 0x26, 0xC6, 0x64, 0x3D,
    0x25, 0xB8, 0xA7, 0x65, 0x24, 0x1F, 0xD9, 0x55, 0x2E, 0xE7, 0x95, 0x43, 0x1B, 0xC5, 0x4E, 0xC5,
    0x83, 0xDC, 0x7A, 0x51, 0x54, 0x0E, 0xD3, 0x84, 0x71, 0xBD, 0x32, 0xF7, 0x7A, 0xC2, 0x77, 0x0F,
    0x10, 0x7D, 0x48, 0x87, 0xA7, 0x36, 0x32, 0x3F, 0x2F, 0xCD, 0xE9, 0x33, 0xE3, 0x4B, 0x80, 0xBF,
    0x43, 0xA6, 0xF7, 0xEA, 0x13, 0xBE, 0xF7, 0x8C, 0x4B, 0xC5, 0x3E, 0xC2, 0x5C, 0x37, 0x91, 0x8D,
    0x6C, 0xDA, 0x64, 0xD0, 0xD9, 0x7B, 0x18, 0xE5, 0x16, 0x0A, 0x0D, 0x00, 0xF3, 0x16, 0xD8, 0x9D,
    0xB8, 0x72, 0x1A, 0x53, 0x54, 0x3A, 0x74, 0x98, 0x29, 0xF7, 0xEA, 0x89, 0x46, 0xBC, 0xA7, 0x60,
    0x86, 0xC5, 0xE0, 0x0D, 0x77, 0xDB, 0x08, 0x9F, 0x60, 0x46, 0x31, 0xAB, 0x11, 0xF4, 0x27, 0x29,
    0x8A, 0xE1, 0xE4, 0xD1, 0x8F, 0x8E, 0x12, 0xB6, 0xD8, 0xFF, 0x9D, 0x1E, 0x48, 0xF1, 0xF7, 0x71,
    0xA3, 0xEB, 0x25, 0xB4, 0x59, 0x94, 0x97, 0x25, 0x93, 0xA1, 0x1D, 0x4B, 0x8B, 0x92, 0xAB, 0xAC,
    0xF7, 0xB1, 0x12, 0xCB, 0x03, 0x14, 0x81, 0x43, 0x4C, 0x17, 0x60, 0x2D, 0x2D, 0x8B, 0x55, 0x6B,
    0x57, 0xAE, 0xFF, 0x0B, 0x20, 0x20, 0xD7, 0xA4, 0xB0, 0x08, 0x99, 0xFD, 0xB0, 0x6C, 0xC7, 0xA7,
    0x07, 0x68, 0x08, 0x58, 0x07, 0x50, 0xB7, 0x88, 0xBD, 0xD2, 0x72, 0x46, 0x69, 0x8C, 0xF8, 0x54,
    0xB0, 0x01, 0x6B, 0x9C, 0xE0, 0x8E, 0x8E, 0x64, 0x20, 0x99, 0xC4, 0x23, 0x0B, 0x29, 0x41, 0x0A,
    0x66, 0x57, 0x53, 0x7A, 0x44, 0x8D, 0x80, 0xD0, 0xC5, 0x03, 0x48, 0x34, 0x82, 0x60, 0xA5, 0xD4,
    0x74, 0x14, 0x73, 0x14, 0xE0, 0x81, 0xA6, 0x26, 0x89, 0x49, 0x04, 0x46, 0x7D, 0x4C, 0xC7, 0xE7,
    0xB1, 0xE2, 0x5A, 0x6E, 0x92, 0x98, 0x89, 0x90, 0x89, 0x88, 0x89, 0x80, 0x89, 0x78, 0x89, 0x70,
    0x89, 0x68, 0x49, 0x06, 0xDE, 0x56, 0x4E, 0xE1, 0xB4, 0x01, 0xC9, 0x8E, 0xE1, 0x34, 0x38, 0x03,
    0xA7, 0x82, 0x5B, 0x97, 0xBE, 0x28, 0xDA, 0xF4, 0x45, 0xAF, 0xE5, 0xBB, 0x33, 0xBD, 0xF4, 0x3D,
    0xC5, 0x21, 0xDF, 0xC3, 0x3D, 0xE2, 0xE7, 0xE1, 0x1E, 0x1E, 0x5C, 0x95, 0xEC, 0xF9, 0x22, 0x5E,
    0x61, 0xA2, 0xF8, 0x59, 0xCC, 0x8E, 0x6E, 0x2B, 0x15, 0x3D, 0x9C, 0xA3, 0xF4, 0x6C, 0x15, 0xA5,
    0xEF, 0x2A, 0xE8, 0xB0, 0x08, 0x16, 0xD6, 0x89, 0xB6, 0x55, 0x39, 0xE8, 0xFF, 0x39, 0xC9, 0x83,
    0xC1, 0xE0, 0xA7, 0xAB, 0x4C, 0xAC, 0x61, 0xA7, 0xD7, 0x9D, 0x10, 0xE6, 0xD9, 0xEC, 0x69, 0xE4,
    0x3C, 0x2D, 0x34, 0xA8, 0xE4, 0xFC, 0x42, 0x08, 0xA3, 0x8C, 0x71, 0xF7, 0x89, 0x66, 0x57, 0xEC,
    0x89, 0x1D, 0xE9, 0x05, 0x76, 0x14, 0xB4, 0xBA, 0x22, 0x47, 0x92, 0xD9, 0x7B, 0x7E, 0xC3, 0x64,
    0x32, 0x3B, 0x67, 0x56, 0xBA, 0xC1, 0x6E, 0x65, 0x2C, 0xB0, 0x84, 0xEE, 0x10, 0xAC, 0xC1, 0xAD,
    0xE4, 0xCC, 0x41, 0xD2, 0x34, 0x3C, 0xE1, 0xAD, 0x3C, 0x90, 0x2A, 0x52, 0x59, 0x9A, 0x49, 0x07,
    0x7E, 0xEF, 0xBD, 0x2C, 0x39, 0xCD, 0xA3, 0xE9, 0x3C, 0xA6, 0x3A, 0x78, 0x5E, 0x22, 0x69, 0x91,
    0x2D, 0x69, 0x47, 0xA2, 0x89, 0x55, 0x5A, 0x04, 0x50, 0xE2, 0x5D, 0x3A, 0x8B, 0x82, 0x49, 0xA2,
    0x8C, 0x3B, 0x7C, 0xEC, 0xF2, 0x67, 0x27, 0x44, 0xDC, 0xBC, 0x86, 0x45, 0x78, 0x0B, 0xC1, 0x43,
    0xBF, 0x91, 0x31, 0xD8, 0x59, 0x18, 0xF5, 0x89, 0xE6, 0xF8, 0x70, 0x84, 0x49, 0x07, 0x4E, 0xB2,
    0x3F, 0x0F, 0xCF, 0x4E, 0x18, 0x2C, 0x2F, 0x38, 0xFA, 0x2B, 0x40, 0x6D, 0xF0, 0xD2, 0x53, 0xD6,
    0x44, 0x7D, 0xF1, 0xE4, 0x02, 0x5D, 0x76, 0xBF, 0xC5, 0x00, 0x81, 0x84, 0x34, 0x43, 0xEC, 0x7F,
    0x78, 0x24, 0x22, 0x89, 0x3A, 0x39, 0x95, 0x90, 0x60, 0x5F, 0x32, 0x02, 0xF4, 0x3D, 0xB4, 0x4C,
    0xC2, 0x61, 0xB5, 0xF1, 0x93, 0xD3, 0x27, 0x2D, 0xAA, 0xCC, 0x0D, 0xE6, 0xE6, 0x3C, 0xCA, 0x92,
    0xF3, 0x54, 0xE9, 0x7A, 0x1E, 0x68, 0x1E, 0x56, 0x55, 0x6D, 0x32, 0xF1, 0x04, 0x70, 0x2A, 0x60,
    0x1A, 0x19, 0x1F, 0xF5, 0x0A, 0xEC, 0x4F, 0xEF, 0x8C, 0xCC, 0x2D, 0xF4, 0x01, 0xBB, 0x26, 0xA2,
    0x52, 0xFE, 0x68, 0x72, 0xF5, 0x93, 0xD2, 0xB3, 0xB2, 0x0A, 0x17, 0x08, 0x1A, 0xBC, 0x7D, 0xCF,
    0x37, 0x1F, 0x16, 0x9D, 0x41, 0xB8, 0x44, 0x0E, 0xCD, 0x9E, 0xF7, 0x9E, 0x84, 0x8E, 0x91, 0x09,
    0xB9, 0x4B, 0xF9, 0x5A, 0x50, 0x72, 0xC0, 0x25, 0xDA, 0xF8, 0x44, 0xE2, 0xB5, 0xDE, 0xA9, 0x04,
    0x13, 0x12, 0xFB, 0xC2, 0x7B, 0x9F, 0xF0, 0xAB, 0x99, 0x1E, 0x11, 0xBC, 0x18, 0x0A, 0x4E, 0xC2,
    0x52, 0x2D, 0xB0, 0x51, 0x67, 0x4C, 0x46, 0x0C, 0x72, 0x32, 0xA1, 0x25, 0x77, 0xE9, 0xE6, 0x6C,
    0x07, 0x21, 0x4F, 0x92, 0x4F, 0xA6, 0xE4, 0xEA, 0xC7, 0x05, 0x00, 0x58, 0x52, 0x43, 0xC7, 0xA3,
    0x8C, 0x9D, 0x79, 0x30, 0x9B, 0x3C, 0x2C, 0x76, 0x1F, 0x6E, 0x3E, 0xDC, 0x76, 0x58, 0xB8, 0x2B,
    0x60, 0xE3, 0xD1, 0xCD, 0xC7, 0xFA, 0xAB, 0x1E, 0x68, 0x81, 0xD7, 0x08, 0xE7, 0x49, 0x64, 0xB0,
    0x09, 0x06, 0xE6, 0xCB, 0xF7, 0x81, 0xF0, 0x0F, 0xAD, 0x71, 0xA1, 0xAF, 0x2C, 0x57, 0x17, 0xF7,
    0x5E, 0x54, 0x51, 0x37, 0x6E, 0xC9, 0xC5, 0x3E, 0x1D, 0x15, 0x9A, 0x2B, 0xBD, 0xBE, 0xDB, 0xF2,
    0x38, 0x78, 0x52, 0x3E, 0x8F, 0x62, 0xDE, 0x68, 0xCC, 0x47, 0xAD, 0x71, 0x72, 0x75, 0x44, 0xCB,
    0xA6, 0xE1, 0xE8, 0x47, 0x2F, 0xA5, 0x7E, 0xC0, 0x06, 0xB2, 0x16, 0xA8, 0x87, 0xE8, 0x98, 0x6C,
    0x5D, 0x36, 0xF1, 0x6C, 0x5F, 0xB0, 0x12, 0x2C, 0x2C, 0x3B, 0xC0, 0x1E, 0x62, 0x9A, 0xB0, 0x61,
    0x9F, 0x18, 0x8A, 0xFB, 0x68, 0x0A, 0x49, 0x98, 0x09, 0x6B, 0x99, 0x13, 0x83, 0xAD, 0x5C, 0xAC,
    0xB8, 0x9D, 0x02, 0x86, 0x06, 0x0C, 0x40, 0x32, 0x06, 0x20, 0xD9, 0xC1, 0x3B, 0x93, 0x00, 0x2A,
    0xDF, 0x95, 0x74, 0xEA, 0xED, 0xEB, 0x53, 0x9F, 0xDF, 0x92, 0x83, 0xD9, 0x66, 0xED, 0x50, 0x96,
    0x6B, 0xD2, 0xCD, 0x6B, 0xB2, 0xC8, 0x39, 0x58, 0xF6, 0xD0, 0xAF, 0x9F, 0x80, 0x81, 0x41, 0x50,
    0xD9, 0x10, 0x96, 0x8C, 0x67, 0x36, 0xF3, 0x09, 0xAB, 0x52, 0x31, 0x61, 0xB5, 0x3A, 0x94, 0x2D,
    0xB6, 0x1D, 0xCA, 0x9E, 0x9F, 0x40, 0xC1, 0x8C, 0x60, 0x00, 0x09, 0x83, 0x71, 0x54, 0x71, 0x57,
    0xE4, 0x4F, 0x2C, 0xD0, 0xC9, 0xDC, 0xF6, 0x8F, 0xCB, 0x6D, 0x24, 0x27, 0x0F, 0xD7, 0xB8, 0xBC,
    0x43, 0xAA, 0x26, 0xE4, 0xA1, 0xE2, 0x05, 0x1A, 0x00, 0x53, 0x69, 0x6B, 0x5C, 0x96, 0x67, 0xE4,
    0xD2, 0xE7, 0x09, 0xBF, 0x4F, 0xE7, 0x0D, 0x35, 0x7C, 0xCF, 0x0A, 0xD2, 0x85, 0xDE, 0xA9, 0x06,
    0x76, 0xCB, 0x40, 0xD5, 0x47, 0x97, 0x87, 0x4E, 0x5F, 0xCF, 0x6D, 0x1A, 0xA8, 0xF6, 0x60, 0x1A,
    0xC4, 0x8B, 0xAA, 0xA4, 0x7C, 0x62, 0x9B, 0x5A, 0xCF, 0x63, 0xAA, 0xF4, 0x48, 0x40, 0x71, 0xF6,
    0x92, 0xCC, 0x5A, 0xFE, 0x0E, 0x78, 0xCB, 0xDA, 0x0D, 0xEF, 0xB1, 0xCC, 0xDB, 0x1C, 0xEF, 0x5E,
    0xD6, 0x63, 0x8A, 0x3F, 0x70, 0xB3, 0x08, 0xAE, 0xD6, 0x88, 0x9D, 0x82, 0x9B, 0x97, 0xF2, 0x60,
    0x2C, 0xFC, 0xBB, 0x1A, 0x1C, 0x21, 0x58, 0xF7, 0xD0, 0x4F, 0x89, 0x6B, 0xC4, 0x69, 0x58, 0xA0,
    0x61, 0xAF, 0xBF, 0xB1, 0x3C, 0xF4, 0x7D, 0x1C, 0x5E, 0x4F, 0xE2, 0x01, 0x86, 0xB8, 0x2C, 0xA7,
    0xF1, 0xB7, 0x4D, 0x4D, 0x1B, 0xB7, 0xDD, 0xA6, 0x9A, 0x6E, 0x27, 0x7C, 0xB7, 0x28, 0x8F, 0xFE,
    0x39, 0x1E, 0xCA, 0x22, 0x13, 0x39, 0x9C, 0xB1, 0xE4, 0xBE, 0x54, 0x75, 0xD2, 0x9B, 0xFD, 0x6B,
    0x5D, 0xC6, 0x93, 0x2F, 0x86, 0xE7, 0xD5, 0x81, 0xF4, 0x15, 0x33, 0xF7, 0xEF, 0xFA, 0xB5, 0xBE,
    0x4F, 0x89, 0xA0, 0xF2, 0xD5, 0x0B, 0x3D, 0x85, 0x7F, 0x55, 0xA6, 0x4E, 0x0E, 0xE6, 0x20, 0x65,
    0x3D, 0x1F, 0x7E, 0x0E, 0xFC, 0x6A, 0x09, 0x02, 0xEC, 0xF2, 0xA5, 0xAD, 0xC7, 0xE1, 0xD5, 0xBF,
    0xD6, 0x23, 0xBD, 0xD6, 0xC1, 0xDE, 0x25, 0x15, 0x76, 0x06, 0x1D, 0x40, 0xAF, 0x59, 0x77, 0x3E,
    0xBC, 0x96, 0x9F, 0x2A, 0xFD, 0x57, 0xFA, 0x2A, 0x46, 0xE5, 0xF5, 0x93, 0xEB, 0x77, 0xF6, 0xC9,
    0xAA, 0xC7, 0x66, 0x63, 0x7F, 0x88, 0xDF, 0xF7, 0xFC, 0x8B, 0x14, 0x69, 0x7B, 0x2E, 0x76, 0xC1,
    0x44, 0x57, 0x08, 0x7F, 0x12, 0xFD, 0x0D, 0x66, 0x5E, 0xA3, 0xFC, 0xCB, 0xC2, 0xC1, 0x34, 0x3E,
    0x08, 0xDD, 0x49, 0x0E, 0xAF, 0x7B, 0x95, 0xBC, 0x0E, 0x60, 0x71, 0xC7, 0x83, 0xD8, 0xC1, 0xE4,
    0xE7, 0x62, 0xD7, 0xDF, 0xC2, 0x26, 0x66, 0x80, 0x48, 0x5D, 0x5A, 0x87, 0xA3, 0xC9, 0x63, 0x3B,
    0x3E, 0xB1, 0xFE, 0x1F, 0x97, 0x37, 0xE6, 0x8F, 0x8B, 0x5A, 0xF7, 0x66, 0x72, 0x36, 0x85, 0x5B,
    0x8F, 0x09, 0xE5, 0xD3, 0x6E, 0xED, 0xA4, 0xBB, 0x93, 0xAC, 0xC6, 0x4E, 0xFC, 0x50, 0x8F, 0x8C,
    0xFE, 0xD7, 0x4F, 0xDE, 0x67, 0xBF, 0xE9, 0x51, 0x9C, 0xBC, 0xF7, 0x26, 0x5E, 0x55, 0xFC, 0xEB,
    0x86, 0x85, 0x57, 0x65, 0xDA, 0x85, 0x53, 0x51, 0xF3, 0xAD, 0x13, 0x53, 0x9B, 0x1E, 0xD1, 0x4C,
    0x63, 0x86, 0x78, 0xC8, 0x40, 0x93, 0x3E, 0x6D, 0x8B, 0x51, 0x77, 0xDA, 0xDE, 0xE6, 0x5B, 0x26,
    0x76, 0xAC, 0xB4, 0x4D, 0xBA, 0xB1, 0x48, 0xDB, 0x78, 0x7F, 0x30, 0x08, 0x39, 0x1E, 0x0E, 0xA6,
    0xA8, 0xA3, 0xA9, 0xCF, 0xF8, 0xF2, 0x1C, 0x94, 0x5E, 0x06, 0x14, 0x0F, 0xE0, 0xD6, 0x6A, 0xAE,
    0xFB, 0x96, 0xD4, 0x83, 0xFA, 0xA2, 0x89, 0xA9, 0xF5, 0xF7, 0xC8, 0x82, 0xDF, 0xF2, 0xF8, 0x2E,
    0xE2, 0x67, 0x60, 0xEF, 0x95, 0x45, 0xF6, 0xC8, 0x05, 0x2E, 0x1C, 0xAB, 0xD7, 0x5D, 0x34, 0x14,
    0xEF, 0x83, 0x98, 0x3B, 0xEE, 0xCD, 0x1E, 0xE4, 0x57, 0x5D, 0x76, 0xE7, 0xEE, 0x87, 0x5D, 0xFA,
    0xC5, 0x97, 0x9F, 0x5B, 0xFD, 0xF5, 0x5F, 0x40, 0x1E, 0x7D, 0xF6, 0xA0, 0x4D, 0xDC, 0x07, 0x8C,
    0x88, 0x3E, 0xE0, 0x2B, 0x32, 0x57, 0x48, 0x42, 0xBE, 0x73, 0x19, 0x30, 0x9A, 0x94, 0xD3, 0xDA,
    0x51, 0xCD, 0x01, 0xB8, 0x79, 0x0B, 0x56, 0xFA, 0xFB, 0xF0, 0xE6, 0xBA, 0xC8, 0xD8, 0x91, 0x2D,
    0xF3, 0xC7, 0x75, 0xDA, 0x07, 0x08, 0x7E, 0x86, 0x88, 0xA0, 0x33, 0x19, 0xC1, 0xD9, 0x5B, 0x4C,
    0x9C, 0x31, 0x63, 0x66, 0x68, 0xDC, 0x99, 0x0F, 0xE3, 0xD5, 0xFC, 0x76, 0xE5, 0xEA, 0x08, 0x78,
    0x2B, 0x21, 0x18, 0x26, 0x3E, 0xAB, 0xAC, 0x0A, 0x47, 0x44, 0x1F, 0x76, 0x15, 0x93, 0x55, 0x35,
    0x53, 0x0A, 0x59, 0x0B, 0xF5, 0x36, 0x69, 0xCB, 0x24, 0x7F, 0x55, 0x32, 0x6A, 0x8C, 0x01, 0x93,
    0xA3, 0x91, 0x83, 0x0F, 0x72, 0x5E, 0xAF, 0x2A, 0x08, 0x50, 0x58, 0x7F, 0x7E, 0x9F, 0x31, 0xB7,
    0x53, 0x0A, 0x0F, 0x7A, 0xF2, 0x39, 0x3C, 0x95, 0xBE, 0xC9, 0x37, 0x38, 0x3F, 0xB7, 0x33, 0x91,
    0xDB, 0xCD, 0x0F, 0x64, 0xCB, 0x3A, 0x58, 0x94, 0xB1, 0x4C, 0x90, 0x63, 0x82, 0x20, 0x65, 0xC8,
    0xAC, 0xA4, 0x72, 0x1F, 0x42, 0x31, 0xE6, 0x01, 0x41, 0x98, 0x7F, 0xDF, 0xB5, 0x9D, 0x4D, 0x26,
    0x3C, 0xFC, 0x5E, 0xD8, 0x36, 0x42, 0x38, 0x7E, 0xC3, 0x63, 0x6B, 0xBE, 0xEF, 0x78, 0x71, 0x6F,
    0x35, 0x2A, 0x30, 0xCB, 0xA2, 0xE0, 0xAE, 0x93, 0x10, 0x9B, 0xE9, 0x7D, 0xBE, 0xDC, 0x49, 0xEE,
    0xF9, 0x36, 0x47, 0xE1, 0xFD, 0x06, 0xB1, 0x3D, 0x85, 0x92, 0x7F, 0xF5, 0xB2, 0xB5, 0x0F, 0x8B,
    0x22, 0x80, 0x37, 0xB1, 0x33, 0xEE, 0xDC, 0x78, 0xD3, 0x63, 0x59, 0xA4, 0xBF, 0x74, 0xD1, 0x5F,
    0x2D, 0x6F, 0xBA, 0xEA, 0x19, 0x1F, 0x55, 0xCD, 0xA1, 0xD4, 0x73, 0xDC, 0xAC, 0xB6, 0xDE, 0x78,
    0x53, 0x59, 0x9B, 0x3C, 0x73, 0x11, 0xCA, 0x5B, 0x13, 0xBE, 0x43, 0xBE, 0xCD, 0xC0, 0xF3, 0x96,
    0xC2, 0xCE, 0xFF, 0x5A, 0x13, 0xA3, 0x3B, 0xC4, 0xF3, 0xF5, 0xB5, 0x3C, 0xEF, 0xF5, 0x2D, 0x3C,
    0xA7, 0x6C, 0xDC, 0x9F, 0x89, 0x67, 0x39, 0x91, 0xDE, 0x02, 0x83, 0x9E, 0x96, 0x9E, 0xB3, 0xF7,
    0x61, 0xA0, 0x8F, 0xAC, 0x92, 0xAC, 0x6E, 0x35, 0x4F, 0xED, 0x13, 0xE8, 0x39, 0xA8, 0xEA, 0xD8,
    0x67, 0x90, 0x0F, 0x16, 0xD8, 0x66, 0x71, 0xE9, 0xD3, 0xAE, 0xFF, 0x03, 0xD5, 0x57, 0xBF, 0x8F,
    0xDC, 0x54, 0x10, 0x1E, 0xAF, 0x45, 0x2C, 0xC5, 0x85, 0x29, 0x40, 0x42, 0xB9, 0xC2, 0x0D, 0x15,
    0x05, 0xDB, 0x52, 0xF1, 0x2C, 0x45, 0x54, 0x29, 0x92, 0x8A, 0x14, 0x29, 0x52, 0x53, 0xED, 0x7F,
    0x80, 0x2D, 0x52, 0x50, 0xE6, 0xFE, 0x84, 0x14, 0x29, 0x10, 0x14, 0x34, 0x14, 0x14, 0x80, 0x4D,
    0x52, 0xA6, 0x71, 0x93, 0x50, 0x9E, 0x15, 0xDD, 0xD5, 0x79, 0x85, 0x4F, 0xF2, 0x82, 0xED, 0xE1,
    0xFB, 0xE6, 0x79, 0x73, 0x9B, 0xDC, 0xE5, 0x07, 0x02, 0x81, 0x58, 0xED, 0x9B, 0xF1, 0xAE, 0x9F,
    0x67, 0xE6, 0xCD, 0x8F, 0x6F, 0xC6, 0x22, 0x22, 0xDF, 0x62, 0x89, 0x62, 0x45, 0x24, 0xF1, 0x2C,
    0x07, 0xAA, 0xA3, 0xA8, 0x6A, 0x9F, 0x80, 0x54, 0xF9, 0xFC, 0xB9, 0x16, 0xCE, 0x8B, 0x6B, 0xCB,
    0x46, 0x32, 0x5F, 0x57, 0x92, 0xF6, 0x5A, 0x48, 0x32, 0x62, 0x77, 0xBC, 0x10, 0xFE, 0xE4, 0x8D,
    0x81, 0x5B, 0x7A, 0x6E, 0xF6, 0x7C, 0xAC, 0xA5, 0x80, 0x02, 0xA2, 0x26, 0x81, 0xD0, 0x43, 0x59,
    0x94, 0xE1, 0x99, 0x95, 0x4A, 0xAD, 0x53, 0xAA, 0x3A, 0xAC, 0x55, 0x9B, 0xF2, 0xA4, 0x6E, 0xEB,
    0x66, 0xED, 0xB5, 0xC8, 0xBC, 0x42, 0x87, 0x71, 0x2C, 0xFE, 0xE7, 0x4E, 0xEB, 0x16, 0x7B, 0xAA,
    0x54, 0x67, 0x91, 0xFA, 0x98, 0x32, 0xE4, 0x1B, 0x92, 0x71, 0x47, 0xE2, 0x41, 0x25, 0x56, 0x4F,
    0xD2, 0x82, 0x4C, 0x90, 0x1F, 0x8F, 0x6F, 0x45, 0x8A, 0x1D, 0xA9, 0x9B, 0x74, 0x14, 0x77, 0xBA,
    0xE9, 0x05, 0xAA, 0xBC, 0xC0, 0xAE, 0x06, 0xCA, 0xB6, 0xA6, 0xEC, 0x23, 0x2C, 0x87, 0x55, 0xAB,
    0xB8, 0x09, 0x0B, 0xDA, 0x5C, 0x73, 0xE1, 0x2A, 0x4A, 0xAC, 0xBA, 0xD1, 0x27, 0x38, 0x11, 0x24,
    0x38, 0x85, 0xD8, 0xAD, 0x6B, 0x4C, 0xCA, 0x15, 0xB9, 0x6F, 0x5C, 0xB2, 0xDF, 0x7C, 0xB8, 0x88,
    0x35, 0xDC, 0x09, 0xBE, 0xB7, 0xCF, 0x7B, 0x72, 0xC1, 0x47, 0xF5, 0x18, 0x7B, 0x21, 0x8F, 0xC1,
    0xD8, 0x5D, 0xF8, 0x70, 0xF1, 0x59, 0x3D, 0x50, 0x50, 0xA1, 0x92, 0xC2, 0xC5, 0xC9, 0xCC, 0x73,
    0xC1, 0x4D, 0x39, 0x0F, 0xC8, 0x68, 0xBA, 0x9E, 0xC2, 0xF9, 0xED, 0xC2, 0xC5, 0x0A, 0x4A, 0xED,
    0x22, 0x59, 0xFE, 0x97, 0x7C, 0x92, 0xB0, 0xD9, 0x0D, 0xB6, 0x01, 0x32, 0x3C, 0x2F, 0xD2, 0x89,
    0x7B, 0x85, 0x2A, 0x12, 0xAD, 0x68, 0x86, 0xFA, 0x6C, 0x67, 0xC6, 0x72, 0x71, 0x2C, 0x76, 0x41,
    0x2B, 0x57, 0x43, 0x1E, 0x8E, 0xF3, 0x4B, 0x69, 0x16, 0xCB, 0xDA, 0x52, 0x08, 0x39, 0xE1, 0xED,
    0x51, 0x89, 0x0A, 0x09, 0xE6, 0x06, 0xE1, 0x78, 0x90, 0x11, 0x9B, 0x03, 0x8F, 0x34, 0xF0, 0x60,
    0xAA, 0x06, 0x8B, 0x9A, 0x9D, 0xA1, 0xC1, 0xCE, 0xE5, 0x4C, 0x48, 0xAE, 0x60, 0x65, 0x63, 0x72,
    0x62, 0x0D, 0x36, 0xF2, 0xFC, 0x8B, 0x89, 0xE3, 0x62, 0xE1, 0xB8, 0x18, 0x68, 0x89, 0x92, 0x76,
    0xA5, 0x99, 0xB7, 0xDA, 0xF2, 0x67, 0xE6, 0xA5, 0xF6, 0x81, 0xAF, 0x9B, 0xC0, 0xDF, 0x91, 0xC0,
    0xB9, 0x67, 0xBE, 0xEE, 0x1D, 0xCE, 0x95, 0xE9, 0x91, 0x71, 0x2C, 0xE3, 0xE5, 0x29, 0x1E, 0x8A,
    0xB5, 0x62, 0x5A, 0x22, 0x47, 0x84, 0x29, 0x6A, 0xE7, 0x2C, 0x82, 0x3C, 0x72, 0x73, 0x30, 0x38,
    0x6E, 0x0B, 0xF7, 0xE1, 0xB6, 0xE0, 0xB9, 0xBE, 0xEE, 0x11, 0x0D, 0x94, 0x94, 0x9A, 0xDC, 0x67,
    0xC6, 0x57, 0x7A, 0x6D, 0x30, 0x47, 0x5A, 0x3A, 0x8C, 0xFF, 0x38, 0xBB, 0x61, 0x2C, 0xF5, 0x29,
    0x0B, 0x34, 0x9F, 0x36, 0x54, 0xFA, 0x88, 0x7E, 0x56, 0x7D, 0x10, 0x02, 0xD9, 0x6C, 0x2C, 0xC7,
    0x57, 0x1D, 0xCF, 0xCE, 0xD8, 0x64, 0xF6, 0xC4, 0xC0, 0x0A, 0xF5, 0xFA, 0x3C, 0x37, 0xF7, 0x2A,
    0xFD, 0x6D, 0x49, 0x41, 0xA2, 0x7A, 0x67, 0x8F, 0x40, 0xD0, 0xC1, 0xC8, 0x74, 0x35, 0xD2, 0x93,
    0x20, 0xAF, 0x3E, 0xA6, 0x7C, 0xE6, 0x17, 0xDC, 0x50, 0x57, 0x88, 0xAF, 0xA9, 0x0C, 0xEB, 0x15,
    0x75, 0xF6, 0xF2, 0x3A, 0xC4, 0x1A, 0x5D, 0x53, 0x62, 0xE5, 0x58, 0x12, 0xD5, 0x0D, 0xEA, 0x98,
    0xAB, 0x90, 0xF5, 0x96, 0xF9, 0xCC, 0x22, 0x84, 0xF3, 0x17, 0x3E, 0x2E, 0x7C, 0x5E, 0xB8, 0xEE,
    0x78, 0x15, 0x78, 0xD9, 0x06, 0x9E, 0xFB, 0xC0, 0x81, 0x68, 0xC6, 0x93, 0x31, 0xF0, 0x78, 0x0E,
    0x5C, 0xB4, 0x0C, 0xBC, 0xD6, 0x5F, 0x7F, 0x88, 0x28, 0x46, 0x1F, 0x8D, 0xAB, 0x59, 0xA1, 0xF8,
    0xA1, 0xDE, 0x02, 0x56, 0x64, 0xF4, 0xF3, 0xC0, 0x1C, 0x6E, 0x6A, 0xA6, 0x35, 0x4A, 0x3E, 0x9D,
    0x0B, 0xCB, 0xC3, 0x1F, 0x25, 0x60, 0xAD, 0x01, 0x01, 0x2D, 0x7C, 0x30, 0x9B, 0x7D, 0x63, 0xB0,
    0x2E, 0xD8, 0x46, 0x91, 0x0F, 0x47, 0x2D, 0x2B, 0x52, 0xD7, 0x92, 0x66, 0x9E, 0x34, 0xED, 0x49,
    0xE3, 0x91, 0x74, 0x35, 0x93, 0xC2, 0x16, 0xD2, 0x5A, 0x49, 0x9D, 0xD1, 0xDC, 0x68, 0x66, 0x34,
    0x31, 0x1A, 0x83, 0x52, 0x63, 0x62, 0xB4, 0x0E, 0xD4, 0x4A, 0xB2, 0x6E, 0x77, 0x46, 0x99, 0x4D,
    0xAC, 0x2A, 0x16, 0xD9, 0x0E, 0x66, 0x17, 0x24, 0x4A, 0x07, 0x7A, 0x47, 0xE9, 0x2A, 0xAD, 0x54,
    0x4F, 0x98, 0x43, 0x15, 0x40, 0xCF, 0x90, 0x0F, 0x4D, 0xA2, 0x31, 0x57, 0xBE, 0x81, 0x40, 0xD0,
    0x25, 0x0D, 0x78, 0x0A, 0x32, 0x89, 0xA1, 0xFA, 0x17, 0xD1, 0x3D, 0xD4, 0xC7, 0x5D, 0xE4, 0x61,
    0x8A, 0xA0, 0xC9, 0x8A, 0x7F, 0xCB, 0x8D, 0x17, 0x70, 0xD0, 0x6C, 0xB2, 0xBB, 0x19, 0xF3, 0x25,
    0x27, 0xEE, 0xAC, 0x15, 0x76, 0xBB, 0x23, 0x54, 0x6D, 0x79, 0xD7, 0x07, 0x03, 0x23, 0xB8, 0x05,
    0xA6, 0xA3, 0x0D, 0xC4, 0x88, 0x85, 0xB0, 0x03, 0x19, 0x4A, 0x15, 0x06, 0x55, 0x28, 0xDC, 0xB2,
    0x71, 0x9D, 0xB8, 0x0E, 0xA1, 0x5B, 0xA3, 0xC1, 0x48, 0xDE, 0xA7, 0xDD, 0x0C, 0x5C, 0x84, 0x1B,
    0x4A, 0xA8, 0xCF, 0x8B, 0x33, 0x8D, 0xB0, 0x2B, 0x41, 0x20, 0x72, 0x3C, 0xBC, 0x7E, 0xAC, 0x55,
    0x84, 0x53, 0x32, 0xB7, 0x56, 0x94, 0x83, 0x55, 0x37, 0x67, 0x78, 0x5F, 0x07, 0x98, 0x68, 0xD2,
    0x69, 0xDD, 0xC6, 0xBD, 0x2B, 0x64, 0x9A, 0x0C, 0x7D, 0x25, 0x83, 0x81, 0xD1, 0x9E, 0x0B, 0xAD,
    0x40, 0xDE, 0x72, 0x15, 0x61, 0xA1, 0x8B, 0x0C, 0xEC, 0x4D, 0x6C, 0x4D, 0xD6, 0x99, 0xD0, 0x98,
    0xF2, 0x76, 0x92, 0xE4, 0x8F, 0x9E, 0x65, 0x13, 0x4A, 0xE8, 0xB9, 0xFC, 0x37, 0xD4, 0xCA, 0xB9,
    0x1E, 0x55, 0x86, 0x1E, 0x35, 0x65, 0x38, 0xBC, 0x43, 0x0F, 0x97, 0xCC, 0x12, 0x60, 0x38, 0x1F,
    0x80, 0x03, 0xA4, 0x6E, 0xC4, 0x2A, 0x4A, 0xD9, 0xD0, 0xF3, 0xE9, 0x26, 0x72, 0xB4, 0x93, 0x7B,
    0xC2, 0x22, 0x10, 0x3E, 0x29, 0x0C, 0x0E, 0x4D, 0x60, 0x2D, 0x93, 0x14, 0x20, 0xB8, 0x81, 0xD2,
    0x6C, 0x40, 0xB0, 0x19, 0x88, 0x38, 0xDD, 0x84, 0x97, 0x02, 0xFA, 0xE9, 0x11, 0x62, 0x30, 0xA7,
    0x4D, 0xD2, 0x7D, 0x89, 0x88, 0xC3, 0x61, 0x25, 0x62, 0x98, 0x37, 0xCF, 0x15, 0xAE, 0xE6, 0xD4,
    0x2F, 0x18, 0xEC, 0x31, 0x22, 0xF8, 0x73, 0x23, 0x42, 0x95, 0xFB, 0xB2, 0x2B, 0xED, 0x3E, 0x30,
    0x15, 0xD8, 0x7B, 0xDD, 0x07, 0x0C, 0xCF, 0x7C, 0xD2, 0xBA, 0x0E, 0x81, 0x6B, 0xA1, 0xAA, 0x88,
    0x42, 0x8E, 0x2F, 0x33, 0x08, 0xEB, 0xDF, 0xE6, 0x12, 0x9B, 0x50, 0x6C, 0x56, 0xB1, 0xA9, 0xC5,
    0xE6, 0x97, 0xBD, 0xC1, 0xC6, 0xAE, 0x6C, 0xB0, 0xC1, 0xDD, 0xA1, 0x6C, 0x05, 0x70, 0xD0, 0x23,
    0x47, 0x32, 0xFD, 0x4E, 0x1B, 0x4B, 0x2B, 0xA4, 0x70, 0x6F, 0x5D, 0x97, 0xED, 0x45, 0x42, 0xAC,
    0xD9, 0x17, 0x6C, 0xBC, 0xB1, 0xF4, 0xE1, 0xD0, 0x72, 0x6E, 0xC0, 0x29, 0x5E, 0x18, 0x70, 0x3A,
    0x0E, 0x38, 0xB0, 0xB4, 0x4A, 0x38, 0x25, 0x41, 0x8D, 0xFC, 0x8C, 0x67, 0xA7, 0xA5, 0x26, 0xD7,
    0xED, 0xFF, 0xA0, 0xFF, 0x5B, 0xBF, 0x97, 0x80, 0xA0, 0x0B, 0xB7, 0x3E, 0xFA, 0xDF, 0xF5, 0xFB,
    0x6C, 0x99, 0xB1, 0x2E, 0xE6, 0xFF, 0x76, 0x7F, 0x47, 0x88, 0xDA, 0x9D, 0x72, 0xC7, 0xAB, 0x79,
    0x97, 0xE1, 0x11, 0x2B, 0x26, 0xE1, 0x8E, 0xEC, 0x6B, 0x64, 0x50, 0x16, 0xFB, 0xE5, 0xCA, 0xFE,
    0x33, 0x92, 0x2A, 0x6F, 0xD0, 0xA1, 0x39, 0xB3, 0xCD, 0x1D, 0xC1, 0xA5, 0xEE, 0x11, 0xB4, 0xD6,
    0x77, 0xE8, 0x82, 0x98, 0x4E, 0x82, 0x9B, 0x80, 0x98, 0xC0, 0x0A, 0x6A, 0x4B, 0x83, 0x09, 0xAA,
    0x5D, 0x8E, 0x71, 0xD6, 0xE3, 0x28, 0xE8, 0x5F, 0x2D, 0x53, 0xB8, 0x11, 0x4C, 0xB9, 0xF2, 0x6E,
    0x00, 0xF5, 0x98, 0x6E, 0x82, 0xE8, 0xCB, 0x7B, 0x80, 0x87, 0x6C, 0x13, 0x1E, 0xA4, 0xC7, 0x3D,
    0x8F, 0x75, 0xCA, 0xC3, 0xE1, 0x77, 0xDE, 0xFE, 0x2D, 0x40, 0x94, 0x33, 0x2C, 0x89, 0x42, 0x25,
    0x26, 0x81, 0x51, 0xBF, 0xCD, 0xC6, 0xE7, 0x3F, 0x65, 0x98, 0xDB, 0x54, 0xC3, 0xB4, 0x60, 0x2C,
    0x55, 0x13, 0x95, 0x85, 0x89, 0xD3, 0x05, 0x56, 0x1B, 0xFC, 0x44, 0xB3, 0xB3, 0x8D, 0xA3, 0x31,
    0x1C, 0x98, 0x0C, 0xB5, 0xD5, 0xDA, 0x46, 0xDB, 0x19, 0x22, 0xB1, 0x0A, 0x0C, 0x1D, 0x90, 0xF7,
    0x10, 0x12, 0xDC, 0x1D, 0xD9, 0x10, 0xC0, 0x50, 0xE8, 0x2E, 0xA8, 0x0D, 0x83, 0xF8, 0x4F, 0x96,
    0x2C, 0xD3, 0x99, 0xC1, 0x8B, 0xBD, 0xFB, 0x1D, 0x62, 0x3D, 0xB0, 0xC8, 0xE9, 0x10, 0x36, 0xC5,
    0x36, 0x7F, 0xAC, 0xDB, 0x0D, 0xDB, 0x51, 0x8B, 0x56, 0xF4, 0x7E, 0xFD, 0xF8, 0xD6, 0x48, 0xA4,
    0x80, 0x06, 0xA3, 0x75, 0x6B, 0x03, 0x43, 0xC1, 0xCA, 0x86, 0x93, 0xB6, 0x9B, 0xC3, 0xDA, 0x9E,
    0x72, 0xFA, 0x14, 0x12, 0x30, 0x1A, 0x6C, 0xA8, 0x26, 0x65, 0x11, 0xD9, 0x58, 0x5A, 0x22, 0x36,
    0xD1, 0x78, 0xDE, 0x39, 0x07, 0xFA, 0x15, 0x91, 0x98, 0x98, 0x01, 0x18, 0xCA, 0xE7, 0x9B, 0x98,
    0x5C, 0x3C, 0x0A, 0xA8, 0x04, 0x2E, 0x75, 0x75, 0x95, 0xDD, 0x06, 0xB8, 0x7C, 0x4A, 0x9C, 0x1C,
    0x40, 0xAE, 0x7A, 0x90, 0x6B, 0x0D, 0xC0, 0xE6, 0x7B, 0x40, 0x58, 0x39, 0x01, 0xB4, 0x01, 0x0B,
    0x75, 0xC3, 0xC7, 0xD8, 0x14, 0x67, 0xCB, 0x5B, 0xF9, 0xE0, 0xC0, 0x26, 0x13, 0x66, 0xC7, 0x10,
    0xB2, 0x23, 0x7D, 0x11, 0x8D, 0xA5, 0x7E, 0xCA, 0xDC, 0xB2, 0x48, 0xBB, 0x53, 0x05, 0x9E, 0xA1,
    0x82, 0xAF, 0x3E, 0xF3, 0x9A, 0xDD, 0xF5, 0xBA, 0x81, 0x8E, 0x11, 0x2A, 0xFC, 0xD9, 0x0B, 0x9B,
    0x83, 0xE4, 0x4F, 0x96, 0x17, 0x36, 0xC0, 0xBC, 0xB9, 0xBE, 0x63, 0x7D, 0x0E, 0xB2, 0x3E, 0xBD,
    0x4D, 0xFF, 0xC7, 0x87, 0xA1, 0x1C, 0x1C, 0x87, 0xD0, 0x5C, 0xB7, 0x8C, 0x30, 0xB6, 0x44, 0x16,
    0x83, 0x4B, 0x36, 0x1F, 0x00, 0x0D, 0xA2, 0x0A, 0x85, 0x4F, 0x1C, 0xC4, 0x2C, 0x77, 0x6B, 0x0E,
    0x05, 0x6E, 0xA2, 0x4C, 0xE8, 0xD2, 0x29, 0x3A, 0x7B, 0x05, 0xD9, 0xCD, 0x2B, 0xD1, 0xB8, 0x2B,
    0x37, 0x4E, 0xF5, 0x91, 0x01, 0xB1, 0x1A, 0x10, 0xBB, 0x93, 0xB2, 0xA0, 0xCE, 0xF5, 0xEF, 0x05,
    0x24, 0xCD, 0xD4, 0xD5, 0x62, 0x83, 0x5F, 0xA1, 0xA4, 0xDD, 0xC9, 0xC6, 0xAF, 0x43, 0xCB, 0xA8,
    0x64, 0xD7, 0x32, 0x18, 0x0C, 0x82, 0x3B, 0x2B, 0x33, 0x61, 0x60, 0x1B, 0xCB, 0x0E, 0xDD, 0xFB,
    0xC0, 0xAB, 0xBB, 0xAE, 0xF3, 0xD7, 0x97, 0x59, 0x5F, 0x84, 0xDE, 0x41, 0x1D, 0x5C, 0x2C, 0xB7,
    0x75, 0xC1, 0xDB, 0xE1, 0x6B, 0x10, 0xCB, 0x6F, 0xD6, 0x9F, 0xFD, 0x79, 0xF6, 0xDD, 0xB2, 0x22,
    0x52, 0xC2, 0x8D, 0x05, 0xEB, 0x43, 0x89, 0x26, 0x7B, 0x63, 0x75, 0xBC, 0x88, 0x8F, 0x25, 0xBA,
    0x77, 0xB9, 0x88, 0x26, 0xE4, 0x92, 0x5B, 0x90, 0x31, 0x2A, 0xF6, 0xE6, 0x05, 0x0E, 0x99, 0xAF,
    0x58, 0xFB, 0x9F, 0x22, 0xD2, 0xD7, 0xED, 0xBD, 0x52, 0xDC, 0xE7, 0xAB, 0xAD, 0x0D, 0xF5, 0xED,
    0xEE, 0xB5, 0xE1, 0xA5, 0xD7, 0x59, 0xBD, 0x88, 0xA4, 0xEC, 0x3A, 0xA5, 0x2E, 0xCD, 0x83, 0x23,
    0xA5, 0x70, 0xA4, 0x14, 0x0E, 0x2A, 0xC2, 0x91, 0xD2, 0x46, 0x9A, 0xD7, 0x93, 0x3F, 0x01, 0x1D,
    0x8E, 0xB1, 0x0D, 0xC2, 0x30, 0x14, 0x44, 0x2F, 0x44, 0xC2, 0x12, 0x2E, 0x32, 0xC2, 0xDF, 0x00,
    0x16, 0x88, 0x62, 0xF7, 0xAC, 0x44, 0xE4, 0x8C, 0x92, 0x31, 0x28, 0x22, 0xD9, 0x23, 0x58, 0x62,
    0x01, 0x6F, 0xC0, 0x2F, 0x52, 0x18, 0x29, 0xC9, 0xE7, 0xC3, 0xDD, 0x15, 0xAF, 0xBA, 0xBB, 0x27,
    0x0E, 0x04, 0x4F, 0xE9, 0x54, 0x0C, 0x53, 0x76, 0x1E, 0x15, 0xED, 0x01, 0x7A, 0xA7, 0x60, 0x18,
    0x80, 0x5D, 0x1F, 0x24, 0xDB, 0x60, 0x0B, 0x20, 0x7F, 0x2D, 0x26, 0x07, 0x4A, 0x37, 0xF1, 0xE6,
    0x83, 0x11, 0xA2, 0x1E, 0x31, 0x92, 0x17, 0x97, 0x34, 0x0A, 0x40, 0x98, 0x62, 0x69, 0xD9, 0xE4,
    0xB3, 0x32, 0xE5, 0xB0, 0xD6, 0x85, 0xFB, 0xBA, 0x84, 0x95, 0xF2, 0xA9, 0xF4, 0x96, 0x77, 0x7A,
    0x6D, 0xEE, 0x5E, 0xB4, 0x5E, 0x47, 0x5A, 0x81, 0x0E, 0xE2, 0x32, 0xA3, 0xE3, 0x5F, 0x02, 0x47,
    0xC9, 0x51, 0xA6, 0xB8, 0xE3, 0x8A, 0x38, 0x49, 0x8A, 0x93, 0x43, 0xA3, 0x35, 0x86, 0x5B, 0xB6,
    0x65, 0xF0, 0x0D, 0x2C, 0xBA, 0xB9, 0xAB, 0xA8, 0x4E, 0xEF, 0xB9, 0xBC, 0x63, 0x47, 0x64, 0xE2,
    0x2F, 0xC5, 0x5A, 0xBF, 0x93, 0xE4, 0x46, 0x15, 0x7E, 0x23, 0xB1, 0xA8, 0xCA, 0xAA, 0x42, 0x0E,
    0x20, 0xC0, 0xAE, 0x42, 0x29, 0x5C, 0x15, 0x56, 0xEA, 0x00, 0x4E, 0x3A, 0x3B, 0x70, 0x40, 0x70,
    0x1B, 0x60, 0x1C, 0x92, 0x62, 0x92, 0x4B, 0x09, 0xAE, 0x4E, 0xE2, 0x08, 0x1C, 0x10, 0xF8, 0x12,
    0xFE, 0x03, 0x82, 0xAB, 0x8D, 0x2F, 0xD8, 0xC0, 0x9C, 0x54, 0x47, 0x40, 0xE0, 0xC0, 0x22, 0x80,
    0x84, 0xE0, 0x44, 0x95, 0x4D, 0xE2, 0xE0, 0x44, 0x95, 0xAE, 0x4A, 0x6B, 0x4B, 0x6A, 0xBE, 0xEF,
    0xB5, 0xA4, 0x99, 0xD9, 0x9D, 0xFD, 0x3D, 0x33, 0x68, 0xB7, 0x7B, 0xE7, 0x87, 0xF4, 0xFA, 0x7D,
    0xEF, 0x7D, 0xFD, 0xFA, 0xF5, 0xEB, 0x15, 0xD7, 0x88, 0x88, 0x67, 0x12, 0x91, 0xC0, 0x14, 0x22,
    0xA1, 0x29, 0x45, 0x22, 0x53, 0x89, 0xC4, 0x5F, 0xD4, 0x22, 0xE9, 0xA7, 0x8D, 0x88, 0xF9, 0xA0,
    0x43, 0xE7, 0x76, 0xE2, 0x0C, 0xCE, 0x20, 0x6E, 0xBF, 0x30, 0x78, 0xC0, 0x98, 0xC4, 0x47, 0x97,
    0x05, 0xE8, 0x8A, 0xB0, 0x96, 0xB8, 0x8C, 0x2B, 0x89, 0xEA, 0xB8, 0x94, 0xB0, 0xCE, 0x0B, 0x09,
    0x5A, 0x59, 0xB9, 0x8E, 0xD1, 0xF0, 0xA8, 0x88, 0x8E, 0xA6, 0xAF, 0x04, 0x32, 0x25, 0xFF, 0x12,
    0x92, 0x06, 0x0C, 0x6A, 0x92, 0xE8, 0x1F, 0x26, 0x5B, 0x48, 0x5A, 0xC8, 0x22, 0x2F, 0x1C, 0x88,
    0x8C, 0xD0, 0xF2, 0x22, 0x2D, 0x4C, 0x92, 0x17, 0xE6, 0x9F, 0x78, 0x8D, 0xF7, 0xB1, 0xC9, 0x0B,
    0xFF, 0x04, 0x43, 0x4C, 0x57, 0x44, 0x19, 0x19, 0x94, 0x83, 0xE6, 0x18, 0x54, 0xDF, 0xEB, 0xB5,
    0xE0, 0x10, 0x8E, 0xC1, 0x57, 0x12, 0x14, 0xEC, 0xF8, 0xEA, 0x9D, 0x55, 0x95, 0x64, 0x04, 0x8E,
    0x2F, 0x7C, 0x3E, 0x1E, 0x10, 0x78, 0xA8, 0xC0, 0x5F, 0x02, 0x78, 0xFC, 0x39, 0x80, 0xE7, 0x9F,
    0x8C, 0xC0, 0x17, 0x06, 0x3A, 0x3B, 0x03, 0x80, 0xBB, 0x04, 0xEE, 0xCD, 0xC0, 0x83, 0x06, 0xC0,
    0xA3, 0x9A, 0xC0, 0x2B, 0x09, 0x9B, 0x54, 0x81, 0xC7, 0x90, 0x89, 0xB7, 0xE2, 0xD6, 0xB6, 0xF9,
    0x4B, 0x85, 0xCF, 0x20, 0x4E, 0xAE, 0x8E, 0xF8, 0x19, 0x71, 0xD1, 0x6A, 0x2E, 0x6C, 0xFB, 0xE3,
    0xA0, 0x82, 0x56, 0x6F, 0x24, 0x90, 0x46, 0xAF, 0xFD, 0x0B, 0xC3, 0xDC, 0xB9, 0xF7, 0x74, 0x15,
    0x9F, 0x43, 0x9F, 0xBA, 0xFC, 0xD6, 0xB3, 0xF8, 0x2A, 0x76, 0xB8, 0x2F, 0x7A, 0x09, 0x68, 0xF1,
    0xDF, 0x20, 0x24, 0xFD, 0x2B, 0xC4, 0xE5, 0xEF, 0xF5, 0x00, 0x09, 0x68, 0xB0, 0x99, 0xC5, 0x97,
    0xB1, 0x2B, 0xE8, 0xDD, 0x12, 0xF8, 0xA2, 0x0A, 0xDE, 0x0D, 0xEB, 0xB8, 0x06, 0x34, 0x28, 0xE2,
    0x77, 0xD6, 0x9F, 0xD4, 0xC4, 0x6B, 0xE5, 0x20, 0x28, 0x25, 0xA2, 0xF5, 0x6B, 0x71, 0xBE, 0xED,
    0xC4, 0xAF, 0xF2, 0x5B, 0x60, 0xC5, 0xA0, 0x7D, 0x44, 0xAC, 0x3F, 0xE2, 0xE3, 0x31, 0xF4, 0x7F,
    0x93, 0xB2, 0x7B, 0xBF, 0x86, 0x5E, 0xBF, 0x3F, 0x94, 0xE0, 0x15, 0xDD, 0xF3, 0x7E, 0xBB, 0xEE,
    0x46, 0x85, 0x79, 0xCA, 0x8D, 0x0A, 0x53, 0xDD, 0x48, 0x98, 0x7F, 0xA0, 0x1B, 0xDF, 0x1F, 0x61,
    0x3A, 0x33, 0x4C, 0x6F, 0x13, 0xCC, 0x4A, 0x82, 0x06, 0x30, 0x03, 0x3C, 0xF2, 0xD3, 0x51, 0x89,
    0x18, 0x72, 0xA1, 0x42, 0x04, 0x0D, 0xF2, 0x4A, 0x9C, 0x6F, 0xB6, 0x06, 0x33, 0x25, 0x2B, 0x21,
    0x12, 0x96, 0x84, 0xAE, 0xC7, 0x2E, 0x84, 0x0F, 0x7E, 0x01, 0x20, 0xF8, 0x3C, 0xFA, 0x14, 0x9F,
    0xFF, 0xD6, 0xF9, 0xF3, 0x06, 0xCA, 0x4E, 0x73, 0x55, 0xBB, 0x53, 0x73, 0x35, 0xFF, 0xA0, 0x9D,
    0xE6, 0xAA, 0xDB, 0x2F, 0xE7, 0xAA, 0x6C, 0x98, 0xAB, 0xD5, 0x3C, 0x57, 0x1B, 0x2B, 0x5E, 0x79,
    0x5B, 0xCF, 0xBC, 0x0D, 0x7F, 0x91, 0x49, 0x5A, 0x82, 0x47, 0x0D, 0xD0, 0x0F, 0xB7, 0xA3, 0xB0,
    0xC5, 0x8B, 0xCB, 0x6F, 0x1E, 0xD2, 0x3F, 0xB0, 0xEE, 0x5D, 0xBF, 0x9A, 0x24, 0x7E, 0x9F, 0xDD,
    0x73, 0x19, 0xFD, 0x18, 0x7C, 0x4D, 0xEF, 0x3D, 0x6E, 0xD7, 0xC9, 0x9C, 0xCD, 0x64, 0x2E, 0xE9,
    0xEA, 0x89, 0xCC, 0xE1, 0xD7, 0x4A, 0x66, 0xC8, 0x8B, 0x95, 0xCC, 0x8F, 0xA1, 0xA8, 0xC1, 0x0F,
    0x70, 0x9B, 0xC4, 0x99, 0xC9, 0xEC, 0xA9, 0x97, 0x5B, 0xCC, 0x53, 0xC0, 0x0F, 0x9A, 0x48, 0xC9,
    0x5C, 0x59, 0x32, 0x8B, 0xD3, 0x87, 0x34, 0x92, 0x04, 0xAB, 0x63, 0x86, 0xB0, 0x32, 0xD0, 0x2F,
    0x4C, 0x0B, 0xE7, 0x0C, 0x5B, 0xF0, 0xF6, 0x9B, 0x9C, 0xBE, 0x3D, 0x4D, 0xA0, 0xEE, 0xFD, 0x23,
    0x10, 0x7C, 0xBC, 0xB8, 0xC8, 0xBD, 0xFB, 0x0D, 0xC5, 0x07, 0x0C, 0xA7, 0x57, 0x9C, 0xC8, 0x5B,
    0x09, 0xD3, 0x0B, 0x99, 0x82, 0x33, 0xE7, 0x97, 0xA8, 0x22, 0xB3, 0x39, 0x1E, 0x79, 0x84, 0xCD,
    0xFB, 0x7D, 0xDA, 0x43, 0x8D, 0xB7, 0xBC, 0x3C, 0xA3, 0x66, 0xE4, 0xF3, 0xB4, 0x65, 0xC8, 0xFB,
    0x62, 0x5A, 0x2B, 0x7D, 0x89, 0xC7, 0xF2, 0xFB, 0xB0, 0x96, 0xF1, 0x1B, 0xF8, 0xCE, 0xEB, 0x60,
    0x23, 0x58, 0xCB, 0xED, 0x00, 0x94, 0x36, 0x12, 0xDA, 0x28, 0x09, 0x69, 0xAD, 0xA8, 0x02, 0x0C,
    0x28, 0x19, 0x97, 0x40, 0x13, 0xD5, 0x90, 0x01, 0xD3, 0xC9, 0x21, 0x14, 0x6B, 0x6D, 0x88, 0x45,
    0x84, 0x95, 0xB7, 0x46, 0xD6, 0x16, 0x8F, 0xC4, 0xAD, 0x60, 0x75, 0xD3, 0x2A, 0x2B, 0x6E, 0xCD,
    0x86, 0x25, 0xF8, 0xA0, 0xA6, 0x2F, 0x94, 0x87, 0xBF, 0x99, 0xA4, 0xC6, 0xEF, 0x35, 0x63, 0x10,
    0xD3, 0xF5, 0xE9, 0x14, 0xFA, 0x6B, 0x46, 0xBC, 0x61, 0x19, 0xF1, 0x92, 0x4B, 0x22, 0x1E, 0xE4,
    0x3A, 0x18, 0xD9, 0xD1, 0xA5, 0x19, 0xED, 0xAD, 0x64, 0x37, 0xE8, 0x37, 0x2E, 0xD1, 0x9C, 0x70,
    0xF2, 0x03, 0x6D, 0x87, 0x8C, 0xF2, 0xF5, 0x08, 0x4D, 0xD7, 0xB1, 0x53, 0xD7, 0xEE, 0xD6, 0xEE,
    0x0D, 0x71, 0x50, 0xFC, 0x4C, 0x3F, 0xFE, 0x6E, 0xF6, 0x13, 0xF1, 0xAA, 0xDE, 0x9A, 0x21, 0xDF,
    0xC2, 0x9A, 0xEE, 0x55, 0xEF, 0x42, 0xF7, 0xF6, 0x33, 0x78, 0x2E, 0x82, 0xC8, 0x9F, 0x7B, 0x93,
    0xCC, 0xF0, 0x71, 0x33, 0x86, 0x37, 0x6B, 0x9F, 0xF5, 0x6B, 0xAF, 0xB1, 0x70, 0x0D, 0x74, 0x5A,
    0xDD, 0xDE, 0xF7, 0x31, 0x2D, 0x1A, 0x51, 0x71, 0xEF, 0x7C, 0xC7, 0xFE, 0x5F, 0x42, 0xE0, 0x95,
    0x69, 0xBE, 0x85, 0xF0, 0x07, 0x35, 0xEB, 0xB9, 0x25, 0x74, 0xD3, 0x4A, 0x83, 0x2F, 0xE7, 0x76,
    0xFA, 0xBB, 0x64, 0xFD, 0xD9, 0x79, 0x8C, 0x77, 0x56, 0xC7, 0xC0, 0xDF, 0xBB, 0x78, 0xFF, 0xA0,
    0x05, 0x16, 0x93, 0xC0, 0x26, 0x65, 0xF4, 0xFA, 0x41, 0x1D, 0x17, 0x7E, 0x9B, 0x66, 0x5E, 0x97,
    0x1A, 0x63, 0x5B, 0x66, 0x43, 0x2F, 0xBE, 0xD3, 0x7B, 0x40, 0x8E, 0x84, 0xCF, 0xCC, 0x17, 0x79,
    0x1F, 0x55, 0x76, 0x2E, 0xF0, 0xAF, 0x5F, 0xC8, 0x45, 0xF3, 0x43, 0x64, 0x8B, 0xB8, 0x42, 0x8C,
    0xC7, 0x49, 0xA1, 0x09, 0x2F, 0xFE, 0x3A, 0x4B, 0xA8, 0x6B, 0xB8, 0x4E, 0x46, 0x5C, 0xC5, 0x0A,
    0x2E, 0xAE, 0x06, 0xE4, 0xCD, 0xC9, 0x3A, 0xAE, 0x45, 0xFB, 0x3D, 0x71, 0x87, 0x48, 0xFC, 0xCF,
    0x07, 0x09, 0xEE, 0x35, 0xDB, 0xD7, 0x59, 0xE7, 0x26, 0x97, 0x98, 0x93, 0x4D, 0xDC, 0xC9, 0xE2,
    0xAF, 0xF2, 0x32, 0x4F, 0xC2, 0xCA, 0xFC, 0xE9, 0xD7, 0xCB, 0xF1, 0x46, 0xB7, 0xC5, 0x5F, 0x3D,
    0x02, 0xCF, 0x4D, 0xE6, 0xE3, 0x5E, 0x9B, 0x11, 0xCA, 0x77, 0x68, 0x69, 0x1D, 0xEA, 0x00, 0x01,
    0x39, 0x7E, 0xF1, 0x44, 0x30, 0x84, 0xF7, 0xDF, 0x0E, 0x53, 0xF2, 0xE3, 0x5D, 0xE8, 0x7E, 0x6C,
    0x03, 0xFF, 0x94, 0xD3, 0x67, 0xAA, 0x87, 0xFB, 0x6D, 0x8B, 0x75, 0xD0, 0x6C, 0x01, 0x8F, 0xC7,
    0xCC, 0xAE, 0x94, 0x03, 0x26, 0xD2, 0x8F, 0x3B, 0x7C, 0xF6, 0xA1, 0xF3, 0x0D, 0x65, 0x3F, 0xDF,
    0x01, 0x96, 0xD5, 0xC4, 0x3D, 0x58, 0x26, 0xEE, 0xC0, 0xE2, 0x57, 0xC3, 0xF9, 0x58, 0x32, 0x60,
    0x49, 0x82, 0x2B, 0x60, 0xF1, 0x41, 0x48, 0x9F, 0x82, 0x52, 0x09, 0x92, 0xBB, 0x20, 0xDB, 0x67,
    0x82, 0x98, 0xE1, 0x36, 0x83, 0xBC, 0xF1, 0xE4, 0xCE, 0x2A, 0x9E, 0x66, 0x6E, 0x67, 0xF0, 0x34,
    0xCB, 0xB6, 0x19, 0xCF, 0xFC, 0xEC, 0x72, 0xD2, 0xA5, 0xEB, 0xC9, 0x79, 0x3E, 0x26, 0xE7, 0x55,
    0xBF, 0x05, 0x4C, 0x1B, 0xD2, 0x60, 0x4D, 0x09, 0x19, 0x53, 0xC0, 0x03, 0x6E, 0x7A, 0xCA, 0xE7,
    0xBB, 0x99, 0x33, 0x3A, 0xEE, 0x70, 0x4E, 0xFA, 0x7D, 0xEE, 0xE6, 0xE3, 0x7A, 0xF8, 0x0E, 0xC6,
    0x3C, 0x93, 0x73, 0xE8, 0xF5, 0xCE, 0xE6, 0xD0, 0xF9, 0xB1, 0x98, 0x09, 0x5F, 0xC0, 0x0C, 0x15,
    0x71, 0xA8, 0x1F, 0xB0, 0xA5, 0x88, 0xB3, 0x8D, 0xF1, 0x6C, 0x7B, 0x71, 0x1A, 0x29, 0x2C, 0xD7,
    0xB7, 0x58, 0x7F, 0x8F, 0x67, 0xAC, 0x85, 0xFD, 0x65, 0x66, 0x7C, 0xE1, 0x2F, 0x6E, 0x98, 0x6F,
    0xE6, 0x2C, 0x42, 0x7A, 0xD8, 0x21, 0x10, 0x03, 0x73, 0xDE, 0xF1, 0xC7, 0xDD, 0xF8, 0x73, 0x53,
    0xF9, 0xCA, 0x83, 0x8A, 0x13, 0x0B, 0xE3, 0xA0, 0x07, 0xC3, 0x9D, 0x2A, 0x68, 0x83, 0xCE, 0x6F,
    0x5D, 0x35, 0x2C, 0x4C, 0x8C, 0x9F, 0x60, 0xE3, 0x8F, 0x7D, 0xD8, 0x9F, 0xEE, 0x7E, 0xDB, 0x3C,
    0x21, 0xD0, 0xCE, 0xA6, 0x05, 0xE1, 0xF0, 0x2B, 0x53, 0xC2, 0x32, 0x71, 0xCD, 0x04, 0xAF, 0x81,
    0x3F, 0xFC, 0x16, 0xF6, 0xF3, 0x3A, 0xC3, 0xB4, 0xDB, 0x76, 0x7C, 0xAB, 0x5F, 0xE8, 0x2D, 0x7A,
    0xB3, 0x3E, 0xA6, 0x02, 0x54, 0x94, 0x15, 0x7A, 0xB5, 0x8A, 0x16, 0x39, 0xC7, 0xBC, 0x40, 0xF9,
    0x59, 0x60, 0x67, 0x41, 0x7E, 0xAE, 0x34, 0x7E, 0x16, 0xBF, 0xCE, 0xCB, 0x25, 0x3F, 0xBF, 0xBC,
    0x7C, 0xCD, 0x9D, 0x06, 0x5B, 0xAF, 0x68, 0xC5, 0x6B, 0x3A, 0xED, 0x0E, 0xF8, 0xE9, 0x8A, 0x96,
    0xB7, 0x9E, 0x1D, 0xDD, 0x10, 0xF1, 0x82, 0x71, 0x47, 0xDD, 0x0B, 0x1F, 0x2E, 0x1A, 0xEC, 0x3E,
    0xBD, 0xE1, 0x87, 0xCC, 0xF7, 0xB8, 0xF6, 0xF8, 0xF5, 0x99, 0xE4, 0xF0, 0xED, 0x21, 0x41, 0x40,
    0x40, 0x44, 0x80, 0x7A, 0x08, 0x01, 0xC3, 0x47, 0x88, 0x01, 0xB5, 0x30, 0xFD, 0x82, 0x72, 0x80,
    0x11, 0x72, 0xFA, 0x06, 0x8C, 0x01, 0x53, 0xC7, 0xB7, 0xFA, 0x85, 0xDE, 0xA2, 0x37, 0x87, 0xFD,
    0x47, 0x5A, 0xF9, 0x19, 0xAC, 0x28, 0x15, 0x8A, 0xEB, 0x67, 0x68, 0xBD, 0x6E, 0xC4, 0x0E, 0xFC,
    0x6A, 0xDE, 0x08, 0x0F, 0x20, 0x63, 0x9D, 0x6F, 0x03, 0xEB, 0x5A, 0x45, 0x6B, 0xC1, 0x8A, 0x96,
    0x67, 0xEE, 0x1D, 0x62, 0xCB, 0xC6, 0x0D, 0xAB, 0xDB, 0x9E, 0xC5, 0xBA, 0x3B, 0x12, 0x9F, 0x53,
    0xD6, 0xDA, 0x1E, 0x56, 0x0D, 0x6D, 0xF1, 0x54, 0xD6, 0x7A, 0xE6, 0x62, 0xF9, 0x18, 0xBC, 0xC2,
    0xEE, 0xD5, 0xE3, 0x2F, 0x14, 0x70, 0xB3, 0x27, 0xAC, 0xBC, 0x98, 0x0F, 0xAE, 0xAE, 0x9C, 0x9F,
    0x64, 0xDC, 0xC8, 0xD8, 0xC2, 0xCE, 0x16, 0xF0, 0x86, 0xD5, 0xEF, 0x58, 0x7D, 0xC0, 0x90, 0x7F,
    0x89, 0xAA, 0xB3, 0x31, 0xC2, 0x56, 0x29, 0x8A, 0x71, 0x07, 0x73, 0xCA, 0xD5, 0x3B, 0x45, 0xEE,
    0x0C, 0x76, 0x3D, 0xF7, 0x5F, 0xAC, 0x8C, 0x19, 0x9C, 0x5F, 0xD6, 0xBA, 0x99, 0xB7, 0x8F, 0xA7,
    0x18, 0x18, 0xBE, 0x2A, 0xC7, 0xF2, 0xE3, 0xFE, 0xA8, 0x7C, 0xBD, 0xB2, 0x56, 0x4F, 0x86, 0xC7,
    0xDB, 0x60, 0xF8, 0x05, 0xB1, 0x7A, 0xC1, 0x70, 0xA2, 0xA5, 0x4D, 0x2D, 0x74, 0xE4, 0xC9, 0x11,
    0xCB, 0x5A, 0x54, 0x6A, 0xC1, 0xCE, 0x1D, 0xA0, 0xBA, 0xE9, 0x34, 0xC1, 0xD3, 0x52, 0x04, 0x81,
    0x25, 0x84, 0xC8, 0x32, 0x94, 0x46, 0x2B, 0xBF, 0xB9, 0xAE, 0x3D, 0xFA, 0xC9, 0x1E, 0xCF, 0xC6,
    0x1C, 0x9E, 0xE5, 0xA3, 0xE2, 0xC8, 0xE6, 0x29, 0x60, 0x60, 0x6E, 0x7A, 0xEC, 0x8E, 0x5B, 0x02,
    0x4D, 0x57, 0x81, 0xCA, 0x25, 0x40, 0x49, 0x16, 0xB5, 0x9E, 0x96, 0xC6, 0xB8, 0x35, 0x38, 0x62,
    0x95, 0x6A, 0x3F, 0x60, 0xEA, 0xB1, 0x10, 0x35, 0x68, 0x16, 0x7A, 0x7B, 0x30, 0x17, 0xAD, 0xA2,
    0x7B, 0x72, 0xCF, 0x98, 0x83, 0xCE, 0x7B, 0xE7, 0xEA, 0x43, 0x39, 0x48, 0x6E, 0xE9, 0xA2, 0xE2,
    0x5D, 0x08, 0x7C, 0xCD, 0xE8, 0x93, 0x36, 0x47, 0xD2, 0xF9, 0x7F, 0xDF, 0x84, 0xA5, 0xDE, 0x36,
    0x16, 0xC7, 0xB0, 0x9E, 0xAA, 0xFB, 0x0E, 0xA3, 0xC3, 0xE5, 0x66, 0xB8, 0xA9, 0x57, 0x8E, 0x46,
    0x29, 0x7B, 0xF2, 0xC0, 0x25, 0x01, 0xC3, 0xEA, 0xB3, 0x05, 0xAA, 0x6D, 0x0E, 0x10, 0x46, 0x75,
    0xBE, 0x62, 0x4B, 0x6C, 0xCB, 0xB1, 0x21, 0x88, 0x5F, 0x3F, 0x68, 0x30, 0x46, 0xED, 0x33, 0x5D,
    0xCE, 0x4F, 0x2E, 0x19, 0x23, 0x2E, 0x2E, 0x6C, 0xC9, 0xB2, 0x60, 0x95, 0x6A, 0xC1, 0x2A, 0xE5,
    0x08, 0xC5, 0xB9, 0x1B, 0x98, 0x29, 0x66, 0xB2, 0x28, 0x13, 0xB6, 0xA3, 0xA1, 0x3A, 0xCD, 0xD8,
    0xE7, 0x4D, 0xD4, 0xB6, 0x70, 0xE5, 0xB6, 0xF0, 0xA0, 0xA9, 0x83, 0x5B, 0xAD, 0x17, 0x97, 0x6E,
    0x82, 0xEB, 0x84, 0xB8, 0x1E, 0x4E, 0xDE, 0xD5, 0xE5, 0xD7, 0x2F, 0xE5, 0xE9, 0xEC, 0x6E, 0xFB,
    0x29, 0x8B, 0xC3, 0x35, 0xBB, 0x12, 0x5D, 0xAF, 0x68, 0xAE, 0xD4, 0x25, 0x53, 0x07, 0x2C, 0x9D,
    0x10, 0x0C, 0x97, 0x93, 0x5A, 0x14, 0xCE, 0xE8, 0xA7, 0x43, 0x5B, 0x55, 0x67, 0x50, 0xE6, 0x91,
    0x42, 0x9C, 0xDC, 0x19, 0x33, 0xF7, 0x1C, 0x4A, 0xF7, 0x68, 0xED, 0xD5, 0x01, 0xE5, 0x16, 0x10,
    0x8F, 0x82, 0x45, 0x67, 0x9F, 0x26, 0x30, 0x61, 0xB1, 0x47, 0x40, 0x5C, 0xE0, 0xE8, 0x18, 0x8F,
    0x55, 0xB9, 0x5E, 0x8B, 0x20, 0xB7, 0x07, 0x34, 0xD3, 0xCB, 0xF2, 0x6B, 0x89, 0x04, 0x14, 0x5B,
    0xBE, 0x56, 0x54, 0xCD, 0x6E, 0xDC, 0x74, 0x96, 0x77, 0xF1, 0xCD, 0x51, 0x8D, 0xBC, 0x7B, 0xEE,
    0x27, 0xBA, 0xB3, 0x17, 0xF7, 0xDF, 0xBD, 0xFC, 0x72, 0x8F, 0x94, 0x93, 0xB1, 0x48, 0xA2, 0xB6,
    0x9C, 0x30, 0x0C, 0x37, 0xF5, 0xCC, 0xD3, 0xBD, 0x6A, 0xBE, 0x12, 0xD7, 0x34, 0xA0, 0x69, 0x64,
    0xB3, 0xAF, 0xC6, 0xCD, 0xF0, 0x9D, 0x5B, 0x3B, 0xE6, 0xA2, 0x40, 0x17, 0x28, 0x15, 0x39, 0x7A,
    0x58, 0x8E, 0x5B, 0x18, 0x59, 0x3F, 0xA7, 0x45, 0xFE, 0x1C, 0xF3, 0xFF, 0x21, 0x4C, 0x11, 0xB4,
    0x0B, 0x84, 0xFD, 0x0E, 0x4B, 0x88, 0x3B, 0xF8, 0x3D, 0x16, 0xB0, 0xFB, 0x3C, 0x7D, 0x7F, 0x55,
    0x8F, 0xC7, 0x91, 0x91, 0x3D, 0x9C, 0xA2, 0x94, 0x61, 0x3A, 0xE5, 0xBB, 0xB8, 0xE3, 0xF1, 0x63,
    0x33, 0x9E, 0x13, 0x9B, 0xB1, 0xFC, 0x36, 0x65, 0xAB, 0x45, 0x58, 0xC7, 0x05, 0x4F, 0xED, 0xE3,
    0x32, 0xAC, 0xE2, 0x82, 0x4B, 0x21, 0x56, 0x42, 0xCC, 0x43, 0x8E, 0xCE, 0xC1, 0x79, 0x2E, 0xC2,
    0xA3, 0xA9, 0xC6, 0xEE, 0x77, 0xB8, 0x03, 0xE3, 0x66, 0x33, 0xCD, 0x54, 0x87, 0x00, 0x2A, 0xF0,
    0xA4, 0x3F, 0xE5, 0xC1, 0x48, 0x54, 0xE3, 0x6F, 0xD0, 0x0A, 0x0F, 0x65, 0x1C, 0xBA, 0xD2, 0xE3,
    0x7E, 0xF8, 0x3E, 0x4F, 0x8D, 0xAC, 0xF6, 0xD5, 0x4D, 0xB4, 0xBF, 0x7C, 0x79, 0x8D, 0x4B, 0xBF,
    0x8B, 0xAA, 0xA0, 0x09, 0xEB, 0xB0, 0x0E, 0x9A, 0xA8, 0xE2, 0xB2, 0xE3, 0x76, 0x29, 0x5A, 0x9E,
    0x2C, 0x40, 0x50, 0xD1, 0x25, 0x14, 0xE8, 0x63, 0xDE, 0xDC, 0xDA, 0xC4, 0x93, 0x15, 0x1E, 0xD8,
    0xDC, 0x37, 0x2F, 0x2A, 0xDF, 0xF8, 0x2D, 0x0B, 0x3D, 0xB6, 0x06, 0x3B, 0x1D, 0x0A, 0x58, 0x0D,
    0xCC, 0x44, 0x76, 0xDB, 0x3D, 0x5C, 0x55, 0x27, 0x2F, 0xF1, 0xAB, 0x2E, 0x0B, 0x1B, 0xC7, 0x24,
    0x7E, 0xE7, 0xF1, 0xE8, 0x28, 0xE0, 0xE9, 0x60, 0xC8, 0x33, 0xA5, 0x7C, 0xE9, 0xB2, 0xEC, 0x9A,
    0xA0, 0xA7, 0x45, 0x71, 0x3E, 0xA9, 0x58, 0x2E, 0x8A, 0x70, 0x52, 0xC3, 0x53, 0xD6, 0xB0, 0x06,
    0xE6, 0x1A, 0xD8, 0x1B, 0x45, 0x9B, 0x71, 0x19, 0x5C, 0xF4, 0x44, 0xDB, 0xB3, 0x9C, 0x66, 0x91,
    0xC6, 0xCD, 0x88, 0xB6, 0xD2, 0x2D, 0x2B, 0xFF, 0x4B, 0x80, 0x47, 0xDC, 0xC4, 0x09, 0x3A, 0x72,
    0xE1, 0xF8, 0x4F, 0xCD, 0x2C, 0x0F, 0xAF, 0x8E, 0x83, 0x6C, 0x1D, 0x5B, 0x5A, 0x59, 0x6C, 0xA0,
    0x63, 0x32, 0xD1, 0xB1, 0xDB, 0x40, 0xC7, 0xEC, 0xFA, 0x0E, 0x5D, 0xE8, 0x99, 0xE9, 0xB0, 0x42,
    0x43, 0x24, 0x58, 0xA4, 0x62, 0x15, 0x57, 0x24, 0x64, 0x50, 0xA7, 0xA0, 0x61, 0x9E, 0x30, 0x1F,
    0x73, 0xFB, 0x61, 0xA4, 0x61, 0x77, 0x8A, 0x86, 0xD8, 0x71, 0x32, 0x35, 0x63, 0x41, 0x66, 0xA4,
    0xE1, 0xFF, 0x00, 0x95, 0x51, 0xBB, 0x6D, 0xC3, 0x30, 0x10, 0x7D, 0x26, 0x0B, 0x17, 0x2A, 0x38,
    0x80, 0x0B, 0x6D, 0x20, 0x2D, 0x60, 0x5B, 0xEA, 0x33, 0x40, 0x96, 0x31, 0x40, 0x22, 0x4D, 0x0A,
    0x2F, 0x94, 0x2A, 0x24, 0xE0, 0x01, 0x2C, 0x78, 0x02, 0x21, 0xC8, 0x00, 0x2C, 0x14, 0x80, 0x05,
    0x2D, 0xE6, 0x8E, 0x92, 0x10, 0xE7, 0x87, 0x20, 0xC2, 0xF1, 0xF0, 0xF8, 0x1E, 0xDF, 0x89, 0x77,
    0x04, 0x52, 0xFE, 0x80, 0x19, 0x4C, 0x78, 0xD9, 0xBA, 0xDB, 0xAC, 0xDA, 0x12, 0x7B, 0x6C, 0x61,
    0x5B, 0x62, 0x9C, 0x35, 0x15, 0x2A, 0x58, 0xC3, 0x58, 0x9B, 0x12, 0x35, 0x76, 0x38, 0xFC, 0xC0,
    0xA8, 0x76, 0x28, 0x57, 0x7E, 0x2F, 0xFB, 0xAD, 0x74, 0xF6, 0x6E, 0x48, 0xE7, 0x48, 0x61, 0x8F,
    0xA1, 0x12, 0x3D, 0x05, 0x81, 0x89, 0xD1, 0x8F, 0x81, 0x8E, 0xD5, 0xC2, 0xEF, 0x64, 0x77, 0x58,
    0xBB, 0xAF, 0x12, 0x3E, 0x24, 0x34, 0x0E, 0xB7, 0x8B, 0xAE, 0xE6, 0x97, 0x05, 0xFD, 0x59, 0xFB,
    0xCF, 0xFA, 0xAD, 0xCE, 0x5F, 0xF5, 0x8B, 0x80, 0x26, 0xC1, 0x26, 0x93, 0x07, 0xC5, 0x41, 0x98,
    0x18, 0xE2, 0x2B, 0x3C, 0x51, 0x1F, 0x0F, 0x63, 0x11, 0xD2, 0x29, 0xA9, 0x98, 0x51, 0x85, 0x20,
    0x7A, 0x31, 0x92, 0xB5, 0xE5, 0x31, 0x97, 0xA9, 0xC3, 0x73, 0x1E, 0xB8, 0x4E, 0xC3, 0x2A, 0x66,
    0x64, 0xEF, 0x83, 0x1C, 0x32, 0x8A, 0x88, 0x45, 0xBF, 0xA0, 0xD2, 0x2D, 0xEA, 0x64, 0x65, 0xC7,
    0xB8, 0x79, 0x45, 0xDD, 0x53, 0x95, 0x4B, 0xD4, 0xD7, 0x55, 0xBA, 0x42, 0x8C, 0xEB, 0x21, 0x25,
    0x99, 0x5F, 0x51, 0xBD, 0x5C, 0xF5, 0xF1, 0x4D, 0x1B, 0xA0, 0x3E, 0x0D, 0xE5, 0xB9, 0xE3, 0x02,
    0x5A, 0x7A, 0x75, 0x76, 0x8A, 0xD0, 0x28, 0xFD, 0xC4, 0xC9, 0x28, 0xE6, 0x73, 0x85, 0xC7, 0xEC,
    0x2D, 0x3B, 0x4C, 0xF5, 0xB8, 0xC3, 0x4D, 0xCF, 0xFF, 0x40, 0x6A, 0x25, 0x75, 0x15, 0xA1, 0x06,
    0x34, 0x1E, 0xD6, 0x71, 0x10, 0xA0, 0x2D, 0x91, 0x24, 0xD1, 0x81, 0xEF, 0x0C, 0x92, 0x99, 0x5D,
    0x61, 0x76, 0xF1, 0xC5, 0x39, 0x51, 0x6D, 0x88, 0x40, 0x69, 0xED, 0xF9, 0xAE, 0x1D, 0xA5, 0xC6,
    0x70, 0x7F, 0x53, 0xBB, 0x80, 0x64, 0xB1, 0x60, 0x31, 0x77, 0x9E, 0x9B, 0xE6, 0x51, 0xE5, 0x29,
    0xE5, 0x01, 0x29, 0x9E, 0x4D, 0x9D, 0x45, 0x36, 0xBD, 0x03, 0x63, 0xA8, 0x63, 0x60, 0xFC, 0xC7,
    0xC0, 0xFC, 0x8F, 0x81, 0x7F, 0x1F, 0x83, 0xBD, 0x1D, 0xC3, 0xDE, 0x7A, 0x87, 0xFF, 0xFF, 0x0F,
    0x00, 0x11, 0x83, 0x1D, 0x03, 0x10, 0x01, 0x00, 0x55, 0x8C, 0xBB, 0x11, 0xC2, 0x30, 0x10, 0x44,
    0x9F, 0x4D, 0x06, 0x33, 0x5C, 0x29, 0x2E, 0x01, 0xE5, 0x14, 0x25, 0x4A, 0xA1, 0x13, 0xA9, 0x13,
    0x1C, 0x40, 0xCC, 0x05, 0x72, 0xE6, 0xF1, 0xA2, 0x53, 0x46, 0xB0, 0xC1, 0xDB, 0x1F, 0x9C, 0x9F,
    0x60, 0x8E, 0x49, 0x43, 0x58, 0x0B, 0x9E, 0x0F, 0x73, 0xD3, 0xCB, 0x6F, 0x92, 0xE7, 0xAD, 0x78,
    0xA9, 0x8B, 0x2B, 0xD9, 0x9F, 0xC2, 0xEB, 0x59, 0xEB, 0x9D, 0x66, 0xFA, 0xB6, 0x59, 0xF7, 0xBE,
    0x85, 0xCE, 0x7B, 0x08, 0xCA, 0x1B, 0x2E, 0x71, 0xDA, 0xB1, 0x52, 0x3E, 0xD9, 0xD1, 0xE3, 0x9A,
    0xE6, 0xEE, 0xB0, 0x48, 0x29, 0x7C, 0x38, 0xED, 0x03, 0x5B, 0xD4, 0x1C, 0x46, 0x3A, 0x89, 0x09,
    0x54, 0x6D, 0x25, 0x6F, 0x79, 0x8D, 0x76, 0xED, 0x57, 0x07, 0xE3, 0xF4, 0x07, 0xAD, 0x52, 0x3B,
    0x4E, 0xC3, 0x40, 0x10, 0x7D, 0x4E, 0x94, 0xB8, 0x70, 0xE1, 0x06, 0x21, 0xA4, 0x14, 0xB9, 0x00,
    0x92, 0x8F, 0xB0, 0x7B, 0x04, 0x17, 0x71, 0x4D, 0x6E, 0xE0, 0x86, 0x12, 0xC9, 0xEE, 0x68, 0x29,
    0xA0, 0xA7, 0xCE, 0x0D, 0x68, 0x58, 0x1F, 0xC1, 0x0D, 0xBD, 0x8B, 0xA4, 0xDF, 0x22, 0x08, 0x2B,
    0xF2, 0xEE, 0x30, 0xB3, 0x8E, 0xA5, 0x40, 0x43, 0xC3, 0x6A, 0x67, 0x64, 0xCF, 0xE7, 0xCD, 0x9B,
    0x99, 0x05, 0x80, 0x88, 0x6A, 0x96, 0x9E, 0x85, 0xC6, 0x1F, 0x64, 0x0D, 0x90, 0xB6, 0x11, 0x3D,
    0x76, 0x29, 0x7D, 0x59, 0x45, 0x64, 0xAB, 0x03, 0x59, 0xAA, 0x95, 0x25, 0xAC, 0x45, 0x3A, 0xD2,
    0x59, 0x5B, 0xB5, 0xA6, 0x61, 0x9F, 0x4E, 0xC9, 0x63, 0x46, 0x47, 0x60, 0x81, 0x70, 0x88, 0xE8,
    0x38, 0x89, 0xC3, 0xFC, 0xDF, 0x64, 0x83, 0x28, 0xFF, 0x8D, 0x4F, 0x1F, 0x45, 0xAE, 0x3A, 0x60,
    0xCD, 0xE5, 0xE3, 0x01, 0xCC, 0x83, 0x03, 0x0C, 0xD3, 0x17, 0x63, 0xDA, 0x8F, 0x92, 0xD9, 0x60,
    0x8B, 0x48, 0x63, 0xEE, 0x46, 0x93, 0x1A, 0x4D, 0x3F, 0xB0, 0x8A, 0xA2, 0xC8, 0x45, 0xF8, 0xDB,
    0x4E, 0x82, 0x8B, 0x53, 0x35, 0x52, 0x9C, 0x65, 0xC6, 0x20, 0x88, 0x19, 0x05, 0xA9, 0x04, 0xA8,
    0x56, 0x6A, 0xD6, 0x67, 0xE7, 0x9C, 0x59, 0x20, 0x61, 0x3A, 0x3C, 0x29, 0x71, 0x4A, 0x92, 0xD1,
    0x3C, 0x58, 0x3F, 0x39, 0x53, 0x71, 0x66, 0xDD, 0x84, 0xC8, 0x31, 0x9A, 0x1A, 0x6A, 0x4C, 0x93,
    0x61, 0x4A, 0x50, 0x82, 0x56, 0x69, 0x49, 0xC5, 0x19, 0x37, 0xE4, 0x87, 0xCA, 0x01, 0x24, 0xA8,
    0xC0, 0x21, 0xD4, 0x62, 0x22, 0xD4, 0x8B, 0x1A, 0xD6, 0x1D, 0xC8, 0x65, 0x2D, 0x76, 0x24, 0x48,
    0xA6, 0x62, 0x24, 0xC5, 0x8D, 0xB3, 0x12, 0x4A, 0xA2, 0x52, 0x41, 0x8A, 0x05, 0x29, 0xDA, 0x70,
    0x7A, 0x3F, 0xF3, 0xEC, 0xBC, 0x63, 0x02, 0xDC, 0x70, 0xE7, 0x62, 0x17, 0x5B, 0x1F, 0xFB, 0xD8,
    0x86, 0xDF, 0xE0, 0x08, 0x21, 0x48, 0x3A, 0xA8, 0x01, 0xEF, 0x03, 0xDC, 0x3D, 0x1C, 0xA2, 0xBF,
    0x2E, 0xC6, 0x3B, 0xE0, 0x6D, 0x80, 0xEF, 0x61, 0x2C, 0xB2, 0x1A, 0x49, 0x7B, 0x03, 0xE5, 0x2A,
    0x30, 0x36, 0xBC, 0xF1, 0xB8, 0xE5, 0x0E, 0x96, 0xFA, 0x0A, 0xAA, 0x57, 0xA8, 0xD8, 0x26, 0xF6,
    0x87, 0x44, 0x5A, 0x93, 0xDE, 0x17, 0xF9, 0x38, 0x0E, 0x53, 0x5F, 0xAE, 0xA4, 0x28, 0x0F, 0xB9,
    0x98, 0x2F, 0x6D, 0xE5, 0x69, 0xF7, 0x2A, 0x13, 0x3D, 0x0F, 0x54, 0xCE, 0x16, 0x28, 0x6D, 0x64,
    0xF8, 0xE9, 0x86, 0x98, 0x67, 0xD0, 0xA7, 0xAC, 0xDB, 0xE7, 0x2B, 0x59, 0xEB, 0xB5, 0xAC, 0x76,
    0x69, 0x79, 0xDD, 0xDB, 0x4B, 0x9C, 0x27, 0x19, 0xF6, 0x5E, 0xE2, 0xF6, 0xC2, 0xA5, 0x8B, 0x4A,
    0x8E, 0x5B, 0x18, 0xBB, 0x0A, 0x7E, 0xAF, 0xF9, 0xE2, 0xC4, 0xD4, 0x5E, 0x7E, 0x3D, 0x93, 0x6F,
    0xA5, 0x51, 0xCB, 0x0D, 0xC2, 0x30, 0x0C, 0x75, 0xD4, 0x43, 0x8F, 0xD9, 0x04, 0x46, 0x80, 0x8D,
    0x3A, 0x02, 0x1D, 0x81, 0x71, 0xB8, 0x25, 0x15, 0x1B, 0xD0, 0x45, 0x7C, 0xC8, 0x81, 0x48, 0xA1,
    0x0F, 0xDB, 0x6D, 0x15, 0xD1, 0x0B, 0x15, 0x58, 0xF2, 0x7B, 0x52, 0x3F, 0xF6, 0x7B, 0xCF, 0x2E,
    0xC4, 0x8E, 0x5B, 0x0C, 0x60, 0x8F, 0xBB, 0x40, 0x6E, 0xA6, 0xB3, 0xE7, 0xA6, 0x90, 0x01, 0xA4,
    0xB8, 0x82, 0x4F, 0xCD, 0x8B, 0xEA, 0xDB, 0xBD, 0x20, 0x75, 0x73, 0x61, 0x9C, 0x5A, 0x8C, 0xF0,
    0x78, 0x4C, 0x3E, 0xD3, 0xD3, 0x33, 0x91, 0xB6, 0x8C, 0x2D, 0x6B, 0xCB, 0xF8, 0xA2, 0x3F, 0xEC,
    0x69, 0x17, 0x22, 0x51, 0x0B, 0x01, 0xD1, 0x2D, 0x7B, 0xF2, 0xC7, 0x46, 0xE8, 0xB3, 0x0A, 0x3A,
    0xF8, 0xBB, 0x50, 0x33, 0x2E, 0x26, 0xD9, 0x29, 0xD0, 0x85, 0x55, 0x38, 0x1D, 0x48, 0x56, 0x75,
    0x09, 0xBD, 0x86, 0x94, 0x10, 0x35, 0xA6, 0x14, 0x7A, 0x0B, 0xEA, 0xB4, 0xFA, 0x5B, 0x08, 0x56,
    0x1B, 0xB2, 0xD0, 0xB0, 0xE8, 0xFA, 0x97, 0x54, 0x0B, 0xAB, 0x71, 0x39, 0x98, 0x59, 0x97, 0xCB,
    0x90, 0x69, 0xD9, 0x7E, 0x39, 0x5F, 0x6D, 0x43, 0x3F, 0x6A, 0xB9, 0xCE, 0x64, 0xC1, 0x53, 0x98,
    0xE9, 0x58, 0xDE, 0xDB, 0xB5, 0x6A, 0xF5, 0x02, 0x06, 0xF6, 0x29, 0x0C, 0x5C, 0x1D, 0x0C, 0x4A,
    0x8D, 0x0C, 0x42, 0x4D, 0x0C, 0x4D, 0x0D, 0x8D, 0x4E, 0x0D, 0x4E, 0x4C, 0x0D, 0x1A, 0x4C, 0x0D,
    0x12, 0x60, 0x32, 0x88, 0x09, 0x28, 0x02, 0x14, 0x07, 0xCA, 0x02, 0xD5, 0x00, 0x55, 0x02, 0xD5,
    0xEF, 0x5A, 0xB5, 0x1A, 0x00,
};

static const EpdGlyph lexica_13_boldGlyphs[] = {
    { 0, 0, 0, 0, 0, 0, 0 }, // U+000D
    { 0, 0, 139, 0, 0, 0, 0 }, // U+0020
    { 5, 18, 123, 1, 18, 23, 0 }, // !
    { 8, 6, 178, 1, 18, 12, 23 }, // "
    { 21, 18, 339, 0, 18, 95, 35 }, // #
    { 17, 23, 268, 0, 21, 98, 130 }, // $
    { 25, 18, 423, 1, 18, 113, 228 }, // %
    { 18, 20, 304, 1, 20, 90, 341 }, // &
    { 3, 6, 96, 1, 18, 5, 431 }, // '
    { 9, 22, 159, 1, 18, 50, 436 }, // (
    { 10, 22, 159, 0, 18, 55, 486 }, // )
    { 10, 9, 188, 1, 18, 23, 541 }, // *
    { 14, 14, 268, 1, 14, 49, 564 }, // +
    { 5, 9, 105, 1, 5, 12, 613 }, // ,
    { 9, 4, 162, 1, 9, 9, 625 }, // -
    { 5, 5, 105, 1, 5, 7, 634 }, // .
    { 12, 18, 191, 0, 18, 54, 641 }, // /
    { 16, 18, 282, 1, 18, 72, 695 }, // 0
    { 9, 18, 194, 1, 18, 41, 767 }, // 1
    { 14, 18, 254, 1, 18, 63, 808 }, // 2
    { 15, 18, 262, 1, 18, 68, 871 }, // 3
    { 15, 18, 271, 1, 18, 68, 939 }, // 4
    { 15, 18, 265, 1, 18, 68, 1007 }, // 5
    { 15, 18, 274, 1, 18, 68, 1075 }, // 6
    { 14, 18, 235, 1, 18, 63, 1143 }, // 7
    { 15, 18, 271, 1, 18, 68, 1206 }, // 8
    { 14, 18, 243, 1, 18, 63, 1274 }, // 9
    { 5, 14, 105, 1, 14, 18, 1337 }, // :
    { 5, 18, 105, 1, 14, 23, 1355 }, // ;
    { 14, 15, 248, 1, 14, 53, 1378 }, // <
    { 14, 9, 268, 1, 12, 32, 1431 }, // =
    { 14, 15, 248, 1, 14, 53, 1463 }, // >
    { 15, 18, 266, 1, 18, 68, 1516 }, // ?
    { 19, 18, 327, 1, 18, 86, 1584 }, // @
    { 19, 18, 299, 0, 18, 86, 1670 }, // A
    { 16, 18, 277, 1, 18, 72, 1756 }, // B
    { 17, 18, 292, 1, 18, 77, 1828 }, // C
    { 17, 18, 297, 1, 18, 77, 1905 }, // D
    { 14, 18, 251, 1, 18, 63, 1982 }, // E
    { 13, 18, 236, 1, 18, 59, 2045 }, // F
    { 18, 18, 312, 1, 18, 81, 2104 }, // G
    { 16, 18, 294, 1, 18, 72, 2185 }, // H
    { 9, 18, 199, 2, 18, 41, 2257 }, // I
    { 15, 18, 243, 0, 18, 68, 2298 }, // J
    { 17, 18, 286, 1, 18, 77, 2366 }, // K
    { 13, 18, 233, 1, 18, 59, 2443 }, // L
    { 21, 18, 365, 1, 18, 95, 2502 }, // M
    { 17, 18, 303, 1, 18, 77, 2597 }, // N
    { 19, 18, 331, 1, 18, 86, 2674 }, // O
    { 15, 18, 271, 1, 18, 68, 2760 }, // P
    { 21, 20, 338, 1, 18, 105, 2828 }, // Q
    { 16, 18, 283, 1, 18, 72, 2933 }, // R
    { 17, 18, 268, 0, 18, 77, 3005 }, // S
    { 16, 18, 267, 1, 18, 72, 3082 }, // T
    { 16, 18, 287, 1, 18, 72, 3154 }, // U
    { 18, 18, 284, 0, 18, 81, 3226 }, // V
    { 24, 18, 383, 0, 18, 108, 3307 }, // W
    { 19, 18, 303, 0, 18, 86, 3415 }, // X
    { 19, 18, 298, 0, 18, 86, 3501 }, // Y
    { 15, 18, 269, 1, 18, 68, 3587 }, // Z
    { 7, 22, 144, 1, 18, 39, 3655 }, // [
    { 12, 18, 191, 0, 18, 54, 3694 }, // <backslash>
    { 7, 22, 144, 0, 18, 39, 3748 }, // ]
    { 14, 10, 255, 1, 19, 35, 3787 }, // ^
    { 11, 4, 186, 1, 0, 11, 3822 }, // _
    { 6, 4, 136, 1, 20, 6, 3833 }, // `
    { 14, 14, 240, 1, 14, 49, 3839 }, // a
    { 14, 18, 258, 1, 18, 63, 3888 }, // b
    { 13, 14, 225, 1, 14, 46, 3951 }, // c
    { 15, 18, 258, 1, 18, 68, 3997 }, // d
    { 15, 14, 245, 1, 14, 53, 4065 }, // e
    { 9, 20, 159, 1, 20, 45, 4118 }, // f
    { 15, 20, 259, 1, 14, 75, 4163 }, // g
    { 13, 18, 248, 1, 18, 59, 4238 }, // h
    { 7, 21, 136, 1, 21, 37, 4297 }, // i
    { 8, 25, 112, -2, 21, 50, 4334 }, // j
    { 14, 18, 246, 1, 18, 63, 4384 }, // k
    { 7, 18, 134, 1, 18, 32, 4447 }, // l
    { 22, 14, 384, 1, 14, 77, 4479 }, // m
    { 13, 14, 248, 1, 14, 46, 4556 }, // n
    { 15, 14, 248, 1, 14, 53, 4602 }, // o
    { 14, 18, 258, 1, 14, 63, 4655 }, // p
    { 18, 18, 260, 1, 14, 81, 4718 }, // q
    { 9, 14, 161, 1, 14, 32, 4799 }, // r
    { 14, 14, 231, 0, 14, 49, 4831 }, // s
    { 9, 17, 164, 1, 17, 39, 4880 }, // t
    { 13, 14, 247, 1, 14, 46, 4919 }, // u
    { 15, 14, 228, 0, 14, 53, 4965 }, // v
    { 20, 14, 313, 0, 14, 70, 5018 }, // w
    { 15, 14, 231, 0, 14, 53, 5088 }, // x
    { 15, 18, 224, 0, 14, 68, 5141 }, // y
    { 13, 14, 224, 1, 14, 46, 5209 }, // z
    { 9, 22, 160, 1, 18, 50, 5255 }, // {
    { 5, 22, 101, 1, 18, 28, 5305 }, // |
    { 9, 22, 160, 0, 18, 50, 5333 }, // }
    { 12, 7, 231, 1, 11, 21, 5383 }, // ~
    { 0, 0, 139, 0, 0, 0, 0 }, // U+00A0
    { 5, 18, 123, 1, 14, 23, 0 }, // U+00A1
    { 13, 18, 225, 1, 16, 59, 23 }, // U+00A2
    { 16, 18, 267, 1, 18, 72, 82 }, // U+00A3
    { 14, 14, 258, 1, 16, 49, 154 }, // U+00A4
    { 19, 18, 298, 0, 18, 86, 203 }, // U+00A5
    { 3, 22, 94, 1, 18, 17, 289 }, // U+00A6
    { 15, 22, 250, 1, 18, 83, 306 }, // U+00A7
    { 10, 4, 196, 2, 20, 10, 389 }, // U+00A8
    { 19, 19, 346, 1, 19, 91, 399 }, // U+00A9
    { 8, 8, 171, 1, 19, 16, 490 }, // U+00AA
    { 16, 12, 290, 1, 13, 48, 506 }, // U+00AB
    { 14, 11, 268, 1, 12, 39, 554 }, // U+00AC
    { 8, 4, 152, 1, 9, 8, 593 }, // U+00AD
    { 19, 19, 346, 1, 19, 91, 601 }, // U+00AE
    { 8, 4, 175, 1, 20, 8, 692 }, // U+00AF
    { 9, 9, 175, 1, 19, 21, 700 }, // U+00B0
    { 14, 14, 268, 1, 14, 49, 721 }, // U+00B1
    { 8, 10, 176, 1, 21, 20, 770 }, // U+00B2
    { 9, 10, 179, 1, 21, 23, 790 }, // U+00B3
    { 6, 4, 136, 1, 20, 6, 813 }, // U+00B4
    { 15, 18, 256, 1, 14, 68, 819 }, // U+00B5
    { 13, 22, 223, 1, 18, 72, 887 }, // U+00B6
    { 5, 5, 130, 1, 9, 7, 959 }, // U+00B7
    { 7, 7, 139, 1, 1, 13, 966 }, // U+00B8
    { 6, 10, 126, 1, 21, 15, 979 }, // U+00B9
    { 8, 8, 177, 2, 19, 16, 994 }, // U+00BA
    { 16, 12, 290, 1, 13, 48, 1010 }, // U+00BB
    { 21, 18, 370, 1, 18, 95, 1058 }, // U+00BC
    { 21, 18, 371, 1, 18, 95, 1153 }, // U+00BD
    { 24, 19, 415, 1, 19, 114, 1248 }, // U+00BE
    { 15, 18, 266, 1, 14, 68, 1362 }, // U+00BF
    { 19, 25, 299, 0, 25, 119, 1430 }, // U+00C0
    { 19, 25, 299, 0, 25, 119, 1549 }, // U+00C1
    { 19, 25, 299, 0, 25, 119, 1668 }, // U+00C2
    { 20, 24, 299, -1, 24, 120, 1787 }, // U+00C3
    { 19, 25, 299, 0, 25, 119, 1907 }, // U+00C4
    { 19, 24, 299, 0, 24, 114, 2026 }, // U+00C5
    { 27, 18, 440, 0, 18, 122, 2140 }, // U+00C6
    { 17, 22, 292, 1, 18, 94, 2262 }, // U+00C7
    { 14, 25, 251, 1, 25, 88, 2356 }, // U+00C8
    { 14, 25, 251, 1, 25, 88, 2444 }, // U+00C9
    { 14, 25, 251, 1, 25, 88, 2532 }, // U+00CA
    { 14, 25, 251, 1, 25, 88, 2620 }, // U+00CB
    { 9, 25, 199, 2, 25, 57, 2708 }, // U+00CC
    { 9, 25, 199, 2, 25, 57, 2765 }, // U+00CD
    { 11, 25, 199, 1, 25, 69, 2822 }, // U+00CE
    { 10, 25, 199, 2, 25, 63, 2891 }, // U+00CF
    { 20, 18, 335, 1, 18, 90, 2954 }, // U+00D0
    { 17, 24, 303, 1, 24, 102, 3044 }, // U+00D1
    { 19, 25, 331, 1, 25, 119, 3146 }, // U+00D2
    { 19, 25, 331, 1, 25, 119, 3265 }, // U+00D3
    { 19, 25, 331, 1, 25, 119, 3384 }, // U+00D4
    { 19, 24, 331, 1, 24, 114, 3503 }, // U+00D5
    { 19, 25, 331, 1, 25, 119, 3617 }, // U+00D6
    { 13, 14, 234, 1, 14, 46, 3736 }, // U+00D7
    { 19, 18, 331, 1, 18, 86, 3782 }, // U+00D8
    { 16, 25, 287, 1, 25, 100, 3868 }, // U+00D9
    { 16, 25, 287, 1, 25, 100, 3968 }, // U+00DA
    { 16, 25, 287, 1, 25, 100, 4068 }, // U+00DB
    { 16, 25, 287, 1, 25, 100, 4168 }, // U+00DC
    { 19, 25, 298, 0, 25, 119, 4268 }, // U+00DD
    { 15, 18, 266, 1, 18, 68, 4387 }, // U+00DE
    { 15, 18, 269, 1, 18, 68, 4455 }, // U+00DF
    { 14, 21, 240, 1, 21, 74, 4523 }, // U+00E0
    { 14, 21, 240, 1, 21, 74, 4597 }, // U+00E1
    { 14, 21, 240, 1, 21, 74, 4671 }, // U+00E2
    { 14, 19, 240, 1, 19, 67, 4745 }, // U+00E3
    { 14, 20, 240, 1, 20, 70, 4812 }, // U+00E4
    { 14, 23, 240, 1, 23, 81, 4882 }, // U+00E5
    { 23, 14, 383, 1, 14, 81, 4963 }, // U+00E6
    { 14, 18, 225, 1, 14, 63, 5044 }, // U+00E7
    { 15, 21, 245, 1, 21, 79, 5107 }, // U+00E8
    { 15, 21, 245, 1, 21, 79, 5186 }, // U+00E9
    { 15, 21, 245, 1, 21, 79, 5265 }, // U+00EA
    { 15, 20, 245, 0, 20, 75, 5344 }, // U+00EB
    { 8, 20, 130, 0, 20, 40, 5419 }, // U+00EC
    { 8, 20, 130, 0, 20, 40, 5459 }, // U+00ED
    { 12, 20, 130, -2, 20, 60, 5499 }, // U+00EE
    { 10, 20, 130, 0, 20, 50, 5559 }, // U+00EF
    { 15, 21, 255, 1, 21, 79, 5609 }, // U+00F0
    { 13, 18, 248, 1, 18, 59, 5688 }, // U+00F1
    { 15, 21, 248, 1, 21, 79, 5747 }, // U+00F2
    { 15, 21, 248, 1, 21, 79, 5826 }, // U+00F3
    { 15, 21, 248, 1, 21, 79, 5905 }, // U+00F4
    { 15, 19, 248, 1, 19, 72, 5984 }, // U+00F5
    { 15, 20, 248, 1, 20, 75, 6056 }, // U+00F6
    { 14, 14, 257, 1, 14, 49, 6131 }, // U+00F7
    { 15, 16, 248, 1, 15, 60, 6180 }, // U+00F8
    { 13, 21, 247, 1, 21, 69, 6240 }, // U+00F9
    { 13, 21, 247, 1, 21, 69, 6309 }, // U+00FA
    { 13, 21, 247, 1, 21, 69, 6378 }, // U+00FB
    { 13, 20, 247, 1, 20, 65, 6447 }, // U+00FC
    { 15, 25, 224, 0, 21, 94, 6512 }, // U+00FD
    { 14, 22, 258, 1, 18, 77, 6606 }, // U+00FE
    { 15, 24, 224, -1, 20, 90, 6683 }, // U+00FF
    { 20, 24, 299, -1, 24, 120, 0 }, // U+0100
    { 14, 18, 240, 1, 18, 63, 120 }, // U+0101
    { 19, 24, 299, 0, 24, 114, 183 }, // U+0102
    { 14, 20, 240, 1, 20, 70, 297 }, // U+0103
    { 20, 22, 299, 0, 18, 110, 367 }, // U+0104
    { 14, 18, 240, 1, 14, 63, 477 }, // U+0105
    { 17, 25, 292, 1, 25, 107, 540 }, // U+0106
    { 13, 21, 225, 1, 21, 69, 647 }, // U+0107
    { 17, 25, 292, 1, 25, 107, 716 }, // U+0108
    { 13, 21, 225, 1, 21, 69, 823 }, // U+0109
    { 18, 25, 292, 1, 25, 113, 892 }, // U+010A
    { 14, 20, 225, 1, 20, 70, 1005 }, // U+010B
    { 17, 25, 292, 1, 25, 107, 1075 }, // U+010C
    { 13, 20, 225, 1, 20, 65, 1182 }, // U+010D
    { 17, 25, 297, 1, 25, 107, 1247 }, // U+010E
    { 19, 18, 279, 1, 18, 86, 1354 }, // U+010F
    { 20, 18, 335, 1, 18, 90, 1440 }, // U+0110
    { 16, 20, 274, 1, 20, 80, 1530 }, // U+0111
    { 14, 24, 251, 1, 24, 84, 1610 }, // U+0112
    { 15, 18, 245, 1, 18, 68, 1694 }, // U+0113
    { 14, 24, 251, 1, 24, 84, 1762 }, // U+0114
    { 15, 20, 245, 1, 20, 75, 1846 }, // U+0115
    { 14, 25, 251, 1, 25, 88, 1921 }, // U+0116
    { 15, 20, 245, 1, 20, 75, 2009 }, // U+0117
    { 14, 22, 251, 1, 18, 77, 2084 }, // U+0118
    { 15, 18, 245, 0, 14, 68, 2161 }, // U+0119
    { 14, 25, 251, 1, 25, 88, 2229 }, // U+011A
    { 15, 20, 245, 1, 20, 75, 2317 }, // U+011B
    { 18, 25, 312, 1, 25, 113, 2392 }, // U+011C
    { 15, 26, 259, 1, 20, 98, 2505 }, // U+011D
    { 18, 25, 312, 1, 25, 113, 2603 }, // U+011E
    { 15, 26, 259, 1, 20, 98, 2716 }, // U+011F
    { 18, 25, 312, 1, 25, 113, 2814 }, // U+0120
    { 15, 26, 259, 1, 20, 98, 2927 }, // U+0121
    { 18, 25, 312, 1, 18, 113, 3025 }, // U+0122
    { 15, 28, 259, 1, 22, 105, 3138 }, // U+0123
    { 16, 25, 294, 1, 25, 100, 3243 }, // U+0124
    { 17, 25, 248, -3, 25, 107, 3343 }, // U+0125
    { 19, 18, 321, 1, 18, 86, 3450 }, // U+0126
    { 16, 19, 273, 1, 19, 76, 3536 }, // U+0127
    { 11, 24, 199, 1, 24, 66, 3612 }, // U+0128
    { 10, 18, 130, -1, 18, 45, 3678 }, // U+0129
    { 9, 24, 199, 2, 24, 54, 3723 }, // U+012A
    { 8, 18, 130, 1, 18, 36, 3777 }, // U+012B
    { 10, 24, 199, 2, 24, 60, 3813 }, // U+012C
    { 10, 20, 130, -1, 20, 50, 3873 }, // U+012D
    { 9, 22, 199, 2, 18, 50, 3923 }, // U+012E
    { 7, 26, 136, 0, 22, 46, 3973 }, // U+012F
    { 9, 25, 199, 2, 25, 57, 4019 }, // U+0130
    { 8, 14, 130, 0, 14, 28, 4076 }, // U+0131
    { 25, 18, 441, 2, 18, 113, 4104 }, // U+0132
    { 14, 25, 249, 1, 21, 88, 4217 }, // U+0133
    { 18, 25, 243, 0, 25, 113, 4305 }, // U+0134
    { 12, 25, 112, -2, 21, 75, 4418 }, // U+0135
    { 17, 25, 286, 1, 18, 107, 4493 }, // U+0136
    { 15, 25, 246, 1, 18, 94, 4600 }, // U+0137
    { 14, 14, 246, 1, 14, 49, 4694 }, // U+0138
    { 13, 25, 233, 1, 25, 82, 4743 }, // U+0139
    { 7, 25, 134, 1, 25, 44, 4825 }, // U+013A
    { 13, 25, 233, 1, 18, 82, 4869 }, // U+013B
    { 8, 25, 134, 0, 18, 50, 4951 }, // U+013C
    { 13, 18, 233, 1, 18, 59, 5001 }, // U+013D
    { 9, 18, 143, 1, 18, 41, 5060 }, // U+013E
    { 13, 18, 233, 1, 18, 59, 5101 }, // U+013F
    { 11, 18, 210, 1, 18, 50, 5160 }, // U+0140
    { 15, 18, 254, 1, 18, 68, 5210 }, // U+0141
    { 9, 18, 140, 0, 18, 41, 5278 }, // U+0142
    { 17, 25, 303, 1, 25, 107, 5319 }, // U+0143
    { 13, 20, 248, 1, 20, 65, 5426 }, // U+0144
    { 17, 25, 303, 1, 18, 107, 5491 }, // U+0145
    { 13, 21, 248, 1, 14, 69, 5598 }, // U+0146
    { 17, 25, 303, 1, 25, 107, 5667 }, // U+0147
    { 13, 20, 248, 1, 20, 65, 5774 }, // U+0148
    { 19, 18, 344, 1, 18, 86, 5839 }, // U+0149
    { 17, 22, 303, 1, 18, 94, 5925 }, // U+014A
    { 13, 18, 248, 1, 14, 59, 6019 }, // U+014B
    { 19, 25, 331, 1, 25, 119, 6078 }, // U+014C
    { 15, 18, 248, 1, 18, 68, 6197 }, // U+014D
    { 19, 25, 331, 1, 25, 119, 6265 }, // U+014E
    { 15, 20, 248, 1, 20, 75, 6384 }, // U+014F
    { 19, 25, 331, 1, 25, 119, 6459 }, // U+0150
    { 15, 21, 248, 1, 21, 79, 6578 }, // U+0151
    { 27, 18, 460, 1, 18, 122, 6657 }, // U+0152
    { 25, 14, 406, 1, 14, 88, 6779 }, // U+0153
    { 16, 25, 283, 1, 25, 100, 6867 }, // U+0154
    { 9, 20, 161, 1, 20, 45, 6967 }, // U+0155
    { 16, 25, 283, 1, 18, 100, 7012 }, // U+0156
    { 11, 21, 161, -1, 14, 58, 7112 }, // U+0157
    { 16, 25, 283, 1, 25, 100, 7170 }, // U+0158
    { 12, 20, 161, 0, 20, 60, 7270 }, // U+0159
    { 17, 25, 268, 0, 25, 107, 7330 }, // U+015A
    { 14, 21, 231, 0, 21, 74, 7437 }, // U+015B
    { 17, 25, 268, 0, 25, 107, 7511 }, // U+015C
    { 14, 21, 231, 0, 21, 74, 7618 }, // U+015D
    { 17, 22, 268, 0, 18, 94, 7692 }, // U+015E
    { 14, 18, 231, 0, 14, 63, 7786 }, // U+015F
    { 17, 25, 268, 0, 25, 107, 7849 }, // U+0160
    { 14, 20, 231, 0, 20, 70, 7956 }, // U+0161
    { 16, 22, 267, 1, 18, 88, 8026 }, // U+0162
    { 9, 22, 164, 1, 18, 50, 8114 }, // U+0163
    { 16, 25, 267, 1, 25, 100, 8164 }, // U+0164
    { 11, 20, 164, 1, 20, 55, 8264 }, // U+0165
    { 16, 18, 267, 1, 18, 72, 8319 }, // U+0166
    { 9, 17, 164, 1, 17, 39, 8391 }, // U+0167
    { 16, 24, 287, 1, 24, 96, 8430 }, // U+0168
    { 13, 19, 247, 1, 19, 62, 8526 }, // U+0169
    { 16, 25, 287, 1, 25, 100, 8588 }, // U+016A
    { 13, 18, 247, 1, 18, 59, 8688 }, // U+016B
    { 16, 25, 287, 1, 25, 100, 8747 }, // U+016C
    { 13, 20, 247, 1, 20, 65, 8847 }, // U+016D
    { 16, 27, 287, 1, 27, 108, 8912 }, // U+016E
    { 13, 23, 247, 1, 23, 75, 9020 }, // U+016F
    { 16, 25, 287, 1, 25, 100, 9095 }, // U+0170
    { 13, 21, 247, 1, 21, 69, 9195 }, // U+0171
    { 16, 22, 287, 1, 18, 88, 9264 }, // U+0172
    { 13, 18, 247, 1, 14, 59, 9352 }, // U+0173
    { 24, 25, 383, 0, 25, 150, 9411 }, // U+0174
    { 20, 20, 313, 0, 20, 100, 9561 }, // U+0175
    { 19, 25, 298, 0, 25, 119, 9661 }, // U+0176
    { 15, 25, 224, 0, 21, 94, 9780 }, // U+0177
    { 19, 25, 298, 0, 25, 119, 9874 }, // U+0178
    { 15, 25, 269, 1, 25, 94, 9993 }, // U+0179
    { 13, 20, 224, 1, 20, 65, 10087 }, // U+017A
    { 15, 25, 269, 1, 25, 94, 10152 }, // U+017B
    { 13, 20, 224, 1, 20, 65, 10246 }, // U+017C
    { 15, 25, 269, 1, 25, 94, 10311 }, // U+017D
    { 13, 20, 224, 1, 20, 65, 10405 }, // U+017E
    { 9, 20, 159, 1, 20, 45, 10470 }, // U+017F
    { 20, 22, 331, 1, 22, 110, 0 }, // U+01A0
    { 16, 17, 257, 1, 17, 68, 110 }, // U+01A1
    { 19, 22, 299, 1, 22, 105, 178 }, // U+01AF
    { 16, 17, 256, 1, 17, 68, 283 }, // U+01B0
    { 33, 25, 566, 1, 25, 207, 351 }, // U+01C4
    { 31, 20, 521, 1, 20, 155, 558 }, // U+01C5
    { 29, 20, 482, 1, 20, 145, 713 }, // U+01C6
    { 28, 18, 475, 1, 18, 126, 858 }, // U+01C7
    { 19, 25, 345, 1, 21, 119, 984 }, // U+01C8
    { 13, 25, 248, 1, 21, 82, 1103 }, // U+01C9
    { 32, 18, 546, 1, 18, 144, 1185 }, // U+01CA
    { 24, 25, 415, 1, 21, 150, 1329 }, // U+01CB
    { 20, 25, 360, 1, 21, 125, 1479 }, // U+01CC
    { 19, 25, 299, 0, 25, 119, 1604 }, // U+01CD
    { 14, 20, 240, 1, 20, 70, 1723 }, // U+01CE
    { 16, 25, 287, 1, 25, 100, 1793 }, // U+01D3
    { 13, 20, 247, 1, 20, 65, 1893 }, // U+01D4
    { 18, 25, 312, 1, 25, 113, 1958 }, // U+01E6
    { 15, 26, 259, 1, 20, 98, 2071 }, // U+01E7
    { 19, 22, 331, 1, 18, 105, 2169 }, // U+01EA
    { 15, 18, 248, 1, 14, 68, 2274 }, // U+01EB
    { 33, 18, 566, 1, 18, 149, 2342 }, // U+01F1
    { 31, 18, 521, 1, 18, 140, 2491 }, // U+01F2
    { 29, 18, 482, 1, 18, 131, 2631 }, // U+01F3
    { 20, 28, 299, 0, 28, 140, 2762 }, // U+01FA
    { 14, 29, 240, 1, 29, 102, 2902 }, // U+01FB
    { 27, 25, 440, 0, 25, 169, 3004 }, // U+01FC
    { 23, 21, 383, 1, 21, 121, 3173 }, // U+01FD
    { 19, 25, 331, 1, 25, 119, 3294 }, // U+01FE
    { 15, 22, 248, 1, 21, 83, 3413 }, // U+01FF
    { 17, 25, 268, 0, 18, 107, 3496 }, // U+0218
    { 14, 21, 231, 0, 14, 74, 3603 }, // U+0219
    { 16, 25, 267, 1, 18, 100, 3677 }, // U+021A
    { 9, 24, 164, 1, 17, 54, 3777 }, // U+021B
    { 16, 25, 294, 1, 25, 100, 3831 }, // U+021E
    { 17, 25, 248, -3, 25, 107, 3931 }, // U+021F
    { 6, 4, 0, 0, 20, 6, 0 }, // U+0300
    { 6, 4, 0, 0, 20, 6, 6 }, // U+0301
    { 11, 4, 0, 0, 20, 11, 12 }, // U+0302
    { 11, 4, 0, -1, 20, 11, 23 }, // U+0303
    { 8, 4, 0, 0, 20, 8, 34 }, // U+0304
    { 10, 4, 0, -1, 20, 10, 42 }, // U+0306
    { 5, 4, 0, 0, 20, 5, 52 }, // U+0307
    { 10, 4, 0, 0, 20, 10, 57 }, // U+0308
    { 6, 6, 68, -1, 21, 9, 67 }, // U+0309
    { 7, 8, 0, 0, 23, 14, 76 }, // U+030A
    { 12, 4, 0, 0, 20, 12, 90 }, // U+030B
    { 11, 4, 0, 0, 20, 11, 102 }, // U+030C
    { 10, 7, 161, 0, 18, 18, 113 }, // U+031B
    { 5, 5, 89, 0, -2, 7, 131 }, // U+0323
    { 6, 6, 0, 0, -1, 9, 138 }, // U+0326
    { 7, 7, 0, -1, 1, 13, 147 }, // U+0327
    { 7, 5, 0, 0, 0, 9, 160 }, // U+0328
    { 19, 25, 299, 0, 18, 119, 0 }, // U+1EA0
    { 14, 21, 240, 1, 14, 74, 119 }, // U+1EA1
    { 19, 26, 299, 0, 26, 124, 193 }, // U+1EA2
    { 14, 21, 240, 1, 21, 74, 317 }, // U+1EA3
    { 20, 28, 299, -1, 28, 140, 391 }, // U+1EA4
    { 15, 24, 240, 1, 24, 90, 531 }, // U+1EA5
    { 19, 27, 299, 0, 27, 129, 621 }, // U+1EA6
    { 15, 24, 240, 1, 24, 90, 750 }, // U+1EA7
    { 19, 28, 299, 0, 28, 133, 840 }, // U+1EA8
    { 14, 25, 240, 1, 25, 88, 973 }, // U+1EA9
    { 20, 30, 299, -1, 30, 150, 1061 }, // U+1EAA
    { 14, 26, 240, 1, 26, 91, 1211 }, // U+1EAB
    { 19, 32, 299, 0, 25, 152, 1302 }, // U+1EAC
    { 14, 28, 240, 1, 21, 98, 1454 }, // U+1EAD
    { 19, 30, 299, 0, 30, 143, 1552 }, // U+1EAE
    { 14, 26, 240, 1, 26, 91, 1695 }, // U+1EAF
    { 19, 30, 299, 0, 30, 143, 1786 }, // U+1EB0
    { 14, 26, 240, 1, 26, 91, 1929 }, // U+1EB1
    { 19, 31, 299, 0, 31, 148, 2020 }, // U+1EB2
    { 14, 27, 240, 1, 27, 95, 2168 }, // U+1EB3
    { 20, 29, 299, -1, 29, 145, 2263 }, // U+1EB4
    { 14, 25, 240, 1, 25, 88, 2408 }, // U+1EB5
    { 19, 31, 299, 0, 24, 148, 2496 }, // U+1EB6
    { 14, 27, 240, 1, 20, 95, 2644 }, // U+1EB7
    { 14, 25, 251, 1, 18, 88, 2739 }, // U+1EB8
    { 15, 21, 245, 0, 14, 79, 2827 }, // U+1EB9
    { 14, 26, 251, 1, 26, 91, 2906 }, // U+1EBA
    { 15, 21, 245, 0, 21, 79, 2997 }, // U+1EBB
    { 14, 24, 251, 1, 24, 84, 3076 }, // U+1EBC
    { 15, 19, 245, 1, 19, 72, 3160 }, // U+1EBD
    { 16, 28, 251, 1, 28, 112, 3232 }, // U+1EBE
    { 15, 24, 245, 1, 24, 90, 3344 }, // U+1EBF
    { 16, 27, 251, 1, 27, 108, 3434 }, // U+1EC0
    { 15, 24, 245, 1, 24, 90, 3542 }, // U+1EC1
    { 16, 28, 251, 1, 28, 112, 3632 }, // U+1EC2
    { 15, 25, 245, 1, 25, 94, 3744 }, // U+1EC3
    { 14, 30, 251, 1, 30, 105, 3838 }, // U+1EC4
    { 15, 26, 245, 1, 26, 98, 3943 }, // U+1EC5
    { 14, 32, 251, 1, 25, 112, 4041 }, // U+1EC6
    { 15, 28, 245, 0, 21, 105, 4153 }, // U+1EC7
    { 9, 26, 199, 2, 26, 59, 4258 }, // U+1EC8
    { 8, 21, 130, 0, 21, 42, 4317 }, // U+1EC9
    { 9, 25, 199, 2, 18, 57, 4359 }, // U+1ECA
    { 7, 28, 136, 1, 21, 49, 4416 }, // U+1ECB
    { 19, 25, 331, 1, 18, 119, 4465 }, // U+1ECC
    { 15, 21, 248, 1, 14, 79, 4584 }, // U+1ECD
    { 19, 26, 331, 1, 26, 124, 4663 }, // U+1ECE
    { 15, 21, 248, 1, 21, 79, 4787 }, // U+1ECF
    { 19, 28, 331, 1, 28, 133, 4866 }, // U+1ED0
    { 16, 24, 248, 1, 24, 96, 4999 }, // U+1ED1
    { 19, 28, 331, 1, 28, 133, 5095 }, // U+1ED2
    { 15, 24, 248, 1, 24, 90, 5228 }, // U+1ED3
    { 19, 28, 331, 1, 28, 133, 5318 }, // U+1ED4
    { 15, 25, 248, 1, 25, 94, 5451 }, // U+1ED5
    { 19, 30, 331, 1, 30, 143, 5545 }, // U+1ED6
    { 15, 26, 248, 1, 26, 98, 5688 }, // U+1ED7
    { 19, 32, 331, 1, 25, 152, 5786 }, // U+1ED8
    { 15, 28, 248, 1, 21, 105, 5938 }, // U+1ED9
    { 20, 25, 331, 1, 25, 125, 6043 }, // U+1EDA
    { 16, 20, 257, 1, 20, 80, 6168 }, // U+1EDB
    { 20, 25, 331, 1, 25, 125, 6248 }, // U+1EDC
    { 16, 20, 257, 1, 20, 80, 6373 }, // U+1EDD
    { 20, 26, 331, 1, 26, 130, 6453 }, // U+1EDE
    { 16, 21, 257, 1, 21, 84, 6583 }, // U+1EDF
    { 20, 24, 331, 1, 24, 120, 6667 }, // U+1EE0
    { 16, 18, 257, 1, 18, 72, 6787 }, // U+1EE1
    { 20, 29, 331, 1, 22, 145, 6859 }, // U+1EE2
    { 16, 24, 257, 1, 17, 96, 7004 }, // U+1EE3
    { 16, 25, 287, 1, 18, 100, 7100 }, // U+1EE4
    { 13, 21, 247, 1, 14, 69, 7200 }, // U+1EE5
    { 16, 26, 287, 1, 26, 104, 7269 }, // U+1EE6
    { 13, 21, 247, 1, 21, 69, 7373 }, // U+1EE7
    { 19, 25, 299, 1, 25, 119, 7442 }, // U+1EE8
    { 16, 21, 256, 1, 21, 84, 7561 }, // U+1EE9
    { 19, 25, 299, 1, 25, 119, 7645 }, // U+1EEA
    { 16, 21, 256, 1, 21, 84, 7764 }, // U+1EEB
    { 19, 26, 299, 1, 26, 124, 7848 }, // U+1EEC
    { 16, 21, 256, 1, 21, 84, 7972 }, // U+1EED
    { 19, 24, 299, 1, 24, 114, 8056 }, // U+1EEE
    { 16, 19, 256, 1, 19, 76, 8170 }, // U+1EEF
    { 19, 29, 299, 1, 22, 138, 8246 }, // U+1EF0
    { 16, 24, 256, 1, 17, 96, 8384 }, // U+1EF1
    { 19, 25, 298, 0, 25, 119, 8480 }, // U+1EF2
    { 15, 25, 224, 0, 21, 94, 8599 }, // U+1EF3
    { 19, 25, 298, 0, 18, 119, 8693 }, // U+1EF4
    { 15, 20, 224, -1, 14, 75, 8812 }, // U+1EF5
    { 18, 26, 298, 0, 26, 117, 8887 }, // U+1EF6
    { 15, 25, 224, -1, 21, 94, 9004 }, // U+1EF7
    { 18, 24, 298, 0, 24, 108, 9098 }, // U+1EF8
    { 15, 23, 224, 0, 19, 87, 9206 }, // U+1EF9
    { 8, 4, 145, 1, 9, 8, 0 }, // U+2010
    { 12, 4, 220, 1, 9, 12, 8 }, // U+2013
    { 21, 4, 365, 1, 9, 21, 20 }, // U+2014
    { 5, 9, 120, 1, 18, 12, 41 }, // U+2018
    { 5, 9, 120, 1, 18, 12, 53 }, // U+2019
    { 5, 9, 120, 1, 5, 12, 65 }, // U+201A
    { 11, 9, 216, 1, 18, 25, 77 }, // U+201C
    { 11, 9, 216, 1, 18, 25, 102 }, // U+201D
    { 11, 9, 216, 1, 5, 25, 127 }, // U+201E
    { 14, 18, 257, 1, 18, 63, 152 }, // U+2020
    { 14, 18, 257, 1, 18, 63, 215 }, // U+2021
    { 9, 9, 190, 1, 11, 21, 278 }, // U+2022
    { 19, 5, 348, 1, 5, 24, 299 }, // U+2026
    { 37, 18, 609, 1, 18, 167, 323 }, // U+2030
    { 9, 12, 175, 1, 13, 27, 490 }, // U+2039
    { 9, 12, 175, 1, 13, 27, 517 }, // U+203A
    { 17, 18, 270, 0, 18, 77, 544 }, // U+2044
    { 10, 10, 194, 1, 21, 25, 0 }, // U+2074
    { 16, 23, 274, 1, 20, 92, 0 }, // U+20AB
    { 19, 18, 292, 0, 18, 86, 92 }, // U+20AC
    { 14, 20, 259, 1, 19, 70, 0 }, // U+2202
    { 15, 24, 266, 1, 19, 90, 70 }, // U+220F
    { 15, 24, 267, 1, 19, 90, 160 }, // U+2211
    { 14, 5, 257, 1, 9, 18, 250 }, // U+2212
    { 18, 19, 282, 0, 19, 86, 268 }, // U+2215
    { 6, 6, 120, 1, 10, 9, 354 }, // U+2219
    { 18, 23, 307, 1, 18, 104, 363 }, // U+221A
    { 19, 8, 325, 1, 11, 38, 467 }, // U+221E
    { 12, 23, 211, 1, 18, 69, 505 }, // U+222B
    { 13, 11, 230, 1, 12, 36, 574 }, // U+2248
    { 14, 15, 257, 1, 14, 53, 610 }, // U+2260
    { 14, 14, 257, 1, 14, 49, 663 }, // U+2264
    { 14, 14, 257, 1, 14, 49, 712 }, // U+2265
    { 18, 20, 303, 1, 20, 90, 0 }, // U+FB00
    { 16, 21, 267, 1, 21, 84, 90 }, // U+FB01
    { 18, 20, 293, 1, 20, 90, 174 }, // U+FB02
    { 25, 21, 404, 1, 21, 132, 264 }, // U+FB03
    { 27, 20, 439, 1, 20, 135, 396 }, // U+FB04
    { 12, 19, 228, 1, 19, 57, 0 }, // U+FFFD
};

static const EpdUnicodeInterval lexica_13_boldIntervals[] = {
    { 0xD, 0xD, 0x0 },
    { 0x20, 0x7E, 0x1 },
    { 0xA0, 0xFF, 0x60 },
    { 0x100, 0x17F, 0xC0 },
    { 0x1A0, 0x1A1, 0x140 },
    { 0x1AF, 0x1B0, 0x142 },
    { 0x1C4, 0x1CE, 0x144 },
    { 0x1D3, 0x1D4, 0x14F },
    { 0x1E6, 0x1E7, 0x151 },
    { 0x1EA, 0x1EB, 0x153 },
    { 0x1F1, 0x1F3, 0x155 },
    { 0x1FA, 0x1FF, 0x158 },
    { 0x218, 0x21B, 0x15E },
    { 0x21E, 0x21F, 0x162 },
    { 0x300, 0x304, 0x164 },
    { 0x306, 0x30C, 0x169 },
    { 0x31B, 0x31B, 0x170 },
    { 0x323, 0x323, 0x171 },
    { 0x326, 0x328, 0x172 },
    { 0x1EA0, 0x1EF9, 0x175 },
    { 0x2010, 0x2010, 0x1CF },
    { 0x2013, 0x2014, 0x1D0 },
    { 0x2018, 0x201A, 0x1D2 },
    { 0x201C, 0x201E, 0x1D5 },
    { 0x2020, 0x2022, 0x1D8 },
    { 0x2026, 0x2026, 0x1DB },
    { 0x2030, 0x2030, 0x1DC },
    { 0x2039, 0x203A, 0x1DD },
    { 0x2044, 0x2044, 0x1DF },
    { 0x2074, 0x2074, 0x1E0 },
    { 0x20AB, 0x20AC, 0x1E1 },
    { 0x2202, 0x2202, 0x1E3 },
    { 0x220F, 0x220F, 0x1E4 },
    { 0x2211, 0x2212, 0x1E5 },
    { 0x2215, 0x2215, 0x1E7 },
    { 0x2219, 0x221A, 0x1E8 },
    { 0x221E, 0x221E, 0x1EA },
    { 0x222B, 0x222B, 0x1EB },
    { 0x2248, 0x2248, 0x1EC },
    { 0x2260, 0x2260, 0x1ED },
    { 0x2264, 0x2265, 0x1EE },
    { 0xFB00, 0xFB04, 0x1F0 },
    { 0xFFFD, 0xFFFD, 0x1F5 },
};

static const EpdFontGroup lexica_13_boldGroups[] = {
    { 0, 2589, 6064, 96, 0 },
    { 2589, 2594, 7382, 96, 96 },
    { 5183, 3293, 11657, 128, 192 },
    { 8476, 1651, 4293, 36, 320 },
    { 10127, 162, 199, 17, 356 },
    { 10289, 2258, 9849, 90, 373 },
    { 12547, 327, 717, 17, 463 },
    { 12874, 30, 30, 1, 480 },
    { 12904, 117, 182, 2, 481 },
    { 13021, 403, 839, 13, 483 },
    { 13424, 179, 571, 5, 496 },
    { 13603, 50, 57, 1, 501 },
};

static const EpdKernClassEntry lexica_13_boldKernLeftClasses[] = {
    { 0x0028, 1 }, // (
    { 0x002C, 2 }, // ,
    { 0x002D, 3 }, // -
    { 0x002E, 2 }, // .
    { 0x002F, 4 }, // /
    { 0x0031, 5 }, // 1
    { 0x0032, 6 }, // 2
    { 0x0034, 7 }, // 4
    { 0x0035, 8 }, // 5
    { 0x0036, 9 }, // 6
    { 0x0037, 10 }, // 7
    { 0x0038, 11 }, // 8
    { 0x0039, 12 }, // 9
    { 0x0041, 13 }, // A
    { 0x0042, 14 }, // B
    { 0x0043, 15 }, // C
    { 0x0044, 16 }, // D
    { 0x0045, 17 }, // E
    { 0x0046, 18 }, // F
    { 0x0047, 19 }, // G
    { 0x0049, 20 }, // I
    { 0x004A, 21 }, // J
    { 0x004B, 22 }, // K
    { 0x004C, 23 }, // L
    { 0x004F, 16 }, // O
    { 0x0050, 24 }, // P
    { 0x0051, 25 }, // Q
    { 0x0052, 26 }, // R
    { 0x0053, 27 }, // S
    { 0x0054, 28 }, // T
    { 0x0055, 29 }, // U
    { 0x0056, 30 }, // V
    { 0x0057, 31 }, // W
    { 0x0058, 32 }, // X
    { 0x0059, 33 }, // Y
    { 0x005A, 34 }, // Z
    { 0x0061, 35 }, // a
    { 0x0062, 36 }, // b
    { 0x0063, 37 }, // c
    { 0x0064, 38 }, // d
    { 0x0065, 39 }, // e
    { 0x0066, 40 }, // f
    { 0x0067, 41 }, // g
    { 0x0068, 42 }, // h
    { 0x006A, 43 }, // j
    { 0x006B, 44 }, // k
    { 0x006C, 45 }, // l
    { 0x006D, 42 }, // m
    { 0x006E, 42 }, // n
    { 0x006F, 36 }, // o
    { 0x0070, 36 }, // p
    { 0x0071, 46 }, // q
    { 0x0072, 47 }, // r
    { 0x0073, 48 }, // s
    { 0x0074, 49 }, // t
    { 0x0075, 50 }, // u
    { 0x0076, 51 }, // v
    { 0x0077, 52 }, // w
    { 0x0078, 53 }, // x
    { 0x0079, 51 }, // y
    { 0x007A, 54 }, // z
    { 0x00C0, 13 }, // U+00C0
    { 0x00C1, 13 }, // U+00C1
    { 0x00C2, 13 }, // U+00C2
    { 0x00C3, 13 }, // U+00C3
    { 0x00C4, 13 }, // U+00C4
    { 0x00C5, 13 }, // U+00C5
    { 0x00C6, 17 }, // U+00C6
    { 0x00C7, 15 }, // U+00C7
    { 0x00C8, 17 }, // U+00C8
    { 0x00C9, 17 }, // U+00C9
    { 0x00CA, 17 }, // U+00CA
    { 0x00CB, 17 }, // U+00CB
    { 0x00CC, 20 }, // U+00CC
    { 0x00CD, 20 }, // U+00CD
    { 0x00CE, 20 }, // U+00CE
    { 0x00CF, 20 }, // U+00CF
    { 0x00D0, 16 }, // U+00D0
    { 0x00D2, 16 }, // U+00D2
    { 0x00D3, 16 }, // U+00D3
    { 0x00D4, 16 }, // U+00D4
    { 0x00D5, 16 }, // U+00D5
    { 0x00D6, 16 }, // U+00D6
    { 0x00D8, 16 }, // U+00D8
    { 0x00D9, 29 }, // U+00D9
    { 0x00DA, 29 }, // U+00DA
    { 0x00DB, 29 }, // U+00DB
    { 0x00DC, 29 }, // U+00DC
    { 0x00DD, 33 }, // U+00DD
    { 0x00E0, 42 }, // U+00E0
    { 0x00E1, 42 }, // U+00E1
    { 0x00E2, 42 }, // U+00E2
    { 0x00E3, 42 }, // U+00E3
    { 0x00E4, 42 }, // U+00E4
    { 0x00E5, 42 }, // U+00E5
    { 0x00E6, 39 }, // U+00E6
    { 0x00E7, 37 }, // U+00E7
    { 0x00E8, 39 }, // U+00E8
    { 0x00E9, 39 }, // U+00E9
    { 0x00EA, 39 }, // U+00EA
    { 0x00EB, 39 }, // U+00EB
    { 0x00F0, 16 }, // U+00F0
    { 0x00F1, 42 }, // U+00F1
    { 0x00F2, 36 }, // U+00F2
    { 0x00F3, 36 }, // U+00F3
    { 0x00F4, 36 }, // U+00F4
    { 0x00F5, 36 }, // U+00F5
    { 0x00F6, 36 }, // U+00F6
    { 0x00F8, 36 }, // U+00F8
    { 0x00F9, 50 }, // U+00F9
    { 0x00FA, 50 }, // U+00FA
    { 0x00FB, 50 }, // U+00FB
    { 0x00FC, 50 }, // U+00FC
    { 0x00FD, 51 }, // U+00FD
    { 0x00FE, 36 }, // U+00FE
    { 0x00FF, 51 }, // U+00FF
    { 0x0100, 13 }, // U+0100
    { 0x0101, 42 }, // U+0101
    { 0x0102, 13 }, // U+0102
    { 0x0103, 42 }, // U+0103
    { 0x0104, 13 }, // U+0104
    { 0x0105, 55 }, // U+0105
    { 0x0106, 15 }, // U+0106
    { 0x0107, 37 }, // U+0107
    { 0x0108, 15 }, // U+0108
    { 0x0109, 37 }, // U+0109
    { 0x010A, 15 }, // U+010A
    { 0x010B, 37 }, // U+010B
    { 0x010C, 15 }, // U+010C
    { 0x010D, 37 }, // U+010D
    { 0x010E, 16 }, // U+010E
    { 0x010F, 56 }, // U+010F
    { 0x0111, 40 }, // U+0111
    { 0x0112, 17 }, // U+0112
    { 0x0113, 39 }, // U+0113
    { 0x0114, 17 }, // U+0114
    { 0x0115, 39 }, // U+0115
    { 0x0116, 17 }, // U+0116
    { 0x0117, 39 }, // U+0117
    { 0x0118, 17 }, // U+0118
    { 0x0119, 39 }, // U+0119
    { 0x011A, 17 }, // U+011A
    { 0x011B, 39 }, // U+011B
    { 0x011C, 19 }, // U+011C
    { 0x011D, 41 }, // U+011D
    { 0x011E, 19 }, // U+011E
    { 0x011F, 41 }, // U+011F
    { 0x0120, 19 }, // U+0120
    { 0x0121, 41 }, // U+0121
    { 0x0122, 19 }, // U+0122
    { 0x0123, 41 }, // U+0123
    { 0x0125, 42 }, // U+0125
    { 0x0127, 42 }, // U+0127
    { 0x0128, 20 }, // U+0128
    { 0x012A, 20 }, // U+012A
    { 0x012C, 20 }, // U+012C
    { 0x012E, 20 }, // U+012E
    { 0x0130, 20 }, // U+0130
    { 0x0132, 21 }, // U+0132
    { 0x0133, 43 }, // U+0133
    { 0x0134, 21 }, // U+0134
    { 0x0135, 43 }, // U+0135
    { 0x0136, 22 }, // U+0136
    { 0x0137, 44 }, // U+0137
    { 0x0138, 44 }, // U+0138
    { 0x0139, 23 }, // U+0139
    { 0x013A, 57 }, // U+013A
    { 0x013B, 23 }, // U+013B
    { 0x013C, 57 }, // U+013C
    { 0x013E, 56 }, // U+013E
    { 0x013F, 23 }, // U+013F
    { 0x0141, 23 }, // U+0141
    { 0x0142, 57 }, // U+0142
    { 0x0144, 42 }, // U+0144
    { 0x0146, 42 }, // U+0146
    { 0x0148, 42 }, // U+0148
    { 0x0149, 42 }, // U+0149
    { 0x014B, 42 }, // U+014B
    { 0x014C, 16 }, // U+014C
    { 0x014D, 36 }, // U+014D
    { 0x014E, 16 }, // U+014E
    { 0x014F, 36 }, // U+014F
    { 0x0150, 16 }, // U+0150
    { 0x0151, 36 }, // U+0151
    { 0x0152, 17 }, // U+0152
    { 0x0153, 39 }, // U+0153
    { 0x0154, 26 }, // U+0154
    { 0x0155, 47 }, // U+0155
    { 0x0156, 26 }, // U+0156
    { 0x0157, 47 }, // U+0157
    { 0x0158, 26 }, // U+0158
    { 0x0159, 47 }, // U+0159
    { 0x015A, 27 }, // U+015A
    { 0x015B, 48 }, // U+015B
    { 0x015C, 27 }, // U+015C
    { 0x015D, 48 }, // U+015D
    { 0x015E, 27 }, // U+015E
    { 0x015F, 48 }, // U+015F
    { 0x0160, 27 }, // U+0160
    { 0x0161, 48 }, // U+0161
    { 0x0162, 28 }, // U+0162
    { 0x0163, 49 }, // U+0163
    { 0x0164, 28 }, // U+0164
    { 0x0165, 56 }, // U+0165
    { 0x0166, 28 }, // U+0166
    { 0x0167, 49 }, // U+0167
    { 0x0168, 29 }, // U+0168
    { 0x0169, 50 }, // U+0169
    { 0x016A, 29 }, // U+016A
    { 0x016B, 50 }, // U+016B
    { 0x016C, 29 }, // U+016C
    { 0x016D, 50 }, // U+016D
    { 0x016E, 29 }, // U+016E
    { 0x016F, 50 }, // U+016F
    { 0x0170, 29 }, // U+0170
    { 0x0171, 50 }, // U+0171
    { 0x0172, 29 }, // U+0172
    { 0x0173, 50 }, // U+0173
    { 0x0176, 33 }, // U+0176
    { 0x0177, 51 }, // U+0177
    { 0x0178, 33 }, // U+0178
    { 0x0179, 34 }, // U+0179
    { 0x017A, 54 }, // U+017A
    { 0x017B, 34 }, // U+017B
    { 0x017C, 54 }, // U+017C
    { 0x017D, 34 }, // U+017D
    { 0x017E, 54 }, // U+017E
    { 0x017F, 40 }, // U+017F
    { 0x01A0, 58 }, // U+01A0
    { 0x01A1, 59 }, // U+01A1
    { 0x01AF, 60 }, // U+01AF
    { 0x01B0, 61 }, // U+01B0
    { 0x01C4, 34 }, // U+01C4
    { 0x01C5, 54 }, // U+01C5
    { 0x01C6, 54 }, // U+01C6
    { 0x01C7, 21 }, // U+01C7
    { 0x01C8, 43 }, // U+01C8
    { 0x01C9, 43 }, // U+01C9
    { 0x01CA, 21 }, // U+01CA
    { 0x01CB, 43 }, // U+01CB
    { 0x01CC, 43 }, // U+01CC
    { 0x01CD, 13 }, // U+01CD
    { 0x01CE, 42 }, // U+01CE
    { 0x01D3, 29 }, // U+01D3
    { 0x01D4, 50 }, // U+01D4
    { 0x01E6, 19 }, // U+01E6
    { 0x01E7, 41 }, // U+01E7
    { 0x01EA, 16 }, // U+01EA
    { 0x01EB, 36 }, // U+01EB
    { 0x01F1, 34 }, // U+01F1
    { 0x01F2, 54 }, // U+01F2
    { 0x01F3, 54 }, // U+01F3
    { 0x01FB, 42 }, // U+01FB
    { 0x01FC, 17 }, // U+01FC
    { 0x01FD, 39 }, // U+01FD
    { 0x01FE, 16 }, // U+01FE
    { 0x01FF, 36 }, // U+01FF
    { 0x0218, 27 }, // U+0218
    { 0x0219, 48 }, // U+0219
    { 0x021A, 28 }, // U+021A
    { 0x021B, 49 }, // U+021B
    { 0x021F, 42 }, // U+021F
    { 0x1EA0, 13 }, // U+1EA0
    { 0x1EA1, 42 }, // U+1EA1
    { 0x1EA2, 13 }, // U+1EA2
    { 0x1EA3, 42 }, // U+1EA3
    { 0x1EA4, 13 }, // U+1EA4
    { 0x1EA5, 42 }, // U+1EA5
    { 0x1EA6, 13 }, // U+1EA6
    { 0x1EA7, 42 }, // U+1EA7
    { 0x1EA8, 13 }, // U+1EA8
    { 0x1EA9, 42 }, // U+1EA9
    { 0x1EAA, 13 }, // U+1EAA
    { 0x1EAB, 42 }, // U+1EAB
    { 0x1EAC, 13 }, // U+1EAC
    { 0x1EAD, 42 }, // U+1EAD
    { 0x1EAE, 13 }, // U+1EAE
    { 0x1EAF, 42 }, // U+1EAF
    { 0x1EB0, 13 }, // U+1EB0
    { 0x1EB1, 42 }, // U+1EB1
    { 0x1EB2, 13 }, // U+1EB2
    { 0x1EB3, 42 }, // U+1EB3
    { 0x1EB4, 13 }, // U+1EB4
    { 0x1EB5, 42 }, // U+1EB5
    { 0x1EB6, 13 }, // U+1EB6
    { 0x1EB7, 42 }, // U+1EB7
    { 0x1EB8, 17 }, // U+1EB8
    { 0x1EB9, 39 }, // U+1EB9
    { 0x1EBA, 17 }, // U+1EBA
    { 0x1EBB, 39 }, // U+1EBB
    { 0x1EBC, 17 }, // U+1EBC
    { 0x1EBD, 39 }, // U+1EBD
    { 0x1EBE, 17 }, // U+1EBE
    { 0x1EC0, 17 }, // U+1EC0
    { 0x1EC2, 17 }, // U+1EC2
    { 0x1EC4, 17 }, // U+1EC4
    { 0x1EC6, 17 }, // U+1EC6
    { 0x1EC7, 39 }, // U+1EC7
    { 0x1EC8, 20 }, // U+1EC8
    { 0x1ECA, 20 }, // U+1ECA
    { 0x1ECC, 16 }, // U+1ECC
    { 0x1ECD, 36 }, // U+1ECD
    { 0x1ECE, 16 }, // U+1ECE
    { 0x1ECF, 36 }, // U+1ECF
    { 0x1ED0, 16 }, // U+1ED0
    { 0x1ED2, 16 }, // U+1ED2
    { 0x1ED4, 16 }, // U+1ED4
    { 0x1ED6, 16 }, // U+1ED6
    { 0x1ED7, 36 }, // U+1ED7
    { 0x1ED8, 16 }, // U+1ED8
    { 0x1ED9, 36 }, // U+1ED9
    { 0x1EDA, 58 }, // U+1EDA
    { 0x1EDB, 59 }, // U+1EDB
    { 0x1EDC, 58 }, // U+1EDC
    { 0x1EDD, 59 }, // U+1EDD
    { 0x1EDE, 58 }, // U+1EDE
    { 0x1EDF, 59 }, // U+1EDF
    { 0x1EE0, 58 }, // U+1EE0
    { 0x1EE1, 59 }, // U+1EE1
    { 0x1EE2, 58 }, // U+1EE2
    { 0x1EE3, 59 }, // U+1EE3
    { 0x1EE8, 60 }, // U+1EE8
    { 0x1EE9, 61 }, // U+1EE9
    { 0x1EEA, 60 }, // U+1EEA
    { 0x1EEB, 61 }, // U+1EEB
    { 0x1EEC, 60 }, // U+1EEC
    { 0x1EED, 61 }, // U+1EED
    { 0x1EEE, 60 }, // U+1EEE
    { 0x1EEF, 61 }, // U+1EEF
    { 0x1EF0, 60 }, // U+1EF0
    { 0x1EF1, 61 }, // U+1EF1
    { 0x1EF2, 33 }, // U+1EF2
    { 0x1EF3, 51 }, // U+1EF3
    { 0x1EF4, 33 }, // U+1EF4
    { 0x1EF5, 51 }, // U+1EF5
    { 0x1EF6, 33 }, // U+1EF6
    { 0x1EF7, 51 }, // U+1EF7
    { 0x1EF8, 33 }, // U+1EF8
    { 0x1EF9, 51 }, // U+1EF9
    { 0x2013, 3 }, // U+2013
    { 0x2014, 3 }, // U+2014
    { 0x2019, 62 }, // U+2019
    { 0x201A, 2 }, // U+201A
    { 0x201D, 62 }, // U+201D
    { 0x201E, 2 }, // U+201E
    { 0x2026, 2 }, // U+2026
    { 0x20AB, 40 }, // U+20AB
    { 0xFB00, 40 }, // U+FB00
    { 0xFB02, 57 }, // U+FB02
    { 0xFB04, 57 }, // U+FB04
};

static const EpdKernClassEntry lexica_13_boldKernRightClasses[] = {
    { 0x0025, 1 }, // %
    { 0x0029, 2 }, // )
    { 0x002C, 3 }, // ,
    { 0x002D, 4 }, // -
    { 0x002E, 3 }, // .
    { 0x002F, 5 }, // /
    { 0x0031, 6 }, // 1
    { 0x0032, 7 }, // 2
    { 0x0034, 8 }, // 4
    { 0x0037, 9 }, // 7
    { 0x0038, 10 }, // 8
    { 0x0039, 11 }, // 9
    { 0x0041, 12 }, // A
    { 0x0043, 13 }, // C
    { 0x0047, 13 }, // G
    { 0x0049, 14 }, // I
    { 0x004A, 15 }, // J
    { 0x004F, 13 }, // O
    { 0x0051, 13 }, // Q
    { 0x0053, 16 }, // S
    { 0x0054, 17 }, // T
    { 0x0055, 18 }, // U
    { 0x0056, 19 }, // V
    { 0x0057, 20 }, // W
    { 0x0058, 21 }, // X
    { 0x0059, 22 }, // Y
    { 0x005A, 23 }, // Z
    { 0x0061, 24 }, // a
    { 0x0063, 25 }, // c
    { 0x0064, 25 }, // d
    { 0x0065, 25 }, // e
    { 0x0066, 26 }, // f
    { 0x0067, 27 }, // g
    { 0x0068, 28 }, // h
    { 0x0069, 29 }, // i
    { 0x006A, 30 }, // j
    { 0x006B, 28 }, // k
    { 0x006C, 31 }, // l
    { 0x006D, 32 }, // m
    { 0x006E, 32 }, // n
    { 0x006F, 25 }, // o
    { 0x0070, 33 }, // p
    { 0x0071, 25 }, // q
    { 0x0072, 32 }, // r
    { 0x0073, 34 }, // s
    { 0x0074, 35 }, // t
    { 0x0075, 36 }, // u
    { 0x0076, 37 }, // v
    { 0x0077, 38 }, // w
    { 0x0078, 39 }, // x
    { 0x0079, 37 }, // y
    { 0x007A, 40 }, // z
    { 0x00B0, 41 }, // U+00B0
    { 0x00C0, 12 }, // U+00C0
    { 0x00C1, 12 }, // U+00C1
    { 0x00C2, 12 }, // U+00C2
    { 0x00C3, 12 }, // U+00C3
    { 0x00C4, 12 }, // U+00C4
    { 0x00C5, 12 }, // U+00C5
    { 0x00C6, 42 }, // U+00C6
    { 0x00C7, 13 }, // U+00C7
    { 0x00CC, 14 }, // U+00CC
    { 0x00CD, 14 }, // U+00CD
    { 0x00CE, 14 }, // U+00CE
    { 0x00CF, 14 }, // U+00CF
    { 0x00D2, 13 }, // U+00D2
    { 0x00D3, 13 }, // U+00D3
    { 0x00D4, 13 }, // U+00D4
    { 0x00D5, 13 }, // U+00D5
    { 0x00D6, 13 }, // U+00D6
    { 0x00D8, 13 }, // U+00D8
    { 0x00D9, 18 }, // U+00D9
    { 0x00DA, 18 }, // U+00DA
    { 0x00DB, 18 }, // U+00DB
    { 0x00DC, 18 }, // U+00DC
    { 0x00DD, 43 }, // U+00DD
    { 0x00E0, 24 }, // U+00E0
    { 0x00E1, 24 }, // U+00E1
    { 0x00E2, 24 }, // U+00E2
    { 0x00E3, 24 }, // U+00E3
    { 0x00E4, 24 }, // U+00E4
    { 0x00E5, 24 }, // U+00E5
    { 0x00E6, 24 }, // U+00E6
    { 0x00E7, 25 }, // U+00E7
    { 0x00E8, 25 }, // U+00E8
    { 0x00E9, 25 }, // U+00E9
    { 0x00EA, 25 }, // U+00EA
    { 0x00EB, 25 }, // U+00EB
    { 0x00EC, 29 }, // U+00EC
    { 0x00ED, 29 }, // U+00ED
    { 0x00EE, 29 }, // U+00EE
    { 0x00EF, 29 }, // U+00EF
    { 0x00F0, 25 }, // U+00F0
    { 0x00F1, 32 }, // U+00F1
    { 0x00F2, 25 }, // U+00F2
    { 0x00F3, 25 }, // U+00F3
    { 0x00F4, 25 }, // U+00F4
    { 0x00F5, 25 }, // U+00F5
    { 0x00F6, 25 }, // U+00F6
    { 0x00F8, 25 }, // U+00F8
    { 0x00F9, 36 }, // U+00F9
    { 0x00FA, 36 }, // U+00FA
    { 0x00FB, 36 }, // U+00FB
    { 0x00FC, 36 }, // U+00FC
    { 0x00FD, 37 }, // U+00FD
    { 0x00FF, 37 }, // U+00FF
    { 0x0100, 12 }, // U+0100
    { 0x0101, 24 }, // U+0101
    { 0x0102, 12 }, // U+0102
    { 0x0103, 24 }, // U+0103
    { 0x0104, 12 }, // U+0104
    { 0x0105, 24 }, // U+0105
    { 0x0106, 13 }, // U+0106
    { 0x0107, 25 }, // U+0107
    { 0x0108, 13 }, // U+0108
    { 0x0109, 25 }, // U+0109
    { 0x010A, 13 }, // U+010A
    { 0x010B, 25 }, // U+010B
    { 0x010C, 13 }, // U+010C
    { 0x010D, 25 }, // U+010D
    { 0x010F, 25 }, // U+010F
    { 0x0111, 25 }, // U+0111
    { 0x0113, 25 }, // U+0113
    { 0x0115, 25 }, // U+0115
    { 0x0117, 25 }, // U+0117
    { 0x0119, 25 }, // U+0119
    { 0x011B, 25 }, // U+011B
    { 0x011C, 13 }, // U+011C
    { 0x011D, 27 }, // U+011D
    { 0x011E, 13 }, // U+011E
    { 0x011F, 27 }, // U+011F
    { 0x0120, 13 }, // U+0120
    { 0x0121, 27 }, // U+0121
    { 0x0122, 13 }, // U+0122
    { 0x0123, 27 }, // U+0123
    { 0x0125, 28 }, // U+0125
    { 0x0127, 28 }, // U+0127
    { 0x0128, 14 }, // U+0128
    { 0x0129, 29 }, // U+0129
    { 0x012A, 14 }, // U+012A
    { 0x012B, 29 }, // U+012B
    { 0x012C, 14 }, // U+012C
    { 0x012D, 29 }, // U+012D
    { 0x012E, 14 }, // U+012E
    { 0x012F, 29 }, // U+012F
    { 0x0130, 14 }, // U+0130
    { 0x0131, 29 }, // U+0131
    { 0x0132, 14 }, // U+0132
    { 0x0133, 29 }, // U+0133
    { 0x0134, 15 }, // U+0134
    { 0x0135, 44 }, // U+0135
    { 0x0137, 28 }, // U+0137
    { 0x0138, 28 }, // U+0138
    { 0x013A, 31 }, // U+013A
    { 0x013C, 31 }, // U+013C
    { 0x013E, 31 }, // U+013E
    { 0x0140, 31 }, // U+0140
    { 0x0142, 31 }, // U+0142
    { 0x0144, 32 }, // U+0144
    { 0x0146, 32 }, // U+0146
    { 0x0148, 32 }, // U+0148
    { 0x014B, 32 }, // U+014B
    { 0x014C, 13 }, // U+014C
    { 0x014D, 25 }, // U+014D
    { 0x014E, 13 }, // U+014E
    { 0x014F, 25 }, // U+014F
    { 0x0150, 13 }, // U+0150
    { 0x0151, 25 }, // U+0151
    { 0x0152, 13 }, // U+0152
    { 0x0153, 25 }, // U+0153
    { 0x0155, 32 }, // U+0155
    { 0x0157, 32 }, // U+0157
    { 0x0159, 32 }, // U+0159
    { 0x015A, 16 }, // U+015A
    { 0x015B, 34 }, // U+015B
    { 0x015C, 16 }, // U+015C
    { 0x015D, 34 }, // U+015D
    { 0x015E, 16 }, // U+015E
    { 0x015F, 34 }, // U+015F
    { 0x0160, 16 }, // U+0160
    { 0x0161, 34 }, // U+0161
    { 0x0162, 45 }, // U+0162
    { 0x0163, 35 }, // U+0163
    { 0x0164, 45 }, // U+0164
    { 0x0165, 35 }, // U+0165
    { 0x0166, 45 }, // U+0166
    { 0x0167, 35 }, // U+0167
    { 0x0168, 18 }, // U+0168
    { 0x0169, 36 }, // U+0169
    { 0x016A, 18 }, // U+016A
    { 0x016B, 36 }, // U+016B
    { 0x016C, 18 }, // U+016C
    { 0x016D, 36 }, // U+016D
    { 0x016E, 18 }, // U+016E
    { 0x016F, 36 }, // U+016F
    { 0x0170, 18 }, // U+0170
    { 0x0171, 36 }, // U+0171
    { 0x0172, 18 }, // U+0172
    { 0x0173, 36 }, // U+0173
    { 0x0176, 43 }, // U+0176
    { 0x0177, 37 }, // U+0177
    { 0x0178, 43 }, // U+0178
    { 0x0179, 23 }, // U+0179
    { 0x017A, 40 }, // U+017A
    { 0x017B, 23 }, // U+017B
    { 0x017C, 40 }, // U+017C
    { 0x017D, 23 }, // U+017D
    { 0x017E, 40 }, // U+017E
    { 0x017F, 26 }, // U+017F
    { 0x01A0, 13 }, // U+01A0
    { 0x01A1, 25 }, // U+01A1
    { 0x01C9, 31 }, // U+01C9
    { 0x01CC, 32 }, // U+01CC
    { 0x01CD, 12 }, // U+01CD
    { 0x01CE, 24 }, // U+01CE
    { 0x01D3, 18 }, // U+01D3
    { 0x01D4, 36 }, // U+01D4
    { 0x01E6, 13 }, // U+01E6
    { 0x01E7, 27 }, // U+01E7
    { 0x01EA, 13 }, // U+01EA
    { 0x01EB, 25 }, // U+01EB
    { 0x01FA, 12 }, // U+01FA
    { 0x01FB, 24 }, // U+01FB
    { 0x01FC, 42 }, // U+01FC
    { 0x01FD, 24 }, // U+01FD
    { 0x01FE, 13 }, // U+01FE
    { 0x01FF, 25 }, // U+01FF
    { 0x0218, 16 }, // U+0218
    { 0x0219, 34 }, // U+0219
    { 0x021A, 45 }, // U+021A
    { 0x021B, 35 }, // U+021B
    { 0x021F, 28 }, // U+021F
    { 0x1EA0, 12 }, // U+1EA0
    { 0x1EA1, 24 }, // U+1EA1
    { 0x1EA2, 12 }, // U+1EA2
    { 0x1EA3, 24 }, // U+1EA3
    { 0x1EA4, 12 }, // U+1EA4
    { 0x1EA5, 24 }, // U+1EA5
    { 0x1EA6, 12 }, // U+1EA6
    { 0x1EA7, 24 }, // U+1EA7
    { 0x1EA8, 12 }, // U+1EA8
    { 0x1EA9, 24 }, // U+1EA9
    { 0x1EAA, 12 }, // U+1EAA
    { 0x1EAB, 24 }, // U+1EAB
    { 0x1EAC, 12 }, // U+1EAC
    { 0x1EAD, 24 }, // U+1EAD
    { 0x1EAE, 12 }, // U+1EAE
    { 0x1EAF, 24 }, // U+1EAF
    { 0x1EB0, 12 }, // U+1EB0
    { 0x1EB1, 24 }, // U+1EB1
    { 0x1EB2, 12 }, // U+1EB2
    { 0x1EB3, 24 }, // U+1EB3
    { 0x1EB4, 12 }, // U+1EB4
    { 0x1EB5, 24 }, // U+1EB5
    { 0x1EB6, 12 }, // U+1EB6
    { 0x1EB7, 24 }, // U+1EB7
    { 0x1EB9, 25 }, // U+1EB9
    { 0x1EBB, 25 }, // U+1EBB
    { 0x1EBD, 25 }, // U+1EBD
    { 0x1EBF, 25 }, // U+1EBF
    { 0x1EC1, 25 }, // U+1EC1
    { 0x1EC3, 25 }, // U+1EC3
    { 0x1EC5, 25 }, // U+1EC5
    { 0x1EC7, 25 }, // U+1EC7
    { 0x1EC8, 14 }, // U+1EC8
    { 0x1EC9, 29 }, // U+1EC9
    { 0x1ECA, 14 }, // U+1ECA
    { 0x1ECB, 29 }, // U+1ECB
    { 0x1ECC, 13 }, // U+1ECC
    { 0x1ECD, 25 }, // U+1ECD
    { 0x1ECE, 13 }, // U+1ECE
    { 0x1ECF, 25 }, // U+1ECF
    { 0x1ED0, 13 }, // U+1ED0
    { 0x1ED1, 25 }, // U+1ED1
    { 0x1ED2, 13 }, // U+1ED2
    { 0x1ED3, 25 }, // U+1ED3
    { 0x1ED4, 13 }, // U+1ED4
    { 0x1ED5, 25 }, // U+1ED5
    { 0x1ED6, 13 }, // U+1ED6
    { 0x1ED7, 25 }, // U+1ED7
    { 0x1ED8, 13 }, // U+1ED8
    { 0x1ED9, 25 }, // U+1ED9
    { 0x1EDA, 13 }, // U+1EDA
    { 0x1EDB, 25 }, // U+1EDB
    { 0x1EDC, 13 }, // U+1EDC
    { 0x1EDD, 25 }, // U+1EDD
    { 0x1EDE, 13 }, // U+1EDE
    { 0x1EDF, 25 }, // U+1EDF
    { 0x1EE0, 13 }, // U+1EE0
    { 0x1EE1, 25 }, // U+1EE1
    { 0x1EE2, 13 }, // U+1EE2
    { 0x1EE3, 25 }, // U+1EE3
    { 0x1EE4, 18 }, // U+1EE4
    { 0x1EE5, 36 }, // U+1EE5
    { 0x1EE6, 18 }, // U+1EE6
    { 0x1EE7, 36 }, // U+1EE7
    { 0x1EE8, 18 }, // U+1EE8
    { 0x1EE9, 36 }, // U+1EE9
    { 0x1EEA, 18 }, // U+1EEA
    { 0x1EEB, 36 }, // U+1EEB
    { 0x1EEC, 18 }, // U+1EEC
    { 0x1EED, 36 }, // U+1EED
    { 0x1EEE, 18 }, // U+1EEE
    { 0x1EEF, 36 }, // U+1EEF
    { 0x1EF0, 18 }, // U+1EF0
    { 0x1EF1, 36 }, // U+1EF1
    { 0x1EF2, 43 }, // U+1EF2
    { 0x1EF3, 37 }, // U+1EF3
    { 0x1EF4, 43 }, // U+1EF4
    { 0x1EF5, 37 }, // U+1EF5
    { 0x1EF6, 43 }, // U+1EF6
    { 0x1EF7, 37 }, // U+1EF7
    { 0x1EF8, 43 }, // U+1EF8
    { 0x1EF9, 37 }, // U+1EF9
    { 0x2013, 4 }, // U+2013
    { 0x2014, 4 }, // U+2014
    { 0x2019, 46 }, // U+2019
    { 0x201A, 3 }, // U+201A
    { 0x201D, 46 }, // U+201D
    { 0x201E, 3 }, // U+201E
    { 0x2026, 3 }, // U+2026
    { 0x2030, 1 }, // U+2030
    { 0x20AB, 25 }, // U+20AB
    { 0x2202, 25 }, // U+2202
    { 0xFB00, 26 }, // U+FB00
    { 0xFB01, 26 }, // U+FB01
    { 0xFB02, 26 }, // U+FB02
    { 0xFB03, 26 }, // U+FB03
    { 0xFB04, 26 }, // U+FB04
};

static const int8_t lexica_13_boldKernMatrix[] = {
       0,    0,    0,    0,    0,    0,    0,    0,   13,    0,    0,    0,    0,    0,    0,    0,    0,    0,    0,    0,    0,    0,    0,    0,    0,    0,    0,    0,    0,    0,    0,    0,    0,    0,    0,    0,    0,    0,    0,    0,    0,    0,    0,    0,    0,    0,
       0,    0,    0,    0,    0,    0,    0,    0,    0,    0,    0,    0,    0,    0,    0,    0,    0,    0,    0,    0,    0,    0,    0,    0,    0,    0,   -9,    0,    0,    0,    0,    0,    0,    0,    0,    0,    0,    0,    0,    0,    0,    0,    0,    0,    0,    0,
       0,    0,    0,    0,    0,  -20,  -13,   13,  -24,    0,    0,    0,    0,    0,    0,    0,    0,    0,    0,    0,    0,    0,    0,    0,    0,    0,    0,    0,    0,    0,    0,    0,    0,    0,    0,    0,    0,    0,    0,    0,    0,    0,    0,    0,    0,    0,
       0,    0,    0,    0,  -59,    0,    0,    0,    0,    0,    0,    0,    0,    0,    0,    0,    0,    0,    0,    0,    0,    0,    0,    0,    0,    0,    0,    0,    0,    0,    0,    0,    0,    0,    0,    0,    0,    0,    0,    0,    0,    0,    0,    0,    0,    0,
       0,    7,    0,    0,    0,    0,    0,    0,    0,    0,    0,    0,    0,    0,    0,    0,    0,    0,    0,    0,    0,    0,    0,    0,    0,    0,    0,    0,    0,    0,    0,    0,    0,    0,    0,    0,    0,    0,    0,    0,    0,    0,    0,    0,    0,    0,
       0,    0,    0,    0,    0,    0,    0,   -3,    0,    0,    0,    0,    0,    0,    0,    0,    0,    0,    0,    0,    0,    0,    0,    0,    0,    0,    0,    0,    0,    0,    0,    0,    0,    0,    0,    0,    0,    0,    0,    0,    0,    0,    0,    0,    0,    0,
       0,    0,    0,    0,    0,    0,    0,    9,    0,    0,  -10,    0,    0,    0,    0,    0,    0,    0,    0,    0,    0,    0,    0,    0,    0,    0,    0,    0,    0,    0,    0,    0,    0,    0,    0,    0,    0,    0,    0,    0,  -33,    0,    0,    0,    0,    0,
       0,    0,    0,    0,    0,    0,    0,    0,    0,    0,  -12,    0,    0,    0,    0,    0,    0,    0,    0,    0,    0,    0,    0,    0,    0,    0,    0,    0,    0,    0,    0,    0,    0,    0,    0,    0,    0,    0,    0,    0,    0,    0,    0,    0,    0,    0,
       0,    0,    0,    0,    0,  -10,   -8,    0,    0,    0,    0,    0,    0,    0,    0,    0,    0,    0,    0,    0,    0,    0,    0,    0,    0,    0,    0,    0,    0,    0,    0,    0,    0,    0,    0,    0,    0,    0,    0,    0,    0,    0,    0,    0,    0,    0,
      13,    0,    0,  -24,    0,    0,    0,  -16,   16,  -20,    0,    0,    0,    0,    0,    0,    0,    0,    0,    0,    0,    0,    0,    0,    0,    0,    0,    0,    0,    0,    0,    0,    0,    0,    0,    0,    0,    0,    0,    0,    0,    0,    0,    0,    0,    0,
     -11,    0,    0,    0,    0,  -12,    0,    0,   -8,    0,  -10,    0,    0,    0,    0,    0,    0,    0,    0,    0,    0,    0,    0,    0,    0,    0,    0,    0,    0,    0,    0,    0,    0,    0,    0,    0,    0,    0,    0,    0,  -12,    0,    0,    0,    0,    0,
       0,    0,    0,    0,    0,    0,    0,  -10,   -8,  -10,    0,    0,    0,    0,    0,    0,    0,    0,    0,    0,    0,    0,    0,    0,    0,    0,    0,    0,    0,    0,    0,    0,    0,    0,    0,    0,    0,    0,    0,    0,    0,    0,    0,    0,    0,    0,
       0,    0,    0,    0,    0,    0,    0,    0,    0,    0,    0,    8,  -16,    0,    0,    0,  -29,  -12,  -29,  -20,    0,  -29,    0,    0,    0,    0,    0,    0,    0,    0,   -9,    0,    0,    0,  -12,  -10,  -17,  -19,    9,    0,    0,    0,  -29,    0,  -29,    0,
       0,    0,    0,    0,    0,    0,    0,    0,    0,    0,    0,   -8,    0,    0,    0,    0,    0,    0,   -8,    0,   -8,  -12,    0,   -6,    0,    0,    0,    0,    0,    0,    0,    0,    0,    0,    0,    0,    0,    0,    0,    0,    0,  -18,  -12,    0,    0,    0,
       0,    0,    0,    0,    0,    0,    0,    0,    0,    0,    0,    0,   -8,    0,    0,    0,    0,    0,    0,    0,    0,  -10,    0,    0,    0,    0,    0,    0,    0,    0,    0,    0,    0,    0,    0,    0,    0,    0,    0,    0,    0,  -18,  -10,    0,    0,    0,
       0,    0,    0,    0,    0,    0,    0,    0,    0,    0,    0,  -16,    0,  -12,    0,    0,  -16,    0,  -12,   -8,   -8,  -20,   -8,  -12,    0,    0,    0,    0,    0,    0,    0,    0,    0,    0,    0,    0,    0,    0,    0,   -8,    0,  -30,  -20,    0,  -16,    0,
       0,    0,    0,    0,    0,    0,    0,    0,    0,    0,    0,    0,   -8,    0,    0,    0,    0,    0,    7,    8,    0,    0,    0,    0,    0,    0,    0,    0,    0,    0,    0,    0,    0,    0,    0,    0,    0,    0,    0,    0,    0,    0,    0,    0,    0,    0,
       0,    0,    0,    0,    0,    0,    0,    0,    0,    0,    0,  -16,    0,    0,  -14,    0,   10,    0,    0,    0,    0,    0,    0,  -10,    0,    0,    0,    0,    0,    0,    0,    0,    0,    0,    0,    0,    0,    0,    0,    0,    0,  -49,    0,    0,   10,    0,
       0,    0,    0,    0,    0,    0,    0,    0,    0,    0,    0,    0,    0,    0,    0,    0,   -8,    0,  -12,    0,    0,  -20,    0,    0,    0,    0,    0,    0,    0,    0,    0,    0,    0,    0,    0,    0,    0,    0,    0,    0,    0,    0,  -20,    0,   -8,    0,
       0,    0,    0,    0,    0,    0,    0,    0,    0,    0,    0,    0,  -12,    0,    0,    0,    0,    0,    0,    0,    0,    0,    0,    0,    0,   -9,    0,    0,    0,    0,    0,    0,    0,    0,  -12,    0,    0,    0,    0,    0,    0,  -12,    0,    0,    0,    0,
       0,    0,    0,    0,    0,    0,    0,    0,    0,    0,    0,  -12,    0,    0,    0,    0,    0,    0,    0,    0,    0,    0,    0,    0,    0,    0,    0,    0,    0,    0,    0,    0,    0,    0,    0,    0,    0,    0,    0,    0,    0,    0,    0,    0,    0,    0,
       0,    0,    0,    0,    0,    0,    0,    0,    0,    0,    0,    0,  -20,    0,    0,    0,    0,    0,    0,    0,    0,    0,    0,    0,   -8,    0,    0,    0,    0,    0,    0,    0,    0,    0,    0,  -19,  -22,  -22,    0,    0,    0,    0,    0,    0,    0,    0,
       0,    0,    0,    0,    0,    0,    0,    0,    0,    0,    0,   12,  -16,    0,   12,    0,  -45,   -9,  -29,  -16,   12,  -37,    0,    0,    0,    0,    0,    0,   -8,    0,    0,    0,    0,    0,    0,    0,  -16,  -20,   12,    0,    0,    0,  -37,    0,  -45,    0,
       0,    0,    0,    0,    0,    0,    0,    0,    0,    0,    0,  -36,    0,    0,  -29,    0,    0,    0,    0,    0,  -13,   -8,   -8,  -12,    0,    0,    0,    0,    0,    0,    0,    0,    0,   -8,    0,    0,    0,    0,    0,    0,    0,  -64,   -8,    0,    0,    0,
       0,    0,    0,    0,    0,    0,    0,    0,    0,    0,    0,   12,    0,    0,    0,    0,    0,   -3,    0,    0,    8,  -16,    0,    0,    0,    0,    0,    0,    0,    0,    0,    0,    0,    0,    0,    0,    0,    0,    8,    8,    0,    0,  -16,    0,    0,    0,
       0,    0,    0,    0,    0,    0,    0,    0,    0,    0,    0,    8,   -9,    0,    0,    0,    0,    0,    0,    0,    0,   -7,    0,    0,    0,    0,   -8,    0,    0,    0,    0,    0,    0,    0,    0,   -8,    0,    0,    0,    0,    0,    0,   -7,    0,    0,    0,
       0,    0,    0,    0,    0,    0,    0,    0,    0,    0,    0,    0,    0,    0,    0,    0,    0,    0,    0,   -8,    0,   -6,    0,    0,    0,    0,    0,    0,    0,    0,    0,    0,    0,    0,    0,    0,    0,    0,    0,    0,    0,  -12,   -6,    0,    0,    0,
       0,    0,    0,    0,    0,    0,    0,    0,    0,    0,    0,  -29,  -16,    0,  -45,    0,   10,    0,   16,   12,    0,    8,    0,  -25,  -37,    8,  -35,    0,    0,    0,    0,  -29,  -29,  -16,    0,  -26,   -4,   -9,   -9,  -13,    0,  -54,    8,    0,   10,    0,
       0,    0,    0,    0,    0,    0,    0,    0,    0,    0,    0,  -12,    0,    0,    0,    0,    0,    0,    0,    0,    0,    0,    0,    0,    0,    0,    0,    0,    0,    0,    0,    0,    0,    0,    0,    0,    0,    0,    0,    0,    0,  -39,    0,    0,    0,    0,
       0,    0,    0,    0,    0,    0,    0,    0,    0,    0,    0,  -29,  -12,    0,  -16,    0,   16,    0,    8,    8,    0,    8,    0,  -16,  -20,    0,  -16,    0,    0,    0,    0,   -8,   -8,   -8,    0,    0,    0,    0,    0,    0,    0,  -41,    8,    0,   16,    0,
       0,    0,    0,    0,    0,    0,    0,    0,    0,    0,    0,  -20,   -8,    0,  -12,    0,   12,    0,    8,    8,    0,    0,    0,  -12,  -10,    0,  -12,    0,    0,    0,    0,    0,    0,    0,    0,    0,    0,    0,    0,    0,    0,  -38,    0,    0,   12,    0,
       0,    0,    0,    0,    0,    0,    0,    0,    0,    0,    0,    0,  -12,    0,    0,    0,    0,    0,    0,    0,    0,    0,    0,   -8,   -9,    0,   -8,    0,    0,    0,    0,    0,    0,    0,    0,  -12,   -8,    0,    0,    0,    0,    0,    0,    0,    0,    0,
       0,    0,    0,    0,    0,    0,    0,    0,    0,    0,    0,  -29,  -20,    0,  -25,    0,    8,    0,    8,    0,    0,    0,    0,  -33,  -37,    0,  -37,    0,    0,    0,    0,  -19,  -19,  -25,    0,  -16,    0,    0,   -8,   -8,    0,  -70,    0,    0,    8,    0,
       0,    0,    0,    0,    0,    0,    0,    0,    0,    0,    0,    0,  -12,    0,    0,    0,    0,    0,    0,    0,    0,    0,    0,    0,    0,    0,  -12,    0,    0,    0,    0,    0,    0,    0,  -12,    0,    0,    0,    0,    0,    0,    0,    0,    0,    0,    0,
       0,    0,    0,    0,    0,    0,    0,    0,    0,    0,    0,    0,    0,    0,    0,    0,  -25,    0,    0,    0,    0,  -24,    0,    0,    0,    0,    0,    0,    0,    0,    0,    0,    0,    0,    0,    0,    0,    0,    0,    0,    0,    0,    0,    0,    0,    0,
       0,    0,    0,    0,    0,    0,    0,    0,    0,    0,    0,    0,    0,    0,    0,    0,  -37,    0,  -20,  -10,   -9,  -37,    0,    0,    0,    0,    0,    0,    0,    0,    0,    0,    0,    0,    0,    0,    0,    0,    0,    0,    0,  -17,  -37,    0,  -37,    0,
       0,    0,    0,    0,    0,    0,    0,    0,    0,    0,    0,    0,    0,    0,    0,    0,  -42,    0,    0,  -12,    0,  -33,    0,    0,    0,    0,    0,    0,    0,    0,    0,    0,    0,    0,    0,    0,    0,    0,    0,    0,    0,   -5,  -33,    0,  -42,    0,
       0,    0,    0,    0,    0,    0,    0,    0,    0,    0,    0,    0,    0,    0,    0,    0,    0,    0,    0,    0,    0,    0,    0,    0,    0,    0,    0,    0,    0,    7,    0,    0,    0,    0,    0,    0,    0,    0,    0,    0,    0,    0,    0,    0,    0,    0,
       0,    0,    0,    0,    0,    0,    0,    0,    0,    0,    0,    0,    0,    0,    0,    0,  -29,    0,  -16,  -12,   -8,  -33,    0,    0,    0,    0,    0,    0,    0,    0,    0,    0,    0,    0,    0,    0,    0,    0,    0,    0,    0,  -13,  -33,    0,  -29,    0,
       0,    0,    0,    0,    0,    0,    0,    0,    0,    0,    0,    0,    0,    0,    0,    0,   12,    0,    0,    8,    0,    0,    0,  -13,   -9,    0,    0,    0,    0,    0,    0,    0,    0,    0,    0,    0,    0,    0,    0,    0,    0,  -36,    0,    0,   12,    0,
       0,    0,    0,    0,    0,    0,    0,    0,    0,    0,    0,    0,    0,    0,    0,    0,    0,    0,    0,    0,    0,  -20,    0,    0,    0,    0,    0,    0,    0,    0,    0,    0,    0,    0,    0,    0,    0,    0,    0,    0,    0,    0,  -20,    0,    0,    0,
       0,    0,    0,    0,    0,    0,    0,    0,    0,    0,    0,    0,    0,    0,    0,    0,  -30,    0,  -13,  -12,    0,  -29,    0,    0,   -5,    0,   -6,    0,    0,    0,    0,    0,    0,    0,   -6,    0,    0,    0,    0,    0,    0,   -8,  -29,    0,  -30,    0,
       0,    0,    0,    0,    0,    0,    0,    0,    0,    0,    0,    0,    0,    0,    0,    0,    0,    0,    0,    0,    0,    0,    0,    0,    0,    0,    0,    0,    0,   10,    0,    0,    0,    0,    0,    0,    0,    0,    0,    0,    0,    0,    0,   10,    0,    0,
       0,    0,    0,    0,    0,    0,    0,    0,    0,    0,    0,   12,   -8,    0,    0,    0,    0,    0,    0,    0,    0,    0,    0,    0,   -6,    0,    0,    0,    0,    0,    0,    0,    0,    0,   -5,    0,    0,    0,    0,    0,    0,    0,    0,    0,    0,    0,
       0,    0,   15,    0,   13,    0,    0,    0,    0,    0,    0,    0,    0,    0,    0,    0,    0,    0,    0,    0,    8,    0,    0,    0,    0,    0,    0,    0,   -8,    0,    0,    0,    5,    0,    0,    0,    5,    0,    0,    0,    0,    5,    0,    0,    0,    0,
       0,    0,    0,    0,    0,    0,    0,    0,    0,    0,    0,    0,    0,    0,    0,    0,  -20,    0,    0,    0,    0,  -12,    0,    0,    0,    0,    0,    0,    0,    0,    0,    0,    0,    0,    0,    0,    0,    0,    0,    0,    0,    0,  -12,    0,  -20,    0,
       0,    0,    0,    0,    0,    0,    0,    0,    0,    0,    0,    0,    0,    0,  -35,    0,  -10,    0,    0,   12,    0,    0,    0,   -6,    0,    8,    0,    0,    0,    0,    0,    0,    0,    0,    7,    0,   11,   10,    9,    0,    0,  -52,    0,    0,  -10,    0,
       0,    0,    0,    0,    0,    0,    0,    0,    0,    0,    0,    0,    0,    0,    9,    0,  -16,    0,   -8,    0,    0,  -24,    0,    0,    0,    0,    0,    0,    0,    0,    0,    0,    0,    0,    0,    0,    0,    0,    0,    0,    0,   -3,  -24,    0,  -16,    0,
       0,    0,    0,    0,    0,    0,    0,    0,    0,    0,    0,   10,    0,    0,    0,    0,    0,    0,    0,    0,    0,  -12,    0,    0,    0,    0,    0,    0,    0,    0,    0,    0,    0,    0,    0,    0,    0,    0,    0,    0,    0,    0,  -12,    0,    0,    0,
       0,    0,    0,    0,    0,    0,    0,    0,    0,    0,    0,    0,    0,    0,    0,    0,  -26,    0,    0,    0,    0,  -17,    0,    0,    0,    0,    0,    0,    0,    0,    0,    0,    0,    0,    0,    0,    0,    0,    0,    0,    0,  -12,  -17,    0,  -26,    0,
       0,    0,    0,    0,    0,    0,    0,    0,    0,    0,    0,  -24,    0,    0,    0,    0,   -4,    0,    0,    0,   -8,    0,   -8,   -8,    0,    9,    0,    0,    0,    0,    0,    0,    0,    9,    0,    0,    4,    4,    0,    0,    0,  -44,    0,    0,   -4,    0,
       0,    0,    0,    0,    0,    0,    0,    0,    0,    0,    0,    0,    0,    0,    0,    0,   -9,    0,    0,    0,    0,    0,    0,    0,    0,    6,    0,    0,    0,    0,    0,    0,    0,    0,    0,    0,    4,    4,    0,    0,    0,  -43,    0,    0,   -9,    0,
       0,    0,    0,    0,    0,    0,    0,    0,    0,    0,    0,    9,    0,    0,    0,    0,    0,    0,    0,    0,    0,   -8,    0,    0,    0,    0,    0,    0,    0,    0,    0,    0,    0,    0,    0,    0,    0,    0,    0,    0,    0,    0,   -8,    0,    0,    0,
       0,    0,    0,    0,    0,    0,    0,    0,    0,    0,    0,    0,    0,    0,    0,    0,    0,    0,    0,    0,    0,   -8,    0,    0,    0,    0,    0,    0,    0,    0,    0,    0,    0,    0,    0,    0,    0,    0,    0,    0,    0,    0,   -8,    0,    0,    0,
       0,    0,    0,    0,    0,    0,    0,    0,    0,    0,    0,    0,    0,    0,    0,    0,  -30,    0,  -13,  -12,    0,  -29,    0,    0,   -5,    0,   -6,    0,    0,   24,    0,    0,    0,    0,   -6,    0,    0,    0,    0,    0,    0,   -8,  -29,    0,  -30,    0,
       0,    0,   15,    0,    0,    0,    0,    0,    0,    0,    0,    0,   12,   17,    0,   13,   43,   17,   40,   40,   35,   39,   23,    0,    0,   22,    0,   17,    9,   17,   17,   13,   13,    0,   17,    0,   29,   23,   23,   17,    0,    5,   39,   17,   43,   23,
       0,    0,   15,    0,    0,    0,    0,    0,    0,    0,    0,    0,    0,    0,    0,    0,    0,    0,    0,    0,    8,    0,    0,    0,    0,    0,    0,    0,   -8,    0,    0,    0,    0,    0,    0,    0,    5,    0,    0,    0,    0,    5,    0,    0,    0,    0,
       0,    0,  -29,    0,    0,    0,    0,    0,    0,    0,    0,  -12,    0,    0,    0,    0,   17,    0,   12,   12,    6,    6,    0,    0,    0,    0,    0,    0,    0,    0,    0,    0,    0,    0,    0,    0,    0,    0,    0,    0,    0,  -23,    6,    0,   17,    0,
       0,    0,  -29,    0,    0,    0,    0,    0,    0,    0,    0,  -12,    0,    0,    0,   12,   12,    0,   12,   12,    0,    0,    0,    0,    0,    0,    0,    6,    6,    0,    6,    0,    0,    0,   11,    0,   17,   17,   12,    0,    0,  -17,    0,    0,   12,    0,
       0,    0,  -29,    0,    0,    0,    0,    0,    0,    0,    0,  -23,    0,    0,   -6,    0,   23,    0,   17,   17,    6,   12,    0,  -12,   -6,    0,   -6,    0,    0,    0,    0,    0,    0,    0,    0,   -6,    0,    0,    0,   -6,    0,  -29,   12,    0,   23,    0,
       0,    0,  -17,    0,    0,    0,    0,    0,    0,    0,    0,  -12,    0,    0,  -12,   12,   17,    0,   17,   17,    0,    0,    0,   -6,   -6,   12,   -6,    0,    0,    0,    0,    0,    0,   -6,   12,    0,   17,   17,   17,    0,    0,  -17,    0,    0,   17,    0,
       0,    0,    0,    0,    0,    0,    0,    0,    0,    0,    0,    0,    0,    0,    0,    0,    0,    0,    0,    0,    0,    0,    0,    0,    0,    0,    0,    0,    0,    0,    0,    0,    0,  -12,    0,    0,    0,    0,    0,    0,    0,    0,    0,    0,    0,    0,
};

static const EpdLigaturePair lexica_13_boldLigaturePairs[] = {
    { 0x00660066, 0xFB00 }, // f f -> U+FB00
    { 0x00660069, 0xFB01 }, // f i -> U+FB01
    { 0x0066006C, 0xFB02 }, // f l -> U+FB02
    { 0xFB000069, 0xFB03 }, // U+FB00 i -> U+FB03
    { 0xFB00006C, 0xFB04 }, // U+FB00 l -> U+FB04
};

static const EpdFontData lexica_13_bold = {
    lexica_13_boldBitmaps,
    lexica_13_boldGlyphs,
    lexica_13_boldIntervals,
    43,
    34,
    26,
    -8,
    true,
    lexica_13_boldGroups,
    12,
    nullptr,
    lexica_13_boldKernLeftClasses,
    lexica_13_boldKernRightClasses,
    lexica_13_boldKernMatrix,
    350,
    329,
    62,
    46,
    lexica_13_boldLigaturePairs,
    5,
};
