/**
 * generated by fontconvert.py
 * name: lexica_13_bolditalic
 * size: 13
 * mode: 2-bit  compressed: true
 * Command used: fontconvert.py lexica_13_bolditalic 13 ../builtinFonts/source/lexica-ultralegible/LexicaUltralegible-BoldItalic.ttf --2bit --compress
 */
#pragma once
#include "EpdFontData.h"

static const uint8_t lexica_13_bolditalicBitmaps[15999] = {
    0x8D, 0x59, 0xBF, 0xB3, 0xDD, 0x46, 0x15, 0x5E, 0x5D, 0xC5, 0xD1, 0x30, 0x9A, 0x61, 0xE9, 0x28,
    0x3C, 0x83, 0x28, 0x28, 0x68, 0x32, 0x6A, 0x28, 0xC3, 0xEC, 0x75, 0x5C, 0xA4, 0x48, 0x61, 0x0A,
    0x06, 0x66, 0x78, 0xC5, 0xFB, 0x13, 0x6E, 0x43, 0x91, 0x22, 0x64, 0x35, 0xA4, 0xA4, 0xC0, 0x0D,
    0xA4, 0xA0, 0xE1, 0x4F, 0xA0, 0x70, 0x01, 0x33, 0x38, 0xBB, 0x31, 0x45, 0x0A, 0x17, 0x51, 0xC2,
    0x24, 0x14, 0x29, 0xAC, 0x10, 0x3F, 0x32, 0x54, 0x96, 0x27, 0x7A, 0xB1, 0x2E, 0x91, 0x74, 0xF8,
    0xBE, 0xB3, 0xD2, 0x7B, 0x2F, 0xB1, 0xCD, 0x70, 0x9F, 0xB4, 0xD7, 0x57, 0x3F, 0x76, 0xCF, 0xCF,
    0xEF, 0x7C, 0x67, 0x6D, 0xA4, 0x33, 0xD2, 0x66, 0x12, 0x71, 0xEC, 0xA4, 0xC9, 0x65, 0x9F, 0x8B,
    0xC9, 0x17, 0x93, 0xCF, 0x26, 0x9F, 0x4C, 0x3E, 0x9A, 0xBC, 0x37, 0xF8, 0x94, 0xD1, 0xB8, 0x7E,
    0x3D, 0xF8, 0xEF, 0xDF, 0x76, 0x3C, 0x6E, 0xE1, 0x68, 0xD3, 0x61, 0x6C, 0x57, 0x47, 0x63, 0xAA,
    0xD6, 0x61, 0xAC, 0xD7, 0xD1, 0x47, 0x53, 0x09, 0x3E, 0xEB, 0x58, 0x63, 0x58, 0x8C, 0xF1, 0x7B,
    0x31, 0xDB, 0x18, 0x4C, 0x1A, 0x79, 0x19, 0x77, 0xA7, 0x75, 0x0C, 0x18, 0x47, 0xB3, 0x5B, 0x20,
    0x82, 0xC9, 0x66, 0x8E, 0xBB, 0x09, 0xB2, 0xAC, 0xA3, 0x31, 0x96, 0xC3, 0xF7, 0xB6, 0xE1, 0xBA,
    0xEC, 0x4D, 0x26, 0x32, 0x98, 0x82, 0xF3, 0xDB, 0x39, 0x60, 0xC1, 0xFE, 0xCF, 0x0F, 0x4D, 0x35,
    0xDC, 0xC1, 0xA3, 0x0B, 0x14, 0x28, 0xE5, 0x88, 0x97, 0x45, 0x5A, 0x2E, 0x83, 0x19, 0x72, 0xCA,
    0x91, 0xDF, 0x17, 0x93, 0xDD, 0xBC, 0x27, 0xC6, 0xBF, 0xF7, 0x6B, 0x0C, 0xF2, 0x87, 0x99, 0x12,
    0x4E, 0x9C, 0xA5, 0xC3, 0x73, 0x78, 0xC2, 0xBC, 0xC4, 0x25, 0x7E, 0xCC, 0x21, 0x34, 0x06, 0xFA,
    0x95, 0xD2, 0x1B, 0x0F, 0x2D, 0xF1, 0xD4, 0x6C, 0x8C, 0xFB, 0x78, 0xDA, 0x61, 0x32, 0x6F, 0xA6,
    0xA2, 0xD7, 0x2F, 0xCB, 0xF9, 0xDF, 0x9E, 0x5C, 0x83, 0x7B, 0x32, 0x84, 0xE2, 0x88, 0x27, 0xDB,
    0xC9, 0xC9, 0x1E, 0x9A, 0x8C, 0x22, 0xB0, 0x49, 0xF9, 0x78, 0x39, 0x60, 0xF2, 0xEA, 0xDE, 0x58,
    0xE2, 0xCB, 0xDD, 0x1C, 0xF8, 0xF5, 0x4E, 0x3E, 0xD8, 0xCE, 0x64, 0x53, 0x3E, 0x1F, 0xA2, 0xC9,
    0x07, 0xA8, 0xD2, 0xC0, 0x9C, 0x26, 0x40, 0x02, 0xAC, 0x59, 0x3D, 0x84, 0x0D, 0xB0, 0xBC, 0x2E,
    0xAE, 0x4B, 0x63, 0x61, 0xAE, 0xDE, 0x5C, 0x0C, 0xF7, 0x78, 0xED, 0xD1, 0xC8, 0xBB, 0x94, 0x5C,
    0x6E, 0x4C, 0x3B, 0xC1, 0x8A, 0x56, 0xA4, 0xE8, 0xAB, 0x41, 0x1E, 0x74, 0xAE, 0x73, 0x12, 0x5D,
    0x5B, 0x8B, 0x71, 0x9D, 0x9D, 0x8D, 0x3B, 0xFA, 0x59, 0x7D, 0x82, 0x39, 0xB1, 0x58, 0x16, 0x3A,
    0x1F, 0x03, 0xBC, 0xE0, 0xD7, 0x3F, 0x63, 0xE1, 0xE8, 0x16, 0x3A, 0x67, 0xC2, 0x28, 0x28, 0x47,
    0x5E, 0xA8, 0x3B, 0x03, 0xAF, 0xE2, 0xF0, 0x8D, 0x09, 0xFB, 0xCB, 0xC3, 0xEF, 0x79, 0x25, 0xDD,
    0xAA, 0x5B, 0x3E, 0x89, 0x83, 0x3F, 0xAA, 0x6E, 0xFD, 0x51, 0xC0, 0x33, 0xA3, 0x86, 0xD3, 0x95,
    0x03, 0x57, 0xCA, 0x81, 0x77, 0xAB, 0x9E, 0xAF, 0x21, 0x54, 0x64, 0x9F, 0x2D, 0xBC, 0x63, 0x07,
    0x5E, 0xE0, 0x67, 0x30, 0x3F, 0xEA, 0x4D, 0x78, 0x0C, 0x8D, 0x1A, 0x2B, 0xB1, 0x1E, 0xCC, 0x9B,
    0xA3, 0xF9, 0xE1, 0x1B, 0xC6, 0x7C, 0x9F, 0x8A, 0x3F, 0xE3, 0xC4, 0x1C, 0x22, 0xFD, 0x76, 0x3E,
    0xEB, 0x99, 0xBC, 0xB3, 0x13, 0xFF, 0x8A, 0x21, 0xEF, 0xCB, 0x68, 0x1B, 0xC7, 0x65, 0x9C, 0x74,
    0x5E, 0xDA, 0x20, 0xB1, 0x6A, 0x5C, 0xE7, 0x7B, 0xD7, 0x55, 0x78, 0x98, 0x41, 0x07, 0x19, 0x55,
    0x19, 0x8A, 0x03, 0x01, 0x19, 0xAB, 0xBB, 0x25, 0xDD, 0x82, 0xEC, 0x94, 0x9C, 0x6B, 0x32, 0x36,
    0x78, 0x0B, 0x29, 0x63, 0x8A, 0x69, 0x7D, 0xA3, 0x4B, 0xB7, 0xCC, 0xF5, 0x05, 0x46, 0x92, 0x2E,
    0x47, 0x3C, 0xDB, 0xE5, 0x74, 0xAA, 0xA6, 0x7C, 0x71, 0xB2, 0x13, 0xF7, 0xE8, 0x86, 0xF8, 0xF7,
    0xDF, 0x95, 0xF0, 0x9B, 0x0F, 0x24, 0xBC, 0xF5, 0x58, 0xC2, 0x8D, 0x2F, 0x97, 0xD0, 0xC8, 0x1C,
    0xA2, 0x9F, 0x7C, 0x74, 0xA3, 0x3B, 0xF7, 0x3D, 0x1C, 0x14, 0xE1, 0x1F, 0xCC, 0x8F, 0x08, 0xC8,
    0x61, 0x94, 0xA1, 0x92, 0xBE, 0x96, 0x1E, 0xE2, 0xD2, 0x3B, 0xF4, 0x84, 0x1E, 0x58, 0x1E, 0x09,
    0x80, 0x58, 0x16, 0x4A, 0xB7, 0xDB, 0x72, 0x97, 0xA2, 0x64, 0x8C, 0x78, 0x0D, 0x19, 0x64, 0x14,
    0x7E, 0xFD, 0x1E, 0x0F, 0xFE, 0xCA, 0x20, 0xBC, 0x92, 0xD0, 0x7C, 0x0F, 0x69, 0x61, 0x92, 0xDC,
    0x58, 0x80, 0x97, 0xF0, 0x46, 0xC1, 0x4B, 0x8E, 0xF9, 0xC6, 0x47, 0xEB, 0xD9, 0x68, 0x76, 0x0E,
    0x9C, 0x64, 0x50, 0x13, 0x33, 0x18, 0x11, 0x05, 0x32, 0x40, 0xAF, 0xA9, 0x9C, 0x4F, 0x96, 0xEC,
    0x8F, 0xF9, 0xA2, 0x16, 0xC8, 0x0E, 0x70, 0x20, 0x1E, 0x80, 0xBF, 0xB0, 0x30, 0xD3, 0x82, 0x36,
    0xA4, 0xC1, 0xC6, 0x43, 0x63, 0x87, 0x70, 0x06, 0xFB, 0x42, 0x2F, 0x4B, 0x71, 0xA8, 0x17, 0x16,
    0x8C, 0xCC, 0x47, 0xAC, 0x63, 0x45, 0xF3, 0x06, 0x22, 0x51, 0xE9, 0x9C, 0x83, 0xFD, 0x0F, 0x81,
    0xE1, 0x33, 0x4C, 0x2B, 0x6F, 0x41, 0x23, 0xE2, 0x41, 0x35, 0x96, 0x13, 0x9E, 0xC2, 0x1C, 0x3A,
    0x10, 0x2F, 0x9A, 0xE4, 0x0A, 0x35, 0x7A, 0x0A, 0x1D, 0x98, 0x87, 0x72, 0x22, 0x93, 0x16, 0x64,
    0xBD, 0x02, 0x08, 0x82, 0xD0, 0xD8, 0x27, 0x33, 0x56, 0x41, 0x24, 0x41, 0x85, 0xFA, 0xDC, 0x0F,
    0x59, 0x63, 0x47, 0x4A, 0xC6, 0x33, 0xC3, 0xE9, 0xA2, 0x1D, 0x68, 0xF9, 0xFA, 0xAA, 0xE5, 0xCB,
    0x85, 0xD6, 0x6B, 0x21, 0x4F, 0x5F, 0xCE, 0xBF, 0xD8, 0xAB, 0xD3, 0x3F, 0x19, 0x29, 0xC2, 0x1E,
    0x8B, 0xB7, 0xE1, 0x3C, 0xF4, 0x21, 0x56, 0xBD, 0xEC, 0x6D, 0x2F, 0xF0, 0x7D, 0xC0, 0x77, 0x68,
    0xEA, 0xCE, 0x9D, 0x05, 0xAE, 0xD3, 0x94, 0x02, 0xE9, 0x43, 0xC7, 0x75, 0x85, 0xC3, 0xC2, 0xC4,
    0x23, 0xB6, 0x94, 0x34, 0x39, 0xD7, 0x27, 0xA6, 0xA6, 0xF8, 0x52, 0x7F, 0xE4, 0xB2, 0xDD, 0xAC,
    0xE8, 0x0F, 0x47, 0xA5, 0x42, 0xA4, 0x2F, 0x79, 0x93, 0x6F, 0xDA, 0x0B, 0x67, 0xF9, 0x4E, 0xC1,
    0x99, 0x18, 0x00, 0x2B, 0x40, 0x9A, 0xDD, 0x72, 0xDA, 0xED, 0x80, 0x2D, 0xBB, 0xA9, 0x02, 0xA8,
    0x13, 0xD2, 0x99, 0x3A, 0x88, 0x99, 0xF3, 0xC3, 0xE8, 0x63, 0x31, 0x85, 0x26, 0xC7, 0x89, 0xEF,
    0x58, 0x4E, 0xD0, 0x74, 0x80, 0x84, 0x5D, 0x49, 0x0B, 0x06, 0x08, 0x52, 0x8F, 0x84, 0x51, 0x62,
    0x42, 0xAC, 0x8E, 0xBE, 0x83, 0x35, 0x7A, 0xD7, 0xD8, 0xDE, 0xF3, 0x8C, 0x15, 0x35, 0x6A, 0xEB,
    0x34, 0x1F, 0x9E, 0x9B, 0x93, 0xF0, 0x94, 0x1D, 0xD2, 0x51, 0x38, 0xCA, 0x46, 0xB9, 0x77, 0x43,
    0x39, 0xD9, 0xB9, 0x9C, 0x76, 0x83, 0x59, 0x3F, 0xF5, 0xDE, 0xB7, 0xC0, 0x98, 0xB6, 0xDE, 0x9B,
    0xBB, 0x8C, 0x37, 0x54, 0x19, 0x46, 0xDD, 0x5D, 0x73, 0xF5, 0x53, 0xB6, 0x54, 0x18, 0x32, 0xD4,
    0x0A, 0x0B, 0x05, 0xA0, 0x04, 0x98, 0xBB, 0xC2, 0xAF, 0xF9, 0x41, 0xF2, 0xA0, 0x1F, 0x20, 0x9E,
    0x22, 0x64, 0x25, 0x0F, 0x8D, 0xA3, 0xE2, 0x03, 0x95, 0xBF, 0x8D, 0x69, 0x09, 0x97, 0x88, 0xB8,
    0x0C, 0x31, 0x6A, 0xAE, 0x73, 0xED, 0x3B, 0xDB, 0xD4, 0x0C, 0xDE, 0xED, 0x7C, 0xD6, 0xB5, 0xDB,
    0xF8, 0x4D, 0xC3, 0x12, 0x3D, 0xE1, 0x56, 0x78, 0x68, 0xA0, 0xCF, 0x1B, 0xF3, 0x22, 0xB2, 0x21,
    0x0B, 0x2D, 0xE6, 0x6D, 0x0B, 0x68, 0xCC, 0x4B, 0x2C, 0x1F, 0xF4, 0xC4, 0xC3, 0x8B, 0x89, 0x16,
    0x5A, 0x0C, 0x00, 0x8B, 0xB9, 0xCE, 0x0E, 0x53, 0xB1, 0xA7, 0x7B, 0x2A, 0x9A, 0x12, 0xD8, 0x86,
    0xE0, 0xF6, 0xB3, 0xA6, 0x21, 0x15, 0xCE, 0x7E, 0x9A, 0x5E, 0xC9, 0xBB, 0xE4, 0xC4, 0xED, 0xE4,
    0x6F, 0x24, 0x5D, 0xC3, 0x45, 0x51, 0xF6, 0x46, 0x40, 0x30, 0x8A, 0x6C, 0x19, 0xAB, 0x2C, 0x7C,
    0xD8, 0xBD, 0x6C, 0xA5, 0xEB, 0x5F, 0x77, 0xAF, 0xB5, 0x77, 0xFE, 0xF4, 0xD7, 0x32, 0xFE, 0xB2,
    0x1F, 0x6D, 0xBC, 0xD3, 0xA3, 0xC6, 0x0C, 0x00, 0xB9, 0x7B, 0xFD, 0x9D, 0xF0, 0x95, 0xB4, 0xAF,
    0xD7, 0x1F, 0x48, 0xB2, 0x53, 0xB5, 0x37, 0x6A, 0x28, 0x22, 0x12, 0x13, 0x8B, 0xA5, 0x71, 0xCD,
    0x67, 0xCB, 0xA1, 0xE6, 0xEF, 0x35, 0xC7, 0x1A, 0xC8, 0x05, 0x10, 0xC9, 0x67, 0x0C, 0x88, 0x86,
    0x08, 0xE0, 0x45, 0xDE, 0xD4, 0xBD, 0xA2, 0x31, 0x72, 0x89, 0x89, 0xBE, 0xE3, 0x90, 0x73, 0x28,
    0x09, 0xCC, 0x70, 0x10, 0x1E, 0x42, 0x76, 0x8F, 0x88, 0x3C, 0x5C, 0xD1, 0x48, 0xC6, 0x5D, 0xC6,
    0x1A, 0x1F, 0x36, 0xBE, 0x07, 0xFE, 0xD4, 0x3D, 0x80, 0x00, 0x03, 0xAA, 0x39, 0xCC, 0x06, 0x83,
    0x96, 0x5A, 0x97, 0x99, 0xA9, 0x76, 0xB8, 0x86, 0xE4, 0x47, 0x11, 0x45, 0xC6, 0xAC, 0xAB, 0x44,
    0xD7, 0x7D, 0x57, 0x1A, 0x26, 0x33, 0x7D, 0x32, 0xC2, 0x04, 0x80, 0x4C, 0x58, 0x9D, 0x00, 0x4B,
    0x67, 0x04, 0x86, 0xB5, 0x7C, 0x14, 0xFA, 0x02, 0xA9, 0xA3, 0xC6, 0x4D, 0x89, 0x51, 0xF7, 0x5B,
    0x76, 0xB8, 0xF6, 0x62, 0xE8, 0xB6, 0x74, 0x42, 0x10, 0xFD, 0x05, 0xB5, 0xFF, 0xE7, 0xBA, 0xF8,
    0x9C, 0xE8, 0x81, 0xA9, 0x17, 0x55, 0xFC, 0xB6, 0x51, 0xC1, 0x29, 0x33, 0x12, 0xE4, 0x9A, 0xA8,
    0xCC, 0x03, 0x64, 0xB6, 0x23, 0xCB, 0xCF, 0x04, 0x30, 0x2C, 0x27, 0xEA, 0x3B, 0x21, 0xC2, 0xED,
    0x68, 0xA9, 0x34, 0x0B, 0x60, 0x4F, 0x99, 0xBB, 0xBA, 0x07, 0x55, 0x72, 0x9F, 0x1E, 0x84, 0x10,
    0xA0, 0x84, 0x05, 0x95, 0x52, 0xFE, 0x6D, 0x4C, 0x42, 0x46, 0x0E, 0x9C, 0xB9, 0x53, 0x5C, 0x65,
    0xB9, 0xD0, 0xC2, 0xA0, 0x45, 0x83, 0xD4, 0x82, 0x24, 0x82, 0xF5, 0x9D, 0xAA, 0x59, 0xEA, 0xC1,
    0x72, 0xB1, 0xE2, 0xD7, 0xA5, 0x46, 0xEB, 0xCC, 0xCA, 0x84, 0x46, 0x9D, 0x59, 0x6B, 0x5B, 0xE4,
    0xCC, 0xCD, 0x73, 0x66, 0xD6, 0x38, 0x54, 0x80, 0x9B, 0x9E, 0x9A, 0xF9, 0xD2, 0x4C, 0x71, 0xC3,
    0x1A, 0x62, 0x0A, 0xED, 0xAC, 0xB4, 0x41, 0xD1, 0x9C, 0x32, 0x27, 0x3B, 0x7F, 0x7B, 0xB5, 0xF3,
    0x15, 0xA9, 0x4A, 0x19, 0x5D, 0x6B, 0xD3, 0xC0, 0x38, 0xA9, 0x50, 0x27, 0x71, 0x0F, 0xE9, 0xE7,
    0xBB, 0x0A, 0x76, 0x6E, 0xCB, 0x64, 0x4E, 0x79, 0x10, 0xCD, 0xE1, 0x68, 0xA3, 0xD6, 0x24, 0x1E,
    0x99, 0x56, 0x26, 0x16, 0xA7, 0xAB, 0xF5, 0x69, 0xDE, 0x68, 0x80, 0xF2, 0x2D, 0x48, 0x5C, 0x2A,
    0xE5, 0x63, 0x90, 0xD0, 0xDC, 0x5C, 0x3A, 0x71, 0x83, 0x4A, 0x99, 0x07, 0xC9, 0x47, 0xAA, 0x7A,
    0x57, 0x0A, 0x1F, 0x6B, 0x9F, 0x96, 0x3F, 0x56, 0x58, 0xA2, 0x9F, 0x9E, 0x44, 0x25, 0xAA, 0x4F,
    0xED, 0xAB, 0xAD, 0x14, 0x77, 0x49, 0x7D, 0x2A, 0xEE, 0xB7, 0x8A, 0xBD, 0x57, 0xD4, 0x72, 0x42,
    0x2C, 0x87, 0x16, 0xA2, 0x44, 0x57, 0xAD, 0x22, 0x5B, 0x6D, 0x54, 0x76, 0x9A, 0x5D, 0x9A, 0xFB,
    0xC2, 0xE6, 0x5A, 0x2F, 0x15, 0xA4, 0x59, 0x3D, 0xB8, 0xDE, 0x75, 0x56, 0x06, 0x02, 0xBF, 0xF1,
    0x67, 0x70, 0x96, 0x4B, 0x4E, 0x5E, 0xF8, 0x7A, 0xA7, 0xB3, 0x59, 0xA6, 0x0A, 0xAB, 0x6A, 0x26,
    0xBC, 0xB4, 0x93, 0x02, 0x2B, 0xEC, 0x16, 0x56, 0xD7, 0x7C, 0x0E, 0xBD, 0x56, 0xBC, 0x48, 0x47,
    0x6A, 0x71, 0xD0, 0x91, 0x48, 0xAB, 0x23, 0xAE, 0xDB, 0x99, 0x0A, 0x54, 0x7D, 0xAD, 0x2A, 0x51,
    0x41, 0xD7, 0x52, 0x00, 0xD7, 0x52, 0x20, 0x1F, 0x19, 0x14, 0x41, 0xAD, 0xBE, 0x9D, 0x94, 0x7B,
    0xB7, 0x51, 0x96, 0x79, 0x65, 0x34, 0x53, 0x12, 0xFB, 0x29, 0x23, 0xF5, 0xAB, 0x91, 0x10, 0xBD,
    0x88, 0xBB, 0x9E, 0xC1, 0x60, 0xD4, 0x1F, 0x40, 0xBC, 0x09, 0xB0, 0x01, 0x2A, 0xC8, 0xB2, 0x0B,
    0xDC, 0x66, 0x4C, 0x62, 0x4E, 0x26, 0x3F, 0xA6, 0x9D, 0x76, 0x0B, 0x49, 0xDB, 0x94, 0x7F, 0x35,
    0x63, 0xF2, 0xA9, 0xFC, 0x82, 0x74, 0x71, 0xB6, 0x7F, 0x67, 0x08, 0xCE, 0xF5, 0x7B, 0xF8, 0xEA,
    0xEF, 0xBA, 0xD7, 0x48, 0x20, 0xDF, 0x09, 0xEA, 0xD6, 0x30, 0x2B, 0x97, 0xF4, 0x53, 0x45, 0x8E,
    0x89, 0x0A, 0x44, 0x5A, 0xE9, 0x13, 0xE8, 0xB8, 0x56, 0x59, 0xA7, 0x8B, 0x8C, 0x52, 0x52, 0xED,
    0xC8, 0x91, 0x34, 0x14, 0xB4, 0x43, 0x97, 0x66, 0x14, 0x71, 0xCC, 0x97, 0x59, 0xB9, 0xA9, 0x40,
    0xB9, 0x62, 0x12, 0xA8, 0x57, 0x8E, 0xFE, 0x26, 0x17, 0x75, 0xBA, 0xA6, 0xBB, 0xCF, 0x25, 0xAB,
    0x4F, 0xB8, 0x22, 0xE2, 0x95, 0x16, 0x23, 0x21, 0x04, 0x1C, 0x61, 0x8C, 0x39, 0x94, 0xF3, 0x18,
    0x13, 0xC5, 0x65, 0x6D, 0x0D, 0xC7, 0xD5, 0xCE, 0x5E, 0xD3, 0xF7, 0xCC, 0x4F, 0xC0, 0x4C, 0x3B,
    0x23, 0x0B, 0xF2, 0x05, 0x68, 0x93, 0x2F, 0x30, 0x50, 0x2E, 0xB0, 0x10, 0xE8, 0x5B, 0xBB, 0x0E,
    0xB3, 0x23, 0x06, 0x2A, 0x1A, 0xA2, 0x6A, 0xB9, 0xDE, 0x2E, 0x3F, 0x93, 0xC8, 0x60, 0x26, 0xB2,
    0x8C, 0x2B, 0xF6, 0x0A, 0x3B, 0x8F, 0x2D, 0x73, 0x81, 0x90, 0x59, 0x20, 0xDA, 0x54, 0x44, 0x9B,
    0x8A, 0x08, 0x59, 0xF7, 0x70, 0x49, 0xE8, 0x34, 0x79, 0x36, 0x8A, 0xF0, 0xF0, 0xFF, 0xCA, 0xDC,
    0x1D, 0x9E, 0x63, 0xC3, 0x92, 0xA6, 0xCF, 0xE5, 0x77, 0xD2, 0x43, 0x5C, 0x37, 0xB0, 0x7C, 0x8E,
    0x10, 0xCD, 0x82, 0x48, 0x42, 0xBE, 0xC0, 0x41, 0x9A, 0x17, 0x38, 0xBC, 0x64, 0x47, 0x69, 0xC4,
    0x0E, 0xA0, 0x4D, 0x8F, 0x7A, 0xD2, 0x93, 0xCE, 0xC3, 0x2E, 0xD1, 0xCD, 0x27, 0x08, 0x4F, 0x2E,
    0x9E, 0x2B, 0xD0, 0x1C, 0x16, 0x5D, 0xBA, 0xE4, 0xAA, 0x3B, 0x4E, 0x9F, 0x10, 0xA8, 0x59, 0x61,
    0xED, 0x5A, 0xF8, 0x3A, 0xC8, 0xBB, 0xBE, 0x98, 0xAF, 0xAD, 0xF9, 0x6F, 0x57, 0xA4, 0xBF, 0x4D,
    0x26, 0x14, 0x09, 0x12, 0xA8, 0x28, 0x80, 0x4C, 0xA8, 0x00, 0xEF, 0x6B, 0xC4, 0xC2, 0xF0, 0xA8,
    0xA4, 0x1A, 0xAF, 0x24, 0xC7, 0x57, 0x1B, 0xB7, 0x13, 0x12, 0x28, 0xF3, 0x30, 0xE1, 0xBB, 0x4D,
    0x19, 0x70, 0xD4, 0xC4, 0xD0, 0xC6, 0x8D, 0xDC, 0x62, 0xCD, 0x0E, 0x93, 0x91, 0x41, 0x68, 0xD4,
    0xFB, 0xE3, 0x89, 0x36, 0x6E, 0xE3, 0xDA, 0xB8, 0x1D, 0x16, 0xF3, 0x14, 0x3F, 0xB4, 0x6B, 0x92,
    0x3E, 0x07, 0x6D, 0x9F, 0x61, 0xDE, 0xE7, 0x42, 0x00, 0xC3, 0x5C, 0xC3, 0xAD, 0x60, 0xB4, 0xB1,
    0x4A, 0xF4, 0x80, 0x00, 0x44, 0x19, 0x82, 0xAC, 0x67, 0xDF, 0xD4, 0x69, 0x60, 0x53, 0x65, 0x54,
    0x36, 0x0D, 0x6A, 0x0D, 0x69, 0x4C, 0xE6, 0x11, 0x04, 0xCC, 0xD7, 0xC5, 0xB8, 0xF3, 0x53, 0x26,
    0x15, 0xA1, 0x4E, 0x94, 0x62, 0x1C, 0x15, 0x93, 0xC0, 0x92, 0x90, 0x6E, 0x31, 0xA9, 0x15, 0xF9,
    0x5C, 0x24, 0xD9, 0x8D, 0x10, 0xDF, 0x45, 0x35, 0x22, 0xCD, 0xD9, 0x06, 0x36, 0x5A, 0xA4, 0x29,
    0xFF, 0x84, 0x58, 0xD5, 0xE7, 0x4C, 0x67, 0xBA, 0x88, 0x11, 0x8E, 0x81, 0xDC, 0x42, 0x5B, 0x4D,
    0x4A, 0x5F, 0x8A, 0xAA, 0xE1, 0xFA, 0x7C, 0x09, 0x7B, 0x8F, 0x58, 0x0B, 0xFB, 0xD0, 0xDB, 0x31,
    0xEC, 0x05, 0xC5, 0x2C, 0xBC, 0x02, 0x1A, 0xDC, 0x85, 0x9B, 0xA0, 0x87, 0x31, 0xBC, 0xFA, 0x04,
    0x0E, 0x0B, 0xB7, 0x3E, 0x07, 0x91, 0x0D, 0xA7, 0xFF, 0x78, 0x2C, 0x26, 0x1C, 0xDE, 0xFB, 0x62,
    0x36, 0xDE, 0xBF, 0xFA, 0x05, 0x4B, 0x51, 0xF1, 0x15, 0x58, 0xC9, 0xC2, 0xF4, 0x61, 0x6A, 0x40,
    0xAF, 0xB1, 0x60, 0xB6, 0x0C, 0x64, 0x2D, 0x98, 0x17, 0xCB, 0xB0, 0xD6, 0x27, 0xB3, 0x7A, 0x46,
    0x20, 0x39, 0x4F, 0x39, 0xE5, 0xCA, 0x0B, 0xE9, 0x4A, 0xF4, 0x3C, 0xA3, 0xD6, 0x48, 0xE5, 0xB3,
    0x6A, 0x5E, 0x27, 0xDA, 0x7D, 0x4D, 0x8A, 0xBB, 0xA3, 0x86, 0xF4, 0x74, 0x81, 0x7D, 0x1A, 0xD9,
    0x98, 0x4A, 0x69, 0x0A, 0x55, 0x06, 0x5C, 0xC2, 0x9E, 0x15, 0x83, 0x8E, 0x28, 0x0A, 0x9B, 0xE0,
    0xA2, 0x67, 0x80, 0x49, 0xEB, 0xD0, 0x60, 0x35, 0x55, 0x0F, 0xAA, 0x8E, 0xA4, 0x27, 0x02, 0xF9,
    0x9E, 0xB0, 0x10, 0x19, 0x3A, 0x00, 0x59, 0x92, 0x55, 0x25, 0x6E, 0x46, 0x41, 0x5E, 0x1D, 0x9C,
    0xFA, 0x9F, 0xCD, 0xCB, 0xC9, 0xC1, 0x17, 0x5E, 0xD6, 0xAD, 0x8A, 0x14, 0x46, 0x3A, 0xEA, 0x35,
    0xAF, 0x82, 0x2A, 0x83, 0x24, 0x74, 0xD0, 0xCC, 0x8C, 0x0F, 0x92, 0xD0, 0xFF, 0x7D, 0xB9, 0x58,
    0x2F, 0x37, 0xEB, 0xC4, 0x51, 0xC7, 0x46, 0xA7, 0xDF, 0x27, 0x33, 0xF0, 0xE4, 0x8E, 0x43, 0xD8,
    0xA7, 0x80, 0xE3, 0x82, 0x98, 0x20, 0xD3, 0x9D, 0x0F, 0xC3, 0x7D, 0x18, 0x3D, 0x49, 0x81, 0xB9,
    0xD7, 0x50, 0xD2, 0xD3, 0x74, 0x34, 0x4B, 0x42, 0xD4, 0x6D, 0x02, 0x0D, 0xE0, 0xAB, 0x53, 0xA5,
    0xA6, 0xBC, 0x6E, 0xB5, 0x94, 0x6E, 0x1D, 0xF8, 0x6E, 0x56, 0x55, 0x45, 0xF5, 0xBF, 0xBC, 0xDD,
    0xB3, 0x8C, 0xB1, 0x20, 0xCF, 0x7C, 0x15, 0x47, 0x98, 0xB9, 0xEE, 0x2E, 0xED, 0x00, 0x0D, 0x5C,
    0xB3, 0xD4, 0x03, 0x8B, 0x62, 0x4D, 0x2C, 0x89, 0x15, 0xD1, 0x4E, 0xE3, 0x40, 0xFB, 0x1F, 0x38,
    0x61, 0x7A, 0x49, 0x77, 0x27, 0x9A, 0xB5, 0x5B, 0xEE, 0x94, 0x03, 0xE7, 0xCC, 0xCC, 0x2F, 0x99,
    0x27, 0xC0, 0xBD, 0x36, 0x30, 0x2D, 0x1A, 0xBF, 0xAF, 0x35, 0xC9, 0x64, 0x4E, 0xC7, 0xCB, 0x98,
    0x03, 0xAD, 0x46, 0x04, 0x22, 0x5C, 0x34, 0x5B, 0xC5, 0xF1, 0x74, 0x30, 0x3F, 0xD1, 0x3E, 0x7B,
    0x30, 0x07, 0x10, 0x50, 0x79, 0x84, 0x68, 0xAD, 0xD0, 0x8A, 0xA0, 0x49, 0x3F, 0x93, 0xD6, 0xA7,
    0x14, 0x8F, 0xE5, 0xE2, 0xD6, 0xB2, 0x97, 0xDC, 0x98, 0x31, 0xD8, 0xE6, 0x1A, 0x69, 0x26, 0x23,
    0xE6, 0x99, 0x0B, 0x39, 0x59, 0xD0, 0x8C, 0x00, 0xF6, 0x32, 0xB1, 0x7D, 0x3A, 0x01, 0xBD, 0x0B,
    0x91, 0xD7, 0xCD, 0x87, 0x91, 0x25, 0xCF, 0x3D, 0x42, 0xD6, 0xBD, 0x0A, 0x83, 0x57, 0x47, 0x02,
    0x12, 0x9A, 0x36, 0x69, 0xAB, 0xE3, 0x01, 0x71, 0xF5, 0xAD, 0xC4, 0x17, 0x2E, 0xAB, 0x2A, 0xCE,
    0xEF, 0x98, 0xF0, 0xD1, 0x42, 0xEF, 0x81, 0x38, 0x81, 0xAE, 0x93, 0x4F, 0xA6, 0x47, 0xBE, 0x0E,
    0x18, 0xFE, 0x43, 0x54, 0x46, 0x79, 0xB2, 0x32, 0xB2, 0xFA, 0x88, 0xF8, 0x01, 0x0A, 0x22, 0x8D,
    0x22, 0x8C, 0x1D, 0x9A, 0x92, 0x35, 0x0D, 0x96, 0x4F, 0x43, 0x44, 0x1D, 0x09, 0x67, 0x4C, 0x2C,
    0x02, 0x42, 0x2D, 0x68, 0x3A, 0x0A, 0xAD, 0xF8, 0xF5, 0x85, 0x44, 0x1D, 0x24, 0x42, 0xB8, 0x97,
    0xB0, 0x40, 0x31, 0xB0, 0x15, 0xD7, 0x8D, 0x8E, 0x75, 0xD5, 0x70, 0x76, 0x57, 0x5B, 0xD2, 0x0A,
    0xB1, 0xAE, 0x12, 0x21, 0x17, 0x10, 0x82, 0x01, 0xC5, 0xF2, 0x76, 0xDA, 0x18, 0x00, 0xC9, 0x71,
    0x2C, 0xEE, 0x64, 0xF2, 0xDC, 0xD1, 0x19, 0xD6, 0xDD, 0x99, 0x44, 0xB0, 0x12, 0xAF, 0x4A, 0xD4,
    0x0A, 0x06, 0x87, 0x0F, 0x05, 0x88, 0x91, 0xEB, 0x1E, 0xD1, 0x72, 0x0A, 0x5C, 0x1E, 0x00, 0x47,
    0x95, 0x02, 0x7F, 0x87, 0x20, 0x02, 0x8A, 0x41, 0x9B, 0x4E, 0xD1, 0x1F, 0x93, 0x41, 0x39, 0xE5,
    0x6E, 0x44, 0xF2, 0x47, 0x68, 0xC1, 0xC2, 0x2D, 0x85, 0xD9, 0x15, 0x5C, 0xAB, 0x26, 0x15, 0x56,
    0x46, 0x3F, 0xE2, 0xE3, 0x45, 0x85, 0x00, 0xFD, 0x88, 0xF9, 0xA6, 0xDB, 0xBA, 0xD5, 0x6D, 0x00,
    0x99, 0x13, 0x70, 0xF0, 0x7C, 0x26, 0x27, 0xB7, 0x43, 0x31, 0x59, 0xB8, 0x0B, 0x19, 0x3E, 0x92,
    0xFB, 0xC0, 0x8C, 0x80, 0x2C, 0x14, 0x17, 0x34, 0x10, 0xDA, 0x44, 0x54, 0x8D, 0x2A, 0xD0, 0xA5,
    0xD5, 0xD6, 0xA6, 0x13, 0x78, 0x41, 0x8E, 0x7E, 0xB9, 0x23, 0x92, 0xE8, 0xE6, 0xD3, 0xBA, 0x1B,
    0xB6, 0x99, 0x8A, 0x0A, 0xC4, 0x4D, 0x7E, 0xD7, 0x97, 0x6D, 0xE9, 0x55, 0xF6, 0x74, 0xC1, 0xA0,
    0xBE, 0xC1, 0x9E, 0xA8, 0x68, 0xBD, 0x52, 0x4C, 0x97, 0x28, 0x66, 0xA6, 0xF9, 0xBD, 0x26, 0xF5,
    0xF0, 0x54, 0x2D, 0xA1, 0xB6, 0x50, 0x97, 0xDB, 0xAD, 0xE8, 0x95, 0x31, 0xB1, 0x5B, 0x01, 0x4B,
    0xB7, 0x1D, 0xAC, 0x5C, 0x62, 0x3A, 0x9B, 0x49, 0xE2, 0x57, 0x7D, 0xCE, 0xDC, 0x26, 0xEC, 0x83,
    0x2E, 0xD1, 0x53, 0xAE, 0x4D, 0x5D, 0x54, 0x3E, 0xE7, 0xE8, 0x58, 0x8A, 0xA9, 0x1C, 0xD9, 0xA5,
    0x80, 0x20, 0x76, 0x35, 0xCA, 0x04, 0x1F, 0x0A, 0x8D, 0xB4, 0x32, 0x85, 0xA9, 0x86, 0x09, 0x71,
    0x15, 0x9C, 0x43, 0x26, 0x99, 0xE8, 0x53, 0x01, 0x92, 0x9F, 0xC8, 0xDB, 0x02, 0x03, 0x2F, 0xC8,
    0x0C, 0xDC, 0xDF, 0x2D, 0x34, 0x32, 0x46, 0x98, 0x38, 0x9F, 0x59, 0xCE, 0xF8, 0x0E, 0x8D, 0x4E,
    0x63, 0x73, 0x6B, 0x84, 0xD7, 0x68, 0x70, 0x3B, 0xB0, 0xA6, 0xD9, 0x9E, 0xF7, 0x31, 0xE3, 0xE6,
    0xAC, 0xF9, 0xD2, 0x59, 0xF9, 0x73, 0x9C, 0x55, 0x25, 0x67, 0x21, 0xA2, 0x77, 0x6B, 0x44, 0x23,
    0x6E, 0x7A, 0x32, 0x03, 0xA4, 0xC4, 0xC0, 0x8C, 0x40, 0x2E, 0xF0, 0xEC, 0x51, 0x30, 0x7B, 0xD2,
    0x68, 0x46, 0xB4, 0x95, 0xD4, 0x40, 0x1B, 0x61, 0x53, 0x2F, 0x3E, 0x75, 0x9C, 0x68, 0x2B, 0x3E,
    0xD6, 0x4E, 0x28, 0xC4, 0x5C, 0x39, 0x05, 0x07, 0x52, 0x29, 0x0E, 0x98, 0x7C, 0xCA, 0x48, 0xA5,
    0x4E, 0x96, 0x94, 0x7C, 0xD5, 0x13, 0x00, 0x51, 0xFD, 0x29, 0x8D, 0xD7, 0x3E, 0x5D, 0xF0, 0x8D,
    0xFF, 0x60, 0x7E, 0x5E, 0xA6, 0x0E, 0x48, 0x6C, 0xE0, 0x9E, 0x12, 0x93, 0x94, 0xA9, 0x0D, 0xC2,
    0x0C, 0x99, 0xDA, 0x32, 0xDD, 0x88, 0xE4, 0x2C, 0x4D, 0xC7, 0x44, 0x1C, 0x3E, 0xD2, 0xD2, 0xB6,
    0x55, 0xB6, 0x12, 0x93, 0x8E, 0x3E, 0x5F, 0x96, 0x9C, 0x20, 0x34, 0xB1, 0x38, 0x4D, 0x6B, 0xE8,
    0x3D, 0x23, 0xE7, 0x0E, 0x83, 0x16, 0x2B, 0x92, 0x50, 0x7B, 0x7E, 0x68, 0x18, 0x5A, 0x2C, 0x9B,
    0x44, 0x4F, 0xE4, 0x0E, 0x79, 0x52, 0x7C, 0x71, 0x0F, 0xBF, 0xA6, 0x6D, 0xA5, 0xCB, 0xED, 0xA9,
    0x6D, 0xEB, 0xAF, 0x46, 0x6B, 0xA6, 0x19, 0x5E, 0x3C, 0x33, 0xCA, 0x07, 0xE6, 0x43, 0x25, 0xDC,
    0x0A, 0xD8, 0x1C, 0x44, 0xB7, 0xC2, 0x49, 0xC3, 0xD3, 0x19, 0xE5, 0x50, 0x6F, 0x43, 0xEB, 0xFF,
    0xA5, 0xF4, 0x09, 0x4E, 0x80, 0x6B, 0x46, 0xBF, 0x77, 0x30, 0x2D, 0xB9, 0x48, 0xDD, 0x22, 0xC8,
    0x10, 0x62, 0x00, 0x73, 0xB8, 0x14, 0x22, 0x83, 0x86, 0xD8, 0xCF, 0x60, 0x3C, 0x50, 0x04, 0xEE,
    0x51, 0x97, 0xC8, 0x6F, 0x92, 0x03, 0x52, 0x03, 0x6E, 0x66, 0x39, 0x06, 0x22, 0xDE, 0x96, 0x1B,
    0x48, 0xC7, 0x77, 0xE5, 0x15, 0x40, 0xD1, 0xDF, 0x04, 0x5C, 0x1D, 0x23, 0x1A, 0x03, 0x77, 0xFF,
    0x01, 0xC0, 0xC2, 0xBD, 0xFF, 0xFE, 0x29, 0xC6, 0x07, 0xB7, 0x3C, 0xC1, 0xCF, 0x92, 0xE1, 0x2C,
    0x15, 0x54, 0xAB, 0xA7, 0x8A, 0xB0, 0x31, 0x55, 0xDC, 0xDC, 0x19, 0x50, 0xDA, 0xD9, 0x85, 0x6B,
    0x21, 0x67, 0xAE, 0x86, 0xB7, 0x38, 0xFD, 0x7D, 0x66, 0x07, 0x0B, 0xAD, 0x65, 0x94, 0x70, 0x63,
    0xD2, 0x14, 0xCA, 0x1D, 0xE7, 0xCD, 0x13, 0x2C, 0xB3, 0xB9, 0x90, 0x0E, 0xA3, 0x2E, 0x70, 0x1E,
    0x70, 0x14, 0xF2, 0x51, 0x04, 0x0D, 0x98, 0x33, 0x3A, 0x89, 0x3D, 0x52, 0x71, 0x31, 0xD9, 0x0C,
    0xC3, 0x65, 0x0B, 0xC9, 0xA2, 0x32, 0x60, 0x61, 0x9C, 0x04, 0xE2, 0x81, 0x3A, 0x55, 0xFF, 0x47,
    0x40, 0xD9, 0x8A, 0x1B, 0xB6, 0x6D, 0x06, 0x3E, 0xA1, 0x9B, 0xF3, 0xB5, 0x6C, 0x35, 0x5F, 0x29,
    0x25, 0xBB, 0xE9, 0xBD, 0xC6, 0xA9, 0x51, 0x0E, 0x01, 0x75, 0x4C, 0xDA, 0x0B, 0xDD, 0x11, 0xFD,
    0x94, 0x9B, 0xE9, 0xD3, 0x24, 0x24, 0x34, 0x96, 0xA1, 0xB6, 0x89, 0x12, 0x3A, 0xDD, 0xBB, 0xD6,
    0x5D, 0x56, 0x32, 0x12, 0x1A, 0xC0, 0xB1, 0x9E, 0xB7, 0x97, 0xF4, 0x60, 0xC5, 0x4C, 0xE2, 0x52,
    0x3D, 0xAE, 0xA5, 0xBF, 0x4F, 0xFB, 0x22, 0xE5, 0x8A, 0x4B, 0xDB, 0x49, 0x6C, 0xAA, 0x86, 0x34,
    0x8D, 0xF2, 0x30, 0x76, 0x8B, 0xCD, 0xFF, 0xFF, 0x67, 0xDC, 0x6D, 0x12, 0x3A, 0xF0, 0xB3, 0xEB,
    0x23, 0xF9, 0x47, 0xB9, 0x45, 0x15, 0x0F, 0x65, 0x09, 0xEC, 0x3A, 0xBA, 0xF5, 0x7F, 0x05, 0x94,
    0x5B, 0x00, 0xDC, 0x8A, 0x99, 0x74, 0x09, 0xC0, 0x97, 0x8A, 0x23, 0x5E, 0x2C, 0x63, 0x25, 0xA7,
    0x4C, 0xE8, 0xE6, 0xCD, 0x83, 0x98, 0x37, 0x76, 0xA3, 0x79, 0x01, 0xD7, 0xFF, 0x0B, 0xBD, 0x59,
    0xBF, 0x8F, 0xDC, 0xC6, 0x15, 0x7E, 0x5C, 0xDA, 0x47, 0x24, 0x4C, 0x32, 0x0A, 0x60, 0x20, 0x80,
    0x15, 0x68, 0xF2, 0x07, 0x44, 0xC7, 0x56, 0xC5, 0x59, 0x43, 0xEB, 0x10, 0xA4, 0x50, 0x21, 0x37,
    0xB1, 0x0B, 0x01, 0x51, 0x0A, 0x17, 0x49, 0x90, 0x40, 0xAD, 0x02, 0xD8, 0x26, 0xE5, 0x04, 0x70,
    0x91, 0x22, 0xAA, 0x92, 0x36, 0x85, 0x8B, 0x74, 0x72, 0xA1, 0x42, 0x01, 0x6C, 0x91, 0xB2, 0x0B,
    0x17, 0x6A, 0x18, 0x0B, 0x72, 0x0A, 0x17, 0xA6, 0x6D, 0x28, 0xAD, 0xC6, 0x31, 0x1D, 0xF3, 0x20,
    0x92, 0x93, 0xEF, 0x7B, 0xDC, 0x3D, 0xED, 0x9D, 0xCF, 0x41, 0x74, 0x92, 0x6E, 0x6F, 0x67, 0x6E,
    0x77, 0x39, 0x7C, 0xEF, 0xCD, 0x9B, 0xF7, 0xE3, 0x7B, 0x8F, 0xE2, 0x44, 0x42, 0xBD, 0x7C, 0xE3,
    0x33, 0x5E, 0x83, 0x44, 0x83, 0xC4, 0xFA, 0x4E, 0x07, 0x31, 0x83, 0xD8, 0x41, 0xB2, 0x41, 0x5C,
    0x2F, 0xAE, 0x13, 0xE7, 0xA5, 0xF0, 0x58, 0x84, 0x11, 0xB5, 0x22, 0xC5, 0x24, 0x8B, 0x10, 0x6A,
    0x13, 0x42, 0x93, 0xDD, 0xFF, 0xF8, 0x8A, 0xFB, 0xE7, 0x1F, 0xA4, 0xBA, 0x95, 0x4B, 0x38, 0x27,
    0xF3, 0x30, 0x18, 0x3F, 0x3F, 0x26, 0xD5, 0x34, 0x89, 0x0B, 0x41, 0x6C, 0x18, 0xB0, 0xBE, 0x11,
    0xB9, 0x04, 0x12, 0xD7, 0x30, 0x36, 0xF8, 0xC5, 0x85, 0x11, 0xCB, 0x42, 0xC8, 0x17, 0xE1, 0xCF,
    0xA1, 0x8E, 0x27, 0x5C, 0x8D, 0xF1, 0x8B, 0xE0, 0x93, 0x60, 0x39, 0xA6, 0x0C, 0x17, 0x39, 0xE1,
    0x63, 0x28, 0x39, 0xE5, 0xB8, 0xC0, 0xAB, 0x49, 0xAF, 0x57, 0xEF, 0xBE, 0xC5, 0xFB, 0xBD, 0x54,
    0x21, 0x74, 0xF2, 0xBB, 0x17, 0xC3, 0x5F, 0xE5, 0x98, 0x48, 0xBE, 0x55, 0xDC, 0x6E, 0xB2, 0x59,
    0x3A, 0x31, 0x5F, 0x56, 0x79, 0x56, 0x67, 0xB5, 0x2B, 0xAD, 0x0E, 0x7E, 0xE6, 0x6F, 0xBC, 0xC6,
    0x35, 0x5C, 0xCB, 0x7B, 0xAA, 0x1A, 0xFB, 0x73, 0x8D, 0x84, 0xC6, 0xB5, 0x71, 0xC8, 0xAD, 0x4F,
    0x27, 0x31, 0x5D, 0xD6, 0x4B, 0xDA, 0x63, 0xDF, 0xC9, 0x00, 0x2D, 0xC5, 0x94, 0x23, 0xA2, 0xCC,
    0x02, 0x6E, 0xBC, 0xBB, 0xE4, 0xE6, 0x20, 0x52, 0x55, 0x2E, 0x05, 0x2C, 0xB8, 0xA4, 0x0A, 0xD3,
    0x52, 0x7C, 0x15, 0xB5, 0xD8, 0xF7, 0xB7, 0xFE, 0xFA, 0xFA, 0xB5, 0x6C, 0x87, 0x3C, 0x40, 0x2B,
    0x81, 0x70, 0x62, 0x76, 0x7E, 0x2B, 0x62, 0xA8, 0x77, 0x43, 0xB6, 0x86, 0x3C, 0x2A, 0xEC, 0x77,
    0x31, 0x16, 0x23, 0x74, 0x60, 0x02, 0x4E, 0x0A, 0x9C, 0x92, 0x90, 0x07, 0x88, 0xF7, 0xD9, 0x44,
    0x75, 0x0E, 0x14, 0x0D, 0xDA, 0x4D, 0x28, 0x19, 0x35, 0x16, 0x71, 0xCA, 0x3E, 0x0C, 0x4B, 0x85,
    0x5B, 0x0A, 0xBF, 0x20, 0xA5, 0xCD, 0xB4, 0x2C, 0x4C, 0x83, 0x37, 0x3E, 0xE0, 0x44, 0xAE, 0x70,
    0x01, 0x8C, 0x60, 0x94, 0x22, 0x8F, 0x5B, 0x49, 0x1A, 0x83, 0x7B, 0xFD, 0x89, 0x28, 0x94, 0xD7,
    0xB7, 0xD2, 0xE0, 0xB7, 0xB6, 0xEC, 0xBB, 0xED, 0xD6, 0xA9, 0x2C, 0x97, 0x93, 0x97, 0x60, 0x30,
    0x27, 0x4F, 0x71, 0xDA, 0xC2, 0x57, 0x5C, 0xF8, 0xA0, 0xDD, 0x3A, 0x81, 0x25, 0xD7, 0xCD, 0xF3,
    0xE1, 0xB2, 0x8F, 0x1B, 0xDC, 0xAB, 0x54, 0x94, 0x9E, 0x52, 0xDE, 0x18, 0x21, 0xBC, 0x44, 0x26,
    0x4F, 0x43, 0x5E, 0x5C, 0x95, 0x77, 0x1C, 0xB6, 0x21, 0xD9, 0x55, 0x48, 0xD3, 0x41, 0xF3, 0xEE,
    0x53, 0x08, 0x17, 0xDE, 0x80, 0xE9, 0x05, 0xDB, 0x61, 0x4B, 0x38, 0x87, 0xCC, 0x53, 0xBB, 0x9F,
    0xE0, 0x77, 0xCB, 0x4F, 0xA6, 0x2F, 0x6A, 0x9C, 0x82, 0x6B, 0x61, 0x1C, 0xD6, 0x43, 0x43, 0xA6,
    0x53, 0x05, 0x42, 0xFF, 0xC3, 0x6A, 0x60, 0x57, 0xDF, 0x30, 0xA2, 0x37, 0x75, 0x69, 0x5B, 0x84,
    0xA6, 0x82, 0x56, 0x0F, 0xDA, 0xEA, 0x39, 0x08, 0x7E, 0xC2, 0x60, 0x0B, 0x5B, 0xE6, 0x4C, 0xB7,
    0xA5, 0xD3, 0x29, 0x7C, 0x3D, 0x79, 0x09, 0x3A, 0x3F, 0x79, 0xCA, 0x5C, 0x28, 0x4F, 0x6E, 0x99,
    0x73, 0x35, 0x2E, 0x6C, 0xFB, 0xAD, 0x13, 0xE6, 0xF9, 0xFE, 0xBA, 0x2A, 0xE7, 0xA0, 0xAD, 0xAA,
    0x61, 0x36, 0x2E, 0xD4, 0x78, 0xC3, 0x4C, 0xB3, 0x20, 0xAF, 0xD9, 0xF2, 0xED, 0xB4, 0xBE, 0x9E,
    0xD4, 0x98, 0xF1, 0x19, 0xBF, 0xD0, 0x7C, 0x6D, 0xBD, 0x3B, 0x60, 0x36, 0xDD, 0x6A, 0x88, 0x6D,
    0x1E, 0x5C, 0x5B, 0x99, 0xC9, 0xFA, 0xF5, 0xAA, 0x89, 0x43, 0xB7, 0xF8, 0xA0, 0x97, 0xA8, 0x93,
    0xD8, 0x73, 0xD9, 0x24, 0xE9, 0x4E, 0xEE, 0x94, 0xE7, 0x62, 0x82, 0x65, 0x37, 0x1B, 0x3F, 0x6D,
    0xE5, 0x78, 0xC3, 0x63, 0xA7, 0xEA, 0xEA, 0x13, 0x06, 0xB2, 0xE4, 0x09, 0xCE, 0xFE, 0xD2, 0x62,
    0x48, 0xFB, 0x0C, 0x3E, 0x9F, 0x3B, 0x4C, 0x52, 0x70, 0xAA, 0xCA, 0x08, 0x53, 0x0E, 0x5B, 0x0D,
    0x39, 0xDC, 0x0F, 0x86, 0x34, 0x44, 0x9C, 0xF0, 0x43, 0x32, 0xE0, 0x87, 0x74, 0x48, 0x71, 0x78,
    0xE3, 0x45, 0x52, 0x86, 0x4D, 0xDA, 0xF0, 0x45, 0x28, 0x6D, 0x28, 0xE1, 0x56, 0x0D, 0xB5, 0xAA,
    0x13, 0x45, 0x2D, 0x54, 0xDE, 0x2A, 0x74, 0xB0, 0x5C, 0x6F, 0x27, 0x53, 0xBA, 0xD1, 0xE4, 0xC5,
    0x60, 0xA5, 0x1A, 0x32, 0xA9, 0x7A, 0x27, 0x45, 0x77, 0x1A, 0x61, 0xE4, 0x55, 0x49, 0xFD, 0x2B,
    0x10, 0xFC, 0x6D, 0x89, 0xDB, 0x1E, 0xDA, 0xEB, 0x24, 0xB9, 0xE9, 0x25, 0x7D, 0xD7, 0x8B, 0xF9,
    0x3D, 0xC6, 0x76, 0x2B, 0x76, 0x1B, 0xC7, 0x9F, 0xC0, 0x2A, 0xD2, 0x5A, 0x4E, 0x9B, 0x52, 0x9E,
    0x83, 0xAA, 0x33, 0x38, 0x28, 0x0E, 0xAF, 0xCE, 0xF2, 0x48, 0x12, 0xB1, 0x57, 0x36, 0x7C, 0xE4,
    0xAB, 0xE6, 0x19, 0x59, 0xF8, 0xC2, 0x57, 0xED, 0xF9, 0x26, 0xAD, 0x4D, 0x6D, 0x4A, 0x9B, 0x67,
    0xB9, 0x83, 0x73, 0xC0, 0xD6, 0x72, 0x77, 0xAE, 0x3E, 0x6D, 0xF8, 0x76, 0xAA, 0xF1, 0xB4, 0xA7,
    0xD1, 0xF4, 0xB3, 0x99, 0x49, 0xF1, 0x1E, 0x5C, 0xC5, 0xFD, 0x63, 0xB6, 0xAE, 0x1C, 0x8E, 0x0E,
    0x23, 0x54, 0x3B, 0x2B, 0x6E, 0xD3, 0x12, 0xCF, 0xC2, 0x12, 0xA7, 0xCC, 0xCF, 0x56, 0xE7, 0x3E,
    0xA7, 0x23, 0xFD, 0x42, 0x36, 0x4A, 0x59, 0x74, 0x02, 0xE5, 0x21, 0x14, 0xC2, 0xF4, 0x31, 0x83,
    0x46, 0xD2, 0xD2, 0xBE, 0x92, 0x26, 0x81, 0x8F, 0x42, 0x06, 0x28, 0xC3, 0x20, 0xC0, 0x70, 0x2E,
    0xE4, 0x69, 0x31, 0x25, 0x4D, 0xC3, 0x9E, 0xA1, 0x42, 0x25, 0xF1, 0x09, 0x66, 0xD3, 0xD8, 0x1B,
    0x30, 0x90, 0xF2, 0xB5, 0xD7, 0x20, 0x45, 0xD4, 0xBF, 0x23, 0x32, 0x22, 0xAE, 0x94, 0x71, 0x8F,
    0x39, 0x27, 0x95, 0x1E, 0x4B, 0x78, 0xB4, 0x87, 0xE0, 0x88, 0x13, 0xB3, 0xE5, 0x88, 0xB3, 0x79,
    0x76, 0x31, 0x58, 0x03, 0x7F, 0xC1, 0x0E, 0x6A, 0x92, 0xB3, 0x25, 0x38, 0x32, 0xBC, 0x14, 0x54,
    0x8E, 0x8C, 0xF0, 0x3A, 0x89, 0x7B, 0x86, 0xAD, 0xC4, 0x47, 0x0C, 0x92, 0x4D, 0x84, 0x98, 0x05,
    0x1F, 0x95, 0xBF, 0x21, 0x3C, 0xE4, 0xB8, 0x64, 0x6D, 0x4D, 0x06, 0x46, 0x19, 0x64, 0xA5, 0x2B,
    0x25, 0x9A, 0x48, 0x00, 0xC1, 0x86, 0x81, 0x28, 0xDB, 0x86, 0x26, 0x7F, 0x93, 0x9D, 0xF5, 0x4F,
    0xE7, 0x45, 0x30, 0x4D, 0x56, 0xDB, 0xDE, 0x95, 0xD0, 0xA1, 0x54, 0x1A, 0x58, 0x86, 0xF4, 0x5E,
    0x0E, 0x06, 0xD9, 0xC5, 0x1C, 0x87, 0x7D, 0xC3, 0xD1, 0x96, 0x91, 0x28, 0xC4, 0x3D, 0xCF, 0x98,
    0x56, 0x89, 0xBC, 0xCA, 0x4C, 0x23, 0x6F, 0x93, 0x50, 0x3E, 0x1B, 0x4E, 0xD5, 0xCC, 0xFF, 0xF9,
    0x9D, 0xAF, 0x9F, 0xCD, 0x11, 0x14, 0x41, 0x18, 0xA6, 0x23, 0x29, 0x6E, 0xCE, 0xC0, 0xD7, 0x31,
    0xF3, 0xD4, 0x71, 0x59, 0x7D, 0x79, 0xB1, 0x77, 0xB4, 0x32, 0xD0, 0x8B, 0x2A, 0x44, 0x4C, 0xC4,
    0x38, 0xBC, 0x52, 0xDA, 0x62, 0xCA, 0x68, 0x19, 0x33, 0x3D, 0xC8, 0xCB, 0x7B, 0x62, 0x2D, 0xB5,
    0xCF, 0x20, 0x44, 0xF7, 0xCC, 0xE9, 0xFF, 0x39, 0xA3, 0x25, 0x36, 0x16, 0x60, 0xBE, 0xF1, 0x88,
    0x09, 0x81, 0x07, 0xEA, 0xEA, 0x34, 0xFA, 0xC0, 0xB8, 0x8B, 0x3A, 0x6B, 0x35, 0xBD, 0x2C, 0x38,
    0xC5, 0x9C, 0x98, 0x17, 0x3B, 0x28, 0x0F, 0x8B, 0xD4, 0x3A, 0x5A, 0x66, 0x4A, 0xBC, 0x5E, 0x20,
    0x4F, 0x0D, 0xD3, 0x7E, 0xE5, 0x0E, 0xBF, 0x3A, 0x2A, 0xE6, 0x4F, 0x6B, 0x84, 0x28, 0xA9, 0x30,
    0xA8, 0xC7, 0xFC, 0x1B, 0x5B, 0x7F, 0x36, 0xFF, 0xE5, 0xD1, 0x30, 0x8F, 0xDB, 0xEF, 0x32, 0x35,
    0xC1, 0x96, 0x33, 0x8B, 0xF3, 0x79, 0x6E, 0xD1, 0x1D, 0x0D, 0xDF, 0xF4, 0x32, 0xF4, 0x6C, 0x6F,
    0xF7, 0xCB, 0x49, 0xBF, 0xEE, 0x7B, 0x3D, 0x41, 0x8D, 0x2B, 0x46, 0xA1, 0x9D, 0xA7, 0xB7, 0xE8,
    0x78, 0x08, 0x57, 0x92, 0x7E, 0x54, 0x93, 0x25, 0x7F, 0xDB, 0xCB, 0xB7, 0x50, 0xBE, 0xD5, 0xC1,
    0x7C, 0x5D, 0xFB, 0x70, 0x66, 0x56, 0x69, 0x96, 0x23, 0x3E, 0x08, 0xBD, 0x6E, 0x91, 0xF9, 0x80,
    0x19, 0xBD, 0x5C, 0x26, 0xC3, 0xD9, 0x7B, 0x14, 0x2F, 0xC9, 0x8C, 0x57, 0x28, 0xCC, 0x14, 0x68,
    0x19, 0xE2, 0xBE, 0xA0, 0x13, 0xE2, 0xF2, 0x7B, 0x74, 0x43, 0x5C, 0x66, 0x46, 0xA0, 0xC0, 0x4A,
    0x94, 0x78, 0xA6, 0x5F, 0x32, 0xE9, 0x15, 0x7F, 0xE5, 0x56, 0x99, 0x20, 0xA8, 0x04, 0x42, 0xB8,
    0x81, 0x2B, 0x26, 0xA2, 0x40, 0xB8, 0x1E, 0xEE, 0x8C, 0xAA, 0x8E, 0xAC, 0xC1, 0x13, 0x77, 0x34,
    0x8B, 0x70, 0xA7, 0xF2, 0x5C, 0x9B, 0x1B, 0x52, 0xB3, 0x94, 0x2B, 0x53, 0x67, 0x68, 0x77, 0xB3,
    0x44, 0xB3, 0xFB, 0x95, 0x17, 0xB2, 0x4E, 0xFE, 0x2E, 0x76, 0x7A, 0x29, 0x00, 0x13, 0x04, 0x85,
    0x93, 0x04, 0x55, 0x13, 0xB6, 0x90, 0xC8, 0xCA, 0x93, 0x84, 0x12, 0x7C, 0x9F, 0x53, 0xD1, 0xAE,
    0x4C, 0x9D, 0x10, 0x8F, 0x60, 0x15, 0xAF, 0x49, 0x77, 0xCD, 0x4D, 0x6F, 0xE4, 0xEB, 0x67, 0xAF,
    0x98, 0x90, 0x13, 0x35, 0xD5, 0x3E, 0x80, 0x62, 0x33, 0xBA, 0x1C, 0x66, 0xD5, 0xD5, 0xDC, 0x39,
    0xD2, 0x63, 0xD0, 0x04, 0xB0, 0xE2, 0x68, 0xFD, 0x5E, 0xC1, 0xA9, 0x9C, 0x82, 0xD3, 0x52, 0x2D,
    0xF2, 0x94, 0xF2, 0x54, 0x2E, 0xAB, 0x40, 0xB3, 0x71, 0xE5, 0xA8, 0x98, 0x73, 0x97, 0x09, 0x97,
    0x3B, 0x1E, 0xC0, 0x84, 0xAD, 0x2F, 0xDE, 0xDC, 0xB3, 0xF5, 0x27, 0xC8, 0xFC, 0xDA, 0x26, 0xC1,
    0x14, 0x90, 0x8E, 0x4E, 0xD2, 0x6D, 0x7E, 0xCD, 0xE5, 0x9E, 0x1C, 0x73, 0x86, 0x77, 0x43, 0x5F,
    0x6B, 0x99, 0x47, 0xF1, 0xE5, 0xCD, 0x07, 0x5C, 0xAB, 0x40, 0xF7, 0x69, 0x74, 0x30, 0xC1, 0x93,
    0x28, 0x69, 0x92, 0x24, 0x3C, 0x4B, 0x09, 0xBA, 0x65, 0x7A, 0xD1, 0x54, 0x53, 0xCE, 0xA8, 0x38,
    0x10, 0xB3, 0xA1, 0xB6, 0x81, 0xD9, 0x15, 0xC1, 0x2F, 0xB5, 0x9B, 0x2C, 0x6F, 0x64, 0x3C, 0x7D,
    0xF9, 0x09, 0xF0, 0xA0, 0xF5, 0x54, 0xC8, 0x8D, 0x50, 0x83, 0xFD, 0xCC, 0xCB, 0xAF, 0xD7, 0x36,
    0xF2, 0xB8, 0x78, 0x98, 0x33, 0xAD, 0x64, 0xEF, 0x7B, 0x1D, 0xFC, 0xBC, 0xFE, 0x7A, 0x5C, 0x3C,
    0x48, 0x87, 0x27, 0xAD, 0x13, 0xC8, 0xFD, 0xA4, 0xC2, 0x99, 0x8B, 0xED, 0x71, 0xDC, 0x29, 0x31,
    0x23, 0x90, 0x7A, 0x18, 0x93, 0xA1, 0x08, 0x43, 0x3A, 0x54, 0x9C, 0xC0, 0xCC, 0xF4, 0xE0, 0x66,
    0x3B, 0xB0, 0x73, 0xDE, 0x62, 0x79, 0x93, 0xF9, 0x0B, 0x80, 0x69, 0x8C, 0x25, 0x8E, 0x01, 0xCA,
    0x85, 0x1D, 0x8D, 0xDB, 0xED, 0x0F, 0x69, 0x0F, 0xE3, 0xAB, 0x98, 0x4F, 0x67, 0x34, 0x9A, 0x57,
    0x92, 0x76, 0x9F, 0x9D, 0x79, 0x45, 0xAE, 0x5E, 0xA1, 0x6B, 0x27, 0xAC, 0x1F, 0x07, 0x78, 0xE3,
    0x3C, 0xC7, 0xD3, 0xA8, 0xF0, 0x35, 0x28, 0x7E, 0x0D, 0x04, 0xB0, 0x7D, 0xB1, 0xCD, 0x80, 0xEA,
    0xDE, 0xC7, 0xEC, 0xDD, 0x2D, 0x88, 0xE2, 0xED, 0x47, 0x90, 0xC5, 0x1B, 0xDC, 0x9D, 0xB5, 0x80,
    0xF9, 0xD8, 0x74, 0xC2, 0xB9, 0x8E, 0x21, 0x08, 0x10, 0x06, 0xF6, 0x44, 0xDA, 0xCC, 0xE3, 0x9B,
    0xBB, 0x31, 0x86, 0x28, 0x4B, 0xF6, 0xCB, 0xC2, 0x70, 0x4C, 0x04, 0x62, 0x68, 0xD9, 0x85, 0xDA,
    0xFE, 0xDD, 0x62, 0x40, 0xF2, 0x31, 0xA3, 0x21, 0x8A, 0x24, 0xD2, 0x22, 0x94, 0x8C, 0x83, 0xD6,
    0x2E, 0x50, 0xEE, 0x3C, 0x8D, 0x8E, 0x41, 0x5D, 0xC3, 0x3B, 0x8A, 0x4C, 0xE7, 0xCD, 0xF4, 0x22,
    0xCA, 0x05, 0xAA, 0x34, 0x52, 0x8B, 0x3F, 0x3E, 0xC7, 0xF2, 0xB4, 0x5C, 0x31, 0xE6, 0x51, 0x2C,
    0x86, 0x23, 0x65, 0x7E, 0x7D, 0x95, 0x46, 0xB3, 0x7B, 0x90, 0x20, 0x24, 0xFE, 0x08, 0x99, 0xDB,
    0x2B, 0xD7, 0xB4, 0x98, 0x40, 0x0A, 0x28, 0x9A, 0x23, 0xE4, 0x7B, 0x92, 0x1A, 0x2F, 0x88, 0x7A,
    0x75, 0xDA, 0x4C, 0xCB, 0xA3, 0xD4, 0xB8, 0x7C, 0x5B, 0xBE, 0x23, 0xAC, 0x61, 0x8A, 0x06, 0x45,
    0xD6, 0x7D, 0x56, 0xF6, 0xAC, 0x5B, 0xE8, 0x6C, 0x20, 0x02, 0x6D, 0x18, 0x7A, 0xCB, 0xE7, 0x2C,
    0xDF, 0x2A, 0x31, 0xF2, 0xE3, 0x7D, 0x72, 0x7D, 0x4F, 0x05, 0x0B, 0x5A, 0x30, 0xF2, 0x3E, 0x88,
    0xC6, 0x03, 0x04, 0x74, 0x86, 0x70, 0x15, 0x92, 0x73, 0xB7, 0xF8, 0x6A, 0x42, 0x98, 0x4D, 0x51,
    0xFE, 0x00, 0x7B, 0xC4, 0x98, 0x9B, 0x81, 0xF3, 0x6D, 0x0F, 0x3F, 0x71, 0xF7, 0x4A, 0xC0, 0x0C,
    0x87, 0x65, 0x3D, 0xFB, 0x3E, 0x48, 0xF4, 0x96, 0x52, 0x32, 0xED, 0x83, 0xE4, 0x0D, 0x95, 0xF3,
    0x47, 0xC7, 0x27, 0x15, 0x94, 0x3D, 0x1C, 0xC5, 0x41, 0x84, 0xF3, 0xAC, 0x10, 0xF6, 0x6B, 0x49,
    0x83, 0x80, 0x3A, 0x5F, 0x42, 0xDF, 0x23, 0xA2, 0xF1, 0xA8, 0xC1, 0xE0, 0x73, 0x70, 0x39, 0xCF,
    0x20, 0xD0, 0x5A, 0xBA, 0x5D, 0x46, 0xAF, 0x73, 0x74, 0x3A, 0x47, 0x9F, 0x63, 0x59, 0x9A, 0x17,
    0x35, 0x3C, 0xD8, 0x35, 0x14, 0xEC, 0xCB, 0x0B, 0x0A, 0x3B, 0xB8, 0x71, 0x68, 0x60, 0xC6, 0xFA,
    0x4B, 0x9F, 0x24, 0x63, 0x56, 0x33, 0x92, 0xB6, 0x47, 0xC9, 0x7C, 0x41, 0x6E, 0x8A, 0x8C, 0xAA,
    0x1B, 0xCC, 0xFF, 0xB6, 0x3C, 0x42, 0xE6, 0xDD, 0x9C, 0x83, 0x97, 0xD3, 0x01, 0x39, 0xF8, 0x49,
    0x32, 0x8F, 0xF2, 0x55, 0xFC, 0x63, 0xAA, 0x60, 0x1A, 0xDB, 0x93, 0x87, 0xF1, 0xCB, 0x9E, 0x1E,
    0x5A, 0x39, 0xF7, 0xD0, 0x3C, 0x80, 0xE3, 0x9E, 0x1E, 0x1A, 0x00, 0xC4, 0xDC, 0x43, 0xEB, 0xE7,
    0x50, 0xAE, 0xF7, 0xAD, 0xF5, 0xD0, 0xB4, 0xC9, 0x17, 0x05, 0x59, 0xEF, 0xA1, 0xC9, 0xAA, 0x97,
    0xA5, 0xA9, 0x88, 0x58, 0xB1, 0xE7, 0x84, 0x52, 0x95, 0x2D, 0x09, 0x40, 0x8B, 0xAA, 0xC1, 0x7E,
    0x5D, 0x4B, 0xFB, 0x6D, 0x91, 0x6B, 0x8A, 0xC6, 0x74, 0x91, 0x36, 0x00, 0xD9, 0xAB, 0x98, 0x5B,
    0x7D, 0x4C, 0x5F, 0x30, 0x5E, 0x45, 0xA1, 0xDA, 0xAB, 0x50, 0xB6, 0x6B, 0x30, 0xB6, 0xA0, 0x4F,
    0x03, 0xC6, 0x36, 0x54, 0x43, 0x0D, 0x25, 0x56, 0xA0, 0xEC, 0x02, 0x93, 0x99, 0x26, 0x11, 0x38,
    0x79, 0xF7, 0x83, 0x50, 0x42, 0x93, 0xA0, 0x8C, 0xE4, 0x53, 0x5B, 0x66, 0x20, 0x82, 0xF7, 0xD2,
    0x35, 0x2F, 0xE1, 0x9E, 0x9B, 0xD8, 0x57, 0x71, 0x93, 0x2D, 0x9A, 0x92, 0x1B, 0x51, 0xD0, 0x52,
    0xB2, 0xE4, 0x9F, 0xAB, 0xD2, 0xF5, 0xE2, 0xE8, 0x38, 0x0B, 0xDB, 0xD0, 0x40, 0x7C, 0x9F, 0xEC,
    0x5C, 0xE8, 0xE4, 0x85, 0xB4, 0x53, 0xD0, 0x7C, 0x11, 0xE0, 0x3F, 0xDC, 0xF3, 0x19, 0x4E, 0x09,
    0x47, 0xD3, 0x16, 0x77, 0x43, 0x43, 0xB1, 0x90, 0x20, 0xEB, 0x74, 0xD2, 0xBA, 0x32, 0x9F, 0xCF,
    0x80, 0x59, 0x9B, 0xDF, 0xA7, 0xC7, 0x40, 0xF3, 0xA9, 0xD9, 0x9B, 0x16, 0x6C, 0x38, 0xDE, 0x87,
    0x4D, 0xBC, 0xDE, 0x3F, 0x06, 0x39, 0x19, 0xD3, 0x88, 0xE1, 0xBA, 0x47, 0xA6, 0x65, 0xCE, 0xA0,
    0x52, 0xBA, 0xE5, 0x75, 0x68, 0xB1, 0xF5, 0x18, 0x64, 0x8B, 0xA6, 0xB9, 0x5C, 0x33, 0x7F, 0x04,
    0xFD, 0xED, 0x5A, 0xFF, 0xB3, 0x61, 0x1A, 0x8D, 0x8F, 0x46, 0x3B, 0x1D, 0x17, 0x73, 0x8F, 0xF6,
    0x2A, 0x36, 0x4E, 0x0B, 0x65, 0xE3, 0x7B, 0xBC, 0x10, 0xFE, 0x02, 0x7A, 0xC7, 0x92, 0x41, 0x6B,
    0x06, 0x90, 0x82, 0xB6, 0xAF, 0xF2, 0x22, 0xB1, 0x30, 0xFF, 0xC1, 0x68, 0xBD, 0x9A, 0xA5, 0x56,
    0x46, 0xC5, 0x9D, 0x30, 0x9E, 0x6F, 0x69, 0x8F, 0xC4, 0x45, 0x59, 0xF0, 0xDA, 0x0F, 0x9E, 0xF2,
    0x8C, 0xE7, 0x62, 0x77, 0xB4, 0x3F, 0x8C, 0x1B, 0x1B, 0xBB, 0x73, 0x11, 0x9E, 0xF6, 0xAD, 0x19,
    0xA9, 0xE5, 0xB3, 0x7F, 0xCC, 0xE3, 0x98, 0x54, 0x77, 0x56, 0x9D, 0x77, 0x7A, 0x0A, 0x0A, 0x94,
    0x76, 0x19, 0x2D, 0x33, 0x9C, 0x37, 0xCA, 0x17, 0x56, 0x69, 0xEA, 0xD0, 0xAC, 0xA9, 0x6C, 0x3E,
    0x83, 0x0C, 0xC2, 0xEB, 0x78, 0x2D, 0xCB, 0x67, 0xBB, 0xBC, 0x5A, 0xF0, 0x82, 0x6B, 0xA7, 0xD8,
    0x75, 0xD2, 0xB1, 0xDB, 0x4E, 0x98, 0x1F, 0x96, 0x3E, 0x59, 0xDD, 0x7D, 0x47, 0x1B, 0xE1, 0x16,
    0xF6, 0xAF, 0xBC, 0x94, 0x32, 0xBB, 0x31, 0x6C, 0x11, 0x02, 0x4A, 0xAF, 0xB4, 0x7A, 0x20, 0xCD,
    0xC4, 0x17, 0x77, 0xCE, 0xFF, 0x1F, 0x34, 0x9F, 0x99, 0x0B, 0x3E, 0x9E, 0x9A, 0xBD, 0x87, 0xA0,
    0xB5, 0xDD, 0x3D, 0x32, 0xCD, 0x13, 0xEC, 0x32, 0x9E, 0x6B, 0x75, 0xF0, 0xF3, 0x23, 0xEE, 0x3B,
    0x29, 0xA9, 0x41, 0xC0, 0xA4, 0x68, 0x85, 0xD3, 0x32, 0x02, 0x5C, 0xAC, 0x61, 0x14, 0x43, 0x40,
    0x99, 0x1F, 0xAE, 0x24, 0x0C, 0x88, 0x84, 0xDE, 0x38, 0x73, 0xBC, 0x11, 0x45, 0x18, 0x4F, 0x23,
    0xBD, 0xD3, 0xB6, 0x73, 0x5C, 0x7D, 0xB8, 0x7B, 0x33, 0x3E, 0xCB, 0x49, 0xEE, 0xFB, 0xEC, 0xE6,
    0xF0, 0xB0, 0xF7, 0xA6, 0x97, 0xBD, 0xBD, 0xDD, 0xE1, 0xBD, 0xDB, 0x43, 0x79, 0x08, 0xBE, 0xAC,
    0xC5, 0x4D, 0xF7, 0x16, 0xB2, 0x44, 0x0B, 0x43, 0x23, 0x46, 0x6C, 0xA1, 0x08, 0xA0, 0x9F, 0x37,
    0x3A, 0x2D, 0x8D, 0xAB, 0xDB, 0x7D, 0x12, 0xEE, 0x0F, 0x96, 0x0D, 0xFA, 0xBB, 0x55, 0x8F, 0x60,
    0xD9, 0xC3, 0x22, 0xBB, 0xC0, 0x5E, 0x2B, 0x3B, 0xFC, 0xB9, 0x6B, 0xAA, 0x3B, 0x88, 0x9E, 0x6C,
    0x41, 0xAE, 0xEC, 0x74, 0xA1, 0x85, 0x61, 0x98, 0xD6, 0x93, 0xDA, 0x00, 0x66, 0xF1, 0x88, 0x15,
    0x31, 0xFD, 0x29, 0x09, 0xE7, 0xC7, 0xB9, 0xCC, 0x30, 0x7D, 0xCC, 0x2C, 0xC7, 0xC9, 0x43, 0x42,
    0xCB, 0x54, 0x07, 0x3C, 0xDF, 0x21, 0xC8, 0x33, 0xD5, 0x31, 0x40, 0x63, 0x6A, 0xE7, 0x16, 0x8B,
    0x86, 0xB9, 0x6C, 0x09, 0xA7, 0x19, 0x93, 0xF7, 0x59, 0xFA, 0x62, 0x79, 0xE2, 0xD9, 0x0E, 0x93,
    0x98, 0xE9, 0x8A, 0x3A, 0xED, 0xAA, 0x32, 0xED, 0x42, 0x6E, 0x38, 0x3C, 0xB2, 0xA4, 0x87, 0xBF,
    0xD3, 0xD7, 0x73, 0xC2, 0xB0, 0x48, 0x9B, 0x29, 0x6A, 0xE9, 0xF5, 0x6C, 0xE9, 0xD5, 0xD7, 0x2C,
    0xFD, 0x70, 0x34, 0x77, 0x2D, 0x3D, 0x97, 0xEC, 0x63, 0x58, 0xFA, 0x9A, 0xA0, 0x87, 0xA6, 0xA9,
    0x07, 0xDB, 0xCB, 0xDC, 0x09, 0x7A, 0x34, 0x5A, 0x9B, 0x6B, 0x5E, 0xB3, 0xB9, 0xD7, 0x6B, 0x0E,
    0x45, 0x8F, 0xD1, 0x87, 0x61, 0x99, 0xC3, 0xE6, 0xBB, 0x9D, 0x84, 0xD5, 0xD8, 0xA5, 0x7F, 0xC0,
    0x3A, 0x76, 0x88, 0xCF, 0xCD, 0x4F, 0xDC, 0x16, 0x34, 0x8D, 0x74, 0x02, 0x70, 0x31, 0xBD, 0x1D,
    0x61, 0x0B, 0xC0, 0xBB, 0xD9, 0xA7, 0xFF, 0x41, 0x14, 0xFC, 0xE8, 0x3D, 0x56, 0x98, 0x31, 0x1F,
    0x66, 0x02, 0x1F, 0xD8, 0x9D, 0x42, 0x61, 0x8D, 0xC6, 0xD7, 0x5C, 0x4E, 0x5D, 0xDC, 0x4D, 0x76,
    0xFF, 0x23, 0x12, 0xD2, 0xC6, 0x68, 0x62, 0x04, 0x53, 0xB0, 0xB2, 0x8E, 0x46, 0x46, 0x1B, 0xA3,
    0x89, 0x39, 0x18, 0x17, 0x61, 0x54, 0x55, 0x57, 0x4D, 0xF1, 0xAF, 0x50, 0xCF, 0xF9, 0x00, 0xBB,
    0xEE, 0xD9, 0x26, 0xF9, 0xE6, 0x48, 0x78, 0x78, 0x9A, 0xDF, 0x1C, 0x09, 0x0F, 0x4D, 0xD3, 0xF2,
    0x4C, 0xFF, 0xD4, 0xEA, 0xB0, 0x0F, 0xCE, 0xF4, 0xF0, 0x32, 0x3E, 0xE8, 0xD2, 0x69, 0xE3, 0x47,
    0x3B, 0x3D, 0xAE, 0xDC, 0xE3, 0xD4, 0x88, 0x59, 0x31, 0x6A, 0xF5, 0x7C, 0x31, 0x02, 0x72, 0x46,
    0x23, 0x1C, 0x38, 0x9A, 0xD8, 0x94, 0xE0, 0x03, 0x3E, 0x09, 0xC4, 0x69, 0x95, 0x3E, 0x52, 0x60,
    0xB8, 0x2D, 0x18, 0x0F, 0x1C, 0x29, 0xB9, 0x6E, 0xD5, 0x40, 0xE4, 0x8A, 0x88, 0xB0, 0x31, 0x0B,
    0xCB, 0x8E, 0xD8, 0xDC, 0x3C, 0xDA, 0xFF, 0x4C, 0x8A, 0xBD, 0x1C, 0xA9, 0xCE, 0x76, 0xEC, 0xC3,
    0x4E, 0xF3, 0x03, 0xE7, 0x28, 0x7C, 0x18, 0x4A, 0xC0, 0x4B, 0x22, 0x3C, 0xD6, 0xFB, 0x3A, 0xF1,
    0x81, 0x08, 0x53, 0x74, 0x9E, 0xF2, 0x79, 0x8D, 0x09, 0xE7, 0x27, 0xDA, 0x09, 0x2C, 0xE6, 0x2B,
    0x18, 0x61, 0xF6, 0x09, 0xBD, 0xF1, 0xA0, 0x27, 0x5E, 0x71, 0x83, 0x3A, 0x39, 0xFD, 0x7C, 0x58,
    0x4E, 0xFA, 0xF5, 0x08, 0x76, 0xF9, 0x5F, 0xC5, 0x5B, 0xBF, 0x93, 0xDD, 0xD4, 0x15, 0xBE, 0x92,
    0xB0, 0x35, 0x58, 0x33, 0xC8, 0x85, 0x1B, 0xEC, 0x42, 0x6D, 0x92, 0x61, 0x50, 0x9B, 0x99, 0x30,
    0x5C, 0x61, 0x4F, 0x86, 0xC2, 0x85, 0xA9, 0xA0, 0xD8, 0x62, 0x53, 0x50, 0x40, 0xB5, 0xFF, 0x80,
    0x07, 0xA9, 0x4B, 0x41, 0x11, 0x77, 0x69, 0x29, 0x28, 0x98, 0x34, 0xA4, 0x48, 0x41, 0x66, 0x6C,
    0x4B, 0x4C, 0x0A, 0x0A, 0x0A, 0x04, 0x19, 0xE2, 0x22, 0x85, 0x45, 0x62, 0x93, 0x49, 0x65, 0x01,
    0xF2, 0x58, 0x4B, 0x24, 0xDD, 0x7C, 0xDF, 0xB9, 0x57, 0x6F, 0xF5, 0x76, 0x9F, 0xC1, 0xAC, 0x77,
    0x1F, 0x6F, 0xA4, 0xFB, 0xD6, 0xEF, 0xE9, 0xDD, 0x7B, 0xBE, 0x73, 0xCF, 0xEF, 0x73, 0xAD, 0x94,
    0xBC, 0x22, 0xD3, 0x29, 0x15, 0xDB, 0xA1, 0x55, 0x8B, 0x57, 0x68, 0x14, 0x3F, 0xC3, 0x90, 0x9A,
    0x4C, 0x29, 0xCD, 0xC1, 0x98, 0x42, 0x79, 0x46, 0x57, 0x2A, 0x18, 0x31, 0x44, 0x03, 0x86, 0xB8,
    0xD3, 0xB5, 0x4A, 0xDB, 0xB4, 0x56, 0x79, 0x95, 0x36, 0x78, 0xC2, 0xB4, 0x3E, 0x87, 0x80, 0x43,
    0x34, 0xE0, 0xFB, 0xA4, 0xE3, 0x43, 0xAD, 0x8A, 0xFB, 0xBC, 0x51, 0xFC, 0x04, 0xEB, 0x24, 0x72,
    0x37, 0xB2, 0xD0, 0xA5, 0x49, 0xA9, 0xD2, 0xD4, 0xF8, 0x41, 0x1B, 0xEE, 0xEF, 0x76, 0xEA, 0xB5,
    0x08, 0xC4, 0xE0, 0x47, 0x7B, 0xF8, 0xBD, 0x79, 0xD0, 0xA6, 0x4D, 0xD2, 0xE6, 0x95, 0x6E, 0xF2,
    0xFB, 0xA6, 0xCE, 0x8D, 0xA9, 0x34, 0xEE, 0x68, 0xC2, 0xCA, 0x2A, 0x29, 0x06, 0x50, 0xF8, 0x8F,
    0x9E, 0xB4, 0x92, 0xF4, 0xB2, 0xD8, 0x0A, 0xFD, 0x17, 0xD5, 0xFB, 0x2A, 0xFD, 0x23, 0x3E, 0x04,
    0xFD, 0xFE, 0x94, 0xAD, 0x16, 0x3C, 0x36, 0x8E, 0x27, 0xA5, 0x94, 0x44, 0xA6, 0x0D, 0x29, 0xAD,
    0x9F, 0x8C, 0x52, 0x2C, 0x5F, 0x63, 0xD0, 0xA4, 0x2E, 0xEF, 0x38, 0x7F, 0xFB, 0x04, 0x54, 0x36,
    0xEB, 0x54, 0xE6, 0x55, 0xD4, 0x63, 0x75, 0x6F, 0x54, 0x2A, 0xC0, 0xA3, 0x81, 0x10, 0x46, 0xD4,
    0x89, 0x4C, 0x8B, 0xBF, 0xBC, 0x89, 0xEC, 0xEE, 0xD4, 0xE1, 0x97, 0x57, 0x72, 0x6A, 0x83, 0x87,
    0x4B, 0x63, 0x6A, 0xDF, 0x7C, 0x59, 0xB6, 0xE1, 0xA4, 0x92, 0x2C, 0x16, 0xCA, 0x1C, 0x3D, 0x20,
    0x8F, 0x62, 0xA0, 0xEB, 0xD5, 0x20, 0xFF, 0xE4, 0x17, 0x69, 0xA7, 0xFE, 0xAA, 0xE2, 0xE9, 0x0D,
    0x93, 0x45, 0xC6, 0x8C, 0x58, 0x95, 0x52, 0x9A, 0x0A, 0xC7, 0x3D, 0x0C, 0x11, 0x58, 0x07, 0x66,
    0x70, 0xDB, 0x49, 0xDC, 0xFC, 0x4A, 0xF6, 0xF9, 0x64, 0x81, 0x9F, 0xD4, 0xC9, 0xFE, 0x5E, 0xAD,
    0x9B, 0x67, 0xB1, 0xB3, 0x78, 0x8A, 0x4C, 0x5D, 0xDD, 0xE7, 0x55, 0xF9, 0xE5, 0x04, 0x4E, 0x1B,
    0xD0, 0xD7, 0x2B, 0xDF, 0xDC, 0xE0, 0x9C, 0x5C, 0x53, 0x68, 0xCB, 0x4B, 0xA5, 0xFC, 0x31, 0xAE,
    0xB6, 0x08, 0xE8, 0x02, 0xEE, 0x89, 0xA2, 0x90, 0xA9, 0xF4, 0x6E, 0xAD, 0xCA, 0x2B, 0xED, 0xD3,
    0x03, 0xF2, 0xB9, 0x70, 0xD8, 0xCE, 0x83, 0xDF, 0x6C, 0x73, 0x87, 0x3E, 0xC2, 0xEC, 0x83, 0xBD,
    0xF9, 0xF7, 0x53, 0x83, 0x19, 0x92, 0x86, 0x1B, 0x83, 0xEF, 0x53, 0x6E, 0x76, 0xD4, 0x3A, 0x29,
    0xD8, 0x06, 0x18, 0x1D, 0xF6, 0x2A, 0x7E, 0x50, 0x2B, 0x4C, 0xA7, 0xBC, 0xEE, 0x04, 0xC0, 0xBC,
    0x7F, 0x16, 0xE3, 0x6D, 0xEA, 0xFE, 0xE3, 0xC0, 0x18, 0x3E, 0x67, 0xCC, 0xC4, 0x05, 0x4C, 0xE5,
    0x9B, 0x33, 0x50, 0xF6, 0x09, 0x24, 0x06, 0x23, 0xB4, 0x3B, 0x80, 0xB2, 0x0F, 0xE1, 0x00, 0x15,
    0xA7, 0xDA, 0x0F, 0x31, 0xA8, 0xEB, 0x63, 0xEA, 0x7E, 0xDC, 0x02, 0x63, 0xD2, 0xAA, 0xBC, 0x49,
    0x5B, 0x0F, 0xCA, 0xFB, 0xD5, 0x9E, 0xE1, 0xCA, 0x83, 0x82, 0x2A, 0x43, 0xA8, 0xCC, 0x7F, 0x65,
    0xEE, 0xF2, 0x2A, 0x97, 0x32, 0xBB, 0x94, 0x6F, 0x93, 0x52, 0x81, 0xCD, 0xCB, 0xE0, 0xED, 0x17,
    0xD3, 0x75, 0x68, 0xF7, 0xA3, 0x91, 0xB6, 0x08, 0x3F, 0x51, 0xE9, 0x7E, 0x3E, 0x90, 0x49, 0x98,
    0x5E, 0xD1, 0x08, 0x50, 0xD3, 0x68, 0x2C, 0x4C, 0x86, 0x65, 0xE6, 0xB1, 0x22, 0xEB, 0xCA, 0xFB,
    0x34, 0xE5, 0xB2, 0x06, 0x4C, 0x58, 0x89, 0x31, 0x1C, 0x85, 0xB9, 0xB9, 0xB9, 0x47, 0x6B, 0x03,
    0x46, 0x00, 0x05, 0x4C, 0xD6, 0x6F, 0xB1, 0x45, 0x06, 0x14, 0x7B, 0x46, 0x85, 0x03, 0xF0, 0x84,
    0x83, 0x36, 0x13, 0x2C, 0x9C, 0x19, 0xC3, 0x21, 0x37, 0x80, 0xB4, 0x86, 0x47, 0xB7, 0x58, 0xC2,
    0x34, 0x49, 0xB7, 0x63, 0x8A, 0x94, 0xBC, 0xD0, 0x9C, 0x44, 0x9B, 0x7D, 0x41, 0xF1, 0xAB, 0xCC,
    0x99, 0x7C, 0x43, 0xE3, 0x2F, 0x83, 0x47, 0x1B, 0x4A, 0x6B, 0x94, 0x7F, 0x31, 0x5A, 0x28, 0x82,
    0x44, 0x80, 0x08, 0x8E, 0xBC, 0xC2, 0xB4, 0x65, 0x86, 0x41, 0xC8, 0x37, 0x19, 0x78, 0x65, 0x0A,
    0x88, 0x80, 0x20, 0x10, 0x00, 0x42, 0xBF, 0x23, 0xDF, 0xED, 0xC4, 0xDA, 0xB0, 0xD8, 0x21, 0x2C,
    0xC9, 0x81, 0x3B, 0xD4, 0xF8, 0xFC, 0xCE, 0xA7, 0x21, 0x0C, 0xB8, 0xA3, 0xC1, 0x20, 0x1E, 0xC8,
    0xC0, 0x74, 0xD3, 0x92, 0xC7, 0x64, 0x41, 0x4C, 0xC9, 0x21, 0xD3, 0x54, 0xD2, 0xAE, 0x0B, 0xA3,
    0xDB, 0xA1, 0x81, 0xAC, 0xEA, 0x95, 0x38, 0xC6, 0x14, 0xA4, 0x68, 0x63, 0x89, 0x48, 0x57, 0x62,
    0xD6, 0x40, 0xCC, 0x5A, 0x5D, 0x47, 0x70, 0x24, 0x61, 0x87, 0x87, 0x3B, 0xAE, 0x2F, 0xA4, 0x65,
    0xDC, 0x85, 0x5B, 0x9C, 0x2A, 0x4B, 0x20, 0xBC, 0x22, 0x66, 0x5E, 0x47, 0x13, 0x36, 0xD2, 0x44,
    0x97, 0xD3, 0xAC, 0x03, 0x5B, 0xA0, 0xFF, 0x97, 0xDE, 0x7B, 0x4A, 0xBF, 0x41, 0x07, 0x5F, 0xDB,
    0x29, 0xDD, 0xEB, 0xB8, 0x38, 0x54, 0x50, 0xCF, 0x4A, 0x22, 0x43, 0x50, 0x1F, 0x31, 0x64, 0xA7,
    0x07, 0x46, 0x0C, 0xD9, 0x68, 0xEF, 0xA5, 0x21, 0x3B, 0x2E, 0x98, 0x4D, 0x94, 0xAE, 0x88, 0x0C,
    0x48, 0x64, 0x48, 0x22, 0xA3, 0x75, 0x22, 0x17, 0x94, 0x36, 0x8F, 0xA5, 0x94, 0x76, 0xC7, 0xE7,
    0x34, 0xBE, 0xA9, 0x9C, 0x6E, 0x80, 0x4A, 0x9F, 0x71, 0x06, 0x96, 0x4A, 0xF7, 0x77, 0x5B, 0x0D,
    0x0A, 0xF3, 0x99, 0xC2, 0xD9, 0x42, 0x55, 0xBF, 0xE0, 0x2C, 0x19, 0x34, 0xD1, 0x06, 0x83, 0xF8,
    0x30, 0xE8, 0xAD, 0xCF, 0xA0, 0x3B, 0xB2, 0x4A, 0x25, 0x16, 0x6B, 0xCC, 0x31, 0xA5, 0x26, 0xB5,
    0x71, 0xB3, 0xC1, 0x62, 0x9D, 0xD6, 0x16, 0xCC, 0xE6, 0x37, 0xE0, 0x9C, 0xDD, 0x09, 0xC8, 0x93,
    0xD8, 0xF0, 0x88, 0x74, 0xE9, 0x07, 0x00, 0x38, 0x45, 0xF5, 0x51, 0xC7, 0x28, 0x7A, 0x08, 0x52,
    0x4B, 0x01, 0x63, 0x7D, 0xC9, 0x73, 0xCE, 0x97, 0x2C, 0xC8, 0x8D, 0x4C, 0x0F, 0xCB, 0x62, 0x07,
    0x46, 0x92, 0x49, 0x0B, 0x08, 0x69, 0xAB, 0x3B, 0xD8, 0xE0, 0x04, 0xBE, 0xA4, 0x8E, 0xAC, 0xFD,
    0x36, 0x77, 0x2B, 0xB5, 0xB7, 0x4F, 0x7D, 0x3C, 0x23, 0x61, 0x53, 0xC1, 0x5D, 0x02, 0xD8, 0xF8,
    0x5B, 0x2C, 0x74, 0x31, 0x7B, 0x6B, 0xF6, 0x28, 0x9D, 0x2E, 0x94, 0x99, 0xCA, 0x8C, 0x41, 0x9D,
    0x8A, 0xA6, 0x5D, 0x58, 0xCB, 0x2E, 0x80, 0x17, 0x13, 0xEB, 0xDF, 0x40, 0x52, 0x74, 0x0D, 0x5E,
    0xEA, 0x86, 0x43, 0x0B, 0x9B, 0x0C, 0xDB, 0xD6, 0x93, 0x9D, 0x1D, 0xB8, 0xFB, 0xA0, 0x05, 0xDD,
    0xD7, 0x84, 0xA1, 0xCE, 0xC7, 0x25, 0x05, 0x38, 0x9E, 0xD3, 0x6E, 0xA5, 0xB4, 0xE8, 0x67, 0xCD,
    0x41, 0x08, 0xF0, 0x26, 0x37, 0xF4, 0x16, 0x09, 0xD2, 0x40, 0xA9, 0x92, 0x51, 0x6D, 0x8F, 0x07,
    0xB1, 0x04, 0xEE, 0x5F, 0x1F, 0x0D, 0xDC, 0xB7, 0x07, 0x5F, 0x82, 0x3D, 0x8A, 0xB9, 0x1D, 0xBC,
    0x76, 0x8B, 0xF0, 0xD5, 0x8B, 0x22, 0x02, 0xAB, 0xE1, 0x45, 0xB5, 0x6D, 0xF8, 0xA7, 0x88, 0x4D,
    0x72, 0xCA, 0x03, 0x7B, 0xCD, 0x25, 0x93, 0xCA, 0x06, 0xB7, 0xF3, 0xBF, 0xE9, 0x90, 0x94, 0xC8,
    0x9B, 0x0C, 0xB7, 0x39, 0x9C, 0xDF, 0x3A, 0x0F, 0xDC, 0x9A, 0x62, 0x7C, 0xF1, 0x7B, 0xD2, 0x94,
    0xFF, 0x01, 0x94, 0x7A, 0x1F, 0xF8, 0x37, 0x0E, 0x39, 0x97, 0xCC, 0x5E, 0xB0, 0x84, 0xF6, 0x82,
    0x71, 0x03, 0x31, 0xB8, 0x60, 0xDB, 0x78, 0x0D, 0xBC, 0x10, 0x8F, 0xC1, 0xC0, 0x61, 0x11, 0xB2,
    0x44, 0x28, 0x32, 0x0C, 0xC9, 0xC8, 0x4E, 0x18, 0xB9, 0x44, 0x2E, 0x18, 0x6F, 0x5C, 0x60, 0x21,
    0x28, 0xE3, 0x55, 0x31, 0x5E, 0xB4, 0x57, 0x59, 0x89, 0x1A, 0x78, 0xCA, 0x26, 0x35, 0x84, 0xD3,
    0x0F, 0xEA, 0x5C, 0xF1, 0xFC, 0x82, 0x0E, 0x7B, 0xD3, 0x20, 0x33, 0xC8, 0xF1, 0xC7, 0xB4, 0x09,
    0x26, 0xD3, 0x83, 0x51, 0x43, 0x68, 0x76, 0x10, 0x3B, 0x05, 0x23, 0x63, 0xC3, 0xB8, 0x0B, 0x87,
    0xB8, 0x0D, 0x87, 0x04, 0xDC, 0x49, 0x1B, 0xE6, 0xB7, 0x31, 0x0C, 0x3F, 0x76, 0x0E, 0xF9, 0xAD,
    0xCD, 0x71, 0x0F, 0x60, 0x90, 0x4A, 0x53, 0x25, 0x32, 0x5E, 0x32, 0x7F, 0xFA, 0x70, 0xCA, 0x42,
    0x8B, 0x04, 0x30, 0xFA, 0x75, 0x24, 0x62, 0xDF, 0x89, 0x41, 0x2E, 0x6D, 0x91, 0xCC, 0x30, 0xF4,
    0x3A, 0x0C, 0x63, 0xAF, 0x6C, 0x45, 0xB3, 0x06, 0x5F, 0x78, 0xD3, 0x19, 0x04, 0xC3, 0x5E, 0x0D,
    0xBA, 0x3B, 0x70, 0x6B, 0x88, 0xCC, 0xEE, 0xC0, 0x50, 0xD6, 0xD2, 0x1C, 0xF5, 0x49, 0xB3, 0x4E,
    0x33, 0xE9, 0x2D, 0x0B, 0x5D, 0x97, 0x19, 0x56, 0x08, 0xEB, 0x17, 0x54, 0xD2, 0xDF, 0x54, 0x2F,
    0xEF, 0x0D, 0xEA, 0x7A, 0x78, 0xB0, 0x91, 0x25, 0x43, 0x4B, 0xC4, 0x1A, 0xBC, 0x19, 0xAC, 0xD2,
    0xB1, 0xD0, 0xAF, 0x50, 0x90, 0xE9, 0x2E, 0xE9, 0x54, 0x18, 0xCF, 0x31, 0x36, 0x97, 0xF8, 0xBC,
    0x90, 0x3D, 0x65, 0x16, 0xAB, 0x81, 0x4F, 0x03, 0x5D, 0x0E, 0x6C, 0x91, 0x19, 0xB5, 0xF8, 0x51,
    0x9B, 0x88, 0x6B, 0x86, 0xCE, 0xF3, 0x26, 0xCF, 0x3B, 0x0C, 0xA6, 0x30, 0xD0, 0x9E, 0xB7, 0x34,
    0x75, 0x44, 0xB0, 0xA4, 0x11, 0x2F, 0x4A, 0x1A, 0x27, 0x4A, 0x55, 0x87, 0x99, 0x6D, 0x6D, 0xE6,
    0x27, 0x50, 0x95, 0xBE, 0xD2, 0xAB, 0xE4, 0x0E, 0x7F, 0x5E, 0x43, 0x58, 0xB2, 0x93, 0xA6, 0xEA,
    0x5C, 0xF6, 0x66, 0xFC, 0x31, 0x76, 0xAF, 0xF5, 0x4D, 0xF1, 0x93, 0x39, 0x76, 0x52, 0x9C, 0x61,
    0x7A, 0xC6, 0x14, 0x0A, 0x7A, 0xCD, 0xEC, 0x44, 0x41, 0x24, 0xB8, 0x94, 0x2C, 0xB8, 0x10, 0x0F,
    0xB0, 0x20, 0x36, 0x15, 0x2E, 0x91, 0xCC, 0x8C, 0xE2, 0x68, 0xC5, 0x7F, 0x49, 0x68, 0x4F, 0x7B,
    0x85, 0x5C, 0x08, 0x99, 0x7F, 0xE9, 0xF6, 0xF5, 0xFA, 0x81, 0xCA, 0xC9, 0xDF, 0x8B, 0xD7, 0x09,
    0x21, 0xF8, 0x89, 0x3C, 0xA3, 0x96, 0x49, 0x8E, 0x95, 0xBB, 0x77, 0x28, 0x1B, 0x57, 0xA7, 0xAE,
    0x49, 0x30, 0xC5, 0xA0, 0xAA, 0xB5, 0x14, 0x27, 0x2E, 0x1D, 0xE2, 0x6F, 0x19, 0x86, 0x91, 0x22,
    0x2A, 0x1F, 0xA9, 0xE2, 0x3B, 0xA9, 0xC2, 0x4A, 0xF2, 0xCE, 0x4A, 0x51, 0x59, 0x9C, 0xAD, 0x38,
    0x17, 0x28, 0x82, 0xDA, 0x91, 0x52, 0xFD, 0xB0, 0x64, 0xB2, 0xD5, 0xA7, 0x8C, 0xDA, 0x40, 0x71,
    0x44, 0x23, 0x0A, 0xAA, 0xBD, 0xF2, 0x1E, 0xED, 0x6B, 0x91, 0x72, 0x32, 0xFC, 0x5C, 0x37, 0x20,
    0x43, 0xFE, 0x92, 0xCF, 0x0E, 0xA2, 0x33, 0xF3, 0x0A, 0xB1, 0xF9, 0x4C, 0xDB, 0xB0, 0xA2, 0x3F,
    0x11, 0x1E, 0xF2, 0x3C, 0x60, 0x04, 0xB7, 0x83, 0x01, 0x20, 0xA9, 0xF7, 0x00, 0x4B, 0xA0, 0x9D,
    0x98, 0x49, 0x50, 0x2B, 0x55, 0x2E, 0x1A, 0x2B, 0x90, 0xCE, 0x04, 0xD9, 0xA3, 0x80, 0x69, 0x5B,
    0x17, 0x9B, 0xCB, 0x58, 0x20, 0x5D, 0x22, 0xB6, 0xB4, 0x93, 0x7C, 0x4F, 0x52, 0xE8, 0x4E, 0xAB,
    0x8D, 0xAF, 0x52, 0x7C, 0x92, 0x95, 0x52, 0x31, 0xF2, 0xB2, 0x9F, 0x36, 0xAA, 0x75, 0xD9, 0x49,
    0x60, 0x47, 0x71, 0x04, 0xE4, 0x89, 0xE5, 0x88, 0x13, 0x2A, 0xE1, 0xEC, 0x25, 0x26, 0x8A, 0xE0,
    0x11, 0xB9, 0x99, 0xDF, 0x37, 0x12, 0x34, 0x71, 0xCA, 0xD8, 0x4C, 0x32, 0x97, 0x15, 0x36, 0x46,
    0x76, 0x9A, 0xD5, 0xB1, 0x5A, 0x45, 0x8F, 0x90, 0xBE, 0x56, 0xC3, 0x8A, 0x0A, 0x2E, 0x64, 0x6D,
    0x9F, 0xBD, 0x43, 0x27, 0xB3, 0x4B, 0xC1, 0xA1, 0xCB, 0x4A, 0x9D, 0xE0, 0x68, 0x2B, 0x38, 0x04,
    0x4F, 0xD8, 0x39, 0x8B, 0x76, 0x76, 0x87, 0xE3, 0x89, 0x08, 0x74, 0x8F, 0xEF, 0xB8, 0xAE, 0x6F,
    0x18, 0xA3, 0xFB, 0x13, 0xEB, 0x08, 0xC1, 0x08, 0xD1, 0xB5, 0x39, 0x04, 0x5C, 0xD1, 0x24, 0xA2,
    0x3F, 0x89, 0x75, 0xB2, 0x05, 0x46, 0x7E, 0x1E, 0x4B, 0x66, 0x9B, 0xB4, 0xA9, 0x48, 0x2A, 0x97,
    0x47, 0xD8, 0x2C, 0x69, 0xBE, 0x95, 0x0A, 0xC6, 0xED, 0x60, 0x99, 0x59, 0x59, 0x0C, 0x1B, 0xE4,
    0xC7, 0xF5, 0xCA, 0x7B, 0xBB, 0x51, 0x9C, 0xBA, 0xF3, 0xEA, 0xF2, 0xB4, 0x51, 0x8B, 0x04, 0x1C,
    0xCE, 0x29, 0x30, 0x19, 0x7C, 0x11, 0xA5, 0x5A, 0xB7, 0xC0, 0x6B, 0x43, 0x7F, 0x92, 0xC1, 0xD8,
    0x8F, 0x76, 0x56, 0xFE, 0x62, 0x50, 0xAE, 0xD2, 0x87, 0x74, 0x11, 0x35, 0xB5, 0xA3, 0xA2, 0x44,
    0x55, 0x9A, 0xD5, 0xD8, 0x64, 0x8E, 0xC9, 0x9E, 0x5D, 0x45, 0x4A, 0x3A, 0x9B, 0x07, 0x06, 0x0D,
    0x2C, 0x47, 0x02, 0xF4, 0xF1, 0x17, 0xCA, 0x17, 0x0B, 0x5D, 0xB0, 0x93, 0x32, 0x1C, 0xA0, 0x61,
    0x39, 0x97, 0xAD, 0xF9, 0x7F, 0xE5, 0x12, 0x21, 0xB2, 0x67, 0xB9, 0x97, 0xB2, 0x8F, 0x5C, 0xE7,
    0xB0, 0x11, 0x68, 0x9D, 0x11, 0x80, 0xD3, 0x44, 0xF4, 0xD1, 0x32, 0xCC, 0x52, 0x0A, 0x89, 0x95,
    0xE8, 0x34, 0x84, 0xE4, 0x6D, 0x37, 0xB7, 0x55, 0xFB, 0x70, 0x5D, 0xED, 0x5D, 0xA4, 0xB0, 0x88,
    0x11, 0x68, 0xB9, 0x60, 0x6E, 0x90, 0x11, 0x0D, 0x2A, 0xED, 0x4F, 0x90, 0x24, 0xC7, 0xDE, 0xDC,
    0xF1, 0x95, 0x77, 0xE9, 0x38, 0xBB, 0x0C, 0x50, 0x66, 0xCB, 0x69, 0xCD, 0xA6, 0x3F, 0x1E, 0xD0,
    0x4D, 0xA2, 0x59, 0x67, 0x41, 0x8E, 0x59, 0x39, 0x67, 0x70, 0x83, 0xB9, 0x23, 0xA6, 0xC0, 0x05,
    0x59, 0xD1, 0x42, 0xEA, 0x47, 0xB8, 0x07, 0x88, 0x6C, 0xEF, 0x9B, 0x00, 0x91, 0x5C, 0x50, 0x1D,
    0x87, 0xDC, 0x60, 0x7C, 0x29, 0x18, 0xDE, 0x09, 0x07, 0x04, 0x0C, 0x7D, 0xF4, 0x7D, 0xFB, 0xD4,
    0xCC, 0x8A, 0xAB, 0x10, 0x32, 0x13, 0xE1, 0x8E, 0x7B, 0xDC, 0x5D, 0x5C, 0xFD, 0xF0, 0xEA, 0x07,
    0x14, 0xAF, 0xEB, 0xEF, 0x2D, 0x95, 0x7C, 0x63, 0xB2, 0xF4, 0x5F, 0xA6, 0x48, 0x3F, 0x87, 0xE1,
    0xAC, 0x6F, 0xCD, 0xFA, 0x6B, 0x0D, 0x3F, 0xC3, 0x39, 0x9A, 0x58, 0xD6, 0xD4, 0x7A, 0xB5, 0xF0,
    0x12, 0xB3, 0xA2, 0x7F, 0x0C, 0x9A, 0x3F, 0xC3, 0x6D, 0x2A, 0xA9, 0x31, 0x49, 0x28, 0x9B, 0xC1,
    0x80, 0xE2, 0x6B, 0xD0, 0xFA, 0x9B, 0x79, 0x5D, 0x8A, 0xA6, 0x31, 0x23, 0x6B, 0x5A, 0x52, 0xD7,
    0xD2, 0xCB, 0xAD, 0x79, 0x46, 0x99, 0x17, 0x3C, 0x03, 0xF6, 0x76, 0x81, 0x29, 0x90, 0xCD, 0x69,
    0xA4, 0xD0, 0x83, 0xDA, 0xB1, 0x22, 0xB5, 0xAF, 0xC4, 0x03, 0x16, 0xBE, 0xD5, 0x6B, 0x19, 0x02,
    0x51, 0x2F, 0xF1, 0x17, 0x14, 0x48, 0xBC, 0xDE, 0x3E, 0x5C, 0x54, 0x69, 0xC5, 0xD3, 0xB4, 0x58,
    0xC2, 0x33, 0x2C, 0x99, 0xF9, 0x58, 0x94, 0x61, 0x23, 0xC7, 0x60, 0x1A, 0xC1, 0xD0, 0x60, 0x30,
    0x52, 0xC6, 0xA3, 0x85, 0x8F, 0xFA, 0xFC, 0x0A, 0xBB, 0x10, 0xFA, 0x13, 0x8C, 0xAD, 0xFE, 0x14,
    0x4B, 0xB7, 0xC9, 0x3F, 0x19, 0x00, 0xB3, 0xBD, 0x04, 0x63, 0x83, 0x99, 0x74, 0xCD, 0x8C, 0x4F,
    0x57, 0x01, 0xCB, 0x6D, 0x18, 0x6B, 0x99, 0x5B, 0x4C, 0xC9, 0x47, 0xB6, 0x78, 0x41, 0xAE, 0xA6,
    0xAB, 0xCA, 0x7B, 0x30, 0x20, 0xC6, 0x1D, 0x57, 0x31, 0xEE, 0x78, 0x10, 0xE3, 0x06, 0x8F, 0x89,
    0x71, 0x13, 0x17, 0xE3, 0x6E, 0x95, 0x76, 0x31, 0x94, 0xC2, 0x43, 0xC9, 0x7A, 0xAC, 0xFE, 0x38,
    0x0E, 0x5B, 0x73, 0xF9, 0x4E, 0xF6, 0x34, 0x68, 0x36, 0xA9, 0xE9, 0xED, 0x79, 0x99, 0x8B, 0x19,
    0x37, 0x2E, 0xBE, 0x23, 0xC9, 0xAC, 0x2D, 0x19, 0x5A, 0xB3, 0x7C, 0xE1, 0x67, 0xDC, 0xCF, 0xB0,
    0x29, 0xE1, 0x96, 0xBE, 0x1F, 0xEC, 0xB2, 0x4E, 0xC2, 0xCE, 0x2C, 0x76, 0x55, 0x91, 0x11, 0x74,
    0x56, 0x4C, 0x9B, 0x76, 0xB0, 0xDA, 0xB0, 0x2A, 0x6D, 0x77, 0x1C, 0xC0, 0x0E, 0x95, 0x48, 0x7E,
    0x47, 0x2F, 0x45, 0x8E, 0x28, 0x89, 0x4C, 0xC8, 0x13, 0xDB, 0xAA, 0x2B, 0xC5, 0xBD, 0xAF, 0xA7,
    0xD2, 0x39, 0xA7, 0xCE, 0x8F, 0x39, 0xB5, 0xCC, 0xFA, 0x64, 0xD2, 0x33, 0x3D, 0x31, 0xA7, 0xDA,
    0x1F, 0x95, 0x1E, 0x4F, 0x42, 0x94, 0x44, 0x6C, 0x67, 0x2A, 0x61, 0x09, 0xBC, 0xFB, 0x8F, 0xC9,
    0x4A, 0xBF, 0x39, 0xBB, 0x83, 0x49, 0xE1, 0x74, 0x50, 0x75, 0x4C, 0xE8, 0xCC, 0x8D, 0xBC, 0xA4,
    0x96, 0xAC, 0x6D, 0xE4, 0xB2, 0xA1, 0xAF, 0xB5, 0xEF, 0xE2, 0x83, 0x5C, 0xEA, 0x77, 0xF7, 0x73,
    0x2C, 0x09, 0xB3, 0x1E, 0x23, 0x58, 0x9B, 0x12, 0x18, 0xF2, 0x09, 0xF6, 0x30, 0x30, 0x30, 0x88,
    0xC1, 0x84, 0x15, 0xEC, 0x30, 0x6A, 0xF6, 0x18, 0xA5, 0xDB, 0x88, 0x65, 0x60, 0x3E, 0xA7, 0xD7,
    0x4D, 0xC5, 0x0C, 0x98, 0x45, 0x39, 0xAC, 0x7B, 0x89, 0xB6, 0x26, 0x5D, 0x95, 0xB2, 0xAB, 0xB9,
    0x64, 0xE7, 0xBB, 0x92, 0x1D, 0xF2, 0xF6, 0x16, 0xC4, 0x77, 0x79, 0x15, 0x75, 0x6C, 0x2C, 0x20,
    0xB4, 0xE1, 0xDD, 0x22, 0xDD, 0x6B, 0x19, 0x63, 0xB1, 0x64, 0x17, 0x4B, 0x1F, 0x86, 0x22, 0xFD,
    0x16, 0x93, 0xF2, 0x9C, 0xBA, 0x94, 0x72, 0xAA, 0x68, 0x52, 0xDB, 0x03, 0x21, 0xF5, 0xEC, 0x1D,
    0x66, 0x77, 0x95, 0x3A, 0xBB, 0x5E, 0xCF, 0x3E, 0x1E, 0x18, 0xD5, 0xBE, 0x28, 0x1D, 0x53, 0x0A,
    0x6F, 0xF2, 0x2D, 0x67, 0xCC, 0xAF, 0xB6, 0x9B, 0x82, 0x57, 0xC1, 0xE4, 0x22, 0x37, 0xA2, 0x52,
    0x02, 0x4B, 0x09, 0x2E, 0x25, 0xC0, 0x94, 0x20, 0x53, 0x02, 0x4D, 0x09, 0x36, 0x25, 0xE0, 0x64,
    0x1C, 0x95, 0xC0, 0x53, 0x82, 0x4F, 0x09, 0x40, 0x25, 0x08, 0xA5, 0x52, 0xA1, 0x1C, 0x46, 0x0B,
    0x52, 0xA9, 0xD7, 0xA0, 0x9E, 0x5E, 0x8F, 0x10, 0x3E, 0xEC, 0x4B, 0x16, 0x26, 0x99, 0x35, 0x5C,
    0x5D, 0x6B, 0x19, 0x00, 0xB0, 0x20, 0xA6, 0x1B, 0x6A, 0x58, 0x78, 0xA1, 0x58, 0x43, 0x85, 0x88,
    0xDA, 0x36, 0x87, 0xCC, 0xAA, 0xB7, 0x42, 0xE4, 0x36, 0x56, 0xD6, 0x52, 0xEC, 0x65, 0xF8, 0x65,
    0xD1, 0x7B, 0x65, 0x9F, 0x50, 0x37, 0x31, 0x7C, 0xE8, 0x2A, 0xBD, 0xAC, 0x33, 0x10, 0x1A, 0x75,
    0x80, 0xE0, 0x48, 0x10, 0xE1, 0xF1, 0x9D, 0x00, 0x45, 0x94, 0x08, 0xD1, 0x48, 0xF5, 0x24, 0x60,
    0xF6, 0x43, 0x80, 0x92, 0x9A, 0xD4, 0xB6, 0xBA, 0xAC, 0x5D, 0xCB, 0x1B, 0xCB, 0x26, 0x7C, 0x07,
    0xDC, 0x9C, 0xE8, 0x08, 0xB8, 0xB7, 0xD5, 0x67, 0xE3, 0x36, 0xD6, 0xB0, 0x99, 0xA4, 0x2E, 0x4D,
    0xD7, 0xD8, 0xE7, 0x63, 0x57, 0x6F, 0xAF, 0x23, 0x7F, 0xFF, 0x6E, 0xA8, 0xE2, 0x7C, 0x15, 0xE1,
    0xB4, 0x03, 0x72, 0x90, 0x11, 0x61, 0xE9, 0xA4, 0x4E, 0x90, 0xE6, 0xAA, 0xA4, 0x4E, 0x6B, 0x7E,
    0x5B, 0x6B, 0x36, 0xCF, 0xB1, 0xA5, 0x95, 0xE4, 0x0A, 0x60, 0x80, 0x14, 0x92, 0x1F, 0xE6, 0xE6,
    0xF5, 0x4E, 0x49, 0x25, 0x85, 0x25, 0xA0, 0x29, 0x07, 0xA9, 0x5E, 0xD9, 0x38, 0x41, 0x7D, 0x46,
    0xCD, 0x7D, 0x78, 0x33, 0x97, 0x1C, 0xCF, 0xDE, 0x58, 0xAF, 0x9E, 0xF7, 0x52, 0x42, 0x2F, 0x5C,
    0xF5, 0xFC, 0x4C, 0x29, 0xF5, 0xAE, 0x16, 0x7B, 0x88, 0x81, 0x5B, 0x18, 0x8E, 0x67, 0x5C, 0xB9,
    0x2D, 0x26, 0xF9, 0x31, 0x3B, 0x84, 0x10, 0xB0, 0x8A, 0xC9, 0x92, 0x9C, 0x0B, 0x70, 0x9B, 0x21,
    0xF1, 0x7C, 0xCE, 0xF8, 0xAA, 0x94, 0x68, 0x5E, 0xC5, 0xD6, 0x69, 0x30, 0xFC, 0x59, 0x34, 0xE9,
    0x83, 0x3E, 0x87, 0x98, 0xC0, 0x8E, 0x81, 0x05, 0x21, 0x49, 0x9E, 0x6C, 0xF3, 0xFB, 0x48, 0x2A,
    0xEB, 0x82, 0x94, 0x39, 0xA2, 0x39, 0x4D, 0x4A, 0x57, 0x6E, 0x34, 0x3E, 0xE8, 0x5C, 0xAF, 0x0A,
    0x88, 0x52, 0x26, 0x8C, 0xBF, 0x82, 0x85, 0xFD, 0x5F, 0x2F, 0x07, 0x56, 0x78, 0x86, 0x84, 0x06,
    0x8E, 0x1D, 0xC8, 0x45, 0xCE, 0x34, 0x27, 0xDB, 0xCB, 0x72, 0x99, 0xBC, 0x7E, 0xE7, 0xBA, 0x23,
    0xEE, 0x26, 0x2F, 0xD2, 0x62, 0xD5, 0xDB, 0x18, 0x7E, 0xB8, 0xB7, 0x71, 0x5A, 0x98, 0x07, 0x3A,
    0x1F, 0x2C, 0xCD, 0xFA, 0x3B, 0x63, 0x07, 0xB7, 0xEE, 0xB1, 0x77, 0x47, 0xA9, 0xBF, 0xCC, 0xED,
    0x16, 0x29, 0x09, 0xE8, 0xE2, 0x88, 0x51, 0xB9, 0x34, 0x65, 0xB6, 0xB9, 0x1D, 0x0A, 0xA5, 0xE3,
    0x8E, 0xE1, 0x94, 0xF7, 0x6C, 0x7B, 0x30, 0xB6, 0x09, 0xE3, 0xBE, 0xB2, 0x4A, 0x06, 0xAD, 0x18,
    0xA8, 0xF3, 0x36, 0x99, 0x04, 0x75, 0xA0, 0x59, 0x92, 0xC4, 0x7C, 0x1F, 0x8E, 0x35, 0x25, 0x5F,
    0x42, 0xC9, 0x23, 0xF6, 0x44, 0xCE, 0x59, 0xBD, 0x8C, 0x1D, 0x39, 0xF4, 0xFF, 0x07, 0x09, 0x30,
    0x55, 0x2C, 0x10, 0x23, 0x08, 0x0E, 0x3D, 0xDC, 0x2B, 0x08, 0x82, 0x6B, 0x05, 0xE4, 0x6C, 0x2E,
    0xD1, 0x79, 0x75, 0x16, 0xA1, 0xB3, 0xBE, 0x5F, 0x56, 0xA9, 0xED, 0x58, 0x61, 0x0A, 0x56, 0x1A,
    0x62, 0x22, 0xC8, 0x59, 0xBE, 0x98, 0x58, 0xB4, 0x6E, 0x6E, 0x6D, 0x13, 0xD0, 0x05, 0xDB, 0xF8,
    0xB3, 0xC7, 0x32, 0x10, 0x11, 0x04, 0xED, 0x53, 0x03, 0x3A, 0x11, 0x6A, 0x35, 0xA9, 0x4D, 0x0E,
    0x51, 0xFB, 0x9C, 0x72, 0xC5, 0x63, 0xE5, 0x93, 0xCC, 0xCB, 0x52, 0x0A, 0xAA, 0xE7, 0x40, 0xF0,
    0xB8, 0xF4, 0xFE, 0xDA, 0x35, 0x68, 0xA2, 0x4A, 0x79, 0xB8, 0xC5, 0x16, 0x9F, 0x97, 0x22, 0x3F,
    0x1E, 0x08, 0x1E, 0x49, 0x84, 0xB7, 0xAA, 0xEA, 0x3F, 0xB3, 0xA5, 0x8D, 0xC9, 0xA3, 0x4E, 0xDC,
    0xF1, 0xE1, 0x13, 0x19, 0xC7, 0x04, 0xA9, 0x8D, 0x3D, 0x90, 0x65, 0x2A, 0x3A, 0xA3, 0xC2, 0x56,
    0xD5, 0x1E, 0xDF, 0x9F, 0x94, 0x73, 0x23, 0xD4, 0x36, 0x51, 0x39, 0x09, 0xDF, 0x24, 0x7A, 0x5B,
    0xAF, 0x83, 0xD8, 0xE2, 0xD2, 0x9F, 0xF9, 0x4F, 0x39, 0xB1, 0xB0, 0x27, 0xDB, 0xC3, 0x39, 0xC7,
    0x55, 0x12, 0x36, 0xE7, 0xAC, 0x70, 0x18, 0x31, 0x33, 0xBB, 0xC1, 0x3B, 0x5A, 0x9A, 0x1C, 0xD8,
    0xAA, 0x8C, 0x0C, 0xE2, 0xC7, 0x0A, 0xE4, 0xFB, 0x00, 0x7D, 0x4F, 0x79, 0x37, 0x95, 0xBA, 0xA9,
    0x74, 0x27, 0x1A, 0x77, 0x96, 0x09, 0x40, 0xF4, 0xEF, 0xC1, 0xB5, 0x14, 0xA5, 0x0F, 0xBC, 0x1E,
    0xFC, 0x9F, 0x22, 0x3E, 0xE5, 0xD7, 0xD6, 0x4A, 0x47, 0x88, 0x68, 0xAF, 0x21, 0x17, 0x4D, 0x6C,
    0xDD, 0xD1, 0x95, 0x39, 0xB5, 0x69, 0x37, 0x24, 0xCC, 0x0B, 0x23, 0xD6, 0xD9, 0x53, 0x6F, 0x8C,
    0x56, 0x43, 0xF3, 0x44, 0x94, 0x72, 0x83, 0x29, 0x0B, 0xCA, 0xD6, 0x79, 0x54, 0x5E, 0xAF, 0x28,
    0x2D, 0x7E, 0x88, 0xD2, 0xC7, 0xF0, 0xDA, 0x63, 0x81, 0xB2, 0x93, 0x8B, 0x89, 0x41, 0xB8, 0xE0,
    0x35, 0x9C, 0xCE, 0xE5, 0x4A, 0x1A, 0xE8, 0x2A, 0xFC, 0xDC, 0x64, 0x87, 0xCC, 0x0E, 0x76, 0x28,
    0x1C, 0x24, 0xFA, 0x0F, 0x19, 0xFC, 0xF3, 0xE8, 0x0A, 0x93, 0x8A, 0x84, 0x75, 0x89, 0x94, 0x47,
    0x57, 0x74, 0xC3, 0x7C, 0xA5, 0xA6, 0xE9, 0xAF, 0x74, 0x63, 0xAB, 0x4D, 0x08, 0x8B, 0x58, 0x5D,
    0xCB, 0x31, 0x3D, 0x6B, 0x6E, 0x58, 0xFB, 0xE1, 0xEE, 0x40, 0xF1, 0x96, 0x0E, 0x4B, 0xED, 0x22,
    0x3E, 0x29, 0xB0, 0x81, 0x83, 0xE5, 0x41, 0x3F, 0x61, 0xCE, 0x11, 0xA5, 0x4B, 0xD2, 0x46, 0xDD,
    0xA6, 0xD8, 0xBF, 0xAC, 0xCA, 0x3A, 0xFF, 0x5A, 0x58, 0x07, 0x1E, 0x22, 0x20, 0xEB, 0xF3, 0xEC,
    0xF0, 0x29, 0x16, 0x6F, 0xFD, 0x14, 0xCB, 0x29, 0x03, 0x39, 0x74, 0x94, 0xE5, 0xD8, 0x20, 0xBC,
    0xF7, 0xCE, 0x65, 0x0C, 0x4E, 0x33, 0x87, 0xE4, 0x20, 0xB1, 0xD9, 0x02, 0x88, 0xC7, 0x9C, 0x67,
    0x39, 0xFE, 0x8E, 0xD8, 0x53, 0x99, 0x84, 0x70, 0xF3, 0x26, 0x8F, 0x34, 0xBC, 0x84, 0xA1, 0x67,
    0x8B, 0x41, 0x02, 0xD6, 0xA4, 0xD9, 0x9E, 0x90, 0xF9, 0xA3, 0x3D, 0x79, 0x9A, 0x40, 0x73, 0x13,
    0x58, 0xF7, 0x78, 0x97, 0xC1, 0x3D, 0x3E, 0xEF, 0x9F, 0x12, 0x62, 0x58, 0x21, 0x0E, 0x49, 0xBE,
    0x60, 0x87, 0xE1, 0x5D, 0x58, 0xA9, 0xF1, 0x48, 0x1C, 0x72, 0x9A, 0xC0, 0xCE, 0xB3, 0xD0, 0x40,
    0x61, 0x09, 0x06, 0xD8, 0xC2, 0xF8, 0x1B, 0x66, 0x32, 0xBF, 0x5F, 0x66, 0x32, 0x07, 0x75, 0x00,
    0xB7, 0x68, 0xD4, 0x1D, 0xAD, 0x33, 0xA4, 0xF3, 0xA2, 0x00, 0xA8, 0x88, 0x90, 0x99, 0x0A, 0xD3,
    0x19, 0x98, 0x19, 0x01, 0xB9, 0x09, 0x42, 0xBC, 0x09, 0x42, 0x33, 0x57, 0x9A, 0x0F, 0x43, 0x68,
    0xE0, 0xBF, 0xF4, 0x54, 0x4A, 0x2E, 0xD4, 0xDA, 0x83, 0x3F, 0x2A, 0xBF, 0x37, 0x97, 0x35, 0xC4,
    0x4D, 0x88, 0x05, 0xA0, 0x53, 0xDF, 0xB0, 0x17, 0xED, 0x86, 0xBD, 0xA8, 0xDC, 0x5E, 0x14, 0x76,
    0x2F, 0x6E, 0xDB, 0x32, 0x14, 0x63, 0xDA, 0xD8, 0xCC, 0x96, 0xF0, 0x35, 0xB5, 0x3A, 0xB0, 0x2B,
    0xE7, 0x0F, 0xBD, 0x89, 0x05, 0x25, 0xC4, 0xC1, 0xD9, 0xA1, 0xBE, 0xB7, 0x6E, 0x83, 0xA9, 0xCC,
    0x72, 0xAC, 0x5A, 0x66, 0x25, 0xB0, 0x95, 0x99, 0x69, 0x93, 0xB6, 0xBC, 0x6C, 0xDA, 0xB4, 0x29,
    0xAF, 0x18, 0xAC, 0x5B, 0xBE, 0xFA, 0x08, 0x51, 0x6E, 0x79, 0xED, 0x3F, 0xAD, 0xC9, 0xCA, 0xDD,
    0x3B, 0xDF, 0x18, 0x55, 0xEE, 0x7D, 0xF2, 0xDD, 0xA8, 0xF2, 0xFC, 0xD5, 0xEF, 0x98, 0xDA, 0x85,
    0x08, 0xD6, 0xF3, 0x89, 0xA5, 0x0F, 0xA6, 0xE3, 0x60, 0x44, 0x1F, 0x92, 0x91, 0x5D, 0x08, 0xA8,
    0x98, 0x97, 0xBD, 0x8D, 0x5A, 0xCE, 0x3F, 0xCF, 0x2D, 0x1D, 0x09, 0xB0, 0x4A, 0x39, 0x0C, 0x35,
    0xE4, 0x92, 0x26, 0x5D, 0x5C, 0x79, 0xB1, 0xAA, 0x2C, 0xD8, 0x9F, 0x92, 0xC6, 0xD2, 0xC7, 0xE6,
    0x32, 0x78, 0xF7, 0x37, 0x73, 0x65, 0xE0, 0x78, 0x15, 0xDE, 0xE6, 0xD3, 0xBB, 0xD7, 0xC0, 0xED,
    0xCF, 0x3E, 0xDB, 0xC5, 0x78, 0xF7, 0x5A, 0xCE, 0xA3, 0x7C, 0x31, 0x7C, 0x57, 0x3A, 0x25, 0x8C,
    0xDE, 0x06, 0xA9, 0x87, 0x0C, 0xC9, 0x44, 0x9F, 0xC3, 0x04, 0x31, 0x6D, 0x93, 0x7E, 0x55, 0x25,
    0x2B, 0x25, 0x41, 0x64, 0x33, 0xF1, 0x0E, 0x08, 0x78, 0xDB, 0x7B, 0x7F, 0xBD, 0x83, 0xC4, 0xE4,
    0x1E, 0xA1, 0x94, 0x6E, 0x58, 0x5B, 0x6D, 0x11, 0x8C, 0xC7, 0x6D, 0xC2, 0xD2, 0x77, 0xEE, 0x1A,
    0x0E, 0xE2, 0x92, 0x7C, 0x26, 0x93, 0x4A, 0x72, 0x4D, 0x7B, 0xAA, 0xE5, 0xA8, 0x4B, 0xB2, 0xDE,
    0x68, 0xE1, 0x3C, 0xBD, 0x55, 0x2B, 0x45, 0x5A, 0x37, 0x23, 0x1B, 0x15, 0xCD, 0x3B, 0x4B, 0x35,
    0x19, 0x94, 0x41, 0xB6, 0xE0, 0x99, 0xCC, 0x1F, 0x21, 0xEF, 0x1E, 0x1B, 0x68, 0xDE, 0x44, 0xAF,
    0x38, 0xD1, 0x17, 0x1A, 0xFA, 0xEA, 0x92, 0x2B, 0x95, 0xE2, 0x0A, 0x39, 0xAB, 0x96, 0xB4, 0xB4,
    0x9B, 0x8F, 0xB5, 0xF2, 0x09, 0x4F, 0xCE, 0x82, 0xF1, 0x09, 0xC9, 0x70, 0xB4, 0xED, 0xE0, 0xF0,
    0x1C, 0x9D, 0x7E, 0xB7, 0x75, 0x43, 0x72, 0xF4, 0x58, 0xDD, 0x69, 0x22, 0x77, 0x99, 0x8E, 0xED,
    0xD3, 0x5A, 0x93, 0x97, 0x8B, 0x8D, 0x78, 0xF3, 0x10, 0x11, 0xA9, 0x94, 0x2A, 0xF4, 0x3C, 0xCA,
    0xAF, 0x73, 0x49, 0x2C, 0x4C, 0xB7, 0xAA, 0x78, 0xDA, 0xF3, 0x1B, 0x7A, 0xFC, 0xB1, 0x8F, 0x43,
    0xF7, 0x71, 0xE1, 0x26, 0xAE, 0x64, 0x2C, 0x64, 0x7A, 0xA1, 0x87, 0x56, 0x58, 0x8E, 0xFA, 0x85,
    0xFD, 0x7C, 0x7C, 0x7E, 0xD1, 0xF5, 0xB5, 0x07, 0x59, 0x65, 0xE0, 0x04, 0x93, 0x33, 0xD9, 0x12,
    0x76, 0x45, 0xD2, 0xA3, 0x1C, 0x1D, 0x0F, 0x44, 0x98, 0x12, 0x5B, 0x02, 0x93, 0x30, 0x88, 0xC5,
    0x3F, 0x63, 0xFF, 0x87, 0x85, 0x6D, 0x26, 0x4F, 0x8B, 0xF1, 0xFA, 0xC6, 0xD6, 0xE5, 0x56, 0x91,
    0x47, 0xC5, 0x2C, 0x89, 0x32, 0x44, 0xC5, 0x29, 0x20, 0x7F, 0xDE, 0xFB, 0x80, 0x34, 0x7C, 0xDA,
    0xCD, 0xDA, 0x36, 0x1F, 0xDC, 0x3F, 0xFF, 0x33, 0x22, 0x0F, 0x5A, 0xC8, 0x9D, 0x6D, 0x22, 0x4B,
    0x8B, 0x55, 0x9A, 0x0F, 0x67, 0x4E, 0x16, 0x39, 0xF4, 0x06, 0x4F, 0xC1, 0xAA, 0x99, 0x1B, 0x36,
    0xBA, 0xD7, 0xF2, 0x41, 0xCE, 0x23, 0xDC, 0x73, 0xDB, 0x6F, 0xD1, 0xCC, 0x5A, 0x9E, 0xA9, 0xF9,
    0x3F, 0xD5, 0x58, 0x31, 0x8F, 0xE6, 0xD4, 0x15, 0x7D, 0xB6, 0xD9, 0xB1, 0x14, 0x4B, 0x98, 0x22,
    0x12, 0x12, 0x14, 0xA6, 0x4E, 0xF3, 0x5A, 0x1A, 0xB0, 0xA5, 0xFD, 0x01, 0x50, 0x85, 0x62, 0x8A,
    0x6D, 0x93, 0x6A, 0x7E, 0x01, 0xF8, 0x93, 0x52, 0xA6, 0x60, 0x3B, 0x5A, 0x0A, 0x0A, 0xA4, 0x14,
    0xB4, 0xA9, 0xB0, 0xA3, 0x2D, 0x52, 0x6C, 0x63, 0xB1, 0x82, 0x86, 0x02, 0x07, 0xED, 0x46, 0x4A,
    0x35, 0x5E, 0xC5, 0x04, 0x7F, 0xD2, 0xB3, 0x6F, 0xCE, 0x39, 0xCF, 0xDE, 0x99, 0x59, 0x6D, 0x17,
    0x09, 0x91, 0x4F, 0xB3, 0xCF, 0xFE, 0x3C, 0xDE, 0x77, 0xCF, 0xBD, 0xF7, 0xDC, 0x73, 0xEF, 0x1B,
    0xE7, 0x9C, 0x4B, 0xBE, 0xC4, 0xE2, 0xD2, 0xC0, 0x35, 0x5B, 0xB8, 0x16, 0xB3, 0x4B, 0x3A, 0xB3,
    0xC9, 0x95, 0x66, 0xD6, 0xBB, 0xD6, 0x6C, 0x75, 0x89, 0x3D, 0x6B, 0x83, 0xCB, 0xCD, 0x95, 0xAB,
    0x2B, 0x83, 0xCB, 0x36, 0x57, 0xCD, 0x2E, 0x33, 0xE7, 0x27, 0xAE, 0xF5, 0xC8, 0x27, 0xF5, 0x70,
    0xAC, 0x2B, 0x9F, 0x14, 0xC1, 0xD5, 0xD8, 0x63, 0x71, 0x7E, 0xD1, 0xCD, 0xF6, 0x7B, 0x6C, 0x96,
    0x63, 0x4B, 0xD8, 0x34, 0xA3, 0xA5, 0xB7, 0xB7, 0x86, 0xF6, 0xDC, 0xC5, 0x43, 0x2C, 0xE5, 0x88,
    0xC5, 0x0F, 0xCE, 0xC3, 0x66, 0xCA, 0xB7, 0x0A, 0xBE, 0xE4, 0xCF, 0xED, 0x84, 0x2D, 0xCB, 0xD9,
    0xB5, 0x3D, 0x70, 0x75, 0x27, 0x2C, 0xD6, 0x94, 0x5A, 0x26, 0x7C, 0xC5, 0xC6, 0xED, 0x33, 0xEC,
    0x5B, 0x9B, 0x35, 0xC0, 0xBB, 0x72, 0xEF, 0x41, 0x9B, 0xBE, 0xD2, 0x31, 0x20, 0xCB, 0x6D, 0xC4,
    0x5A, 0xD8, 0x29, 0x0F, 0x0E, 0xFB, 0x00, 0x25, 0x36, 0x2A, 0x16, 0x57, 0x4D, 0xFC, 0xEA, 0x47,
    0x7E, 0x85, 0x0F, 0xF8, 0x5A, 0xF7, 0x74, 0x0F, 0x2B, 0x9C, 0x69, 0x7B, 0x3E, 0xEC, 0x4E, 0xFC,
    0x0A, 0x4B, 0x6D, 0x9F, 0xC0, 0x8D, 0x7A, 0x80, 0xBF, 0xAE, 0xFE, 0xE9, 0x01, 0x6C, 0x00, 0xF6,
    0xEC, 0x18, 0x31, 0x58, 0x4F, 0xBA, 0xF3, 0x0E, 0xE1, 0x73, 0xDA, 0xC6, 0x73, 0x6C, 0x57, 0xCE,
    0x99, 0x4D, 0xE5, 0x94, 0x5B, 0x5F, 0x4E, 0x85, 0xE1, 0x01, 0x6C, 0xFA, 0x11, 0x26, 0xE1, 0x1D,
    0xAD, 0xC8, 0xA0, 0xA7, 0x25, 0x1A, 0xEA, 0xBB, 0xC1, 0xB5, 0xFF, 0x8C, 0xD1, 0xA7, 0x77, 0xB0,
    0x5C, 0x2C, 0x6D, 0x0C, 0x17, 0xF6, 0x7D, 0xF8, 0xD6, 0x7E, 0x9B, 0x2E, 0xB6, 0x3F, 0x73, 0xDD,
    0x72, 0xDC, 0xF9, 0xE1, 0xB8, 0xBB, 0xE7, 0x5E, 0xFD, 0x31, 0x7B, 0x88, 0xBC, 0x99, 0x8D, 0xB8,
    0xDB, 0x74, 0x37, 0x24, 0x4C, 0x36, 0xD3, 0x83, 0xE8, 0xDF, 0x43, 0xF2, 0x11, 0xA2, 0x3E, 0xDD,
    0x9C, 0x07, 0xFA, 0xCA, 0x98, 0x52, 0x64, 0xD2, 0x81, 0x03, 0x59, 0x20, 0x01, 0x12, 0xBC, 0x81,
    0x00, 0x16, 0xE4, 0x44, 0xAF, 0x20, 0x06, 0xBE, 0xC6, 0x97, 0xF0, 0x83, 0xD7, 0x18, 0xCC, 0x72,
    0x4E, 0xB9, 0x11, 0xDC, 0xF3, 0x70, 0xB9, 0x67, 0x14, 0x5C, 0x3B, 0x7A, 0x22, 0xF6, 0x53, 0x62,
    0x7D, 0xC7, 0xDC, 0xD4, 0xFF, 0xB8, 0xB2, 0x84, 0xB1, 0x63, 0x0E, 0x03, 0xA1, 0x2C, 0x74, 0x7A,
    0xE0, 0x1D, 0x12, 0x6E, 0xFF, 0x12, 0xBC, 0x69, 0x07, 0xFE, 0x49, 0x3E, 0xEF, 0x3E, 0x5E, 0xF5,
    0xF2, 0x02, 0xBC, 0x72, 0x72, 0x82, 0x39, 0x96, 0x0F, 0xCE, 0x35, 0x6E, 0x77, 0x01, 0xF1, 0xA1,
    0x07, 0xC8, 0xCA, 0x24, 0x07, 0x74, 0x43, 0xAC, 0x15, 0x6E, 0x22, 0xFC, 0xCC, 0x86, 0x88, 0xBE,
    0x00, 0xA3, 0x04, 0xBE, 0x5E, 0x23, 0x76, 0xC7, 0x0A, 0x20, 0x74, 0x7A, 0x28, 0xE4, 0xD5, 0x76,
    0x00, 0x5F, 0x22, 0xEE, 0x14, 0x01, 0x7C, 0x01, 0xFB, 0x05, 0x6A, 0x81, 0xCE, 0x85, 0x89, 0x9F,
    0x3A, 0x92, 0xCF, 0x55, 0x9F, 0x32, 0x2D, 0x5D, 0x93, 0x1B, 0x73, 0x67, 0x4D, 0x64, 0x26, 0x82,
    0xF1, 0x21, 0x33, 0x1A, 0xD3, 0xD8, 0x7E, 0xB3, 0x91, 0xF6, 0x99, 0xFD, 0xBC, 0x02, 0x2B, 0x81,
    0x07, 0x62, 0x46, 0x15, 0x04, 0xF8, 0x34, 0x81, 0x2A, 0x0B, 0x76, 0x3E, 0xA1, 0x16, 0x40, 0x9E,
    0x2D, 0x96, 0x43, 0x17, 0x8B, 0x01, 0x8E, 0xE8, 0x5A, 0x62, 0x27, 0xEB, 0xEB, 0xA9, 0xC6, 0xF6,
    0xDD, 0x33, 0x1B, 0x19, 0x5A, 0x20, 0xFB, 0x06, 0xC0, 0x1A, 0x6F, 0x1D, 0xAF, 0x2E, 0x5F, 0xEB,
    0x27, 0x2A, 0x44, 0x41, 0x01, 0x89, 0xE3, 0x75, 0x8D, 0x28, 0xF2, 0x90, 0xEA, 0x5A, 0x84, 0x54,
    0x2E, 0x14, 0x0B, 0x82, 0xC7, 0x0A, 0x9D, 0x33, 0x41, 0x2E, 0x19, 0x3A, 0x71, 0xBA, 0xD0, 0xD5,
    0x4F, 0xA5, 0x3C, 0xAC, 0xC9, 0x66, 0x5E, 0x49, 0x68, 0x5E, 0xC9, 0x69, 0xF7, 0x1A, 0xC8, 0x8C,
    0x32, 0x4A, 0x56, 0x18, 0xA1, 0x4E, 0xD8, 0x47, 0xC6, 0x90, 0x3D, 0xA7, 0xAA, 0x00, 0xD7, 0xD4,
    0x29, 0xCB, 0x36, 0x1E, 0x62, 0xE0, 0xB4, 0x57, 0xB4, 0x18, 0x91, 0x65, 0xAB, 0xF0, 0x2D, 0x11,
    0x5D, 0xC4, 0x46, 0x64, 0x25, 0xCB, 0x19, 0x68, 0x88, 0xAA, 0x12, 0x26, 0x3F, 0x16, 0x5A, 0x89,
    0x47, 0xA2, 0x01, 0x0C, 0xC4, 0xD2, 0x0A, 0x49, 0x77, 0x02, 0x8E, 0x88, 0xC2, 0x09, 0xC3, 0xA4,
    0x9C, 0x3D, 0x67, 0xC2, 0xEC, 0x47, 0xB9, 0xFA, 0xE6, 0xAA, 0x5C, 0x04, 0xD9, 0xA1, 0x33, 0x19,
    0x29, 0x06, 0xDA, 0x29, 0x55, 0xCA, 0xDB, 0x49, 0x70, 0x60, 0xF3, 0x13, 0xA7, 0x30, 0x68, 0x41,
    0x88, 0x42, 0x8C, 0x8F, 0x82, 0x73, 0x53, 0xDC, 0x5E, 0xC5, 0x3D, 0xA8, 0xB8, 0x2B, 0x16, 0x37,
    0x2A, 0x1C, 0xAA, 0x85, 0x54, 0x0D, 0x54, 0x92, 0x00, 0x5D, 0xE9, 0x02, 0x8A, 0xDB, 0x2F, 0xDC,
    0xFD, 0x82, 0xBE, 0x75, 0x5C, 0x04, 0x81, 0xEC, 0x22, 0x0B, 0xF1, 0x12, 0x79, 0x62, 0x14, 0x3C,
    0x32, 0x85, 0xE5, 0x82, 0xD7, 0x11, 0x83, 0x14, 0xEF, 0x99, 0xE2, 0x74, 0xDC, 0xAD, 0xF8, 0xA2,
    0x3C, 0xE6, 0x2C, 0x55, 0x63, 0x9C, 0x58, 0xA4, 0xA1, 0x63, 0xAC, 0x80, 0x0A, 0x2A, 0x72, 0xFF,
    0xA8, 0xCE, 0xFA, 0xEF, 0x41, 0xD5, 0x59, 0x4E, 0xF5, 0xE3, 0x45, 0xD5, 0x59, 0x4E, 0xD5, 0x0F,
    0x33, 0x23, 0x48, 0xC1, 0xB2, 0xD9, 0x53, 0xF4, 0xE0, 0x07, 0x63, 0x24, 0x05, 0xCC, 0x11, 0xB3,
    0xEF, 0x8C, 0x2A, 0x98, 0xD9, 0xD8, 0x91, 0x41, 0x2D, 0xEE, 0x06, 0x4F, 0xB8, 0xDD, 0x09, 0x95,
    0x71, 0x11, 0xE3, 0xC5, 0xCF, 0xC7, 0xBB, 0x56, 0xD9, 0x71, 0x6D, 0xE4, 0xCB, 0xDF, 0x0E, 0x4F,
    0x3E, 0x3E, 0xFC, 0x38, 0xB0, 0xC7, 0x2B, 0x62, 0x98, 0xAD, 0xF0, 0xE0, 0xC0, 0x0F, 0xCC, 0xF9,
    0x02, 0xF4, 0xD4, 0x6A, 0x62, 0x27, 0x5E, 0x22, 0x17, 0x5A, 0xFF, 0x78, 0xA9, 0xC6, 0x88, 0x9A,
    0x98, 0x81, 0x74, 0x16, 0xE2, 0x02, 0xB5, 0xB2, 0xE3, 0x25, 0x6E, 0xA1, 0x3D, 0x45, 0xAC, 0x5D,
    0x13, 0x91, 0xEE, 0xB0, 0x2E, 0xF6, 0xEB, 0x51, 0xAD, 0x0A, 0xFC, 0x11, 0x7B, 0x7E, 0xDE, 0xDF,
    0xBF, 0x47, 0x76, 0xC2, 0xF7, 0x5B, 0xDF, 0xDE, 0x7F, 0x49, 0x56, 0xB3, 0xE0, 0xD9, 0x5C, 0xB2,
    0xD5, 0xC8, 0x07, 0x68, 0x41, 0xC8, 0x29, 0x90, 0x97, 0x2B, 0x03, 0x1F, 0xB2, 0x15, 0xD5, 0x5A,
    0xE2, 0x37, 0x0A, 0x7E, 0x26, 0x4F, 0xC0, 0x16, 0x38, 0x42, 0xBE, 0x00, 0x3F, 0x19, 0x03, 0xF8,
    0xAC, 0x1F, 0xA2, 0x07, 0x69, 0xE3, 0x65, 0x84, 0x0F, 0x64, 0x4E, 0x27, 0xE3, 0xF7, 0xA2, 0xF1,
    0x36, 0x02, 0xEF, 0xD6, 0x08, 0xE8, 0x29, 0xD7, 0xDF, 0x34, 0x7F, 0x24, 0x19, 0x9F, 0x44, 0xFE,
    0x0E, 0xBB, 0xBE, 0xE0, 0xF3, 0xDB, 0x97, 0x1B, 0x40, 0xAE, 0xE7, 0xA5, 0x56, 0xAF, 0x0D, 0xEB,
    0x48, 0x6F, 0x3A, 0x98, 0x18, 0xEC, 0xC2, 0x0B, 0xAE, 0x45, 0xE0, 0x2A, 0x5C, 0x28, 0x74, 0x76,
    0x16, 0x71, 0xD8, 0x49, 0x93, 0x53, 0xAD, 0x51, 0x9F, 0x0B, 0xB5, 0xD3, 0x4A, 0xCA, 0x19, 0xFB,
    0x7E, 0xAB, 0x19, 0xC0, 0xF9, 0x3F, 0x41, 0x5C, 0xAF, 0x47, 0xBC, 0x0C, 0x03, 0x7F, 0xBD, 0x81,
    0xF0, 0xF6, 0x46, 0xAE, 0x53, 0x31, 0xA7, 0xFC, 0xFC, 0x60, 0x76, 0x1F, 0x16, 0x6C, 0x35, 0xB3,
    0xBB, 0x32, 0x34, 0x8B, 0xEB, 0xC9, 0x8F, 0x15, 0x72, 0x57, 0x8F, 0x68, 0xEF, 0x03, 0x9B, 0x20,
    0xEA, 0xB5, 0x2F, 0x36, 0x80, 0x49, 0x17, 0xA2, 0xF8, 0x9A, 0xD0, 0xEB, 0xE5, 0x18, 0x1C, 0x92,
    0x3B, 0x69, 0x40, 0x97, 0x0F, 0x6C, 0xF2, 0x8B, 0x7A, 0xBC, 0x5A, 0xBC, 0x3A, 0x3C, 0x0B, 0x72,
    0x62, 0x41, 0x8E, 0x2C, 0xC8, 0x41, 0xDD, 0xBD, 0x3E, 0x5A, 0xEE, 0x49, 0xAD, 0x5D, 0x9D, 0x5D,
    0x8D, 0x5D, 0x7D, 0x5D, 0x6D, 0x5D, 0x5D, 0x3D, 0x36, 0xF5, 0x3A, 0x47, 0x8F, 0xB8, 0x1E, 0x38,
    0xF4, 0x38, 0x37, 0xBF, 0xB0, 0x18, 0xD3, 0x99, 0x07, 0xDA, 0x41, 0x32, 0xE7, 0x98, 0x49, 0xA6,
    0x91, 0x39, 0xF4, 0x23, 0x2D, 0xB0, 0xA7, 0xB3, 0xA5, 0x47, 0x67, 0x20, 0xDD, 0xEA, 0xE7, 0x2B,
    0xF5, 0xA9, 0x6E, 0x11, 0xF5, 0x92, 0x99, 0x8C, 0xED, 0xAD, 0xB9, 0xED, 0x4D, 0xC2, 0x6E, 0x53,
    0x31, 0x31, 0x94, 0xC9, 0xD4, 0xBE, 0xED, 0xA6, 0x7C, 0x73, 0xAF, 0x37, 0x65, 0x90, 0x06, 0x4B,
    0x80, 0xA5, 0xBE, 0x85, 0x2D, 0xB0, 0x19, 0x97, 0x59, 0x23, 0x0C, 0x7C, 0xF3, 0x53, 0x3D, 0xAB,
    0x75, 0x7D, 0x84, 0x46, 0x17, 0xBB, 0xBB, 0xFD, 0xD0, 0xBB, 0xAB, 0x73, 0xD9, 0x47, 0xBA, 0x88,
    0x2D, 0x59, 0x94, 0x1A, 0xF2, 0xEB, 0xBD, 0xC3, 0x6E, 0x35, 0xD7, 0x27, 0x94, 0x45, 0xD7, 0xA8,
    0xA7, 0x15, 0xDB, 0x03, 0xA3, 0x9B, 0x18, 0xFC, 0x26, 0x36, 0xD5, 0x31, 0x5D, 0x19, 0x26, 0xCC,
    0x78, 0x23, 0x17, 0x09, 0xDE, 0xB9, 0x5D, 0x18, 0xAB, 0x19, 0xEC, 0xBA, 0x86, 0xE2, 0x77, 0x1F,
    0x10, 0x57, 0x35, 0xAA, 0x25, 0xB8, 0xEA, 0x14, 0xA7, 0x19, 0xF2, 0x2D, 0xB0, 0xEE, 0xC6, 0x1B,
    0x07, 0xCF, 0x72, 0x50, 0xBF, 0x9E, 0x52, 0x4E, 0x9A, 0x1A, 0x34, 0x35, 0x67, 0x6A, 0xCC, 0xD4,
    0x94, 0xA9, 0x21, 0x53, 0x33, 0x26, 0x16, 0x74, 0x30, 0xD4, 0x7D, 0x00, 0xD1, 0xFC, 0xEC, 0x83,
    0xEB, 0xA0, 0x56, 0x7F, 0xB1, 0x5E, 0x48, 0x1D, 0x3B, 0x8A, 0xCB, 0xB7, 0x83, 0x1A, 0x55, 0xCF,
    0x65, 0x3D, 0xA4, 0xDA, 0x9F, 0x49, 0xDB, 0x13, 0x70, 0x8E, 0x1C, 0x2E, 0xD9, 0x26, 0x38, 0x5A,
    0xB2, 0x95, 0x72, 0xB0, 0x64, 0x0B, 0x05, 0x15, 0x48, 0xBB, 0x1E, 0xC9, 0x6F, 0x0A, 0x82, 0x45,
    0x60, 0xD2, 0x25, 0x26, 0x27, 0x03, 0x8B, 0x25, 0x69, 0xFF, 0x8F, 0x23, 0x94, 0x1D, 0xEA, 0x7C,
    0x0C, 0x27, 0xFB, 0xC0, 0xE4, 0x7E, 0x45, 0x03, 0x53, 0xD7, 0xDC, 0x11, 0x5C, 0x67, 0x77, 0xDA,
    0xC8, 0x2F, 0x3D, 0x20, 0x1D, 0xDA, 0x19, 0xA4, 0xEE, 0x1A, 0x7E, 0xB0, 0xBC, 0x75, 0xA7, 0x40,
    0xDD, 0xAA, 0x41, 0x01, 0xC5, 0x53, 0x7C, 0x4F, 0xAD, 0xBC, 0x0F, 0x79, 0x2A, 0x1E, 0xF7, 0x14,
    0x59, 0x3E, 0xB3, 0x43, 0x68, 0xA5, 0xB3, 0x2D, 0x17, 0x16, 0xB3, 0x44, 0x56, 0x1A, 0x2B, 0x89,
    0x8D, 0xCA, 0x3F, 0x42, 0xDA, 0xA4, 0xAF, 0xA6, 0x4A, 0x60, 0xF4, 0xB9, 0x48, 0x5B, 0x25, 0xAD,
    0x52, 0xD6, 0x5D, 0x58, 0xDD, 0x1B, 0x11, 0x18, 0x71, 0x91, 0xE9, 0xB7, 0x50, 0x25, 0x5B, 0xB4,
    0x5E, 0xFE, 0x19, 0x3B, 0xDF, 0xEF, 0x75, 0xE5, 0xDC, 0x99, 0xAC, 0xFF, 0x9B, 0xF6, 0xC6, 0xCD,
    0x0F, 0xD1, 0xDB, 0xBF, 0x1F, 0xCF, 0xF7, 0x0E, 0x9A, 0x7C, 0xF1, 0xCA, 0x23, 0x07, 0xC4, 0x2B,
    0xEC, 0x8C, 0x5B, 0xD4, 0x80, 0x74, 0x60, 0x02, 0xE3, 0x63, 0x47, 0xAD, 0x8F, 0x06, 0x1B, 0x83,
    0x9E, 0xED, 0xD7, 0x72, 0x33, 0x09, 0x45, 0xFD, 0x6F, 0x9D, 0xAC, 0x9C, 0x3D, 0x12, 0x61, 0x33,
    0xCB, 0xE5, 0x49, 0x11, 0x37, 0xA5, 0x4C, 0x2F, 0xBB, 0x91, 0x45, 0x6C, 0x6E, 0x2A, 0x19, 0xD9,
    0xA8, 0x2B, 0x38, 0x6C, 0x49, 0xC8, 0x37, 0xC7, 0xB3, 0x24, 0xE7, 0xCE, 0x1B, 0x8D, 0xCD, 0xE2,
    0xC1, 0x22, 0x0E, 0xAC, 0x94, 0xA9, 0x5B, 0x8E, 0xDC, 0xFE, 0x14, 0x6B, 0x4A, 0xA0, 0x9D, 0x7D,
    0x05, 0xD4, 0x4C, 0x0C, 0xEC, 0xA6, 0xEB, 0x03, 0xFB, 0x0C, 0xEF, 0xBE, 0x91, 0xC7, 0xF1, 0x85,
    0x54, 0x73, 0xEE, 0x2B, 0xDB, 0x0F, 0xAF, 0xBC, 0x60, 0x24, 0xE6, 0xCE, 0x88, 0xA5, 0x2E, 0xDF,
    0xDA, 0x7A, 0x39, 0x92, 0x6C, 0x74, 0xCA, 0x63, 0x96, 0xC2, 0x9E, 0xF9, 0xD6, 0xF8, 0x78, 0x40,
    0x28, 0x14, 0x09, 0xAF, 0x68, 0xAA, 0xD5, 0xA7, 0xE1, 0x95, 0x91, 0x84, 0x5E, 0xBE, 0xAE, 0xA3,
    0xA6, 0x89, 0xB8, 0xCB, 0xCD, 0xE1, 0xDC, 0xEB, 0x70, 0xDE, 0xF1, 0x70, 0x9E, 0xFE, 0xBC, 0x51,
    0x32, 0x1E, 0x6D, 0x24, 0x95, 0x8E, 0xE5, 0x81, 0xEB, 0x13, 0xD6, 0x75, 0x7D, 0x7D, 0xE2, 0xE1,
    0x1C, 0xAF, 0xA1, 0x48, 0x02, 0xA3, 0x52, 0xE9, 0x70, 0xEE, 0xB5, 0xE5, 0xD7, 0x8A, 0xE1, 0x3B,
    0xC7, 0x3C, 0xCE, 0xD3, 0x49, 0x3A, 0x45, 0xF7, 0x34, 0x19, 0xC2, 0xE8, 0x1D, 0xFA, 0x17, 0xDB,
    0x07, 0x0C, 0x0C, 0x47, 0x50, 0x04, 0x05, 0x7D, 0x02, 0x64, 0x5D, 0xA0, 0xB7, 0xD5, 0x04, 0x20,
    0xFE, 0xC7, 0xFF, 0xC0, 0xEA, 0xF7, 0x8F, 0x60, 0x94, 0x93, 0x9D, 0x0F, 0x30, 0x5C, 0x9D, 0x5B,
    0xF5, 0x54, 0x45, 0xA2, 0x71, 0xEF, 0x5E, 0x2D, 0x37, 0x23, 0x01, 0xC5, 0x55, 0x0D, 0x04, 0xFB,
    0x95, 0xEB, 0xA5, 0x31, 0x33, 0x4F, 0xC9, 0xCC, 0x78, 0xD0, 0xC3, 0x7F, 0x3B, 0x8B, 0x1C, 0x9C,
    0x43, 0x98, 0xFA, 0x54, 0xA2, 0x81, 0x1A, 0x4B, 0x9A, 0x94, 0x33, 0x2A, 0x97, 0xF3, 0xE5, 0x1A,
    0x09, 0x91, 0x8B, 0x3B, 0x57, 0x2F, 0xD2, 0xA9, 0x4E, 0x50, 0x0E, 0xC7, 0xE2, 0x39, 0xEA, 0x88,
    0x0C, 0x57, 0x6C, 0x32, 0xD0, 0x06, 0x70, 0xAB, 0xFC, 0xE9, 0xEA, 0xC4, 0x9C, 0xD1, 0x5A, 0xC6,
    0x40, 0xB4, 0x12, 0xFC, 0xFE, 0xA2, 0xA9, 0x87, 0xFA, 0x59, 0xC7, 0x9E, 0xD0, 0x17, 0xEA, 0x32,
    0x4F, 0xE3, 0xA6, 0x2D, 0x79, 0xD3, 0xC4, 0x7F, 0x5D, 0xEC, 0x11, 0xB5, 0xC5, 0x9A, 0x51, 0xAF,
    0x67, 0x15, 0x6A, 0x4C, 0x99, 0x0F, 0x9E, 0xDD, 0xEE, 0xD9, 0x07, 0xE9, 0x54, 0x43, 0x9C, 0xF3,
    0x71, 0x5A, 0x3A, 0x3A, 0x71, 0x1C, 0xC8, 0x0E, 0xED, 0x4B, 0x6F, 0x58, 0xF9, 0x0E, 0x9F, 0x85,
    0x43, 0x79, 0xB4, 0xB0, 0x3D, 0xB9, 0x6A, 0xD8, 0x49, 0x5C, 0x73, 0x5E, 0x2C, 0x6C, 0x2B, 0x0D,
    0x2A, 0x19, 0x74, 0x62, 0xE0, 0xFF, 0xE7, 0x68, 0xAA, 0xEE, 0x43, 0x25, 0xE7, 0xDF, 0x40, 0x30,
    0x1F, 0x63, 0xDC, 0x11, 0xE1, 0x1E, 0xBA, 0x7C, 0xE2, 0x9F, 0x2A, 0xF0, 0x53, 0x8C, 0x31, 0xC3,
    0x7F, 0x48, 0x59, 0xC9, 0xB5, 0x1A, 0x78, 0x9C, 0x14, 0xF7, 0x93, 0x6C, 0xF3, 0xF2, 0x5F, 0x13,
    0x9A, 0xF8, 0x13, 0x0D, 0xD1, 0x96, 0xCC, 0xED, 0x16, 0x6F, 0x19, 0xCD, 0x55, 0x37, 0x85, 0x24,
    0xA0, 0x94, 0x00, 0x70, 0x64, 0x54, 0xD7, 0xD0, 0x14, 0xEC, 0x34, 0x04, 0x33, 0x2C, 0x1A, 0x83,
    0xA3, 0x1F, 0xFB, 0x0F, 0xE2, 0x82, 0xA2, 0xB8, 0x38, 0xFD, 0xAE, 0xC9, 0x9E, 0x6F, 0x3A, 0x42,
    0x38, 0xCC, 0x27, 0x38, 0x5E, 0xDE, 0xC2, 0x11, 0xFF, 0x31, 0x5C, 0x14, 0xC0, 0x74, 0xC5, 0x34,
    0xBE, 0xB1, 0x59, 0x60, 0x0E, 0xB7, 0xCB, 0xC0, 0x09, 0x3C, 0x8E, 0xDF, 0x79, 0x88, 0x83, 0x37,
    0xA7, 0xEE, 0x97, 0x07, 0x35, 0x3F, 0xFE, 0x17, 0x1D, 0x8C, 0xB1, 0x0D, 0x83, 0x30, 0x14, 0x44,
    0xCF, 0x20, 0x42, 0xE1, 0xC2, 0xE9, 0x53, 0x50, 0xA7, 0x89, 0x17, 0x08, 0xF9, 0xF4, 0x59, 0x88,
    0x02, 0x84, 0x47, 0x60, 0xA0, 0x48, 0x38, 0x1B, 0x20, 0x65, 0x01, 0x8F, 0xE0, 0xC2, 0x85, 0xA5,
    0x58, 0xFC, 0x7C, 0x45, 0x3A, 0x9D, 0xAE, 0x78, 0xF7, 0xEE, 0xD8, 0x40, 0xCE, 0x78, 0x8C, 0x55,
    0xD1, 0xD9, 0x7A, 0x58, 0x80, 0x7D, 0xFB, 0x8D, 0xF4, 0x2E, 0x00, 0x74, 0x9A, 0x88, 0xCB, 0x7C,
    0x09, 0xB2, 0x2D, 0xEF, 0xC4, 0x5E, 0x72, 0x55, 0x2B, 0x3D, 0x83, 0x15, 0xEC, 0x40, 0x2F, 0xFF,
    0x4D, 0xBA, 0xD7, 0x6E, 0xEB, 0x76, 0x89, 0x0C, 0x41, 0x03, 0xA5, 0x2A, 0xD5, 0xF1, 0x34, 0x00,
    0x26, 0x52, 0x99, 0x1E, 0xAF, 0xDB, 0x3C, 0x53, 0xD1, 0x01, 0xA3, 0x1E, 0xAA, 0x42, 0x5E, 0x67,
    0x1E, 0xEC, 0x27, 0x63, 0xD1, 0xA9, 0xFB, 0x8B, 0x54, 0x12, 0x74, 0x87, 0xF1, 0x6A, 0xF1, 0xCC,
    0x03, 0x1F, 0xE0, 0x04, 0xE3, 0x28, 0x50, 0xA4, 0x60, 0x1C, 0xCE, 0x55, 0x56, 0x45, 0x95, 0x36,
    0x59, 0xF1, 0xD7, 0xCE, 0xAC, 0x4D, 0x46, 0xA6, 0xD8, 0xC0, 0xEE, 0x1B, 0x04, 0x8E, 0x36, 0xFC,
    0x00, 0xCD, 0x5A, 0xBF, 0x8F, 0xE4, 0x58, 0x11, 0x2E, 0xB7, 0x67, 0xD7, 0x12, 0x0E, 0xBC, 0xC1,
    0x26, 0x77, 0x2B, 0x9D, 0x63, 0x90, 0xEE, 0x9C, 0x12, 0xA0, 0xB1, 0x75, 0x27, 0x41, 0x40, 0xB2,
    0xC1, 0x89, 0x84, 0x60, 0x13, 0x02, 0xB2, 0xFB, 0x07, 0x76, 0xCF, 0x2D, 0x90, 0x20, 0xDD, 0x8C,
    0xF4, 0x82, 0x0D, 0xEE, 0x0F, 0xD8, 0x60, 0x82, 0xDB, 0x6D, 0x03, 0x01, 0x21, 0x06, 0x09, 0x2E,
    0xC4, 0x3A, 0x69, 0x49, 0xD7, 0x42, 0x46, 0x78, 0x44, 0xDB, 0x8F, 0xFA, 0xBE, 0xF2, 0x8F, 0xEE,
    0xF9, 0xB1, 0x07, 0x33, 0xE3, 0x6E, 0x5A, 0xD3, 0xAF, 0xBB, 0x3D, 0xEE, 0x57, 0xF5, 0x7D, 0x55,
    0xAF, 0xAA, 0x5E, 0xBD, 0x16, 0x09, 0x9C, 0x88, 0x44, 0x18, 0x12, 0x97, 0x89, 0xA4, 0x18, 0x9C,
    0x5B, 0x8B, 0xE7, 0xD2, 0x42, 0xFC, 0x4E, 0x87, 0x70, 0xAB, 0x43, 0xD4, 0xA4, 0xA5, 0x24, 0x75,
    0x52, 0x4A, 0x5E, 0x24, 0x95, 0xDE, 0xE1, 0xEA, 0x15, 0x06, 0x1F, 0x43, 0xB8, 0xD5, 0xFF, 0xC7,
    0x0D, 0x6E, 0xAA, 0x25, 0x6A, 0xF3, 0x4A, 0xBF, 0x23, 0xF3, 0xC3, 0x6B, 0x74, 0xF0, 0x71, 0x25,
    0xE8, 0xC6, 0x77, 0xBC, 0xF6, 0xA8, 0x17, 0xD9, 0xB8, 0x52, 0xE7, 0xA8, 0x83, 0xF3, 0x27, 0x8D,
    0x3C, 0x0E, 0xF5, 0xAA, 0xCE, 0xF3, 0x99, 0x4E, 0xE9, 0xDE, 0xD6, 0x49, 0x15, 0xD7, 0x79, 0x91,
    0x56, 0xF9, 0x1B, 0x57, 0xE6, 0xCE, 0x15, 0xA9, 0x3E, 0xC3, 0x5E, 0x95, 0x19, 0x1F, 0xAF, 0x74,
    0x1E, 0xD5, 0x7C, 0xE5, 0xEC, 0x15, 0x9F, 0xC7, 0x87, 0x6A, 0x2B, 0x92, 0xD7, 0x10, 0x47, 0xE9,
    0x78, 0x17, 0xAE, 0x77, 0x94, 0x5A, 0x10, 0x78, 0xAE, 0x72, 0x36, 0x95, 0xCA, 0x53, 0xA1, 0xA1,
    0xBE, 0xC6, 0xB3, 0xDC, 0xDB, 0x20, 0xBE, 0x37, 0x20, 0xB3, 0x17, 0xC7, 0x4B, 0xE4, 0x52, 0xF2,
    0x5F, 0x3D, 0x17, 0xD0, 0x50, 0xE1, 0x43, 0xF4, 0x4D, 0x8B, 0x97, 0xF7, 0xB3, 0x9F, 0xCB, 0xA5,
    0x07, 0x31, 0x0F, 0xA8, 0x07, 0xDC, 0x03, 0x72, 0xC3, 0x2E, 0x86, 0x5E, 0x0C, 0xBF, 0x18, 0x03,
    0x62, 0x1C, 0x88, 0xB1, 0x20, 0xC6, 0x83, 0x90, 0x09, 0x08, 0xE5, 0x8B, 0x6F, 0x2F, 0xE4, 0x83,
    0x80, 0xF0, 0x42, 0x4E, 0xF4, 0xFE, 0xD9, 0x1D, 0x7E, 0x80, 0xA1, 0x1F, 0x7C, 0xE0, 0x24, 0xD6,
    0xD9, 0x36, 0x54, 0x5C, 0x85, 0x44, 0xFF, 0xD6, 0x49, 0xF3, 0x5F, 0xB4, 0xBB, 0xEA, 0x82, 0x2D,
    0xD0, 0x85, 0xE9, 0x6B, 0x21, 0x61, 0xC6, 0x18, 0x24, 0x80, 0x33, 0x01, 0x69, 0x02, 0xD6, 0x04,
    0xB4, 0x09, 0x78, 0x13, 0x10, 0x27, 0x60, 0x4E, 0x26, 0xEA, 0x02, 0x5A, 0x20, 0x82, 0xF6, 0x27,
    0xB0, 0x8A, 0xA4, 0x9F, 0x34, 0xC0, 0x5A, 0x7E, 0xAA, 0x3A, 0xFF, 0x0B, 0x17, 0x92, 0x62, 0x7B,
    0x25, 0x57, 0x46, 0x95, 0x31, 0x65, 0x44, 0x91, 0x27, 0xA3, 0xC9, 0x58, 0x32, 0x92, 0x8C, 0x23,
    0xA3, 0xC8, 0x18, 0x22, 0x25, 0xC6, 0x8F, 0xD1, 0x63, 0xEC, 0x18, 0x39, 0xC6, 0xCD, 0x44, 0xCD,
    0x07, 0x34, 0xC4, 0x9A, 0x8A, 0x40, 0x47, 0x70, 0xE1, 0x3D, 0x3E, 0x00, 0x33, 0xF6, 0x88, 0x38,
    0x79, 0xD4, 0xF1, 0x03, 0xC6, 0x24, 0xDB, 0x02, 0xE4, 0x9F, 0xBF, 0x00, 0x3F, 0xCD, 0xF1, 0xF9,
    0xE1, 0x23, 0x87, 0xFD, 0x36, 0xB0, 0x56, 0xC0, 0xE5, 0xAC, 0x73, 0x9C, 0x46, 0x99, 0xCA, 0x52,
    0x81, 0x21, 0x48, 0x4A, 0x7F, 0xD7, 0x2C, 0x46, 0x92, 0xD7, 0xFF, 0xB8, 0xA0, 0x9F, 0xAB, 0xB0,
    0xE8, 0xB7, 0xFD, 0x2C, 0xE5, 0xC4, 0x56, 0x65, 0xC6, 0xC5, 0x03, 0x0D, 0x07, 0xC2, 0xD6, 0xC7,
    0x26, 0x6C, 0xD5, 0x3F, 0xC9, 0x14, 0xA1, 0xCA, 0x88, 0x3E, 0xEE, 0xF6, 0x34, 0xF9, 0x88, 0xBA,
    0x82, 0x35, 0x28, 0x9C, 0xFE, 0x7E, 0x11, 0xD6, 0x18, 0xAE, 0x10, 0x0A, 0x19, 0x97, 0xA2, 0x7F,
    0xB4, 0x97, 0x62, 0xD2, 0x31, 0x53, 0x0F, 0xCD, 0xB6, 0xB1, 0xD8, 0x83, 0x05, 0xB6, 0xBB, 0xBE,
    0x16, 0x4A, 0x4B, 0x0F, 0x87, 0xFF, 0x99, 0x16, 0x08, 0x90, 0x4A, 0xC8, 0xF0, 0x95, 0x18, 0xDE,
    0x12, 0xFD, 0xB5, 0x05, 0x29, 0xF0, 0xED, 0xCD, 0x81, 0x52, 0x95, 0x3C, 0x50, 0x1D, 0xF5, 0x35,
    0xD0, 0x67, 0xAC, 0x66, 0x7A, 0xCF, 0x04, 0xBE, 0x2F, 0x2F, 0x24, 0xF9, 0x8D, 0xDE, 0xAC, 0xA6,
    0x5B, 0xF5, 0xD9, 0x1D, 0x30, 0xF3, 0x18, 0x0E, 0x09, 0xC8, 0x2B, 0x9A, 0xE7, 0x35, 0x86, 0xF7,
    0xE4, 0xC8, 0xE8, 0x33, 0x2B, 0x0C, 0xFC, 0xD6, 0x48, 0x90, 0xEF, 0x2E, 0x85, 0xDE, 0x82, 0x6C,
    0x33, 0xC5, 0x58, 0x0E, 0x90, 0xB8, 0xAA, 0xC6, 0x7F, 0xAE, 0xBF, 0xDA, 0xA5, 0xC0, 0x3B, 0x14,
    0x05, 0x30, 0x7A, 0xB2, 0x35, 0xFC, 0xB0, 0xCF, 0xFD, 0xE7, 0x14, 0xF8, 0x3D, 0xEF, 0x85, 0xC4,
    0x5F, 0xDF, 0x25, 0x05, 0xAD, 0x0F, 0xB6, 0xDD, 0x13, 0x44, 0x9D, 0x3F, 0x40, 0xFF, 0x28, 0x9B,
    0xCB, 0xB5, 0xEF, 0x64, 0x5F, 0xCA, 0x00, 0x7F, 0x70, 0x81, 0x0B, 0x04, 0x1C, 0x23, 0x7C, 0x76,
    0x31, 0xC4, 0xA9, 0xBC, 0xF8, 0x87, 0x63, 0x6C, 0x80, 0x67, 0xD0, 0x35, 0x48, 0xCC, 0x1E, 0x33,
    0x77, 0x17, 0x39, 0x8F, 0x16, 0x0B, 0xBE, 0x35, 0x68, 0x2E, 0xB4, 0x30, 0xAE, 0x0C, 0x98, 0xB4,
    0x10, 0x06, 0x4F, 0x87, 0x0A, 0xFF, 0x52, 0x91, 0xAC, 0x4C, 0x27, 0xE5, 0xC8, 0x19, 0xB0, 0x47,
    0x4C, 0x72, 0x5C, 0x5E, 0x20, 0x2C, 0x66, 0x41, 0xC7, 0x32, 0xAF, 0xA2, 0x9B, 0xB8, 0x2D, 0x58,
    0xDE, 0xAA, 0x8E, 0x6E, 0xAF, 0x8A, 0x3A, 0x65, 0xDD, 0x0B, 0x7A, 0x51, 0x67, 0xD9, 0x3B, 0x5E,
    0x4B, 0xCE, 0x55, 0x11, 0xB7, 0xD6, 0xC9, 0xAB, 0xF8, 0xFC, 0xB3, 0x3A, 0x2D, 0x43, 0x05, 0x10,
    0x34, 0xFA, 0xFD, 0x06, 0x2A, 0x41, 0x19, 0xF0, 0xBE, 0x79, 0xF3, 0x0A, 0xB3, 0x67, 0xB1, 0xEB,
    0x54, 0xF9, 0xE7, 0x33, 0x81, 0xAD, 0xE9, 0xE9, 0xF7, 0xF6, 0xEA, 0xCD, 0x52, 0xC9, 0xA8, 0xB9,
    0x72, 0x8E, 0xE1, 0x73, 0x0C, 0x7B, 0x4A, 0x2D, 0x08, 0x7C, 0x03, 0x5F, 0x29, 0xAD, 0x10, 0x8E,
    0x0A, 0x54, 0x79, 0x93, 0xD4, 0x1B, 0x23, 0x7E, 0xE6, 0x15, 0xFA, 0xCD, 0xAF, 0xD5, 0xE9, 0xBF,
    0x51, 0xAD, 0x82, 0xE2, 0xF3, 0x03, 0x61, 0xC1, 0x2D, 0xFA, 0x66, 0xE3, 0xAA, 0xEB, 0x31, 0x04,
    0x75, 0xFE, 0x97, 0x9F, 0xFE, 0x77, 0x56, 0x23, 0x13, 0x2C, 0x2B, 0x4D, 0x72, 0x86, 0xCA, 0x25,
    0x68, 0x7E, 0x06, 0xD1, 0x1D, 0xCB, 0x3F, 0x54, 0x78, 0xAB, 0x17, 0xF7, 0xB3, 0xFD, 0xA8, 0x64,
    0xFB, 0x1E, 0x8E, 0xC4, 0x48, 0x27, 0x1E, 0x50, 0x1A, 0x4C, 0xC3, 0x69, 0x40, 0x0D, 0xA9, 0x41,
    0x35, 0xAC, 0x06, 0xD6, 0x64, 0x1A, 0x5C, 0xC3, 0x6B, 0x80, 0x0D, 0xF1, 0x0E, 0xE4, 0xA7, 0x50,
    0x85, 0x2E, 0xA4, 0x97, 0x1F, 0x62, 0x03, 0xD5, 0x73, 0x6E, 0x9D, 0x34, 0x7E, 0x8B, 0xED, 0xD4,
    0x27, 0x7B, 0xB5, 0x9C, 0x32, 0x42, 0x4A, 0x20, 0xB7, 0x12, 0x90, 0x22, 0x60, 0x45, 0x40, 0x0B,
    0x66, 0x6D, 0x06, 0x0B, 0xC9, 0x40, 0x0D, 0xB9, 0x21, 0x39, 0x02, 0x76, 0x66, 0x7A, 0xA8, 0x18,
    0x73, 0xA4, 0x64, 0x94, 0xD8, 0xC0, 0x7B, 0x93, 0xED, 0x3D, 0xF0, 0x99, 0x13, 0x64, 0x5C, 0x1C,
    0x93, 0x99, 0x0F, 0xA6, 0x22, 0x3C, 0xE1, 0x8E, 0x55, 0xEF, 0x7C, 0xAD, 0x1B, 0x28, 0x1F, 0xD3,
    0x0D, 0xCC, 0xD4, 0x8B, 0x30, 0x63, 0x0B, 0x9E, 0xB7, 0x70, 0xB7, 0xA6, 0xE2, 0x90, 0x89, 0xEA,
    0x04, 0x26, 0xD9, 0xA2, 0xA2, 0x30, 0x7E, 0xDA, 0x78, 0x7D, 0x54, 0xCF, 0x61, 0xC4, 0x81, 0x7E,
    0xE8, 0x4C, 0x0C, 0x1B, 0x28, 0xA5, 0xE5, 0x55, 0x9C, 0xA9, 0x60, 0xCC, 0x09, 0x21, 0xF9, 0x2F,
    0x17, 0x23, 0x29, 0x7E, 0x73, 0x06, 0xA5, 0x54, 0x9B, 0x16, 0x6E, 0x3B, 0xAF, 0xBA, 0x80, 0xBB,
    0x25, 0x20, 0x75, 0x39, 0x78, 0x8A, 0xD6, 0x07, 0x0B, 0x20, 0x3A, 0xCD, 0x98, 0xE3, 0x93, 0xFB,
    0x7B, 0x41, 0x58, 0x9E, 0x89, 0xE5, 0xA3, 0x45, 0x79, 0x99, 0xE0, 0x23, 0xC4, 0x30, 0xC2, 0x5C,
    0x08, 0x30, 0x47, 0x4D, 0x82, 0xDC, 0xB0, 0xF4, 0x16, 0x5D, 0xB0, 0x84, 0x76, 0x63, 0xCB, 0x6D,
    0x42, 0xED, 0x3B, 0x13, 0x24, 0x5C, 0x14, 0x5B, 0x7C, 0x38, 0x28, 0xFC, 0x33, 0x9E, 0xE9, 0x40,
    0xA8, 0x77, 0x9A, 0xBE, 0xF0, 0x44, 0xC3, 0x02, 0x58, 0x01, 0x15, 0x48, 0x51, 0xDF, 0x01, 0x67,
    0x5A, 0xDA, 0x14, 0x9C, 0x66, 0x4D, 0x25, 0xB0, 0x36, 0x53, 0x85, 0x9C, 0xAA, 0x59, 0x72, 0x57,
    0x8F, 0xDD, 0xC1, 0xBC, 0x46, 0xED, 0xAF, 0x22, 0xEE, 0x0D, 0x05, 0x65, 0xEA, 0xF4, 0x16, 0xD0,
    0xAB, 0x0A, 0x29, 0xB5, 0xFA, 0xA7, 0x31, 0x36, 0x6C, 0x21, 0x46, 0xA5, 0xE8, 0x5F, 0x5C, 0x53,
    0xCC, 0x1D, 0xAA, 0xC1, 0xD5, 0x5D, 0x0E, 0x5F, 0x1F, 0xA6, 0xC1, 0x67, 0x74, 0x0C, 0x75, 0x0A,
    0x9D, 0x49, 0xC7, 0x31, 0x6E, 0xFC, 0x0F, 0x2A, 0xDA, 0xFD, 0x14, 0xAD, 0x36, 0xD5, 0x31, 0x61,
    0x45, 0x7D, 0x4E, 0x5F, 0x2F, 0xE0, 0x06, 0xEA, 0x50, 0x6F, 0xF2, 0xAD, 0xD6, 0x21, 0x51, 0x17,
    0xE9, 0x44, 0xBD, 0x4A, 0xF7, 0xFB, 0x04, 0x85, 0xB1, 0x0A, 0xF5, 0x7B, 0x15, 0x6B, 0x43, 0x97,
    0xA2, 0x36, 0x64, 0x95, 0x98, 0xA8, 0xEE, 0x75, 0xD4, 0xFF, 0xC4, 0x15, 0xEA, 0x73, 0x0E, 0xE6,
    0x57, 0xF0, 0x8F, 0xDC, 0x5E, 0x3E, 0x0C, 0xCB, 0x3D, 0xCF, 0x8B, 0xC7, 0x28, 0x03, 0x7F, 0x59,
    0x0D, 0xFE, 0x92, 0x9C, 0xE7, 0xEA, 0x2F, 0x51, 0x93, 0x17, 0x61, 0xB3, 0x59, 0x87, 0x8D, 0xCB,
    0x22, 0x3C, 0xEB, 0xCD, 0x3A, 0xAD, 0xB5, 0x42, 0x44, 0x75, 0x98, 0x45, 0xEA, 0x2F, 0xD6, 0x4C,
    0xB1, 0xEA, 0x68, 0xD7, 0x57, 0x76, 0xAB, 0x25, 0x48, 0xF7, 0xE8, 0xB6, 0x51, 0x31, 0x44, 0xDE,
    0xB1, 0x3F, 0x3A, 0x38, 0xDA, 0x72, 0xA0, 0x59, 0x78, 0x17, 0x73, 0x31, 0x95, 0xEE, 0x15, 0x53,
    0x37, 0x46, 0xFB, 0x74, 0xEA, 0xC1, 0xD9, 0x02, 0x3F, 0xA3, 0x53, 0x38, 0x74, 0x0A, 0x12, 0x5B,
    0xA0, 0x41, 0x2D, 0x57, 0x3C, 0x88, 0xD4, 0xA0, 0x12, 0xAB, 0x10, 0xAC, 0x10, 0xAD, 0x10, 0xAE,
    0x10, 0xAF, 0x10, 0xB0, 0x10, 0xB1, 0x10, 0x32, 0xC7, 0x4E, 0x08, 0x7A, 0xD8, 0x07, 0x11, 0xB6,
    0x10, 0xB7, 0x10, 0xF8, 0x80, 0x7C, 0xB6, 0xF7, 0xCB, 0xDD, 0x3E, 0xC6, 0x43, 0x74, 0x2E, 0xAD,
    0x10, 0x81, 0x9A, 0xD7, 0xA4, 0xDB, 0xD5, 0x14, 0x31, 0x41, 0x8A, 0x80, 0x15, 0x01, 0x2D, 0x02,
    0x5E, 0x04, 0xC4, 0x60, 0xA8, 0x05, 0xD4, 0x60, 0x6B, 0x54, 0x58, 0xC4, 0x04, 0x3B, 0x33, 0x3D,
    0x1F, 0xCE, 0x3D, 0xF0, 0x07, 0x90, 0xEA, 0x75, 0xE0, 0x3F, 0x70, 0x9A, 0xEB, 0x25, 0xF9, 0xDB,
    0xFF, 0x0D, 0x3F, 0x6C, 0x74, 0x6F, 0x18, 0xD0, 0xF4, 0xC2, 0x03, 0x38, 0x66, 0xE7, 0x65, 0xC6,
    0x4F, 0xFC, 0xB6, 0x58, 0x8E, 0x1F, 0x76, 0xE8, 0x25, 0x65, 0xA4, 0xE6, 0xC9, 0xC7, 0x19, 0x3A,
    0x1C, 0xAB, 0x1E, 0xAB, 0x30, 0xB2, 0x5D, 0xF3, 0x1F, 0xC1, 0x52, 0xEF, 0xD7, 0x47, 0xF5, 0x9F,
    0x77, 0x94, 0x23, 0x3E, 0xB2, 0x87, 0x91, 0xF4, 0xA3, 0x25, 0x48, 0x0A, 0x9A, 0x0F, 0xB1, 0x77,
    0x50, 0x7F, 0x3D, 0x7D, 0xB4, 0x9F, 0xF4, 0xCF, 0xC6, 0xFC, 0x4A, 0xA6, 0x48, 0xD4, 0x3E, 0x4F,
    0x0B, 0xC7, 0x50, 0xFF, 0x3C, 0x19, 0xCB, 0x91, 0x60, 0x5F, 0xB3, 0xA7, 0xFB, 0xE5, 0xC8, 0xAF,
    0x17, 0x71, 0x9E, 0xB3, 0x71, 0x6B, 0x9A, 0x80, 0xFC, 0x2B, 0xD6, 0xD1, 0x51, 0x53, 0xC8, 0x5C,
    0x8E, 0x64, 0xBA, 0xD2, 0xB5, 0x1C, 0xD9, 0xB1, 0xCC, 0xDD, 0xA7, 0x17, 0x3B, 0x2B, 0xE4, 0x5E,
    0xC2, 0x1A, 0x30, 0xAB, 0xAD, 0xF7, 0xA5, 0x4C, 0xFD, 0x4B, 0x9F, 0x77, 0x29, 0xB3, 0xDE, 0x06,
    0x6B, 0x45, 0x39, 0x31, 0x52, 0xBA, 0x6B, 0x96, 0x8D, 0xBB, 0xE5, 0xB2, 0xB1, 0x66, 0x8B, 0x27,
    0x63, 0xA6, 0x63, 0xF3, 0x04, 0xC4, 0xAD, 0x5A, 0x76, 0xEC, 0xB0, 0xDF, 0xC1, 0xDA, 0x4F, 0x54,
    0x0F, 0xF4, 0x79, 0xE0, 0x0A, 0xED, 0xCD, 0x5D, 0xE1, 0xA3, 0xF9, 0x4C, 0x63, 0xE0, 0x20, 0xA8,
    0x8E, 0x0E, 0xFF, 0x64, 0x8A, 0xFC, 0x3C, 0x28, 0x63, 0xB2, 0x0F, 0xAA, 0x25, 0xE0, 0xEF, 0x54,
    0x17, 0x43, 0x79, 0x61, 0xAC, 0x0F, 0xB5, 0xD8, 0xA9, 0x6D, 0x84, 0x6D, 0x77, 0xA6, 0xE5, 0xD7,
    0x4C, 0x42, 0xB9, 0xBC, 0x0F, 0xF4, 0x93, 0x4E, 0x71, 0x31, 0x6A, 0x74, 0xCA, 0x05, 0xC2, 0xE3,
    0x4D, 0xB5, 0xD6, 0x1D, 0x91, 0x10, 0x3F, 0x7F, 0xC9, 0xA2, 0x1B, 0x49, 0xA4, 0xCD, 0x71, 0x52,
    0x7A, 0x5C, 0xE7, 0xB7, 0x1A, 0xB8, 0xC1, 0xA6, 0x88, 0x25, 0x2E, 0x8E, 0xFF, 0x24, 0x9E, 0x6D,
    0x9E, 0xDD, 0xD6, 0xE6, 0xC7, 0x5F, 0xDF, 0x17, 0xC3, 0xE0, 0xDE, 0xE6, 0xDE, 0xDE, 0x87, 0x83,
    0xB2, 0x4B, 0xB9, 0x7D, 0x3B, 0xED, 0x2E, 0xA7, 0x7D, 0xE6, 0x78, 0x2D, 0xD8, 0xEA, 0x10, 0xB6,
    0x01, 0x9A, 0xC7, 0xE8, 0x20, 0xD7, 0xEA, 0xFA, 0x71, 0xAD, 0xF3, 0x26, 0xB5, 0xCE, 0x9B, 0xA2,
    0xAB, 0x9D, 0x96, 0xAA, 0x6B, 0xCA, 0xD6, 0x76, 0xA1, 0xF0, 0x55, 0x56, 0xA1, 0x52, 0xF3, 0xC2,
    0x53, 0x66, 0x4A, 0x50, 0xF2, 0xCF, 0x27, 0x5B, 0x68, 0x8B, 0x16, 0xB2, 0xCA, 0xB4, 0x9A, 0x63,
    0x27, 0x91, 0xCD, 0x55, 0x41, 0x31, 0xBE, 0x4B, 0x58, 0x63, 0xFA, 0xDB, 0xA8, 0x0E, 0xB6, 0x10,
    0x19, 0xD7, 0x61, 0x93, 0x54, 0x68, 0x6F, 0x47, 0x75, 0x5A, 0xC4, 0xFA, 0x4C, 0x2A, 0x08, 0xDB,
    0x14, 0x9B, 0x32, 0xFF, 0xBB, 0x2B, 0xAC, 0xC1, 0xAC, 0xA0, 0xDB, 0x7C, 0xE6, 0xB4, 0x1D, 0xE2,
    0xFB, 0xE5, 0x2D, 0x04, 0xFA, 0x68, 0x4A, 0xDB, 0xD4, 0x8F, 0x7D, 0x3D, 0x1D, 0x10, 0x4E, 0x2D,
    0x82, 0xE5, 0x80, 0x5F, 0xEA, 0xC7, 0xCE, 0x07, 0xF2, 0x37, 0x47, 0x6C, 0xB1, 0x7B, 0x63, 0x47,
    0x18, 0xB6, 0x50, 0xAE, 0xF2, 0x6C, 0xE0, 0x72, 0x15, 0x80, 0xB9, 0x35, 0x91, 0xF1, 0x38, 0xA4,
    0x16, 0x62, 0xC3, 0x47, 0xDD, 0x48, 0x02, 0x5D, 0x89, 0x8F, 0x8A, 0x86, 0xF8, 0x84, 0x00, 0x85,
    0x08, 0x85, 0x10, 0x85, 0x18, 0x0D, 0xA4, 0xA1, 0x34, 0x98, 0x86, 0x73, 0xB2, 0xF0, 0x9C, 0xB9,
    0x98, 0x4E, 0x00, 0x5C, 0x13, 0xEA, 0x17, 0x63, 0x91, 0x0A, 0x36, 0x7D, 0xA7, 0x6C, 0x06, 0xAE,
    0x50, 0xC8, 0x4E, 0x2F, 0xA8, 0x1E, 0x00, 0x0D, 0x47, 0x86, 0x64, 0x2A, 0x91, 0x8C, 0xF4, 0x2A,
    0x72, 0x01, 0xF4, 0xF1, 0xF0, 0x44, 0xB5, 0x19, 0xD0, 0xBF, 0x9C, 0xB7, 0x4F, 0xC6, 0x81, 0x24,
    0xEB, 0xA3, 0xC3, 0x3F, 0x99, 0x9C, 0xDB, 0x32, 0x57, 0xC9, 0x92, 0x77, 0x09, 0xF8, 0x3B, 0x4E,
    0x3D, 0x78, 0xB5, 0xB9, 0xB5, 0x1D, 0xB8, 0x7A, 0xCD, 0x7E, 0xE6, 0x22, 0x09, 0x35, 0x49, 0x28,
    0x41, 0x42, 0x77, 0x0D, 0x09, 0x15, 0x49, 0x28, 0x6F, 0xE9, 0x03, 0x57, 0x6D, 0xD6, 0x4F, 0xED,
    0xD7, 0x59, 0x33, 0x09, 0xD5, 0x48, 0x42, 0x0F, 0x12, 0x9A, 0x1B, 0x91, 0xF0, 0xFA, 0xE3, 0x82,
    0x05, 0xB1, 0x8E, 0xC1, 0x9F, 0x5C, 0xF6, 0xE9, 0xB1, 0x9D, 0xFF, 0x62, 0xE6, 0x22, 0xDC, 0xB0,
    0x99, 0x6C, 0x5E, 0xC1, 0xE6, 0xEB, 0x18, 0xC7, 0x72, 0xD7, 0xC0, 0xAD, 0xDE, 0x6D, 0xF3, 0xE3,
    0xAF, 0xEF, 0x8B, 0x41, 0xDC, 0x62, 0xB7, 0x85, 0xF1, 0xE1, 0xFD, 0x18, 0xDC, 0x96, 0x73, 0xFB,
    0x31, 0x55, 0xF5, 0x97, 0xD3, 0x97, 0x75, 0xF9, 0xE2, 0x9D, 0xD5, 0x37, 0x6A, 0x32, 0xB7, 0x17,
    0x75, 0x5E, 0xDD, 0x39, 0x68, 0x40, 0x4E, 0x2B, 0x9F, 0xE6, 0xE8, 0x95, 0xA0, 0x18, 0x0D, 0x36,
    0xCD, 0xA7, 0xC1, 0x56, 0x45, 0xFA, 0xC8, 0x98, 0x2B, 0x64, 0x4C, 0x61, 0xDA, 0xB6, 0xE3, 0xD9,
    0x62, 0xDC, 0x22, 0x58, 0x13, 0x35, 0x1B, 0x0E, 0x31, 0xE7, 0x6E, 0xAD, 0x35, 0x7A, 0xFD, 0xE9,
    0xC7, 0x88, 0x3B, 0x3F, 0x81, 0x98, 0xB2, 0xCC, 0x56, 0x5C, 0xE1, 0x77, 0x9E, 0xCB, 0x56, 0x9D,
    0xAA, 0xEE, 0x75, 0x6A, 0x32, 0xAF, 0x47, 0x7B, 0xB1, 0x47, 0xDE, 0x77, 0x68, 0x28, 0x6E, 0x20,
    0x69, 0x83, 0x59, 0x73, 0xCC, 0x9A, 0x6E, 0xC7, 0x8D, 0x7E, 0x5A, 0x0F, 0x3F, 0x78, 0xE4, 0xA1,
    0x79, 0xE2, 0xC6, 0x33, 0x2B, 0x36, 0x7E, 0x97, 0x84, 0xF5, 0xAD, 0x07, 0xC6, 0x77, 0x0A, 0x2B,
    0x52, 0x97, 0xEC, 0xD8, 0x16, 0xB5, 0x8E, 0x36, 0x6B, 0xDE, 0xE9, 0xB0, 0xC0, 0x54, 0xAD, 0xC6,
    0xC2, 0xD0, 0x72, 0x4D, 0x76, 0x20, 0xFB, 0xC6, 0xD5, 0x78, 0x86, 0xC1, 0x00, 0xBB, 0xE2, 0xEF,
    0x18, 0xAA, 0x83, 0xD8, 0x57, 0xC2, 0xE2, 0xFB, 0x7A, 0xB1, 0xFD, 0x4A, 0xE4, 0x59, 0xAE, 0xF3,
    0x9D, 0x85, 0xE5, 0x81, 0x40, 0x33, 0xE6, 0xF0, 0xF7, 0x11, 0xAE, 0x3B, 0x08, 0xD4, 0xFF, 0x00,
    0x4D, 0x52, 0xC1, 0x8D, 0xDD, 0x20, 0x10, 0x7D, 0x36, 0x07, 0x0E, 0x3E, 0x50, 0x02, 0x25, 0xB8,
    0x82, 0x04, 0x4B, 0x29, 0x68, 0x3B, 0x88, 0x91, 0x52, 0x44, 0x9A, 0xD9, 0xC4, 0x68, 0xB7, 0x81,
    0x9F, 0x4B, 0xCE, 0x96, 0x7E, 0xA4, 0x5C, 0x89, 0xE2, 0x03, 0x2B, 0x61, 0x4F, 0xDE, 0xC0, 0x66,
    0x13, 0xF0, 0xE0, 0xC7, 0x30, 0x3C, 0xCD, 0xBC, 0x01, 0x40, 0x90, 0xB8, 0xCA, 0xB2, 0x09, 0x38,
    0x44, 0xAE, 0xFE, 0x01, 0x7D, 0xCB, 0x11, 0xFF, 0x5F, 0x51, 0xC6, 0x6C, 0x6F, 0x2E, 0xCD, 0xB7,
    0x90, 0x39, 0x77, 0x17, 0xED, 0xEE, 0x8A, 0xAF, 0xAE, 0x4E, 0x87, 0xD9, 0xA7, 0xE4, 0x97, 0x00,
    0xB3, 0xBB, 0xAA, 0xD3, 0x1E, 0x26, 0x4F, 0xC9, 0xC5, 0x00, 0x14, 0x17, 0xC7, 0x3C, 0xC3, 0xDE,
    0xDE, 0xC1, 0xA5, 0x8A, 0xF9, 0xDB, 0x89, 0xF0, 0x5B, 0xBA, 0xDD, 0x05, 0x2E, 0x56, 0xD8, 0xFD,
    0x23, 0x5C, 0x91, 0xE8, 0x4F, 0x49, 0xFA, 0x9F, 0xF2, 0xB6, 0x98, 0xFD, 0x3D, 0xA6, 0xF4, 0x08,
    0xBF, 0x1C, 0x08, 0x26, 0x43, 0xF7, 0x3C, 0x4B, 0xAE, 0x76, 0xB3, 0xC7, 0xCA, 0x98, 0xD0, 0x62,
    0xDC, 0x52, 0x10, 0xC6, 0x0C, 0x98, 0x0A, 0xD8, 0x02, 0x4C, 0x07, 0xE0, 0x32, 0xCB, 0x93, 0x4A,
    0x2B, 0xAB, 0x08, 0x49, 0x6E, 0xAC, 0x37, 0x75, 0x5B, 0x23, 0x6D, 0x01, 0x36, 0x2D, 0xB4, 0xDB,
    0xC0, 0xBA, 0x87, 0x13, 0x18, 0x2B, 0xFE, 0x39, 0xC6, 0xB3, 0x71, 0x3A, 0x96, 0x4F, 0xBB, 0xBC,
    0xC8, 0x09, 0xD7, 0xB9, 0x5F, 0xF9, 0x1B, 0xF7, 0x26, 0x92, 0xDF, 0xF8, 0xDF, 0xB8, 0x17, 0x4D,
    0x65, 0x16, 0xAC, 0x2A, 0x60, 0xEA, 0x1F, 0x31, 0x3D, 0xF4, 0xAB, 0x34, 0x8F, 0x08, 0x59, 0x9E,
    0x44, 0xD7, 0x67, 0x79, 0xC5, 0xEA, 0xFF, 0xC2, 0xCB, 0x11, 0x73, 0xD2, 0x44, 0x26, 0x32, 0xAF,
    0xAD, 0x21, 0x5E, 0x2A, 0xCE, 0x86, 0xC2, 0xF7, 0x3A, 0x96, 0x86, 0x56, 0x54, 0x9B, 0xFF, 0x22,
    0x77, 0xEB, 0xE8, 0x73, 0x0D, 0xB1, 0xC7, 0x31, 0x33, 0xFB, 0x82, 0xA9, 0xF0, 0xEE, 0x8D, 0x42,
    0x2C, 0xAB, 0x60, 0xBC, 0x4C, 0xE9, 0xA9, 0x90, 0xFB, 0xD7, 0xF5, 0x70, 0x3F, 0x57, 0x22, 0xFF,
    0x54, 0xA6, 0x7B, 0x56, 0x82, 0xF0, 0xE1, 0x98, 0x7E, 0x36, 0xF4, 0xD5, 0x1C, 0x8E, 0x28, 0x61,
    0xA8, 0xE6, 0x7C, 0x78, 0x7E, 0x61, 0x9C, 0x39, 0x06, 0x91, 0x4F, 0x42, 0x71, 0xDC, 0x8E, 0xED,
    0x02, 0xD5, 0xD0, 0x34, 0xFD, 0x0F, 0xCC, 0x3B, 0x11, 0x33, 0x4D, 0x83, 0x2C, 0x86, 0x1A, 0xB1,
    0x1F, 0xBB, 0x2A, 0x42, 0x1F, 0xF5, 0x62, 0x06, 0xB6, 0xC2, 0x5C, 0x18, 0xA5, 0x49, 0xCB, 0xB7,
    0x44, 0x36, 0x46, 0x78, 0xCA, 0x96, 0xB1, 0x25, 0xFA, 0xED, 0x09, 0x7F, 0xA8, 0x4F, 0x13, 0xD7,
    0x45, 0xDF, 0x61, 0x6B, 0x46, 0xAB, 0xB0, 0x15, 0x37, 0xC7, 0x56, 0x29, 0x87, 0x0A, 0x61, 0x54,
    0x83, 0xA9, 0x1D, 0xAA, 0x54, 0xAD, 0x68, 0x6D, 0xE8, 0xA0, 0x97, 0xCC, 0xA1, 0x87, 0xCA, 0xE6,
    0xDB, 0x21, 0x1B, 0x82, 0x3F, 0x63, 0xE0, 0x7F, 0xC0, 0x60, 0x7F, 0x81, 0xE1, 0xFF, 0x01, 0xE6,
    0xFF, 0x07, 0xF8, 0xCF, 0x37, 0xD8, 0xC7, 0x4F, 0xD8, 0xFF, 0xFF, 0xC3, 0xFF, 0xFF, 0x40, 0x41,
    0x06, 0x06, 0x3B, 0x06, 0x00, 0x2D, 0x8E, 0xBB, 0x0D, 0x83, 0x40, 0x10, 0x44, 0x1F, 0x26, 0x40,
    0x32, 0xC1, 0x15, 0xE0, 0xE0, 0x4A, 0xA0, 0x04, 0xE8, 0xC0, 0x05, 0x38, 0x70, 0x29, 0x47, 0x09,
    0xEE, 0xE8, 0x28, 0x81, 0x12, 0x08, 0xC8, 0x4D, 0x70, 0x96, 0xB0, 0x64, 0x18, 0xEF, 0x61, 0x6F,
    0xF0, 0xA4, 0xFD, 0xCC, 0xCC, 0x02, 0xE7, 0x07, 0xD0, 0x4C, 0xD0, 0xEA, 0xF3, 0x07, 0x61, 0xC8,
    0xE8, 0xF1, 0x29, 0x76, 0x68, 0x53, 0x57, 0x4A, 0xA2, 0xDE, 0xEF, 0xC2, 0xA5, 0x72, 0xC7, 0x2F,
    0xE5, 0x46, 0x33, 0x1A, 0xDA, 0xB1, 0xFC, 0x18, 0x2A, 0xC3, 0xE4, 0x56, 0x9A, 0x77, 0x58, 0xF1,
    0x52, 0xA2, 0xD6, 0x33, 0x51, 0xE8, 0x9A, 0x38, 0x2A, 0xC8, 0x8C, 0xA3, 0x0E, 0xF7, 0x8B, 0x3A,
    0xC8, 0x37, 0x55, 0xEE, 0xFD, 0x76, 0xDB, 0x4D, 0xCC, 0x7C, 0xA4, 0xDA, 0x68, 0xC4, 0x49, 0xBD,
    0x69, 0xED, 0xD4, 0x69, 0xCD, 0x3F, 0x2D, 0xFC, 0x5A, 0xC4, 0xC9, 0xD0, 0xBB, 0x89, 0xF0, 0x8A,
    0x8B, 0x6D, 0x34, 0x58, 0x92, 0xAD, 0x8A, 0x38, 0xF3, 0x05, 0xAD, 0x53, 0x31, 0x72, 0x9C, 0x40,
    0x10, 0x6C, 0x0E, 0x49, 0x54, 0xF9, 0x82, 0x75, 0xE4, 0x44, 0x01, 0x3F, 0xF0, 0x3E, 0x61, 0xB1,
    0x5E, 0x40, 0x60, 0x42, 0x97, 0x15, 0x3B, 0xD1, 0x13, 0xF6, 0x9E, 0x70, 0x81, 0xFD, 0x09, 0x25,
    0xFA, 0x81, 0x20, 0x73, 0x7A, 0x89, 0x4B, 0x29, 0xAA, 0x3A, 0xE7, 0x1B, 0xA0, 0x2A, 0xAC, 0x5A,
    0x18, 0xF7, 0x2C, 0x46, 0x75, 0x56, 0xE4, 0xC0, 0x0B, 0x3D, 0x05, 0x33, 0xB3, 0xBD, 0x33, 0xD3,
    0x00, 0x70, 0xB5, 0x3D, 0x31, 0x13, 0xD2, 0x01, 0x9E, 0x2F, 0xDB, 0x00, 0xE4, 0x03, 0xFC, 0xE3,
    0x98, 0xCB, 0x14, 0x8D, 0x48, 0xB4, 0xBF, 0x7C, 0x74, 0xBD, 0x89, 0xAE, 0x2B, 0x14, 0xA3, 0x3B,
    0x6C, 0x07, 0x3B, 0xD8, 0xC0, 0xD8, 0xA1, 0x10, 0xD9, 0xA1, 0x9D, 0xB0, 0x2E, 0x11, 0x19, 0x56,
    0x4C, 0xE4, 0xF9, 0x5F, 0xF8, 0x88, 0xAC, 0x7E, 0xCD, 0x2F, 0x3F, 0x9A, 0xDA, 0xB1, 0xE2, 0x72,
    0x00, 0x8A, 0x08, 0x6C, 0x44, 0xFB, 0x61, 0x1B, 0xEA, 0x34, 0xE3, 0x02, 0x1B, 0x92, 0x2F, 0x93,
    0x0A, 0xF9, 0xB4, 0xB8, 0xDC, 0xE2, 0xFA, 0x8B, 0xAB, 0x69, 0x9A, 0x5A, 0xC1, 0xE7, 0xB0, 0x02,
    0x27, 0xCB, 0xA9, 0xD1, 0x36, 0x37, 0x3C, 0x08, 0x85, 0xC6, 0xCC, 0x81, 0xC6, 0xEE, 0x68, 0xFC,
    0x1A, 0xCC, 0xC9, 0x9E, 0x06, 0x08, 0xD3, 0xE9, 0xA6, 0x4A, 0x0B, 0x22, 0x32, 0xDD, 0xC4, 0xA1,
    0x32, 0xC8, 0xD2, 0x50, 0xBE, 0x04, 0xF5, 0xD9, 0x05, 0x5E, 0xBD, 0x51, 0x22, 0xAB, 0x94, 0xAE,
    0x5B, 0x8D, 0x57, 0x5F, 0xAB, 0x79, 0x82, 0x3F, 0x26, 0x9B, 0xB5, 0x86, 0x74, 0x56, 0x5C, 0x0F,
    0x2C, 0xA8, 0x56, 0xE4, 0xA9, 0x7E, 0x32, 0x34, 0x52, 0xF6, 0xF8, 0x22, 0xCA, 0xE4, 0xD2, 0x2C,
    0x54, 0xD7, 0x92, 0x22, 0xC1, 0x70, 0x04, 0xD8, 0x2A, 0x49, 0x9E, 0x98, 0x1A, 0x12, 0xCD, 0x68,
    0x77, 0x46, 0x1E, 0x24, 0x38, 0x36, 0x3C, 0xBA, 0x2B, 0xF9, 0x10, 0x69, 0xAE, 0x62, 0x7A, 0x2D,
    0xE5, 0xBB, 0x84, 0x94, 0x82, 0xCD, 0xC8, 0xED, 0xB0, 0x2D, 0xDC, 0x27, 0x2D, 0xDC, 0xFF, 0xE3,
    0x8D, 0xF7, 0x1E, 0xEE, 0x1E, 0x2E, 0x6A, 0xDF, 0x17, 0xC7, 0x37, 0x2C, 0xE4, 0x73, 0x67, 0x45,
    0x3A, 0x77, 0x27, 0xD5, 0x36, 0x9B, 0x90, 0xED, 0xCF, 0x60, 0x66, 0xB3, 0xF8, 0xF8, 0x29, 0xD9,
    0xA4, 0xE1, 0x5B, 0xE2, 0xBC, 0x5A, 0x86, 0x20, 0xD5, 0xA9, 0x24, 0x8D, 0xFF, 0x59, 0xC3, 0x77,
    0x38, 0xF5, 0xDD, 0x3D, 0xDF, 0xEE, 0xB5, 0xDD, 0x34, 0xAD, 0x65, 0x5D, 0x03, 0x37, 0x21, 0x6B,
    0x25, 0xF8, 0x94, 0xF3, 0x15, 0xF2, 0xA4, 0x72, 0xCF, 0xF5, 0xA5, 0xCA, 0xFA, 0x4E, 0xA5, 0xBD,
    0x08, 0x94, 0xFB, 0xFA, 0x94, 0x67, 0xAF, 0x23, 0x3E, 0x6A, 0xDE, 0x91, 0x7F, 0x83, 0xF4, 0xD9,
    0x0D, 0xF3, 0xCE, 0xDB, 0x70, 0x99, 0xE2, 0x73, 0xC5, 0x1B, 0xCF, 0xAC, 0xEA, 0xDB, 0xAB, 0xCF,
    0xE4, 0x37, 0x55, 0x91, 0xB1, 0x75, 0x84, 0x30, 0x10, 0x44, 0x17, 0x2E, 0xB8, 0x40, 0x01, 0x25,
    0x50, 0x02, 0x25, 0x88, 0xDC, 0x45, 0x49, 0xB9, 0x03, 0xBB, 0x23, 0xB6, 0x04, 0x4A, 0x20, 0x70,
    0x01, 0x0A, 0x14, 0x10, 0x08, 0xD6, 0xB3, 0xA3, 0xBB, 0xF7, 0x6C, 0x82, 0x51, 0x20, 0xB1, 0x7F,
    0x66, 0x56, 0xC2, 0x3D, 0x5A, 0x96, 0x78, 0x4D, 0xD0, 0xAD, 0x2D, 0xB6, 0x8A, 0x7D, 0xC7, 0x1F,
    0x19, 0x4C, 0xA2, 0xCA, 0x78, 0x4B, 0xC2, 0xA5, 0x99, 0x5D, 0xD4, 0x26, 0x89, 0x1A, 0x1A, 0xEE,
    0x25, 0x9C, 0xB8, 0x97, 0xA9, 0x8E, 0x17, 0xB4, 0x3C, 0xBA, 0x36, 0x91, 0xB9, 0x3C, 0xA1, 0xCB,
    0x11, 0x4E, 0x91, 0xB8, 0x87, 0x0A, 0xD5, 0xA9, 0x6B, 0x11, 0x49, 0x3A, 0x43, 0xF1, 0x85, 0x2C,
    0xE1, 0x5E, 0x0E, 0xB0, 0x63, 0x71, 0xF4, 0x01, 0x72, 0xC8, 0x3E, 0xD8, 0xB9, 0x42, 0x60, 0x76,
    0x59, 0x1D, 0xDA, 0x99, 0x44, 0x82, 0x78, 0x77, 0x20, 0x79, 0xC4, 0x91, 0x46, 0x18, 0x59, 0x44,
    0x75, 0x52, 0xE0, 0x2C, 0x98, 0x7B, 0x33, 0xE2, 0xCE, 0x70, 0x98, 0x11, 0x35, 0x5A, 0x4D, 0x90,
    0xB2, 0xE5, 0x64, 0xC5, 0xD6, 0xD0, 0xC4, 0x19, 0xB8, 0x9F, 0xAA, 0x4B, 0x79, 0x83, 0x66, 0x07,
    0x2D, 0x07, 0x40, 0x60, 0xA0, 0x0B, 0x0D, 0xB6, 0x47, 0x7D, 0x9A, 0x26, 0x1D, 0x4C, 0x19, 0x67,
    0x3C, 0xC4, 0xBB, 0xFC, 0x3C, 0x59, 0xE6, 0x57, 0x63, 0x9B, 0x1F, 0x27, 0xEB, 0x1C, 0x4B, 0xEF,
    0xF3, 0x55, 0x28, 0xA3, 0x99, 0x1D, 0xFD, 0xD8, 0x13, 0x0F, 0x65, 0xC0, 0xA4, 0x8C, 0x98, 0x94,
    0xB5, 0x6E, 0x99, 0x74, 0x5B, 0x19, 0xD4, 0x18, 0x15, 0x8F, 0x3C, 0xAC, 0x0F, 0x44, 0x5C, 0xA6,
    0x98, 0xEA, 0xE3, 0x62, 0x64, 0x3C, 0xF2, 0xD0, 0x5E, 0x7F, 0xDF, 0xEB, 0x6B, 0xB1, 0x7F, 0xBD,
    0xF4, 0x5F, 0x95, 0x25, 0x26, 0xCC, 0xE7, 0x76, 0x67, 0x1E, 0xE8, 0x87, 0xFB, 0xC5, 0xE0, 0xD6,
    0xE7, 0x9F, 0xAF, 0xF9, 0xF0, 0x92, 0x94, 0x5E, 0x68, 0x09, 0x5E, 0x56, 0x62, 0xFE, 0x79, 0x19,
    0x6C, 0xE5, 0x5B, 0xAB, 0xEE, 0x65, 0xF0, 0x6A, 0xB1, 0x80, 0x54, 0x7E, 0x01, 0xDB, 0xB5, 0x6A,
    0xF5, 0x02, 0x06, 0xF6, 0x29, 0x0C, 0x5C, 0x1D, 0x0C, 0x4A, 0x8D, 0x0C, 0x42, 0x4D, 0x0C, 0x4D,
    0x0D, 0x8D, 0x4E, 0x0D, 0x4E, 0x4C, 0x0D, 0x1A, 0x4C, 0x0D, 0x12, 0x60, 0x32, 0x88, 0x09, 0x28,
    0x02, 0x14, 0x07, 0xCA, 0x02, 0xD5, 0x00, 0x55, 0x02, 0xD5, 0xEF, 0x5A, 0xB5, 0x1A, 0x00,
};

static const EpdGlyph lexica_13_bolditalicGlyphs[] = {
    { 0, 0, 0, 0, 0, 0, 0 }, // U+000D
    { 0, 0, 139, 0, 0, 0, 0 }, // U+0020
    { 10, 18, 129, -1, 18, 45, 0 }, // !
    { 10, 6, 192, 2, 18, 15, 45 }, // "
    { 21, 18, 325, 0, 18, 95, 60 }, // #
    { 17, 23, 279, 0, 21, 98, 155 }, // $
    { 26, 18, 452, 1, 18, 117, 253 }, // %
    { 20, 20, 296, -1, 20, 100, 370 }, // &
    { 5, 6, 112, 2, 18, 8, 470 }, // '
    { 11, 22, 163, 0, 18, 61, 478 }, // (
    { 11, 22, 164, -2, 18, 61, 539 }, // )
    { 9, 10, 192, 2, 19, 23, 600 }, // *
    { 14, 14, 279, 1, 14, 49, 623 }, // +
    { 8, 9, 122, -2, 5, 18, 672 }, // ,
    { 10, 4, 163, 0, 9, 10, 690 }, // -
    { 6, 5, 107, -1, 5, 8, 700 }, // .
    { 16, 18, 191, -2, 18, 72, 708 }, // /
    { 16, 18, 286, 1, 18, 72, 780 }, // 0
    { 11, 18, 197, 1, 18, 50, 852 }, // 1
    { 17, 18, 254, -1, 18, 77, 902 }, // 2
    { 16, 18, 268, 0, 18, 72, 979 }, // 3
    { 18, 18, 280, -1, 18, 81, 1051 }, // 4
    { 16, 18, 267, 0, 18, 72, 1132 }, // 5
    { 15, 18, 273, 1, 18, 68, 1204 }, // 6
    { 17, 18, 243, 0, 18, 77, 1272 }, // 7
    { 16, 18, 270, 0, 18, 72, 1349 }, // 8
    { 15, 18, 250, 1, 18, 68, 1421 }, // 9
    { 8, 14, 107, -1, 14, 28, 1489 }, // :
    { 9, 18, 107, -2, 14, 41, 1517 }, // ;
    { 15, 15, 277, 0, 14, 57, 1558 }, // <
    { 15, 9, 297, 1, 12, 34, 1615 }, // =
    { 14, 15, 276, 2, 14, 53, 1649 }, // >
    { 15, 18, 275, 2, 18, 68, 1702 }, // ?
    { 19, 18, 326, 1, 18, 86, 1770 }, // @
    { 19, 18, 302, -2, 18, 86, 1856 }, // A
    { 19, 18, 279, -1, 18, 86, 1942 }, // B
    { 19, 18, 292, 0, 18, 86, 2028 }, // C
    { 19, 18, 299, -1, 18, 86, 2114 }, // D
    { 19, 18, 252, -1, 18, 86, 2200 }, // E
    { 18, 18, 236, -1, 18, 81, 2286 }, // F
    { 19, 18, 318, 0, 18, 86, 2367 }, // G
    { 21, 18, 301, -1, 18, 95, 2453 }, // H
    { 14, 18, 199, -1, 18, 63, 2548 }, // I
    { 17, 18, 245, -1, 18, 77, 2611 }, // J
    { 21, 18, 285, -1, 18, 95, 2688 }, // K
    { 15, 18, 235, -1, 18, 68, 2783 }, // L
    { 25, 18, 372, -1, 18, 113, 2851 }, // M
    { 21, 18, 310, -1, 18, 95, 2964 }, // N
    { 20, 18, 331, 0, 18, 90, 3059 }, // O
    { 19, 18, 272, -1, 18, 86, 3149 }, // P
    { 19, 21, 335, 1, 19, 100, 3235 }, // Q
    { 19, 18, 279, -1, 18, 86, 3335 }, // R
    { 17, 18, 278, 0, 18, 77, 3421 }, // S
    { 18, 18, 267, 1, 18, 81, 3498 }, // T
    { 19, 18, 294, 0, 18, 86, 3579 }, // U
    { 18, 18, 287, 2, 18, 81, 3665 }, // V
    { 24, 18, 385, 2, 18, 108, 3746 }, // W
    { 23, 18, 306, -2, 18, 104, 3854 }, // X
    { 19, 18, 303, 2, 18, 86, 3958 }, // Y
    { 21, 18, 274, -2, 18, 95, 4044 }, // Z
    { 13, 22, 147, -2, 18, 72, 4139 }, // [
    { 12, 18, 253, 2, 18, 54, 4211 }, // <backslash>
    { 12, 22, 148, -2, 18, 66, 4265 }, // ]
    { 14, 10, 255, 1, 19, 35, 4331 }, // ^
    { 12, 4, 198, -1, 0, 12, 4366 }, // _
    { 6, 4, 136, 3, 20, 6, 4378 }, // `
    { 15, 14, 236, -1, 14, 53, 4384 }, // a
    { 16, 18, 256, -1, 18, 72, 4437 }, // b
    { 14, 14, 230, 0, 14, 49, 4509 }, // c
    { 17, 18, 256, 0, 18, 77, 4558 }, // d
    { 15, 14, 246, 0, 14, 53, 4635 }, // e
    { 12, 20, 164, 0, 20, 60, 4688 }, // f
    { 17, 21, 257, -1, 14, 90, 4748 }, // g
    { 16, 18, 251, -1, 18, 72, 4838 }, // h
    { 10, 21, 146, 0, 21, 53, 4910 }, // i
    { 14, 25, 114, -5, 21, 88, 4963 }, // j
    { 17, 18, 243, -1, 18, 77, 5051 }, // k
    { 8, 18, 137, 0, 18, 36, 5128 }, // l
    { 24, 14, 388, -1, 14, 84, 5164 }, // m
    { 16, 14, 251, -1, 14, 56, 5248 }, // n
    { 15, 14, 250, 0, 14, 53, 5304 }, // o
    { 17, 18, 256, -2, 14, 77, 5357 }, // p
    { 17, 18, 260, 0, 14, 77, 5434 }, // q
    { 12, 14, 169, -1, 14, 42, 5511 }, // r
    { 14, 14, 223, -1, 14, 49, 5553 }, // s
    { 11, 17, 169, 0, 17, 47, 5602 }, // t
    { 16, 14, 250, 0, 14, 56, 5649 }, // u
    { 16, 14, 231, 0, 14, 56, 5705 }, // v
    { 21, 14, 315, 0, 14, 74, 5761 }, // w
    { 18, 14, 232, -2, 14, 63, 5835 }, // x
    { 18, 18, 228, -2, 14, 81, 5898 }, // y
    { 17, 14, 229, -2, 14, 60, 5979 }, // z
    { 13, 22, 162, -1, 18, 72, 6039 }, // {
    { 5, 22, 130, 1, 18, 28, 6111 }, // |
    { 12, 22, 162, -2, 18, 66, 6139 }, // }
    { 14, 7, 231, 0, 11, 25, 6205 }, // ~
    { 0, 0, 139, 0, 0, 0, 0 }, // U+00A0
    { 10, 18, 129, -2, 14, 45, 0 }, // U+00A1
    { 14, 18, 230, 0, 16, 63, 45 }, // U+00A2
    { 18, 18, 267, 0, 18, 81, 108 }, // U+00A3
    { 14, 14, 294, 2, 16, 49, 189 }, // U+00A4
    { 19, 18, 303, 2, 18, 86, 238 }, // U+00A5
    { 5, 22, 122, 1, 18, 28, 324 }, // U+00A6
    { 18, 22, 244, -2, 18, 99, 352 }, // U+00A7
    { 10, 4, 197, 3, 20, 10, 451 }, // U+00A8
    { 20, 19, 353, 1, 19, 95, 461 }, // U+00A9
    { 9, 8, 171, 2, 19, 18, 556 }, // U+00AA
    { 18, 12, 288, 0, 13, 54, 574 }, // U+00AB
    { 15, 11, 302, 1, 12, 42, 628 }, // U+00AC
    { 10, 4, 163, 0, 9, 10, 670 }, // U+00AD
    { 20, 19, 353, 1, 19, 95, 680 }, // U+00AE
    { 10, 4, 175, 2, 20, 10, 775 }, // U+00AF
    { 10, 9, 178, 2, 19, 23, 785 }, // U+00B0
    { 15, 14, 304, 1, 14, 53, 808 }, // U+00B1
    { 11, 10, 176, 1, 21, 28, 861 }, // U+00B2
    { 10, 10, 184, 2, 21, 25, 889 }, // U+00B3
    { 8, 4, 139, 2, 20, 8, 914 }, // U+00B4
    { 18, 18, 260, -2, 14, 81, 922 }, // U+00B5
    { 15, 22, 230, 1, 18, 83, 1003 }, // U+00B6
    { 6, 5, 132, 1, 9, 8, 1086 }, // U+00B7
    { 7, 7, 140, -1, 1, 13, 1094 }, // U+00B8
    { 7, 10, 127, 3, 21, 18, 1107 }, // U+00B9
    { 10, 8, 178, 2, 19, 20, 1125 }, // U+00BA
    { 18, 12, 289, -1, 13, 54, 1145 }, // U+00BB
    { 21, 19, 403, 2, 19, 100, 1199 }, // U+00BC
    { 22, 19, 398, 2, 19, 105, 1299 }, // U+00BD
    { 22, 19, 415, 2, 19, 105, 1404 }, // U+00BE
    { 15, 18, 275, -1, 14, 68, 1509 }, // U+00BF
    { 19, 25, 302, -2, 25, 119, 1577 }, // U+00C0
    { 19, 25, 302, -2, 25, 119, 1696 }, // U+00C1
    { 20, 25, 302, -2, 25, 125, 1815 }, // U+00C2
    { 20, 24, 302, -2, 24, 120, 1940 }, // U+00C3
    { 19, 25, 302, -2, 25, 119, 2060 }, // U+00C4
    { 19, 24, 302, -2, 24, 114, 2179 }, // U+00C5
    { 31, 18, 440, -2, 18, 140, 2293 }, // U+00C6
    { 19, 24, 292, 0, 18, 114, 2433 }, // U+00C7
    { 19, 25, 252, -1, 25, 119, 2547 }, // U+00C8
    { 19, 25, 252, -1, 25, 119, 2666 }, // U+00C9
    { 19, 25, 252, -1, 25, 119, 2785 }, // U+00CA
    { 19, 25, 252, -1, 25, 119, 2904 }, // U+00CB
    { 14, 25, 199, -1, 25, 88, 3023 }, // U+00CC
    { 14, 25, 199, -1, 25, 88, 3111 }, // U+00CD
    { 16, 25, 199, -1, 25, 100, 3199 }, // U+00CE
    { 15, 25, 199, -1, 25, 94, 3299 }, // U+00CF
    { 20, 18, 320, 0, 18, 90, 3393 }, // U+00D0
    { 21, 24, 310, -1, 24, 126, 3483 }, // U+00D1
    { 20, 25, 331, 0, 25, 125, 3609 }, // U+00D2
    { 20, 25, 331, 0, 25, 125, 3734 }, // U+00D3
    { 20, 25, 331, 0, 25, 125, 3859 }, // U+00D4
    { 20, 24, 331, 0, 24, 120, 3984 }, // U+00D5
    { 20, 25, 331, 0, 25, 125, 4104 }, // U+00D6
    { 13, 14, 268, 1, 14, 46, 4229 }, // U+00D7
    { 21, 19, 330, 0, 19, 100, 4275 }, // U+00D8
    { 19, 25, 294, 0, 25, 119, 4375 }, // U+00D9
    { 19, 25, 294, 0, 25, 119, 4494 }, // U+00DA
    { 19, 25, 294, 0, 25, 119, 4613 }, // U+00DB
    { 19, 25, 294, 0, 25, 119, 4732 }, // U+00DC
    { 19, 25, 303, 2, 25, 119, 4851 }, // U+00DD
    { 18, 18, 270, -1, 18, 81, 4970 }, // U+00DE
    { 18, 18, 273, -1, 18, 81, 5051 }, // U+00DF
    { 15, 21, 236, -1, 21, 79, 5132 }, // U+00E0
    { 15, 21, 236, -1, 21, 79, 5211 }, // U+00E1
    { 16, 21, 236, -1, 21, 84, 5290 }, // U+00E2
    { 16, 19, 236, -1, 19, 76, 5374 }, // U+00E3
    { 15, 20, 236, -1, 20, 75, 5450 }, // U+00E4
    { 15, 23, 236, -1, 23, 87, 5525 }, // U+00E5
    { 25, 14, 384, -1, 14, 88, 5612 }, // U+00E6
    { 14, 20, 230, 0, 14, 70, 5700 }, // U+00E7
    { 15, 21, 246, 0, 21, 79, 5770 }, // U+00E8
    { 15, 21, 246, 0, 21, 79, 5849 }, // U+00E9
    { 15, 21, 246, 0, 21, 79, 5928 }, // U+00EA
    { 15, 20, 246, 0, 20, 75, 6007 }, // U+00EB
    { 9, 20, 141, 0, 20, 45, 6082 }, // U+00EC
    { 11, 20, 141, 0, 20, 55, 6127 }, // U+00ED
    { 12, 20, 141, 0, 20, 60, 6182 }, // U+00EE
    { 11, 20, 141, 0, 20, 55, 6242 }, // U+00EF
    { 15, 21, 252, 0, 21, 79, 6297 }, // U+00F0
    { 17, 18, 251, -1, 18, 77, 6376 }, // U+00F1
    { 15, 21, 250, 0, 21, 79, 6453 }, // U+00F2
    { 15, 21, 250, 0, 21, 79, 6532 }, // U+00F3
    { 15, 21, 250, 0, 21, 79, 6611 }, // U+00F4
    { 15, 19, 250, 0, 19, 72, 6690 }, // U+00F5
    { 15, 20, 250, 0, 20, 75, 6762 }, // U+00F6
    { 14, 14, 279, 1, 14, 49, 6837 }, // U+00F7
    { 17, 16, 250, -1, 15, 68, 6886 }, // U+00F8
    { 16, 21, 250, 0, 21, 84, 6954 }, // U+00F9
    { 16, 21, 250, 0, 21, 84, 7038 }, // U+00FA
    { 16, 21, 250, 0, 21, 84, 7122 }, // U+00FB
    { 16, 20, 250, 0, 20, 80, 7206 }, // U+00FC
    { 18, 25, 228, -2, 21, 113, 7286 }, // U+00FD
    { 17, 22, 255, -2, 18, 94, 7399 }, // U+00FE
    { 18, 24, 228, -2, 20, 108, 7493 }, // U+00FF
    { 19, 24, 302, -2, 24, 114, 0 }, // U+0100
    { 15, 18, 236, -1, 18, 68, 114 }, // U+0101
    { 20, 24, 302, -2, 24, 120, 182 }, // U+0102
    { 15, 20, 236, -1, 20, 75, 302 }, // U+0103
    { 19, 22, 302, -2, 18, 105, 377 }, // U+0104
    { 15, 18, 236, -1, 14, 68, 482 }, // U+0105
    { 19, 25, 292, 0, 25, 119, 550 }, // U+0106
    { 14, 21, 230, 0, 21, 74, 669 }, // U+0107
    { 19, 25, 292, 0, 25, 119, 743 }, // U+0108
    { 15, 21, 230, 0, 21, 79, 862 }, // U+0109
    { 19, 25, 292, 0, 25, 119, 941 }, // U+010A
    { 14, 20, 230, 0, 20, 70, 1060 }, // U+010B
    { 19, 25, 292, 0, 25, 119, 1130 }, // U+010C
    { 16, 20, 230, 0, 20, 80, 1249 }, // U+010D
    { 19, 25, 299, -1, 25, 119, 1329 }, // U+010E
    { 21, 18, 282, 0, 18, 95, 1448 }, // U+010F
    { 20, 18, 323, 0, 18, 90, 1543 }, // U+0110
    { 19, 20, 276, 0, 20, 95, 1633 }, // U+0111
    { 19, 24, 252, -1, 24, 114, 1728 }, // U+0112
    { 15, 18, 246, 0, 18, 68, 1842 }, // U+0113
    { 19, 24, 252, -1, 24, 114, 1910 }, // U+0114
    { 15, 20, 246, 0, 20, 75, 2024 }, // U+0115
    { 19, 25, 252, -1, 25, 119, 2099 }, // U+0116
    { 15, 20, 246, 0, 20, 75, 2218 }, // U+0117
    { 19, 22, 252, -1, 18, 105, 2293 }, // U+0118
    { 15, 18, 246, 0, 14, 68, 2398 }, // U+0119
    { 19, 25, 252, -1, 25, 119, 2466 }, // U+011A
    { 16, 20, 246, 0, 20, 80, 2585 }, // U+011B
    { 19, 25, 318, 0, 25, 119, 2665 }, // U+011C
    { 17, 27, 257, -1, 20, 115, 2784 }, // U+011D
    { 19, 25, 318, 0, 25, 119, 2899 }, // U+011E
    { 17, 26, 257, -1, 19, 111, 3018 }, // U+011F
    { 19, 25, 318, 0, 25, 119, 3129 }, // U+0120
    { 17, 26, 257, -1, 19, 111, 3248 }, // U+0121
    { 19, 24, 318, 0, 18, 114, 3359 }, // U+0122
    { 17, 28, 257, -1, 21, 119, 3473 }, // U+0123
    { 21, 25, 301, -1, 25, 132, 3592 }, // U+0124
    { 16, 25, 251, -1, 25, 100, 3724 }, // U+0125
    { 22, 18, 321, 0, 18, 99, 3824 }, // U+0126
    { 16, 19, 279, 1, 19, 76, 3923 }, // U+0127
    { 16, 24, 199, -1, 24, 96, 3999 }, // U+0128
    { 12, 18, 141, 0, 18, 54, 4095 }, // U+0129
    { 15, 24, 199, -1, 24, 90, 4149 }, // U+012A
    { 11, 18, 141, 0, 18, 50, 4239 }, // U+012B
    { 15, 24, 199, -1, 24, 90, 4289 }, // U+012C
    { 12, 20, 141, 0, 20, 60, 4379 }, // U+012D
    { 14, 22, 199, -1, 18, 77, 4439 }, // U+012E
    { 11, 26, 146, -1, 22, 72, 4516 }, // U+012F
    { 14, 25, 199, -1, 25, 88, 4588 }, // U+0130
    { 9, 14, 141, 0, 14, 32, 4676 }, // U+0131
    { 30, 18, 444, -1, 18, 135, 4708 }, // U+0132
    { 18, 25, 260, 0, 21, 113, 4843 }, // U+0133
    { 21, 25, 245, -1, 25, 132, 4956 }, // U+0134
    { 16, 25, 114, -5, 21, 100, 5088 }, // U+0135
    { 21, 25, 285, -1, 18, 132, 5188 }, // U+0136
    { 17, 25, 243, -1, 18, 107, 5320 }, // U+0137
    { 17, 14, 243, -1, 14, 60, 5427 }, // U+0138
    { 15, 25, 235, -1, 25, 94, 5487 }, // U+0139
    { 11, 25, 137, 0, 25, 69, 5581 }, // U+013A
    { 15, 25, 235, -1, 18, 94, 5650 }, // U+013B
    { 10, 25, 137, -2, 18, 63, 5744 }, // U+013C
    { 15, 18, 235, -1, 18, 68, 5807 }, // U+013D
    { 12, 18, 149, 0, 18, 54, 5875 }, // U+013E
    { 15, 18, 235, -1, 18, 68, 5929 }, // U+013F
    { 13, 18, 210, 0, 18, 59, 5997 }, // U+0140
    { 16, 18, 258, -1, 18, 72, 6056 }, // U+0141
    { 12, 18, 148, -1, 18, 54, 6128 }, // U+0142
    { 21, 25, 310, -1, 25, 132, 6182 }, // U+0143
    { 16, 20, 251, -1, 20, 80, 6314 }, // U+0144
    { 21, 25, 310, -1, 18, 132, 6394 }, // U+0145
    { 16, 21, 251, -1, 14, 84, 6526 }, // U+0146
    { 21, 25, 310, -1, 25, 132, 6610 }, // U+0147
    { 18, 20, 251, -1, 20, 90, 6742 }, // U+0148
    { 20, 18, 363, 2, 18, 90, 6832 }, // U+0149
    { 21, 22, 310, -1, 18, 116, 6922 }, // U+014A
    { 16, 18, 251, -1, 14, 72, 7038 }, // U+014B
    { 20, 25, 331, 0, 25, 125, 7110 }, // U+014C
    { 15, 18, 250, 0, 18, 68, 7235 }, // U+014D
    { 20, 25, 331, 0, 25, 125, 7303 }, // U+014E
    { 15, 20, 250, 0, 20, 75, 7428 }, // U+014F
    { 21, 25, 331, 0, 25, 132, 7503 }, // U+0150
    { 17, 21, 250, 0, 21, 90, 7635 }, // U+0151
    { 32, 18, 474, 0, 18, 144, 7725 }, // U+0152
    { 26, 14, 406, -1, 14, 91, 7869 }, // U+0153
    { 19, 25, 279, -1, 25, 119, 7960 }, // U+0154
    { 13, 20, 169, -1, 20, 65, 8079 }, // U+0155
    { 19, 25, 279, -1, 18, 119, 8144 }, // U+0156
    { 15, 21, 169, -4, 14, 79, 8263 }, // U+0157
    { 19, 25, 279, -1, 25, 119, 8342 }, // U+0158
    { 15, 20, 169, -1, 20, 75, 8461 }, // U+0159
    { 17, 25, 278, 0, 25, 107, 8536 }, // U+015A
    { 14, 21, 223, -1, 21, 74, 8643 }, // U+015B
    { 17, 25, 278, 0, 25, 107, 8717 }, // U+015C
    { 15, 21, 223, -1, 21, 79, 8824 }, // U+015D
    { 17, 24, 278, 0, 18, 102, 8903 }, // U+015E
    { 14, 20, 223, -1, 14, 70, 9005 }, // U+015F
    { 17, 25, 278, 0, 25, 107, 9075 }, // U+0160
    { 16, 20, 223, -1, 20, 80, 9182 }, // U+0161
    { 18, 24, 267, 1, 18, 108, 9262 }, // U+0162
    { 12, 23, 169, -1, 17, 69, 9370 }, // U+0163
    { 18, 25, 267, 1, 25, 113, 9439 }, // U+0164
    { 14, 20, 172, 0, 20, 70, 9552 }, // U+0165
    { 18, 18, 267, 1, 18, 81, 9622 }, // U+0166
    { 12, 17, 169, -1, 17, 51, 9703 }, // U+0167
    { 19, 24, 294, 0, 24, 114, 9754 }, // U+0168
    { 16, 19, 250, 0, 19, 76, 9868 }, // U+0169
    { 19, 25, 294, 0, 25, 119, 9944 }, // U+016A
    { 16, 18, 250, 0, 18, 72, 10063 }, // U+016B
    { 19, 25, 294, 0, 25, 119, 10135 }, // U+016C
    { 16, 20, 250, 0, 20, 80, 10254 }, // U+016D
    { 19, 27, 294, 0, 27, 129, 10334 }, // U+016E
    { 16, 23, 250, 0, 23, 92, 10463 }, // U+016F
    { 19, 25, 294, 0, 25, 119, 10555 }, // U+0170
    { 17, 21, 250, 0, 21, 90, 10674 }, // U+0171
    { 19, 22, 294, 0, 18, 105, 10764 }, // U+0172
    { 16, 18, 250, 0, 14, 72, 10869 }, // U+0173
    { 24, 25, 385, 2, 25, 150, 10941 }, // U+0174
    { 21, 20, 315, 0, 20, 105, 11091 }, // U+0175
    { 19, 25, 303, 2, 25, 119, 11196 }, // U+0176
    { 18, 25, 228, -2, 21, 113, 11315 }, // U+0177
    { 19, 25, 303, 2, 25, 119, 11428 }, // U+0178
    { 21, 25, 274, -2, 25, 132, 11547 }, // U+0179
    { 17, 20, 229, -2, 20, 85, 11679 }, // U+017A
    { 21, 25, 274, -2, 25, 132, 11764 }, // U+017B
    { 17, 20, 229, -2, 20, 85, 11896 }, // U+017C
    { 21, 25, 274, -2, 25, 132, 11981 }, // U+017D
    { 18, 20, 229, -2, 20, 90, 12113 }, // U+017E
    { 12, 20, 164, 0, 20, 60, 12203 }, // U+017F
    { 24, 22, 331, 0, 22, 132, 0 }, // U+01A0
    { 18, 17, 257, 0, 17, 77, 132 }, // U+01A1
    { 24, 22, 299, 0, 22, 132, 209 }, // U+01AF
    { 19, 17, 256, 0, 17, 81, 341 }, // U+01B0
    { 38, 25, 573, -1, 25, 238, 422 }, // U+01C4
    { 36, 20, 528, -1, 20, 180, 660 }, // U+01C5
    { 32, 20, 485, 0, 20, 160, 840 }, // U+01C6
    { 32, 18, 480, -1, 18, 144, 1000 }, // U+01C7
    { 24, 25, 349, -1, 21, 150, 1144 }, // U+01C8
    { 17, 25, 251, 0, 21, 107, 1294 }, // U+01C9
    { 37, 18, 555, -1, 18, 167, 1401 }, // U+01CA
    { 29, 25, 424, -1, 21, 182, 1568 }, // U+01CB
    { 25, 25, 365, -1, 21, 157, 1750 }, // U+01CC
    { 21, 25, 302, -2, 25, 132, 1907 }, // U+01CD
    { 16, 20, 236, -1, 20, 80, 2039 }, // U+01CE
    { 19, 25, 294, 0, 25, 119, 2119 }, // U+01D3
    { 16, 20, 250, 0, 20, 80, 2238 }, // U+01D4
    { 19, 25, 318, 0, 25, 119, 2318 }, // U+01E6
    { 17, 27, 257, -1, 20, 115, 2437 }, // U+01E7
    { 20, 22, 331, 0, 18, 110, 2552 }, // U+01EA
    { 15, 18, 250, 0, 14, 68, 2662 }, // U+01EB
    { 38, 18, 573, -1, 18, 171, 2730 }, // U+01F1
    { 35, 18, 528, -1, 18, 158, 2901 }, // U+01F2
    { 31, 18, 485, 0, 18, 140, 3059 }, // U+01F3
    { 20, 31, 302, -2, 31, 155, 3199 }, // U+01FA
    { 16, 29, 236, -1, 29, 116, 3354 }, // U+01FB
    { 31, 25, 440, -2, 25, 194, 3470 }, // U+01FC
    { 25, 21, 384, -1, 21, 132, 3664 }, // U+01FD
    { 21, 25, 330, 0, 25, 132, 3796 }, // U+01FE
    { 17, 22, 250, -1, 21, 94, 3928 }, // U+01FF
    { 17, 24, 278, 0, 18, 102, 4022 }, // U+0218
    { 14, 20, 223, -1, 14, 70, 4124 }, // U+0219
    { 18, 25, 267, 1, 18, 113, 4194 }, // U+021A
    { 12, 24, 169, -1, 17, 72, 4307 }, // U+021B
    { 21, 25, 301, -1, 25, 132, 4379 }, // U+021E
    { 16, 25, 251, -1, 25, 100, 4511 }, // U+021F
    { 6, 4, 0, 3, 20, 6, 0 }, // U+0300
    { 8, 4, 0, 2, 20, 8, 6 }, // U+0301
    { 12, 4, 0, 2, 20, 12, 14 }, // U+0302
    { 12, 4, 0, 2, 20, 12, 26 }, // U+0303
    { 10, 4, 0, 2, 20, 10, 38 }, // U+0304
    { 11, 4, 0, 2, 20, 11, 48 }, // U+0306
    { 5, 4, 0, 3, 20, 5, 59 }, // U+0307
    { 10, 4, 0, 2, 20, 10, 64 }, // U+0308
    { 7, 6, 68, 0, 21, 11, 74 }, // U+0309
    { 8, 8, 0, 3, 23, 16, 85 }, // U+030A
    { 13, 4, 0, 1, 20, 13, 101 }, // U+030B
    { 12, 4, 0, 3, 20, 12, 114 }, // U+030C
    { 10, 6, 140, 0, 18, 15, 126 }, // U+031B
    { 6, 5, 89, -2, -2, 8, 141 }, // U+0323
    { 8, 6, 0, -3, -1, 12, 149 }, // U+0326
    { 7, 7, 0, -2, 1, 13, 161 }, // U+0327
    { 7, 5, 0, -1, 0, 9, 174 }, // U+0328
    { 19, 25, 302, -2, 18, 119, 0 }, // U+1EA0
    { 15, 21, 236, -1, 14, 79, 119 }, // U+1EA1
    { 19, 26, 302, -2, 26, 124, 198 }, // U+1EA2
    { 15, 21, 236, -1, 21, 79, 322 }, // U+1EA3
    { 25, 28, 302, -2, 28, 175, 401 }, // U+1EA4
    { 20, 24, 236, -1, 24, 120, 576 }, // U+1EA5
    { 24, 27, 302, -2, 27, 162, 696 }, // U+1EA6
    { 19, 24, 236, -1, 24, 114, 858 }, // U+1EA7
    { 24, 28, 302, -2, 28, 168, 972 }, // U+1EA8
    { 19, 25, 236, -1, 25, 119, 1140 }, // U+1EA9
    { 21, 30, 302, -2, 30, 158, 1259 }, // U+1EAA
    { 17, 26, 236, -1, 26, 111, 1417 }, // U+1EAB
    { 20, 32, 302, -2, 25, 160, 1528 }, // U+1EAC
    { 16, 28, 236, -1, 21, 112, 1688 }, // U+1EAD
    { 20, 30, 302, -2, 30, 150, 1800 }, // U+1EAE
    { 15, 26, 236, -1, 26, 98, 1950 }, // U+1EAF
    { 20, 30, 302, -2, 30, 150, 2048 }, // U+1EB0
    { 15, 26, 236, -1, 26, 98, 2198 }, // U+1EB1
    { 20, 31, 302, -2, 31, 155, 2296 }, // U+1EB2
    { 15, 26, 236, -1, 26, 98, 2451 }, // U+1EB3
    { 21, 29, 302, -2, 29, 153, 2549 }, // U+1EB4
    { 17, 25, 236, -1, 25, 107, 2702 }, // U+1EB5
    { 20, 31, 302, -2, 24, 155, 2809 }, // U+1EB6
    { 15, 27, 236, -1, 20, 102, 2964 }, // U+1EB7
    { 19, 25, 252, -1, 18, 119, 3066 }, // U+1EB8
    { 15, 21, 246, 0, 14, 79, 3185 }, // U+1EB9
    { 19, 26, 252, -1, 26, 124, 3264 }, // U+1EBA
    { 15, 21, 246, 0, 21, 79, 3388 }, // U+1EBB
    { 19, 24, 252, -1, 24, 114, 3467 }, // U+1EBC
    { 15, 19, 246, 0, 19, 72, 3581 }, // U+1EBD
    { 22, 28, 252, -1, 28, 154, 3653 }, // U+1EBE
    { 20, 24, 246, 0, 24, 120, 3807 }, // U+1EBF
    { 21, 27, 252, -1, 27, 142, 3927 }, // U+1EC0
    { 19, 24, 246, 0, 24, 114, 4069 }, // U+1EC1
    { 22, 28, 252, -1, 28, 154, 4183 }, // U+1EC2
    { 18, 25, 246, 0, 25, 113, 4337 }, // U+1EC3
    { 19, 30, 252, -1, 30, 143, 4450 }, // U+1EC4
    { 17, 26, 246, 0, 26, 111, 4593 }, // U+1EC5
    { 19, 32, 252, -1, 25, 152, 4704 }, // U+1EC6
    { 15, 28, 246, 0, 21, 105, 4856 }, // U+1EC7
    { 14, 26, 199, -1, 26, 91, 4961 }, // U+1EC8
    { 11, 21, 141, 0, 21, 58, 5052 }, // U+1EC9
    { 14, 25, 199, -1, 18, 88, 5110 }, // U+1ECA
    { 10, 28, 146, 0, 21, 70, 5198 }, // U+1ECB
    { 20, 25, 331, 0, 18, 125, 5268 }, // U+1ECC
    { 15, 20, 250, 0, 14, 75, 5393 }, // U+1ECD
    { 20, 26, 331, 0, 26, 130, 5468 }, // U+1ECE
    { 15, 21, 250, 0, 21, 79, 5598 }, // U+1ECF
    { 24, 28, 331, 0, 28, 168, 5677 }, // U+1ED0
    { 19, 24, 250, 0, 24, 114, 5845 }, // U+1ED1
    { 22, 28, 331, 0, 28, 154, 5959 }, // U+1ED2
    { 18, 24, 250, 0, 24, 108, 6113 }, // U+1ED3
    { 23, 28, 331, 0, 28, 161, 6221 }, // U+1ED4
    { 18, 25, 250, 0, 25, 113, 6382 }, // U+1ED5
    { 20, 30, 331, 0, 30, 150, 6495 }, // U+1ED6
    { 17, 26, 250, 0, 26, 111, 6645 }, // U+1ED7
    { 20, 32, 331, 0, 25, 160, 6756 }, // U+1ED8
    { 15, 27, 250, 0, 21, 102, 6916 }, // U+1ED9
    { 24, 25, 331, 0, 25, 150, 7018 }, // U+1EDA
    { 18, 21, 257, 0, 21, 95, 7168 }, // U+1EDB
    { 24, 25, 331, 0, 25, 150, 7263 }, // U+1EDC
    { 18, 21, 257, 0, 21, 95, 7413 }, // U+1EDD
    { 24, 26, 331, 0, 26, 156, 7508 }, // U+1EDE
    { 18, 21, 257, 0, 21, 95, 7664 }, // U+1EDF
    { 24, 24, 331, 0, 24, 144, 7759 }, // U+1EE0
    { 18, 19, 257, 0, 19, 86, 7903 }, // U+1EE1
    { 24, 29, 331, 0, 22, 174, 7989 }, // U+1EE2
    { 18, 23, 257, 0, 17, 104, 8163 }, // U+1EE3
    { 19, 25, 294, 0, 18, 119, 8267 }, // U+1EE4
    { 16, 21, 250, 0, 14, 84, 8386 }, // U+1EE5
    { 19, 26, 294, 0, 26, 124, 8470 }, // U+1EE6
    { 16, 21, 250, 0, 21, 84, 8594 }, // U+1EE7
    { 24, 25, 299, 0, 25, 150, 8678 }, // U+1EE8
    { 19, 21, 256, 0, 21, 100, 8828 }, // U+1EE9
    { 24, 25, 299, 0, 25, 150, 8928 }, // U+1EEA
    { 19, 21, 256, 0, 21, 100, 9078 }, // U+1EEB
    { 24, 26, 299, 0, 26, 156, 9178 }, // U+1EEC
    { 19, 21, 256, 0, 21, 100, 9334 }, // U+1EED
    { 24, 24, 299, 0, 24, 144, 9434 }, // U+1EEE
    { 19, 19, 256, 0, 19, 91, 9578 }, // U+1EEF
    { 24, 29, 299, 0, 22, 174, 9669 }, // U+1EF0
    { 19, 24, 256, 0, 17, 114, 9843 }, // U+1EF1
    { 19, 25, 303, 2, 25, 119, 9957 }, // U+1EF2
    { 18, 25, 228, -2, 21, 113, 10076 }, // U+1EF3
    { 19, 25, 303, 2, 18, 119, 10189 }, // U+1EF4
    { 18, 20, 228, -2, 14, 90, 10308 }, // U+1EF5
    { 19, 26, 303, 2, 26, 124, 10398 }, // U+1EF6
    { 18, 25, 228, -2, 21, 113, 10522 }, // U+1EF7
    { 19, 24, 303, 2, 24, 114, 10635 }, // U+1EF8
    { 18, 23, 228, -2, 19, 104, 10749 }, // U+1EF9
    { 9, 4, 146, 0, 9, 9, 0 }, // U+2010
    { 12, 4, 232, 1, 9, 12, 9 }, // U+2013
    { 21, 4, 377, 1, 9, 21, 21 }, // U+2014
    { 7, 9, 122, 1, 18, 16, 42 }, // U+2018
    { 7, 9, 122, 1, 18, 16, 58 }, // U+2019
    { 8, 9, 122, -2, 5, 18, 74 }, // U+201A
    { 13, 9, 219, 1, 18, 30, 92 }, // U+201C
    { 13, 9, 219, 1, 18, 30, 122 }, // U+201D
    { 14, 9, 219, -2, 5, 32, 152 }, // U+201E
    { 15, 18, 257, 1, 18, 68, 184 }, // U+2020
    { 16, 18, 258, 0, 18, 72, 252 }, // U+2021
    { 10, 9, 193, 1, 11, 23, 324 }, // U+2022
    { 21, 5, 350, -1, 5, 27, 347 }, // U+2026
    { 38, 18, 638, 1, 18, 171, 374 }, // U+2030
    { 11, 12, 174, 0, 13, 33, 545 }, // U+2039
    { 11, 12, 174, -1, 13, 33, 578 }, // U+203A
    { 17, 18, 209, -2, 18, 77, 611 }, // U+2044
    { 11, 10, 188, 2, 21, 28, 0 }, // U+2074
    { 20, 23, 276, -1, 20, 115, 0 }, // U+20AB
    { 20, 18, 305, -1, 18, 90, 115 }, // U+20AC
    { 15, 20, 257, 0, 19, 75, 0 }, // U+2202
    { 15, 24, 342, 3, 19, 90, 75 }, // U+220F
    { 15, 24, 344, 3, 19, 90, 165 }, // U+2211
    { 14, 5, 279, 1, 9, 18, 255 }, // U+2212
    { 17, 19, 209, -2, 19, 81, 273 }, // U+2215
    { 7, 6, 122, 0, 10, 11, 354 }, // U+2219
    { 18, 23, 266, 0, 18, 104, 365 }, // U+221A
    { 19, 8, 328, 0, 11, 38, 469 }, // U+221E
    { 12, 23, 149, -2, 18, 69, 507 }, // U+222B
    { 14, 11, 241, 0, 12, 39, 576 }, // U+2248
    { 14, 15, 286, 2, 14, 53, 615 }, // U+2260
    { 14, 14, 293, 1, 14, 49, 668 }, // U+2264
    { 14, 14, 304, 2, 14, 49, 717 }, // U+2265
    { 21, 20, 309, 0, 20, 105, 0 }, // U+FB00
    { 18, 21, 279, 0, 21, 95, 105 }, // U+FB01
    { 18, 20, 302, 0, 20, 90, 200 }, // U+FB02
    { 27, 21, 424, 0, 21, 142, 290 }, // U+FB03
    { 27, 20, 447, 0, 20, 135, 432 }, // U+FB04
    { 12, 19, 293, 3, 19, 57, 0 }, // U+FFFD
};

static const EpdUnicodeInterval lexica_13_bolditalicIntervals[] = {
    { 0xD, 0xD, 0x0 },
    { 0x20, 0x7E, 0x1 },
    { 0xA0, 0xFF, 0x60 },
    { 0x100, 0x17F, 0xC0 },
    { 0x1A0, 0x1A1, 0x140 },
    { 0x1AF, 0x1B0, 0x142 },
    { 0x1C4, 0x1CE, 0x144 },
    { 0x1D3, 0x1D4, 0x14F },
    { 0x1E6, 0x1E7, 0x151 },
    { 0x1EA, 0x1EB, 0x153 },
    { 0x1F1, 0x1F3, 0x155 },
    { 0x1FA, 0x1FF, 0x158 },
    { 0x218, 0x21B, 0x15E },
    { 0x21E, 0x21F, 0x162 },
    { 0x300, 0x304, 0x164 },
    { 0x306, 0x30C, 0x169 },
    { 0x31B, 0x31B, 0x170 },
    { 0x323, 0x323, 0x171 },
    { 0x326, 0x328, 0x172 },
    { 0x1EA0, 0x1EF9, 0x175 },
    { 0x2010, 0x2010, 0x1CF },
    { 0x2013, 0x2014, 0x1D0 },
    { 0x2018, 0x201A, 0x1D2 },
    { 0x201C, 0x201E, 0x1D5 },
    { 0x2020, 0x2022, 0x1D8 },
    { 0x2026, 0x2026, 0x1DB },
    { 0x2030, 0x2030, 0x1DC },
    { 0x2039, 0x203A, 0x1DD },
    { 0x2044, 0x2044, 0x1DF },
    { 0x2074, 0x2074, 0x1E0 },
    { 0x20AB, 0x20AC, 0x1E1 },
    { 0x2202, 0x2202, 0x1E3 },
    { 0x220F, 0x220F, 0x1E4 },
    { 0x2211, 0x2212, 0x1E5 },
    { 0x2215, 0x2215, 0x1E7 },
    { 0x2219, 0x221A, 0x1E8 },
    { 0x221E, 0x221E, 0x1EA },
    { 0x222B, 0x222B, 0x1EB },
    { 0x2248, 0x2248, 0x1EC },
    { 0x2260, 0x2260, 0x1ED },
    { 0x2264, 0x2265, 0x1EE },
    { 0xFB00, 0xFB04, 0x1F0 },
    { 0xFFFD, 0xFFFD, 0x1F5 },
};

static const EpdFontGroup lexica_13_bolditalicGroups[] = {
    { 0, 3342, 6783, 96, 0 },
    { 3342, 2841, 8129, 96, 96 },
    { 6183, 3882, 13223, 128, 192 },
    { 10065, 2103, 4886, 36, 320 },
    { 12168, 169, 204, 17, 356 },
    { 12337, 2303, 11437, 90, 373 },
    { 14640, 421, 753, 17, 463 },
    { 15061, 32, 30, 1, 480 },
    { 15093, 149, 205, 2, 481 },
    { 15242, 408, 839, 13, 483 },
    { 15650, 299, 612, 5, 496 },
    { 15949, 50, 57, 1, 501 },
};

static const EpdKernClassEntry lexica_13_bolditalicKernLeftClasses[] = {
    { 0x0028, 1 }, // (
    { 0x002C, 2 }, // ,
    { 0x002D, 3 }, // -
    { 0x002E, 2 }, // .
    { 0x002F, 4 }, // /
    { 0x0031, 5 }, // 1
    { 0x0032, 6 }, // 2
    { 0x0034, 7 }, // 4
    { 0x0035, 8 }, // 5
    { 0x0036, 9 }, // 6
    { 0x0037, 10 }, // 7
    { 0x0038, 11 }, // 8
    { 0x0039, 12 }, // 9
    { 0x0041, 13 }, // A
    { 0x0042, 14 }, // B
    { 0x0043, 15 }, // C
    { 0x0044, 16 }, // D
    { 0x0045, 17 }, // E
    { 0x0046, 18 }, // F
    { 0x0047, 19 }, // G
    { 0x0049, 20 }, // I
    { 0x004A, 21 }, // J
    { 0x004B, 22 }, // K
    { 0x004C, 23 }, // L
    { 0x004F, 16 }, // O
    { 0x0050, 24 }, // P
    { 0x0051, 25 }, // Q
    { 0x0052, 26 }, // R
    { 0x0053, 27 }, // S
    { 0x0054, 28 }, // T
    { 0x0055, 29 }, // U
    { 0x0056, 30 }, // V
    { 0x0057, 31 }, // W
    { 0x0058, 32 }, // X
    { 0x0059, 33 }, // Y
    { 0x005A, 34 }, // Z
    { 0x0061, 35 }, // a
    { 0x0062, 36 }, // b
    { 0x0063, 37 }, // c
    { 0x0064, 38 }, // d
    { 0x0065, 39 }, // e
    { 0x0066, 40 }, // f
    { 0x0067, 41 }, // g
    { 0x0068, 42 }, // h
    { 0x006A, 43 }, // j
    { 0x006B, 44 }, // k
    { 0x006C, 45 }, // l
    { 0x006D, 42 }, // m
    { 0x006E, 42 }, // n
    { 0x006F, 36 }, // o
    { 0x0070, 36 }, // p
    { 0x0071, 46 }, // q
    { 0x0072, 47 }, // r
    { 0x0073, 48 }, // s
    { 0x0074, 49 }, // t
    { 0x0075, 50 }, // u
    { 0x0076, 51 }, // v
    { 0x0077, 52 }, // w
    { 0x0078, 53 }, // x
    { 0x0079, 51 }, // y
    { 0x007A, 54 }, // z
    { 0x00C0, 13 }, // U+00C0
    { 0x00C1, 13 }, // U+00C1
    { 0x00C2, 13 }, // U+00C2
    { 0x00C3, 13 }, // U+00C3
    { 0x00C4, 13 }, // U+00C4
    { 0x00C5, 13 }, // U+00C5
    { 0x00C6, 17 }, // U+00C6
    { 0x00C7, 15 }, // U+00C7
    { 0x00C8, 17 }, // U+00C8
    { 0x00C9, 17 }, // U+00C9
    { 0x00CA, 17 }, // U+00CA
    { 0x00CB, 17 }, // U+00CB
    { 0x00CC, 20 }, // U+00CC
    { 0x00CD, 20 }, // U+00CD
    { 0x00CE, 20 }, // U+00CE
    { 0x00CF, 20 }, // U+00CF
    { 0x00D0, 16 }, // U+00D0
    { 0x00D2, 16 }, // U+00D2
    { 0x00D3, 16 }, // U+00D3
    { 0x00D4, 16 }, // U+00D4
    { 0x00D5, 16 }, // U+00D5
    { 0x00D6, 16 }, // U+00D6
    { 0x00D8, 16 }, // U+00D8
    { 0x00D9, 29 }, // U+00D9
    { 0x00DA, 29 }, // U+00DA
    { 0x00DB, 29 }, // U+00DB
    { 0x00DC, 29 }, // U+00DC
    { 0x00DD, 33 }, // U+00DD
    { 0x00E0, 42 }, // U+00E0
    { 0x00E1, 42 }, // U+00E1
    { 0x00E2, 42 }, // U+00E2
    { 0x00E3, 42 }, // U+00E3
    { 0x00E4, 42 }, // U+00E4
    { 0x00E5, 42 }, // U+00E5
    { 0x00E6, 39 }, // U+00E6
    { 0x00E7, 37 }, // U+00E7
    { 0x00E8, 39 }, // U+00E8
    { 0x00E9, 39 }, // U+00E9
    { 0x00EA, 39 }, // U+00EA
    { 0x00EB, 39 }, // U+00EB
    { 0x00F0, 16 }, // U+00F0
    { 0x00F1, 42 }, // U+00F1
    { 0x00F2, 36 }, // U+00F2
    { 0x00F3, 36 }, // U+00F3
    { 0x00F4, 36 }, // U+00F4
    { 0x00F5, 36 }, // U+00F5
    { 0x00F6, 36 }, // U+00F6
    { 0x00F8, 36 }, // U+00F8
    { 0x00F9, 50 }, // U+00F9
    { 0x00FA, 50 }, // U+00FA
    { 0x00FB, 50 }, // U+00FB
    { 0x00FC, 50 }, // U+00FC
    { 0x00FD, 51 }, // U+00FD
    { 0x00FF, 51 }, // U+00FF
    { 0x0100, 13 }, // U+0100
    { 0x0101, 42 }, // U+0101
    { 0x0102, 13 }, // U+0102
    { 0x0103, 42 }, // U+0103
    { 0x0104, 13 }, // U+0104
    { 0x0105, 55 }, // U+0105
    { 0x0106, 15 }, // U+0106
    { 0x0107, 37 }, // U+0107
    { 0x0108, 15 }, // U+0108
    { 0x0109, 37 }, // U+0109
    { 0x010A, 15 }, // U+010A
    { 0x010B, 37 }, // U+010B
    { 0x010C, 15 }, // U+010C
    { 0x010D, 37 }, // U+010D
    { 0x010E, 16 }, // U+010E
    { 0x010F, 56 }, // U+010F
    { 0x0111, 40 }, // U+0111
    { 0x0112, 17 }, // U+0112
    { 0x0113, 39 }, // U+0113
    { 0x0114, 17 }, // U+0114
    { 0x0115, 39 }, // U+0115
    { 0x0116, 17 }, // U+0116
    { 0x0117, 39 }, // U+0117
    { 0x0118, 17 }, // U+0118
    { 0x0119, 39 }, // U+0119
    { 0x011A, 17 }, // U+011A
    { 0x011B, 39 }, // U+011B
    { 0x011C, 19 }, // U+011C
    { 0x011D, 41 }, // U+011D
    { 0x011E, 19 }, // U+011E
    { 0x011F, 41 }, // U+011F
    { 0x0120, 19 }, // U+0120
    { 0x0121, 41 }, // U+0121
    { 0x0122, 19 }, // U+0122
    { 0x0123, 41 }, // U+0123
    { 0x0125, 42 }, // U+0125
    { 0x0127, 42 }, // U+0127
    { 0x0128, 20 }, // U+0128
    { 0x012A, 20 }, // U+012A
    { 0x012C, 20 }, // U+012C
    { 0x012E, 20 }, // U+012E
    { 0x0130, 20 }, // U+0130
    { 0x0132, 21 }, // U+0132
    { 0x0133, 43 }, // U+0133
    { 0x0134, 21 }, // U+0134
    { 0x0135, 43 }, // U+0135
    { 0x0136, 22 }, // U+0136
    { 0x0137, 44 }, // U+0137
    { 0x0138, 44 }, // U+0138
    { 0x0139, 23 }, // U+0139
    { 0x013A, 57 }, // U+013A
    { 0x013B, 23 }, // U+013B
    { 0x013C, 57 }, // U+013C
    { 0x013E, 56 }, // U+013E
    { 0x013F, 23 }, // U+013F
    { 0x0141, 23 }, // U+0141
    { 0x0142, 57 }, // U+0142
    { 0x0144, 42 }, // U+0144
    { 0x0146, 42 }, // U+0146
    { 0x0148, 42 }, // U+0148
    { 0x0149, 42 }, // U+0149
    { 0x014B, 42 }, // U+014B
    { 0x014C, 16 }, // U+014C
    { 0x014D, 36 }, // U+014D
    { 0x014E, 16 }, // U+014E
    { 0x014F, 36 }, // U+014F
    { 0x0150, 16 }, // U+0150
    { 0x0151, 36 }, // U+0151
    { 0x0152, 17 }, // U+0152
    { 0x0153, 39 }, // U+0153
    { 0x0154, 26 }, // U+0154
    { 0x0155, 47 }, // U+0155
    { 0x0156, 26 }, // U+0156
    { 0x0157, 47 }, // U+0157
    { 0x0158, 26 }, // U+0158
    { 0x0159, 47 }, // U+0159
    { 0x015A, 27 }, // U+015A
    { 0x015B, 48 }, // U+015B
    { 0x015C, 27 }, // U+015C
    { 0x015D, 48 }, // U+015D
    { 0x015E, 27 }, // U+015E
    { 0x015F, 48 }, // U+015F
    { 0x0160, 27 }, // U+0160
    { 0x0161, 48 }, // U+0161
    { 0x0162, 28 }, // U+0162
    { 0x0163, 49 }, // U+0163
    { 0x0164, 28 }, // U+0164
    { 0x0165, 56 }, // U+0165
    { 0x0166, 28 }, // U+0166
    { 0x0167, 49 }, // U+0167
    { 0x0168, 29 }, // U+0168
    { 0x0169, 50 }, // U+0169
    { 0x016A, 29 }, // U+016A
    { 0x016B, 50 }, // U+016B
    { 0x016C, 29 }, // U+016C
    { 0x016D, 50 }, // U+016D
    { 0x016E, 29 }, // U+016E
    { 0x016F, 50 }, // U+016F
    { 0x0170, 29 }, // U+0170
    { 0x0171, 50 }, // U+0171
    { 0x0172, 29 }, // U+0172
    { 0x0173, 50 }, // U+0173
    { 0x0176, 33 }, // U+0176
    { 0x0177, 51 }, // U+0177
    { 0x0178, 33 }, // U+0178
    { 0x0179, 34 }, // U+0179
    { 0x017A, 54 }, // U+017A
    { 0x017B, 34 }, // U+017B
    { 0x017C, 54 }, // U+017C
    { 0x017D, 34 }, // U+017D
    { 0x017E, 54 }, // U+017E
    { 0x017F, 40 }, // U+017F
    { 0x01A0, 58 }, // U+01A0
    { 0x01A1, 59 }, // U+01A1
    { 0x01AF, 60 }, // U+01AF
    { 0x01B0, 61 }, // U+01B0
    { 0x01C4, 34 }, // U+01C4
    { 0x01C5, 54 }, // U+01C5
    { 0x01C6, 54 }, // U+01C6
    { 0x01C7, 21 }, // U+01C7
    { 0x01C8, 43 }, // U+01C8
    { 0x01C9, 43 }, // U+01C9
    { 0x01CA, 21 }, // U+01CA
    { 0x01CB, 43 }, // U+01CB
    { 0x01CC, 43 }, // U+01CC
    { 0x01CD, 13 }, // U+01CD
    { 0x01CE, 42 }, // U+01CE
    { 0x01D3, 29 }, // U+01D3
    { 0x01D4, 50 }, // U+01D4
    { 0x01E6, 19 }, // U+01E6
    { 0x01E7, 41 }, // U+01E7
    { 0x01EA, 16 }, // U+01EA
    { 0x01EB, 36 }, // U+01EB
    { 0x01F1, 34 }, // U+01F1
    { 0x01F2, 54 }, // U+01F2
    { 0x01F3, 54 }, // U+01F3
    { 0x01FB, 42 }, // U+01FB
    { 0x01FC, 17 }, // U+01FC
    { 0x01FD, 39 }, // U+01FD
    { 0x01FE, 16 }, // U+01FE
    { 0x01FF, 36 }, // U+01FF
    { 0x0218, 27 }, // U+0218
    { 0x0219, 48 }, // U+0219
    { 0x021A, 28 }, // U+021A
    { 0x021B, 49 }, // U+021B
    { 0x021F, 42 }, // U+021F
    { 0x1EA0, 13 }, // U+1EA0
    { 0x1EA1, 42 }, // U+1EA1
    { 0x1EA2, 13 }, // U+1EA2
    { 0x1EA3, 42 }, // U+1EA3
    { 0x1EA4, 13 }, // U+1EA4
    { 0x1EA5, 42 }, // U+1EA5
    { 0x1EA6, 13 }, // U+1EA6
    { 0x1EA7, 42 }, // U+1EA7
    { 0x1EA8, 13 }, // U+1EA8
    { 0x1EA9, 42 }, // U+1EA9
    { 0x1EAA, 13 }, // U+1EAA
    { 0x1EAB, 42 }, // U+1EAB
    { 0x1EAC, 13 }, // U+1EAC
    { 0x1EAD, 42 }, // U+1EAD
    { 0x1EAE, 13 }, // U+1EAE
    { 0x1EAF, 42 }, // U+1EAF
    { 0x1EB0, 13 }, // U+1EB0
    { 0x1EB1, 42 }, // U+1EB1
    { 0x1EB2, 13 }, // U+1EB2
    { 0x1EB3, 42 }, // U+1EB3
    { 0x1EB4, 13 }, // U+1EB4
    { 0x1EB5, 42 }, // U+1EB5
    { 0x1EB6, 13 }, // U+1EB6
    { 0x1EB7, 42 }, // U+1EB7
    { 0x1EB8, 17 }, // U+1EB8
    { 0x1EB9, 39 }, // U+1EB9
    { 0x1EBA, 17 }, // U+1EBA
    { 0x1EBB, 39 }, // U+1EBB
    { 0x1EBC, 17 }, // U+1EBC
    { 0x1EBD, 39 }, // U+1EBD
    { 0x1EBE, 17 }, // U+1EBE
    { 0x1EC0, 17 }, // U+1EC0
    { 0x1EC2, 17 }, // U+1EC2
    { 0x1EC4, 17 }, // U+1EC4
    { 0x1EC6, 17 }, // U+1EC6
    { 0x1EC7, 39 }, // U+1EC7
    { 0x1EC8, 20 }, // U+1EC8
    { 0x1ECA, 20 }, // U+1ECA
    { 0x1ECC, 16 }, // U+1ECC
    { 0x1ECD, 36 }, // U+1ECD
    { 0x1ECE, 16 }, // U+1ECE
    { 0x1ECF, 36 }, // U+1ECF
    { 0x1ED0, 16 }, // U+1ED0
    { 0x1ED2, 16 }, // U+1ED2
    { 0x1ED4, 16 }, // U+1ED4
    { 0x1ED6, 16 }, // U+1ED6
    { 0x1ED7, 36 }, // U+1ED7
    { 0x1ED8, 16 }, // U+1ED8
    { 0x1ED9, 36 }, // U+1ED9
    { 0x1EDA, 58 }, // U+1EDA
    { 0x1EDB, 59 }, // U+1EDB
    { 0x1EDC, 58 }, // U+1EDC
    { 0x1EDD, 59 }, // U+1EDD
    { 0x1EDE, 58 }, // U+1EDE
    { 0x1EDF, 59 }, // U+1EDF
    { 0x1EE0, 58 }, // U+1EE0
    { 0x1EE1, 59 }, // U+1EE1
    { 0x1EE2, 58 }, // U+1EE2
    { 0x1EE3, 59 }, // U+1EE3
    { 0x1EE8, 60 }, // U+1EE8
    { 0x1EE9, 61 }, // U+1EE9
    { 0x1EEA, 60 }, // U+1EEA
    { 0x1EEB, 61 }, // U+1EEB
    { 0x1EEC, 60 }, // U+1EEC
    { 0x1EED, 61 }, // U+1EED
    { 0x1EEE, 60 }, // U+1EEE
    { 0x1EEF, 61 }, // U+1EEF
    { 0x1EF0, 60 }, // U+1EF0
    { 0x1EF1, 61 }, // U+1EF1
    { 0x1EF2, 33 }, // U+1EF2
    { 0x1EF3, 51 }, // U+1EF3
    { 0x1EF4, 33 }, // U+1EF4
    { 0x1EF5, 51 }, // U+1EF5
    { 0x1EF6, 33 }, // U+1EF6
    { 0x1EF7, 51 }, // U+1EF7
    { 0x1EF8, 33 }, // U+1EF8
    { 0x1EF9, 51 }, // U+1EF9
    { 0x2013, 3 }, // U+2013
    { 0x2014, 3 }, // U+2014
    { 0x2019, 62 }, // U+2019
    { 0x201A, 2 }, // U+201A
    { 0x201D, 62 }, // U+201D
    { 0x201E, 2 }, // U+201E
    { 0x2026, 2 }, // U+2026
    { 0x20AB, 40 }, // U+20AB
    { 0xFB00, 40 }, // U+FB00
    { 0xFB02, 57 }, // U+FB02
    { 0xFB04, 57 }, // U+FB04
};

static const EpdKernClassEntry lexica_13_bolditalicKernRightClasses[] = {
    { 0x0025, 1 }, // %
    { 0x0029, 2 }, // )
    { 0x002C, 3 }, // ,
    { 0x002D, 4 }, // -
    { 0x002E, 3 }, // .
    { 0x002F, 5 }, // /
    { 0x0031, 6 }, // 1
    { 0x0032, 7 }, // 2
    { 0x0034, 8 }, // 4
    { 0x0037, 9 }, // 7
    { 0x0038, 10 }, // 8
    { 0x0039, 11 }, // 9
    { 0x0041, 12 }, // A
    { 0x0043, 13 }, // C
    { 0x0047, 13 }, // G
    { 0x0049, 14 }, // I
    { 0x004A, 15 }, // J
    { 0x004F, 13 }, // O
    { 0x0051, 13 }, // Q
    { 0x0053, 16 }, // S
    { 0x0054, 17 }, // T
    { 0x0055, 18 }, // U
    { 0x0056, 19 }, // V
    { 0x0057, 20 }, // W
    { 0x0058, 21 }, // X
    { 0x0059, 22 }, // Y
    { 0x005A, 23 }, // Z
    { 0x0061, 24 }, // a
    { 0x0063, 25 }, // c
    { 0x0064, 25 }, // d
    { 0x0065, 25 }, // e
    { 0x0066, 26 }, // f
    { 0x0067, 27 }, // g
    { 0x0068, 28 }, // h
    { 0x0069, 29 }, // i
    { 0x006A, 30 }, // j
    { 0x006B, 28 }, // k
    { 0x006C, 31 }, // l
    { 0x006D, 32 }, // m
    { 0x006E, 32 }, // n
    { 0x006F, 25 }, // o
    { 0x0070, 33 }, // p
    { 0x0071, 25 }, // q
    { 0x0072, 32 }, // r
    { 0x0073, 34 }, // s
    { 0x0074, 35 }, // t
    { 0x0075, 36 }, // u
    { 0x0076, 37 }, // v
    { 0x0077, 38 }, // w
    { 0x0078, 39 }, // x
    { 0x0079, 37 }, // y
    { 0x007A, 40 }, // z
    { 0x00B0, 41 }, // U+00B0
    { 0x00C0, 12 }, // U+00C0
    { 0x00C1, 12 }, // U+00C1
    { 0x00C2, 12 }, // U+00C2
    { 0x00C3, 12 }, // U+00C3
    { 0x00C4, 12 }, // U+00C4
    { 0x00C5, 12 }, // U+00C5
    { 0x00C6, 42 }, // U+00C6
    { 0x00C7, 13 }, // U+00C7
    { 0x00CC, 14 }, // U+00CC
    { 0x00CD, 14 }, // U+00CD
    { 0x00CE, 14 }, // U+00CE
    { 0x00CF, 14 }, // U+00CF
    { 0x00D2, 13 }, // U+00D2
    { 0x00D3, 13 }, // U+00D3
    { 0x00D4, 13 }, // U+00D4
    { 0x00D5, 13 }, // U+00D5
    { 0x00D6, 13 }, // U+00D6
    { 0x00D8, 13 }, // U+00D8
    { 0x00D9, 18 }, // U+00D9
    { 0x00DA, 18 }, // U+00DA
    { 0x00DB, 18 }, // U+00DB
    { 0x00DC, 18 }, // U+00DC
    { 0x00DD, 43 }, // U+00DD
    { 0x00E0, 24 }, // U+00E0
    { 0x00E1, 24 }, // U+00E1
    { 0x00E2, 24 }, // U+00E2
    { 0x00E3, 24 }, // U+00E3
    { 0x00E4, 24 }, // U+00E4
    { 0x00E5, 24 }, // U+00E5
    { 0x00E6, 24 }, // U+00E6
    { 0x00E7, 25 }, // U+00E7
    { 0x00E8, 25 }, // U+00E8
    { 0x00E9, 25 }, // U+00E9
    { 0x00EA, 25 }, // U+00EA
    { 0x00EB, 25 }, // U+00EB
    { 0x00EC, 29 }, // U+00EC
    { 0x00ED, 29 }, // U+00ED
    { 0x00EE, 29 }, // U+00EE
    { 0x00EF, 29 }, // U+00EF
    { 0x00F0, 25 }, // U+00F0
    { 0x00F1, 32 }, // U+00F1
    { 0x00F2, 25 }, // U+00F2
    { 0x00F3, 25 }, // U+00F3
    { 0x00F4, 25 }, // U+00F4
    { 0x00F5, 25 }, // U+00F5
    { 0x00F6, 25 }, // U+00F6
    { 0x00F8, 25 }, // U+00F8
    { 0x00F9, 36 }, // U+00F9
    { 0x00FA, 36 }, // U+00FA
    { 0x00FB, 36 }, // U+00FB
    { 0x00FC, 36 }, // U+00FC
    { 0x00FD, 37 }, // U+00FD
    { 0x00FF, 37 }, // U+00FF
    { 0x0100, 12 }, // U+0100
    { 0x0101, 24 }, // U+0101
    { 0x0102, 12 }, // U+0102
    { 0x0103, 24 }, // U+0103
    { 0x0104, 12 }, // U+0104
    { 0x0105, 24 }, // U+0105
    { 0x0106, 13 }, // U+0106
    { 0x0107, 25 }, // U+0107
    { 0x0108, 13 }, // U+0108
    { 0x0109, 25 }, // U+0109
    { 0x010A, 13 }, // U+010A
    { 0x010B, 25 }, // U+010B
    { 0x010C, 13 }, // U+010C
    { 0x010D, 25 }, // U+010D
    { 0x010F, 25 }, // U+010F
    { 0x0111, 25 }, // U+0111
    { 0x0113, 25 }, // U+0113
    { 0x0115, 25 }, // U+0115
    { 0x0117, 25 }, // U+0117
    { 0x0119, 25 }, // U+0119
    { 0x011B, 25 }, // U+011B
    { 0x011C, 13 }, // U+011C
    { 0x011D, 27 }, // U+011D
    { 0x011E, 13 }, // U+011E
    { 0x011F, 27 }, // U+011F
    { 0x0120, 13 }, // U+0120
    { 0x0121, 27 }, // U+0121
    { 0x0122, 13 }, // U+0122
    { 0x0123, 27 }, // U+0123
    { 0x0125, 28 }, // U+0125
    { 0x0127, 28 }, // U+0127
    { 0x0128, 14 }, // U+0128
    { 0x0129, 29 }, // U+0129
    { 0x012A, 14 }, // U+012A
    { 0x012B, 29 }, // U+012B
    { 0x012C, 14 }, // U+012C
    { 0x012D, 29 }, // U+012D
    { 0x012E, 14 }, // U+012E
    { 0x012F, 29 }, // U+012F
    { 0x0130, 14 }, // U+0130
    { 0x0131, 29 }, // U+0131
    { 0x0132, 14 }, // U+0132
    { 0x0133, 29 }, // U+0133
    { 0x0134, 15 }, // U+0134
    { 0x0135, 44 }, // U+0135
    { 0x0137, 28 }, // U+0137
    { 0x0138, 28 }, // U+0138
    { 0x013A, 31 }, // U+013A
    { 0x013C, 31 }, // U+013C
    { 0x013E, 31 }, // U+013E
    { 0x0140, 31 }, // U+0140
    { 0x0142, 31 }, // U+0142
    { 0x0144, 32 }, // U+0144
    { 0x0146, 32 }, // U+0146
    { 0x0148, 32 }, // U+0148
    { 0x014B, 32 }, // U+014B
    { 0x014C, 13 }, // U+014C
    { 0x014D, 25 }, // U+014D
    { 0x014E, 13 }, // U+014E
    { 0x014F, 25 }, // U+014F
    { 0x0150, 13 }, // U+0150
    { 0x0151, 25 }, // U+0151
    { 0x0152, 13 }, // U+0152
    { 0x0153, 25 }, // U+0153
    { 0x0155, 32 }, // U+0155
    { 0x0157, 32 }, // U+0157
    { 0x0159, 32 }, // U+0159
    { 0x015A, 16 }, // U+015A
    { 0x015B, 34 }, // U+015B
    { 0x015C, 16 }, // U+015C
    { 0x015D, 34 }, // U+015D
    { 0x015E, 16 }, // U+015E
    { 0x015F, 34 }, // U+015F
    { 0x0160, 16 }, // U+0160
    { 0x0161, 34 }, // U+0161
    { 0x0162, 45 }, // U+0162
    { 0x0163, 35 }, // U+0163
    { 0x0164, 45 }, // U+0164
    { 0x0165, 35 }, // U+0165
    { 0x0166, 45 }, // U+0166
    { 0x0167, 35 }, // U+0167
    { 0x0168, 18 }, // U+0168
    { 0x0169, 36 }, // U+0169
    { 0x016A, 18 }, // U+016A
    { 0x016B, 36 }, // U+016B
    { 0x016C, 18 }, // U+016C
    { 0x016D, 36 }, // U+016D
    { 0x016E, 18 }, // U+016E
    { 0x016F, 36 }, // U+016F
    { 0x0170, 18 }, // U+0170
    { 0x0171, 36 }, // U+0171
    { 0x0172, 18 }, // U+0172
    { 0x0173, 36 }, // U+0173
    { 0x0176, 43 }, // U+0176
    { 0x0177, 37 }, // U+0177
    { 0x0178, 43 }, // U+0178
    { 0x0179, 23 }, // U+0179
    { 0x017A, 40 }, // U+017A
    { 0x017B, 23 }, // U+017B
    { 0x017C, 40 }, // U+017C
    { 0x017D, 23 }, // U+017D
    { 0x017E, 40 }, // U+017E
    { 0x017F, 26 }, // U+017F
    { 0x01A0, 13 }, // U+01A0
    { 0x01A1, 25 }, // U+01A1
    { 0x01C9, 31 }, // U+01C9
    { 0x01CC, 32 }, // U+01CC
    { 0x01CD, 12 }, // U+01CD
    { 0x01CE, 24 }, // U+01CE
    { 0x01D3, 18 }, // U+01D3
    { 0x01D4, 36 }, // U+01D4
    { 0x01E6, 13 }, // U+01E6
    { 0x01E7, 27 }, // U+01E7
    { 0x01EA, 13 }, // U+01EA
    { 0x01EB, 25 }, // U+01EB
    { 0x01FA, 12 }, // U+01FA
    { 0x01FB, 24 }, // U+01FB
    { 0x01FC, 42 }, // U+01FC
    { 0x01FD, 24 }, // U+01FD
    { 0x01FE, 13 }, // U+01FE
    { 0x01FF, 25 }, // U+01FF
    { 0x0218, 16 }, // U+0218
    { 0x0219, 34 }, // U+0219
    { 0x021A, 45 }, // U+021A
    { 0x021B, 35 }, // U+021B
    { 0x021F, 28 }, // U+021F
    { 0x1EA0, 12 }, // U+1EA0
    { 0x1EA1, 24 }, // U+1EA1
    { 0x1EA2, 12 }, // U+1EA2
    { 0x1EA3, 24 }, // U+1EA3
    { 0x1EA4, 12 }, // U+1EA4
    { 0x1EA5, 24 }, // U+1EA5
    { 0x1EA6, 12 }, // U+1EA6
    { 0x1EA7, 24 }, // U+1EA7
    { 0x1EA8, 12 }, // U+1EA8
    { 0x1EA9, 24 }, // U+1EA9
    { 0x1EAA, 12 }, // U+1EAA
    { 0x1EAB, 24 }, // U+1EAB
    { 0x1EAC, 12 }, // U+1EAC
    { 0x1EAD, 24 }, // U+1EAD
    { 0x1EAE, 12 }, // U+1EAE
    { 0x1EAF, 24 }, // U+1EAF
    { 0x1EB0, 12 }, // U+1EB0
    { 0x1EB1, 24 }, // U+1EB1
    { 0x1EB2, 12 }, // U+1EB2
    { 0x1EB3, 24 }, // U+1EB3
    { 0x1EB4, 12 }, // U+1EB4
    { 0x1EB5, 24 }, // U+1EB5
    { 0x1EB6, 12 }, // U+1EB6
    { 0x1EB7, 24 }, // U+1EB7
    { 0x1EB9, 25 }, // U+1EB9
    { 0x1EBB, 25 }, // U+1EBB
    { 0x1EBD, 25 }, // U+1EBD
    { 0x1EBF, 25 }, // U+1EBF
    { 0x1EC1, 25 }, // U+1EC1
    { 0x1EC3, 25 }, // U+1EC3
    { 0x1EC5, 25 }, // U+1EC5
    { 0x1EC7, 25 }, // U+1EC7
    { 0x1EC8, 14 }, // U+1EC8
    { 0x1EC9, 29 }, // U+1EC9
    { 0x1ECA, 14 }, // U+1ECA
    { 0x1ECB, 29 }, // U+1ECB
    { 0x1ECC, 13 }, // U+1ECC
    { 0x1ECD, 25 }, // U+1ECD
    { 0x1ECE, 13 }, // U+1ECE
    { 0x1ECF, 25 }, // U+1ECF
    { 0x1ED0, 13 }, // U+1ED0
    { 0x1ED1, 25 }, // U+1ED1
    { 0x1ED2, 13 }, // U+1ED2
    { 0x1ED3, 25 }, // U+1ED3
    { 0x1ED4, 13 }, // U+1ED4
    { 0x1ED5, 25 }, // U+1ED5
    { 0x1ED6, 13 }, // U+1ED6
    { 0x1ED7, 25 }, // U+1ED7
    { 0x1ED8, 13 }, // U+1ED8
    { 0x1ED9, 25 }, // U+1ED9
    { 0x1EDA, 13 }, // U+1EDA
    { 0x1EDB, 25 }, // U+1EDB
    { 0x1EDC, 13 }, // U+1EDC
    { 0x1EDD, 25 }, // U+1EDD
    { 0x1EDE, 13 }, // U+1EDE
    { 0x1EDF, 25 }, // U+1EDF
    { 0x1EE0, 13 }, // U+1EE0
    { 0x1EE1, 25 }, // U+1EE1
    { 0x1EE2, 13 }, // U+1EE2
    { 0x1EE3, 25 }, // U+1EE3
    { 0x1EE4, 18 }, // U+1EE4
    { 0x1EE5, 36 }, // U+1EE5
    { 0x1EE6, 18 }, // U+1EE6
    { 0x1EE7, 36 }, // U+1EE7
    { 0x1EE8, 18 }, // U+1EE8
    { 0x1EE9, 36 }, // U+1EE9
    { 0x1EEA, 18 }, // U+1EEA
    { 0x1EEB, 36 }, // U+1EEB
    { 0x1EEC, 18 }, // U+1EEC
    { 0x1EED, 36 }, // U+1EED
    { 0x1EEE, 18 }, // U+1EEE
    { 0x1EEF, 36 }, // U+1EEF
    { 0x1EF0, 18 }, // U+1EF0
    { 0x1EF1, 36 }, // U+1EF1
    { 0x1EF2, 43 }, // U+1EF2
    { 0x1EF3, 37 }, // U+1EF3
    { 0x1EF4, 43 }, // U+1EF4
    { 0x1EF5, 37 }, // U+1EF5
    { 0x1EF6, 43 }, // U+1EF6
    { 0x1EF7, 37 }, // U+1EF7
    { 0x1EF8, 43 }, // U+1EF8
    { 0x1EF9, 37 }, // U+1EF9
    { 0x2013, 4 }, // U+2013
    { 0x2014, 4 }, // U+2014
    { 0x2019, 46 }, // U+2019
    { 0x201A, 3 }, // U+201A
    { 0x201D, 46 }, // U+201D
    { 0x201E, 3 }, // U+201E
    { 0x2026, 3 }, // U+2026
    { 0x2030, 1 }, // U+2030
    { 0x20AB, 25 }, // U+20AB
    { 0x2202, 25 }, // U+2202
    { 0xFB00, 26 }, // U+FB00
    { 0xFB01, 26 }, // U+FB01
    { 0xFB02, 26 }, // U+FB02
    { 0xFB03, 26 }, // U+FB03
    { 0xFB04, 26 }, // U+FB04
};

static const int8_t lexica_13_bolditalicKernMatrix[] = {
       0,    0,    0,    0,    0,    0,    0,    0,   13,    0,    0,    0,    0,    0,    0,    0,    0,    0,    0,    0,    0,    0,    0,    0,    0,    0,    0,    0,    0,    0,    0,    0,    0,    0,    0,    0,    0,    0,    0,    0,    0,    0,    0,    0,    0,    0,
       0,    0,    0,    0,    0,    0,    0,    0,    0,    0,    0,    0,    0,    0,    0,    0,    0,    0,    0,    0,    0,    0,    0,    0,    0,    0,   -9,    0,    0,    0,    0,    0,    0,    0,    0,    0,    0,    0,    0,    0,    0,    0,    0,    0,    0,    0,
       0,    0,    0,    0,    0,  -20,  -13,   13,  -24,    0,    0,    0,    0,    0,    0,    0,    0,    0,    0,    0,    0,    0,    0,    0,    0,    0,    0,    0,    0,    0,    0,    0,    0,    0,    0,    0,    0,    0,    0,    0,    0,    0,    0,    0,    0,    0,
       0,    0,    0,    0,  -52,    0,    0,    0,    0,    0,    0,    0,    0,    0,    0,    0,    0,    0,    0,    0,    0,    0,    0,    0,    0,    0,    0,    0,    0,    0,    0,    0,    0,    0,    0,    0,    0,    0,    0,    0,    0,    0,    0,    0,    0,    0,
       0,    7,    0,    0,    0,    0,    0,    0,    0,    0,    0,    0,    0,    0,    0,    0,    0,    0,    0,    0,    0,    0,    0,    0,    0,    0,    0,    0,    0,    0,    0,    0,    0,    0,    0,    0,    0,    0,    0,    0,    0,    0,    0,    0,    0,    0,
       0,    0,    0,    0,    0,    0,    0,   -3,    0,    0,    0,    0,    0,    0,    0,    0,    0,    0,    0,    0,    0,    0,    0,    0,    0,    0,    0,    0,    0,    0,    0,    0,    0,    0,    0,    0,    0,    0,    0,    0,    0,    0,    0,    0,    0,    0,
     -10,    0,    0,    0,    0,    0,    0,    9,    0,    0,  -10,    0,    0,    0,    0,    0,    0,    0,    0,    0,    0,    0,    0,    0,    0,    0,    0,    0,    0,    0,    0,    0,    0,    0,    0,    0,    0,    0,    0,    0,  -33,    0,    0,    0,    0,    0,
      -3,    0,    0,    0,    0,    0,    0,    0,    0,    0,  -12,    0,    0,    0,    0,    0,    0,    0,    0,    0,    0,    0,    0,    0,    0,    0,    0,    0,    0,    0,    0,    0,    0,    0,    0,    0,    0,    0,    0,    0,    0,    0,    0,    0,    0,    0,
     -17,    0,    0,    0,    0,  -10,   -8,    0,    0,    0,    0,    0,    0,    0,    0,    0,    0,    0,    0,    0,    0,    0,    0,    0,    0,    0,    0,    0,    0,    0,    0,    0,    0,    0,    0,    0,    0,    0,    0,    0,    0,    0,    0,    0,    0,    0,
      13,    0,    0,  -24,    0,    0,    0,  -16,   16,  -12,    0,    0,    0,    0,    0,    0,    0,    0,    0,    0,    0,    0,    0,    0,    0,    0,    0,    0,    0,    0,    0,    0,    0,    0,    0,    0,    0,    0,    0,    0,    0,    0,    0,    0,    0,    0,
     -26,    0,    0,    0,    0,  -12,    0,    0,   -8,    0,  -10,    0,    0,    0,    0,    0,    0,    0,    0,    0,    0,    0,    0,    0,    0,    0,    0,    0,    0,    0,    0,    0,    0,    0,    0,    0,    0,    0,    0,    0,  -12,    0,    0,    0,    0,    0,
       0,    0,    0,    0,    0,    0,    0,  -10,   -8,  -10,    0,    0,    0,    0,    0,    0,    0,    0,    0,    0,    0,    0,    0,    0,    0,    0,    0,    0,    0,    0,    0,    0,    0,    0,    0,    0,    0,    0,    0,    0,    0,    0,    0,    0,    0,    0,
       0,    0,    0,    0,    0,    0,    0,    0,    0,    0,    0,    8,  -16,    0,    0,    0,  -29,  -12,  -29,  -20,    0,  -29,    0,    0,    0,    0,    0,    0,    0,    0,   -9,    0,    0,    0,  -12,  -10,  -17,  -19,    9,    0,    0,    0,  -29,    0,  -29,    0,
       0,    0,    0,    0,    0,    0,    0,    0,    0,    0,    0,   -8,    0,    0,    0,    0,    0,    0,   -8,    0,   -8,  -12,    0,   -6,    0,    0,    0,    0,    0,    0,    0,    0,    0,    0,    0,    0,    0,    0,    0,    0,    0,  -18,  -12,    0,    0,    0,
       0,    0,    0,    0,    0,    0,    0,    0,    0,    0,    0,    0,   -8,    0,    0,    0,    0,    0,    0,    0,    0,  -10,    0,    0,    0,    0,    0,    0,    0,    0,    0,    0,    0,    0,    0,    0,    0,    0,    0,    0,    0,  -18,  -10,    0,    0,    0,
       0,    0,    0,    0,    0,    0,    0,    0,    0,    0,    0,  -16,    0,  -12,    0,    0,  -16,    0,  -12,   -8,   -8,  -20,   -8,  -12,    0,    0,    0,    0,    0,    0,    0,    0,    0,    0,    0,    0,    0,    0,    0,   -8,    0,  -30,  -20,    0,  -16,    0,
       0,    0,    0,    0,    0,    0,    0,    0,    0,    0,    0,    0,   -8,    0,    0,    0,    0,    0,    7,    8,    0,    0,    0,    0,    0,    0,    0,    0,    0,    0,    0,    0,    0,    0,    0,    0,    0,    0,    0,    0,    0,    0,    0,    0,    0,    0,
       0,    0,    0,    0,    0,    0,    0,    0,    0,    0,    0,  -16,    0,    0,  -14,    0,   10,    0,    0,    0,    0,    0,    0,  -10,    0,    0,    0,    0,    0,    0,    0,    0,    0,    0,    0,    0,    0,    0,    0,    0,    0,  -49,    0,    0,   10,    0,
       0,    0,    0,    0,    0,    0,    0,    0,    0,    0,    0,    0,    0,    0,    0,    0,   -8,    0,  -12,    0,    0,  -20,    0,    0,    0,    0,    0,    0,    0,    0,    0,    0,    0,    0,    0,    0,    0,    0,    0,    0,    0,    0,  -20,    0,   -8,    0,
       0,    0,    0,    0,    0,    0,    0,    0,    0,    0,    0,    0,  -12,    0,    0,    0,    0,    0,    0,    0,    0,    0,    0,    0,    0,   -9,    0,    0,    0,    0,    0,    0,    0,    0,  -12,    0,    0,    0,    0,    0,    0,  -12,    0,    0,    0,    0,
       0,    0,    0,    0,    0,    0,    0,    0,    0,    0,    0,  -12,    0,    0,    0,    0,    0,    0,    0,    0,    0,    0,    0,    0,    0,    0,    0,    0,    0,    0,    0,    0,    0,    0,    0,    0,    0,    0,    0,    0,    0,    0,    0,    0,    0,    0,
       0,    0,    0,    0,    0,    0,    0,    0,    0,    0,    0,    0,  -20,    0,    0,    0,    0,    0,    0,    0,    0,    0,    0,    0,   -8,    0,    0,    0,    0,    0,    0,    0,    0,    0,    0,  -19,  -22,  -22,    0,    0,    0,    0,    0,    0,    0,    0,
       0,    0,    0,    0,    0,    0,    0,    0,    0,    0,    0,   12,  -16,    0,   12,    0,  -45,   -9,  -29,  -16,   12,  -37,    0,    0,    0,    0,    0,    0,   -8,    0,    0,    0,    0,    0,    0,    0,  -16,  -20,   12,    0,    0,    0,  -37,    0,  -45,    0,
       0,    0,    0,    0,    0,    0,    0,    0,    0,    0,    0,  -36,    0,    0,  -29,    0,    0,    0,    0,    0,  -13,   -8,   -8,  -12,    0,    0,    0,    0,    0,    0,    0,    0,    0,   -8,    0,    0,    0,    0,    0,    0,    0,  -64,   -8,    0,    0,    0,
       0,    0,    0,    0,    0,    0,    0,    0,    0,    0,    0,   12,    0,    0,    0,    0,    0,   -3,    0,    0,    8,  -16,    0,    0,    0,    0,    0,    0,    0,    0,    0,    0,    0,    0,    0,    0,    0,    0,    8,    8,    0,    0,  -16,    0,    0,    0,
       0,    0,    0,    0,    0,    0,    0,    0,    0,    0,    0,    8,   -9,    0,    0,    0,    0,    0,    0,    0,    0,   -7,    0,    0,    0,    0,   -8,    0,    0,    0,    0,    0,    0,    0,    0,   -8,    0,    0,    0,    0,    0,    0,   -7,    0,    0,    0,
       0,    0,    0,    0,    0,    0,    0,    0,    0,    0,    0,    0,    0,    0,    0,    0,    0,    0,    0,   -8,    0,   -6,    0,    0,    0,    0,    0,    0,    0,    0,    0,    0,    0,    0,    0,    0,    0,    0,    0,    0,    0,  -12,   -6,    0,    0,    0,
       0,    0,    0,    0,    0,    0,    0,    0,    0,    0,    0,  -29,  -16,    0,  -45,    0,   10,    0,   16,   12,    0,    8,    0,  -36,  -37,    8,  -35,    0,    0,    0,    0,  -29,  -29,  -21,    0,  -25,   -4,   -4,   -9,  -13,    0,  -54,    8,    0,   10,    0,
       0,    0,    0,    0,    0,    0,    0,    0,    0,    0,    0,  -12,    0,    0,    0,    0,    0,    0,    0,    0,    0,    0,    0,    0,    0,    0,    0,    0,    0,    0,    0,    0,    0,    0,    0,    0,    0,    0,    0,    0,    0,  -39,    0,    0,    0,    0,
       0,    0,    0,    0,    0,    0,    0,    0,    0,    0,    0,  -29,  -12,    0,  -16,    0,   16,    0,    8,    8,    0,    8,    0,  -16,  -20,    0,  -16,    0,    0,    0,    0,   -8,   -8,   -8,    0,    0,    0,    0,    0,    0,    0,  -41,    8,    0,   16,    0,
       0,    0,    0,    0,    0,    0,    0,    0,    0,    0,    0,  -20,   -8,    0,  -12,    0,   12,    0,    8,    8,    0,    0,    0,  -12,  -10,    0,  -12,    0,    0,    0,    0,    0,    0,    0,    0,    0,    0,    0,    0,    0,    0,  -38,    0,    0,   12,    0,
       0,    0,    0,    0,    0,    0,    0,    0,    0,    0,    0,    0,  -12,    0,    0,    0,    0,    0,    0,    0,    0,    0,    0,   -8,   -9,    0,   -8,    0,    0,    0,    0,    0,    0,    0,    0,  -12,   -8,    0,    0,    0,    0,    0,    0,    0,    0,    0,
       0,    0,    0,    0,    0,    0,    0,    0,    0,    0,    0,  -29,  -20,    0,  -25,    0,    8,    0,    8,    0,    0,    0,    0,  -33,  -37,    0,  -37,    0,    0,    0,    0,  -19,  -19,  -25,    0,  -16,    0,    0,   -8,   -8,    0,  -70,    0,    0,    8,    0,
       0,    0,    0,    0,    0,    0,    0,    0,    0,    0,    0,    0,  -12,    0,    0,    0,    0,    0,    0,    0,    0,    0,    0,    0,    0,    0,  -12,    0,    0,    0,    0,    0,    0,    0,  -12,    0,    0,    0,    0,    0,    0,    0,    0,    0,    0,    0,
       0,    0,    0,    0,    0,    0,    0,    0,    0,    0,    0,    0,    0,    0,    0,    0,  -36,    0,    0,    0,    0,  -24,    0,    0,    0,    0,    0,    0,    0,    0,    0,    0,    0,    0,    0,    0,    0,    0,    0,    0,    0,    0,    0,    0,    0,    0,
       0,    0,    0,    0,    0,    0,    0,    0,    0,    0,    0,    0,    0,    0,    0,    0,  -37,    0,  -20,  -10,   -9,  -37,    0,    0,    0,    0,    0,    0,    0,    0,    0,    0,    0,    0,    0,    0,    0,    0,    0,    0,    0,  -17,  -37,    0,  -37,    0,
       0,    0,    0,    0,    0,    0,    0,    0,    0,    0,    0,    0,    0,    0,    0,    0,  -25,    0,    0,  -12,    0,  -33,    0,    0,    0,    0,    0,    0,    0,    0,    0,    0,    0,    0,    0,    0,    0,    0,    0,    0,    0,   -5,  -33,    0,  -25,    0,
       0,    0,    0,    0,    0,    0,    0,    0,    0,    0,    0,    0,    0,    0,    0,    0,    0,    0,    0,    0,    0,    0,    0,    0,    0,    0,    0,    0,    0,    7,    0,    0,    0,    0,    0,    0,    0,    0,    0,    0,    0,    0,    0,    0,    0,    0,
       0,    0,    0,    0,    0,    0,    0,    0,    0,    0,    0,    0,    0,    0,    0,    0,  -29,    0,  -16,  -12,   -8,  -33,    0,    0,    0,    0,    0,    0,    0,    0,    0,    0,    0,    0,    0,    0,    0,    0,    0,    0,    0,  -13,  -33,    0,  -29,    0,
       0,    0,    0,    0,    0,    0,    0,    0,    0,    0,    0,    0,    0,    0,    0,    0,   12,    0,    0,    8,    0,    0,    0,  -13,   -9,    0,    0,    0,    0,    0,    0,    0,    0,    0,    0,    0,    0,    0,    0,    0,    0,  -36,    0,    0,   12,    0,
       0,    0,    0,    0,    0,    0,    0,    0,    0,    0,    0,    0,    0,    0,    0,    0,    0,    0,    0,    0,    0,  -20,    0,    0,    0,    0,    0,    0,    0,    0,    0,    0,    0,    0,    0,    0,    0,    0,    0,    0,    0,    0,  -20,    0,    0,    0,
       0,    0,    0,    0,    0,    0,    0,    0,    0,    0,    0,    0,    0,    0,    0,    0,  -30,    0,  -13,  -12,    0,  -29,    0,    0,   -5,    0,   -6,    0,    0,    0,    0,    0,    0,    0,   -6,    0,    0,    0,    0,    0,    0,   -8,  -29,    0,  -30,    0,
       0,    0,    0,    0,    0,    0,    0,    0,    0,    0,    0,    0,    0,    0,    0,    0,    0,    0,    0,    0,    0,    0,    0,    0,    0,    0,    0,    0,    0,   10,    0,    0,    0,    0,    0,    0,    0,    0,    0,    0,    0,    0,    0,   10,    0,    0,
       0,    0,    0,    0,    0,    0,    0,    0,    0,    0,    0,   12,   -8,    0,    0,    0,    0,    0,    0,    0,    0,    0,    0,    0,   -6,    0,    0,    0,    0,    0,    0,    0,    0,    0,   -5,    0,    0,    0,    0,    0,    0,    0,    0,    0,    0,    0,
       0,    0,   15,    0,    0,    0,    0,    0,    0,    0,    0,    0,    0,    0,    0,    0,    0,    0,    0,    0,    8,    0,    0,    0,    0,    0,    0,    0,   -8,    0,    0,    0,    5,    0,    0,    0,    5,    0,    0,    0,    0,    5,    0,    0,    0,    0,
       0,    0,    0,    0,    0,    0,    0,    0,    0,    0,    0,    0,    0,    0,    0,    0,  -20,    0,    0,    0,    0,  -12,    0,    0,    0,    0,    0,    0,    0,    0,    0,    0,    0,    0,    0,    0,    0,    0,    0,    0,    0,    0,  -12,    0,  -20,    0,
       0,    0,    0,    0,    0,    0,    0,    0,    0,    0,    0,    0,    0,    0,  -35,    0,   -8,    0,    0,   12,    0,    0,    0,   -6,    0,    8,    0,    0,    0,    0,    0,    0,    0,    0,    7,    0,   11,   10,    9,    0,    0,  -52,    0,    0,   -8,    0,
       0,    0,    0,    0,    0,    0,    0,    0,    0,    0,    0,    0,    0,    0,    9,    0,  -21,    0,   -8,    0,    0,  -24,    0,    0,    0,    0,    0,    0,    0,    0,    0,    0,    0,    0,    0,    0,    0,    0,    0,    0,    0,   -3,  -24,    0,  -21,    0,
       0,    0,    0,    0,    0,    0,    0,    0,    0,    0,    0,   10,    0,    0,    0,    0,    0,    0,    0,    0,    0,  -12,    0,    0,    0,    0,    0,    0,    0,    0,    0,    0,    0,    0,    0,    0,    0,    0,    0,    0,    0,    0,  -12,    0,    0,    0,
       0,    0,    0,    0,    0,    0,    0,    0,    0,    0,    0,    0,    0,    0,    0,    0,  -28,    0,    0,    0,    0,  -17,    0,    0,    0,    0,    0,    0,    0,    0,    0,    0,    0,    0,    0,    0,    0,    0,    0,    0,    0,  -12,  -17,    0,  -28,    0,
       0,    0,    0,    0,    0,    0,    0,    0,    0,    0,    0,  -24,    0,    0,    0,    0,   -4,    0,    0,    0,   -8,    0,   -8,   -8,    0,    9,    0,    0,    0,    0,    0,    0,    0,    9,    0,    0,    4,    4,    0,    0,    0,  -44,    0,    0,   -4,    0,
       0,    0,    0,    0,    0,    0,    0,    0,    0,    0,    0,    0,    0,    0,    0,    0,   -4,    0,    0,    0,    0,    0,    0,    0,    0,    6,    0,    0,    0,    0,    0,    0,    0,    0,    0,    0,    4,    4,    0,    0,    0,  -43,    0,    0,   -4,    0,
       0,    0,    0,    0,    0,    0,    0,    0,    0,    0,    0,    9,    0,    0,    0,    0,    0,    0,    0,    0,    0,   -8,    0,    0,    0,    0,    0,    0,    0,    0,    0,    0,    0,    0,    0,    0,    0,    0,    0,    0,    0,    0,   -8,    0,    0,    0,
       0,    0,    0,    0,    0,    0,    0,    0,    0,    0,    0,    0,    0,    0,    0,    0,    0,    0,    0,    0,    0,   -8,    0,    0,    0,    0,    0,    0,    0,    0,    0,    0,    0,    0,    0,    0,    0,    0,    0,    0,    0,    0,   -8,    0,    0,    0,
       0,    0,    0,    0,    0,    0,    0,    0,    0,    0,    0,    0,    0,    0,    0,    0,  -30,    0,  -13,  -12,    0,  -29,    0,    0,   -5,    0,   -6,    0,    0,   24,    0,    0,    0,    0,   -6,    0,    0,    0,    0,    0,    0,   -8,  -29,    0,  -30,    0,
       0,    0,   15,    0,    0,    0,    0,    0,    0,    0,    0,    0,   12,   17,    0,   13,   43,   17,   40,   40,   35,   39,   23,    0,    0,   22,    0,   17,    9,   17,   17,   13,   13,    0,   17,    0,   29,   23,   23,   17,    0,    5,   39,   17,   43,   23,
       0,    0,   15,    0,    0,    0,    0,    0,    0,    0,    0,    0,    0,    0,    0,    0,    0,    0,    0,    0,    8,    0,    0,    0,    0,    0,    0,    0,   -8,    0,    0,    0,    0,    0,    0,    0,    5,    0,    0,    0,    0,    5,    0,    0,    0,    0,
       0,    0,  -29,    0,    0,    0,    0,    0,    0,    0,    0,  -12,    0,    0,    0,    0,   17,    0,   12,   12,    6,    6,    0,    0,    0,    0,    0,    0,    0,    0,    0,    0,    0,    0,    0,    0,    0,    0,    0,    0,    0,  -23,    6,    0,   17,    0,
       0,    0,  -29,    0,    0,    0,    0,    0,    0,    0,    0,  -12,    0,    0,    0,   12,   12,    0,   12,   12,    0,    0,    0,    0,    0,    0,    0,    6,    6,    0,    6,    0,    0,    0,   11,    0,   17,   17,   12,    0,    0,  -17,    0,    0,   12,    0,
       0,    0,  -29,    0,    0,    0,    0,    0,    0,    0,    0,  -23,    0,    0,   -6,    0,   23,    0,   17,   17,    6,   12,    0,  -12,   -6,    0,   -6,    0,    0,    0,    0,    0,    0,    0,    0,   -6,    0,    0,    0,   -6,    0,  -29,   12,    0,   23,    0,
       0,    0,  -17,    0,    0,    0,    0,    0,    0,    0,    0,  -12,    0,    0,  -12,   12,   17,    0,   17,   17,    0,    0,    0,   -6,   -6,   12,   -6,    0,    0,    0,    0,    0,    0,   -6,   12,    0,   17,   17,   17,    0,    0,  -17,    0,    0,   17,    0,
       0,    0,    0,    0,    0,    0,    0,    0,    0,    0,    0,    0,    0,    0,    0,    0,    0,    0,    0,    0,    0,    0,    0,    0,    0,    0,    0,    0,    0,    0,    0,    0,    0,  -12,    0,    0,    0,    0,    0,    0,    0,    0,    0,    0,    0,    0,
};

static const EpdLigaturePair lexica_13_bolditalicLigaturePairs[] = {
    { 0x00660066, 0xFB00 }, // f f -> U+FB00
    { 0x00660069, 0xFB01 }, // f i -> U+FB01
    { 0x0066006C, 0xFB02 }, // f l -> U+FB02
    { 0xFB000069, 0xFB03 }, // U+FB00 i -> U+FB03
    { 0xFB00006C, 0xFB04 }, // U+FB00 l -> U+FB04
};

static const EpdFontData lexica_13_bolditalic = {
    lexica_13_bolditalicBitmaps,
    lexica_13_bolditalicGlyphs,
    lexica_13_bolditalicIntervals,
    43,
    34,
    26,
    -8,
    true,
    lexica_13_bolditalicGroups,
    12,
    nullptr,
    lexica_13_bolditalicKernLeftClasses,
    lexica_13_bolditalicKernRightClasses,
    lexica_13_bolditalicKernMatrix,
    349,
    329,
    62,
    46,
    lexica_13_bolditalicLigaturePairs,
    5,
};
