/**
 * generated by fontconvert.py
 * name: lexica_19_regular
 * size: 19
 * mode: 2-bit  compressed: true
 * Command used: fontconvert.py lexica_19_regular 19 ../builtinFonts/source/lexica-ultralegible/LexicaUltralegible-Regular.ttf --2bit --compress
 */
#pragma once
#include "EpdFontData.h"

static const uint8_t lexica_19_regularBitmaps[15678] = {
    0xBD, 0x5A, 0x3B, 0xB7, 0xDD, 0xC6, 0x79, 0x1D, 0x00, 0x36, 0xB1, 0x1C, 0x14, 0x70, 0x91, 0x2A,
    0xB7, 0xC0, 0x2F, 0x88, 0xD0, 0xA4, 0xF1, 0x5A, 0x0C, 0x81, 0x48, 0x45, 0x4A, 0xE6, 0x27, 0xA4,
    0x70, 0x9B, 0x75, 0xFF, 0x01, 0x01, 0x87, 0x85, 0x0A, 0x17, 0xBA, 0x3F, 0x41, 0x85, 0x7B, 0xA5,
    0x48, 0xC1, 0x42, 0xD4, 0x20, 0x64, 0xA1, 0x22, 0x05, 0x21, 0xB3, 0x50, 0x49, 0x88, 0xF6, 0x5A,
    0x2E, 0x58, 0xDC, 0x91, 0x09, 0x87, 0xB8, 0xBE, 0xC0, 0x8C, 0xF7, 0xDE, 0x83, 0x73, 0x1F, 0xE4,
    0x15, 0x29, 0x32, 0x4E, 0xF8, 0x98, 0x83, 0x33, 0x98, 0xC7, 0x37, 0xDF, 0x63, 0x7F, 0x8F, 0x39,
    0x4D, 0xF9, 0xD8, 0xAD, 0xCD, 0x9B, 0x8D, 0x31, 0x26, 0x7D, 0xEE, 0xC3, 0xE9, 0xF3, 0x69, 0x6D,
    0x5E, 0xFF, 0x6B, 0xCC, 0x86, 0xBF, 0xC6, 0xAC, 0x7B, 0xBB, 0x1A, 0x93, 0xEC, 0x2D, 0x3E, 0x4D,
    0xBA, 0x24, 0x0B, 0xDB, 0x74, 0x31, 0x65, 0xC0, 0x9F, 0x4D, 0xED, 0x1A, 0x5B, 0x93, 0xBB, 0x0C,
    0x8B, 0xE7, 0x2E, 0x47, 0x5B, 0x4C, 0xB1, 0x2D, 0x26, 0x63, 0xCA, 0x31, 0xB6, 0xE5, 0x88, 0x76,
    0x40, 0xDB, 0x70, 0xBC, 0xEB, 0x2E, 0xDB, 0xC9, 0xD4, 0x7D, 0xDD, 0x1B, 0xD3, 0xB4, 0xB1, 0x6D,
    0x5A, 0xB4, 0x66, 0x6F, 0x41, 0x48, 0x87, 0xBF, 0xC6, 0x7C, 0xA5, 0xD6, 0x94, 0x6C, 0xB2, 0x01,
    0xCD, 0x4F, 0xFF, 0xC4, 0x77, 0x01, 0x24, 0x69, 0x0D, 0x34, 0xDE, 0x84, 0x13, 0x67, 0x47, 0xDB,
    0xDE, 0xCE, 0xE6, 0x66, 0x28, 0xCD, 0xBF, 0x94, 0x13, 0x46, 0x66, 0x8B, 0x01, 0x31, 0xC1, 0xDC,
    0x36, 0xA6, 0x72, 0x98, 0x9E, 0x85, 0xA7, 0x98, 0xDE, 0x70, 0x62, 0x1A, 0xD8, 0x1E, 0x71, 0xBA,
    0xC9, 0x43, 0xC0, 0x7A, 0xDF, 0x07, 0x8C, 0xBD, 0x9D, 0x6F, 0xDC, 0xA8, 0xC1, 0xDC, 0xA1, 0xC0,
    0x77, 0x97, 0xAE, 0xFF, 0x86, 0xE9, 0x96, 0x6B, 0x36, 0x9F, 0xAE, 0xD9, 0x50, 0x8F, 0x76, 0x72,
    0xDD, 0x54, 0xF0, 0x08, 0x20, 0x01, 0xD3, 0x13, 0xEB, 0x41, 0x2F, 0x37, 0x32, 0xDC, 0x68, 0xA7,
    0xD3, 0x62, 0x5D, 0xE3, 0x49, 0x25, 0x0E, 0x8F, 0xE5, 0xAA, 0x10, 0x5A, 0xB0, 0xC8, 0x64, 0x6B,
    0xB6, 0x92, 0xD9, 0xC6, 0x9A, 0x72, 0xE2, 0x8B, 0x72, 0xC0, 0x49, 0xB9, 0xD5, 0x6A, 0xC0, 0x45,
    0xEE, 0xCE, 0x8E, 0xA6, 0xE7, 0xA0, 0xDC, 0xF1, 0x05, 0xFE, 0xFB, 0x84, 0x62, 0x69, 0xC6, 0x6E,
    0xE0, 0x8B, 0x24, 0x84, 0x99, 0x2F, 0x40, 0xF8, 0x46, 0xE9, 0xE0, 0x61, 0x03, 0xD3, 0x8E, 0xCE,
    0xF8, 0x58, 0xB8, 0x32, 0xB0, 0x2F, 0x59, 0x33, 0x92, 0x48, 0xAE, 0x86, 0xB6, 0x1B, 0x28, 0x93,
    0x6A, 0xE0, 0xFA, 0x78, 0x31, 0x93, 0x12, 0xB2, 0x9B, 0x7C, 0x06, 0x1D, 0xD8, 0x18, 0xFF, 0xB0,
    0x14, 0x38, 0xDF, 0xB1, 0x0F, 0x8F, 0x10, 0x17, 0x08, 0x2C, 0xE7, 0x7C, 0x35, 0xE9, 0x4A, 0xA6,
    0x05, 0x0D, 0x06, 0xB3, 0x07, 0xBE, 0xC3, 0xB1, 0x4F, 0xD8, 0xFC, 0x9E, 0x7B, 0x36, 0xDA, 0x31,
    0x0B, 0xFA, 0xA8, 0xA7, 0x62, 0xE1, 0x38, 0x53, 0x62, 0x0F, 0x48, 0xA0, 0x1E, 0xB8, 0x05, 0xCE,
    0x8B, 0x57, 0x03, 0x0F, 0x6F, 0xBA, 0xBE, 0x1E, 0x39, 0xE2, 0x63, 0xB2, 0xDD, 0x04, 0x4B, 0x2A,
    0x13, 0x88, 0x90, 0x23, 0xC8, 0x2E, 0x09, 0x84, 0x53, 0x9E, 0x07, 0x50, 0x54, 0x2C, 0x69, 0x00,
    0x73, 0xBA, 0x3E, 0x0D, 0x05, 0xC4, 0x01, 0xC9, 0x35, 0x3D, 0x5E, 0xA6, 0xD8, 0x0C, 0xCC, 0x48,
    0x21, 0x01, 0x4F, 0x71, 0xB6, 0xA4, 0xB2, 0x08, 0x06, 0xF4, 0x1A, 0x4E, 0xDF, 0xCC, 0x31, 0x3F,
    0x20, 0xA7, 0xC7, 0x1E, 0xFD, 0x61, 0xCE, 0x3C, 0x46, 0x9D, 0x19, 0x7C, 0x84, 0x10, 0xF5, 0x76,
    0x35, 0x0F, 0x71, 0xA4, 0xBA, 0x2D, 0x87, 0x7C, 0x4A, 0x1D, 0xBE, 0xDE, 0x31, 0x55, 0x5B, 0x8C,
    0x7A, 0x6C, 0x20, 0x87, 0xEC, 0xF0, 0x80, 0x9E, 0x87, 0xA6, 0xEA, 0xF5, 0xBD, 0x6E, 0xF3, 0x49,
    0x1F, 0x19, 0x3B, 0xCB, 0x01, 0x86, 0xC1, 0x21, 0xC9, 0x8C, 0x8F, 0x7C, 0xE4, 0x1B, 0x93, 0x69,
    0x80, 0x29, 0x46, 0x74, 0xDE, 0x31, 0x65, 0x9F, 0x5D, 0x59, 0x70, 0x31, 0xF7, 0xB4, 0x89, 0xFA,
    0xEE, 0xA9, 0x97, 0x5F, 0x30, 0x92, 0xD4, 0xDC, 0x8B, 0x3A, 0xA4, 0x7F, 0xBF, 0xB8, 0xFD, 0xF7,
    0x36, 0xF8, 0x0A, 0x6A, 0x1A, 0x40, 0x78, 0x9F, 0x7F, 0x3B, 0x96, 0x8F, 0x5C, 0x6E, 0xC8, 0x1F,
    0x69, 0xD6, 0x8F, 0x6D, 0xC2, 0xF5, 0x3F, 0x3F, 0x76, 0xDA, 0x47, 0xF5, 0x69, 0x08, 0xCD, 0x27,
    0xFF, 0x35, 0xCD, 0xB7, 0x3F, 0xBA, 0x5C, 0x03, 0xBD, 0xDE, 0x7F, 0x44, 0x11, 0x39, 0x23, 0xC9,
    0x6E, 0xF1, 0x91, 0x6A, 0xB9, 0x4A, 0x55, 0xA9, 0x43, 0x54, 0x4A, 0x9A, 0xFE, 0xFE, 0x08, 0x69,
    0x51, 0xAD, 0x28, 0x20, 0x6A, 0x4E, 0x27, 0xB5, 0xD0, 0xA3, 0x8D, 0x8F, 0x50, 0x4C, 0x18, 0xB9,
    0x81, 0x5E, 0xEA, 0x11, 0xBB, 0x67, 0x32, 0xA7, 0x5B, 0x01, 0xEA, 0x55, 0x52, 0xE3, 0x60, 0x3E,
    0x9B, 0xA9, 0x16, 0x63, 0xC7, 0x12, 0xCA, 0xBB, 0x42, 0xCE, 0xA6, 0xBB, 0x0F, 0xD1, 0x97, 0xDF,
    0xA3, 0x3F, 0x59, 0x3B, 0x18, 0x52, 0x73, 0xFC, 0x35, 0xB4, 0xF6, 0xD4, 0x59, 0x28, 0xCA, 0x82,
    0x51, 0x16, 0x82, 0x86, 0x3E, 0xF5, 0x15, 0x8C, 0x75, 0x4A, 0x37, 0x74, 0xC2, 0xDC, 0x6C, 0x80,
    0x05, 0x36, 0xA7, 0x83, 0xB1, 0x9F, 0xFD, 0xC1, 0x99, 0xF2, 0xD5, 0x0C, 0xFA, 0xC3, 0x2A, 0xFB,
    0xCC, 0x67, 0x6A, 0x11, 0xAC, 0xB4, 0x1B, 0xB4, 0x11, 0xAC, 0x0C, 0xCA, 0xA8, 0xDD, 0xCD, 0xB1,
    0x4C, 0x7C, 0xE1, 0xA1, 0x6C, 0x5F, 0xF9, 0x10, 0xCE, 0x43, 0x00, 0x7B, 0x7A, 0x90, 0x0A, 0xFA,
    0x69, 0xC8, 0xEF, 0xF7, 0x78, 0x2B, 0x4C, 0x11, 0x81, 0x6A, 0xE8, 0x21, 0x76, 0xAD, 0x96, 0x0A,
    0xD4, 0x38, 0xB0, 0xA3, 0xFA, 0xED, 0x12, 0xB9, 0x29, 0x41, 0x90, 0x23, 0x62, 0x89, 0xCC, 0x27,
    0xE7, 0x37, 0xD0, 0x2A, 0x4E, 0x1A, 0xDA, 0x50, 0xE2, 0x65, 0x70, 0xE8, 0x39, 0x3C, 0x64, 0x04,
    0x0A, 0x9A, 0x3B, 0xED, 0x00, 0xC4, 0x82, 0x7F, 0xB3, 0x79, 0x5D, 0x09, 0x06, 0xF3, 0x37, 0xE0,
    0x6C, 0x4A, 0x1B, 0x80, 0x5D, 0x03, 0x28, 0xDA, 0x6A, 0xAD, 0x68, 0xEC, 0x60, 0x6B, 0xF5, 0xCD,
    0x7F, 0xEE, 0x04, 0x6C, 0xBB, 0x98, 0xF5, 0xED, 0x68, 0x25, 0x96, 0xD1, 0xDE, 0x16, 0x9A, 0x19,
    0xDF, 0x1D, 0x69, 0x80, 0x2C, 0x9F, 0x06, 0x4F, 0x73, 0x87, 0x4A, 0x80, 0x51, 0x96, 0x12, 0x5E,
    0x41, 0x51, 0xF9, 0x9C, 0xEC, 0x85, 0xC5, 0x55, 0x0B, 0x4C, 0x3A, 0xF4, 0x40, 0x88, 0x19, 0x98,
    0x21, 0x9C, 0x82, 0x41, 0x73, 0x69, 0xC2, 0x64, 0xC3, 0xE9, 0x35, 0x4F, 0x50, 0x05, 0x12, 0xFC,
    0x8C, 0x5E, 0xE3, 0x77, 0xDC, 0xC7, 0x79, 0x36, 0xD8, 0x3F, 0x9F, 0xC1, 0xB8, 0x6C, 0xC1, 0x46,
    0x40, 0x10, 0x4F, 0x06, 0x34, 0x3D, 0x30, 0xB1, 0x9C, 0x22, 0x57, 0x3D, 0xD9, 0x65, 0x49, 0x69,
    0xF3, 0x86, 0xBA, 0xC7, 0xC3, 0x50, 0x07, 0x23, 0x9D, 0x51, 0xC3, 0xAF, 0x75, 0x12, 0xCD, 0x27,
    0xCE, 0xEC, 0xE9, 0x4A, 0xA4, 0x7B, 0x25, 0x99, 0x4E, 0x73, 0xA4, 0xE3, 0x93, 0x32, 0xC3, 0xE4,
    0xC9, 0x94, 0x23, 0xDF, 0x66, 0xAF, 0x30, 0x92, 0xC8, 0x32, 0x34, 0x4B, 0x12, 0x86, 0x40, 0x3E,
    0xFF, 0x2B, 0x11, 0x0F, 0xA3, 0xB7, 0x83, 0xD4, 0xB4, 0x76, 0xE4, 0x23, 0x54, 0x3B, 0xFF, 0x23,
    0x31, 0xF4, 0x31, 0xC8, 0xDF, 0x8A, 0xCD, 0x74, 0x8E, 0x3B, 0x72, 0x5B, 0xBA, 0x0F, 0x8E, 0x26,
    0x8C, 0x19, 0x1B, 0xE4, 0x5E, 0x61, 0xF0, 0x7D, 0x45, 0x80, 0x2F, 0x4F, 0xE8, 0x09, 0x53, 0x31,
    0x77, 0x94, 0x37, 0xA4, 0xE8, 0x8B, 0xD0, 0x16, 0xDF, 0x41, 0x35, 0x9B, 0x2F, 0x30, 0x1D, 0x82,
    0xB0, 0x4F, 0xC1, 0xB4, 0xEE, 0xC9, 0x4A, 0xBE, 0x63, 0x94, 0x0F, 0x46, 0xD8, 0x68, 0x8A, 0x73,
    0x9A, 0xE8, 0x33, 0x9C, 0xC3, 0x62, 0x99, 0x6C, 0x41, 0x7F, 0xFD, 0x8D, 0x07, 0xD0, 0x42, 0xDC,
    0xB5, 0x83, 0x28, 0x00, 0x99, 0xF2, 0x10, 0x94, 0xC7, 0x35, 0x9E, 0xB9, 0x9D, 0x49, 0xD5, 0x48,
    0x39, 0x72, 0xE3, 0x76, 0x17, 0xEF, 0x66, 0xA2, 0xD5, 0x8B, 0x91, 0x76, 0x3F, 0xA5, 0xB4, 0x91,
    0x6A, 0x59, 0x48, 0xD3, 0xAE, 0x4D, 0xEC, 0xE3, 0x44, 0xE9, 0x29, 0x87, 0xE4, 0x72, 0x0D, 0xFB,
    0x72, 0x29, 0x97, 0x23, 0xB6, 0x51, 0xF0, 0x33, 0xF5, 0x0B, 0x1D, 0x3E, 0x09, 0x3C, 0x72, 0x47,
    0xD4, 0x6C, 0x88, 0x98, 0xF5, 0x45, 0xD3, 0x0C, 0xD8, 0x0A, 0xB4, 0xF8, 0x94, 0xE6, 0xCF, 0x33,
    0x5A, 0xCC, 0xA0, 0x66, 0xD1, 0x62, 0x3B, 0x87, 0x0D, 0x8A, 0xC5, 0xB6, 0x20, 0x28, 0x50, 0x12,
    0xDC, 0xD3, 0xAB, 0x21, 0x4D, 0x9B, 0x25, 0xA5, 0x18, 0x92, 0x2F, 0xF5, 0xB2, 0x4B, 0x60, 0x48,
    0x18, 0x39, 0x20, 0x0A, 0xF8, 0x9C, 0x3A, 0x4D, 0xE5, 0x86, 0x18, 0xA0, 0x07, 0xE0, 0x4E, 0xDB,
    0x39, 0x98, 0x53, 0x3D, 0xD1, 0xEB, 0xFD, 0x37, 0x51, 0xCD, 0x82, 0xFA, 0x20, 0x4F, 0x23, 0x03,
    0x98, 0xE8, 0xAB, 0x88, 0x55, 0x1D, 0xED, 0x92, 0xA3, 0x1E, 0x41, 0x2D, 0xBD, 0x26, 0x92, 0xB7,
    0xBD, 0xAC, 0x0B, 0x3E, 0x68, 0xDC, 0x79, 0x22, 0xE6, 0x50, 0x1F, 0xB2, 0x83, 0xF1, 0xAA, 0x5B,
    0x6C, 0x05, 0xCD, 0xE6, 0x02, 0x59, 0x2F, 0xFF, 0x3C, 0xB0, 0xF6, 0x7C, 0x79, 0x70, 0xF3, 0x8B,
    0xB0, 0x6E, 0x65, 0x7E, 0x7F, 0x74, 0x0F, 0xD4, 0xF1, 0x13, 0x5A, 0xE2, 0x44, 0x2F, 0x8A, 0x0D,
    0xBA, 0x2D, 0xFA, 0x51, 0x12, 0x79, 0x0B, 0xD4, 0x26, 0x64, 0x6B, 0x47, 0x50, 0x95, 0x75, 0x2D,
    0x72, 0xD8, 0x2D, 0x0F, 0x31, 0xEE, 0xC7, 0x01, 0x1F, 0x5B, 0xCA, 0x60, 0xA4, 0xEB, 0x9D, 0xE9,
    0xD6, 0xA5, 0xEF, 0x54, 0xDE, 0x9F, 0xBD, 0x69, 0x4F, 0x6F, 0xFC, 0x79, 0x6D, 0x08, 0xCD, 0x24,
    0xE3, 0x02, 0x71, 0x2B, 0x7F, 0x70, 0xEB, 0xFB, 0xD2, 0xF1, 0x7B, 0xCF, 0xEF, 0xA2, 0xF8, 0x40,
    0xB6, 0xDD, 0xC8, 0xAE, 0x56, 0x64, 0x14, 0x82, 0xA7, 0x25, 0x72, 0x3C, 0x93, 0xBE, 0x90, 0x61,
    0xFF, 0xA0, 0xED, 0x60, 0x81, 0x12, 0xBC, 0x85, 0x11, 0xD8, 0xB1, 0x58, 0xC1, 0xD4, 0xEE, 0x0B,
    0x04, 0x25, 0xFF, 0x33, 0x45, 0x55, 0xB4, 0x3B, 0xA3, 0xAB, 0x18, 0x78, 0x20, 0xF4, 0x8B, 0xD0,
    0x48, 0xEB, 0x20, 0x32, 0x52, 0x0F, 0xF9, 0x8E, 0xCE, 0x4A, 0x13, 0xAE, 0xF3, 0x76, 0x87, 0xCD,
    0x86, 0x91, 0xD7, 0xB2, 0x77, 0x40, 0x45, 0x4E, 0x62, 0x5C, 0xB2, 0x29, 0xFC, 0x22, 0x59, 0xD5,
    0x19, 0xBE, 0x4B, 0xB3, 0xA1, 0xB1, 0xD4, 0x78, 0x6C, 0xBC, 0xD2, 0x53, 0x3C, 0x2C, 0x06, 0x58,
    0xB1, 0xF9, 0xF2, 0x8E, 0xA1, 0x0A, 0xFC, 0xC9, 0x15, 0x0B, 0xE2, 0x96, 0x17, 0x7D, 0x33, 0xD4,
    0x43, 0xBE, 0x01, 0x20, 0x10, 0xF9, 0x21, 0x54, 0x26, 0x84, 0xA1, 0xA7, 0x70, 0x49, 0x68, 0x2D,
    0x1E, 0x8B, 0x87, 0x78, 0x15, 0xCC, 0x3F, 0x3E, 0xC8, 0xD6, 0x72, 0xCB, 0xBF, 0x97, 0x7E, 0x86,
    0x4F, 0xE0, 0xBB, 0x7E, 0x17, 0x96, 0x62, 0xC8, 0xCF, 0x52, 0xDF, 0x0A, 0x93, 0x76, 0x7F, 0x80,
    0x8F, 0x29, 0x7E, 0x9C, 0x99, 0x23, 0x21, 0xA7, 0x82, 0xAF, 0x22, 0x5A, 0xEF, 0x01, 0x63, 0x25,
    0x01, 0x30, 0x30, 0xDA, 0x99, 0x42, 0x07, 0x0D, 0x33, 0x9D, 0x55, 0xB4, 0xF5, 0x84, 0x5D, 0xE5,
    0x6F, 0x57, 0x21, 0x3D, 0xE1, 0x05, 0x9B, 0x73, 0xD9, 0x6D, 0x67, 0x24, 0x0D, 0x1F, 0xA1, 0x2F,
    0x99, 0x38, 0xA6, 0xD1, 0xBF, 0x77, 0xAD, 0xDC, 0x98, 0x23, 0xD4, 0xB1, 0xCB, 0xCA, 0xCA, 0xC1,
    0x6F, 0x74, 0x55, 0x4C, 0x0D, 0x62, 0x86, 0x40, 0xAC, 0x07, 0x2D, 0x1C, 0xA1, 0x73, 0x51, 0x24,
    0x11, 0x0D, 0x88, 0x1F, 0xC9, 0x26, 0xBD, 0x6F, 0xBE, 0x16, 0xB8, 0xBA, 0x2B, 0x51, 0x3C, 0xAD,
    0x92, 0x61, 0xF3, 0x44, 0xF7, 0x41, 0xF8, 0xCF, 0x67, 0xAA, 0xC0, 0x72, 0xD1, 0xF0, 0x6B, 0xEE,
    0x0E, 0x6F, 0xBB, 0x31, 0xEC, 0xB0, 0x0D, 0x1C, 0xE6, 0x86, 0x74, 0x18, 0x74, 0x3D, 0xE9, 0xA5,
    0xF9, 0xDB, 0xEB, 0x8D, 0x3F, 0xBC, 0x2D, 0x57, 0xCD, 0x38, 0x2C, 0x40, 0x52, 0x8E, 0xA3, 0x72,
    0xC2, 0xB0, 0x73, 0xD1, 0xD4, 0xFD, 0x1E, 0xA6, 0xC0, 0x94, 0xA0, 0x1B, 0xA9, 0x35, 0xCD, 0x23,
    0x22, 0xD6, 0x2F, 0x45, 0xBB, 0x78, 0xB3, 0xEB, 0x4F, 0xEC, 0x10, 0xD8, 0x47, 0xEF, 0x12, 0x1D,
    0x8D, 0x58, 0xB9, 0x77, 0x47, 0x11, 0xC4, 0x60, 0x7D, 0xBE, 0x9C, 0x43, 0x1C, 0xC8, 0x5B, 0xAD,
    0x3D, 0x40, 0x3F, 0xE1, 0xBD, 0x2D, 0xB7, 0xA4, 0x6E, 0x7B, 0x05, 0xDD, 0xD4, 0x53, 0xC2, 0x13,
    0xBE, 0xB7, 0xE2, 0xEC, 0x18, 0x79, 0x84, 0xB5, 0x8F, 0x82, 0xD1, 0x69, 0x25, 0x9E, 0x49, 0xE7,
    0xE3, 0xA3, 0xD8, 0x04, 0xD1, 0xD2, 0xAE, 0xC8, 0x89, 0xE8, 0x4F, 0xCD, 0x76, 0xF9, 0xE8, 0x6F,
    0xEA, 0x8D, 0x63, 0x35, 0x2D, 0xAE, 0xA0, 0xC5, 0xEA, 0xE9, 0xB0, 0x05, 0x76, 0x8B, 0x1B, 0xEF,
    0x34, 0x30, 0x22, 0xBA, 0x6E, 0xF7, 0x7B, 0xC6, 0x13, 0x8F, 0xFD, 0x96, 0x07, 0x32, 0x9D, 0xAB,
    0xC4, 0x87, 0xF7, 0x98, 0x75, 0xC5, 0x43, 0x5D, 0xFB, 0xB6, 0xEC, 0xE3, 0xC8, 0xE9, 0xC8, 0x81,
    0x9B, 0x3A, 0x3E, 0x60, 0xCA, 0xD5, 0x0E, 0xB3, 0x47, 0x81, 0x4C, 0x25, 0xE8, 0x7D, 0x40, 0x7F,
    0x12, 0x4E, 0x6E, 0x85, 0x81, 0xEA, 0xD1, 0x4C, 0x14, 0x67, 0xE9, 0xE4, 0xF8, 0x24, 0xCE, 0x5D,
    0x3F, 0x04, 0x46, 0xBB, 0xF4, 0xA3, 0x6A, 0x5C, 0xB6, 0xE0, 0xE1, 0xD5, 0x56, 0x63, 0xBC, 0xC6,
    0x7B, 0xCD, 0xF5, 0x5C, 0x27, 0xF1, 0x54, 0x91, 0xCC, 0x73, 0xFD, 0xDC, 0x73, 0xAF, 0x1A, 0xEE,
    0xEF, 0x84, 0xE9, 0x12, 0x68, 0xF0, 0xF7, 0xA8, 0x13, 0xF3, 0x1D, 0xAA, 0x76, 0xFB, 0xD1, 0x05,
    0xB2, 0xCA, 0x3D, 0xED, 0xC8, 0xFE, 0xE3, 0x3B, 0x5F, 0x83, 0xF1, 0xF7, 0x9D, 0xFE, 0x5A, 0xE7,
    0x7A, 0x11, 0x6C, 0x36, 0x1F, 0x1A, 0x26, 0x5F, 0x86, 0xAB, 0xEF, 0x23, 0xA8, 0x77, 0x74, 0x7C,
    0x77, 0x62, 0xB2, 0x73, 0xF4, 0x6C, 0x8C, 0x21, 0x8E, 0x07, 0x53, 0x33, 0x6B, 0x98, 0xC2, 0x58,
    0x39, 0xA0, 0xD7, 0xCC, 0xD4, 0x1A, 0x4E, 0xF3, 0x44, 0x39, 0x88, 0xE7, 0xEC, 0xD0, 0xE3, 0xB1,
    0xA6, 0x9E, 0x16, 0x8C, 0x3C, 0x13, 0x65, 0xA6, 0x70, 0x23, 0x08, 0x6A, 0x67, 0xA6, 0xCE, 0x0C,
    0x59, 0x18, 0xD1, 0x94, 0x13, 0x63, 0x59, 0x4F, 0x97, 0x51, 0x3E, 0x0F, 0x12, 0xE2, 0xAA, 0xE4,
    0x85, 0x6B, 0x6C, 0x1C, 0x10, 0xFE, 0x99, 0xA9, 0xE9, 0x58, 0x33, 0xD0, 0xE6, 0x0C, 0xCF, 0xE0,
    0x19, 0x8B, 0xD5, 0x4E, 0xDA, 0xC0, 0xA4, 0x16, 0xAB, 0x79, 0xD5, 0x2A, 0x0E, 0x1B, 0x67, 0x5B,
    0xF4, 0x60, 0x32, 0xC8, 0xE1, 0xC7, 0xD8, 0xC9, 0x5F, 0xEB, 0xE1, 0x35, 0x7B, 0x53, 0x98, 0x72,
    0xCE, 0xC3, 0x64, 0xC8, 0x7C, 0xE8, 0x41, 0x83, 0x0D, 0x12, 0x7B, 0x74, 0xD1, 0xE7, 0xE7, 0x38,
    0x5C, 0xF5, 0xEC, 0xF4, 0x05, 0x03, 0xCA, 0xC6, 0x7E, 0x36, 0x31, 0x03, 0xA0, 0x06, 0x57, 0x4F,
    0xCF, 0x17, 0x4B, 0x34, 0x39, 0x05, 0x94, 0x20, 0xF7, 0xB2, 0xF7, 0x57, 0x38, 0x13, 0xEF, 0xE1,
    0x4A, 0x2C, 0x04, 0x51, 0x8E, 0x70, 0x39, 0xA7, 0x53, 0x33, 0x54, 0x63, 0x63, 0x7B, 0x0B, 0x7B,
    0x81, 0x39, 0x6C, 0x88, 0xF4, 0xCF, 0x17, 0xBC, 0x18, 0xF1, 0x2A, 0x47, 0x5A, 0x84, 0x57, 0xE5,
    0xD3, 0x85, 0xAF, 0x9A, 0x27, 0x23, 0xC5, 0x07, 0xFF, 0x85, 0x57, 0x86, 0x39, 0x9D, 0x85, 0xAB,
    0x19, 0xF9, 0x0A, 0xDE, 0x98, 0xAF, 0xE0, 0xF3, 0xF8, 0xAA, 0x19, 0xA9, 0x41, 0x0A, 0xD3, 0x54,
    0x18, 0x88, 0xE1, 0x1D, 0xA9, 0xA3, 0xBD, 0xD5, 0x01, 0x11, 0x03, 0x7C, 0x2B, 0xCB, 0x09, 0x0C,
    0x19, 0x2D, 0x0D, 0xAC, 0x0E, 0xFF, 0xBE, 0x51, 0x7B, 0x11, 0x67, 0x86, 0x25, 0xBF, 0x92, 0x41,
    0x8E, 0xE8, 0xCC, 0x56, 0xEA, 0x79, 0xD7, 0xA3, 0x13, 0x3E, 0x2C, 0xF4, 0x89, 0xA7, 0x9E, 0x37,
    0x8F, 0xD0, 0x99, 0x2F, 0x54, 0x7E, 0x4B, 0xE5, 0x2F, 0x5F, 0x1C, 0x32, 0x3B, 0x80, 0xB7, 0xDF,
    0xF7, 0x35, 0x52, 0x82, 0x7A, 0xDD, 0x11, 0x24, 0x55, 0x14, 0x11, 0x1D, 0x4C, 0x8E, 0x60, 0x3E,
    0x28, 0x69, 0xAB, 0xA5, 0x4A, 0xE9, 0x16, 0x2B, 0x3D, 0x4C, 0x2A, 0xE0, 0x28, 0x84, 0x03, 0x81,
    0x1E, 0x13, 0xC8, 0xAC, 0x8A, 0xCF, 0x2B, 0x79, 0x96, 0x2D, 0xE6, 0x30, 0x4A, 0xA1, 0x78, 0x58,
    0x48, 0x60, 0x7F, 0x21, 0xFC, 0xA0, 0x5E, 0x63, 0xC6, 0xD7, 0xCA, 0x43, 0x5C, 0x5C, 0x8A, 0xE1,
    0x42, 0xB6, 0xC6, 0x3D, 0xC8, 0x9C, 0xD4, 0xEF, 0x9B, 0x0B, 0x47, 0x0E, 0x54, 0xC5, 0x94, 0x1B,
    0xA4, 0x9D, 0xD0, 0x7F, 0x2F, 0x84, 0x69, 0xC6, 0x57, 0x15, 0x9D, 0x43, 0xC1, 0x2D, 0xB4, 0x9B,
    0xCC, 0xDC, 0x5E, 0x0B, 0x86, 0x21, 0x86, 0xE8, 0x55, 0xBB, 0x97, 0x54, 0x98, 0x72, 0xCF, 0xA8,
    0x7E, 0x13, 0xD3, 0xD8, 0xE5, 0x5A, 0x42, 0xF4, 0xB6, 0xAE, 0x9F, 0xB6, 0xE6, 0x12, 0x6B, 0x77,
    0xB0, 0xDD, 0x29, 0x4C, 0xC2, 0x98, 0x42, 0xF3, 0x22, 0xB3, 0x94, 0xD6, 0x22, 0xA6, 0xDE, 0x53,
    0x0D, 0x41, 0xE5, 0x16, 0x31, 0x37, 0x44, 0xD0, 0xB5, 0x11, 0x75, 0xBB, 0x36, 0xF2, 0x8A, 0x1F,
    0x3F, 0x8F, 0x1F, 0x0F, 0xB0, 0x27, 0x83, 0xF5, 0xF8, 0x01, 0x80, 0x6A, 0xA9, 0xA0, 0xAE, 0xE3,
    0x47, 0xB5, 0x2A, 0xEA, 0x61, 0x05, 0x0A, 0x6B, 0x12, 0x66, 0xC9, 0x38, 0x98, 0x32, 0xF7, 0xAB,
    0x56, 0xED, 0xDE, 0x84, 0x48, 0x0B, 0xD4, 0x8E, 0x7E, 0xA0, 0x9B, 0x49, 0xE7, 0x52, 0x6E, 0xA2,
    0x3A, 0xBA, 0x7E, 0x63, 0x3E, 0xBF, 0x0C, 0x8E, 0x4F, 0x5E, 0x8B, 0x6D, 0x14, 0xA4, 0x5C, 0x84,
    0x35, 0xE9, 0xFA, 0x66, 0xA3, 0x17, 0x1A, 0xD2, 0xB9, 0x43, 0x6C, 0xE3, 0xE3, 0x52, 0xF8, 0x20,
    0x46, 0x0A, 0x81, 0x84, 0x1C, 0x25, 0xD3, 0x5F, 0x01, 0x47, 0xA2, 0x80, 0xC0, 0x12, 0x37, 0x9A,
    0xD1, 0xEF, 0xB0, 0xA1, 0x68, 0x08, 0x29, 0xB8, 0x04, 0x5B, 0xED, 0x09, 0x0E, 0x0E, 0x37, 0x63,
    0x69, 0x1C, 0x2D, 0x95, 0x67, 0xF9, 0xDB, 0xAB, 0x99, 0x31, 0x75, 0xA7, 0x50, 0xA4, 0xC2, 0x29,
    0x98, 0x73, 0xA6, 0x63, 0x78, 0x2A, 0x07, 0xE5, 0x7D, 0x4B, 0x88, 0x9C, 0x58, 0x55, 0x19, 0x15,
    0xED, 0x2B, 0x96, 0x89, 0xC1, 0x8D, 0x3D, 0x3A, 0xE8, 0xAA, 0x50, 0xB0, 0x74, 0xCD, 0x99, 0x39,
    0x9E, 0xC1, 0x2B, 0x08, 0xB2, 0x92, 0xFD, 0x1D, 0xFB, 0xFE, 0xF5, 0x8C, 0x61, 0xBD, 0x29, 0x29,
    0x37, 0xFF, 0x6F, 0x9D, 0xFF, 0x4B, 0xBF, 0xF9, 0xAE, 0x4E, 0x96, 0x41, 0xFD, 0x7A, 0x70, 0xEB,
    0xDD, 0x5D, 0x17, 0x93, 0x45, 0x28, 0xB1, 0x84, 0x90, 0x29, 0xE3, 0xAE, 0x85, 0x11, 0xD4, 0x7A,
    0x1A, 0x75, 0xCE, 0x0C, 0xD6, 0xD4, 0x4F, 0x69, 0x91, 0x81, 0x39, 0x73, 0xBE, 0x90, 0xC7, 0xB5,
    0xA2, 0xD0, 0xC0, 0x21, 0x19, 0xCB, 0x82, 0xE8, 0x60, 0x36, 0x19, 0x18, 0x52, 0xC6, 0xA0, 0x1C,
    0xC1, 0x02, 0x86, 0xD0, 0xA8, 0xA5, 0x88, 0x4A, 0x4C, 0x20, 0x98, 0x40, 0x04, 0x50, 0xD1, 0x6D,
    0xA2, 0xC1, 0xD4, 0x82, 0x97, 0xEE, 0x13, 0x39, 0x46, 0x76, 0xA4, 0xAB, 0xBD, 0x00, 0x97, 0x52,
    0x79, 0x42, 0x1D, 0x8D, 0x47, 0x2C, 0x53, 0x47, 0x1A, 0x62, 0x3E, 0x4F, 0xCD, 0xE8, 0x3E, 0x73,
    0x4A, 0x2A, 0xEA, 0xA7, 0xF2, 0x68, 0xAC, 0x5C, 0xB5, 0x1C, 0x9B, 0xAD, 0xCC, 0x99, 0x99, 0x14,
    0x81, 0xE6, 0x82, 0x55, 0xB6, 0x16, 0xE0, 0xF6, 0xD2, 0x45, 0xC2, 0xD7, 0x87, 0x18, 0x08, 0x93,
    0xED, 0xEA, 0x3E, 0x5B, 0x91, 0x37, 0xD5, 0x9F, 0x3A, 0xB4, 0x48, 0x2F, 0xC6, 0x15, 0x03, 0x4B,
    0x97, 0xB9, 0x06, 0xA1, 0x13, 0x10, 0x70, 0x2D, 0x18, 0x4E, 0x75, 0xFD, 0xBD, 0x64, 0xC9, 0x79,
    0xAA, 0xBA, 0x6D, 0x80, 0x59, 0x70, 0x07, 0x43, 0xA9, 0x62, 0xCB, 0x27, 0x2E, 0x9D, 0xE9, 0x59,
    0xBE, 0x5B, 0xCC, 0xBD, 0x8A, 0x65, 0x21, 0x2C, 0x4C, 0xAC, 0x0B, 0x8D, 0xC9, 0x58, 0x67, 0xA9,
    0x9F, 0x60, 0x33, 0x1E, 0xF9, 0x1C, 0x3B, 0x33, 0x97, 0x23, 0x46, 0xAB, 0x0E, 0xCF, 0x72, 0x94,
    0x53, 0x99, 0xD8, 0x34, 0xCC, 0x4C, 0xA0, 0xC8, 0x85, 0x8F, 0x65, 0x28, 0x6A, 0x72, 0x2C, 0xA0,
    0xD1, 0xC4, 0x33, 0x59, 0x18, 0xCE, 0xCC, 0xE3, 0xE2, 0x0D, 0x24, 0x19, 0x94, 0xE2, 0x58, 0xF5,
    0x2A, 0x8D, 0x9C, 0x1A, 0x62, 0xCF, 0x56, 0x53, 0xF9, 0xBB, 0x67, 0x4E, 0x70, 0xA5, 0xD0, 0x5E,
    0x1A, 0x40, 0xB0, 0xB8, 0xC8, 0xBD, 0x32, 0x05, 0xC7, 0x69, 0x2C, 0xCC, 0x07, 0x96, 0x12, 0x4C,
    0xB8, 0x2B, 0x3D, 0x19, 0x68, 0x40, 0xDD, 0xC0, 0x1C, 0xB5, 0x19, 0x59, 0xC5, 0x6B, 0xE4, 0xBA,
    0xF0, 0x3D, 0x8F, 0x98, 0x63, 0x07, 0x26, 0x71, 0xE5, 0x52, 0x88, 0x5E, 0x95, 0xDB, 0x6A, 0x17,
    0x0B, 0x7C, 0x8C, 0x0C, 0x4B, 0x47, 0xC5, 0xA8, 0x26, 0x96, 0x17, 0x1A, 0x95, 0xD7, 0xBB, 0x96,
    0x39, 0x69, 0xE0, 0x3F, 0x16, 0x58, 0x9A, 0x9E, 0x9D, 0xB5, 0x6E, 0x33, 0x4A, 0x5A, 0x3C, 0x34,
    0x81, 0x5A, 0x94, 0xAD, 0xD4, 0xC6, 0x64, 0x8B, 0x35, 0x78, 0x55, 0x62, 0x54, 0x87, 0x33, 0x3A,
    0xCF, 0x1E, 0xF2, 0x7E, 0x78, 0xDB, 0x1C, 0xBC, 0x40, 0x78, 0x7C, 0x28, 0x29, 0x29, 0x9B, 0x8E,
    0xF5, 0x42, 0x35, 0xDC, 0x53, 0x75, 0xCB, 0x24, 0xD2, 0x20, 0xEC, 0xEE, 0xC5, 0x94, 0xBD, 0x86,
    0x49, 0x4E, 0xEC, 0x35, 0x42, 0x51, 0x55, 0xA9, 0x32, 0x27, 0xAF, 0xB6, 0x1E, 0x40, 0x2A, 0x57,
    0xC5, 0xCD, 0x1F, 0x58, 0x9D, 0x86, 0x1B, 0x2A, 0x12, 0x7B, 0x2C, 0xEA, 0xCD, 0x87, 0xFC, 0x8D,
    0x73, 0x9B, 0x08, 0x1D, 0x2C, 0x67, 0xB3, 0xBC, 0xC7, 0x82, 0x20, 0xF3, 0x70, 0x02, 0x89, 0x8D,
    0x85, 0x31, 0x9A, 0x17, 0xCB, 0xA5, 0xE5, 0x18, 0x6B, 0x64, 0xDD, 0x0F, 0xCC, 0x68, 0xE3, 0x8C,
    0xF5, 0xA6, 0x19, 0x01, 0x41, 0xD5, 0x69, 0x20, 0xA0, 0xF3, 0x8E, 0x23, 0xFB, 0x90, 0x87, 0xD3,
    0x70, 0x8E, 0x5C, 0x22, 0xF4, 0x11, 0xEE, 0xC8, 0xC5, 0x52, 0xBE, 0x73, 0x8E, 0x35, 0xAC, 0xDC,
    0x31, 0x60, 0x2D, 0x58, 0x51, 0x6B, 0x00, 0x11, 0xC0, 0x06, 0x1B, 0x6F, 0xE8, 0x2C, 0x1E, 0xB3,
    0x19, 0xD4, 0xD5, 0x2C, 0x77, 0x6D, 0x57, 0xAB, 0xC5, 0x3F, 0xCF, 0xA0, 0x64, 0xE5, 0x84, 0x61,
    0x83, 0x39, 0x02, 0x7A, 0xF3, 0x2E, 0x4B, 0xA5, 0x10, 0x16, 0x12, 0x41, 0xB8, 0xED, 0x7F, 0x19,
    0x45, 0x1A, 0xF5, 0xCA, 0x24, 0x5F, 0x84, 0x01, 0x1E, 0x71, 0x2D, 0xC2, 0xD9, 0xF1, 0x63, 0x5E,
    0xCC, 0x00, 0x1D, 0x98, 0x58, 0xAA, 0x26, 0xDC, 0xC1, 0x37, 0x94, 0xAB, 0x45, 0x48, 0x05, 0xC5,
    0xF0, 0xBC, 0x48, 0xBC, 0x3B, 0x1E, 0xF9, 0xD6, 0xBF, 0x33, 0x26, 0x3D, 0x9E, 0x8D, 0xAF, 0xC3,
    0x8C, 0x08, 0x2B, 0x8C, 0x61, 0x49, 0x03, 0xFC, 0x2D, 0x60, 0xB2, 0x8F, 0xCE, 0x86, 0xD9, 0x53,
    0xA9, 0x1A, 0xAA, 0xDF, 0x71, 0x38, 0x3E, 0x38, 0x5D, 0x06, 0x21, 0x6A, 0x59, 0x98, 0x91, 0xC0,
    0x5F, 0x3F, 0x09, 0x7D, 0xED, 0x36, 0x1B, 0xB6, 0xF2, 0x11, 0x4E, 0xB1, 0xDE, 0x8A, 0x10, 0x0D,
    0xFA, 0x70, 0x9C, 0x86, 0x55, 0xD5, 0x49, 0x76, 0xD5, 0xDC, 0x9D, 0xA2, 0x6C, 0xE4, 0xD5, 0xDE,
    0xCC, 0x25, 0xAF, 0xD5, 0x41, 0x7B, 0xB3, 0x95, 0x4B, 0x12, 0xFE, 0x89, 0xB5, 0x2F, 0x56, 0x7E,
    0xCC, 0xF1, 0x7E, 0x13, 0xB7, 0x8F, 0x92, 0xBC, 0xB5, 0xD0, 0xD5, 0xAE, 0xDC, 0x7F, 0xBC, 0x22,
    0xDD, 0xF8, 0x35, 0xF3, 0x8E, 0x2F, 0x06, 0x90, 0x15, 0xA0, 0xD9, 0x15, 0xA3, 0xAD, 0x5A, 0xC5,
    0x62, 0x1E, 0x2B, 0xF0, 0x86, 0x4B, 0xB1, 0xD7, 0xCB, 0x65, 0x4F, 0xCE, 0x2D, 0xEF, 0x26, 0x09,
    0xD7, 0xAA, 0x7F, 0xD8, 0xC7, 0x2C, 0x80, 0x42, 0xFD, 0xED, 0x0A, 0x89, 0x9C, 0xCF, 0x68, 0xCA,
    0x11, 0x79, 0x29, 0xE6, 0xF1, 0x54, 0x8A, 0x51, 0x70, 0xAC, 0x89, 0x78, 0x36, 0x62, 0xE3, 0x7A,
    0x60, 0xF4, 0xF4, 0x29, 0x96, 0xEE, 0x58, 0xDE, 0x93, 0x98, 0x5F, 0xB1, 0x39, 0x65, 0x43, 0xAC,
    0xE4, 0x45, 0x8C, 0x94, 0x36, 0x1E, 0x0E, 0xB8, 0x72, 0xAB, 0x05, 0x02, 0x59, 0x26, 0xFE, 0x2B,
    0x03, 0x9D, 0x21, 0x16, 0xAB, 0xEB, 0x35, 0x0B, 0x88, 0x83, 0x01, 0xC8, 0x57, 0x32, 0xB7, 0x0B,
    0x95, 0x79, 0xBF, 0x84, 0xCF, 0x54, 0x4B, 0x06, 0x36, 0x2C, 0x0D, 0xC8, 0xFF, 0x83, 0x23, 0x2B,
    0x60, 0xF8, 0x1D, 0x8E, 0x9C, 0x06, 0x1E, 0x54, 0x52, 0xBC, 0x2E, 0x57, 0x55, 0xCB, 0xF1, 0xEA,
    0x7C, 0x67, 0x52, 0xFD, 0x92, 0x7C, 0x28, 0xA1, 0x16, 0xAE, 0x0B, 0xDE, 0x8A, 0xAF, 0x60, 0x83,
    0x3D, 0xF0, 0xDC, 0x1B, 0x66, 0x68, 0xBC, 0x38, 0x80, 0xA4, 0x2C, 0x6F, 0x09, 0x9C, 0xAA, 0x73,
    0x2C, 0x94, 0xF9, 0x5D, 0xC2, 0x37, 0xFE, 0xBF, 0x15, 0x5A, 0x68, 0x9D, 0xF3, 0x04, 0x91, 0x39,
    0xDF, 0xC2, 0x90, 0x78, 0xBA, 0x83, 0x10, 0x09, 0x79, 0xEF, 0xFF, 0xE9, 0x54, 0x4F, 0xE1, 0x91,
    0x4F, 0x63, 0x41, 0x21, 0xBC, 0x0C, 0x4F, 0x42, 0xBA, 0x16, 0x30, 0x22, 0xFB, 0x03, 0x1F, 0xA6,
    0xE8, 0x19, 0xA8, 0x3A, 0x34, 0x45, 0x7F, 0x59, 0xA5, 0xC4, 0x8B, 0x7A, 0x78, 0xDF, 0xA6, 0x19,
    0x8A, 0x85, 0xA0, 0x3C, 0xC5, 0x3B, 0xD3, 0xB7, 0x66, 0xCC, 0xD4, 0x2E, 0x04, 0x6F, 0x7D, 0x31,
    0x97, 0xF0, 0x2D, 0x19, 0xD3, 0x21, 0x3A, 0xF5, 0xE6, 0xD3, 0x45, 0x57, 0x33, 0xD9, 0xF9, 0x16,
    0xAF, 0x82, 0x79, 0x99, 0x0E, 0x73, 0x6E, 0x33, 0x56, 0xF4, 0x98, 0x2F, 0x35, 0x7D, 0x3D, 0x31,
    0x2D, 0xCE, 0x78, 0xDD, 0x86, 0x1C, 0x63, 0xC1, 0xA2, 0x16, 0xD6, 0x84, 0x05, 0x21, 0x80, 0x77,
    0xFC, 0x73, 0x50, 0xC6, 0xCA, 0xAD, 0xB7, 0x30, 0xCF, 0xB7, 0x6B, 0x13, 0xC6, 0x2E, 0x4C, 0xD0,
    0xD1, 0xEF, 0x11, 0x3D, 0x06, 0x07, 0x6B, 0x2E, 0xD6, 0x30, 0x64, 0xF8, 0xB7, 0x86, 0x16, 0xFE,
    0x5A, 0xCE, 0x2B, 0xC4, 0x7A, 0x96, 0xFF, 0x3F, 0xFA, 0x00, 0x42, 0xB4, 0x2B, 0x14, 0x60, 0xFB,
    0x2B, 0x29, 0xC0, 0xDB, 0xEE, 0x19, 0xBE, 0x76, 0x7B, 0xEA, 0xE6, 0x5F, 0xBB, 0x67, 0xA0, 0x93,
    0xE1, 0x55, 0xE9, 0x19, 0x73, 0x6C, 0xC5, 0x5C, 0xF0, 0xA5, 0x05, 0x32, 0x8E, 0x24, 0x5C, 0x98,
    0x65, 0xBC, 0x0A, 0x27, 0xB9, 0x42, 0x36, 0x41, 0x1C, 0xB1, 0x4E, 0xA0, 0xB7, 0xC4, 0x3B, 0x91,
    0xF2, 0xF4, 0x87, 0x2D, 0x29, 0x08, 0x45, 0x09, 0xA7, 0xC2, 0x55, 0x02, 0x2C, 0x91, 0x56, 0x90,
    0x2B, 0xEC, 0xFD, 0x61, 0x7C, 0x36, 0xD5, 0x59, 0xEA, 0x58, 0x16, 0xBF, 0xEF, 0x8C, 0x2C, 0xD8,
    0xC8, 0x10, 0xE9, 0xBD, 0x3B, 0x47, 0xA5, 0x82, 0xF3, 0x16, 0x60, 0x19, 0x65, 0x04, 0xAA, 0x5A,
    0xDE, 0xD4, 0xC6, 0xB7, 0x71, 0x64, 0x9C, 0x15, 0x57, 0x88, 0xAB, 0x61, 0xE5, 0x17, 0xDA, 0xE5,
    0xD7, 0x0C, 0x78, 0xCE, 0x64, 0xD6, 0xD1, 0xB8, 0xF7, 0x8A, 0xAA, 0x22, 0x01, 0x44, 0x01, 0xFE,
    0xCA, 0xCF, 0x09, 0xCE, 0xD6, 0xE4, 0x95, 0xEB, 0x4E, 0xBF, 0x0D, 0x5D, 0x68, 0x81, 0x82, 0x81,
    0xD1, 0x83, 0x02, 0xE4, 0x77, 0x60, 0x92, 0xAE, 0x23, 0x79, 0x1F, 0x47, 0x30, 0xB3, 0x63, 0xB5,
    0x60, 0xD2, 0x03, 0x99, 0x86, 0x0A, 0xE3, 0x0C, 0xBC, 0x98, 0x1C, 0xF1, 0x37, 0x28, 0xF0, 0x76,
    0xE3, 0x7E, 0x19, 0xCA, 0xD0, 0xBD, 0x70, 0xFF, 0x11, 0x99, 0x1D, 0xEA, 0x39, 0x09, 0x1F, 0xB3,
    0xB8, 0x5C, 0x51, 0x3A, 0xF0, 0x09, 0xE9, 0x6F, 0x18, 0x8D, 0x2D, 0x6A, 0xCA, 0x1D, 0x29, 0xF7,
    0xAF, 0x6F, 0x69, 0xA0, 0xF0, 0xC0, 0xC6, 0x98, 0x35, 0x7E, 0x88, 0xCA, 0xA9, 0x50, 0x09, 0x03,
    0x0D, 0xDD, 0x58, 0x05, 0x28, 0x5D, 0x57, 0x02, 0x68, 0xE9, 0x22, 0x78, 0xD9, 0xFB, 0xAD, 0xE3,
    0xA5, 0x58, 0x6B, 0x9A, 0xFB, 0xFC, 0x19, 0x0F, 0xE2, 0x13, 0x6B, 0x78, 0xAB, 0x5A, 0x38, 0x78,
    0x80, 0x8E, 0xB7, 0x6E, 0x33, 0x62, 0x97, 0xBA, 0xEF, 0xE0, 0x11, 0x78, 0x21, 0x39, 0xE2, 0x94,
    0x5F, 0x21, 0x0A, 0xC8, 0xFF, 0xC8, 0x02, 0x47, 0x47, 0x07, 0xE3, 0x62, 0x80, 0xA1, 0x24, 0x41,
    0x01, 0x59, 0x64, 0x24, 0x82, 0xD7, 0x17, 0xBC, 0xB1, 0x33, 0x5B, 0x47, 0xC1, 0x54, 0x8F, 0x67,
    0x63, 0xA7, 0x74, 0xAD, 0xFB, 0x12, 0x10, 0xF1, 0xAB, 0xD5, 0xFC, 0xD9, 0x65, 0x73, 0x39, 0x54,
    0x55, 0xDB, 0x99, 0x2D, 0x75, 0x4B, 0xE1, 0x8A, 0xE9, 0x4E, 0x09, 0xE7, 0xD4, 0xE5, 0xE3, 0x97,
    0xFC, 0xA1, 0xC4, 0x97, 0xF9, 0x37, 0x00, 0xAC, 0xBB, 0xC3, 0x9D, 0xBA, 0x4F, 0x96, 0x25, 0x7B,
    0x39, 0x9B, 0xF2, 0x59, 0x5B, 0x77, 0x8A, 0xDF, 0xF1, 0x0F, 0x11, 0x7C, 0xA9, 0x6B, 0x02, 0x06,
    0x8B, 0xD9, 0xA6, 0xB0, 0x92, 0xBF, 0x01, 0xE8, 0xE9, 0xBA, 0x40, 0x32, 0x24, 0x51, 0x4D, 0x08,
    0x3B, 0x42, 0xFC, 0x1D, 0x8A, 0x67, 0x54, 0xBC, 0xE9, 0xF6, 0x98, 0xEE, 0xD3, 0x6F, 0xFB, 0xED,
    0x53, 0x11, 0x0E, 0x01, 0x65, 0xA7, 0xCA, 0x16, 0x73, 0x04, 0x80, 0x5A, 0xB2, 0xF1, 0x3E, 0xE3,
    0x30, 0x1F, 0x2E, 0x90, 0x29, 0x57, 0xE2, 0x33, 0xFE, 0x14, 0x06, 0xC1, 0x81, 0x42, 0xE7, 0xEA,
    0x29, 0x8D, 0xAA, 0xE6, 0x9E, 0xC8, 0x4D, 0x66, 0xFD, 0xC2, 0xA5, 0x63, 0x41, 0x70, 0x06, 0x07,
    0x01, 0x82, 0x43, 0xB2, 0x52, 0x9B, 0x10, 0x65, 0x99, 0xAF, 0x10, 0x48, 0xE8, 0xCA, 0xA2, 0x41,
    0x9C, 0x95, 0xCA, 0x88, 0x55, 0x15, 0xDA, 0x33, 0x11, 0x05, 0xB8, 0xD2, 0x2B, 0xC6, 0x87, 0xBA,
    0xEE, 0x6D, 0x76, 0xD3, 0x0A, 0x2A, 0x21, 0xB2, 0xD2, 0x7E, 0x72, 0x2D, 0xA8, 0x1D, 0x74, 0xEF,
    0xA4, 0x11, 0xD1, 0x06, 0x58, 0xB2, 0x98, 0xC5, 0xFB, 0x18, 0xED, 0xC7, 0xDF, 0x5D, 0x8C, 0x32,
    0x52, 0x46, 0x9E, 0x56, 0x3F, 0xCF, 0xB9, 0xBC, 0xC5, 0xAB, 0x5D, 0x19, 0x20, 0x3B, 0x28, 0xD7,
    0x4D, 0x5A, 0x07, 0xFE, 0x21, 0x1F, 0x2B, 0x59, 0xEF, 0x44, 0x53, 0xF1, 0xD2, 0x07, 0x7D, 0x37,
    0x6B, 0x67, 0xCA, 0x62, 0x3E, 0xD6, 0xF3, 0xEF, 0xFA, 0xC3, 0x90, 0x6F, 0xE8, 0x58, 0xFC, 0xE3,
    0xB2, 0xD3, 0x0D, 0x0D, 0xF7, 0x41, 0xFC, 0x9E, 0x3B, 0x66, 0x58, 0xBD, 0xC4, 0x76, 0xD3, 0xB8,
    0x6A, 0xEC, 0x10, 0x5A, 0x0E, 0x76, 0xD2, 0xD5, 0xF1, 0xE7, 0x25, 0x7F, 0x04, 0xD5, 0xA8, 0x50,
    0xD5, 0x76, 0xC1, 0xFD, 0x1D, 0x7F, 0xC5, 0xF1, 0x17, 0xDD, 0x5A, 0x3D, 0xB0, 0xDD, 0x46, 0x15,
    0x5E, 0x49, 0xE1, 0x69, 0x26, 0x2A, 0x94, 0x02, 0x18, 0x88, 0x61, 0x94, 0x82, 0x0A, 0x06, 0xAB,
    0xA5, 0x30, 0x96, 0x98, 0x14, 0x14, 0x14, 0xA1, 0xC9, 0x50, 0xD2, 0x50, 0x40, 0xC3, 0x6B, 0x28,
    0xED, 0x27, 0x0D, 0x2E, 0x28, 0x52, 0xF8, 0x55, 0xB4, 0xA1, 0x48, 0x93, 0x34, 0x69, 0x28, 0x5C,
    0xBC, 0x58, 0x22, 0x2E, 0x5C, 0xA4, 0x88, 0x48, 0x4A, 0x8A, 0x68, 0xC2, 0x9B, 0xE1, 0xC7, 0x85,
    0x05, 0x11, 0x44, 0x8E, 0xA5, 0x5D, 0xBE, 0xEF, 0x9C, 0xD5, 0xBD, 0xEF, 0x3E, 0x3F, 0x3F, 0xFF,
    0x8C, 0xC3, 0x04, 0xAE, 0xFD, 0x74, 0x75, 0x57, 0xAB, 0xDD, 0xF3, 0xB7, 0xE7, 0x7C, 0xE7, 0xEC,
    0x5E, 0xCC, 0xEF, 0x5A, 0x7B, 0xD1, 0xE0, 0x53, 0xA4, 0xB7, 0x86, 0xF9, 0x8C, 0x8B, 0x31, 0xF8,
    0x6F, 0x52, 0x76, 0xE1, 0x4D, 0x33, 0xE1, 0xCF, 0x4D, 0xA6, 0x70, 0xAE, 0x4F, 0xA7, 0xA1, 0xF9,
    0xF5, 0x92, 0x86, 0x63, 0x51, 0x0F, 0x26, 0x1E, 0xD0, 0xA7, 0x41, 0x9F, 0xB4, 0xC7, 0x8D, 0x3D,
    0x79, 0x93, 0xAC, 0x8F, 0xA2, 0x09, 0x37, 0x79, 0x37, 0xE4, 0xA5, 0xBB, 0x9E, 0x4C, 0x91, 0x73,
    0xD6, 0xA4, 0xCE, 0xD5, 0xE6, 0x02, 0xFE, 0xB6, 0x53, 0xF0, 0xE6, 0x79, 0xD7, 0x73, 0x1E, 0x6B,
    0xD0, 0xC9, 0xB5, 0xE9, 0x62, 0xAA, 0x3E, 0xC5, 0x40, 0x63, 0xD6, 0x9A, 0x68, 0xCC, 0x5B, 0x13,
    0x18, 0xDC, 0x19, 0x93, 0x75, 0xEC, 0x8F, 0xAE, 0x98, 0x1E, 0x97, 0x08, 0xC4, 0x19, 0xBC, 0x30,
    0xEB, 0x05, 0x73, 0xE2, 0x53, 0x95, 0xE4, 0x6E, 0xF7, 0x52, 0xF1, 0xC1, 0x3B, 0xF8, 0x0B, 0x46,
    0xBE, 0xEB, 0x0E, 0x31, 0x94, 0x5B, 0xCC, 0xEF, 0x1B, 0xBC, 0x37, 0x1D, 0x94, 0xFB, 0x6E, 0x7A,
    0xC9, 0x04, 0xAE, 0x7E, 0x01, 0x0F, 0x5F, 0xB8, 0x1A, 0xBA, 0xFA, 0x28, 0xDF, 0x77, 0x9F, 0x8E,
    0x09, 0x69, 0x89, 0x2C, 0x1E, 0x80, 0x96, 0xBC, 0xC3, 0xE4, 0xE9, 0x00, 0x5A, 0x62, 0xF0, 0x0F,
    0xAA, 0x78, 0x99, 0xE4, 0x4E, 0xDA, 0xE4, 0x69, 0xC2, 0x7E, 0xF2, 0x86, 0xBC, 0x2B, 0xA3, 0x5C,
    0xDD, 0xC3, 0x78, 0x32, 0x72, 0x05, 0x16, 0xA2, 0x25, 0x07, 0x0F, 0xF1, 0x84, 0x11, 0xD9, 0x7F,
    0xA4, 0x7C, 0x22, 0x90, 0x5E, 0xB4, 0x81, 0x05, 0x03, 0xA5, 0x71, 0x86, 0x37, 0x55, 0xCD, 0xC6,
    0xBC, 0x65, 0x87, 0x74, 0x60, 0xE7, 0x84, 0xD3, 0x98, 0x68, 0xAE, 0x20, 0xBA, 0x60, 0x71, 0x64,
    0x08, 0x1C, 0x90, 0xC1, 0x99, 0xD7, 0x7C, 0x50, 0x51, 0xB8, 0xF5, 0xAA, 0x62, 0x7A, 0xF0, 0x7A,
    0x6E, 0x1F, 0x7B, 0xE2, 0x63, 0xD6, 0xCF, 0x4E, 0x63, 0x6E, 0x4B, 0x93, 0x50, 0x87, 0x0D, 0x65,
    0xB3, 0x98, 0xA6, 0x86, 0x62, 0xDE, 0x11, 0xC9, 0x93, 0x6E, 0x13, 0xC9, 0xC5, 0x95, 0xBC, 0x74,
    0x94, 0xF2, 0x48, 0x96, 0x17, 0x53, 0xD4, 0x89, 0x0D, 0x67, 0x88, 0x1E, 0xD3, 0x84, 0x0E, 0x62,
    0x0B, 0xC9, 0x43, 0x74, 0x0F, 0x97, 0xF4, 0xCF, 0x18, 0xAE, 0x7A, 0xD9, 0x41, 0x0E, 0xA1, 0x1B,
    0x21, 0xA4, 0x86, 0xBA, 0xCC, 0x39, 0x46, 0xB2, 0x1D, 0x92, 0x5C, 0xC6, 0x63, 0x48, 0x33, 0x83,
    0x04, 0xAB, 0xB2, 0xE8, 0xE3, 0xD9, 0x54, 0x0E, 0x93, 0x54, 0x94, 0xC3, 0x05, 0xD0, 0x75, 0xD5,
    0x64, 0x55, 0x9B, 0xBA, 0x21, 0x5A, 0x46, 0xDC, 0xC3, 0xCA, 0x0E, 0x49, 0x15, 0xAD, 0xCE, 0xD0,
    0xEE, 0x48, 0x4F, 0x75, 0x6C, 0xF6, 0x47, 0xA1, 0x34, 0x5C, 0xA0, 0x39, 0x31, 0x97, 0x54, 0x8C,
    0xAA, 0xCD, 0xCA, 0xC4, 0xD5, 0x71, 0x7F, 0x19, 0xE3, 0x61, 0x9A, 0x4B, 0xC6, 0x05, 0x8B, 0x19,
    0x8F, 0x40, 0xF3, 0xB7, 0xCC, 0x8D, 0x51, 0xBA, 0x5E, 0x19, 0xC5, 0xEA, 0x2E, 0x51, 0xCD, 0xDB,
    0x2F, 0xDF, 0x38, 0xC6, 0xD2, 0xE5, 0x06, 0x08, 0x7D, 0xC9, 0xDC, 0xB8, 0x12, 0xBA, 0x1F, 0xE0,
    0xF5, 0xCB, 0x10, 0xF4, 0x1C, 0x0E, 0x59, 0x59, 0x80, 0xAA, 0x3E, 0x6D, 0xF7, 0x6C, 0x99, 0xB6,
    0x32, 0x56, 0x51, 0x7A, 0x22, 0x84, 0xA4, 0x89, 0x92, 0x12, 0x02, 0x43, 0x25, 0x57, 0x89, 0xDF,
    0xB3, 0x90, 0x45, 0xD4, 0x1F, 0x04, 0x66, 0x36, 0xD1, 0x70, 0xC1, 0xDD, 0x72, 0x4D, 0x5E, 0xCF,
    0x73, 0xF4, 0xC9, 0x98, 0xDF, 0x76, 0x2E, 0x5E, 0xBE, 0x6F, 0x32, 0x2E, 0x13, 0x87, 0x7F, 0x62,
    0x4B, 0x90, 0x4A, 0x1D, 0x4D, 0xA0, 0xA0, 0x68, 0xF3, 0x2E, 0x5C, 0x30, 0x43, 0xCA, 0xE7, 0x0D,
    0xD7, 0x84, 0x45, 0x27, 0x69, 0x82, 0x94, 0xC1, 0x3A, 0x7B, 0xC5, 0x23, 0x16, 0x90, 0xBC, 0x28,
    0x26, 0xC6, 0xB1, 0x2A, 0x1A, 0xC6, 0xDB, 0xBC, 0xDC, 0xE1, 0x65, 0x12, 0xFD, 0x8B, 0x95, 0xD5,
    0xAB, 0xA1, 0x44, 0xE7, 0x34, 0x3A, 0xFF, 0x69, 0x9F, 0x44, 0xFA, 0xCE, 0x1D, 0x52, 0xFA, 0x98,
    0x8D, 0xD2, 0xC7, 0x0B, 0x94, 0x3E, 0xD6, 0x10, 0xA4, 0x8F, 0x69, 0x1A, 0x48, 0x5F, 0xBE, 0xAE,
    0xE0, 0x0B, 0x2A, 0xB9, 0x04, 0x7E, 0x41, 0x97, 0x7C, 0xD5, 0x10, 0xBB, 0xB1, 0xB9, 0x7E, 0x41,
    0x8D, 0x57, 0x6E, 0x18, 0x0B, 0x6D, 0xDC, 0xB8, 0x62, 0x68, 0x6B, 0x90, 0x3E, 0x98, 0xA6, 0xF4,
    0xDF, 0x34, 0xDF, 0x7E, 0x19, 0xD2, 0x17, 0x35, 0x9F, 0x94, 0xBE, 0x3D, 0x57, 0xFA, 0x1B, 0x66,
    0xD0, 0xAF, 0x72, 0x2F, 0x3B, 0x97, 0xB7, 0x07, 0x30, 0x39, 0x4C, 0xDC, 0xC6, 0x77, 0xBB, 0x03,
    0xA8, 0xB4, 0x72, 0x65, 0x0E, 0xEE, 0x43, 0xDA, 0xA6, 0x18, 0x03, 0x97, 0xA8, 0xAC, 0x85, 0xB5,
    0x29, 0x75, 0x27, 0x3F, 0xF3, 0x43, 0x7A, 0xF9, 0x26, 0xFF, 0x89, 0x76, 0xDE, 0x71, 0xA1, 0x2B,
    0x2B, 0x77, 0x6B, 0xC8, 0x7F, 0x5A, 0x5E, 0x36, 0x66, 0x32, 0x71, 0x67, 0x0A, 0x13, 0x8E, 0x26,
    0x2F, 0xC1, 0x49, 0x51, 0x82, 0xDD, 0xE6, 0xD5, 0x9F, 0x78, 0x3A, 0xD9, 0xF3, 0x76, 0x9F, 0xFF,
    0xC8, 0x48, 0xCF, 0x94, 0x7E, 0xB4, 0x18, 0xA1, 0x66, 0x18, 0x8F, 0x49, 0x3F, 0x32, 0xC5, 0x41,
    0x38, 0x35, 0xAE, 0xDE, 0x3F, 0x86, 0x2F, 0x8A, 0x86, 0xE2, 0xDD, 0x39, 0x6B, 0x67, 0x2A, 0xB2,
    0x81, 0xF6, 0xC2, 0x19, 0x7A, 0x4C, 0x06, 0x68, 0x34, 0x6F, 0x1F, 0xBB, 0xC9, 0xA1, 0x29, 0x9A,
    0x69, 0x3A, 0x43, 0xD1, 0x41, 0x2C, 0xAE, 0xCB, 0x28, 0xA7, 0xC5, 0xDD, 0x75, 0xEE, 0x03, 0xD8,
    0xEA, 0x14, 0x2E, 0x74, 0x51, 0x22, 0x72, 0x31, 0x13, 0x31, 0x18, 0xBB, 0xB1, 0x17, 0xB3, 0x8F,
    0xA8, 0x82, 0xC8, 0x62, 0x29, 0xA6, 0x0F, 0x9D, 0x8D, 0xA6, 0x0A, 0xBF, 0x5F, 0xE3, 0x0D, 0x1F,
    0x5C, 0x5F, 0x6F, 0x5E, 0x5B, 0x1F, 0x5D, 0xE3, 0x4D, 0x8A, 0x9B, 0xBA, 0xC2, 0x8D, 0x69, 0x70,
    0x63, 0x78, 0x93, 0x3E, 0xC3, 0x9B, 0x8B, 0x6B, 0x88, 0x8C, 0xEA, 0x14, 0x6B, 0x22, 0x9F, 0xCD,
    0x25, 0x73, 0xA5, 0x99, 0xE0, 0x74, 0xA6, 0xEC, 0x8E, 0x7B, 0xDD, 0x9A, 0x09, 0x2B, 0xB9, 0xBE,
    0xBC, 0xF3, 0xA5, 0x16, 0x32, 0x56, 0x79, 0x09, 0x0B, 0xC1, 0x52, 0x47, 0x08, 0x73, 0xA6, 0x78,
    0x27, 0x98, 0x96, 0xEC, 0x0F, 0x8E, 0x4E, 0xB2, 0x29, 0xE1, 0xB7, 0x9D, 0xFA, 0x77, 0x78, 0xF8,
    0xC5, 0xAC, 0xEB, 0x70, 0xE6, 0x3A, 0xE4, 0x62, 0x4C, 0x06, 0xE8, 0x69, 0xB3, 0x5C, 0x65, 0x69,
    0x16, 0x6D, 0xD1, 0x4A, 0xAF, 0xAC, 0x83, 0xF4, 0x36, 0xAB, 0x5C, 0xC6, 0x32, 0x34, 0x9D, 0xA2,
    0x15, 0x33, 0xCA, 0xBA, 0x98, 0x2B, 0x2E, 0xED, 0x43, 0x27, 0x51, 0x45, 0x1E, 0xD2, 0xAC, 0x0A,
    0x15, 0x34, 0x2C, 0x9F, 0xEE, 0x13, 0x46, 0x20, 0x06, 0x37, 0x73, 0x7E, 0x79, 0x28, 0x21, 0x40,
    0xC7, 0xC0, 0x43, 0x09, 0x9C, 0xF0, 0x1D, 0x75, 0x80, 0x0B, 0x14, 0x8C, 0x15, 0x88, 0x75, 0x49,
    0xBD, 0x8A, 0xF6, 0xEE, 0x0F, 0x32, 0xE8, 0x3C, 0xD3, 0x0F, 0x9B, 0x59, 0xC7, 0x3E, 0xD2, 0xB1,
    0xDF, 0xC1, 0xEB, 0x18, 0xF4, 0x80, 0x13, 0x5B, 0x62, 0x05, 0x3A, 0xA5, 0x94, 0x06, 0xDF, 0x98,
    0xE0, 0xD5, 0x9F, 0xFC, 0x4B, 0x15, 0x4F, 0xBF, 0x24, 0x13, 0xE7, 0xBA, 0x14, 0x85, 0x87, 0xBC,
    0x54, 0x1E, 0x5A, 0xE5, 0xA1, 0x55, 0x1E, 0x3A, 0xE1, 0x21, 0xF6, 0x3C, 0x0C, 0xCA, 0xC3, 0x78,
    0x92, 0x07, 0x15, 0x80, 0x31, 0xCB, 0x2E, 0x0F, 0x46, 0xE7, 0x29, 0xF7, 0x7B, 0x99, 0xA7, 0x11,
    0x1E, 0xDA, 0x83, 0xA4, 0xE7, 0xA0, 0x7B, 0x27, 0x04, 0xC3, 0xB1, 0xD3, 0x5A, 0x06, 0x4D, 0x3A,
    0x19, 0x34, 0xEE, 0x4D, 0xE0, 0x27, 0xB5, 0xFA, 0xE5, 0xF4, 0xAB, 0x92, 0x67, 0xE4, 0x41, 0xBE,
    0x5A, 0xAE, 0x50, 0x02, 0x01, 0x71, 0xEE, 0x0C, 0x53, 0x7B, 0xBF, 0x0B, 0x24, 0x9C, 0x5A, 0x73,
    0x39, 0x9C, 0xD8, 0x23, 0x6C, 0x41, 0x92, 0x2C, 0xEC, 0x49, 0x29, 0x84, 0x6C, 0xC9, 0x3B, 0x7C,
    0x0C, 0x5B, 0xB1, 0x2E, 0x45, 0x05, 0x90, 0xA3, 0xBA, 0xD0, 0x56, 0xFA, 0x9A, 0x99, 0xAD, 0x7B,
    0x75, 0xDA, 0xB2, 0xF5, 0x20, 0x9A, 0xD0, 0x5A, 0x85, 0xCE, 0x82, 0xAA, 0x6C, 0x40, 0xE8, 0x28,
    0xCA, 0x48, 0x34, 0x36, 0x88, 0x2E, 0x40, 0x72, 0x51, 0x88, 0x2F, 0x13, 0xD4, 0x06, 0xED, 0x0F,
    0x85, 0xB4, 0x52, 0x19, 0x98, 0x30, 0xAB, 0x0B, 0xB6, 0xD2, 0x9B, 0x48, 0x5F, 0x2A, 0xA5, 0x52,
    0x6D, 0x48, 0xC4, 0x2B, 0x54, 0x92, 0xAB, 0xD0, 0x38, 0xD4, 0x0D, 0xFA, 0x25, 0x4C, 0x5D, 0x50,
    0xD5, 0x93, 0x6F, 0xD8, 0xF9, 0x58, 0xBF, 0x88, 0x39, 0x82, 0x40, 0x18, 0xFA, 0x4E, 0xFC, 0xE5,
    0xA3, 0xBE, 0x45, 0x77, 0xC8, 0x95, 0x4E, 0x7E, 0x64, 0x8D, 0xE3, 0x85, 0x8B, 0x08, 0xE9, 0xE9,
    0x9D, 0x11, 0x6D, 0xAE, 0xCE, 0xA6, 0x1C, 0x42, 0x0B, 0xE8, 0xC1, 0xF7, 0xE8, 0x70, 0xFD, 0x0C,
    0x02, 0xD2, 0x54, 0x60, 0x1E, 0xC5, 0x99, 0x44, 0x40, 0x89, 0xF9, 0xF9, 0x69, 0x0A, 0x64, 0x4A,
    0x62, 0x38, 0x5E, 0x43, 0x19, 0xC3, 0x68, 0x9C, 0xAA, 0xE4, 0xC5, 0xE2, 0xBA, 0x84, 0xF3, 0x0F,
    0xD5, 0xB5, 0x56, 0xE2, 0x6B, 0x48, 0x6D, 0xB0, 0x08, 0x84, 0x68, 0x84, 0xDB, 0xA2, 0x26, 0x91,
    0x99, 0x20, 0xAF, 0x54, 0x2C, 0x5F, 0x16, 0x3F, 0xB5, 0x42, 0xA1, 0x38, 0x55, 0x58, 0xCD, 0x67,
    0xB9, 0xF8, 0x6D, 0xF1, 0xE3, 0x75, 0xCC, 0xEB, 0xC0, 0x1E, 0x58, 0x94, 0x4E, 0xC6, 0xE1, 0xA2,
    0x49, 0x07, 0xEA, 0x36, 0x5C, 0x28, 0x10, 0x53, 0xBC, 0x36, 0xAA, 0x8E, 0x30, 0x7D, 0x6D, 0x56,
    0xA4, 0xEA, 0x1D, 0x9E, 0x5E, 0x43, 0x75, 0x7E, 0x6F, 0x3C, 0x84, 0xB5, 0x68, 0x87, 0xB5, 0x79,
    0xCB, 0x5A, 0xFE, 0x3E, 0x65, 0x92, 0x7E, 0x2C, 0x50, 0x68, 0xE0, 0xCC, 0xE2, 0x8F, 0x8D, 0x44,
    0x3B, 0x9A, 0x29, 0x9B, 0x8A, 0x56, 0xF4, 0xD2, 0x85, 0x6A, 0xEA, 0x64, 0x6D, 0x26, 0x39, 0x9E,
    0xB5, 0x46, 0xF4, 0x07, 0x7A, 0xE9, 0xB5, 0xC1, 0xCD, 0xE2, 0x59, 0x8B, 0x94, 0xB5, 0x85, 0x82,
    0x52, 0xD6, 0x5A, 0x7A, 0x99, 0x64, 0x20, 0x5C, 0x0D, 0xAC, 0xB2, 0x76, 0x9B, 0xF4, 0x11, 0x92,
    0x06, 0xA2, 0xAF, 0xD0, 0x2A, 0xB9, 0x0A, 0x00, 0xD4, 0xAD, 0x93, 0x9E, 0xE0, 0x0D, 0xF3, 0x8B,
    0x27, 0x66, 0x4D, 0xB4, 0xF6, 0x81, 0x67, 0x4D, 0x00, 0x9F, 0xB0, 0xB6, 0x84, 0x5E, 0x6B, 0xCA,
    0x9A, 0x68, 0xED, 0x04, 0x6B, 0xD3, 0x2E, 0x6B, 0x20, 0x59, 0xB5, 0x76, 0x06, 0x6B, 0xF3, 0x96,
    0xB5, 0x9A, 0xAC, 0x09, 0x96, 0x47, 0xD3, 0x49, 0xD6, 0x70, 0x7B, 0xD3, 0x7C, 0x8F, 0xB4, 0x8D,
    0x5C, 0x0F, 0x95, 0x20, 0x99, 0x5C, 0x3D, 0x53, 0x9D, 0xD5, 0xA7, 0x99, 0x12, 0xD0, 0x6D, 0xD2,
    0x59, 0x0D, 0xB2, 0x16, 0x06, 0xA5, 0xC9, 0x0A, 0x32, 0x6F, 0x64, 0x71, 0x17, 0xAF, 0x0D, 0xE2,
    0xA3, 0x17, 0x99, 0x80, 0x4D, 0xB2, 0xB0, 0xE9, 0x6B, 0xD8, 0xE4, 0xC4, 0x31, 0x00, 0x1E, 0x0F,
    0x82, 0x02, 0xAC, 0xD8, 0x0E, 0x9A, 0xE2, 0x89, 0x92, 0x0E, 0xC5, 0xA1, 0x92, 0x6A, 0x34, 0x11,
    0x9C, 0x8D, 0x62, 0x90, 0x4E, 0x59, 0x6B, 0x89, 0x39, 0x11, 0x2A, 0x66, 0x19, 0xC7, 0x0A, 0x8E,
    0x40, 0x88, 0xC1, 0xBB, 0xE2, 0x68, 0x5D, 0x46, 0x09, 0x42, 0x81, 0x71, 0xC7, 0xBC, 0x07, 0xDD,
    0xDC, 0x66, 0xC2, 0xAC, 0x8C, 0x3B, 0x73, 0xE6, 0xA7, 0x10, 0x0E, 0x72, 0xD1, 0x6D, 0x4A, 0xCE,
    0xC1, 0xDA, 0x28, 0xDA, 0x96, 0x26, 0x27, 0x43, 0x57, 0x62, 0xE5, 0x02, 0x02, 0xBC, 0xF9, 0xC7,
    0x02, 0x80, 0xFD, 0x1C, 0x56, 0x5C, 0x3C, 0xC2, 0x98, 0x78, 0x43, 0x36, 0x41, 0x73, 0x68, 0x02,
    0x47, 0xF1, 0x24, 0xC1, 0x48, 0xD3, 0x1C, 0xD0, 0x26, 0x29, 0x18, 0xBD, 0x13, 0x98, 0xA2, 0xD6,
    0x5C, 0xA7, 0xBE, 0x43, 0x99, 0x12, 0x37, 0x99, 0x75, 0x4E, 0x0C, 0xC2, 0x33, 0x45, 0xBA, 0xB3,
    0x7E, 0x25, 0x77, 0x35, 0x42, 0x52, 0x1D, 0x0E, 0x97, 0xF9, 0x63, 0x8C, 0xD9, 0xF1, 0xFB, 0x81,
    0x24, 0x97, 0xED, 0x2C, 0x30, 0x54, 0x14, 0x92, 0xC9, 0x35, 0x39, 0xA1, 0xA9, 0xE0, 0x0C, 0x4D,
    0xFD, 0x71, 0xD9, 0x30, 0xA5, 0x9A, 0x0A, 0x05, 0x25, 0x79, 0xC1, 0x31, 0x36, 0x6F, 0x34, 0x25,
    0x4C, 0xC5, 0x0A, 0xB1, 0x54, 0x53, 0x56, 0x9E, 0x35, 0xA2, 0xA9, 0x13, 0x4C, 0xB5, 0x0F, 0x63,
    0xCA, 0x6B, 0x2A, 0xEF, 0xD6, 0xEC, 0x56, 0xE1, 0x9F, 0xE8, 0xA0, 0xF2, 0x59, 0x9A, 0x2A, 0x7B,
    0xD8, 0xAC, 0x35, 0xA1, 0x78, 0xCD, 0xCF, 0xB2, 0xBB, 0xBE, 0x29, 0x9A, 0xD7, 0xA6, 0x26, 0xF5,
    0x4D, 0x59, 0x67, 0xD7, 0x67, 0x6B, 0x93, 0x9A, 0x89, 0x98, 0x85, 0x6F, 0x8A, 0x25, 0x7B, 0x96,
    0x4C, 0x5A, 0x26, 0xAA, 0x45, 0x2D, 0xC2, 0x00, 0x95, 0xE5, 0x7B, 0x39, 0x0F, 0xF9, 0x0D, 0x80,
    0x9E, 0x36, 0x31, 0xC3, 0x95, 0xA6, 0x80, 0xD4, 0x49, 0x53, 0xB1, 0x36, 0x49, 0xDA, 0xDA, 0xCB,
    0xB3, 0x4D, 0xAE, 0xD0, 0xFA, 0xA6, 0x74, 0xF4, 0x59, 0xE8, 0x3F, 0xD7, 0xCC, 0xC0, 0x55, 0xAD,
    0x6F, 0x62, 0xE0, 0xFA, 0x8C, 0xC4, 0x91, 0x8C, 0x58, 0x30, 0x79, 0x75, 0x1C, 0xB8, 0x0E, 0x34,
    0x9A, 0xAA, 0x15, 0xF1, 0xFF, 0x9A, 0xC2, 0x7B, 0x23, 0x1D, 0x36, 0xA9, 0xBE, 0x38, 0x08, 0x75,
    0xB8, 0x1A, 0x4D, 0x75, 0x3E, 0x75, 0xB5, 0x4A, 0xAA, 0x36, 0xAB, 0xEF, 0xD1, 0xC5, 0x3A, 0x6E,
    0xDF, 0xA1, 0xE8, 0x9F, 0x2F, 0x65, 0x11, 0xB6, 0x15, 0xD6, 0x0A, 0xE0, 0xDA, 0x71, 0xD0, 0xF4,
    0xD4, 0xA1, 0x35, 0x9A, 0x61, 0x22, 0x1F, 0x38, 0xE6, 0x90, 0x02, 0xD2, 0x33, 0x79, 0xAB, 0x51,
    0xAF, 0xCE, 0x96, 0xE7, 0x32, 0x69, 0x90, 0x21, 0x7F, 0x49, 0x8A, 0x2E, 0xAD, 0x5E, 0x5F, 0xE6,
    0x5D, 0x34, 0xC8, 0x22, 0xB0, 0x97, 0xDB, 0x45, 0xB6, 0x0B, 0xF1, 0x7B, 0x4F, 0x74, 0xFA, 0x88,
    0x1B, 0x4A, 0x88, 0x02, 0xD3, 0x9B, 0x27, 0x78, 0x6B, 0xFB, 0x19, 0x3C, 0xD1, 0x8B, 0x4F, 0x3A,
    0x44, 0x12, 0x94, 0xC9, 0xD7, 0xCD, 0x17, 0x83, 0xBA, 0x1F, 0x53, 0xAF, 0x74, 0x50, 0x04, 0x5F,
    0xFF, 0x06, 0x56, 0x9D, 0x61, 0x4C, 0x2F, 0x9A, 0x17, 0xCB, 0x2F, 0x00, 0x75, 0xC1, 0x08, 0x3F,
    0xAA, 0xA8, 0x1C, 0x2B, 0x39, 0x2B, 0xB3, 0x72, 0x37, 0xC6, 0xED, 0xF4, 0x7E, 0x9C, 0xE1, 0xD7,
    0x15, 0xB0, 0xA5, 0xEE, 0x49, 0xDE, 0xDA, 0x7E, 0xA4, 0xDE, 0x86, 0x76, 0x7A, 0x16, 0x28, 0xF3,
    0x67, 0xBB, 0x82, 0x22, 0x9C, 0xB4, 0x1E, 0xE1, 0x3C, 0xD9, 0xED, 0x36, 0x9F, 0x0F, 0x7A, 0xA2,
    0x6C, 0xCB, 0x10, 0x79, 0x60, 0x82, 0xC3, 0x67, 0x3F, 0xC1, 0x57, 0x04, 0x3C, 0x22, 0xEC, 0xE4,
    0x7F, 0xEA, 0xF3, 0xF6, 0xE6, 0x8B, 0xF5, 0x9E, 0x9F, 0x04, 0x4E, 0x05, 0xCC, 0xDE, 0xA2, 0x71,
    0x58, 0x59, 0x52, 0x78, 0x91, 0x8B, 0xFB, 0xE9, 0x7E, 0x6C, 0x47, 0x3B, 0x55, 0x2D, 0xDA, 0x5A,
    0xD7, 0xAC, 0x7D, 0xE8, 0xB2, 0x3D, 0xAC, 0xC8, 0x05, 0xCC, 0x3F, 0xCD, 0x8F, 0xED, 0x68, 0xB8,
    0xFD, 0xAC, 0x14, 0x6E, 0xAC, 0x6A, 0x6F, 0x24, 0x45, 0xAC, 0x84, 0xE2, 0x77, 0xA6, 0x89, 0x80,
    0x13, 0xFD, 0x02, 0xB3, 0x4F, 0x9B, 0xA0, 0x53, 0x94, 0x02, 0xB7, 0x7B, 0x3E, 0x80, 0xD5, 0xD1,
    0xA9, 0x35, 0x22, 0xAF, 0x5C, 0x96, 0x4B, 0x22, 0xE8, 0x34, 0xF4, 0x0F, 0xF4, 0x8D, 0x76, 0xFB,
    0x86, 0xA4, 0x91, 0xEB, 0x50, 0x76, 0x3B, 0x47, 0xE0, 0x4A, 0x3F, 0x39, 0x85, 0x5F, 0x6E, 0xA9,
    0x22, 0x26, 0x0D, 0xC7, 0xA0, 0x43, 0xA4, 0xF9, 0xE3, 0xC4, 0x72, 0x08, 0x0C, 0x6A, 0xCA, 0xF0,
    0xEC, 0xAA, 0x94, 0x4F, 0xB7, 0x25, 0x8A, 0x9A, 0x74, 0x10, 0xB2, 0xF0, 0xC5, 0x84, 0x04, 0x85,
    0xEE, 0x3E, 0x6B, 0xC5, 0x96, 0xBC, 0xBB, 0xEB, 0x24, 0xED, 0x63, 0xE0, 0x32, 0xC7, 0x00, 0xD7,
    0xD8, 0x84, 0xB8, 0xA5, 0x76, 0x68, 0xEC, 0x81, 0xDF, 0x1C, 0x03, 0x21, 0x22, 0x58, 0x55, 0xE6,
    0xAC, 0xAD, 0xA2, 0x31, 0xB0, 0x21, 0x51, 0x40, 0x8B, 0xC6, 0x18, 0x29, 0x02, 0xE8, 0x42, 0xA3,
    0xC9, 0x3E, 0x76, 0xAC, 0x39, 0x30, 0xD6, 0x15, 0x6F, 0xA3, 0x31, 0x91, 0xE5, 0x2E, 0xC1, 0x4A,
    0xE6, 0x8D, 0x24, 0x5A, 0xD1, 0x15, 0xBF, 0x60, 0xD6, 0x1C, 0x66, 0x75, 0xEB, 0x3E, 0x5C, 0xA5,
    0x8A, 0x72, 0xE6, 0xB3, 0xB1, 0x8E, 0xAF, 0x52, 0x35, 0x94, 0x41, 0x20, 0x51, 0x10, 0xC1, 0x26,
    0xA4, 0xB2, 0x4A, 0x26, 0x40, 0xCC, 0xED, 0x90, 0x6D, 0x6F, 0x20, 0x7E, 0xB0, 0x48, 0x88, 0x2E,
    0xDE, 0x13, 0x74, 0xFF, 0x89, 0x20, 0x8B, 0x45, 0xA3, 0x5B, 0x25, 0x79, 0xDC, 0x47, 0x02, 0x85,
    0xEF, 0x4B, 0xE8, 0xF1, 0x0F, 0xF6, 0xA5, 0x6E, 0xFD, 0x27, 0x79, 0xE3, 0x1F, 0xCB, 0x06, 0xC7,
    0x04, 0x4B, 0xAC, 0x21, 0x57, 0xE7, 0x60, 0x50, 0x6C, 0x6A, 0x3F, 0x79, 0xA6, 0x51, 0x58, 0xA8,
    0x32, 0x41, 0x73, 0x4F, 0x28, 0x0D, 0x54, 0xF0, 0x1A, 0x76, 0xE6, 0x6D, 0x28, 0x0B, 0xE6, 0xFF,
    0x0F, 0x06, 0xE3, 0x7E, 0x9B, 0xD6, 0x25, 0xF7, 0x65, 0xB4, 0xA1, 0x91, 0x6B, 0x32, 0x9E, 0xCD,
    0xDA, 0xBE, 0x2D, 0x8D, 0x37, 0xD1, 0x58, 0x02, 0x41, 0xEC, 0xCA, 0xC4, 0x99, 0x68, 0xA1, 0x27,
    0xE1, 0x35, 0x5C, 0xB4, 0xD0, 0xD1, 0x3A, 0x09, 0xF9, 0x82, 0x16, 0x9C, 0xD4, 0x1E, 0xF2, 0xF7,
    0x39, 0x41, 0xFC, 0xE9, 0x49, 0x3E, 0x94, 0x41, 0x41, 0x53, 0x91, 0x7F, 0xA0, 0xFB, 0x09, 0xC2,
    0x60, 0x7E, 0x5B, 0xD3, 0x3A, 0x1D, 0x2A, 0xD3, 0xD5, 0x28, 0x73, 0x10, 0x11, 0x01, 0x84, 0xEA,
    0xE4, 0xC4, 0x0B, 0x76, 0xA5, 0x0A, 0x29, 0xEE, 0xB1, 0x6E, 0x3C, 0xFC, 0x6A, 0x93, 0x52, 0x34,
    0xC2, 0x79, 0xA1, 0x29, 0x45, 0x99, 0xD7, 0xFF, 0xDB, 0xAC, 0x3D, 0x51, 0x62, 0xF1, 0x3F, 0xA6,
    0x35, 0xBC, 0x81, 0xFF, 0x3F, 0x1C, 0x4C, 0xFC, 0x2F, 0x07, 0x54, 0x98, 0x0D, 0xF1, 0x12, 0x38,
    0xA0, 0xC3, 0xEC, 0xD3, 0x45, 0xF3, 0x89, 0x6C, 0x51, 0x7B, 0x8D, 0xE1, 0x07, 0x63, 0xBB, 0xDB,
    0xE7, 0x9F, 0xAC, 0xF0, 0x7C, 0xD7, 0x98, 0x6F, 0x6E, 0xB9, 0x7E, 0x4E, 0xAA, 0xCB, 0xA9, 0xA6,
    0xA3, 0x2D, 0x26, 0xBE, 0x20, 0x1B, 0x28, 0xC8, 0xB7, 0x78, 0x8D, 0x59, 0xDB, 0x86, 0x43, 0x23,
    0xD7, 0xD1, 0x5F, 0xA6, 0x02, 0xB9, 0x6D, 0xEF, 0x32, 0x78, 0xD5, 0x21, 0xC7, 0x62, 0x0C, 0x07,
    0x72, 0x8D, 0x84, 0x06, 0x5C, 0x13, 0x82, 0x80, 0xEB, 0x51, 0xB8, 0x9E, 0x84, 0x6B, 0x16, 0x99,
    0x1C, 0x5D, 0x00, 0xB8, 0x3E, 0x12, 0xAE, 0x8F, 0x84, 0xEB, 0xAB, 0xE4, 0x3A, 0x5F, 0x84, 0x6B,
    0x2D, 0xBA, 0x57, 0xC2, 0x75, 0x2E, 0x5C, 0xE7, 0x82, 0x70, 0xD3, 0x98, 0x5C, 0x07, 0xE6, 0x79,
    0xE1, 0x5A, 0xBC, 0x4C, 0x38, 0x6C, 0xCA, 0x30, 0x8A, 0x9F, 0x15, 0xD3, 0x3F, 0xA8, 0x56, 0xC6,
    0x13, 0xFA, 0x69, 0xBA, 0xF9, 0x35, 0x27, 0xA1, 0xF3, 0x7E, 0x46, 0x8D, 0x92, 0x2C, 0x91, 0x8C,
    0xE2, 0x75, 0x6E, 0x25, 0x7D, 0x28, 0xC5, 0x9A, 0x06, 0x61, 0x60, 0x4A, 0x21, 0x62, 0xBF, 0xE9,
    0x97, 0x48, 0x38, 0x50, 0x37, 0xA7, 0x61, 0x40, 0xA2, 0x80, 0x1A, 0xCC, 0x26, 0xAB, 0x4A, 0xDB,
    0x2F, 0x3C, 0xF1, 0x42, 0x76, 0x35, 0x48, 0x49, 0x04, 0x36, 0x5F, 0xFD, 0x70, 0x64, 0x82, 0x53,
    0x95, 0x67, 0x95, 0xE0, 0x9E, 0x21, 0x9D, 0xA7, 0x1B, 0x99, 0x20, 0x58, 0x12, 0x6F, 0x39, 0x75,
    0xF5, 0x0A, 0xAB, 0xA5, 0xEF, 0x32, 0xAB, 0xED, 0x8B, 0x11, 0xE4, 0x45, 0x02, 0x3B, 0x72, 0x09,
    0xC4, 0xB2, 0x94, 0x01, 0xA3, 0x4A, 0x2D, 0x3A, 0xA5, 0x03, 0x1C, 0x41, 0xB0, 0x03, 0xA6, 0xBE,
    0xC0, 0x74, 0xFB, 0x0D, 0x68, 0x5F, 0x7A, 0x14, 0x63, 0x17, 0xBF, 0xE3, 0xEB, 0x75, 0x7B, 0xA7,
    0xE4, 0x2E, 0x7B, 0xB7, 0x33, 0x0D, 0x2A, 0x19, 0xB7, 0x7B, 0xB7, 0x85, 0x54, 0x10, 0xAB, 0x3A,
    0xD0, 0x1A, 0x8D, 0x54, 0xF6, 0x61, 0x58, 0x3B, 0x7B, 0xB7, 0x02, 0xC3, 0x8A, 0x47, 0xEE, 0xDD,
    0x3E, 0x6C, 0xBF, 0xF6, 0xB1, 0xAF, 0xE7, 0x66, 0x31, 0xF6, 0x50, 0xB6, 0xE0, 0xE8, 0x7A, 0xAE,
    0xF7, 0xE6, 0x02, 0x4B, 0x05, 0x52, 0x38, 0x50, 0xF4, 0xD6, 0xAB, 0x28, 0x53, 0x27, 0x5B, 0xC0,
    0xF8, 0xF1, 0x11, 0xA1, 0x02, 0x4B, 0x68, 0x78, 0xEB, 0x6F, 0x8F, 0x4A, 0x45, 0x8C, 0xF9, 0x0E,
    0x0C, 0x38, 0x91, 0xA2, 0x3F, 0x60, 0x6D, 0x02, 0x2F, 0x43, 0x30, 0x91, 0xB3, 0x98, 0x57, 0x5C,
    0x67, 0x35, 0x5D, 0x76, 0xC9, 0x09, 0xE2, 0x6E, 0x4D, 0x26, 0x9E, 0x01, 0x4D, 0x5D, 0x5D, 0xD4,
    0x05, 0x37, 0x41, 0x9C, 0x7B, 0x99, 0x95, 0xE0, 0x57, 0x08, 0x49, 0xD1, 0x2B, 0xB0, 0x82, 0xEA,
    0x26, 0x4F, 0x94, 0xA8, 0xB6, 0x59, 0x9B, 0x94, 0x60, 0xF4, 0xCA, 0x26, 0xBE, 0x78, 0x6D, 0x0A,
    0xDC, 0x08, 0xAC, 0x4C, 0xF4, 0xF0, 0xE5, 0x15, 0x40, 0x68, 0x51, 0x74, 0xAD, 0x25, 0x3F, 0x50,
    0xB1, 0x0B, 0x9A, 0xBF, 0x12, 0x06, 0x8D, 0x92, 0xD6, 0xA7, 0x63, 0xE8, 0xD0, 0x37, 0x99, 0xF6,
    0xB4, 0x38, 0x1F, 0xF9, 0x2D, 0x95, 0xAF, 0x3A, 0xD9, 0x58, 0x6E, 0x1B, 0x77, 0x67, 0x2E, 0xEE,
    0xC1, 0x9B, 0x12, 0x83, 0xB2, 0x02, 0xF7, 0x3E, 0x92, 0x08, 0xDE, 0xB8, 0xF7, 0x26, 0x53, 0xCD,
    0x85, 0x6D, 0xEE, 0x42, 0xA0, 0xE3, 0x12, 0x34, 0xC7, 0x52, 0xF5, 0xA4, 0xC5, 0x1C, 0xC9, 0x56,
    0xC6, 0xB6, 0xF6, 0xCD, 0xED, 0x8D, 0xA7, 0x20, 0xE1, 0x45, 0xEE, 0x9C, 0x08, 0x09, 0xBF, 0x9D,
    0x61, 0xBE, 0xF9, 0x7B, 0xAC, 0x04, 0x5A, 0x25, 0x21, 0x56, 0x12, 0x16, 0xD3, 0x30, 0xB5, 0x38,
    0x49, 0x82, 0xD4, 0x95, 0xA5, 0x86, 0x02, 0x6B, 0xCD, 0xBA, 0xA6, 0x0C, 0x7E, 0x17, 0x9C, 0x2E,
    0x32, 0x5F, 0xB0, 0x35, 0xE1, 0x57, 0x29, 0x5E, 0xDF, 0x95, 0x39, 0x8B, 0xA0, 0x4D, 0xFD, 0xB3,
    0xCD, 0xCC, 0xBC, 0x09, 0xDE, 0x46, 0xF2, 0x03, 0xF7, 0x94, 0xB8, 0x7B, 0xFB, 0xB7, 0x5C, 0x09,
    0x00, 0x5E, 0x4A, 0xED, 0x59, 0x2A, 0x4C, 0x15, 0x82, 0x70, 0x3A, 0x37, 0x5D, 0xC2, 0x24, 0xCA,
    0xD2, 0x40, 0x5E, 0xE9, 0x2E, 0xD8, 0x12, 0x60, 0xFE, 0xF0, 0xAA, 0xAC, 0xAF, 0x88, 0x8E, 0xED,
    0x68, 0x6F, 0xF9, 0xAF, 0xF1, 0xFD, 0x88, 0xAC, 0x7C, 0xC5, 0xC1, 0xB5, 0x9C, 0x3D, 0x91, 0x43,
    0x28, 0xE4, 0x3B, 0x23, 0xDF, 0xDF, 0x7A, 0x4A, 0xBE, 0x65, 0x61, 0x64, 0xCA, 0xB7, 0xBA, 0x07,
    0x39, 0xEB, 0xC0, 0xA0, 0x0D, 0x0B, 0xB8, 0x14, 0xB5, 0x26, 0x6A, 0x2F, 0x19, 0x73, 0x39, 0x41,
    0xE2, 0x2C, 0x75, 0xB4, 0xC5, 0x9C, 0xAB, 0x87, 0x3A, 0x67, 0x9D, 0xBD, 0xA9, 0xBF, 0xF6, 0x0C,
    0xF4, 0x80, 0x0B, 0xCB, 0x57, 0x90, 0xF5, 0x90, 0x39, 0x22, 0x1C, 0x37, 0x53, 0xA4, 0x14, 0xF9,
    0xAA, 0x6F, 0xA0, 0x86, 0x09, 0xE6, 0x5A, 0xE8, 0x86, 0x17, 0xA1, 0x90, 0x59, 0xFC, 0xB4, 0x37,
    0xCD, 0x5E, 0x23, 0x19, 0x79, 0xB0, 0x96, 0x16, 0xFC, 0x37, 0x57, 0x42, 0xAB, 0xFB, 0x43, 0xF2,
    0xED, 0xF4, 0x3D, 0xC9, 0xAF, 0x07, 0xFD, 0xCD, 0x64, 0xAD, 0x6E, 0xBA, 0xF8, 0x33, 0x57, 0x66,
    0x23, 0xF7, 0x9B, 0x1A, 0x1E, 0x1A, 0x82, 0xD0, 0xC9, 0x28, 0x54, 0x65, 0xF8, 0x87, 0x95, 0x0D,
    0x2E, 0xC0, 0x34, 0x3A, 0x74, 0x45, 0x1F, 0xF3, 0x3C, 0x4C, 0xC1, 0xF5, 0x1F, 0x0F, 0x7E, 0xE9,
    0x6E, 0xF6, 0x98, 0xFA, 0xF5, 0x84, 0x8F, 0x8F, 0xE7, 0x9A, 0xE4, 0xD6, 0x66, 0x49, 0xB1, 0xF4,
    0x7F, 0xC0, 0x1C, 0x42, 0x4E, 0x13, 0xED, 0xDB, 0xF5, 0xAC, 0x12, 0x91, 0x35, 0xFB, 0xB0, 0x20,
    0x17, 0xB7, 0x7A, 0x02, 0x65, 0x1F, 0x7F, 0xCF, 0xAD, 0xC7, 0x7F, 0x74, 0xC7, 0x6B, 0x5E, 0xCB,
    0x83, 0xE1, 0x83, 0x99, 0x05, 0xD1, 0x52, 0xC2, 0xBC, 0x44, 0x86, 0xC7, 0x3C, 0x65, 0xC3, 0xAD,
    0x6F, 0x74, 0xBC, 0x09, 0x8B, 0x09, 0xE6, 0x9B, 0xC4, 0x99, 0x94, 0x07, 0x5D, 0xA4, 0xA3, 0xA8,
    0xA4, 0x2C, 0x2E, 0x4B, 0x4F, 0x22, 0x47, 0xEA, 0x6B, 0xEE, 0x5F, 0x87, 0x78, 0x43, 0xA7, 0xDB,
    0x6E, 0x39, 0xCB, 0xB8, 0x5A, 0x76, 0x36, 0xE5, 0x8A, 0x46, 0x9A, 0xB5, 0x0E, 0xC9, 0x08, 0xA4,
    0x79, 0xDD, 0xF9, 0x94, 0xD4, 0xE7, 0x52, 0xF2, 0xF7, 0xB7, 0xDE, 0x7A, 0xD3, 0xAE, 0x2C, 0x9E,
    0xA6, 0xE4, 0x78, 0x4B, 0x89, 0x5D, 0x29, 0x99, 0x7D, 0x41, 0x3C, 0x5C, 0xAC, 0x56, 0xF2, 0xCF,
    0xDA, 0xB6, 0xA1, 0xB2, 0x42, 0x96, 0x40, 0x79, 0xFE, 0x0B, 0x18, 0xB2, 0xEA, 0xA0, 0x88, 0xBC,
    0x25, 0x58, 0xFF, 0x0D, 0x1D, 0x0D, 0x13, 0x98, 0x85, 0xF3, 0x0B, 0x25, 0x77, 0x85, 0x12, 0x0E,
    0x7E, 0x73, 0xCD, 0x4C, 0x23, 0xBF, 0x65, 0xB4, 0x57, 0xA6, 0x93, 0x69, 0xDA, 0xD4, 0xA3, 0x1E,
    0x96, 0x0B, 0x7A, 0x05, 0x0B, 0x02, 0x1B, 0x04, 0x40, 0x08, 0x94, 0x38, 0xE3, 0xF3, 0xCC, 0x88,
    0x08, 0xCB, 0xF4, 0x9E, 0x12, 0xB1, 0xAC, 0x44, 0x1C, 0x9B, 0x4B, 0xA6, 0x92, 0x9D, 0x25, 0x48,
    0x56, 0xEA, 0x66, 0x85, 0x2D, 0x6C, 0x6E, 0xCD, 0xA3, 0xFF, 0xA5, 0x26, 0xED, 0x92, 0x21, 0x1E,
    0xA2, 0xC1, 0xD7, 0xC3, 0x9A, 0x29, 0xB7, 0x31, 0x74, 0xC5, 0xFA, 0x8D, 0x95, 0x3D, 0xC6, 0x73,
    0x6E, 0xCC, 0x97, 0xC4, 0x2D, 0xD0, 0x3D, 0x34, 0x59, 0x9F, 0xB7, 0xC5, 0x89, 0x58, 0x45, 0xD9,
    0x80, 0x84, 0xC0, 0x69, 0x58, 0x4F, 0x9F, 0xEE, 0xEB, 0x21, 0x05, 0x2E, 0xC9, 0xB2, 0xDB, 0x80,
    0xBB, 0xC1, 0x4F, 0x5F, 0xDD, 0x52, 0x7E, 0x0F, 0xBF, 0x01, 0x52, 0xEF, 0x8D, 0xF4, 0x31, 0x35,
    0x5D, 0x1A, 0x2D, 0x8A, 0x79, 0xC6, 0xBF, 0xD1, 0x29, 0x43, 0x60, 0x37, 0x5F, 0x56, 0x43, 0x6C,
    0xE1, 0x90, 0xF2, 0xB2, 0x72, 0xD3, 0x01, 0xA4, 0xBE, 0xCC, 0x15, 0x16, 0xC6, 0x27, 0x64, 0xFD,
    0x23, 0x9E, 0x05, 0x6B, 0x1E, 0x88, 0xF8, 0x37, 0xD7, 0x31, 0x52, 0xEE, 0xCA, 0x35, 0x29, 0xF7,
    0x57, 0xC4, 0x7A, 0x32, 0xBF, 0x15, 0x5B, 0x03, 0x32, 0x10, 0xB3, 0xD4, 0x37, 0x60, 0x16, 0x73,
    0x4C, 0xD0, 0xD1, 0xEE, 0xEF, 0xC4, 0xFA, 0x79, 0xCF, 0x95, 0x73, 0xEE, 0x06, 0x98, 0xC5, 0xEC,
    0xC6, 0x78, 0x01, 0xC3, 0x56, 0x96, 0x92, 0xE2, 0x89, 0x27, 0xFE, 0x53, 0x17, 0x72, 0xB4, 0x71,
    0x21, 0xD3, 0x79, 0x2E, 0x44, 0x2B, 0x62, 0x52, 0x5B, 0x6B, 0x53, 0x24, 0x84, 0x2D, 0xAC, 0xB1,
    0xB9, 0xC6, 0x4D, 0x2F, 0x2E, 0x5C, 0xE6, 0xA7, 0x52, 0x41, 0xD9, 0x85, 0x38, 0x21, 0xC1, 0x6B,
    0xFA, 0x97, 0x41, 0xB1, 0x2B, 0xA0, 0x66, 0x2F, 0xD0, 0x35, 0x7E, 0x70, 0xE1, 0xEE, 0xBA, 0x90,
    0x64, 0xF4, 0xB0, 0xE7, 0x2C, 0x17, 0xF2, 0xF9, 0x52, 0x12, 0x3C, 0xA6, 0x0B, 0xA9, 0xB9, 0x7A,
    0x7B, 0x79, 0x3B, 0x72, 0x65, 0x35, 0xC8, 0x80, 0x8C, 0x1F, 0xB7, 0x07, 0x9F, 0xA8, 0x5B, 0xEB,
    0x21, 0xFD, 0x09, 0x4A, 0x48, 0xDC, 0xBD, 0xD9, 0xA7, 0x4E, 0x2E, 0x99, 0x24, 0x73, 0x0A, 0xDC,
    0xC6, 0x85, 0xD4, 0xB2, 0x4C, 0x30, 0xD2, 0x45, 0x23, 0x90, 0x23, 0xA7, 0x87, 0x98, 0xF6, 0xA6,
    0xD3, 0xF3, 0x87, 0x7A, 0xB4, 0x74, 0xD2, 0xF3, 0x28, 0xAE, 0xCB, 0x66, 0x19, 0x8B, 0x5B, 0xE0,
    0xFF, 0x98, 0x7D, 0xE5, 0xAA, 0x68, 0x56, 0xDE, 0xB7, 0x44, 0xDC, 0x25, 0x5D, 0x3C, 0xFA, 0x31,
    0x3A, 0x4D, 0x25, 0x42, 0x2B, 0xD4, 0xEB, 0x81, 0x0A, 0x49, 0x24, 0x78, 0x38, 0xF6, 0xB1, 0x7D,
    0xD8, 0xE7, 0x2A, 0x05, 0x39, 0x47, 0x11, 0xDA, 0x75, 0x8B, 0x5D, 0x8E, 0x4C, 0x9E, 0x51, 0x13,
    0xDC, 0xDD, 0x3A, 0x71, 0x0F, 0x3C, 0xDF, 0x1D, 0x25, 0x74, 0xAB, 0xD1, 0x7B, 0x6B, 0x0A, 0x4B,
    0xCC, 0xF8, 0xB6, 0x6E, 0x56, 0xA8, 0x35, 0x05, 0xEE, 0x1A, 0x57, 0x24, 0x72, 0xEC, 0x09, 0x79,
    0x4D, 0x7A, 0x0D, 0xD6, 0x04, 0xB8, 0xD2, 0x27, 0x2D, 0xA8, 0x3F, 0x62, 0xDD, 0xB7, 0x85, 0x35,
    0x41, 0x3E, 0x77, 0xEE, 0x77, 0xB0, 0x26, 0x1E, 0x7A, 0x42, 0xB2, 0xA3, 0xD6, 0x24, 0x19, 0x59,
    0x46, 0x6B, 0x7A, 0x49, 0xAC, 0xE9, 0x05, 0x4F, 0xB1, 0xF5, 0xF6, 0x2C, 0x30, 0xBA, 0x3F, 0x9D,
    0x42, 0x3E, 0xCD, 0xEA, 0x05, 0xA3, 0x81, 0x6B, 0xCA, 0xC8, 0x55, 0x5D, 0xE6, 0x20, 0xFF, 0x2A,
    0x75, 0x53, 0x11, 0xB8, 0x43, 0x64, 0xDC, 0x5F, 0xA2, 0x05, 0x97, 0x3A, 0xA1, 0xD5, 0x30, 0x1E,
    0x7F, 0xCE, 0x73, 0xF2, 0x60, 0x0B, 0xF3, 0x3E, 0xDB, 0xB0, 0xD4, 0xDD, 0xED, 0x1D, 0xAE, 0x1B,
    0x1D, 0x9F, 0xCF, 0x7C, 0x71, 0x17, 0x77, 0x3C, 0xDE, 0xC9, 0x7F, 0xBC, 0x3F, 0x23, 0x2D, 0x7F,
    0xC6, 0x32, 0x15, 0xFF, 0x54, 0xF8, 0x42, 0xBC, 0x3F, 0x99, 0xF2, 0x60, 0x05, 0x86, 0xD0, 0x87,
    0x89, 0x61, 0xF6, 0x2E, 0xF7, 0x2F, 0x52, 0x04, 0xF7, 0x1A, 0x60, 0x75, 0xE0, 0x79, 0x46, 0x1E,
    0x69, 0xEA, 0xC2, 0x89, 0xC7, 0x9E, 0x5A, 0x44, 0x9D, 0x05, 0x91, 0x39, 0xE9, 0x31, 0x46, 0x85,
    0xF8, 0x13, 0x8D, 0x0C, 0xFB, 0xAF, 0x73, 0xB5, 0xF0, 0x64, 0x1B, 0x0B, 0xC8, 0xD5, 0xE0, 0x0D,
    0x5E, 0x8E, 0xAA, 0xC8, 0x99, 0xB2, 0xDA, 0x1F, 0x3A, 0x6C, 0xD8, 0xA5, 0xD3, 0x03, 0x42, 0xE9,
    0xBD, 0xC7, 0xD9, 0xF3, 0xDB, 0xE7, 0x81, 0x52, 0xE4, 0x95, 0x77, 0x98, 0x2D, 0x4F, 0xA1, 0x4B,
    0x17, 0x26, 0x1E, 0xB5, 0xD6, 0x1E, 0xAD, 0xF3, 0x49, 0x72, 0x73, 0x32, 0x6D, 0x96, 0xDA, 0x03,
    0x17, 0x53, 0x7A, 0x57, 0x32, 0x45, 0x58, 0xFA, 0xFB, 0x44, 0xF4, 0xB6, 0x41, 0x9A, 0xF0, 0x31,
    0x10, 0x9C, 0x45, 0x30, 0x3A, 0x2F, 0x7F, 0x16, 0x17, 0x42, 0xEF, 0x21, 0x85, 0xD4, 0xB3, 0x0B,
    0xA8, 0x30, 0xD0, 0xE4, 0x13, 0xD6, 0xF9, 0x20, 0x90, 0xAC, 0x5D, 0x74, 0x47, 0xBF, 0x00, 0x38,
    0x05, 0xFE, 0x18, 0x15, 0x52, 0x74, 0xC1, 0x0C, 0xEE, 0xD3, 0x0E, 0x42, 0xBD, 0x89, 0x36, 0x39,
    0x46, 0x43, 0x64, 0x1D, 0x4E, 0x2C, 0x56, 0xD2, 0x9D, 0xA9, 0x6F, 0xF1, 0x67, 0x3C, 0x54, 0x64,
    0xAD, 0x57, 0x51, 0x51, 0xAA, 0xBE, 0x58, 0x97, 0x48, 0xB9, 0x1C, 0x59, 0x93, 0xFA, 0x0F, 0xD5,
    0x5C, 0xBF, 0x93, 0xDD, 0xD6, 0x75, 0xBE, 0x00, 0xE8, 0x7D, 0x13, 0x63, 0x26, 0x70, 0x21, 0x15,
    0x12, 0x33, 0x41, 0x9D, 0xCC, 0x44, 0xF8, 0x07, 0x22, 0x02, 0xB2, 0x0A, 0x17, 0x29, 0xA8, 0x2A,
    0x7F, 0x81, 0x9A, 0x34, 0xDE, 0x14, 0x2E, 0x52, 0xD8, 0x04, 0x64, 0x15, 0x2E, 0x54, 0x68, 0xAB,
    0xB4, 0x51, 0xC1, 0x22, 0xA3, 0x86, 0x29, 0x9D, 0x19, 0x51, 0x80, 0xC8, 0x99, 0xB8, 0x50, 0x21,
    0x28, 0x2E, 0x5C, 0xA4, 0x20, 0x28, 0x71, 0x46, 0xC9, 0xA8, 0x20, 0x64, 0x62, 0x4C, 0x2C, 0x09,
    0xE0, 0xE6, 0x7C, 0xDF, 0xB9, 0xC0, 0xFB, 0xB1, 0x6F, 0x97, 0x5C, 0x92, 0x2B, 0xD1, 0x8F, 0x5C,
    0x2C, 0xF6, 0x02, 0xB8, 0xF7, 0xDC, 0xEF, 0x9E, 0x7B, 0x7E, 0xE3, 0x99, 0xC0, 0xDA, 0xD6, 0x18,
    0x63, 0xED, 0x20, 0xC7, 0xD4, 0x5A, 0xB3, 0xFF, 0x63, 0x2B, 0x1C, 0x53, 0xDC, 0x6A, 0x92, 0x09,
    0xC7, 0x88, 0x4D, 0xC1, 0xE3, 0x4E, 0x8E, 0xFE, 0xC0, 0xA6, 0x29, 0x41, 0x53, 0x1E, 0xA0, 0x29,
    0xA9, 0xD0, 0x14, 0x35, 0x68, 0x5A, 0xB5, 0x68, 0x0A, 0x06, 0x83, 0xDE, 0x27, 0x83, 0xA6, 0xD2,
    0x04, 0xBD, 0xF4, 0x57, 0xA1, 0x29, 0xAE, 0xF1, 0x3F, 0x6C, 0xD1, 0x24, 0x37, 0x49, 0x93, 0x67,
    0xE5, 0x53, 0x1B, 0x1C, 0x07, 0x10, 0x25, 0x64, 0x25, 0xB5, 0xDC, 0xD8, 0x44, 0x2D, 0xFA, 0xC1,
    0xA3, 0xA6, 0xF4, 0x47, 0x83, 0x26, 0xF4, 0x19, 0x0C, 0x79, 0x81, 0xA6, 0x8C, 0xB3, 0xC1, 0x2C,
    0xDC, 0xB4, 0x76, 0x3F, 0x5E, 0xF9, 0xBF, 0xE8, 0xBC, 0x33, 0xB9, 0xF4, 0x1F, 0x75, 0xBE, 0xF5,
    0x07, 0x13, 0xF6, 0x07, 0x19, 0x28, 0xE1, 0xD8, 0x38, 0x79, 0x5D, 0x06, 0x2D, 0xAD, 0xAD, 0x4A,
    0xFB, 0xAF, 0x43, 0xDA, 0x99, 0xE4, 0xF3, 0x4E, 0x27, 0x98, 0x7E, 0xD1, 0x98, 0xD5, 0x20, 0xE3,
    0xD9, 0xCF, 0x47, 0x53, 0x0E, 0xA0, 0xAB, 0xB6, 0xF6, 0x8F, 0xA3, 0x67, 0xEF, 0x45, 0x72, 0xA5,
    0x09, 0x30, 0xE2, 0x44, 0xE2, 0x62, 0xC2, 0xE9, 0xF1, 0x28, 0x03, 0x9C, 0xA0, 0x23, 0x6D, 0x08,
    0xA1, 0x5E, 0xB6, 0x19, 0xA6, 0x40, 0x7A, 0xBD, 0x89, 0x4D, 0x65, 0x8A, 0xA6, 0xF4, 0x1F, 0xD0,
    0x14, 0x7F, 0x86, 0xA6, 0xA8, 0x4D, 0x65, 0x86, 0x41, 0x27, 0x28, 0x09, 0x31, 0x1E, 0xA6, 0x6E,
    0x0D, 0x9A, 0xF2, 0x0C, 0x4D, 0x49, 0x85, 0x26, 0xA1, 0x42, 0xC8, 0x5F, 0x75, 0xC0, 0x52, 0x26,
    0xE6, 0x4D, 0x40, 0x1B, 0x4D, 0x32, 0x5B, 0x99, 0x33, 0x08, 0x9E, 0x64, 0xDD, 0xE4, 0x53, 0xE1,
    0xA1, 0x55, 0xC7, 0x19, 0x4F, 0xB8, 0x4F, 0xEE, 0x2A, 0x0D, 0x9A, 0x00, 0x84, 0xB1, 0x71, 0xC3,
    0x25, 0x0C, 0x5A, 0xAF, 0x97, 0x5F, 0x79, 0x26, 0x4B, 0xD1, 0x08, 0x89, 0x32, 0x91, 0xD5, 0xB8,
    0x3B, 0x97, 0xCB, 0x53, 0x21, 0xF3, 0xB5, 0xD9, 0xCA, 0xDA, 0xD1, 0xD8, 0x2C, 0x69, 0x65, 0x7D,
    0xCB, 0xE2, 0xDD, 0x05, 0x4E, 0x9C, 0x78, 0x87, 0xB6, 0x92, 0xEB, 0x43, 0x68, 0xA7, 0xF2, 0xB6,
    0x3D, 0xF2, 0xB1, 0x5E, 0xC9, 0x17, 0xB2, 0xE2, 0x8A, 0x6B, 0x2B, 0x50, 0x94, 0xC5, 0xCA, 0xDE,
    0xB6, 0xDF, 0x4E, 0xA3, 0x10, 0x78, 0xB5, 0xBE, 0x3C, 0x65, 0x72, 0x25, 0x22, 0x72, 0x2B, 0x32,
    0xA5, 0x2F, 0x0C, 0x01, 0xD2, 0xD8, 0x94, 0xE7, 0x44, 0xF1, 0x43, 0x34, 0x45, 0xB7, 0xD0, 0x14,
    0xB6, 0x68, 0x0A, 0xFA, 0x48, 0x9A, 0xBC, 0xC1, 0xC7, 0xD8, 0xA5, 0x41, 0x53, 0x9A, 0xA1, 0x29,
    0xAE, 0xD0, 0x04, 0x80, 0x80, 0x22, 0x4E, 0x00, 0xD0, 0xA0, 0x00, 0x65, 0x84, 0xA6, 0x31, 0x09,
    0xF9, 0x8D, 0x00, 0x65, 0x2B, 0x01, 0x28, 0x6C, 0xF0, 0x90, 0xDC, 0x45, 0x80, 0xB2, 0x9C, 0xC3,
    0x60, 0x46, 0xDE, 0x10, 0x35, 0x5C, 0xA0, 0x8E, 0x4B, 0x43, 0x22, 0xB9, 0xA2, 0x2B, 0xD2, 0x18,
    0x28, 0xEB, 0x8D, 0x3F, 0xE1, 0x6E, 0xE1, 0x8A, 0x02, 0xE3, 0xCB, 0x96, 0x40, 0xC9, 0x3C, 0x65,
    0x19, 0x4E, 0x03, 0xEA, 0x86, 0xAC, 0x0D, 0x81, 0x3A, 0x3E, 0xBC, 0x6D, 0x33, 0x7F, 0x28, 0x33,
    0x01, 0xAA, 0x51, 0xA0, 0x72, 0x05, 0xAA, 0x0E, 0x05, 0x28, 0x7B, 0x3C, 0x44, 0x76, 0x8A, 0x04,
    0x28, 0x83, 0x15, 0xB9, 0x89, 0x91, 0xE6, 0xA1, 0xC1, 0x17, 0x9E, 0xCC, 0x47, 0x17, 0xEB, 0x47,
    0x24, 0xE6, 0x26, 0xC9, 0xEB, 0x8C, 0xBB, 0xCC, 0xED, 0x27, 0x8F, 0x64, 0x66, 0xEF, 0x2E, 0x39,
    0x06, 0x7C, 0x82, 0x02, 0xE8, 0xB5, 0x85, 0x67, 0x8F, 0x0E, 0x6C, 0x11, 0xCB, 0xC3, 0xB6, 0xC0,
    0x5A, 0xD8, 0x50, 0x4E, 0xBD, 0x9A, 0xAC, 0x42, 0x56, 0x04, 0xC3, 0xB9, 0x39, 0x10, 0xD1, 0xB9,
    0x7B, 0xA2, 0xA4, 0xE3, 0xB9, 0xE6, 0x61, 0x7D, 0x77, 0x5C, 0xAF, 0x9F, 0x91, 0x59, 0x9A, 0xBF,
    0x34, 0xD8, 0x08, 0xD6, 0x93, 0x63, 0xD4, 0xFB, 0xC2, 0x24, 0xB6, 0x82, 0x1C, 0xE8, 0x21, 0x9C,
    0x70, 0x25, 0xB1, 0x47, 0xB8, 0x95, 0x3B, 0xC3, 0xC1, 0xCE, 0x65, 0xC6, 0xB2, 0x44, 0xD5, 0xEE,
    0x1C, 0xCA, 0x0E, 0x33, 0x20, 0xD3, 0x37, 0x51, 0xEF, 0xD9, 0x9F, 0x8E, 0xB2, 0xEE, 0x42, 0xC9,
    0x25, 0x2C, 0xAC, 0x29, 0x67, 0xE2, 0xA6, 0xAD, 0x93, 0xF9, 0x12, 0xA8, 0xCF, 0x12, 0x61, 0x88,
    0x02, 0xD3, 0x0E, 0xDC, 0xB6, 0xC9, 0x84, 0xD5, 0x31, 0x7A, 0xA8, 0x8C, 0x48, 0xDE, 0xBB, 0x8F,
    0xE3, 0x84, 0x1E, 0xA2, 0x46, 0x67, 0xBB, 0xFB, 0x39, 0x44, 0xCF, 0xC2, 0x59, 0xB2, 0x31, 0xC9,
    0x64, 0xF9, 0x3D, 0xAF, 0x6C, 0xB0, 0x30, 0x39, 0x01, 0x4C, 0x6F, 0x01, 0xC0, 0x77, 0x95, 0x89,
    0xF2, 0xCC, 0xB8, 0x49, 0x39, 0xAE, 0xDA, 0x84, 0xEE, 0x04, 0xA2, 0xBA, 0x2D, 0x86, 0xF5, 0xC2,
    0xEA, 0x33, 0x90, 0x94, 0xAB, 0x8C, 0x7D, 0x57, 0x79, 0x6D, 0x02, 0x91, 0x55, 0x18, 0x12, 0xEB,
    0x39, 0x51, 0xC4, 0x57, 0x90, 0x39, 0x1F, 0x61, 0xED, 0x7A, 0xDD, 0x56, 0xFE, 0x28, 0xE0, 0xF4,
    0x71, 0xE3, 0x5D, 0x37, 0xFF, 0xBE, 0x4D, 0x3C, 0x64, 0x53, 0x22, 0xDB, 0x5A, 0x9E, 0xAA, 0xD3,
    0x66, 0x35, 0x48, 0xDF, 0xE9, 0x55, 0x30, 0xD6, 0x0C, 0xFE, 0xE4, 0xA8, 0x01, 0x5D, 0xA4, 0xD0,
    0x52, 0x70, 0xB8, 0x3F, 0xCA, 0xC2, 0x8C, 0x00, 0xFF, 0x2D, 0xAC, 0x60, 0x04, 0xE5, 0x72, 0x78,
    0xBC, 0xEC, 0x12, 0x5D, 0x79, 0x4E, 0xC2, 0xEB, 0xCC, 0xE9, 0x9F, 0xC3, 0x89, 0x8B, 0x2F, 0x74,
    0x9E, 0x01, 0xE0, 0x2F, 0x5E, 0x30, 0x80, 0xC1, 0x06, 0x80, 0x93, 0x03, 0x30, 0x9F, 0x01, 0xAC,
    0x01, 0x4C, 0x33, 0xD3, 0x6D, 0xDD, 0x5C, 0x74, 0x56, 0x27, 0x84, 0x23, 0x84, 0x4B, 0x4F, 0xD8,
    0xD3, 0x26, 0x04, 0x80, 0xD7, 0x84, 0x84, 0x4B, 0xE1, 0xD3, 0x00, 0xE8, 0xC9, 0x8E, 0xF0, 0x7A,
    0x6C, 0x06, 0x6C, 0x04, 0xD9, 0x8B, 0x72, 0xF3, 0xA1, 0xDC, 0xF3, 0xE3, 0xE2, 0xE0, 0x08, 0xFB,
    0x07, 0xAC, 0x1A, 0xDF, 0x01, 0x21, 0x11, 0x67, 0x18, 0xD6, 0xE6, 0xCF, 0x8B, 0x03, 0x7D, 0x08,
    0xEA, 0xF8, 0xBF, 0x07, 0xD5, 0x7B, 0xF1, 0xA0, 0x2C, 0xF9, 0x42, 0x39, 0x30, 0xDB, 0xC7, 0x81,
    0x13, 0x9E, 0x52, 0xA3, 0x21, 0xE4, 0x3E, 0x8E, 0x49, 0xFD, 0x2B, 0x5B, 0x23, 0xCB, 0xDD, 0xF7,
    0x28, 0x7B, 0x46, 0xAA, 0x04, 0x68, 0x01, 0xAF, 0x6C, 0x31, 0x4C, 0x09, 0xDB, 0xC6, 0xE3, 0xAE,
    0x0F, 0x5B, 0x8E, 0xFF, 0x61, 0x33, 0x1B, 0x41, 0xF1, 0x17, 0xC0, 0x67, 0xA4, 0x38, 0xB9, 0xB3,
    0x3E, 0xBD, 0xBF, 0xAF, 0x95, 0xF7, 0xEA, 0x63, 0xEC, 0x81, 0x9D, 0xF9, 0xD3, 0x3C, 0x04, 0x46,
    0xE3, 0xC0, 0x33, 0x0D, 0xF7, 0x14, 0x91, 0xF6, 0x4D, 0x1E, 0xAF, 0xF1, 0x78, 0x93, 0xC7, 0x4F,
    0x78, 0x54, 0x3D, 0xD8, 0xF1, 0xD8, 0x9A, 0xF8, 0x58, 0x98, 0x4C, 0x18, 0xE7, 0x83, 0x16, 0xEB,
    0xFE, 0x6D, 0x4B, 0xA9, 0x2A, 0xD6, 0x51, 0x6D, 0xF2, 0x16, 0x88, 0x25, 0x2D, 0x64, 0x9D, 0xAC,
    0x98, 0xE5, 0x71, 0xA2, 0x5C, 0x3E, 0x79, 0xD4, 0xAB, 0x7A, 0xA7, 0x3E, 0xA5, 0x3D, 0x68, 0x6F,
    0xD2, 0xB3, 0x58, 0x80, 0x32, 0xCA, 0x6D, 0x19, 0x36, 0x3E, 0x0E, 0x28, 0xAD, 0x1F, 0x65, 0x5C,
    0xE5, 0x89, 0x18, 0x8A, 0x0C, 0x96, 0x56, 0xE8, 0xBE, 0x89, 0x38, 0x63, 0xAD, 0xAC, 0x51, 0x89,
    0x89, 0xDB, 0xFD, 0x59, 0xBD, 0xEA, 0x22, 0x72, 0x19, 0x9D, 0x85, 0x07, 0x43, 0x85, 0x4A, 0xB9,
    0x95, 0x65, 0x02, 0x10, 0xBE, 0xBB, 0xA0, 0x4F, 0x54, 0xEB, 0x27, 0xC4, 0x94, 0x59, 0x77, 0x35,
    0xAD, 0xC7, 0x10, 0x65, 0xE2, 0x06, 0xA7, 0x52, 0x5F, 0x53, 0x75, 0xDD, 0x2C, 0x8A, 0x88, 0x86,
    0x01, 0x7A, 0x0F, 0xB0, 0xC9, 0xCC, 0xC7, 0x37, 0x1E, 0x15, 0x33, 0x53, 0xCB, 0xAC, 0xF3, 0x7B,
    0x49, 0x45, 0x10, 0xE5, 0xF0, 0x48, 0x96, 0xA2, 0x48, 0x2C, 0x76, 0xA5, 0xAD, 0x88, 0x85, 0xF0,
    0x59, 0x30, 0x80, 0xE9, 0x2D, 0xC6, 0xA7, 0xCD, 0x1B, 0xC2, 0x52, 0xF3, 0x69, 0x20, 0x94, 0x50,
    0x77, 0x34, 0xAC, 0x22, 0xF0, 0x4D, 0x38, 0xC8, 0x4E, 0x10, 0x63, 0x46, 0xE4, 0x00, 0xAD, 0xA1,
    0xC7, 0x30, 0x43, 0xDB, 0x51, 0x88, 0x3C, 0x4A, 0x0B, 0xE3, 0x4C, 0x8F, 0xCA, 0x99, 0xE2, 0x9B,
    0xB6, 0xF7, 0xD6, 0xA7, 0x75, 0x2C, 0x1E, 0x3D, 0xE9, 0x44, 0x54, 0x27, 0xE0, 0x2F, 0x78, 0x72,
    0x8E, 0xA7, 0x36, 0x87, 0x72, 0xB0, 0xB4, 0x4A, 0xD9, 0x9E, 0x0F, 0xAD, 0x32, 0xE8, 0xD9, 0x08,
    0x9A, 0x1A, 0xDA, 0x52, 0x30, 0x15, 0x08, 0x32, 0x13, 0xDE, 0xC5, 0x96, 0xFE, 0x5C, 0x60, 0x48,
    0x61, 0x7E, 0x8E, 0xE8, 0xF0, 0x31, 0x0E, 0xDC, 0x0A, 0x49, 0xE1, 0x34, 0x37, 0x57, 0x0C, 0xA6,
    0xFC, 0x51, 0x30, 0x89, 0x49, 0xC4, 0x35, 0xF0, 0x39, 0x4B, 0x18, 0x21, 0x34, 0x40, 0xE3, 0x3A,
    0x37, 0x1B, 0x06, 0xE8, 0xF1, 0xD6, 0x16, 0xDD, 0xF8, 0x4C, 0xFB, 0x95, 0xFA, 0xC9, 0x13, 0x8C,
    0x81, 0xE9, 0xF1, 0xE4, 0x3C, 0x4F, 0xAD, 0x3F, 0xA6, 0x37, 0x9F, 0x18, 0xBF, 0x87, 0xD3, 0x02,
    0xA6, 0x59, 0x09, 0x02, 0xB2, 0x73, 0x4F, 0xC0, 0x03, 0xE9, 0xE5, 0x43, 0x61, 0xC0, 0x0C, 0x11,
    0x45, 0x92, 0xC3, 0x1F, 0x4A, 0x2A, 0x99, 0x6E, 0xF2, 0x1B, 0x99, 0x62, 0x0E, 0x18, 0x88, 0xCC,
    0x43, 0x22, 0xF3, 0xE8, 0xE3, 0x8F, 0x3F, 0x56, 0x4F, 0xC6, 0xD0, 0xEE, 0x74, 0x42, 0x4C, 0xCC,
    0xAD, 0x83, 0x2C, 0x3A, 0x16, 0xA1, 0x40, 0x3E, 0x95, 0xBD, 0x20, 0x1C, 0x06, 0x05, 0x44, 0xFD,
    0xB3, 0xB8, 0x2E, 0xF1, 0x8E, 0x31, 0xF7, 0x03, 0xA2, 0x63, 0x7E, 0x35, 0x1B, 0x7B, 0xE4, 0xAA,
    0x78, 0xAF, 0x99, 0x79, 0x12, 0x9D, 0xFA, 0x4C, 0x74, 0x70, 0x28, 0x81, 0xCE, 0xA7, 0xBB, 0xE8,
    0xF8, 0x0B, 0x3A, 0x23, 0xD0, 0xA9, 0xA4, 0xD7, 0x7B, 0x3B, 0xDB, 0xE6, 0xE2, 0x66, 0xDE, 0x9C,
    0xDC, 0x36, 0xF4, 0x06, 0x74, 0x71, 0x40, 0x65, 0x97, 0x39, 0x37, 0x40, 0xD6, 0x36, 0xE4, 0xDA,
    0x09, 0x39, 0x32, 0xE7, 0x56, 0xE4, 0x41, 0xD2, 0xC8, 0x2C, 0xE3, 0x7A, 0xD9, 0x2B, 0xE9, 0xBC,
    0x57, 0x1E, 0x2E, 0x7B, 0x25, 0x5D, 0x38, 0x62, 0x9C, 0x51, 0x5D, 0x09, 0x17, 0x34, 0xE1, 0xF4,
    0x8F, 0x74, 0x26, 0x7A, 0x74, 0x28, 0x43, 0x1C, 0x42, 0x93, 0xF5, 0xB3, 0x35, 0x9C, 0x72, 0x73,
    0xBD, 0x03, 0x4F, 0xA0, 0x52, 0xFF, 0x23, 0xE8, 0x05, 0xAF, 0xF0, 0xBB, 0x09, 0xC6, 0x80, 0xDC,
    0x9E, 0xE3, 0xAE, 0x77, 0x5E, 0x06, 0x76, 0xF1, 0x46, 0x99, 0x99, 0x37, 0x8A, 0x43, 0xE0, 0x4D,
    0xE3, 0x1C, 0x6C, 0x18, 0xBE, 0xEF, 0xCD, 0xE4, 0x5C, 0x38, 0xF5, 0xD7, 0x4A, 0x4B, 0xCD, 0x00,
    0x3B, 0x22, 0x6A, 0xC3, 0xF6, 0x74, 0xC3, 0x34, 0x84, 0x82, 0xA3, 0x83, 0x6D, 0xE8, 0x26, 0x55,
    0x30, 0xAC, 0x52, 0x06, 0x2A, 0xA2, 0x36, 0x5E, 0x2C, 0x49, 0x67, 0x59, 0x91, 0x16, 0x67, 0x37,
    0xA9, 0x51, 0xB5, 0x3E, 0x0A, 0xE6, 0x9B, 0x47, 0xDE, 0x33, 0xF1, 0xFE, 0x89, 0xCF, 0x4E, 0xF4,
    0x3C, 0x27, 0x5A, 0xA7, 0x13, 0xFA, 0x5F, 0x4D, 0x18, 0x2B, 0x99, 0xC4, 0x57, 0xF2, 0x64, 0xBD,
    0x60, 0x9E, 0x5E, 0x03, 0xB2, 0xDD, 0x15, 0x19, 0x67, 0xCA, 0xDE, 0x10, 0xF9, 0x84, 0xB1, 0xE4,
    0xCE, 0xF4, 0x46, 0x45, 0x73, 0xD1, 0xBB, 0xEE, 0x5D, 0xDF, 0x70, 0xF3, 0x6C, 0x91, 0x8A, 0x56,
    0x7B, 0xBF, 0xCD, 0xED, 0x94, 0x43, 0x9D, 0x3F, 0x80, 0x7A, 0x82, 0x5E, 0x7B, 0x0C, 0x8D, 0x06,
    0xC5, 0x0F, 0x5C, 0xCA, 0xC9, 0x99, 0xBB, 0x7A, 0x82, 0x4B, 0xD0, 0x68, 0x0F, 0xC0, 0x76, 0x34,
    0x05, 0xA0, 0x13, 0x69, 0x61, 0xC4, 0xB6, 0x2F, 0xD5, 0xEC, 0x98, 0x3D, 0xAC, 0x4B, 0xEA, 0x1C,
    0x25, 0x95, 0x2D, 0x2E, 0xF7, 0x94, 0xED, 0x54, 0x24, 0x97, 0xE1, 0xCA, 0x1D, 0x14, 0xDE, 0x11,
    0x34, 0x37, 0x6E, 0x0F, 0x54, 0xBD, 0x90, 0x8D, 0x4D, 0xDC, 0x9B, 0x3F, 0x4B, 0xBC, 0x7D, 0x28,
    0xAB, 0x08, 0xCA, 0xAA, 0x14, 0xB8, 0x7C, 0x28, 0xAB, 0x83, 0x63, 0xF3, 0x62, 0xF1, 0xAE, 0x4C,
    0xDA, 0xDA, 0x2C, 0x7E, 0x16, 0xBC, 0x9D, 0x83, 0xA2, 0x26, 0xBA, 0x0B, 0x5A, 0xD4, 0xE6, 0x49,
    0x8E, 0xD7, 0xCB, 0xCC, 0xDF, 0x67, 0xAB, 0xBF, 0x1F, 0x9A, 0xBF, 0x5F, 0x7E, 0xFC, 0xB6, 0x3E,
    0x2A, 0xFD, 0x7C, 0xDD, 0x7B, 0xC3, 0xC6, 0x51, 0x63, 0x70, 0x1B, 0xCE, 0xA0, 0xBB, 0x1F, 0xE3,
    0x1C, 0xBB, 0xC8, 0x52, 0x34, 0x4B, 0x6C, 0xF6, 0xF2, 0xC6, 0x2E, 0x27, 0xC5, 0x7D, 0x00, 0xF0,
    0x52, 0x41, 0xF1, 0x1B, 0xC2, 0x09, 0x5C, 0x09, 0x30, 0x90, 0x26, 0xE4, 0xDB, 0x8B, 0xD0, 0xA8,
    0x04, 0x8E, 0xB8, 0x50, 0x58, 0x31, 0x2E, 0x1D, 0x5D, 0x0E, 0x59, 0xCC, 0xD2, 0x19, 0xE4, 0x47,
    0xE5, 0x6C, 0xC3, 0x4F, 0x26, 0x93, 0xD5, 0x98, 0x60, 0x77, 0xF7, 0x5E, 0x59, 0xA4, 0xB3, 0xED,
    0xAA, 0x91, 0xAC, 0x57, 0x29, 0xD7, 0x9B, 0x39, 0x74, 0x8D, 0x38, 0xAE, 0xB0, 0x8D, 0xF4, 0xFF,
    0x7A, 0x76, 0x70, 0xB4, 0x41, 0xA6, 0xFA, 0xC9, 0x85, 0x23, 0x80, 0x1B, 0x98, 0xF4, 0x3C, 0x65,
    0xA3, 0xDD, 0xF9, 0x9C, 0xF3, 0xF1, 0x9D, 0xC6, 0x41, 0x03, 0x77, 0x71, 0xCB, 0x66, 0x1C, 0xFE,
    0x87, 0x81, 0xDE, 0x72, 0xF6, 0xFF, 0x37, 0xC3, 0xC9, 0xC5, 0xAC, 0x5C, 0xD5, 0x47, 0x9F, 0xF6,
    0x36, 0x1E, 0xC0, 0x01, 0xFA, 0x00, 0x6E, 0x86, 0x98, 0x52, 0x55, 0x60, 0x6B, 0xF1, 0xC6, 0x6C,
    0x25, 0x96, 0x81, 0xAC, 0x46, 0x5A, 0x45, 0xB0, 0xDB, 0xE5, 0x4E, 0x75, 0xA2, 0x4A, 0xFA, 0x7A,
    0x15, 0xBC, 0x96, 0xF3, 0x36, 0x3A, 0x17, 0x2D, 0xD2, 0x49, 0x80, 0x0A, 0xF5, 0x25, 0xB1, 0x4B,
    0xF6, 0x7C, 0x2A, 0xBD, 0x74, 0xC6, 0x53, 0x81, 0xDA, 0x94, 0xD1, 0x46, 0x3A, 0x60, 0xB9, 0x74,
    0xC6, 0x53, 0xE7, 0xBC, 0x44, 0x8F, 0x8F, 0x07, 0xAB, 0x5E, 0xD8, 0x7C, 0x58, 0x5F, 0xF0, 0x87,
    0x10, 0x2C, 0x96, 0xDB, 0xC6, 0x17, 0x3B, 0xA3, 0x13, 0xAB, 0x21, 0x1C, 0x7C, 0xF1, 0x30, 0xE5,
    0x20, 0xE6, 0x0B, 0x9C, 0x98, 0x09, 0xF7, 0x3D, 0xD7, 0x21, 0x6C, 0x82, 0x0F, 0xEC, 0xFB, 0x62,
    0xC1, 0x4C, 0x5D, 0x3E, 0x0C, 0x4B, 0x38, 0x44, 0x66, 0x2E, 0x13, 0x87, 0x70, 0x01, 0xF1, 0x13,
    0x57, 0x57, 0xE8, 0x7F, 0xC6, 0x3F, 0xD6, 0xBD, 0xAD, 0x8E, 0x83, 0xCF, 0xC4, 0xE0, 0x94, 0xBF,
    0x7E, 0x57, 0x1F, 0x6E, 0xC6, 0x2F, 0x65, 0xA7, 0xC0, 0x2A, 0x8A, 0x27, 0xE5, 0xA1, 0x67, 0xFC,
    0xB5, 0x2C, 0xF2, 0x8E, 0x8D, 0x39, 0x08, 0xE0, 0x88, 0x7E, 0x03, 0xD7, 0xF3, 0x9D, 0x2E, 0x3D,
    0xEC, 0x76, 0xCD, 0x1C, 0x8A, 0xD8, 0x74, 0x26, 0x3D, 0x6F, 0x97, 0x62, 0x2A, 0x27, 0x61, 0x9B,
    0x88, 0xA3, 0x5C, 0xC5, 0x62, 0x5D, 0x96, 0xC5, 0x05, 0x63, 0xFE, 0xAE, 0x79, 0xED, 0xA6, 0xB9,
    0x96, 0xBE, 0x35, 0x24, 0xB6, 0x97, 0xBD, 0xEE, 0x7D, 0x9A, 0xCD, 0xF6, 0x6D, 0x11, 0xC2, 0xA0,
    0x2F, 0xF0, 0xD0, 0x39, 0xFF, 0x2F, 0x68, 0xA4, 0x88, 0xB3, 0xC8, 0x70, 0x48, 0x75, 0x9C, 0xEB,
    0x74, 0xE9, 0xE1, 0xE7, 0x99, 0x88, 0xF6, 0x14, 0xE9, 0x0B, 0x71, 0xEE, 0x45, 0x3A, 0xF8, 0x4D,
    0xD2, 0xD8, 0x5B, 0x93, 0xDF, 0xCC, 0x20, 0xDF, 0xB7, 0xE5, 0x14, 0xF4, 0x51, 0x93, 0x16, 0xFB,
    0x7F, 0xAD, 0xBA, 0x31, 0xAC, 0x52, 0x33, 0x79, 0xF6, 0xAE, 0x48, 0x9C, 0x5F, 0x41, 0x3B, 0x8B,
    0x70, 0x59, 0xAB, 0xE7, 0x74, 0xF6, 0x93, 0xCE, 0x4D, 0xE3, 0x7C, 0xBA, 0xF4, 0x50, 0x3E, 0xB2,
    0xDF, 0xD8, 0xE2, 0x4C, 0x6A, 0x34, 0x9C, 0xE2, 0xBB, 0xC8, 0x49, 0xE8, 0x38, 0x26, 0xA9, 0x54,
    0x97, 0x69, 0x28, 0x69, 0x96, 0x5A, 0xE0, 0x2F, 0x75, 0x02, 0x2E, 0xEC, 0xB2, 0xA7, 0x97, 0xE1,
    0x8F, 0xE0, 0xF2, 0xAA, 0xD5, 0x68, 0x57, 0xDC, 0x68, 0x24, 0x4B, 0x44, 0x31, 0x05, 0x6A, 0x59,
    0x87, 0xBD, 0x0B, 0xFD, 0xDD, 0x06, 0xE5, 0x25, 0x83, 0x39, 0xE2, 0xEE, 0x88, 0x4D, 0x21, 0x2B,
    0xF1, 0x86, 0x3F, 0x89, 0x42, 0x13, 0x76, 0x1F, 0x92, 0xC6, 0xC7, 0xD2, 0xBC, 0x71, 0x32, 0xC5,
    0x38, 0x98, 0xE4, 0x0B, 0x6B, 0xC2, 0x07, 0xB6, 0xF2, 0xB1, 0xDD, 0x4A, 0xE1, 0x75, 0x68, 0x0F,
    0xE1, 0xF4, 0x67, 0x6F, 0x70, 0xA1, 0x55, 0x5A, 0x17, 0xBD, 0xB0, 0xC2, 0xA8, 0x9A, 0x3B, 0x5D,
    0x27, 0x93, 0x22, 0xFA, 0xA8, 0xD4, 0x68, 0x0C, 0x64, 0xA6, 0xC5, 0xA6, 0xD1, 0xB0, 0xAD, 0xB1,
    0x14, 0x96, 0x0B, 0x39, 0x7D, 0x0D, 0xA7, 0xD8, 0x78, 0x1D, 0x8C, 0x29, 0x26, 0x49, 0xE5, 0xBF,
    0xB8, 0xBC, 0xC2, 0x41, 0x36, 0x93, 0xDF, 0xB1, 0xB3, 0xCB, 0x40, 0x2E, 0x93, 0x12, 0x8C, 0x9E,
    0x8B, 0xC4, 0x83, 0x4D, 0x28, 0x94, 0xC7, 0x3B, 0xE9, 0x1C, 0x9D, 0x0B, 0xB7, 0x34, 0x46, 0x7A,
    0xAE, 0x3F, 0x6B, 0x5A, 0x7B, 0x01, 0x74, 0x19, 0xCC, 0x14, 0xA1, 0xE8, 0x48, 0x2F, 0x12, 0x31,
    0xE1, 0x67, 0xC1, 0x52, 0x03, 0x86, 0x06, 0x52, 0x18, 0xCF, 0x93, 0x72, 0xB1, 0x05, 0xA2, 0x26,
    0x80, 0x9A, 0x41, 0xAA, 0x4C, 0xB8, 0xBB, 0x86, 0xC2, 0x40, 0x8F, 0x5F, 0x31, 0xB3, 0x9E, 0xF7,
    0x94, 0xB0, 0x98, 0xC7, 0x48, 0xEB, 0x36, 0x44, 0x36, 0xBD, 0x4E, 0x65, 0x52, 0x1D, 0x9E, 0x98,
    0x10, 0x37, 0x80, 0xB9, 0x4A, 0x45, 0x68, 0x33, 0x64, 0xAD, 0xA9, 0xC3, 0x39, 0x9A, 0x0E, 0x1C,
    0x8C, 0x38, 0x8D, 0x19, 0xD6, 0x2E, 0xB7, 0x42, 0x7E, 0x9E, 0x99, 0xFD, 0x68, 0x67, 0x2B, 0xA6,
    0xEB, 0x5C, 0xE7, 0x15, 0x9A, 0x2A, 0xB8, 0x3D, 0x6C, 0x36, 0xAD, 0xA9, 0xAD, 0xC0, 0xFC, 0x4E,
    0x43, 0x24, 0x63, 0x20, 0xAD, 0x8D, 0xD8, 0x28, 0x4C, 0x07, 0xA8, 0xE7, 0x55, 0x67, 0xD2, 0xDF,
    0x74, 0x26, 0xFA, 0xBA, 0x33, 0xC1, 0x63, 0x10, 0x0F, 0x61, 0x88, 0xE8, 0xE2, 0x60, 0x35, 0xD0,
    0x8A, 0x64, 0x75, 0x5A, 0x24, 0xB5, 0xE0, 0x80, 0x6D, 0x93, 0x0B, 0xC9, 0x21, 0xD2, 0x7A, 0x56,
    0x3A, 0x8D, 0x36, 0xDC, 0xF4, 0xCC, 0xD9, 0xA3, 0x71, 0xE1, 0x48, 0x1C, 0x1C, 0x95, 0xB9, 0x8B,
    0x1F, 0x29, 0x85, 0xC1, 0x90, 0x16, 0xD2, 0xAF, 0xE8, 0xF3, 0xA0, 0x17, 0xFD, 0x3D, 0x79, 0xA3,
    0x49, 0xDF, 0x13, 0xB2, 0xEE, 0x42, 0xD0, 0x20, 0x7D, 0xCE, 0x98, 0x31, 0xC2, 0x9F, 0xE0, 0x1B,
    0x31, 0xAD, 0xED, 0xDB, 0x30, 0x18, 0xC4, 0x5A, 0x6A, 0x42, 0x44, 0x53, 0x6C, 0xA6, 0x73, 0x60,
    0x32, 0x20, 0xF9, 0x3D, 0xEB, 0x17, 0x7E, 0xEB, 0xA0, 0x58, 0x6D, 0xCE, 0xD9, 0xDF, 0x32, 0xD8,
    0xCE, 0x15, 0x5B, 0x7A, 0xCE, 0x93, 0x9D, 0xD0, 0x54, 0x1B, 0xD5, 0xE5, 0xAA, 0xCB, 0x3D, 0xD2,
    0x73, 0xA6, 0xE0, 0xDC, 0xFC, 0x55, 0xD9, 0xEF, 0xEC, 0x67, 0xF6, 0x87, 0xA4, 0x7B, 0x8B, 0x0D,
    0xBD, 0xC5, 0xD5, 0x48, 0x67, 0x16, 0xBC, 0xE2, 0x50, 0x9F, 0x77, 0xED, 0xD3, 0xCC, 0x8A, 0xBF,
    0xDA, 0x74, 0xC8, 0x5B, 0xC6, 0xC2, 0x3C, 0x61, 0x8E, 0x4F, 0xCD, 0x20, 0xAE, 0xCA, 0x7B, 0x83,
    0x6E, 0xD7, 0x15, 0xCC, 0x5A, 0xEC, 0x90, 0x48, 0x4E, 0xC4, 0xDB, 0x94, 0x2D, 0x28, 0x03, 0x88,
    0xB8, 0x9D, 0xCC, 0x9B, 0x17, 0x39, 0xDB, 0x29, 0x2C, 0xDF, 0xB7, 0x77, 0x1F, 0xF7, 0xBF, 0x9C,
    0x92, 0xF4, 0x83, 0xAB, 0x5F, 0xDF, 0xEE, 0x99, 0xD3, 0x60, 0xBE, 0xE4, 0xD4, 0x13, 0xD1, 0x15,
    0x6D, 0x3C, 0x78, 0xCF, 0xBE, 0x48, 0xA1, 0xF4, 0xE2, 0x23, 0x33, 0x96, 0xB6, 0xEE, 0x04, 0x2D,
    0xE7, 0x22, 0xFB, 0x89, 0xEA, 0xDB, 0xFF, 0xBA, 0x4F, 0xEE, 0x37, 0xD6, 0xFE, 0x7A, 0xC2, 0xE9,
    0xEE, 0x0D, 0x62, 0x70, 0x37, 0x1E, 0xB2, 0xFE, 0xB3, 0x0B, 0xA3, 0x8B, 0x79, 0xE6, 0xA9, 0x57,
    0xE1, 0x94, 0xB5, 0x1D, 0x10, 0x57, 0x53, 0xDE, 0x38, 0xB7, 0xDE, 0x58, 0x16, 0x67, 0x30, 0x1B,
    0x36, 0xB1, 0x8A, 0x04, 0x8D, 0x9F, 0xE2, 0x34, 0xBC, 0xFA, 0xE4, 0x7E, 0xE7, 0xC4, 0x8B, 0x1A,
    0x9C, 0xEE, 0xB4, 0x39, 0xF1, 0xEF, 0x6E, 0xF4, 0x6D, 0x64, 0xA3, 0x29, 0xE9, 0x6C, 0x63, 0x9B,
    0x3B, 0xDB, 0xD7, 0xE4, 0xD1, 0x95, 0xE5, 0x64, 0xFE, 0xCE, 0xCC, 0x29, 0x0F, 0x16, 0x3D, 0xB0,
    0x77, 0x68, 0x01, 0xE3, 0x6F, 0xE9, 0x46, 0x50, 0x98, 0xC0, 0x5C, 0x71, 0x41, 0x49, 0x66, 0x41,
    0x26, 0xC6, 0x6B, 0x6F, 0x54, 0xD2, 0xF8, 0xF5, 0x00, 0x5F, 0xB1, 0xCC, 0xA4, 0x51, 0x64, 0x5D,
    0x62, 0x7F, 0x8D, 0x68, 0xB7, 0x6C, 0x4E, 0x69, 0x14, 0xC1, 0x29, 0x0E, 0xA4, 0x85, 0x03, 0x19,
    0xD7, 0xD2, 0x08, 0x9F, 0x04, 0xE2, 0xB1, 0x84, 0x7C, 0x92, 0x46, 0x6F, 0x82, 0x57, 0x99, 0xDE,
    0x92, 0xC6, 0x55, 0x0F, 0x57, 0xB3, 0x84, 0xAB, 0x19, 0x7D, 0xCB, 0x40, 0x15, 0xB4, 0x75, 0xAA,
    0x1E, 0x38, 0xFC, 0x4F, 0x06, 0xCB, 0x11, 0x06, 0x0D, 0x33, 0xDD, 0x53, 0xA8, 0x46, 0x9A, 0x34,
    0x36, 0xE0, 0xAD, 0xE5, 0xD8, 0x20, 0xFE, 0xA4, 0x98, 0xB0, 0xED, 0x08, 0x63, 0xBC, 0x5B, 0x8D,
    0x70, 0x25, 0x6D, 0xC6, 0xB8, 0x0A, 0x07, 0x38, 0xEF, 0xCF, 0x13, 0x67, 0xDF, 0x9F, 0x77, 0xF6,
    0xD9, 0x9E, 0xD9, 0x07, 0x4F, 0x3D, 0xFB, 0xF5, 0xE7, 0xD2, 0xA2, 0xDD, 0xD4, 0x1F, 0xA3, 0xE2,
    0x63, 0xC8, 0x23, 0x68, 0xE6, 0xD8, 0xC8, 0x5A, 0xEF, 0xBD, 0x68, 0x5C, 0xB6, 0x24, 0x1F, 0x46,
    0x85, 0xE0, 0x83, 0xCC, 0xE3, 0x4F, 0xA3, 0x94, 0x5D, 0x9B, 0xDD, 0xB6, 0x4A, 0xEC, 0x33, 0x6F,
    0x44, 0x28, 0x28, 0xC6, 0x6C, 0x58, 0x53, 0xE3, 0x4A, 0x80, 0x16, 0x2F, 0xA9, 0x00, 0xDA, 0x08,
    0x26, 0xB8, 0x59, 0x23, 0x5F, 0xF2, 0xB8, 0xC7, 0x70, 0x25, 0x1A, 0x3F, 0x44, 0xBA, 0xF5, 0xAB,
    0x11, 0x68, 0x4B, 0x3F, 0xE5, 0x14, 0x76, 0x00, 0xD6, 0x02, 0xED, 0xB8, 0x96, 0x46, 0x11, 0x35,
    0x42, 0x58, 0x9E, 0x49, 0x63, 0xD4, 0xC2, 0x81, 0x99, 0x80, 0x76, 0x5A, 0x49, 0xE3, 0xAA, 0x07,
    0xB0, 0x16, 0x68, 0xC7, 0x5F, 0x21, 0x31, 0x31, 0x60, 0x0A, 0xE9, 0x0D, 0x8B, 0xC4, 0x07, 0x80,
    0x25, 0xDA, 0x1C, 0x37, 0x20, 0xDA, 0x65, 0xEB, 0x7F, 0xE4, 0x5F, 0x67, 0xBA, 0xB4, 0x44, 0x1C,
    0x61, 0x72, 0xE5, 0x72, 0xEF, 0x5C, 0x18, 0x9B, 0x0D, 0x27, 0x02, 0x5C, 0xA7, 0x1E, 0x83, 0xF6,
    0xF2, 0x84, 0x63, 0x29, 0x26, 0x55, 0xF0, 0x27, 0x66, 0xB2, 0x6D, 0x1D, 0x22, 0x23, 0x0A, 0x3D,
    0x1F, 0x20, 0x67, 0xC1, 0xD0, 0xE3, 0xE8, 0x9C, 0xBD, 0x17, 0x74, 0x7C, 0xD9, 0xC4, 0x80, 0xE3,
    0x41, 0x16, 0x77, 0x6A, 0x92, 0x98, 0x05, 0x6B, 0xA3, 0x5A, 0xFB, 0x17, 0xC0, 0xEE, 0xF3, 0x8F,
    0x05, 0x3D, 0x3A, 0x52, 0xDA, 0x99, 0xA7, 0xAC, 0x54, 0xDD, 0xA8, 0x60, 0xD3, 0xD8, 0x2B, 0x4B,
    0xD8, 0x4C, 0x3C, 0x62, 0x2E, 0x50, 0x07, 0x65, 0x81, 0x63, 0xD8, 0xB1, 0x62, 0xC5, 0x6A, 0xE8,
    0xF8, 0x4B, 0xCD, 0xAC, 0x95, 0x5A, 0x7C, 0x59, 0x2D, 0x75, 0x35, 0xC1, 0x43, 0x6E, 0xF8, 0x51,
    0x03, 0x6A, 0x8C, 0x0C, 0x68, 0xFD, 0x46, 0xF0, 0x27, 0x16, 0x78, 0x8E, 0xFA, 0x04, 0xA5, 0x7A,
    0x7A, 0x9B, 0x5D, 0xD5, 0xC8, 0x39, 0x89, 0xEC, 0xE7, 0x18, 0xD8, 0x7E, 0xC2, 0xCF, 0x3A, 0xB8,
    0xAB, 0x66, 0x53, 0xAA, 0x5C, 0x8C, 0xF8, 0x29, 0x12, 0xEC, 0x8C, 0x85, 0xF6, 0x5A, 0xA2, 0x60,
    0xEB, 0x78, 0x90, 0xFE, 0x42, 0x6C, 0xCC, 0xE8, 0x3B, 0x24, 0x0D, 0x11, 0x14, 0x24, 0x61, 0x00,
    0xCF, 0xD7, 0xFE, 0xB1, 0x6E, 0xF7, 0xA9, 0x0C, 0x91, 0x5F, 0x01, 0x82, 0xB7, 0xC4, 0x8F, 0x98,
    0xE0, 0xF8, 0x2C, 0x09, 0x76, 0xF4, 0x8A, 0xB9, 0x1D, 0x14, 0xDE, 0x47, 0x98, 0x08, 0x03, 0x5C,
    0x09, 0xDD, 0x21, 0x9F, 0x47, 0x73, 0xB9, 0x3F, 0x2B, 0x2F, 0xE0, 0x23, 0xD7, 0xEA, 0x0A, 0x8A,
    0x56, 0x36, 0x0B, 0x2D, 0xF6, 0x83, 0xF8, 0xA4, 0x38, 0xFA, 0x23, 0x33, 0x95, 0x0C, 0xB1, 0x0A,
    0x01, 0x8C, 0x4E, 0x5B, 0xB2, 0x0F, 0x6A, 0x3E, 0xA5, 0x69, 0x0B, 0x55, 0xE6, 0xE8, 0xB4, 0x40,
    0x66, 0x86, 0x9B, 0xA8, 0xE6, 0x87, 0x7C, 0xE2, 0x77, 0x5A, 0x63, 0xA9, 0x5D, 0xC5, 0x5A, 0x1D,
    0xC2, 0x31, 0xE0, 0x2B, 0x8B, 0x99, 0xA2, 0x83, 0xBB, 0xE2, 0x2C, 0xA5, 0xCA, 0x1C, 0xA0, 0x54,
    0x46, 0x64, 0xF5, 0x4D, 0x43, 0xB7, 0x62, 0x85, 0xBC, 0xD2, 0xE9, 0x29, 0xFA, 0xCD, 0x84, 0x2C,
    0x20, 0x42, 0xE1, 0x1F, 0xCA, 0x8A, 0x53, 0x0C, 0x4D, 0x2A, 0xA6, 0x6D, 0x6C, 0x29, 0xB8, 0x4A,
    0x84, 0xBF, 0xB1, 0x02, 0xBF, 0x87, 0x9F, 0xC2, 0x45, 0x89, 0x46, 0xCF, 0x9E, 0xC8, 0x2A, 0x9A,
    0x8C, 0xEA, 0x63, 0xA0, 0xBE, 0x28, 0x19, 0xAD, 0xCE, 0x7F, 0xC6, 0xC4, 0xC5, 0xCF, 0x58, 0xAB,
    0x19, 0xEC, 0x4F, 0x2E, 0x3A, 0xFE, 0x60, 0x11, 0xA6, 0x32, 0x8E, 0x67, 0x45, 0xF8, 0x56, 0x8E,
    0xA3, 0x20, 0xD6, 0xCB, 0x0C, 0xC8, 0x46, 0x5A, 0x91, 0x3A, 0x2A, 0x0F, 0x7E, 0x4E, 0x5D, 0xF4,
    0x40, 0x99, 0x73, 0x13, 0x5F, 0xE5, 0xDA, 0xC7, 0x9B, 0xC0, 0x13, 0x5F, 0x32, 0x90, 0x09, 0xBF,
    0xD3, 0x0D, 0xA0, 0x5D, 0xAD, 0xB4, 0x8C, 0x4A, 0xC7, 0xD0, 0x2D, 0xE3, 0x06, 0xD7, 0xBD, 0xA4,
    0x54, 0xB9, 0x4D, 0x66, 0x5E, 0x11, 0xBD, 0xE4, 0x77, 0x89, 0x61, 0x21, 0x97, 0x99, 0x84, 0x8E,
    0xA8, 0x96, 0xDE, 0x6E, 0x9E, 0xAC, 0xC9, 0x4C, 0x66, 0xD9, 0x82, 0x20, 0x0C, 0xC1, 0x12, 0xC6,
    0x2D, 0xDF, 0x07, 0x7E, 0x71, 0xA5, 0x9B, 0x89, 0x14, 0x6E, 0xA0, 0xCC, 0x82, 0x28, 0x58, 0x77,
    0xDF, 0x20, 0xC3, 0x7B, 0x15, 0xD1, 0x12, 0x2E, 0x4F, 0xDA, 0xA1, 0x90, 0x06, 0x1B, 0xC7, 0x29,
    0xB1, 0x42, 0x19, 0x33, 0xB5, 0x1A, 0x2D, 0xB1, 0xEF, 0xD3, 0x6C, 0x43, 0xDE, 0x05, 0x3F, 0x2D,
    0x76, 0x20, 0xC5, 0x07, 0xB9, 0x94, 0xB2, 0x83, 0xD3, 0x6B, 0x9D, 0x4D, 0x16, 0xD8, 0x39, 0xB5,
    0xCE, 0x80, 0xBB, 0xB2, 0xEC, 0x9C, 0x5D, 0x08, 0xE7, 0x12, 0x19, 0xAD, 0x35, 0x25, 0x92, 0x28,
    0x27, 0x9A, 0x5C, 0x34, 0xAB, 0xDB, 0x6D, 0x5A, 0xEE, 0x9A, 0x33, 0x45, 0x26, 0xDF, 0xEA, 0x6B,
    0xE9, 0x7E, 0x3D, 0xE2, 0x42, 0xC4, 0x9A, 0xAE, 0x35, 0xA9, 0x0B, 0xF5, 0xEB, 0x09, 0xAD, 0xE7,
    0xB8, 0x9E, 0x36, 0x50, 0x40, 0xC1, 0x21, 0xD8, 0x79, 0xE5, 0x12, 0xE5, 0x2D, 0x2A, 0xDD, 0xC1,
    0xD6, 0x0F, 0x47, 0xD4, 0x57, 0x34, 0xC4, 0x35, 0xC1, 0xCE, 0x4C, 0x51, 0x9C, 0x04, 0x4E, 0xCC,
    0x11, 0x8F, 0xC0, 0xF6, 0xC4, 0x58, 0x83, 0xEE, 0x22, 0x6B, 0x1F, 0xAA, 0xA8, 0xB2, 0xF6, 0x0E,
    0x17, 0x03, 0xE3, 0x16, 0x6E, 0x32, 0xA5, 0x23, 0x1C, 0xBB, 0x9C, 0x95, 0x73, 0xAC, 0xDA, 0x6F,
    0xB5, 0xD4, 0x1D, 0x19, 0xB4, 0x83, 0x0C, 0xAB, 0x7B, 0xA7, 0xF3, 0x34, 0xC9, 0x1E, 0xCF, 0x5B,
    0x22, 0x9E, 0xB7, 0xC5, 0x01, 0xB7, 0x46, 0x50, 0xCD, 0x76, 0x30, 0x45, 0xEE, 0x92, 0xA7, 0xF7,
    0x8E, 0x76, 0xCA, 0x9F, 0x8E, 0x0C, 0x2B, 0x12, 0xE6, 0x74, 0x41, 0x8E, 0xE8, 0x44, 0xD8, 0x31,
    0x9C, 0x32, 0xB9, 0x0A, 0xBA, 0x9D, 0x03, 0x2F, 0xF0, 0x96, 0xBC, 0xE5, 0x63, 0x73, 0x07, 0x47,
    0x1A, 0x3C, 0x99, 0x34, 0xA2, 0xC2, 0x48, 0x48, 0x04, 0x1F, 0x4A, 0xC0, 0x9E, 0x8C, 0x7A, 0x4F,
    0x25, 0xE2, 0x20, 0x69, 0x3D, 0xB9, 0x30, 0x48, 0xC8, 0xFE, 0x44, 0x80, 0x56, 0x26, 0xC9, 0x84,
    0x3E, 0x21, 0x78, 0x5C, 0x0C, 0xF7, 0xC1, 0x7B, 0xD8, 0xE6, 0xF7, 0xFF, 0x20, 0x6B, 0x92, 0x89,
    0xB6, 0xB5, 0x50, 0x30, 0x7C, 0xA9, 0xE1, 0x09, 0x8E, 0xD0, 0x05, 0xCC, 0x09, 0xFD, 0xCB, 0x4A,
    0x9E, 0x36, 0xA7, 0x6A, 0xEF, 0x9C, 0x36, 0x3E, 0x3F, 0x59, 0xA2, 0x3B, 0xD7, 0x16, 0x1B, 0x37,
    0x9D, 0x63, 0x3B, 0xBC, 0xB0, 0x04, 0xC4, 0xA2, 0x2A, 0x7E, 0xBB, 0xCD, 0x9B, 0x31, 0xEF, 0x52,
    0x9B, 0x45, 0x13, 0xF9, 0xD6, 0xF2, 0x1D, 0x8A, 0xA8, 0x7D, 0xAA, 0x88, 0xF8, 0xDA, 0xAE, 0x16,
    0xB6, 0x83, 0x5B, 0x91, 0xD2, 0xB2, 0x5D, 0xD5, 0xB0, 0xA5, 0x63, 0x1D, 0x86, 0xD5, 0x2A, 0xAA,
    0x5A, 0x59, 0xAE, 0xB2, 0x22, 0x6D, 0xEF, 0x5C, 0x30, 0x67, 0x14, 0xCF, 0xC0, 0x19, 0xAF, 0x67,
    0x3F, 0x7E, 0x6B, 0x0A, 0xBA, 0xE0, 0x18, 0x45, 0x9A, 0x19, 0xD4, 0xD2, 0x9A, 0x4C, 0x81, 0x2A,
    0x1B, 0xE2, 0x3E, 0xFA, 0x83, 0xF0, 0xC7, 0xC8, 0x32, 0x5D, 0x91, 0xA2, 0x10, 0xA9, 0x5A, 0x56,
    0xF9, 0x94, 0x99, 0x94, 0xB9, 0x36, 0x95, 0x31, 0x74, 0x75, 0x21, 0xDB, 0x79, 0x41, 0xC2, 0xE6,
    0x14, 0xF3, 0x87, 0x95, 0x41, 0x91, 0x8A, 0x5A, 0x13, 0x0F, 0x10, 0xEA, 0x94, 0xB5, 0x7F, 0xB1,
    0x99, 0x1E, 0x64, 0x01, 0x24, 0x65, 0x4C, 0xCA, 0xCA, 0x6C, 0x3B, 0x69, 0xED, 0x66, 0x21, 0x7D,
    0x40, 0xB0, 0x7A, 0x74, 0x14, 0xCC, 0xA1, 0x4A, 0xBF, 0x7A, 0x29, 0xE1, 0x57, 0x8B, 0xF0, 0xBF,
    0x2A, 0xA7, 0x6C, 0xC4, 0xAB, 0x62, 0x25, 0xE4, 0x94, 0x5D, 0x1E, 0x21, 0x99, 0x90, 0xAD, 0x85,
    0x9D, 0x76, 0x59, 0xEB, 0xCC, 0x61, 0x2F, 0xB4, 0xAE, 0x7E, 0x69, 0x72, 0x3F, 0x37, 0xF7, 0xE8,
    0x61, 0xC8, 0x72, 0xC8, 0xAC, 0xA4, 0x5B, 0xC1, 0xB4, 0x7D, 0xE3, 0xED, 0xA5, 0x9E, 0x17, 0xEF,
    0x0F, 0xD9, 0x63, 0xE7, 0x3A, 0x1C, 0x42, 0x95, 0xAF, 0xC0, 0x14, 0x6A, 0x0F, 0xFC, 0x95, 0x1A,
    0x6D, 0xE9, 0xE7, 0x10, 0x71, 0x32, 0x7A, 0x43, 0x5F, 0x43, 0x8B, 0xF5, 0x19, 0x94, 0x66, 0x7C,
    0x3A, 0x85, 0x8E, 0x48, 0x81, 0x00, 0x02, 0x78, 0x27, 0x30, 0xA3, 0xCD, 0x10, 0x3B, 0x43, 0xC0,
    0xC2, 0xE0, 0xCC, 0x5B, 0xE9, 0xDE, 0x67, 0x2A, 0xFD, 0x95, 0xCD, 0xBC, 0x2A, 0xC3, 0x9C, 0x44,
    0x81, 0x15, 0xB9, 0x31, 0xE8, 0x32, 0x34, 0x3F, 0x0E, 0x68, 0xE0, 0x1D, 0xD0, 0x94, 0xF3, 0x4A,
    0x7D, 0x05, 0x28, 0x5B, 0x60, 0x56, 0xE0, 0x2E, 0xCF, 0x66, 0x10, 0x83, 0xB6, 0xA2, 0xBD, 0x8F,
    0xCD, 0x61, 0xE7, 0xB3, 0x4E, 0x36, 0xA6, 0x85, 0x7B, 0x38, 0x15, 0xEA, 0x6B, 0xC3, 0x51, 0x0B,
    0x1E, 0x0D, 0x62, 0xF6, 0x24, 0xD5, 0x76, 0xE5, 0xCE, 0xAC, 0x4C, 0x61, 0x17, 0x62, 0x81, 0xCB,
    0x3A, 0x86, 0x45, 0xF8, 0x5B, 0x2D, 0x9E, 0xC5, 0x28, 0x35, 0xA2, 0x20, 0xF7, 0xA0, 0x2F, 0x7A,
    0xBC, 0x53, 0x22, 0x7F, 0x5E, 0x1E, 0xB5, 0x00, 0x4D, 0x34, 0xD0, 0x7F, 0x08, 0x2D, 0xD8, 0xB2,
    0x49, 0xE7, 0xD9, 0x9F, 0xDA, 0x59, 0x2E, 0x23, 0x0A, 0x7E, 0x4E, 0x10, 0xFA, 0x0D, 0x10, 0xFE,
    0x8F, 0x20, 0x8C, 0x67, 0x80, 0xD0, 0x9C, 0x0A, 0x42, 0x07, 0x10, 0x58, 0x3F, 0x31, 0x40, 0xD5,
    0xF4, 0x58, 0x62, 0xE8, 0x80, 0xBF, 0x5F, 0xDE, 0x95, 0xD2, 0x02, 0xF7, 0x15, 0x7D, 0x70, 0x70,
    0x12, 0x4D, 0x68, 0xEA, 0x9E, 0x73, 0xE3, 0x30, 0x9C, 0x8A, 0x43, 0xA5, 0x38, 0x4C, 0xAA, 0x99,
    0x18, 0xB9, 0xA1, 0x22, 0x16, 0x32, 0x2E, 0xC5, 0xEE, 0x45, 0xAD, 0x9F, 0xCB, 0xCF, 0xDF, 0x9A,
    0xD7, 0x33, 0xAC, 0x0A, 0xF4, 0xE6, 0x8D, 0x8A, 0x79, 0xC7, 0x39, 0xBE, 0xF3, 0x32, 0x33, 0x15,
    0x23, 0xE6, 0xE9, 0xED, 0x5E, 0xD3, 0x33, 0x09, 0x0A, 0xA6, 0x3B, 0xF3, 0x44, 0xA6, 0xFA, 0xCF,
    0x93, 0x60, 0xE2, 0x0E, 0x0F, 0x4E, 0x31, 0x0C, 0x13, 0x05, 0x33, 0x6A, 0xFF, 0x79, 0x97, 0xA9,
    0x12, 0xC7, 0x54, 0x3B, 0xF9, 0xFE, 0xE1, 0xB4, 0xF2, 0x84, 0xEF, 0xAB, 0xF1, 0x17, 0x4B, 0xA3,
    0x3A, 0xB7, 0xD1, 0xCC, 0x59, 0x7C, 0x65, 0x8A, 0x2F, 0x2F, 0xF8, 0xD7, 0x37, 0x54, 0xB6, 0xB0,
    0xE5, 0x17, 0xD6, 0xA6, 0x76, 0x78, 0xAA, 0xDC, 0x24, 0x5E, 0x3F, 0x34, 0xF9, 0x80, 0x0A, 0x79,
    0x31, 0xC8, 0xAE, 0x43, 0xF4, 0x08, 0xC3, 0xAE, 0xAA, 0x74, 0x42, 0x7D, 0x66, 0x5A, 0x30, 0xF1,
    0x93, 0xCF, 0x35, 0x1D, 0x2A, 0x7A, 0x77, 0xC2, 0x33, 0xBB, 0xF5, 0xDE, 0xDF, 0x33, 0x3E, 0x3B,
    0x8D, 0xC0, 0x27, 0xAC, 0x69, 0xCA, 0xF6, 0x41, 0xF7, 0xA6, 0x18, 0xF8, 0x26, 0xFD, 0x20, 0x53,
    0x75, 0x2E, 0xA0, 0x88, 0x82, 0x09, 0xCE, 0x97, 0x21, 0x57, 0xAF, 0x7E, 0x25, 0xEC, 0x9C, 0xB7,
    0xCF, 0xCD, 0x1C, 0x7C, 0x99, 0x24, 0x22, 0x4A, 0x1A, 0x18, 0x78, 0xAE, 0xC9, 0xCB, 0xBA, 0xA7,
    0x05, 0xE6, 0x25, 0x87, 0xB9, 0xD0, 0xC0, 0xFD, 0xB9, 0xCE, 0x90, 0xB7, 0xCB, 0x2D, 0xEE, 0x50,
    0x05, 0xE2, 0x5F, 0x58, 0xCC, 0x26, 0x6C, 0x02, 0x04, 0xBA, 0xDE, 0x6E, 0x55, 0xFD, 0xF9, 0xAD,
    0x30, 0x82, 0xE9, 0xBD, 0x93, 0x8E, 0xF4, 0x73, 0x56, 0x1A, 0x3D, 0xA9, 0x11, 0x81, 0x41, 0xBE,
    0x49, 0xCA, 0xCA, 0x30, 0xB8, 0x4D, 0x0C, 0x01, 0xD0, 0x6F, 0x32, 0x1A, 0x03, 0x80, 0xE3, 0x84,
    0x87, 0xE1, 0xCC, 0x7B, 0xD3, 0x5B, 0xED, 0x0A, 0x6E, 0x0C, 0x1C, 0xA5, 0xAC, 0xCC, 0x76, 0x28,
    0x7D, 0x96, 0x30, 0x0E, 0xCB, 0xDD, 0xF0, 0x3E, 0x6E, 0x5E, 0xC7, 0xB2, 0x77, 0x6C, 0x1E, 0xD9,
    0x3E, 0xC5, 0x8B, 0x0E, 0x1A, 0xB9, 0x61, 0xB4, 0xE3, 0x94, 0x77, 0x74, 0xE7, 0x37, 0x77, 0x2E,
    0x0E, 0xA3, 0xCA, 0x55, 0x96, 0xC1, 0x62, 0x73, 0xC1, 0x52, 0x38, 0xF0, 0x62, 0xDE, 0xD9, 0x5A,
    0x3D, 0x78, 0xB9, 0xA5, 0x54, 0x23, 0xE8, 0x58, 0x89, 0x9D, 0x7F, 0xF6, 0x2C, 0xE4, 0x8B, 0x82,
    0x27, 0x27, 0x3C, 0x7F, 0x63, 0x5E, 0x87, 0x4F, 0x04, 0x7F, 0x98, 0x99, 0xDC, 0x84, 0x42, 0xA9,
    0x2C, 0x5E, 0x72, 0x16, 0x0A, 0xEB, 0x55, 0xB3, 0xEA, 0x10, 0x1E, 0xA6, 0x7B, 0x3F, 0xBF, 0x51,
    0x75, 0x71, 0x6C, 0xA4, 0x90, 0x70, 0xCB, 0xDF, 0x44, 0x92, 0xF7, 0x4D, 0x98, 0x05, 0x51, 0xF6,
    0x4B, 0x58, 0x9A, 0x57, 0x8C, 0x06, 0x0E, 0x9D, 0x78, 0x7D, 0x99, 0x79, 0x4B, 0xCB, 0x23, 0xE1,
    0x84, 0xCB, 0xED, 0x7D, 0x62, 0x4C, 0x1B, 0xE9, 0x0F, 0xCE, 0xF3, 0xF1, 0x7B, 0xC0, 0xF1, 0x47,
    0xC8, 0x95, 0x87, 0xD5, 0x80, 0xF0, 0x1A, 0x1C, 0xFB, 0x1E, 0x1A, 0xAA, 0x4B, 0x33, 0x31, 0x0E,
    0xD2, 0xBD, 0x65, 0x1B, 0x17, 0xC3, 0x6F, 0x6C, 0x64, 0xF5, 0x1D, 0x5C, 0x8B, 0xF4, 0xDF, 0x6A,
    0x17, 0x59, 0x8B, 0x5A, 0x59, 0x68, 0x84, 0xD6, 0xF0, 0x7A, 0xA0, 0x75, 0x81, 0x84, 0x7E, 0x0E,
    0x8F, 0x65, 0x97, 0x4C, 0xD0, 0xA4, 0x22, 0xC0, 0xAD, 0x49, 0x6E, 0x89, 0xD2, 0x15, 0x67, 0x68,
    0x88, 0x8B, 0x8B, 0x04, 0xEC, 0x87, 0xDD, 0x76, 0x2B, 0xEB, 0xBE, 0xE0, 0xA0, 0x11, 0xF6, 0xA1,
    0x7F, 0x83, 0x37, 0xFF, 0xF4, 0xA0, 0x59, 0xA9, 0x2F, 0xC9, 0xF6, 0x8C, 0xEC, 0x35, 0x2F, 0x72,
    0xF6, 0x03, 0x66, 0x7F, 0x4D, 0x93, 0x4F, 0x70, 0x43, 0x31, 0x5A, 0xFA, 0x1E, 0x0C, 0xD5, 0x39,
    0xAA, 0xEA, 0x7C, 0xDE, 0x39, 0xC4, 0xEA, 0x3B, 0xE1, 0x4E, 0xAB, 0x50, 0x8B, 0x27, 0xD9, 0x20,
    0x7E, 0xCC, 0x3F, 0xED, 0x91, 0xF9, 0x78, 0x35, 0x46, 0xE6, 0x9D, 0x7F, 0xD8, 0x32, 0x9C, 0x90,
    0x30, 0xAA, 0x5A, 0x63, 0xF9, 0x33, 0x93, 0xF7, 0x2E, 0xEC, 0x27, 0x64, 0x4D, 0xE2, 0xC7, 0x86,
    0xF7, 0x65, 0x0B, 0x65, 0xD6, 0x04, 0x0F, 0x44, 0x04, 0xE1, 0x1D, 0xD6, 0xE1, 0x26, 0xDE, 0xD2,
    0xE8, 0xF0, 0x0A, 0x48, 0x30, 0x78, 0x13, 0xDE, 0x07, 0x41, 0x9D, 0x48, 0x15, 0xD5, 0x03, 0x22,
    0x98, 0x6D, 0xD0, 0xA6, 0x59, 0x5A, 0xF9, 0xA3, 0x37, 0x84, 0xA8, 0xBC, 0xCE, 0x8B, 0x6B, 0x5E,
    0xBF, 0x82, 0xB1, 0x96, 0x64, 0xA9, 0x8F, 0x1C, 0x4E, 0x54, 0x45, 0x08, 0x89, 0x95, 0x6F, 0xB7,
    0x3E, 0xBE, 0x01, 0x21, 0xBE, 0xDB, 0x9B, 0x6B, 0x31, 0xCC, 0x15, 0xE9, 0x18, 0x51, 0x60, 0x9B,
    0x9A, 0xE0, 0x8F, 0x03, 0x6C, 0x6C, 0x19, 0x0C, 0xEF, 0x7B, 0xC9, 0x16, 0x4F, 0x20, 0x81, 0x90,
    0x48, 0x81, 0x98, 0x46, 0x8E, 0x02, 0x13, 0x0E, 0x5D, 0x60, 0x0D, 0x2F, 0xDD, 0x30, 0xED, 0x9C,
    0x36, 0xCE, 0x5C, 0x77, 0xF8, 0xD0, 0x87, 0xD6, 0x88, 0x86, 0x7B, 0x79, 0xD4, 0xBD, 0xED, 0x68,
    0xF6, 0x48, 0x78, 0x54, 0xCE, 0x7D, 0xDB, 0xC2, 0x39, 0x18, 0x73, 0xBC, 0xCC, 0x1F, 0xDF, 0xEE,
    0x4C, 0xD9, 0xF8, 0x43, 0x52, 0xA0, 0xCE, 0xF1, 0xBD, 0xC1, 0x3C, 0x6A, 0x83, 0x2E, 0xAA, 0xE2,
    0x38, 0xCB, 0xCD, 0xE8, 0xB7, 0x7D, 0xD8, 0x86, 0xCD, 0x95, 0xA8, 0x12, 0x37, 0x78, 0x55, 0x7F,
    0x12, 0x55, 0x41, 0xFB, 0xC9, 0xEA, 0xCB, 0xC1, 0xA4, 0x57, 0xAB, 0x2B, 0x49, 0xE1, 0xF5, 0x7D,
    0xF0, 0xA0, 0x33, 0xD1, 0x9D, 0x2C, 0xC9, 0x49, 0x2B, 0x03, 0x86, 0x74, 0xAC, 0xF2, 0x06, 0xA5,
    0x3E, 0x78, 0x39, 0x91, 0xEF, 0x2B, 0x62, 0x97, 0x7B, 0x83, 0xE1, 0xD7, 0x78, 0x78, 0xD9, 0x52,
    0x84, 0x0C, 0xAB, 0x76, 0x4E, 0x79, 0xA0, 0x22, 0x6C, 0x4F, 0x1D, 0x32, 0xCA, 0x28, 0xF8, 0x8A,
    0x2E, 0x12, 0x20, 0x2D, 0x58, 0x10, 0xDF, 0x14, 0x20, 0x06, 0x12, 0x56, 0x36, 0xC3, 0x3B, 0x48,
    0xF0, 0x10, 0xF8, 0xBA, 0x1F, 0xEA, 0x6E, 0x10, 0xFE, 0x09, 0xB5, 0x10, 0xBE, 0x99, 0xBF, 0x7B,
    0x42, 0x8C, 0x63, 0x84, 0x96, 0x47, 0x0D, 0x85, 0x32, 0x11, 0xE1, 0xAA, 0xCB, 0xDA, 0x75, 0x62,
    0xFE, 0x39, 0x8E, 0x34, 0xC6, 0xF2, 0x56, 0x45, 0x75, 0xD8, 0x96, 0xFA, 0x0E, 0xF2, 0xF6, 0x2C,
    0x32, 0x11, 0x3D, 0xBD, 0xBE, 0xFD, 0x93, 0x16, 0xF8, 0xDE, 0x00, 0x64, 0x27, 0x4D, 0x8E, 0xE2,
    0xAB, 0xCE, 0x8C, 0xA8, 0x3F, 0xAA, 0x3C, 0x7A, 0x03, 0x95, 0x88, 0xC9, 0x4F, 0x57, 0x62, 0xED,
    0x61, 0x21, 0xD3, 0xA8, 0x36, 0x3E, 0x33, 0x02, 0xCC, 0x9E, 0x39, 0x66, 0xA0, 0xFB, 0xAA, 0x61,
    0xDE, 0xCA, 0x95, 0xD7, 0xCF, 0xE1, 0x61, 0xCB, 0x17, 0x4F, 0xF1, 0x9D, 0x07, 0xFA, 0x76, 0x86,
    0xB7, 0xFE, 0x92, 0x14, 0x4B, 0x87, 0x30, 0xCE, 0xF6, 0xBF, 0xA0, 0xA1, 0xE1, 0x30, 0xFD, 0x2E,
    0x14, 0x60, 0xE9, 0x4F, 0xBC, 0xDD, 0xF2, 0x25, 0x6C, 0xD9, 0x2F, 0x96, 0xDB, 0x29, 0x66, 0x45,
    0x85, 0x74, 0x88, 0x80, 0x11, 0xCA, 0xAC, 0xB0, 0x6C, 0x21, 0x93, 0x5E, 0x0C, 0xF0, 0x53, 0xBC,
    0xCA, 0xAA, 0x8F, 0x1A, 0x57, 0xD6, 0x18, 0x8C, 0xF6, 0x5F, 0x2C, 0xF9, 0x3E, 0xF7, 0x5D, 0x0D,
    0x0E, 0xA2, 0xD2, 0x9C, 0xF7, 0x82, 0xF9, 0x97, 0x39, 0xFA, 0xAD, 0xA6, 0xB6, 0xFA, 0x5D, 0x38,
    0x1C, 0x6C, 0x99, 0x99, 0xAC, 0xE8, 0xA4, 0xC9, 0x7D, 0x7B, 0xAE, 0xF7, 0x61, 0x74, 0x81, 0x51,
    0xBF, 0x60, 0x70, 0xD1, 0x70, 0x15, 0x2E, 0xDE, 0x12, 0x26, 0x57, 0x4A, 0x59, 0xA6, 0xC6, 0x0A,
    0x9E, 0xB4, 0x9E, 0xE3, 0x05, 0xE4, 0x16, 0xB2, 0x2D, 0x2B, 0x40, 0xF8, 0x4D, 0x2B, 0x74, 0xAF,
    0xF9, 0x95, 0x18, 0x8C, 0x7C, 0x06, 0x6B, 0x0B, 0xE1, 0xA4, 0x17, 0xF2, 0xD7, 0x9A, 0x05, 0xE6,
    0xAB, 0xBD, 0x1A, 0x63, 0x7B, 0x6D, 0xDF, 0xFB, 0xB8, 0x15, 0x5F, 0xAC, 0xE3, 0x62, 0xEA, 0xC4,
    0xF3, 0x8C, 0x8B, 0x90, 0x16, 0x46, 0xD9, 0x9B, 0x91, 0x53, 0x84, 0xB8, 0x27, 0xED, 0xA5, 0xDC,
    0x76, 0xF0, 0xF4, 0x45, 0x49, 0xF5, 0xFE, 0xE9, 0xCF, 0xEF, 0xFB, 0x26, 0x04, 0x92, 0xB4, 0x06,
    0xA8, 0x9A, 0xE7, 0x98, 0xEE, 0xCC, 0xB1, 0x5F, 0xE6, 0xB8, 0xE0, 0xC5, 0x89, 0x72, 0x8E, 0xDE,
    0x1A, 0x2F, 0xFB, 0x14, 0x78, 0x2D, 0x7D, 0x9D, 0x74, 0x47, 0xC1, 0x93, 0xCA, 0x6E, 0x7B, 0xA8,
    0xDD, 0xC2, 0x66, 0x8E, 0x60, 0x96, 0x0B, 0x36, 0xEE, 0x4B, 0x7F, 0xC0, 0x1C, 0x22, 0x25, 0xDC,
    0x77, 0xD6, 0xCC, 0xD8, 0x09, 0xE7, 0x6E, 0x61, 0x93, 0x67, 0x7C, 0xA2, 0x5C, 0xAC, 0x39, 0x6A,
    0x96, 0x57, 0x9F, 0x84, 0x0D, 0x5F, 0xF4, 0xD0, 0xA9, 0x2C, 0xF3, 0xD9, 0xE0, 0xA5, 0x5D, 0x58,
    0xCE, 0xE6, 0xA5, 0x76, 0xC1, 0x66, 0x81, 0x65, 0xCD, 0x4B, 0x27, 0xB0, 0xC1, 0xFB, 0x24, 0x78,
    0xDF, 0x1B, 0xA1, 0x18, 0xF8, 0xF7, 0x20, 0xE5, 0xD5, 0x0B, 0xE1, 0x1B, 0xD1, 0x2D, 0x62, 0x8A,
    0x94, 0x23, 0x9E, 0x9F, 0xD6, 0xFF, 0x4B, 0xFE, 0xCF, 0xA7, 0xAD, 0xC6, 0xA7, 0xFC, 0xFF, 0xFF,
    0x1D, 0x8E, 0x31, 0x6E, 0x03, 0x21, 0x10, 0x45, 0x3F, 0x4B, 0xB1, 0x45, 0x8A, 0xD9, 0xCE, 0x85,
    0x0B, 0x6E, 0x60, 0x2E, 0x10, 0x05, 0x3A, 0x17, 0xBE, 0x92, 0x11, 0x3E, 0x82, 0xAF, 0x91, 0x3B,
    0x44, 0x82, 0x24, 0x65, 0x9A, 0xB5, 0x7C, 0x01, 0x6E, 0x10, 0x0A, 0x17, 0x48, 0xC6, 0x8C, 0xC1,
    0xA3, 0x5F, 0x7C, 0xE9, 0x3F, 0xE9, 0xCD, 0x22, 0x33, 0x65, 0x4A, 0xB4, 0x52, 0xC4, 0x22, 0xB3,
    0xF9, 0xA9, 0x2A, 0x56, 0xE0, 0x03, 0xF0, 0x19, 0x3E, 0xC0, 0x1F, 0xB2, 0xB7, 0xDE, 0x4E, 0x6D,
    0x4A, 0xCC, 0xAC, 0x99, 0xAF, 0x79, 0x3B, 0xDA, 0xEB, 0x3A, 0xE9, 0x82, 0xA8, 0x86, 0x0B, 0x71,
    0x9A, 0x9A, 0x75, 0xCC, 0xCE, 0x41, 0xF9, 0x48, 0x9C, 0xE5, 0xE3, 0x06, 0x07, 0xC1, 0x07, 0xB6,
    0x01, 0x75, 0x4E, 0x46, 0x9C, 0xE7, 0x8E, 0xFD, 0x5D, 0xEE, 0xAB, 0xEA, 0xA3, 0xB8, 0x5F, 0x0A,
    0xD7, 0xB9, 0x00, 0x8B, 0x80, 0x91, 0x59, 0xFF, 0x56, 0xD5, 0xDD, 0xDF, 0x95, 0x62, 0x41, 0x37,
    0xEE, 0x6F, 0x61, 0xE8, 0x67, 0x7E, 0xFD, 0x02, 0x7C, 0x02, 0x6D, 0x44, 0x3C, 0x20, 0x2B, 0x73,
    0x4F, 0x66, 0x3E, 0xED, 0xCC, 0x7F, 0x6B, 0xBB, 0x3E, 0xAB, 0x93, 0xB6, 0x66, 0x68, 0x3C, 0xA5,
    0x81, 0x4B, 0x4B, 0x50, 0x49, 0x57, 0xBC, 0xE3, 0x18, 0x8A, 0x5E, 0xDF, 0xAE, 0xE9, 0x8B, 0x62,
    0xDB, 0xB0, 0x4A, 0x4F, 0xAD, 0x52, 0x41, 0x6E, 0xDB, 0x30, 0x10, 0x1C, 0x49, 0x07, 0x1F, 0x74,
    0xE0, 0x03, 0x02, 0x54, 0x3F, 0xB0, 0x3E, 0xA0, 0x82, 0x04, 0xFA, 0xA9, 0xDE, 0x24, 0xB4, 0xC7,
    0x1E, 0xDA, 0x1F, 0xF4, 0x13, 0x39, 0xF8, 0x46, 0x19, 0x7D, 0x40, 0xDC, 0xBC, 0x80, 0x6D, 0x1F,
    0x60, 0x02, 0xD1, 0xC1, 0x05, 0x24, 0x4D, 0x77, 0x29, 0x29, 0x46, 0x8A, 0xA0, 0x41, 0x80, 0xD2,
    0x1A, 0xEE, 0xD2, 0x3B, 0xDA, 0x5D, 0xCD, 0x92, 0x4C, 0x2B, 0xF2, 0xA5, 0x55, 0x7E, 0x3C, 0xC6,
    0xDB, 0xA6, 0xBA, 0x23, 0xFD, 0xA7, 0x6E, 0x5F, 0x9F, 0x49, 0xFB, 0xEE, 0x18, 0x86, 0x66, 0x8F,
    0x27, 0x87, 0xB2, 0x3B, 0x34, 0xC5, 0x31, 0x56, 0xA5, 0xBB, 0x15, 0x3B, 0xD6, 0x77, 0x23, 0xF9,
    0x40, 0x7E, 0xBE, 0x5C, 0x4C, 0xB7, 0xC7, 0xC1, 0x7F, 0x98, 0xF9, 0x8D, 0xF2, 0x58, 0x37, 0x19,
    0x34, 0x6F, 0xF0, 0xFE, 0x2D, 0x86, 0x06, 0xF1, 0x90, 0x87, 0x7F, 0x47, 0x91, 0x8F, 0x00, 0xEA,
    0x1E, 0xCF, 0x3B, 0xE6, 0x49, 0xAF, 0x2F, 0x90, 0x5F, 0xE9, 0xFC, 0xC7, 0xCA, 0xAF, 0x6B, 0x33,
    0xF3, 0x5F, 0x72, 0xCE, 0x39, 0xF9, 0x83, 0x9C, 0xBC, 0x08, 0xFF, 0xF8, 0xA6, 0x78, 0x5F, 0xC9,
    0x7B, 0x32, 0xD4, 0x0C, 0x42, 0x83, 0x0A, 0x9F, 0xFF, 0x9C, 0xE1, 0xBB, 0xFA, 0x3C, 0x16, 0x04,
    0xCF, 0xC1, 0x5C, 0xF2, 0x79, 0x0F, 0xD3, 0x89, 0x76, 0x3E, 0x48, 0xD6, 0x19, 0x69, 0xB5, 0x3C,
    0x01, 0xB6, 0x4F, 0x7E, 0x45, 0x3A, 0xEC, 0x62, 0xF2, 0x8B, 0xB1, 0x90, 0x92, 0xD3, 0x42, 0xF2,
    0x30, 0x61, 0x23, 0x99, 0x1E, 0x16, 0xE5, 0x42, 0xC2, 0x88, 0x22, 0x6E, 0xA4, 0x14, 0xB0, 0xDD,
    0x35, 0xB0, 0x91, 0xC4, 0xCE, 0xD9, 0x4A, 0x92, 0x2C, 0xF2, 0x5B, 0x49, 0x19, 0x39, 0x6C, 0x24,
    0xEC, 0x38, 0x65, 0xE3, 0xEA, 0xA3, 0x9C, 0x61, 0xDD, 0xCD, 0x6F, 0x40, 0xA1, 0x19, 0x0C, 0x55,
    0x2D, 0x8D, 0x67, 0xF2, 0x3D, 0x8C, 0x0A, 0xCD, 0xE6, 0xE8, 0xDA, 0x5E, 0x21, 0xA4, 0x50, 0xF5,
    0x98, 0x14, 0x89, 0x34, 0x60, 0xF7, 0x4B, 0x10, 0x94, 0x64, 0x65, 0x53, 0x48, 0x93, 0x41, 0x1A,
    0x2E, 0x1E, 0xA2, 0xF6, 0x2D, 0xE5, 0xAC, 0x43, 0xAB, 0xD0, 0x98, 0x1C, 0xCD, 0x77, 0xC1, 0x49,
    0x3F, 0xD6, 0x0C, 0xBB, 0x51, 0x91, 0x84, 0xB7, 0x32, 0x1B, 0x85, 0x26, 0x00, 0xD9, 0x27, 0x08,
    0x4F, 0x27, 0x92, 0x80, 0x2A, 0x88, 0x5A, 0x44, 0x75, 0x2A, 0x2E, 0x62, 0x6A, 0x35, 0x1E, 0xB2,
    0xD5, 0x27, 0x39, 0x8A, 0xAD, 0x92, 0x1D, 0x85, 0xE7, 0x9D, 0x18, 0x13, 0xD1, 0x3E, 0x5A, 0xBD,
    0x07, 0x41, 0xB6, 0xB6, 0x33, 0x51, 0xFE, 0x6B, 0x5D, 0x32, 0xDE, 0x2D, 0x63, 0x18, 0x92, 0x68,
    0xDD, 0x76, 0xEF, 0x50, 0xA5, 0x29, 0xCC, 0xAB, 0xAE, 0x3A, 0xC0, 0x2B, 0x4D, 0x2F, 0x0A, 0x16,
    0x11, 0xB5, 0xBB, 0x95, 0xB6, 0x0C, 0xD4, 0x6A, 0x3E, 0xE9, 0x64, 0xA3, 0x2D, 0x53, 0x33, 0x61,
    0x19, 0xEF, 0x95, 0xF6, 0x77, 0xA5, 0xE9, 0xD9, 0x4A, 0xF8, 0x03, 0x01, 0x31, 0x00, 0xCE, 0xFF,
    0x00, 0x03, 0xF0, 0x00, 0x03, 0xFC, 0x00, 0x02, 0xFF, 0x00, 0x01, 0xFF, 0xC0, 0x01, 0xF6, 0xF0,
    0x00, 0xF8, 0xBC, 0x00, 0xFC, 0x2F, 0x00, 0xBC, 0x0B, 0xC0, 0x7D, 0x02, 0xF0, 0x3F, 0xFF, 0xFF,
    0xEF, 0xFF, 0xFF, 0xF9, 0x55, 0x5F, 0xD4, 0x00, 0x02, 0xF0, 0x00, 0x00, 0xBC, 0x00, 0x00, 0x2F,
    0x00, 0x3D, 0x8F, 0xB1, 0x0D, 0xC2, 0x30, 0x14, 0x44, 0x2F, 0x71, 0x91, 0xC2, 0x85, 0x07, 0x40,
    0x88, 0x11, 0x3C, 0x42, 0xD8, 0x88, 0x11, 0x92, 0x9E, 0x26, 0x73, 0xD0, 0x30, 0x42, 0xBC, 0x01,
    0x8C, 0x40, 0xC1, 0x00, 0x96, 0x48, 0x81, 0xC0, 0xC9, 0x71, 0x76, 0x00, 0x17, 0x5F, 0xB2, 0xFF,
    0xDD, 0xBB, 0x33, 0x00, 0x1B, 0x01, 0xD4, 0x09, 0x70, 0x64, 0x82, 0x21, 0x09, 0x9C, 0xCE, 0xAF,
    0x7E, 0x7D, 0x04, 0x46, 0xA0, 0xBB, 0xFB, 0x50, 0x91, 0xC7, 0xA8, 0xF1, 0x4A, 0x60, 0xEF, 0x09,
    0xEE, 0x2B, 0x86, 0xB6, 0x87, 0x8F, 0x3E, 0xC0, 0x24, 0x27, 0x0A, 0xCD, 0x13, 0xF0, 0x61, 0xC9,
    0x4C, 0x6D, 0xEA, 0xE4, 0x6E, 0xB2, 0x1B, 0x51, 0xDA, 0x20, 0x8A, 0x8B, 0xBA, 0xDB, 0x64, 0x66,
    0x34, 0x44, 0x7B, 0xB3, 0x0C, 0x0D, 0xF9, 0x9E, 0xD0, 0x31, 0xCE, 0xA8, 0x38, 0xC8, 0xF2, 0x3F,
    0xAD, 0x6A, 0xF0, 0x92, 0xC7, 0x23, 0x0F, 0x21, 0xAA, 0x51, 0x70, 0x39, 0x29, 0xA6, 0x2D, 0x25,
    0xED, 0x82, 0x43, 0x14, 0x50, 0x5E, 0xE4, 0x90, 0xDD, 0x35, 0x17, 0xAE, 0x07, 0x2C, 0x05, 0xD1,
    0xED, 0xF3, 0x54, 0x39, 0xBD, 0x49, 0x3F, 0xAB, 0x5F, 0xB1, 0x7D, 0xD7, 0x6B, 0x5A, 0x6E, 0xA8,
    0x8E, 0xE4, 0xB5, 0x64, 0xC6, 0x9F, 0x03, 0xCD, 0x54, 0x54, 0xAB, 0xD6, 0x6B, 0xBB, 0x2D, 0x19,
    0xD2, 0x8F, 0x41, 0x3F, 0x81, 0x5B, 0xE0, 0xA7, 0x82, 0x9C, 0x7E, 0xAD, 0xB0, 0x61, 0x8F, 0x0F,
    0xC5, 0x54, 0x31, 0x8E, 0xD4, 0x40, 0x10, 0x2C, 0xAF, 0xC5, 0x39, 0x70, 0x30, 0x29, 0xE2, 0x02,
    0xA7, 0x64, 0x4E, 0xC9, 0x6C, 0x22, 0x42, 0x08, 0x20, 0xE7, 0x07, 0xFB, 0x04, 0x5B, 0xBC, 0x60,
    0x25, 0x1E, 0xC0, 0x85, 0x3C, 0x02, 0xAD, 0x17, 0x3E, 0x70, 0x96, 0x78, 0x00, 0x0E, 0x90, 0x08,
    0xCF, 0xD2, 0x39, 0xF0, 0xEA, 0x66, 0xA7, 0xE9, 0xEA, 0x59, 0xEF, 0xC2, 0x1D, 0x44, 0x04, 0x8C,
    0xE4, 0x99, 0x75, 0xBB, 0xA6, 0xBA, 0xBA, 0xA7, 0x76, 0x92, 0xB0, 0x01, 0x32, 0x99, 0x81, 0x42,
    0x02, 0xF0, 0x68, 0x2D, 0xE0, 0xBB, 0x4E, 0xAB, 0xC0, 0xC9, 0x23, 0xE9, 0xDE, 0xCF, 0xE8, 0xE4,
    0x6E, 0x74, 0x22, 0xD2, 0x4B, 0x5F, 0xC8, 0x8B, 0x19, 0x2E, 0x54, 0x3B, 0xB8, 0xC3, 0x41, 0xB7,
    0xDD, 0x8D, 0x40, 0x25, 0x2D, 0xC0, 0xFD, 0x2B, 0x32, 0xE5, 0x32, 0x00, 0x25, 0x43, 0xA1, 0x03,
    0xD2, 0x3D, 0x51, 0x5F, 0xBD, 0x02, 0x32, 0xDD, 0x38, 0xB9, 0x43, 0x22, 0x3B, 0xE5, 0xF2, 0x8A,
    0x53, 0x4C, 0xD2, 0xA9, 0x00, 0x1D, 0xA9, 0xFC, 0x36, 0x14, 0x9E, 0xC8, 0x48, 0x29, 0x3B, 0x4A,
    0x53, 0x40, 0xF3, 0x7F, 0x42, 0xE1, 0x4A, 0xAB, 0xBA, 0x32, 0x89, 0xA6, 0xEB, 0x3C, 0x75, 0xB5,
    0xC6, 0xB4, 0x0D, 0x80, 0x1B, 0xD9, 0xB4, 0x99, 0xFD, 0x3A, 0x18, 0x10, 0xCB, 0x97, 0x42, 0x3B,
    0x81, 0x7C, 0x62, 0x7D, 0xFE, 0xF4, 0xA5, 0xD1, 0xCE, 0xA0, 0xEC, 0x97, 0xC9, 0x5E, 0x65, 0x81,
    0x18, 0xD8, 0xB6, 0x19, 0x81, 0x2C, 0xA4, 0x46, 0x6F, 0x89, 0x2C, 0x6E, 0xC9, 0xEF, 0x09, 0xC2,
    0x69, 0xF0, 0x35, 0x9C, 0x27, 0x86, 0x92, 0xD7, 0x58, 0xD8, 0x23, 0x7D, 0xE4, 0x89, 0x44, 0x89,
    0x41, 0xA2, 0x44, 0xCB, 0x81, 0xA2, 0x3F, 0x43, 0x4C, 0x74, 0xAC, 0xCC, 0x54, 0x1C, 0x21, 0x26,
    0x3E, 0xAA, 0x8F, 0x90, 0xB8, 0x3F, 0x9B, 0xCE, 0x90, 0xBF, 0xA4, 0x78, 0xA8, 0xA2, 0xCC, 0xBD,
    0x5C, 0xFB, 0xCA, 0xC4, 0x27, 0x1F, 0x09, 0xB1, 0x0E, 0x90, 0xDB, 0x8A, 0x27, 0x5B, 0x61, 0x75,
    0x93, 0xC4, 0x5A, 0xC1, 0xEC, 0x95, 0x32, 0x27, 0x7E, 0x01, 0x94, 0x84, 0x33, 0x4D, 0x4A, 0x7E,
    0x47, 0x78, 0x63, 0x1E, 0x76, 0xD2, 0xE6, 0x43, 0x25, 0x0A, 0x97, 0x83, 0xF2, 0xAD, 0x7C, 0x3A,
    0x2A, 0x46, 0xF9, 0xDC, 0xB0, 0x55, 0xDE, 0x2F, 0xCA, 0x57, 0xBD, 0x54, 0xBE, 0x8E, 0x02, 0x82,
    0xA7, 0x19, 0xCD, 0x08, 0xCA, 0xE7, 0x98, 0xBE, 0x24, 0x5F, 0x43, 0xBE, 0x37, 0x30, 0xC3, 0x6A,
    0xA0, 0x92, 0x21, 0x17, 0xAF, 0xAE, 0x1D, 0xB5, 0xF3, 0xC5, 0x50, 0xCA, 0x9C, 0xCF, 0x01, 0x4E,
    0xEA, 0xEC, 0x76, 0x52, 0x97, 0xC3, 0x5D, 0xF7, 0x68, 0x7A, 0x54, 0x55, 0x9B, 0x49, 0xBF, 0xF2,
    0x4D, 0xDB, 0xDD, 0x0C, 0xE5, 0xA0, 0xD8, 0x52, 0x44, 0xCF, 0xA7, 0x2D, 0x64, 0x42, 0x33, 0x20,
    0x0B, 0xB1, 0x87, 0xA5, 0x20, 0xFB, 0x36, 0xE2, 0xD3, 0x16, 0xEE, 0x73, 0x0D, 0x6F, 0xD5, 0x26,
    0xFF, 0xB6, 0x90, 0xC5, 0xC5, 0xA5, 0xD8, 0x25, 0xCF, 0x67, 0x6C, 0xCB, 0xDA, 0xDD, 0x8E, 0xE8,
    0x7C, 0xFC, 0x6F, 0xDB, 0x19, 0x04, 0xA4, 0xEF, 0x44, 0x36, 0xD5, 0x07, 0x1A, 0x68, 0x8B, 0x46,
    0xFA, 0xB7, 0xC8, 0xE7, 0xB3, 0x93, 0x56, 0xA1, 0xC6, 0xA6, 0xD1, 0x5A, 0x7F, 0xD0, 0x49, 0xEB,
    0x56, 0xEB, 0x7C, 0x8C, 0x8B, 0x60, 0x27, 0xFA, 0x6A, 0x39, 0xE7, 0x5F, 0x6D, 0xFC, 0xC0, 0x7A,
    0x27, 0xBB, 0x9A, 0x03, 0x68, 0x80, 0xFB, 0x90, 0x3F, 0x78, 0xBC, 0xDC, 0x1D, 0xF3, 0x3F, 0x3D,
    0x1A, 0xA5, 0xD0, 0xC3, 0xB8, 0x54, 0xAC, 0x3E, 0x75, 0xAE, 0x6B, 0x2E, 0x7B, 0xA5, 0xDE, 0x33,
    0xE5, 0xC0, 0x6B, 0x87, 0x8A, 0xD6, 0xF2, 0x1D, 0xB8, 0x10, 0xD1, 0x9F, 0x8D, 0x76, 0x37, 0xDE,
    0x43, 0xE8, 0xA8, 0xEB, 0xC9, 0xE9, 0x8A, 0xB9, 0xE1, 0xD4, 0x31, 0x2F, 0x45, 0xA7, 0x64, 0x70,
    0xB2, 0xE1, 0x15, 0xB6, 0xB7, 0xCD, 0x2D, 0x79, 0x26, 0x52, 0x92, 0xE7, 0x92, 0x9A, 0xD7, 0x33,
    0x63, 0x7A, 0x9C, 0x32, 0x24, 0x9D, 0xE6, 0xE0, 0x93, 0x12, 0xE3, 0xE8, 0x8B, 0x67, 0x4B, 0xAB,
    0xEE, 0xD1, 0xFF, 0x04, 0x0D, 0xCD, 0xB1, 0x09, 0x02, 0x41, 0x10, 0x40, 0xD1, 0x7F, 0x37, 0x20,
    0x08, 0x2B, 0x93, 0x5E, 0x60, 0xB8, 0x60, 0xE8, 0x15, 0x30, 0xE0, 0x95, 0xB2, 0x60, 0x0B, 0x57,
    0xC0, 0x96, 0x60, 0x31, 0xC6, 0x3A, 0xA1, 0x81, 0xC5, 0x4C, 0x01, 0xC2, 0xB8, 0xC1, 0x8B, 0x5F,
    0x66, 0xE6, 0x13, 0x78, 0x0F, 0xB7, 0x06, 0x97, 0x2F, 0x2C, 0xE1, 0x14, 0xAB, 0x1C, 0x55, 0x10,
    0xF1, 0x36, 0x6F, 0x51, 0xA6, 0x6E, 0xB8, 0x2B, 0xF5, 0x21, 0x2E, 0x2B, 0xC1, 0x8E, 0x71, 0x46,
    0x39, 0xB9, 0xF8, 0xA1, 0x12, 0x22, 0xD8, 0xBC, 0x35, 0x9D, 0x7A, 0x11, 0x77, 0x7A, 0x34, 0xAA,
    0xAD, 0x88, 0x56, 0xB8, 0x7F, 0xA0, 0xFC, 0xC6, 0xF0, 0x1A, 0xAE, 0x63, 0xCC, 0x3F,
};

static const EpdGlyph lexica_19_regularGlyphs[] = {
    { 0, 0, 0, 0, 0, 0, 0 }, // 
    { 0, 0, 11, 0, 0, 0, 0 }, //  
    { 5, 27, 11, 3, 27, 34, 0 }, // !
    { 8, 9, 12, 2, 27, 18, 34 }, // "
    { 24, 27, 26, 1, 27, 162, 52 }, // #
    { 21, 33, 24, 1, 30, 174, 214 }, // $
    { 34, 27, 36, 1, 27, 230, 388 }, // %
    { 27, 27, 27, 1, 27, 183, 618 }, // &
    { 3, 9, 7, 2, 27, 7, 801 }, // '
    { 9, 33, 12, 2, 27, 75, 808 }, // (
    { 9, 33, 12, 1, 27, 75, 883 }, // )
    { 12, 12, 17, 2, 27, 36, 958 }, // *
    { 20, 20, 24, 2, 20, 100, 994 }, // +
    { 5, 10, 8, 1, 5, 13, 1094 }, // ,
    { 12, 3, 15, 1, 11, 9, 1107 }, // -
    { 5, 5, 8, 1, 5, 7, 1116 }, // .
    { 15, 27, 15, 0, 27, 102, 1123 }, // /
    { 21, 27, 25, 2, 27, 142, 1225 }, // 0
    { 11, 27, 16, 2, 27, 75, 1367 }, // 1
    { 19, 27, 21, 1, 27, 129, 1442 }, // 2
    { 19, 27, 22, 1, 27, 129, 1571 }, // 3
    { 21, 27, 24, 1, 27, 142, 1700 }, // 4
    { 19, 27, 23, 2, 27, 129, 1842 }, // 5
    { 19, 27, 23, 2, 27, 129, 1971 }, // 6
    { 18, 27, 20, 1, 27, 122, 2100 }, // 7
    { 20, 27, 24, 2, 27, 135, 2222 }, // 8
    { 19, 27, 23, 2, 27, 129, 2357 }, // 9
    { 5, 20, 8, 1, 20, 25, 2486 }, // :
    { 5, 25, 8, 1, 20, 32, 2511 }, // ;
    { 19, 20, 22, 2, 20, 95, 2543 }, // <
    { 20, 10, 24, 2, 15, 50, 2638 }, // =
    { 19, 20, 22, 2, 20, 95, 2688 }, // >
    { 17, 27, 20, 1, 27, 115, 2783 }, // ?
    { 27, 27, 31, 2, 27, 183, 2898 }, // @
    { 25, 27, 25, 0, 27, 169, 3081 }, // A
    { 20, 27, 25, 3, 27, 135, 3250 }, // B
    { 23, 27, 26, 2, 27, 156, 3385 }, // C
    { 22, 27, 27, 3, 27, 149, 3541 }, // D
    { 18, 27, 23, 3, 27, 122, 3690 }, // E
    { 17, 27, 22, 3, 27, 115, 3812 }, // F
    { 24, 27, 28, 2, 27, 162, 3927 }, // G
    { 21, 27, 27, 3, 27, 142, 4089 }, // H
    { 11, 27, 17, 3, 27, 75, 4231 }, // I
    { 17, 27, 21, 1, 27, 115, 4306 }, // J
    { 22, 27, 25, 3, 27, 149, 4421 }, // K
    { 18, 27, 22, 3, 27, 122, 4570 }, // L
    { 27, 27, 33, 3, 27, 183, 4692 }, // M
    { 21, 27, 27, 3, 27, 142, 4875 }, // N
    { 25, 27, 29, 2, 27, 169, 5017 }, // O
    { 19, 27, 24, 3, 27, 129, 5186 }, // P
    { 28, 29, 30, 2, 27, 203, 5315 }, // Q
    { 20, 27, 24, 3, 27, 135, 5518 }, // R
    { 21, 27, 24, 1, 27, 142, 5653 }, // S
    { 21, 27, 23, 1, 27, 142, 5795 }, // T
    { 21, 27, 27, 3, 27, 142, 5937 }, // U
    { 23, 27, 23, 0, 27, 156, 6079 }, // V
    { 33, 27, 33, 0, 27, 223, 6235 }, // W
    { 25, 27, 25, 0, 27, 169, 6458 }, // X
    { 24, 27, 23, 0, 27, 162, 6627 }, // Y
    { 21, 27, 25, 2, 27, 142, 6789 }, // Z
    { 8, 33, 12, 3, 27, 66, 6931 }, // [
    { 15, 27, 15, 0, 27, 102, 6997 }, // <backslash>
    { 9, 33, 13, 1, 27, 75, 7099 }, // ]
    { 18, 14, 22, 2, 26, 63, 7174 }, // ^
    { 15, 3, 17, 1, 0, 12, 7237 }, // _
    { 7, 6, 11, 2, 29, 11, 7249 }, // `
    { 18, 20, 21, 1, 20, 90, 7260 }, // a
    { 18, 27, 23, 3, 27, 122, 7350 }, // b
    { 17, 20, 19, 1, 20, 85, 7472 }, // c
    { 19, 27, 22, 1, 27, 129, 7557 }, // d
    { 19, 20, 21, 1, 20, 95, 7686 }, // e
    { 11, 28, 13, 1, 28, 77, 7781 }, // f
    { 18, 28, 22, 1, 20, 126, 7858 }, // g
    { 16, 27, 22, 3, 27, 108, 7984 }, // h
    { 7, 28, 11, 2, 28, 49, 8092 }, // i
    { 10, 35, 10, -2, 29, 88, 8141 }, // j
    { 17, 27, 20, 3, 27, 115, 8229 }, // k
    { 6, 27, 10, 3, 27, 41, 8344 }, // l
    { 28, 20, 33, 3, 20, 140, 8385 }, // m
    { 16, 20, 22, 3, 20, 80, 8525 }, // n
    { 19, 20, 22, 1, 20, 95, 8605 }, // o
    { 18, 26, 23, 3, 20, 117, 8700 }, // p
    { 24, 26, 23, 1, 20, 156, 8817 }, // q
    { 11, 20, 14, 3, 20, 55, 8973 }, // r
    { 17, 20, 19, 1, 20, 85, 9028 }, // s
    { 10, 25, 13, 1, 25, 63, 9113 }, // t
    { 16, 20, 22, 3, 20, 80, 9176 }, // u
    { 18, 20, 17, 0, 20, 90, 9256 }, // v
    { 26, 20, 26, 0, 20, 130, 9346 }, // w
    { 19, 20, 18, 0, 20, 95, 9476 }, // x
    { 18, 26, 17, -1, 20, 117, 9571 }, // y
    { 15, 20, 18, 2, 20, 75, 9688 }, // z
    { 10, 33, 12, 1, 27, 83, 9763 }, // {
    { 4, 33, 10, 3, 27, 33, 9846 }, // |
    { 10, 33, 13, 1, 27, 83, 9879 }, // }
    { 20, 5, 22, 1, 13, 25, 9962 }, // ~
    { 0, 0, 11, 0, 0, 0, 0 }, //  
    { 5, 27, 11, 3, 21, 34, 0 }, // ¡
    { 18, 26, 19, 1, 23, 117, 34 }, // ¢
    { 20, 27, 23, 3, 27, 135, 151 }, // £
    { 20, 19, 23, 2, 22, 95, 286 }, // ¤
    { 24, 27, 24, 0, 27, 162, 381 }, // ¥
    { 4, 33, 10, 3, 27, 33, 543 }, // ¦
    { 19, 33, 21, 1, 27, 157, 576 }, // §
    { 13, 4, 17, 2, 27, 13, 733 }, // ¨
    { 28, 28, 31, 2, 28, 196, 746 }, // ©
    { 11, 12, 15, 2, 28, 33, 942 }, // ª
    { 19, 17, 22, 2, 19, 81, 975 }, // «
    { 21, 12, 25, 2, 16, 63, 1056 }, // ¬
    { 11, 3, 14, 1, 11, 9, 1119 }, // ­
    { 28, 28, 31, 2, 28, 196, 1128 }, // ®
    { 11, 3, 15, 2, 27, 9, 1324 }, // ¯
    { 11, 11, 15, 2, 27, 31, 1333 }, // °
    { 19, 20, 23, 2, 20, 95, 1364 }, // ±
    { 11, 15, 15, 2, 31, 42, 1459 }, // ²
    { 11, 15, 15, 2, 31, 42, 1501 }, // ³
    { 7, 6, 11, 2, 29, 11, 1543 }, // ´
    { 19, 26, 22, 3, 20, 124, 1554 }, // µ
    { 18, 33, 20, 1, 27, 149, 1678 }, // ¶
    { 5, 5, 9, 2, 12, 7, 1827 }, // ·
    { 8, 9, 11, 3, 2, 18, 1834 }, // ¸
    { 7, 15, 11, 2, 31, 27, 1852 }, // ¹
    { 11, 12, 15, 2, 28, 33, 1879 }, // º
    { 19, 17, 22, 2, 19, 81, 1912 }, // »
    { 29, 27, 33, 2, 27, 196, 1993 }, // ¼
    { 29, 27, 33, 2, 27, 196, 2189 }, // ½
    { 30, 27, 34, 2, 27, 203, 2385 }, // ¾
    { 17, 27, 20, 2, 20, 115, 2588 }, // ¿
    { 25, 35, 25, 0, 35, 219, 2703 }, // À
    { 25, 35, 25, 0, 35, 219, 2922 }, // Á
    { 25, 35, 25, 0, 35, 219, 3141 }, // Â
    { 25, 34, 25, 0, 34, 213, 3360 }, // Ã
    { 25, 34, 25, 0, 34, 213, 3573 }, // Ä
    { 25, 34, 25, 0, 34, 213, 3786 }, // Å
    { 38, 27, 40, 0, 27, 257, 3999 }, // Æ
    { 23, 34, 26, 2, 27, 196, 4256 }, // Ç
    { 18, 35, 23, 3, 35, 158, 4452 }, // È
    { 18, 35, 23, 3, 35, 158, 4610 }, // É
    { 18, 35, 23, 3, 35, 158, 4768 }, // Ê
    { 18, 34, 23, 3, 34, 153, 4926 }, // Ë
    { 11, 35, 17, 3, 35, 97, 5079 }, // Ì
    { 11, 35, 17, 3, 35, 97, 5176 }, // Í
    { 13, 35, 17, 2, 35, 114, 5273 }, // Î
    { 13, 34, 17, 2, 34, 111, 5387 }, // Ï
    { 25, 27, 28, 1, 27, 169, 5498 }, // Ð
    { 21, 34, 27, 3, 34, 179, 5667 }, // Ñ
    { 25, 36, 29, 2, 36, 225, 5846 }, // Ò
    { 25, 36, 29, 2, 36, 225, 6071 }, // Ó
    { 25, 35, 29, 2, 35, 219, 6296 }, // Ô
    { 25, 35, 29, 2, 35, 219, 6515 }, // Õ
    { 25, 35, 29, 2, 35, 219, 6734 }, // Ö
    { 17, 18, 21, 2, 19, 77, 6953 }, // ×
    { 25, 27, 29, 2, 27, 169, 7030 }, // Ø
    { 21, 36, 27, 3, 36, 189, 7199 }, // Ù
    { 21, 36, 27, 3, 36, 189, 7388 }, // Ú
    { 21, 35, 27, 3, 35, 184, 7577 }, // Û
    { 21, 35, 27, 3, 35, 184, 7761 }, // Ü
    { 24, 35, 24, 0, 35, 210, 7945 }, // Ý
    { 18, 27, 23, 3, 27, 122, 8155 }, // Þ
    { 19, 27, 24, 3, 27, 129, 8277 }, // ß
    { 18, 29, 21, 1, 29, 131, 8406 }, // à
    { 18, 29, 21, 1, 29, 131, 8537 }, // á
    { 18, 28, 21, 1, 28, 126, 8668 }, // â
    { 18, 27, 21, 1, 27, 122, 8794 }, // ã
    { 18, 28, 21, 1, 28, 126, 8916 }, // ä
    { 18, 32, 21, 1, 32, 144, 9042 }, // å
    { 32, 20, 34, 1, 20, 160, 9186 }, // æ
    { 17, 27, 19, 1, 20, 115, 9346 }, // ç
    { 19, 29, 21, 1, 29, 138, 9461 }, // è
    { 19, 29, 21, 1, 29, 138, 9599 }, // é
    { 19, 28, 21, 1, 28, 133, 9737 }, // ê
    { 19, 28, 21, 1, 28, 133, 9870 }, // ë
    { 8, 28, 11, 0, 28, 56, 10003 }, // ì
    { 9, 28, 11, 1, 28, 63, 10059 }, // í
    { 14, 28, 11, -2, 28, 98, 10122 }, // î
    { 13, 28, 11, -1, 28, 91, 10220 }, // ï
    { 19, 28, 22, 1, 28, 133, 10311 }, // ð
    { 16, 27, 22, 3, 27, 108, 10444 }, // ñ
    { 19, 29, 22, 1, 29, 138, 10552 }, // ò
    { 19, 29, 22, 1, 29, 138, 10690 }, // ó
    { 19, 28, 22, 1, 28, 133, 10828 }, // ô
    { 19, 27, 22, 1, 27, 129, 10961 }, // õ
    { 19, 28, 22, 1, 28, 133, 11090 }, // ö
    { 20, 19, 24, 2, 20, 95, 11223 }, // ÷
    { 19, 21, 22, 1, 21, 100, 11318 }, // ø
    { 16, 29, 22, 3, 29, 116, 11418 }, // ù
    { 16, 29, 22, 3, 29, 116, 11534 }, // ú
    { 16, 28, 22, 3, 28, 112, 11650 }, // û
    { 16, 28, 22, 3, 28, 112, 11762 }, // ü
    { 18, 35, 17, -1, 29, 158, 11874 }, // ý
    { 18, 33, 23, 3, 27, 149, 12032 }, // þ
    { 18, 34, 17, -1, 28, 153, 12181 }, // ÿ
    { 25, 33, 25, 0, 33, 207, 0 }, // Ā
    { 18, 27, 21, 1, 27, 122, 207 }, // ā
    { 25, 34, 25, 0, 34, 213, 329 }, // Ă
    { 18, 28, 21, 1, 28, 126, 542 }, // ă
    { 25, 33, 25, 0, 27, 207, 668 }, // Ą
    { 18, 26, 21, 1, 20, 117, 875 }, // ą
    { 23, 36, 26, 2, 36, 207, 992 }, // Ć
    { 18, 29, 19, 1, 29, 131, 1199 }, // ć
    { 23, 35, 26, 2, 35, 202, 1330 }, // Ĉ
    { 17, 28, 19, 1, 28, 119, 1532 }, // ĉ
    { 23, 35, 26, 2, 35, 202, 1651 }, // Ċ
    { 17, 28, 19, 1, 28, 119, 1853 }, // ċ
    { 23, 35, 26, 2, 35, 202, 1972 }, // Č
    { 17, 28, 19, 1, 28, 119, 2174 }, // č
    { 22, 34, 27, 3, 34, 187, 2293 }, // Ď
    { 24, 27, 22, 1, 27, 162, 2480 }, // ď
    { 25, 27, 28, 1, 27, 169, 2642 }, // Đ
    { 21, 27, 23, 1, 27, 142, 2811 }, // đ
    { 18, 33, 23, 3, 33, 149, 2953 }, // Ē
    { 19, 27, 21, 1, 27, 129, 3102 }, // ē
    { 18, 34, 23, 3, 34, 153, 3231 }, // Ĕ
    { 19, 28, 21, 1, 28, 133, 3384 }, // ĕ
    { 18, 34, 23, 3, 34, 153, 3517 }, // Ė
    { 19, 28, 21, 1, 28, 133, 3670 }, // ė
    { 18, 33, 23, 3, 27, 149, 3803 }, // Ę
    { 19, 26, 21, 1, 20, 124, 3952 }, // ę
    { 18, 34, 23, 3, 34, 153, 4076 }, // Ě
    { 19, 28, 21, 1, 28, 133, 4229 }, // ě
    { 24, 35, 28, 2, 35, 210, 4362 }, // Ĝ
    { 18, 35, 22, 1, 27, 158, 4572 }, // ĝ
    { 24, 35, 28, 2, 35, 210, 4730 }, // Ğ
    { 18, 35, 22, 1, 27, 158, 4940 }, // ğ
    { 24, 35, 28, 2, 35, 210, 5098 }, // Ġ
    { 18, 35, 22, 1, 27, 158, 5308 }, // ġ
    { 24, 37, 28, 2, 27, 222, 5466 }, // Ģ
    { 18, 38, 22, 1, 30, 171, 5688 }, // ģ
    { 21, 35, 27, 3, 35, 184, 5859 }, // Ĥ
    { 21, 35, 22, -2, 35, 184, 6043 }, // ĥ
    { 27, 27, 29, 1, 27, 183, 6227 }, // Ħ
    { 20, 27, 23, 1, 27, 135, 6410 }, // ħ
    { 13, 34, 17, 2, 34, 111, 6545 }, // Ĩ
    { 14, 27, 11, -2, 27, 95, 6656 }, // ĩ
    { 11, 33, 17, 3, 33, 91, 6751 }, // Ī
    { 11, 27, 12, 0, 27, 75, 6842 }, // ī
    { 13, 34, 17, 2, 34, 111, 6917 }, // Ĭ
    { 12, 28, 11, -1, 28, 84, 7028 }, // ĭ
    { 11, 33, 17, 3, 27, 91, 7112 }, // Į
    { 7, 35, 11, 2, 29, 62, 7203 }, // į
    { 11, 34, 17, 3, 34, 94, 7265 }, // İ
    { 7, 20, 11, 1, 20, 35, 7359 }, // ı
    { 31, 27, 37, 3, 27, 210, 7394 }, // Ĳ
    { 17, 35, 21, 2, 29, 149, 7604 }, // ĳ
    { 22, 35, 21, 1, 35, 193, 7753 }, // Ĵ
    { 15, 34, 11, -2, 28, 128, 7946 }, // ĵ
    { 22, 38, 25, 3, 27, 209, 8074 }, // Ķ
    { 17, 38, 20, 3, 27, 162, 8283 }, // ķ
    { 17, 20, 20, 3, 20, 85, 8445 }, // ĸ
    { 18, 35, 22, 3, 35, 158, 8530 }, // Ĺ
    { 7, 35, 10, 3, 35, 62, 8688 }, // ĺ
    { 18, 38, 22, 3, 27, 171, 8750 }, // Ļ
    { 7, 38, 10, 2, 27, 67, 8921 }, // ļ
    { 18, 27, 22, 3, 27, 122, 8988 }, // Ľ
    { 9, 27, 10, 3, 27, 61, 9110 }, // ľ
    { 18, 27, 22, 3, 27, 122, 9171 }, // Ŀ
    { 11, 27, 15, 3, 27, 75, 9293 }, // ŀ
    { 22, 27, 23, 0, 27, 149, 9368 }, // Ł
    { 8, 27, 10, 1, 27, 54, 9517 }, // ł
    { 21, 35, 27, 3, 35, 184, 9571 }, // Ń
    { 16, 28, 22, 3, 28, 112, 9755 }, // ń
    { 21, 38, 27, 3, 27, 200, 9867 }, // Ņ
    { 16, 31, 22, 3, 20, 124, 10067 }, // ņ
    { 21, 34, 27, 3, 34, 179, 10191 }, // Ň
    { 16, 28, 22, 3, 28, 112, 10370 }, // ň
    { 24, 27, 28, 2, 27, 162, 10482 }, // ŉ
    { 21, 33, 27, 3, 27, 174, 10644 }, // Ŋ
    { 16, 26, 22, 3, 20, 104, 10818 }, // ŋ
    { 25, 34, 29, 2, 34, 213, 10922 }, // Ō
    { 19, 27, 22, 1, 27, 129, 11135 }, // ō
    { 25, 35, 29, 2, 35, 219, 11264 }, // Ŏ
    { 19, 28, 22, 1, 28, 133, 11483 }, // ŏ
    { 25, 36, 29, 2, 36, 225, 11616 }, // Ő
    { 19, 29, 22, 1, 29, 138, 11841 }, // ő
    { 38, 27, 42, 2, 27, 257, 11979 }, // Œ
    { 35, 20, 37, 1, 20, 175, 12236 }, // œ
    { 20, 35, 24, 3, 35, 175, 12411 }, // Ŕ
    { 11, 28, 14, 3, 28, 77, 12586 }, // ŕ
    { 20, 38, 24, 3, 27, 190, 12663 }, // Ŗ
    { 13, 31, 14, 1, 20, 101, 12853 }, // ŗ
    { 20, 34, 24, 3, 34, 170, 12954 }, // Ř
    { 14, 28, 14, 1, 28, 98, 13124 }, // ř
    { 21, 36, 24, 1, 36, 189, 13222 }, // Ś
    { 17, 29, 19, 1, 29, 124, 13411 }, // ś
    { 21, 35, 24, 1, 35, 184, 13535 }, // Ŝ
    { 17, 28, 19, 1, 28, 119, 13719 }, // ŝ
    { 21, 34, 24, 1, 27, 179, 13838 }, // Ş
    { 17, 27, 19, 1, 20, 115, 14017 }, // ş
    { 21, 35, 24, 1, 35, 184, 14132 }, // Š
    { 17, 28, 19, 1, 28, 119, 14316 }, // š
    { 21, 34, 23, 1, 27, 179, 14435 }, // Ţ
    { 11, 32, 13, 1, 25, 88, 14614 }, // ţ
    { 21, 34, 23, 1, 34, 179, 14702 }, // Ť
    { 13, 29, 13, 1, 29, 95, 14881 }, // ť
    { 21, 27, 23, 1, 27, 142, 14976 }, // Ŧ
    { 10, 25, 13, 1, 25, 63, 15118 }, // ŧ
    { 21, 35, 27, 3, 35, 184, 15181 }, // Ũ
    { 16, 27, 22, 3, 27, 108, 15365 }, // ũ
    { 21, 34, 27, 3, 34, 179, 15473 }, // Ū
    { 16, 27, 22, 3, 27, 108, 15652 }, // ū
    { 21, 35, 27, 3, 35, 184, 15760 }, // Ŭ
    { 16, 28, 22, 3, 28, 112, 15944 }, // ŭ
    { 21, 38, 27, 3, 38, 200, 16056 }, // Ů
    { 16, 32, 22, 3, 32, 128, 16256 }, // ů
    { 21, 36, 27, 3, 36, 189, 16384 }, // Ű
    { 16, 29, 22, 3, 29, 116, 16573 }, // ű
    { 21, 33, 27, 3, 27, 174, 16689 }, // Ų
    { 16, 26, 22, 3, 20, 104, 16863 }, // ų
    { 33, 35, 33, 0, 35, 289, 16967 }, // Ŵ
    { 26, 28, 26, 0, 28, 182, 17256 }, // ŵ
    { 24, 35, 23, 0, 35, 210, 17438 }, // Ŷ
    { 18, 34, 17, -1, 28, 153, 17648 }, // ŷ
    { 25, 34, 23, -1, 34, 213, 17801 }, // Ÿ
    { 21, 35, 25, 2, 35, 184, 18014 }, // Ź
    { 15, 28, 18, 2, 28, 105, 18198 }, // ź
    { 21, 34, 25, 2, 34, 179, 18303 }, // Ż
    { 15, 28, 18, 2, 28, 105, 18482 }, // ż
    { 21, 34, 25, 2, 34, 179, 18587 }, // Ž
    { 15, 28, 18, 2, 28, 105, 18766 }, // ž
    { 12, 28, 13, 0, 28, 84, 18871 }, // ſ
    { 7, 6, 6, 0, 29, 11, 0 }, // ̀
    { 7, 6, 6, -1, 29, 11, 11 }, // ́
    { 13, 5, 13, 0, 28, 17, 22 }, // ̂
    { 14, 4, 13, -1, 27, 14, 39 }, // ̃
    { 11, 3, 11, 0, 27, 9, 53 }, // ̄
    { 12, 5, 12, 0, 28, 15, 62 }, // ̆
    { 4, 4, 4, 0, 27, 4, 77 }, // ̇
    { 13, 4, 13, 0, 27, 13, 81 }, // ̈
    { 7, 8, 7, 0, 30, 14, 94 }, // ̉
    { 9, 9, 9, 0, 31, 21, 108 }, // ̊
    { 13, 6, 12, -1, 29, 20, 129 }, // ̋
    { 13, 5, 13, 0, 28, 17, 149 }, // ̌
    { 12, 8, 13, 0, 25, 24, 166 }, // ̛
    { 5, 5, 8, 1, -3, 7, 190 }, // ̣
    { 7, 9, 0, 0, -2, 16, 197 }, // ̦
    { 8, 9, 0, 0, 2, 18, 213 }, // ̧
    { 6, 7, 6, 0, 0, 11, 231 }, // ̨
    { 10, 3, 13, 1, 11, 8, 0 }, // ‐
    { 16, 3, 20, 2, 11, 12, 8 }, // –
    { 28, 3, 32, 2, 11, 21, 20 }, // —
    { 5, 10, 9, 2, 27, 13, 41 }, // ‘
    { 5, 10, 9, 2, 27, 13, 54 }, // ’
    { 5, 10, 9, 2, 5, 13, 67 }, // ‚
    { 11, 10, 15, 2, 27, 28, 80 }, // “
    { 12, 10, 16, 2, 27, 30, 108 }, // ”
    { 12, 10, 16, 2, 5, 30, 138 }, // „
    { 18, 27, 22, 2, 27, 122, 168 }, // †
    { 18, 27, 22, 2, 27, 122, 290 }, // ‡
    { 13, 13, 17, 2, 16, 43, 412 }, // •
    { 23, 5, 27, 2, 5, 29, 455 }, // …
    { 50, 27, 52, 1, 27, 338, 484 }, // ‰
    { 10, 17, 14, 2, 19, 43, 822 }, // ‹
    { 10, 17, 14, 2, 19, 43, 865 }, // ›
    { 23, 27, 23, 0, 27, 156, 908 }, // ⁄
    { 13, 15, 17, 2, 31, 49, 0 }, // ⁴
    { 21, 32, 23, 1, 27, 168, 0 }, // ₫
    { 25, 27, 26, 0, 27, 169, 168 }, // €
    { 19, 28, 23, 2, 27, 133, 0 }, // ∂
    { 19, 34, 23, 2, 27, 162, 133 }, // ∏
    { 20, 34, 23, 2, 27, 170, 295 }, // ∑
    { 20, 4, 24, 2, 12, 20, 465 }, // −
    { 24, 27, 24, 0, 27, 162, 485 }, // ∕
    { 6, 6, 9, 2, 13, 9, 647 }, // ∙
    { 19, 34, 23, 2, 27, 162, 656 }, // √
    { 27, 12, 31, 2, 16, 81, 818 }, // ∞
    { 14, 34, 18, 2, 27, 119, 899 }, // ∫
    { 19, 13, 23, 2, 17, 62, 1018 }, // ≈
    { 20, 20, 24, 2, 20, 100, 1080 }, // ≠
    { 19, 20, 23, 2, 20, 95, 1180 }, // ≤
    { 19, 20, 23, 2, 20, 95, 1275 }, // ≥
    { 17, 28, 21, 2, 28, 119, 0 }, // �
};

static const EpdUnicodeInterval lexica_19_regularIntervals[] = {
    { 0xD, 0xD, 0x0 },
    { 0x20, 0x7E, 0x1 },
    { 0xA0, 0xFF, 0x60 },
    { 0x100, 0x17F, 0xC0 },
    { 0x300, 0x304, 0x140 },
    { 0x306, 0x30C, 0x145 },
    { 0x31B, 0x31B, 0x14C },
    { 0x323, 0x323, 0x14D },
    { 0x326, 0x328, 0x14E },
    { 0x2010, 0x2010, 0x151 },
    { 0x2013, 0x2014, 0x152 },
    { 0x2018, 0x201A, 0x154 },
    { 0x201C, 0x201E, 0x157 },
    { 0x2020, 0x2022, 0x15A },
    { 0x2026, 0x2026, 0x15D },
    { 0x2030, 0x2030, 0x15E },
    { 0x2039, 0x203A, 0x15F },
    { 0x2044, 0x2044, 0x161 },
    { 0x2074, 0x2074, 0x162 },
    { 0x20AB, 0x20AC, 0x163 },
    { 0x2202, 0x2202, 0x165 },
    { 0x220F, 0x220F, 0x166 },
    { 0x2211, 0x2212, 0x167 },
    { 0x2215, 0x2215, 0x169 },
    { 0x2219, 0x221A, 0x16A },
    { 0x221E, 0x221E, 0x16C },
    { 0x222B, 0x222B, 0x16D },
    { 0x2248, 0x2248, 0x16E },
    { 0x2260, 0x2260, 0x16F },
    { 0x2264, 0x2265, 0x170 },
    { 0xFFFD, 0xFFFD, 0x172 },
};

static const EpdFontGroup lexica_19_regularGroups[] = {
    { 0, 4201, 9987, 96, 0 },
    { 4201, 4262, 12334, 96, 96 },
    { 8463, 5649, 18955, 128, 192 },
    { 14112, 196, 242, 17, 320 },
    { 14308, 423, 1064, 17, 337 },
    { 14731, 54, 49, 1, 354 },
    { 14785, 207, 337, 2, 355 },
    { 14992, 580, 1370, 13, 357 },
    { 15572, 106, 119, 1, 370 },
};

static const EpdFontData lexica_19_regular = {
    lexica_19_regularBitmaps,
    lexica_19_regularGlyphs,
    lexica_19_regularIntervals,
    31,
    49,
    38,
    -12,
    true,
    lexica_19_regularGroups,
    9,
};
