/**
 * generated by fontconvert.py
 * name: lexica_17_bolditalic
 * size: 17
 * mode: 2-bit  compressed: true
 * Command used: fontconvert.py lexica_17_bolditalic 17 ../builtinFonts/source/lexica-ultralegible/LexicaUltralegible-BoldItalic.ttf --2bit --compress
 */
#pragma once
#include "EpdFontData.h"

static const uint8_t lexica_17_bolditalicBitmaps[22531] = {
    0x9D, 0x5A, 0x3D, 0x8F, 0xE5, 0xC8, 0x75, 0x2D, 0xBE, 0xA7, 0x6D, 0xDA, 0x60, 0x40, 0x05, 0xBB,
    0x4E, 0x26, 0x60, 0xE2, 0xC0, 0x19, 0x13, 0x27, 0x0E, 0x34, 0x45, 0x59, 0xB0, 0x14, 0x38, 0xB1,
    0x00, 0x4F, 0xBC, 0xFE, 0x07, 0x9D, 0x38, 0x5C, 0x89, 0x6F, 0x6D, 0xC0, 0x0A, 0x1C, 0xEC, 0xC0,
    0xFE, 0x01, 0xDE, 0xD0, 0x70, 0xB2, 0xB1, 0x01, 0xC1, 0x45, 0x49, 0x81, 0x42, 0x71, 0x24, 0x03,
    0x0E, 0x14, 0x88, 0xDE, 0x1D, 0x59, 0xC1, 0x06, 0xC3, 0x95, 0x08, 0x0C, 0xC7, 0x43, 0xB2, 0x7C,
    0xCE, 0xB9, 0xC5, 0xF7, 0x5E, 0x77, 0xCF, 0xEC, 0x0A, 0xEE, 0x6E, 0x16, 0xD9, 0xEF, 0x91, 0x55,
    0xB7, 0xEE, 0xC7, 0xB9, 0x5F, 0x74, 0x3E, 0x3A, 0xC7, 0xA3, 0xDD, 0x9C, 0x0B, 0x3C, 0x56, 0xE7,
    0xE2, 0x92, 0x8E, 0x09, 0xC7, 0x88, 0x63, 0x70, 0x59, 0xEC, 0x71, 0x74, 0x38, 0x4E, 0x38, 0x9C,
    0x8E, 0xFD, 0x27, 0xC7, 0x6D, 0x15, 0x6E, 0xF7, 0x9B, 0x4D, 0xC5, 0x33, 0xFF, 0xE7, 0xE7, 0xED,
    0xA7, 0xB1, 0xC1, 0xE1, 0xFC, 0xCF, 0xD3, 0xF1, 0x2C, 0x1D, 0x3F, 0xC2, 0xD1, 0x69, 0xA2, 0x53,
    0x8D, 0xFB, 0x0E, 0xB1, 0xF1, 0x23, 0x4F, 0x8E, 0xA7, 0xE3, 0xF5, 0xA9, 0x88, 0xFC, 0x19, 0xCB,
    0xB7, 0x9F, 0x06, 0x57, 0x2E, 0x0E, 0xC4, 0x5D, 0x4E, 0x24, 0xD3, 0x55, 0x73, 0x3A, 0x61, 0x72,
    0x10, 0xC6, 0x9F, 0xCE, 0x4E, 0xA7, 0xD6, 0x4E, 0x41, 0xA7, 0x26, 0x9D, 0x5C, 0x3B, 0xE4, 0x20,
    0x1D, 0xA7, 0x02, 0x4C, 0x70, 0xA1, 0xC7, 0x74, 0xE7, 0x93, 0x73, 0x8F, 0x35, 0x7E, 0x4F, 0xE3,
    0x07, 0x38, 0xB2, 0xB0, 0x35, 0x98, 0x3D, 0x92, 0x4B, 0x98, 0x61, 0x03, 0xF1, 0x9C, 0x33, 0x8F,
    0xFF, 0x83, 0x75, 0x8A, 0x78, 0xFC, 0xED, 0x2B, 0x57, 0xC6, 0xE3, 0xD0, 0x60, 0xFC, 0x56, 0xEF,
    0xB0, 0x8D, 0xCF, 0x41, 0x5A, 0x1E, 0x49, 0xE0, 0x81, 0xB7, 0xEB, 0xA9, 0x41, 0x33, 0xAC, 0xF6,
    0x0F, 0xC6, 0x3A, 0x92, 0x64, 0x5F, 0xE1, 0xAE, 0xAF, 0x3F, 0xCE, 0x63, 0x97, 0x4F, 0xDF, 0x3B,
    0x82, 0xDC, 0xE5, 0x87, 0x79, 0x3C, 0xF9, 0xB8, 0xDC, 0x46, 0xDE, 0x8E, 0xFB, 0x31, 0x4F, 0x9C,
    0xF5, 0x50, 0xCF, 0x49, 0x71, 0xE9, 0x8E, 0x23, 0x29, 0x3B, 0x0E, 0x1C, 0x0F, 0x27, 0x8E, 0x8F,
    0x30, 0xEF, 0xD1, 0x16, 0xEA, 0x5C, 0xBE, 0x90, 0xA1, 0x10, 0x67, 0x09, 0x7A, 0x4B, 0x3E, 0xED,
    0xB9, 0xF8, 0x0A, 0x49, 0x05, 0x90, 0x54, 0x0F, 0x39, 0xB8, 0x86, 0x0D, 0xF9, 0xFE, 0xB8, 0xE8,
    0x21, 0xDF, 0x17, 0x4B, 0xC1, 0xAD, 0xFB, 0xA9, 0x9E, 0xAB, 0xD1, 0x88, 0x1B, 0x3D, 0xD6, 0xE3,
    0xE3, 0x5D, 0xE8, 0x6E, 0x9F, 0x73, 0xC2, 0x2C, 0x1E, 0x48, 0x79, 0x98, 0x8E, 0x6B, 0xA9, 0xCD,
    0xB9, 0x72, 0xAE, 0x45, 0x96, 0xAB, 0xC6, 0x76, 0x0A, 0x83, 0xA6, 0x0A, 0x5D, 0xCD, 0x19, 0xE2,
    0x29, 0x36, 0x95, 0xC9, 0x19, 0x3B, 0xA1, 0x88, 0x57, 0x7C, 0x46, 0x42, 0xCA, 0xD9, 0xC5, 0x67,
    0x7C, 0x0A, 0xF7, 0xB5, 0x62, 0x42, 0xDB, 0x51, 0x68, 0x7A, 0x08, 0x0B, 0xCE, 0x7A, 0x48, 0xFA,
    0x77, 0xFE, 0x79, 0x64, 0xFF, 0x04, 0xEA, 0x28, 0x79, 0x4A, 0x62, 0x73, 0x63, 0x6D, 0xB9, 0xE5,
    0x7C, 0xB4, 0x5C, 0x0E, 0x77, 0x4E, 0xDA, 0x58, 0x19, 0xCB, 0x74, 0xE7, 0xE4, 0xC4, 0x13, 0x92,
    0x08, 0x2D, 0x6B, 0x30, 0x5D, 0x1B, 0xC9, 0x05, 0xCE, 0x05, 0xE5, 0x2B, 0xE2, 0x8B, 0x08, 0x55,
    0xA8, 0x62, 0x11, 0xFF, 0x05, 0xEC, 0x5A, 0xC4, 0x3E, 0x0F, 0xAD, 0x02, 0x9D, 0x7E, 0xC6, 0xBA,
    0x50, 0xAB, 0x25, 0xA9, 0xFD, 0xB7, 0xB9, 0x6C, 0x6D, 0x7A, 0x24, 0xAD, 0xEC, 0x48, 0xD1, 0x2B,
    0xCE, 0x7D, 0xBB, 0x35, 0x61, 0x84, 0x62, 0x92, 0x67, 0xF6, 0xDB, 0x76, 0x2D, 0x28, 0xC7, 0x2C,
    0x90, 0x2D, 0x56, 0x49, 0xE6, 0x43, 0x3D, 0x1A, 0x65, 0x65, 0xFC, 0x98, 0xF4, 0x97, 0x9B, 0x74,
    0xDA, 0xD5, 0xFC, 0x7A, 0xB6, 0x5B, 0x68, 0x18, 0x2D, 0x8F, 0xE1, 0xE1, 0xC1, 0xEF, 0xF6, 0xA3,
    0x4E, 0x56, 0xC9, 0xE7, 0xCB, 0xD5, 0x69, 0xBE, 0xA3, 0x71, 0x01, 0xBB, 0xDD, 0xEC, 0x9F, 0x23,
    0xA8, 0x3D, 0x90, 0x8B, 0x14, 0x9C, 0x8E, 0x9E, 0x1A, 0x8F, 0xE3, 0xDE, 0xCC, 0x21, 0x1D, 0xFC,
    0x5E, 0x30, 0xD0, 0xE9, 0x39, 0x3E, 0xBF, 0x13, 0x5A, 0x25, 0x22, 0xC3, 0xF8, 0xC6, 0xAD, 0xB9,
    0x77, 0xB8, 0x76, 0xE7, 0xFE, 0xA0, 0xEA, 0x5C, 0xFD, 0xC9, 0x09, 0x2C, 0xFB, 0x37, 0xEA, 0x32,
    0xB9, 0x84, 0x29, 0x7E, 0xED, 0xA8, 0xF2, 0xD5, 0xAF, 0x06, 0x97, 0xE7, 0x54, 0x8B, 0x24, 0x65,
    0xC9, 0xEB, 0x4B, 0x07, 0xDA, 0xEE, 0x7C, 0x6F, 0xB0, 0x7D, 0x7E, 0xE9, 0x63, 0x87, 0x99, 0xC4,
    0x95, 0xD0, 0xC6, 0x78, 0xC2, 0x88, 0xEB, 0xC3, 0xEA, 0x0E, 0x0B, 0x8D, 0xA8, 0x1C, 0x1C, 0x48,
    0xF4, 0x8D, 0x08, 0x80, 0x06, 0xC2, 0xEE, 0x80, 0x61, 0x06, 0x13, 0xAE, 0x18, 0xFC, 0xDC, 0x2E,
    0x61, 0x6D, 0x17, 0x3F, 0x17, 0xD4, 0x1B, 0xB2, 0x56, 0xF2, 0x11, 0xD3, 0x09, 0x95, 0x62, 0x8E,
    0x38, 0xA3, 0xFD, 0x8B, 0xDF, 0xAE, 0xA6, 0x85, 0xB6, 0xBA, 0xA3, 0xA7, 0xAE, 0x9E, 0xEF, 0x20,
    0x41, 0x95, 0x59, 0xD9, 0xDD, 0x3B, 0x4E, 0x26, 0x32, 0xB1, 0xF6, 0xEA, 0x8E, 0x20, 0x2B, 0x87,
    0x4E, 0x99, 0x06, 0x0F, 0x22, 0x11, 0x93, 0x47, 0x43, 0xA0, 0xE9, 0x96, 0xDC, 0x1C, 0x72, 0xEE,
    0x6A, 0x3C, 0xC6, 0x0E, 0x86, 0x83, 0xC5, 0xEA, 0x0D, 0x5A, 0xDD, 0xF9, 0x65, 0xE3, 0x38, 0x07,
    0x8E, 0x93, 0xFF, 0x90, 0x63, 0xFD, 0xE3, 0xD8, 0xB5, 0x63, 0xF9, 0x29, 0xC7, 0xE2, 0x77, 0xD8,
    0x2B, 0x1E, 0x02, 0x14, 0x4F, 0x94, 0x0A, 0x84, 0x89, 0x39, 0xEB, 0xD5, 0x85, 0x05, 0xD2, 0xF9,
    0x10, 0xD6, 0x52, 0x08, 0x6C, 0x8F, 0x51, 0xF6, 0x19, 0x04, 0x5B, 0x45, 0x7C, 0x4A, 0x7A, 0x5A,
    0xD3, 0x1F, 0x08, 0x3D, 0xBB, 0x8D, 0x4D, 0xCD, 0xA7, 0xD3, 0xD1, 0xD2, 0x30, 0xC8, 0x25, 0xF2,
    0xA1, 0xBA, 0xA7, 0xCC, 0xDC, 0x2F, 0x77, 0x24, 0xD5, 0x32, 0xF5, 0x32, 0xD5, 0x32, 0x1B, 0x20,
    0x8B, 0xC4, 0x26, 0x77, 0x23, 0x23, 0xD5, 0x5C, 0x47, 0x19, 0x57, 0x29, 0x52, 0x6A, 0xD8, 0xDD,
    0x08, 0x84, 0x07, 0xFC, 0x38, 0xF7, 0xB1, 0x71, 0x28, 0x8D, 0xC6, 0x28, 0x3D, 0x76, 0x14, 0x2C,
    0x15, 0x42, 0x0B, 0x5A, 0x2B, 0x3E, 0x9E, 0xC5, 0x3E, 0x61, 0x13, 0xE7, 0x3F, 0x08, 0x3B, 0x2A,
    0x72, 0x3E, 0x33, 0xFC, 0x10, 0x36, 0x54, 0xE2, 0x6A, 0x2D, 0xC4, 0xF5, 0xE7, 0x51, 0x5E, 0x61,
    0x93, 0x78, 0x79, 0x57, 0x2B, 0xFC, 0xA6, 0xC9, 0x63, 0xA1, 0xFF, 0xC4, 0xEE, 0xB3, 0x80, 0xA9,
    0x1B, 0x97, 0x24, 0x6C, 0x4A, 0xF0, 0x0E, 0x7D, 0xAB, 0x93, 0xA4, 0x32, 0xA1, 0x64, 0x26, 0xD9,
    0x1D, 0x0C, 0x83, 0x6E, 0x34, 0xA7, 0x6B, 0x35, 0xD6, 0x6B, 0x1A, 0x6F, 0x46, 0xF2, 0xAA, 0x9D,
    0xC8, 0xAD, 0x76, 0xE3, 0x46, 0x49, 0x49, 0xAF, 0xAD, 0xD3, 0x6C, 0xB5, 0x89, 0x84, 0x81, 0xF8,
    0x77, 0xD4, 0x5A, 0x83, 0x70, 0xBA, 0x17, 0x2C, 0xF6, 0xFB, 0x62, 0xE6, 0x75, 0x2A, 0x83, 0x55,
    0x3E, 0x9C, 0xC5, 0x97, 0xB2, 0xDC, 0x9F, 0xD2, 0x40, 0x23, 0x29, 0x6C, 0x17, 0x28, 0x5A, 0x06,
    0x8F, 0x4A, 0xDF, 0xD2, 0x55, 0x44, 0xBD, 0x06, 0xAB, 0xCB, 0x5F, 0x8E, 0x36, 0xCA, 0x69, 0x0E,
    0x1A, 0xFB, 0xBB, 0x0C, 0x96, 0xCA, 0x2A, 0x46, 0x48, 0xDA, 0x5F, 0x4B, 0x45, 0xBC, 0x79, 0xD5,
    0x28, 0xFF, 0xA0, 0x51, 0x82, 0xD0, 0x1D, 0xF4, 0xF8, 0x2E, 0x21, 0x12, 0x56, 0x6C, 0x57, 0xB1,
    0x53, 0x50, 0x4F, 0x94, 0x25, 0xE7, 0xA1, 0x6F, 0x50, 0x58, 0xF0, 0xE4, 0x6F, 0x09, 0xB3, 0xBB,
    0x15, 0x5C, 0xC6, 0x4C, 0xFC, 0x81, 0xB4, 0x5B, 0x80, 0xB3, 0xF8, 0x53, 0x89, 0x34, 0x9B, 0x27,
    0x33, 0xB7, 0xFA, 0xC8, 0xF4, 0xF3, 0xF6, 0x55, 0xE2, 0x02, 0x7D, 0x18, 0x89, 0x81, 0x59, 0x3C,
    0xBF, 0x3D, 0x51, 0xC9, 0xB0, 0xE2, 0xC5, 0x8E, 0xC3, 0x6C, 0x54, 0x73, 0xE8, 0x5B, 0xED, 0x1A,
    0x34, 0x4C, 0x5C, 0x61, 0x86, 0xB2, 0xFA, 0xA5, 0xE5, 0xA2, 0x1A, 0x3C, 0x7D, 0x01, 0xDD, 0xC0,
    0x58, 0x6F, 0xDF, 0x89, 0x03, 0xE9, 0xEE, 0x72, 0xDB, 0x25, 0x25, 0xF3, 0x48, 0x18, 0x1E, 0x15,
    0x0B, 0x90, 0x20, 0x8D, 0x4D, 0x69, 0x1E, 0x82, 0x5C, 0xBF, 0xC8, 0xBA, 0x9D, 0xC5, 0xC3, 0x51,
    0xFC, 0xE8, 0xCF, 0xAA, 0x2A, 0xBA, 0x9C, 0xD7, 0x2D, 0x61, 0x16, 0xE3, 0xEE, 0xDF, 0x52, 0xBD,
    0xED, 0x16, 0xF9, 0x61, 0xDD, 0x52, 0xDB, 0x2D, 0x16, 0xC3, 0xB8, 0xDB, 0x49, 0x06, 0x64, 0x2E,
    0x9C, 0x5B, 0x1D, 0xA0, 0x60, 0x90, 0xA4, 0xFC, 0x73, 0x1A, 0xE0, 0x8E, 0xDB, 0x01, 0x4E, 0xC0,
    0xF3, 0x16, 0xAA, 0x0B, 0x03, 0x9B, 0x81, 0xF4, 0x4F, 0x75, 0xFC, 0x6E, 0x00, 0xF2, 0x21, 0x6C,
    0x00, 0x0B, 0xCA, 0x2D, 0x9C, 0x07, 0x6C, 0xA1, 0x5E, 0x7D, 0xFC, 0x66, 0x5C, 0x28, 0xFA, 0x91,
    0x37, 0xF7, 0x99, 0x5C, 0xB1, 0x04, 0x70, 0x63, 0x9A, 0x37, 0x5B, 0xE4, 0x23, 0x01, 0x55, 0x60,
    0x1A, 0x00, 0x08, 0xAA, 0xD3, 0xA6, 0xF5, 0x30, 0x60, 0xBD, 0x01, 0xDB, 0x0B, 0x7D, 0x18, 0xA0,
    0x25, 0xED, 0x5C, 0x08, 0x7D, 0xA3, 0xC5, 0x48, 0x05, 0xF9, 0x9A, 0xC9, 0xDB, 0x1F, 0x4D, 0xAB,
    0x77, 0xE1, 0x69, 0x77, 0x84, 0x80, 0x8C, 0xEA, 0xA8, 0x2F, 0x4B, 0x71, 0xF9, 0x5D, 0x7C, 0xD2,
    0x1C, 0x29, 0x97, 0x1E, 0x7F, 0xB8, 0x60, 0x88, 0xF3, 0xAE, 0xBB, 0xFE, 0xA9, 0x7A, 0x9A, 0x18,
    0x20, 0x2E, 0xEA, 0x0F, 0xD7, 0x15, 0xED, 0xA6, 0x71, 0xD5, 0xC4, 0x79, 0xA1, 0x98, 0xF8, 0xC3,
    0x05, 0xFE, 0xCD, 0x9A, 0xEB, 0x07, 0xB3, 0x95, 0x06, 0x5E, 0x10, 0x63, 0xF9, 0x07, 0x93, 0x67,
    0x50, 0x8C, 0x0F, 0x67, 0x07, 0x17, 0x56, 0xF6, 0xAE, 0xEE, 0x74, 0xDF, 0xDF, 0x50, 0x5A, 0x43,
    0xA2, 0xAD, 0xC6, 0x70, 0x10, 0xD7, 0x23, 0x9F, 0xC5, 0x45, 0x88, 0x50, 0xCD, 0x48, 0x38, 0x91,
    0xBE, 0xEE, 0x21, 0x61, 0x93, 0x14, 0xB8, 0x90, 0xB1, 0xB5, 0xFC, 0xD4, 0xF0, 0xAA, 0xE6, 0x90,
    0xC9, 0xEA, 0x04, 0x3A, 0xD3, 0xBD, 0xC1, 0xDD, 0xFD, 0x79, 0xD3, 0x2D, 0x7F, 0x2C, 0x8D, 0xE0,
    0x66, 0x88, 0xC3, 0x90, 0xF3, 0x53, 0x0E, 0x2B, 0x65, 0xA5, 0x78, 0x85, 0xD4, 0x64, 0xB4, 0x13,
    0xAC, 0x3E, 0x26, 0x68, 0x69, 0x31, 0xE0, 0xEB, 0x93, 0x60, 0x87, 0x1E, 0x11, 0xC3, 0xF3, 0x04,
    0xA7, 0x8A, 0x09, 0xFF, 0xEC, 0x3A, 0x2E, 0x7B, 0xAE, 0x60, 0xF8, 0x54, 0xED, 0xE0, 0x31, 0x87,
    0x15, 0xAA, 0x01, 0x2E, 0x00, 0xE2, 0x1A, 0xE1, 0x5C, 0x46, 0x1B, 0xA9, 0xE2, 0x68, 0x08, 0x55,
    0x44, 0x05, 0x51, 0xBD, 0xE5, 0x1F, 0x32, 0x05, 0x43, 0x93, 0x0B, 0xB7, 0x2D, 0x64, 0xDB, 0xD5,
    0xBA, 0x34, 0x19, 0xEF, 0x4E, 0x32, 0x93, 0x05, 0xB8, 0x7A, 0x33, 0x4C, 0x11, 0x32, 0xD6, 0xBF,
    0xBE, 0xE1, 0x57, 0x41, 0x22, 0x86, 0xBF, 0x77, 0xC7, 0xC9, 0xE5, 0x83, 0x7B, 0xD2, 0x2C, 0xAE,
    0x04, 0x65, 0xE3, 0x63, 0x57, 0x33, 0x74, 0xAC, 0xDD, 0xE3, 0x43, 0xFC, 0x64, 0xAC, 0xDC, 0x37,
    0xF2, 0xB9, 0x1C, 0xCA, 0xE6, 0x03, 0x0C, 0x3D, 0x4E, 0x55, 0x5F, 0x75, 0x65, 0xF3, 0xC3, 0xAA,
    0xAB, 0xBB, 0xAA, 0xF9, 0xA0, 0xEE, 0x7C, 0xE7, 0xDD, 0x07, 0xF5, 0xB3, 0xD8, 0xFD, 0x87, 0xFB,
    0x46, 0x25, 0x2F, 0xF0, 0xB8, 0x88, 0xBF, 0x20, 0xE8, 0x1C, 0x36, 0x17, 0x4E, 0x0C, 0x6D, 0x04,
    0x65, 0xE3, 0xAE, 0x1C, 0xFA, 0x69, 0x9F, 0xDF, 0x98, 0xB5, 0xDA, 0x6E, 0x6E, 0x37, 0x53, 0xA1,
    0x42, 0x06, 0x8A, 0x0D, 0xF4, 0x16, 0x64, 0x48, 0x9C, 0x6D, 0xC2, 0xD2, 0x3D, 0x9C, 0x35, 0x4B,
    0x4E, 0xB8, 0xDE, 0x9A, 0x3F, 0x32, 0x81, 0xAD, 0x16, 0x4E, 0x2C, 0x8A, 0x3B, 0xE2, 0x44, 0x44,
    0x84, 0x90, 0x2A, 0x45, 0xF8, 0x9D, 0x7C, 0x2D, 0xFC, 0x3F, 0x43, 0x32, 0x00, 0x8E, 0x18, 0x7B,
    0x86, 0xE0, 0x68, 0x1A, 0x11, 0x2D, 0x59, 0x89, 0x0D, 0xAC, 0x82, 0xCE, 0xAA, 0x94, 0xB3, 0x3D,
    0x55, 0x0A, 0x09, 0x3B, 0xBF, 0x99, 0x11, 0xF9, 0x18, 0xD3, 0xD3, 0xD2, 0xD7, 0x38, 0x6B, 0x0A,
    0xE4, 0x0B, 0x63, 0x06, 0x31, 0xE1, 0x43, 0xAF, 0xB1, 0x5E, 0x29, 0x2B, 0xBF, 0xD0, 0x6B, 0xB7,
    0x33, 0x1E, 0xBC, 0x61, 0xE8, 0x41, 0xE4, 0xD3, 0x78, 0x8D, 0x82, 0x40, 0x49, 0x52, 0x4A, 0xA2,
    0x6C, 0x0C, 0x63, 0x45, 0xE7, 0x39, 0x62, 0x27, 0xF8, 0x9C, 0x66, 0x16, 0x7B, 0x7F, 0x4E, 0xD1,
    0x36, 0x2D, 0x38, 0x71, 0x7C, 0x65, 0x8A, 0xF5, 0xF1, 0x9E, 0x3C, 0x55, 0x31, 0xA1, 0x53, 0x1C,
    0xB3, 0xB8, 0x7E, 0x3B, 0x62, 0x5D, 0xC2, 0x08, 0x37, 0xF2, 0x27, 0x3B, 0x2C, 0x2E, 0x97, 0xD1,
    0x20, 0x36, 0x5C, 0x47, 0x06, 0x0F, 0x46, 0xFB, 0x16, 0xCA, 0x99, 0x3D, 0xA5, 0x5E, 0xE7, 0xF4,
    0xFC, 0xF0, 0x01, 0xC2, 0xEC, 0x55, 0x61, 0x87, 0x65, 0x7A, 0x27, 0xE2, 0xD9, 0x73, 0xC9, 0x6D,
    0x7B, 0x6A, 0x31, 0xE2, 0x2A, 0xF1, 0xC9, 0xCB, 0x06, 0xF9, 0x2F, 0x2C, 0xF2, 0x47, 0x4A, 0xA1,
    0xC5, 0x24, 0x9E, 0x40, 0x53, 0x26, 0xE7, 0xAD, 0xE8, 0xA6, 0x88, 0xE2, 0x70, 0x41, 0x74, 0x3A,
    0x5D, 0x4E, 0x0A, 0x1C, 0xCA, 0xA8, 0x98, 0xA1, 0x8C, 0x02, 0xB7, 0x6A, 0xD3, 0x09, 0xB3, 0x88,
    0x5F, 0xE0, 0xD0, 0xCA, 0x38, 0x8F, 0xAE, 0x8F, 0xDE, 0xDE, 0x2F, 0xEF, 0x84, 0xE4, 0x6A, 0x37,
    0xA3, 0xC1, 0x88, 0x24, 0xFC, 0x05, 0xA3, 0xEF, 0x4E, 0xE8, 0xD2, 0x9A, 0x04, 0xCF, 0xE3, 0xBC,
    0xB3, 0x60, 0x38, 0x7B, 0x70, 0x45, 0xA7, 0x29, 0xCA, 0x3B, 0x6A, 0xA6, 0xA3, 0x14, 0xC7, 0x9C,
    0x5B, 0x11, 0xCD, 0x7D, 0xB8, 0x3D, 0x36, 0x35, 0xD7, 0x49, 0xB2, 0xF6, 0x48, 0xF8, 0x6A, 0xC1,
    0xF5, 0x0D, 0x0B, 0xEA, 0x8B, 0x31, 0x8D, 0x6D, 0x34, 0x10, 0xDC, 0xC7, 0xFE, 0xCB, 0xE8, 0x89,
    0x77, 0xC6, 0x3C, 0xEE, 0xCE, 0x64, 0xFD, 0x2A, 0x7A, 0x6C, 0x94, 0x0E, 0xB4, 0x57, 0x3A, 0x90,
    0x82, 0x69, 0x01, 0x96, 0x2C, 0xA2, 0x49, 0x21, 0x84, 0xF8, 0x78, 0xD1, 0x2B, 0x7F, 0xA2, 0x5E,
    0xBD, 0xFB, 0x26, 0xBD, 0x9A, 0x18, 0x94, 0x06, 0xAA, 0xE8, 0x0A, 0xC2, 0xB1, 0xC9, 0xF3, 0x88,
    0x3B, 0x34, 0xCE, 0xD4, 0xAB, 0x30, 0x05, 0x6A, 0xC3, 0x08, 0xBD, 0x3A, 0x12, 0x12, 0xFB, 0xDB,
    0x54, 0xBC, 0x18, 0xB8, 0x0B, 0x38, 0x3F, 0x6C, 0xC2, 0x77, 0x74, 0x96, 0x18, 0x39, 0xB5, 0x85,
    0x7D, 0xA4, 0xB0, 0xB5, 0x2A, 0x4C, 0xB0, 0x42, 0x8C, 0x32, 0xC4, 0xDE, 0x4A, 0x32, 0x9D, 0x93,
    0x37, 0xE9, 0x32, 0xA5, 0x5B, 0x5D, 0x8A, 0x9A, 0x8F, 0x66, 0xD9, 0x76, 0x72, 0xE9, 0x94, 0xDB,
    0x49, 0x46, 0x68, 0x0A, 0x55, 0x99, 0x42, 0x81, 0x41, 0xE4, 0x97, 0x97, 0x5E, 0x71, 0xC9, 0x14,
    0x9E, 0x7F, 0x05, 0x0D, 0x8A, 0xF8, 0x6A, 0x0A, 0xCD, 0x2B, 0x1B, 0x4E, 0xD1, 0x44, 0x67, 0x5E,
    0x2E, 0xBB, 0x4A, 0x72, 0x34, 0x9C, 0xD2, 0x90, 0x5F, 0xB2, 0xA2, 0x73, 0x6E, 0x63, 0x09, 0xCE,
    0x25, 0x8D, 0x5A, 0x76, 0x51, 0xD1, 0x66, 0xEF, 0x2D, 0xD1, 0x5A, 0x85, 0xE1, 0x1C, 0x76, 0x3E,
    0x54, 0x12, 0x1B, 0x4F, 0x2E, 0xAD, 0x65, 0xEE, 0xC1, 0x96, 0xBC, 0xA3, 0x24, 0xD7, 0xEA, 0x51,
    0x5F, 0xA9, 0x07, 0x22, 0x92, 0x9B, 0x81, 0x79, 0x09, 0x52, 0x12, 0x8A, 0x72, 0xE4, 0xF4, 0x61,
    0x7D, 0x64, 0xFB, 0x33, 0x05, 0x51, 0x36, 0x2D, 0x35, 0x35, 0x3C, 0xF7, 0xC9, 0x14, 0xE9, 0x18,
    0x4F, 0xE4, 0x55, 0x14, 0xB2, 0x1D, 0x65, 0x8A, 0xA3, 0xB2, 0x0A, 0x46, 0xCF, 0x24, 0xF8, 0xBF,
    0xA3, 0x7C, 0xDF, 0x2F, 0xCD, 0xAF, 0x46, 0x63, 0x8C, 0x32, 0x8E, 0xA3, 0x25, 0x16, 0xC7, 0x3B,
    0x65, 0x0C, 0x33, 0x36, 0x10, 0xFE, 0xD2, 0x9C, 0xDE, 0x8F, 0xCD, 0xED, 0x69, 0xE3, 0xD8, 0x01,
    0x05, 0xC1, 0x10, 0x78, 0x16, 0x0D, 0x49, 0x72, 0xDC, 0x5F, 0x3B, 0x69, 0xCB, 0xF8, 0x9E, 0xBC,
    0xC0, 0x49, 0xEC, 0xB9, 0x62, 0xED, 0x39, 0x95, 0x0C, 0x7B, 0xD6, 0xEA, 0xDE, 0x2E, 0xB8, 0xE6,
    0x2D, 0x82, 0x5B, 0xEF, 0x0A, 0x6E, 0x77, 0xF6, 0x4A, 0x14, 0x86, 0xB0, 0x0F, 0xBD, 0xFC, 0x9B,
    0x82, 0x4E, 0x5E, 0xE4, 0xBC, 0x60, 0x34, 0x51, 0x8A, 0x4B, 0x8A, 0xDA, 0x57, 0xBB, 0xF0, 0x42,
    0x4C, 0x81, 0x02, 0x2F, 0x5E, 0xC8, 0x92, 0x40, 0xD3, 0xCF, 0x20, 0x84, 0xC0, 0xD8, 0xF1, 0x67,
    0xD3, 0x31, 0x42, 0x40, 0x47, 0x5C, 0xE4, 0x8C, 0x40, 0x8F, 0xF1, 0xA3, 0xA9, 0x5C, 0xB4, 0xCB,
    0xBF, 0x9C, 0xAB, 0x49, 0xB3, 0x17, 0xB3, 0x1F, 0x71, 0x51, 0xE0, 0xA2, 0xED, 0x09, 0xB8, 0x5B,
    0xBE, 0xC4, 0x1F, 0x31, 0x63, 0xDC, 0xF2, 0x35, 0xFE, 0x39, 0x2F, 0x56, 0x10, 0xC3, 0xAD, 0x55,
    0xCB, 0x31, 0xAE, 0xDC, 0x5E, 0x8D, 0x8B, 0x85, 0x5B, 0xF4, 0x30, 0xF7, 0x89, 0x2A, 0xE3, 0xB1,
    0xD2, 0xA8, 0xBC, 0x08, 0x17, 0xBD, 0x79, 0xAA, 0x83, 0xF9, 0x56, 0x5E, 0x34, 0x96, 0x90, 0x53,
    0x1D, 0x98, 0x23, 0x75, 0x4A, 0xD4, 0xA8, 0x22, 0xB3, 0xD2, 0x2E, 0x4F, 0x3C, 0x90, 0x16, 0x45,
    0xB3, 0x1A, 0xA2, 0x72, 0x44, 0x48, 0xFB, 0x02, 0x70, 0x3B, 0x60, 0x1F, 0x08, 0x35, 0x11, 0x8D,
    0xFE, 0x23, 0x1C, 0x27, 0x7C, 0xE4, 0x0F, 0xB6, 0x03, 0x4F, 0xDF, 0x22, 0x4D, 0x79, 0x3C, 0xE0,
    0x02, 0x91, 0x61, 0x16, 0xFF, 0x5E, 0xCE, 0x9B, 0x29, 0x1A, 0x56, 0x0D, 0xBF, 0xD4, 0xA9, 0x7D,
    0xB1, 0xD9, 0x8A, 0xAB, 0xE4, 0x1E, 0x25, 0xFB, 0x2A, 0x2A, 0x0B, 0x2A, 0x89, 0xEE, 0xA3, 0x4A,
    0x65, 0x58, 0x31, 0xA7, 0xDB, 0x24, 0x63, 0xC6, 0x1D, 0xDF, 0x18, 0x69, 0x51, 0x8A, 0x96, 0x39,
    0x27, 0x87, 0x0E, 0x55, 0xFD, 0x0B, 0x39, 0x37, 0x5A, 0x99, 0x92, 0x0A, 0xD5, 0x44, 0x94, 0x5F,
    0xD0, 0x71, 0x31, 0x1A, 0xB0, 0xB0, 0x82, 0xD6, 0x88, 0x53, 0x98, 0xEC, 0xA4, 0x20, 0xFC, 0xC4,
    0xD9, 0xC1, 0x37, 0x0B, 0x15, 0x55, 0x2F, 0x86, 0x7A, 0x30, 0x11, 0xC1, 0xB3, 0x8C, 0xF2, 0x02,
    0x89, 0x54, 0x00, 0x59, 0x21, 0xDD, 0x4A, 0xB9, 0x99, 0x25, 0xAF, 0x52, 0xF3, 0xD6, 0xE2, 0xA2,
    0x1B, 0x73, 0xEF, 0x5E, 0x6E, 0xDE, 0x5F, 0x10, 0xF8, 0x12, 0x6F, 0x44, 0x8B, 0x37, 0x36, 0xE2,
    0x4E, 0xB5, 0x51, 0x4D, 0xAB, 0x95, 0x7A, 0x5A, 0xAF, 0x54, 0xD4, 0x16, 0xF2, 0x43, 0x64, 0x3A,
    0x0B, 0xEC, 0xC6, 0x4B, 0xBC, 0xB1, 0x69, 0xB3, 0x4F, 0xEF, 0xFA, 0x85, 0xE5, 0xF7, 0xF7, 0x0B,
    0xE7, 0x78, 0x76, 0x76, 0x67, 0x73, 0xB5, 0xFC, 0x34, 0xB9, 0x35, 0xC4, 0xEC, 0x59, 0xD8, 0xC4,
    0xBE, 0x3A, 0x2A, 0xAA, 0x63, 0xE4, 0x25, 0x5F, 0xD9, 0xD5, 0x77, 0xD8, 0xE7, 0x8D, 0x7D, 0xED,
    0xB4, 0x73, 0xF1, 0x4F, 0xED, 0xB4, 0x22, 0x8B, 0x09, 0xD0, 0x31, 0x84, 0x00, 0x61, 0x82, 0x66,
    0x44, 0xF2, 0x8D, 0x94, 0xFB, 0xD5, 0xE4, 0x1B, 0x25, 0x51, 0xB1, 0x6F, 0x30, 0xF6, 0xF5, 0x16,
    0xBC, 0x5D, 0x88, 0x00, 0xFB, 0x0C, 0xE0, 0xDC, 0x31, 0xA5, 0x79, 0x17, 0xFA, 0xC1, 0xCD, 0xE7,
    0xC6, 0xD3, 0x93, 0x45, 0x4B, 0xC9, 0x09, 0x87, 0xF1, 0x1D, 0x26, 0x3C, 0x0C, 0x20, 0x2E, 0x31,
    0x5C, 0xAD, 0x18, 0x8E, 0x85, 0x4E, 0xE3, 0x29, 0x22, 0xB9, 0xE9, 0x3E, 0x4F, 0xD7, 0x54, 0x7F,
    0x60, 0x85, 0xB5, 0x91, 0x2D, 0x75, 0x90, 0x85, 0x3D, 0x4D, 0xC4, 0xF4, 0x7B, 0xC9, 0xC2, 0x2E,
    0x0C, 0xA5, 0xA8, 0x15, 0xA3, 0x40, 0xE4, 0xAD, 0x55, 0xF3, 0xE7, 0xEF, 0x73, 0x7E, 0x16, 0x84,
    0xC9, 0xBF, 0x26, 0x25, 0x70, 0x56, 0xD0, 0xC8, 0x29, 0xC4, 0x1D, 0x28, 0x6D, 0xEB, 0x06, 0xC3,
    0x99, 0x55, 0xCD, 0x6F, 0x62, 0x4A, 0x75, 0x3B, 0xF7, 0x75, 0xA7, 0xAA, 0xB9, 0x53, 0xD5, 0x9C,
    0x2B, 0x22, 0xBB, 0xB9, 0x53, 0x35, 0xB7, 0x75, 0x3B, 0x3E, 0x94, 0x42, 0x91, 0x38, 0xF8, 0xAB,
    0xCA, 0x86, 0xA2, 0xE4, 0x2E, 0xEE, 0x25, 0xDC, 0xFB, 0x5E, 0xE5, 0xDA, 0xB7, 0x3C, 0xF4, 0x2A,
    0xBF, 0x4F, 0xE8, 0xD1, 0x8E, 0x0F, 0x82, 0xD0, 0x8B, 0x1B, 0xE3, 0x27, 0x5C, 0x42, 0x88, 0x79,
    0xCA, 0x2C, 0x3A, 0x4F, 0x01, 0xE3, 0x41, 0xEA, 0x25, 0x6A, 0xCA, 0x4D, 0x77, 0xA9, 0x58, 0x23,
    0x0C, 0x22, 0x29, 0x74, 0xE5, 0x51, 0x2B, 0x2A, 0xE8, 0x3F, 0x7B, 0x82, 0x4A, 0xA0, 0x25, 0x7A,
    0x82, 0xE4, 0x93, 0xC4, 0xEE, 0xAC, 0x8C, 0x6D, 0x22, 0xD7, 0x7C, 0x7C, 0x94, 0x70, 0x18, 0xBF,
    0xD9, 0xA6, 0x10, 0x7B, 0x31, 0x1F, 0x74, 0xF1, 0x56, 0x09, 0x4B, 0xE4, 0x72, 0x56, 0x8E, 0xAC,
    0x84, 0x32, 0x09, 0xA9, 0x89, 0xD4, 0x43, 0xCD, 0x89, 0xBA, 0x8A, 0x9C, 0x3F, 0x55, 0xA2, 0xA7,
    0x84, 0x63, 0xDA, 0x48, 0xA9, 0x57, 0xA4, 0x01, 0x95, 0x27, 0xAA, 0x8D, 0xAE, 0x00, 0xEA, 0x01,
    0x0F, 0x36, 0x6E, 0x27, 0xA7, 0xFA, 0x63, 0x2C, 0x95, 0x7F, 0xD4, 0xB2, 0x18, 0xC3, 0x1B, 0x4B,
    0xF6, 0x53, 0xA9, 0xCC, 0x3A, 0x27, 0x27, 0x21, 0x99, 0x38, 0x26, 0x3E, 0xC7, 0x54, 0x1B, 0x6D,
    0x19, 0xC2, 0xB0, 0xA0, 0x00, 0xA3, 0x59, 0xEC, 0xDC, 0xCE, 0xAC, 0x64, 0x12, 0x40, 0x88, 0xE7,
    0x54, 0x74, 0x0F, 0x74, 0xA7, 0x92, 0xFB, 0xA9, 0x64, 0x89, 0xBF, 0xF3, 0x70, 0xCF, 0x44, 0x7E,
    0x3F, 0xD6, 0x2F, 0x97, 0x92, 0xFD, 0x26, 0xFF, 0x9B, 0x85, 0xC4, 0x8E, 0xE1, 0xA7, 0x4C, 0xAF,
    0xE0, 0x4B, 0x7E, 0xC0, 0x0D, 0xD6, 0x5F, 0xC4, 0xEF, 0xA8, 0xEC, 0xF3, 0xBB, 0x08, 0x77, 0x02,
    0x7B, 0x79, 0xB9, 0xC2, 0x9B, 0xB0, 0x9C, 0xB4, 0xE4, 0x9B, 0xCE, 0x73, 0x1E, 0xC5, 0xBA, 0x51,
    0x0E, 0x4E, 0xE7, 0x55, 0xA5, 0xB8, 0x9C, 0x04, 0xD6, 0x2C, 0x10, 0x28, 0xE3, 0x45, 0xCA, 0x25,
    0xF5, 0xB5, 0x74, 0x1E, 0xD1, 0x7D, 0x9E, 0xCA, 0x61, 0xBD, 0x29, 0xBB, 0xCA, 0x7C, 0x9D, 0xB2,
    0x91, 0x60, 0xB5, 0x0D, 0xD5, 0xC0, 0x60, 0xA1, 0x7A, 0x10, 0x2C, 0xAD, 0x52, 0x39, 0x33, 0xA4,
    0x00, 0xC7, 0xD8, 0x70, 0x4C, 0xB9, 0xBF, 0x15, 0x16, 0x65, 0x27, 0x56, 0x19, 0x54, 0xE5, 0x91,
    0x0B, 0xAC, 0x29, 0xF5, 0x34, 0xA8, 0xA8, 0xAC, 0x0E, 0xB5, 0x87, 0x54, 0x59, 0xAA, 0xEA, 0x1D,
    0xE3, 0x17, 0x69, 0x99, 0x5E, 0xF3, 0xC1, 0xC7, 0xA9, 0x2C, 0x69, 0x88, 0x84, 0xAF, 0x67, 0x67,
    0xEE, 0x61, 0x48, 0xAA, 0xD2, 0x69, 0x03, 0x5E, 0x7B, 0x3C, 0x11, 0xF3, 0xA0, 0x3A, 0xCA, 0xEF,
    0x16, 0x53, 0x56, 0x99, 0x7D, 0x61, 0x0D, 0x81, 0x5A, 0xD0, 0xDF, 0x51, 0xB9, 0xA0, 0xDA, 0xDA,
    0x56, 0xFC, 0x4C, 0xCB, 0x85, 0xD7, 0xA2, 0xC2, 0x1B, 0x51, 0xDE, 0x68, 0xAD, 0x84, 0xBB, 0x98,
    0x66, 0xBC, 0xCA, 0x99, 0xCD, 0xF4, 0x92, 0xED, 0x25, 0xE3, 0x4B, 0xD6, 0x97, 0x0C, 0x2F, 0x55,
    0xD5, 0x92, 0x01, 0xEE, 0xA5, 0x2F, 0x33, 0x41, 0x43, 0xD0, 0x33, 0x90, 0xA6, 0x4E, 0x4D, 0x3A,
    0x55, 0x31, 0xE9, 0xB8, 0x02, 0x38, 0xDB, 0xAC, 0xD6, 0x18, 0x0C, 0x49, 0xED, 0xAB, 0xC4, 0xED,
    0xE9, 0x4E, 0x02, 0xDF, 0x7C, 0xF9, 0x57, 0x49, 0x55, 0xF3, 0xFD, 0xAB, 0x54, 0xBC, 0x8E, 0x29,
    0xBA, 0x4D, 0xF1, 0x6D, 0x0A, 0xA2, 0xA3, 0x85, 0x5E, 0x96, 0x77, 0x39, 0x0B, 0x98, 0x54, 0x20,
    0x51, 0x37, 0xAE, 0x9C, 0xF7, 0xA1, 0xE2, 0x64, 0x6A, 0xAB, 0xA9, 0xF5, 0xE0, 0x87, 0xBD, 0x14,
    0xD3, 0xAA, 0x3C, 0x4B, 0x6E, 0x89, 0x65, 0xA2, 0x9B, 0x64, 0xA8, 0x69, 0xAB, 0x4E, 0xD8, 0xA5,
    0x41, 0x92, 0x93, 0x30, 0xF6, 0x06, 0xD3, 0xEC, 0xE7, 0x25, 0x18, 0x55, 0x98, 0x04, 0x6A, 0x52,
    0xED, 0x05, 0x9C, 0x83, 0xC1, 0x17, 0x2B, 0xEC, 0xF5, 0xDE, 0x5B, 0xDA, 0xF6, 0xDE, 0x92, 0xB5,
    0x92, 0x54, 0xDD, 0x8D, 0xD7, 0x37, 0xCE, 0xA9, 0x11, 0xB5, 0x9A, 0xD4, 0xAC, 0xEF, 0xB4, 0xDF,
    0xD8, 0xDF, 0x99, 0x35, 0x57, 0x8E, 0x42, 0xB7, 0xBD, 0x2A, 0x9E, 0x11, 0x51, 0x24, 0x87, 0x07,
    0xF7, 0xCB, 0x9E, 0x21, 0xB7, 0xCC, 0xCD, 0x72, 0xAF, 0xDC, 0x2A, 0x77, 0xCA, 0x43, 0x7D, 0x2C,
    0x56, 0xAE, 0x1A, 0x6D, 0x52, 0xEB, 0x6C, 0x6A, 0x31, 0x6A, 0x83, 0xC5, 0x4E, 0xF0, 0xAC, 0xCD,
    0x78, 0x05, 0x9C, 0xA3, 0x42, 0x51, 0x97, 0xFD, 0xEB, 0xCE, 0x14, 0xB9, 0x1D, 0x59, 0x98, 0xB7,
    0xC2, 0x1B, 0x73, 0x9D, 0x17, 0x13, 0x66, 0xFD, 0x88, 0xD0, 0x56, 0x00, 0x71, 0x01, 0x59, 0xD6,
    0x62, 0xAE, 0x10, 0xCD, 0x01, 0x41, 0xD4, 0x20, 0xB3, 0x32, 0xC0, 0xF5, 0xF1, 0x35, 0xE7, 0x5D,
    0xDB, 0xF9, 0xA1, 0x1A, 0xB9, 0xFA, 0x7B, 0x7F, 0x45, 0x36, 0x59, 0x39, 0xA5, 0x93, 0x0F, 0x3B,
    0xC4, 0xD7, 0xC8, 0x2E, 0x02, 0xB7, 0xFD, 0x35, 0xEB, 0x59, 0x60, 0xC8, 0x3E, 0x89, 0xCC, 0x28,
    0x89, 0x1E, 0x5B, 0x1C, 0x01, 0x9C, 0x84, 0x2E, 0xB0, 0xB3, 0xC5, 0xED, 0x7D, 0x58, 0x41, 0x58,
    0xD8, 0xDB, 0xD8, 0x5D, 0x15, 0xFF, 0x97, 0x51, 0xCF, 0x3F, 0x11, 0xB8, 0xE7, 0x4B, 0xE3, 0x43,
    0xCA, 0x70, 0xD7, 0xCB, 0x0C, 0x4F, 0x38, 0xFE, 0x97, 0x92, 0xC6, 0x17, 0x71, 0x11, 0x96, 0xD3,
    0xF3, 0x6E, 0x81, 0x16, 0x3A, 0x94, 0x2A, 0x3F, 0xE4, 0xFC, 0xA3, 0x64, 0x0A, 0x39, 0x97, 0x72,
    0xD5, 0xC8, 0x4D, 0x37, 0x25, 0xF1, 0x5C, 0x19, 0x63, 0x64, 0x9C, 0x53, 0x33, 0x34, 0x79, 0x16,
    0x97, 0x3D, 0x91, 0x7F, 0xAD, 0x80, 0xED, 0xB7, 0xAA, 0x31, 0xF5, 0xB7, 0x74, 0x0F, 0xEE, 0x3D,
    0xA5, 0x0B, 0xAB, 0xE0, 0x85, 0x35, 0x43, 0xC2, 0xE0, 0x6B, 0xA6, 0xBC, 0x4D, 0x7B, 0x82, 0xE6,
    0xBC, 0x7B, 0xD5, 0xEE, 0xBA, 0x9B, 0x81, 0xD8, 0x80, 0x88, 0xEF, 0xA9, 0x6B, 0xD7, 0x47, 0x9B,
    0xDB, 0xCB, 0xBF, 0x4B, 0xEA, 0x76, 0xDD, 0xBE, 0x72, 0xEE, 0x41, 0xDF, 0xA1, 0xBB, 0x4A, 0x00,
    0xA1, 0x58, 0x7F, 0xCD, 0xB1, 0x66, 0x00, 0x0D, 0x46, 0xFF, 0x66, 0x2F, 0x17, 0x14, 0x20, 0x60,
    0x23, 0x78, 0x05, 0xF9, 0x22, 0xC6, 0x57, 0xAA, 0xA2, 0x80, 0x08, 0xF6, 0xC0, 0x47, 0x2A, 0x2A,
    0xC1, 0x77, 0x52, 0x14, 0x33, 0xA5, 0x7C, 0x37, 0x4C, 0x2C, 0xA9, 0x33, 0x01, 0x1C, 0x52, 0x25,
    0xAC, 0x4E, 0x4D, 0x86, 0x95, 0xCD, 0xAA, 0xD0, 0x8B, 0x84, 0x07, 0xDB, 0x1D, 0xD2, 0x76, 0xD9,
    0x3C, 0x07, 0x10, 0x22, 0x27, 0xC1, 0xD0, 0x9E, 0x3B, 0x94, 0x56, 0x8B, 0xED, 0x2F, 0xDB, 0x65,
    0x55, 0x74, 0xBD, 0xB1, 0x9A, 0x49, 0x53, 0xA5, 0x58, 0x85, 0xDB, 0x15, 0x6E, 0xDC, 0x52, 0x16,
    0x8B, 0x2C, 0x82, 0x16, 0xE9, 0x2D, 0x53, 0xDF, 0xBB, 0x67, 0xB5, 0x45, 0x30, 0xAC, 0x9B, 0x51,
    0x31, 0xBA, 0xFB, 0xDD, 0xB3, 0x3C, 0x9A, 0xE1, 0x95, 0x7B, 0x23, 0x6E, 0x7D, 0x73, 0x23, 0xCE,
    0xB9, 0x27, 0x86, 0x90, 0x56, 0xFC, 0x5F, 0x4C, 0x4F, 0x99, 0x9A, 0x6C, 0x8A, 0xD0, 0x3A, 0x96,
    0x13, 0xC9, 0xC7, 0xA6, 0x22, 0x79, 0x7C, 0xDE, 0x46, 0x28, 0x8C, 0x95, 0x11, 0x30, 0x62, 0xE2,
    0xDA, 0xEA, 0xE5, 0xF1, 0x1F, 0x44, 0x32, 0x83, 0x4D, 0x8B, 0xBB, 0xB2, 0xB8, 0x71, 0x99, 0xFA,
    0xF9, 0xBD, 0xCE, 0x51, 0x76, 0x62, 0x0C, 0x70, 0x3B, 0xBD, 0x6F, 0xCD, 0x22, 0xEB, 0xA3, 0xCF,
    0xE7, 0xA2, 0xA9, 0x49, 0xDC, 0x0A, 0x9F, 0xD3, 0xAE, 0xDF, 0xA6, 0x39, 0xD2, 0x97, 0x1E, 0xCC,
    0x47, 0x96, 0x84, 0x1C, 0xE1, 0x57, 0x74, 0xED, 0xE0, 0x1D, 0x14, 0x3B, 0xC2, 0x48, 0x87, 0x8A,
    0xC1, 0x85, 0xE2, 0xD4, 0x72, 0x63, 0xB7, 0x77, 0x2D, 0x99, 0x3D, 0x95, 0xA4, 0x56, 0xF1, 0x08,
    0x33, 0xA9, 0x59, 0x2D, 0x24, 0x76, 0xD8, 0x68, 0x68, 0x67, 0x6B, 0xC3, 0xC0, 0xB4, 0xAD, 0x57,
    0x21, 0xD7, 0x18, 0x78, 0xD2, 0xC1, 0xEB, 0x6C, 0xB9, 0xDB, 0x41, 0xC0, 0x3E, 0xE1, 0xFF, 0x85,
    0x93, 0x3E, 0xEE, 0x1D, 0xCD, 0xF1, 0x41, 0x47, 0xF3, 0x5A, 0x2E, 0x77, 0x64, 0xB2, 0xED, 0x81,
    0xA3, 0xFB, 0xBE, 0x3B, 0xB7, 0x8F, 0xFB, 0x34, 0x98, 0x76, 0x7F, 0xFF, 0xCE, 0x8A, 0x97, 0xBA,
    0x89, 0xE5, 0xE0, 0xCB, 0x39, 0x07, 0xBF, 0x70, 0xE9, 0x4D, 0xF6, 0xB5, 0x4F, 0x97, 0x59, 0x28,
    0x75, 0x2F, 0xC3, 0xDF, 0xBD, 0x6A, 0xA5, 0xD8, 0x4F, 0xC1, 0x0B, 0x35, 0x44, 0x45, 0xAC, 0xAD,
    0xB9, 0xAE, 0x90, 0xBC, 0x05, 0x65, 0x4C, 0x9E, 0x05, 0x3B, 0x3F, 0x9D, 0xD2, 0xBE, 0x4E, 0x58,
    0xF3, 0x13, 0xC5, 0xB4, 0x1F, 0x69, 0xE7, 0x61, 0xDB, 0x5F, 0xBC, 0x30, 0xE9, 0x96, 0xFB, 0x38,
    0x6A, 0x9C, 0x9C, 0xD9, 0x3A, 0x96, 0x56, 0x39, 0x6A, 0x51, 0x40, 0x3B, 0x29, 0x35, 0x9F, 0x94,
    0x95, 0x58, 0x3D, 0x66, 0xDC, 0xDF, 0x4B, 0xE2, 0x1F, 0x97, 0x53, 0x06, 0x0D, 0x3D, 0x6A, 0x14,
    0x6C, 0xA8, 0xB7, 0xAF, 0xA0, 0xB3, 0x52, 0x59, 0xC4, 0x2B, 0x4F, 0x66, 0x8C, 0x68, 0xD9, 0x38,
    0x0C, 0x9D, 0x81, 0x3E, 0x88, 0xEC, 0x2C, 0xAA, 0x78, 0x4F, 0xBA, 0x4F, 0x4A, 0x2B, 0x4E, 0x07,
    0x45, 0x0A, 0x04, 0x68, 0xFD, 0xCC, 0x54, 0x27, 0xFC, 0x2D, 0xD4, 0x28, 0xE6, 0x73, 0x6A, 0xAB,
    0x63, 0x4E, 0xE9, 0x15, 0xCE, 0x85, 0xA0, 0xD1, 0xCF, 0x3C, 0x53, 0x99, 0xA4, 0x60, 0x58, 0x8A,
    0x3A, 0xC6, 0x44, 0x4B, 0x1F, 0x3A, 0xC5, 0xC6, 0x52, 0x2C, 0x7D, 0x08, 0xB2, 0x75, 0xCE, 0xAC,
    0x09, 0x36, 0x30, 0x2C, 0x1A, 0x55, 0x15, 0x38, 0xE9, 0x43, 0xEB, 0x1D, 0x53, 0xB5, 0x7F, 0xC2,
    0x4A, 0xE4, 0x57, 0xAA, 0xB6, 0x16, 0xDF, 0x55, 0xBB, 0x7E, 0xA0, 0xDA, 0x73, 0x52, 0xED, 0xF1,
    0x4A, 0xB5, 0xDD, 0x93, 0x1D, 0xB5, 0x58, 0xD4, 0x3E, 0x5A, 0x93, 0xEF, 0x35, 0x59, 0xC0, 0xC0,
    0x39, 0x45, 0xD1, 0xF5, 0xA2, 0xD4, 0x41, 0x83, 0xD2, 0x06, 0x15, 0xBA, 0x08, 0x8C, 0x23, 0xE9,
    0x1C, 0x3D, 0x4B, 0x63, 0x75, 0x6A, 0x6D, 0xAE, 0xA9, 0xA1, 0x6D, 0x7D, 0x18, 0xA1, 0xA2, 0xFF,
    0x82, 0xA6, 0xDC, 0xBE, 0xDC, 0x1B, 0x10, 0x27, 0x8C, 0x9F, 0x10, 0x59, 0xE6, 0xA3, 0xCA, 0x98,
    0x99, 0xC4, 0x27, 0x06, 0x20, 0xEB, 0xE9, 0xD9, 0x15, 0x26, 0x13, 0x9C, 0x8D, 0x07, 0xF5, 0xD5,
    0xE8, 0x93, 0x28, 0x29, 0x2C, 0x31, 0xB5, 0x96, 0xD3, 0x33, 0xC7, 0x51, 0x9F, 0x78, 0x09, 0xAA,
    0xBE, 0x3C, 0x7A, 0x75, 0x4F, 0x3D, 0xA7, 0x37, 0xAB, 0x27, 0x9C, 0x83, 0x42, 0xC3, 0xF8, 0x77,
    0x72, 0x0E, 0x9F, 0xBD, 0xCD, 0x39, 0x2C, 0x17, 0xE7, 0x80, 0x11, 0x40, 0x43, 0xE7, 0x30, 0x98,
    0x1C, 0xA9, 0xFB, 0xD7, 0xCE, 0xA1, 0x3D, 0x3B, 0x87, 0x3E, 0xB5, 0x25, 0x0A, 0x78, 0xE6, 0x0E,
    0xCE, 0xE1, 0x9F, 0xF7, 0xF4, 0xB1, 0x51, 0x40, 0x27, 0x93, 0x4E, 0x59, 0x4C, 0x77, 0x8E, 0xD0,
    0x2B, 0xC5, 0x9A, 0xEF, 0x3A, 0x24, 0x18, 0x59, 0x7C, 0x1F, 0x62, 0x0E, 0x33, 0xB9, 0x08, 0xD4,
    0xFD, 0xF8, 0xA8, 0xFC, 0xCF, 0xDE, 0xA3, 0xB9, 0x46, 0xF0, 0x3B, 0xE8, 0x7D, 0xEF, 0x55, 0x0A,
    0x97, 0x3D, 0x71, 0x16, 0xB3, 0x65, 0x7B, 0xE1, 0x17, 0xAC, 0xFB, 0x3C, 0xF6, 0x78, 0xF0, 0xDF,
    0x0D, 0x2F, 0x8A, 0x94, 0x4D, 0x9F, 0x52, 0xAB, 0xBA, 0x52, 0x4A, 0x70, 0xCB, 0xFF, 0xC9, 0x70,
    0xB6, 0x5E, 0xFD, 0xAB, 0xDC, 0xC4, 0x7A, 0x2A, 0x53, 0xB7, 0x28, 0xB5, 0xB4, 0xEF, 0xBF, 0x8B,
    0x44, 0xD3, 0xC5, 0xF3, 0x43, 0x9D, 0x1C, 0x50, 0xA6, 0xF2, 0xC4, 0x5B, 0xC0, 0x6E, 0xDF, 0x82,
    0x9A, 0x1C, 0xE6, 0xCF, 0x0A, 0xF5, 0x74, 0x27, 0x6B, 0xA5, 0xE6, 0xD1, 0x5E, 0xDC, 0xBA, 0xA7,
    0xCE, 0x7E, 0xBE, 0x52, 0xE7, 0xE5, 0x5A, 0x9D, 0x87, 0x16, 0x12, 0xE8, 0xD9, 0x74, 0xEA, 0x5B,
    0x06, 0x47, 0x7E, 0x0F, 0x8E, 0x4E, 0x15, 0xDF, 0x70, 0x38, 0x50, 0xCC, 0x81, 0x5A, 0x8B, 0x21,
    0x4C, 0xD2, 0x7D, 0x46, 0x52, 0x1D, 0x5F, 0x73, 0x39, 0x79, 0x16, 0xF8, 0x90, 0x00, 0x62, 0x15,
    0x4E, 0x5B, 0x4F, 0xCC, 0x95, 0x27, 0x2A, 0xD5, 0x2B, 0xA6, 0x06, 0xAF, 0xED, 0x65, 0x04, 0x67,
    0x85, 0xCA, 0xC2, 0x52, 0xE1, 0x89, 0xF0, 0xA5, 0xA2, 0x17, 0x8B, 0xBA, 0xE4, 0x69, 0x1C, 0x43,
    0xAF, 0xFA, 0x47, 0xE8, 0x3D, 0x4B, 0x52, 0x01, 0x94, 0x60, 0x33, 0x01, 0xD1, 0x1A, 0xA6, 0x47,
    0x7C, 0x40, 0xAF, 0x13, 0x9E, 0xAD, 0x34, 0xC9, 0xF6, 0x17, 0x0B, 0x93, 0xC9, 0xF6, 0xB3, 0x89,
    0xB9, 0x64, 0xFB, 0xF9, 0x48, 0xBA, 0xDA, 0x17, 0xC3, 0xAA, 0x82, 0x57, 0xB7, 0xA9, 0xC2, 0xDD,
    0xD9, 0x4B, 0x13, 0x8D, 0x15, 0x4C, 0x95, 0x39, 0x78, 0x7B, 0x0F, 0x82, 0xA9, 0xE0, 0x6C, 0xA7,
    0xD1, 0x60, 0x3F, 0x20, 0xC9, 0x5F, 0x0F, 0xCA, 0xB1, 0x0A, 0x31, 0xFC, 0x7D, 0xBD, 0x23, 0x67,
    0x99, 0x95, 0x92, 0x8D, 0x56, 0x3E, 0xD4, 0xB2, 0x90, 0xF4, 0xEE, 0xCB, 0xAA, 0x68, 0x69, 0x3B,
    0xE7, 0x82, 0xF6, 0xCE, 0x61, 0xBB, 0xAA, 0x7A, 0x3F, 0x06, 0x16, 0x51, 0x7B, 0x49, 0xB6, 0xA9,
    0x15, 0x6B, 0x94, 0x04, 0x71, 0x20, 0xEC, 0x20, 0x90, 0x85, 0x84, 0x69, 0x8A, 0x4E, 0x20, 0xE8,
    0xAC, 0xCC, 0x65, 0xE5, 0x2D, 0x6C, 0x99, 0x35, 0xA9, 0x5E, 0xC1, 0xFF, 0xA7, 0x0A, 0xA1, 0x3F,
    0xD3, 0x1B, 0x85, 0x9F, 0x2B, 0x8F, 0xB5, 0x2C, 0x36, 0x5A, 0x6E, 0x21, 0xFA, 0x65, 0x92, 0x65,
    0x7A, 0x57, 0xA1, 0xB9, 0x94, 0x52, 0x2E, 0x1D, 0x3B, 0x39, 0x1F, 0x8B, 0xC4, 0xC9, 0x92, 0x73,
    0x23, 0x4F, 0xD6, 0xD6, 0xA5, 0xB1, 0x4D, 0xB0, 0x12, 0x2D, 0xC7, 0xB1, 0xFC, 0x66, 0x39, 0x2F,
    0xD0, 0x9A, 0x5E, 0x9B, 0xE2, 0x5B, 0x4A, 0x6B, 0xC6, 0xE7, 0xF6, 0x37, 0x27, 0xAB, 0xF4, 0xD6,
    0xCC, 0xA5, 0x2B, 0x75, 0xDD, 0x9B, 0xD2, 0x7B, 0x94, 0xE4, 0xFF, 0x51, 0xEA, 0x4A, 0xE4, 0x69,
    0xEC, 0x65, 0xA6, 0xD9, 0xDE, 0xB2, 0xBB, 0x7E, 0x2B, 0x2F, 0xA8, 0x21, 0xC3, 0x34, 0x5F, 0x79,
    0x8F, 0xBE, 0xDA, 0xEC, 0x3D, 0x8D, 0xFC, 0xEA, 0x28, 0xAE, 0xDE, 0x89, 0xD2, 0x54, 0xAB, 0xA5,
    0xB9, 0xA5, 0x44, 0x39, 0xE8, 0x1D, 0x3C, 0x24, 0xC8, 0xFF, 0xEF, 0x5F, 0x36, 0x2F, 0x5D, 0xA1,
    0x04, 0x77, 0xB4, 0x77, 0x99, 0xDA, 0x87, 0x84, 0xEA, 0x45, 0xBF, 0xB8, 0x1F, 0x83, 0xAA, 0xB5,
    0x32, 0xEF, 0x4A, 0x05, 0x1D, 0x67, 0xE8, 0x73, 0x8F, 0xD0, 0xD9, 0xED, 0x1B, 0xCB, 0x14, 0x7A,
    0x0E, 0x62, 0x27, 0xF5, 0x2B, 0x49, 0xE6, 0x0F, 0xF9, 0x8E, 0x66, 0x85, 0x28, 0xE0, 0x55, 0xDB,
    0x11, 0x0D, 0xED, 0x05, 0x8E, 0xF6, 0x43, 0xB6, 0x02, 0x5D, 0x35, 0xB8, 0x1B, 0xDE, 0xF4, 0x7F,
    0xD5, 0x5B, 0xBF, 0x93, 0xDE, 0xD6, 0x75, 0x7D, 0x00, 0x44, 0x62, 0x86, 0x28, 0xE0, 0x42, 0x8A,
    0x13, 0xB2, 0x80, 0x4B, 0x8F, 0x67, 0x62, 0xB4, 0xC9, 0x4C, 0x64, 0x80, 0xE1, 0x44, 0x2E, 0x5C,
    0x98, 0x45, 0x5C, 0xB9, 0x70, 0xCF, 0x66, 0x1B, 0x17, 0x29, 0x4C, 0x01, 0x96, 0x8A, 0x14, 0x6A,
    0xD6, 0xF9, 0x0B, 0x58, 0xA8, 0x49, 0x1A, 0xA5, 0x48, 0xA1, 0x82, 0x26, 0xA0, 0xA8, 0x48, 0x19,
    0x48, 0x8D, 0x8B, 0x14, 0x86, 0x65, 0xCE, 0xA8, 0x50, 0x21, 0x8C, 0x07, 0x1E, 0x63, 0x45, 0x00,
    0xCF, 0xE7, 0x9C, 0x0B, 0xEC, 0xF7, 0xED, 0x92, 0x1C, 0xC7, 0x33, 0x5E, 0x0D, 0x77, 0xC9, 0x7D,
    0xEF, 0xFB, 0xF1, 0xF0, 0xDE, 0xFD, 0xF5, 0xEE, 0x3D, 0xF7, 0xBE, 0xB7, 0x2E, 0x28, 0x5D, 0x36,
    0xBA, 0x62, 0x76, 0x95, 0xFE, 0xE3, 0x05, 0xDE, 0xE2, 0x43, 0xFB, 0xA9, 0x5A, 0xE7, 0x6B, 0xFC,
    0x0F, 0x7D, 0x1D, 0xF9, 0x3A, 0xF6, 0x75, 0xE2, 0xCB, 0xD4, 0x97, 0x99, 0x2F, 0x0B, 0xEF, 0xEC,
    0x7F, 0xB5, 0xBA, 0x66, 0x71, 0x7E, 0xC6, 0xE8, 0xA4, 0x45, 0x93, 0xD6, 0xCE, 0x05, 0x1F, 0x3C,
    0x75, 0x2E, 0xF3, 0xAB, 0x73, 0xDE, 0xFB, 0x36, 0x42, 0xD3, 0xA7, 0xFE, 0x89, 0xEF, 0xF3, 0xE5,
    0xCD, 0x37, 0x5D, 0x31, 0xFD, 0x0C, 0x13, 0x0F, 0x8F, 0x9D, 0x6B, 0x06, 0x3C, 0xE5, 0xFB, 0x09,
    0xCD, 0x6F, 0x46, 0x34, 0x9F, 0x0D, 0x68, 0x7E, 0x37, 0x94, 0xAE, 0x79, 0xF6, 0xF9, 0x19, 0xE6,
    0xF6, 0x1E, 0x93, 0x60, 0xE6, 0x18, 0xCF, 0x63, 0xF4, 0xBA, 0xCD, 0xEE, 0x52, 0x92, 0x97, 0x89,
    0xC0, 0x3B, 0xFE, 0xD4, 0xB9, 0xD0, 0xFB, 0x05, 0x9F, 0x62, 0x7C, 0xAD, 0xA7, 0x7A, 0x50, 0xF4,
    0x7D, 0x3F, 0x38, 0xFC, 0x7F, 0x52, 0x62, 0x01, 0xF7, 0x0D, 0x2E, 0xC3, 0xE1, 0xCD, 0x20, 0xAE,
    0x46, 0x67, 0xC3, 0xF7, 0x36, 0x53, 0xEB, 0x32, 0x32, 0xE1, 0x72, 0xB5, 0xC5, 0xA4, 0x91, 0x1A,
    0xEF, 0xC9, 0x57, 0xEC, 0xF5, 0xA5, 0xF7, 0xBF, 0xF8, 0x2F, 0x72, 0xE5, 0x27, 0xD7, 0xA8, 0xAD,
    0x3C, 0x49, 0xFC, 0x7B, 0xF7, 0x63, 0x52, 0xC2, 0x9F, 0xBF, 0x06, 0x41, 0xE5, 0xDB, 0xD9, 0xFA,
    0xC3, 0x8E, 0xB4, 0xB4, 0x5A, 0x21, 0xF1, 0x10, 0x46, 0xBA, 0x60, 0x8E, 0x1C, 0x64, 0x95, 0x39,
    0x28, 0xAC, 0x8B, 0x0E, 0x0D, 0x5E, 0xF9, 0x3A, 0x1B, 0x02, 0x88, 0x75, 0x49, 0x34, 0x6E, 0x31,
    0x9A, 0xF4, 0xEC, 0xDB, 0xC9, 0x9A, 0x74, 0x9A, 0x0F, 0x7A, 0xC1, 0xDA, 0x75, 0x0E, 0x3E, 0x2B,
    0xEF, 0x52, 0x4A, 0x76, 0xC6, 0x40, 0x17, 0x81, 0xC7, 0xD8, 0x97, 0x89, 0xEF, 0xF0, 0xB2, 0xCE,
    0x20, 0x80, 0xD0, 0xB7, 0x05, 0xBE, 0x0E, 0x7C, 0x2B, 0x9D, 0xF8, 0xCF, 0x3C, 0x79, 0x68, 0xFE,
    0x80, 0x11, 0x7C, 0xD6, 0x53, 0x76, 0x05, 0x55, 0xC3, 0x09, 0xC5, 0x6A, 0xAA, 0x11, 0x09, 0x17,
    0x34, 0x81, 0xA0, 0xBB, 0xF5, 0x81, 0xFF, 0x8F, 0x52, 0xDF, 0x89, 0xA7, 0x74, 0x1B, 0x2F, 0x31,
    0x15, 0xE7, 0x9D, 0x3E, 0x2D, 0x34, 0xC9, 0x26, 0x30, 0x5F, 0xBF, 0xE8, 0x9F, 0xBB, 0xF4, 0xF3,
    0xD2, 0x51, 0x27, 0xE0, 0x0F, 0x8C, 0x90, 0x56, 0x10, 0x32, 0x6A, 0x11, 0x4C, 0x5F, 0x4D, 0x19,
    0xBE, 0x6D, 0xA4, 0x42, 0x11, 0x4B, 0x93, 0x63, 0xCB, 0x87, 0xA0, 0xFD, 0x41, 0x2A, 0x94, 0x6C,
    0xC8, 0xA0, 0xEF, 0x2A, 0xDF, 0x06, 0x14, 0x7D, 0x17, 0xF8, 0x3E, 0xF2, 0x7D, 0x00, 0x3D, 0x61,
    0x4E, 0xEF, 0xF1, 0x21, 0xC6, 0x7C, 0x81, 0xC7, 0x8C, 0x97, 0x98, 0x1A, 0xA4, 0x95, 0xD6, 0x62,
    0xAF, 0x96, 0x9E, 0x6B, 0xD1, 0x80, 0xF6, 0x3F, 0x23, 0x4C, 0x96, 0x2F, 0x99, 0x17, 0x1D, 0xCB,
    0x4E, 0x93, 0xD1, 0xE7, 0x4E, 0xCE, 0x68, 0x32, 0xE5, 0x43, 0x57, 0x7C, 0x82, 0x5D, 0xF0, 0x29,
    0xB6, 0x04, 0xFA, 0xAC, 0xFC, 0xE5, 0x81, 0xCD, 0x4A, 0xC2, 0x4E, 0x6C, 0x8D, 0xA2, 0x0B, 0x31,
    0x4F, 0x80, 0x59, 0xB2, 0xD6, 0x45, 0xA0, 0x18, 0xBF, 0x69, 0x7B, 0xE7, 0xCC, 0x61, 0xC7, 0x95,
    0x8D, 0x6F, 0x1F, 0xBA, 0xEF, 0x91, 0x93, 0xC2, 0x3D, 0x8C, 0x97, 0xA4, 0xCF, 0xDC, 0xE3, 0x64,
    0x0C, 0x60, 0xE9, 0x8F, 0xD3, 0x81, 0x56, 0x3F, 0x59, 0xF7, 0xA1, 0x75, 0xF8, 0x4E, 0x1D, 0x46,
    0x9E, 0xA6, 0xE5, 0x9B, 0x20, 0x68, 0xC8, 0x5C, 0x01, 0x36, 0xDA, 0x02, 0x93, 0x61, 0xCE, 0x87,
    0x98, 0x1A, 0x8B, 0x4D, 0x2E, 0xC2, 0xC0, 0x18, 0xCF, 0x40, 0x53, 0x39, 0x3E, 0x29, 0x9E, 0xFE,
    0x95, 0x17, 0x8F, 0xE4, 0x03, 0x2C, 0xAC, 0x24, 0xF0, 0x0D, 0x70, 0x84, 0xFD, 0x39, 0x86, 0xEF,
    0x4E, 0xEE, 0x9B, 0x53, 0xE6, 0xA7, 0xEA, 0xF3, 0xD1, 0xC7, 0x83, 0xFF, 0x60, 0x68, 0xFC, 0x90,
    0xFF, 0xAA, 0xC7, 0xF0, 0x77, 0x21, 0xB7, 0xCC, 0x63, 0xF3, 0x43, 0xDB, 0xB4, 0x41, 0x3F, 0x34,
    0x98, 0xDB, 0x7F, 0x84, 0x5D, 0x95, 0x7A, 0x4A, 0xAC, 0x90, 0x94, 0x9A, 0x91, 0xC6, 0x50, 0x4C,
    0xDC, 0x42, 0xC5, 0x9C, 0x61, 0xD1, 0x6C, 0x4D, 0xB5, 0xCB, 0x38, 0xC6, 0xA6, 0xB1, 0xA7, 0x02,
    0xDF, 0x99, 0x22, 0x4D, 0x67, 0xD3, 0xA5, 0x86, 0x26, 0xF7, 0xFF, 0x6C, 0x6E, 0xBE, 0xEF, 0xCC,
    0x18, 0x6B, 0xFC, 0x96, 0x34, 0xF0, 0xC6, 0xFB, 0x3F, 0x47, 0x07, 0x1F, 0xC3, 0x8C, 0xA1, 0x83,
    0x7B, 0xD0, 0x2A, 0x74, 0x10, 0x99, 0x0E, 0xA2, 0x31, 0x81, 0x48, 0x1F, 0xB3, 0x83, 0x0E, 0xF8,
    0x21, 0x74, 0x10, 0x71, 0x3B, 0xD7, 0x1F, 0x46, 0xDC, 0xA3, 0x35, 0xBE, 0x5B, 0xAD, 0x6B, 0x4A,
    0xEA, 0x60, 0x2C, 0x5A, 0xE8, 0x20, 0x1A, 0xD3, 0x1E, 0x3A, 0xB8, 0x37, 0xC6, 0xE3, 0x9F, 0xA3,
    0x83, 0x5C, 0x3B, 0x7E, 0xC5, 0x2F, 0x68, 0x6B, 0x4E, 0xF1, 0xE5, 0x04, 0xA1, 0x2D, 0x2E, 0xEF,
    0x1A, 0x57, 0x94, 0xF8, 0x67, 0x6D, 0xC9, 0xF7, 0xFC, 0x9C, 0xDF, 0x73, 0x1C, 0x34, 0x51, 0x5E,
    0x6E, 0xB8, 0x3D, 0xE7, 0x4B, 0x0D, 0xE4, 0x7D, 0x71, 0xDC, 0x85, 0x9F, 0x17, 0x3E, 0x91, 0x9D,
    0x71, 0x5F, 0x94, 0xE4, 0x39, 0x18, 0x8A, 0x76, 0xA3, 0x1D, 0xBB, 0x82, 0xDB, 0x06, 0x54, 0xE6,
    0x23, 0x7D, 0x8C, 0x3C, 0xC3, 0x4E, 0x79, 0xA5, 0xBD, 0xDA, 0x3B, 0x09, 0xE8, 0x99, 0x77, 0x41,
    0xDD, 0x38, 0x8D, 0x97, 0x3D, 0x8C, 0xE6, 0x2A, 0xC2, 0x45, 0x1A, 0xB8, 0xF3, 0x8F, 0x0B, 0x9E,
    0xC1, 0x32, 0x30, 0x83, 0x90, 0x9B, 0xED, 0x86, 0x66, 0xF7, 0x2D, 0xDE, 0x24, 0xAB, 0x83, 0x5F,
    0xE4, 0x13, 0xF0, 0xD7, 0x70, 0xC1, 0xB0, 0x17, 0xB6, 0xF0, 0x97, 0x03, 0x97, 0xF4, 0x7D, 0xC8,
    0xB6, 0x8B, 0xB4, 0xC9, 0xB1, 0x53, 0xD5, 0x96, 0xF8, 0x30, 0xA6, 0x43, 0x44, 0x8C, 0x42, 0x5B,
    0x82, 0x30, 0x38, 0x46, 0xD8, 0x20, 0xAC, 0xB6, 0x58, 0xD0, 0x7E, 0x42, 0x17, 0x4C, 0xCF, 0xDD,
    0xA1, 0xFD, 0xD2, 0xB7, 0xF0, 0x18, 0xA9, 0x6F, 0x73, 0x3F, 0x05, 0x30, 0x1D, 0xA9, 0xE2, 0xB8,
    0x35, 0xCF, 0x6F, 0xF1, 0x62, 0xB3, 0xD4, 0x84, 0x62, 0x81, 0x81, 0xCD, 0xA1, 0x1F, 0x73, 0xAC,
    0x35, 0xE4, 0xF0, 0x30, 0x43, 0x51, 0xE7, 0xBE, 0x87, 0x6E, 0xE0, 0x74, 0xC0, 0x50, 0xAB, 0xE6,
    0x09, 0x9B, 0x95, 0x0E, 0x85, 0xDE, 0xFC, 0xEE, 0x0C, 0x7A, 0x02, 0xB0, 0xDE, 0x84, 0xD4, 0x1A,
    0xCD, 0x61, 0x65, 0xB3, 0xD0, 0x28, 0xE6, 0x64, 0x70, 0xC1, 0x9C, 0xF4, 0x2E, 0x9C, 0x53, 0xF8,
    0xF0, 0x89, 0xCD, 0x08, 0xEB, 0x8C, 0x31, 0x3B, 0x9B, 0xDA, 0x25, 0x98, 0xDD, 0xD1, 0xAA, 0x5C,
    0x8A, 0x25, 0x60, 0xB9, 0x0D, 0x1B, 0x1A, 0x13, 0x66, 0xE7, 0xB7, 0x53, 0x35, 0x37, 0x73, 0x35,
    0x17, 0x13, 0x66, 0xF9, 0x96, 0x73, 0x83, 0x8B, 0x9E, 0x92, 0x75, 0x2A, 0x2C, 0xC7, 0xA6, 0x28,
    0x73, 0xAC, 0x5A, 0x05, 0x6B, 0xB1, 0x70, 0x5C, 0x34, 0x47, 0x53, 0x34, 0xC6, 0x03, 0xEC, 0x7A,
    0x48, 0xFB, 0xAC, 0xC3, 0x52, 0x0F, 0x4A, 0xF0, 0x92, 0x42, 0xEF, 0x9F, 0x2E, 0xC5, 0xCF, 0x97,
    0xAA, 0x5C, 0xAA, 0xBB, 0x4B, 0xF5, 0x2E, 0xCC, 0x60, 0xCC, 0x20, 0x6A, 0x98, 0x67, 0x33, 0xD0,
    0xB9, 0xDB, 0xB6, 0xCE, 0x67, 0x6A, 0x3C, 0x5D, 0x21, 0x64, 0x08, 0x84, 0x6E, 0x32, 0xF2, 0xEF,
    0x40, 0x1D, 0x90, 0x3E, 0xD4, 0x14, 0x6A, 0x5B, 0xEF, 0xFE, 0x22, 0x3D, 0xF6, 0x17, 0x23, 0x06,
    0xFE, 0xF7, 0xB1, 0xBF, 0x60, 0xF0, 0x20, 0x53, 0xB4, 0x23, 0xBC, 0xEA, 0x1D, 0xC3, 0x56, 0xD3,
    0xE2, 0x2B, 0x7D, 0x00, 0x30, 0x12, 0xE1, 0xC9, 0x70, 0x76, 0x09, 0x96, 0x8D, 0x26, 0x97, 0x0D,
    0xEA, 0x10, 0x36, 0x5D, 0x3C, 0x12, 0x96, 0xB8, 0x64, 0xE0, 0x76, 0x76, 0xE9, 0x10, 0xCF, 0xEE,
    0xC6, 0xFD, 0xB4, 0x87, 0x3F, 0xC8, 0x87, 0xB4, 0x43, 0x88, 0x6D, 0x86, 0x1B, 0x65, 0x05, 0x53,
    0xEA, 0x69, 0xEE, 0x09, 0xBA, 0x08, 0x16, 0xFA, 0xEB, 0x8E, 0x53, 0x79, 0x88, 0x25, 0x1D, 0xA3,
    0x19, 0x26, 0x5D, 0xF4, 0xF2, 0x0B, 0x0D, 0x63, 0xF4, 0x88, 0x35, 0xD1, 0x0D, 0x5C, 0xD3, 0x35,
    0x5A, 0x13, 0x96, 0x7B, 0xEB, 0x11, 0xBA, 0x7F, 0x77, 0xEE, 0x6F, 0xE0, 0x67, 0x1E, 0x89, 0x2C,
    0x4C, 0x4E, 0x3A, 0x2B, 0xD1, 0x49, 0x2A, 0x40, 0x27, 0xA9, 0x00, 0x9D, 0x31, 0xE9, 0x9C, 0xC9,
    0x90, 0xE8, 0xEC, 0x45, 0x27, 0x18, 0x02, 0x9D, 0xDA, 0x74, 0xE9, 0x00, 0x2A, 0x1E, 0x94, 0x69,
    0x9F, 0xCC, 0x89, 0x1F, 0xD3, 0x2E, 0x1B, 0x10, 0x80, 0x6F, 0x01, 0x07, 0xE4, 0xF7, 0x68, 0x1C,
    0x6D, 0x10, 0xCE, 0x5A, 0x22, 0x32, 0xCE, 0xE1, 0xE3, 0xE9, 0xE0, 0x30, 0x0F, 0xD6, 0x0C, 0xB8,
    0x12, 0x08, 0xB7, 0x35, 0x1B, 0x4A, 0x9A, 0x71, 0x88, 0x9C, 0x47, 0x44, 0x57, 0x23, 0xFD, 0x49,
    0xE7, 0x2A, 0xE0, 0xAE, 0xDB, 0xA7, 0xF8, 0x88, 0xBB, 0xB2, 0xA3, 0xC5, 0x6A, 0x7C, 0xD0, 0x35,
    0xA5, 0x44, 0x05, 0xCE, 0x48, 0x25, 0x82, 0x9A, 0xC8, 0xA4, 0xAD, 0x73, 0xA7, 0x09, 0xFF, 0x11,
    0xE4, 0x84, 0xEB, 0xE6, 0x1E, 0xD6, 0x88, 0xEA, 0xC9, 0xDF, 0x59, 0x21, 0x88, 0x1F, 0x71, 0xA3,
    0x66, 0x94, 0x35, 0x82, 0x44, 0xD1, 0x41, 0xF3, 0xC1, 0x93, 0x12, 0x58, 0x84, 0x23, 0xF0, 0xA1,
    0x70, 0x59, 0xB4, 0x44, 0xEB, 0x22, 0x97, 0x9C, 0xFE, 0x4E, 0x0B, 0x0C, 0xC5, 0xC7, 0xB3, 0x00,
    0xA4, 0x50, 0x19, 0x66, 0x55, 0x64, 0xC6, 0xAC, 0x8A, 0xBB, 0x14, 0x6F, 0xC2, 0xA8, 0xCD, 0x70,
    0x36, 0x88, 0x66, 0x77, 0x4B, 0xF8, 0xE9, 0x75, 0xE7, 0xCC, 0x59, 0x45, 0x84, 0x21, 0x31, 0x23,
    0xAD, 0x1A, 0xBD, 0x35, 0x2F, 0xF6, 0xFA, 0xEE, 0xB7, 0x6E, 0xFC, 0x33, 0x23, 0xF0, 0xBA, 0x61,
    0x90, 0x90, 0x3E, 0x31, 0x97, 0x3B, 0xC1, 0x8A, 0xF4, 0x92, 0xA0, 0x1B, 0x4F, 0x56, 0xD2, 0xE8,
    0xE4, 0x5E, 0x63, 0x93, 0x9D, 0x36, 0xEB, 0x5D, 0xEC, 0x16, 0x06, 0x19, 0x42, 0x80, 0x3E, 0x16,
    0x5D, 0x27, 0x9E, 0x8A, 0xDE, 0x71, 0x6F, 0xDA, 0x59, 0x37, 0x5A, 0x67, 0xF8, 0x26, 0x5C, 0x6D,
    0xD1, 0x07, 0xEE, 0xF9, 0x9F, 0x44, 0x08, 0x11, 0x6B, 0x76, 0xE6, 0x4E, 0x7B, 0x8B, 0x3C, 0x86,
    0x57, 0xE4, 0x3D, 0x0C, 0xA4, 0x48, 0x65, 0x1A, 0x2F, 0x08, 0x9A, 0x79, 0x81, 0xA6, 0x62, 0xE1,
    0x0E, 0x85, 0x21, 0x09, 0x79, 0x62, 0xD7, 0x89, 0x99, 0x81, 0x1D, 0xB8, 0x4E, 0x85, 0x3B, 0x6A,
    0xEE, 0xBA, 0x4C, 0x5E, 0x4D, 0xEE, 0x9A, 0xC1, 0xD6, 0x3A, 0xAF, 0x2E, 0x54, 0x57, 0x52, 0x54,
    0x31, 0x21, 0x7A, 0x6D, 0x70, 0x50, 0x33, 0xD0, 0x5E, 0x23, 0xA3, 0x70, 0x97, 0x5D, 0x63, 0x2C,
    0x99, 0xAE, 0x13, 0xE3, 0x2C, 0x37, 0x76, 0x1F, 0x94, 0xD7, 0x98, 0xBF, 0x4D, 0x81, 0xB9, 0x39,
    0x6C, 0x83, 0xB7, 0xF1, 0xEA, 0xCD, 0xAD, 0xCB, 0xC2, 0x1F, 0x94, 0xB7, 0x4E, 0xAF, 0x2D, 0x7F,
    0xF1, 0x59, 0xD8, 0x1B, 0x0E, 0x1F, 0x0C, 0x38, 0x91, 0xDE, 0x25, 0x78, 0x72, 0x7D, 0x35, 0x96,
    0xD4, 0xDF, 0x93, 0xC2, 0x7A, 0xA1, 0xEE, 0x62, 0xD0, 0x87, 0x85, 0xBD, 0xDB, 0xBE, 0xBB, 0xA6,
    0xA6, 0xD8, 0xC8, 0x14, 0x23, 0xA3, 0x2C, 0x35, 0xAC, 0x97, 0x7E, 0x2A, 0x8B, 0xCC, 0x6A, 0xCB,
    0xBB, 0x3E, 0xB2, 0xEE, 0xD9, 0x64, 0x8C, 0x0D, 0x47, 0x8C, 0xE5, 0x17, 0xF8, 0x6B, 0xF4, 0x5D,
    0x70, 0x89, 0xB1, 0xC6, 0xD2, 0x58, 0xE1, 0x95, 0xFC, 0x05, 0x8C, 0x05, 0x3B, 0x63, 0x1D, 0x19,
    0x4B, 0xC0, 0xD8, 0x72, 0x99, 0xB1, 0xEA, 0x05, 0x8C, 0x45, 0x7F, 0xCA, 0x87, 0x08, 0x44, 0xD9,
    0x4B, 0xBA, 0xD0, 0x2D, 0xBD, 0x93, 0x8C, 0x4A, 0x73, 0x2B, 0x36, 0xEB, 0x96, 0x54, 0x6E, 0x2F,
    0x33, 0xDB, 0x8D, 0xA6, 0xAE, 0xFD, 0x65, 0x60, 0xB8, 0xDC, 0x24, 0x65, 0x32, 0xD2, 0x02, 0x8D,
    0xDF, 0x30, 0x57, 0xB1, 0x9C, 0xBF, 0xF4, 0x93, 0x52, 0x7B, 0x0D, 0x1D, 0xBC, 0xD9, 0x3E, 0x16,
    0xE8, 0x76, 0x62, 0x72, 0xFF, 0xF3, 0x8D, 0x2A, 0xD0, 0x12, 0x6E, 0x2F, 0x83, 0x03, 0xAD, 0xF1,
    0x81, 0xD6, 0xEC, 0x9C, 0x56, 0x13, 0x84, 0x8D, 0x01, 0x55, 0x89, 0x8D, 0x61, 0x56, 0x9D, 0xDA,
    0x98, 0x94, 0x18, 0xD7, 0x98, 0x00, 0x94, 0xB2, 0x27, 0xAD, 0xF0, 0xF0, 0x48, 0x9C, 0xAE, 0x36,
    0x5B, 0x2B, 0x51, 0x02, 0x9E, 0x2E, 0x6F, 0xF9, 0x89, 0x4A, 0xAF, 0x7A, 0x0A, 0xF0, 0xDB, 0x2E,
    0xF3, 0x87, 0x1C, 0xD9, 0xDA, 0x4A, 0x1C, 0x4B, 0x79, 0x17, 0xF0, 0xE5, 0x71, 0x6B, 0xDF, 0x02,
    0x5A, 0x04, 0xA7, 0x84, 0x1B, 0xC0, 0xDB, 0x39, 0x93, 0xDA, 0x92, 0x94, 0xAC, 0x14, 0x15, 0x65,
    0xD5, 0x88, 0x9D, 0x9B, 0xFE, 0x29, 0xC7, 0xEA, 0xB1, 0xE8, 0xCC, 0xED, 0xB9, 0xAB, 0x52, 0x1C,
    0x67, 0xA8, 0x1D, 0x0F, 0xAB, 0x62, 0x62, 0xA2, 0x36, 0x1F, 0x99, 0x98, 0xB5, 0xE9, 0xA3, 0x78,
    0x31, 0x51, 0xE9, 0xEB, 0xEF, 0x94, 0xCF, 0x27, 0x07, 0x8B, 0xA5, 0x08, 0x5B, 0xAD, 0xA3, 0x39,
    0x6F, 0xA7, 0x9D, 0xE8, 0x5E, 0xCF, 0x77, 0x52, 0x7E, 0x6B, 0xCA, 0x94, 0x18, 0x15, 0xF3, 0xF7,
    0x4C, 0xDB, 0x9B, 0x3D, 0xEC, 0x45, 0x05, 0xAB, 0x29, 0xA4, 0x5A, 0x3B, 0x5B, 0x8E, 0x2A, 0x2F,
    0xE7, 0x0B, 0x2E, 0x2F, 0x58, 0x50, 0x71, 0xDF, 0x08, 0x2B, 0xB5, 0x68, 0x7D, 0x5E, 0x9B, 0x31,
    0xFE, 0x6E, 0xBF, 0xF2, 0xF4, 0x9B, 0x02, 0xB2, 0xF1, 0xBC, 0x8E, 0x11, 0xC9, 0x18, 0xF3, 0x89,
    0xD0, 0xF6, 0x41, 0x7D, 0xF3, 0xF4, 0xD5, 0xA6, 0x3F, 0xE9, 0x72, 0x3E, 0x31, 0x30, 0x9C, 0xE6,
    0x23, 0xF1, 0x6D, 0x36, 0x08, 0xE5, 0xEA, 0xF3, 0x57, 0x99, 0xF2, 0xFB, 0x5C, 0x6B, 0x36, 0xD4,
    0xBA, 0x9B, 0x8E, 0x40, 0xC1, 0x45, 0x91, 0xE7, 0x74, 0x33, 0x05, 0x1D, 0x4C, 0xC1, 0x8D, 0xAD,
    0x26, 0x20, 0xA1, 0xA2, 0x53, 0x64, 0x46, 0xD6, 0xD4, 0x5B, 0xC3, 0x6C, 0xCB, 0x25, 0x7E, 0xAF,
    0x97, 0x89, 0x3E, 0x35, 0xA2, 0x4E, 0xC4, 0x69, 0xEF, 0x2B, 0x06, 0x55, 0xD3, 0x73, 0x4B, 0x54,
    0xFE, 0x08, 0xBE, 0xA4, 0x02, 0xE4, 0x94, 0x8E, 0xC0, 0x2F, 0xA7, 0xB9, 0xF9, 0xE8, 0xD5, 0xA0,
    0xEF, 0xBE, 0x90, 0xBE, 0x1C, 0x68, 0xC9, 0xA8, 0x81, 0x40, 0xB1, 0x22, 0x4D, 0xB9, 0xFD, 0x7E,
    0xF0, 0xFE, 0x2B, 0x40, 0x5F, 0x30, 0xC6, 0x48, 0x9E, 0x91, 0xA9, 0xC0, 0xA1, 0x01, 0xCC, 0x46,
    0x0B, 0x5E, 0x05, 0x63, 0xD2, 0xBD, 0x02, 0xA4, 0xC1, 0x6F, 0x9F, 0x6E, 0x71, 0xC7, 0xAA, 0x3D,
    0x5C, 0xD3, 0x76, 0x06, 0x9E, 0xBC, 0xC1, 0x28, 0x02, 0x98, 0xA2, 0x12, 0xDA, 0xC0, 0x82, 0x05,
    0x3B, 0x12, 0xE2, 0xD5, 0xB1, 0x08, 0x7A, 0xE8, 0x30, 0xE3, 0x64, 0xDD, 0x18, 0xFB, 0x96, 0xE1,
    0x31, 0x56, 0x75, 0x1E, 0x8B, 0x94, 0xB1, 0x42, 0x94, 0xE8, 0x2D, 0x56, 0x51, 0x6C, 0x65, 0xE2,
    0x18, 0xF1, 0x22, 0x5D, 0x83, 0x06, 0x54, 0x6D, 0xB1, 0x2F, 0xB7, 0x3D, 0x51, 0x58, 0x4C, 0x44,
    0xB7, 0x69, 0x30, 0x7B, 0xAA, 0x2A, 0x7E, 0x63, 0x12, 0x35, 0x7A, 0xA3, 0xF1, 0xE6, 0xF4, 0x7C,
    0xCD, 0xA8, 0x64, 0xBD, 0xBC, 0xC0, 0xB0, 0x9C, 0xDB, 0xBB, 0xA5, 0x04, 0x38, 0x3F, 0xAB, 0x36,
    0x5B, 0xC1, 0xC6, 0x33, 0x11, 0x77, 0x8C, 0x55, 0x2C, 0xC1, 0x7E, 0x39, 0xA9, 0x72, 0xF3, 0xBF,
    0xB3, 0x4A, 0x37, 0xEF, 0x2D, 0xAA, 0xDA, 0xFC, 0xEB, 0x1A, 0xB2, 0xBB, 0xE7, 0x75, 0xBC, 0x10,
    0xE2, 0x05, 0xD2, 0xF5, 0xC0, 0xBF, 0x2B, 0x94, 0xE2, 0xFF, 0xC7, 0x73, 0x97, 0x37, 0xFF, 0xA7,
    0xAE, 0xFA, 0x72, 0xB5, 0x15, 0x17, 0xAE, 0xC8, 0xDA, 0x11, 0x56, 0x24, 0xAA, 0xC0, 0x8A, 0x29,
    0x5D, 0x0C, 0x63, 0xF6, 0xC4, 0x15, 0xC9, 0xAD, 0x04, 0x28, 0xD4, 0x64, 0xE8, 0x21, 0x32, 0xC8,
    0x11, 0xAD, 0x1B, 0x2C, 0xD8, 0xA2, 0x7F, 0xEB, 0x5E, 0xF6, 0x73, 0x47, 0x71, 0x75, 0x93, 0x40,
    0x6A, 0x1A, 0xDB, 0x6A, 0x93, 0x7E, 0xFD, 0x27, 0x10, 0x11, 0x49, 0xCF, 0xC4, 0x55, 0x4E, 0x47,
    0x22, 0x82, 0x58, 0x2C, 0x0A, 0x50, 0x55, 0x06, 0x28, 0x69, 0x0F, 0xE8, 0x9A, 0xD1, 0xBA, 0x41,
    0x36, 0x45, 0xAA, 0xA0, 0x27, 0x76, 0xD0, 0x13, 0x03, 0x39, 0x14, 0xD4, 0x50, 0x17, 0x0B, 0x23,
    0xBE, 0x6B, 0xC8, 0x1C, 0x51, 0x29, 0x98, 0x7B, 0x7A, 0xE2, 0x3B, 0x03, 0x25, 0xA5, 0x60, 0xD5,
    0x7C, 0x80, 0xFD, 0x37, 0xFD, 0xD9, 0x0E, 0x89, 0x0D, 0xD4, 0x14, 0x66, 0xE8, 0xB6, 0x53, 0x63,
    0x7F, 0x14, 0x64, 0xAE, 0x37, 0x7F, 0xA1, 0xF1, 0x60, 0x8E, 0x1E, 0xB6, 0x55, 0x8A, 0xBD, 0x9C,
    0x63, 0xF2, 0x29, 0x19, 0xAF, 0x3D, 0x7F, 0xBF, 0x74, 0xFF, 0x22, 0x8E, 0x3E, 0x99, 0x0D, 0x5B,
    0xAB, 0x7C, 0xF2, 0x91, 0x6C, 0xB7, 0x70, 0xDF, 0xAD, 0xAF, 0x2D, 0x63, 0x61, 0xAF, 0xC3, 0xBA,
    0x64, 0x62, 0x25, 0xCC, 0xA5, 0xB3, 0x42, 0x5A, 0x32, 0xEB, 0x5D, 0x38, 0xA4, 0xF5, 0x35, 0x57,
    0x5C, 0xE9, 0xBE, 0xE1, 0xA2, 0x8E, 0x27, 0x2D, 0x63, 0xC0, 0x0A, 0x73, 0xCC, 0xF3, 0xA6, 0x9F,
    0xA8, 0x2A, 0x37, 0x6F, 0xA9, 0x28, 0x9D, 0xA3, 0xE3, 0x99, 0x1C, 0x1E, 0xED, 0xC8, 0x91, 0xAA,
    0x74, 0x8B, 0x55, 0x46, 0xB3, 0x99, 0x2E, 0x6F, 0x70, 0xAB, 0x0B, 0x5A, 0xF7, 0x77, 0x97, 0x64,
    0x80, 0x35, 0x82, 0x4E, 0x2B, 0x7E, 0x3E, 0x08, 0x06, 0x1D, 0x1C, 0x77, 0xE1, 0x7F, 0xC1, 0x63,
    0x2F, 0x1D, 0x10, 0xA8, 0xC2, 0x59, 0xF8, 0x2E, 0x66, 0xA8, 0xE0, 0x19, 0x0E, 0x32, 0x00, 0x96,
    0x72, 0x5D, 0xD6, 0x23, 0xF7, 0x03, 0x57, 0xE0, 0x39, 0x9F, 0x03, 0x78, 0xD2, 0xBE, 0x98, 0x93,
    0x29, 0x60, 0x97, 0x77, 0xA1, 0xEF, 0x8A, 0xB9, 0x29, 0x15, 0x51, 0x78, 0x94, 0xD0, 0xE6, 0x8C,
    0x0E, 0xBE, 0x64, 0xCE, 0x99, 0x7B, 0x65, 0x3C, 0x0D, 0x53, 0xA1, 0xDF, 0xDF, 0xC1, 0xE7, 0x89,
    0x2D, 0xBE, 0xE5, 0x8B, 0x4F, 0x72, 0x65, 0x1E, 0xDF, 0x0E, 0x1A, 0xF3, 0xA3, 0x91, 0xF9, 0x9C,
    0x6D, 0x17, 0x26, 0x5B, 0xA5, 0x6C, 0x3B, 0x7E, 0x69, 0x5E, 0xAA, 0x62, 0x85, 0xB5, 0x9A, 0xE0,
    0x4F, 0xD5, 0x7B, 0xE5, 0x9B, 0x0C, 0xBE, 0x89, 0x57, 0x0C, 0xD6, 0xB9, 0xA6, 0x8E, 0x16, 0x14,
    0xD6, 0x16, 0x79, 0xB3, 0x6C, 0x56, 0x58, 0xCB, 0x15, 0xCF, 0x18, 0x73, 0x95, 0xC6, 0x4E, 0xEA,
    0x18, 0x3B, 0x17, 0xC5, 0x4E, 0x06, 0x64, 0x74, 0x85, 0x0E, 0x96, 0xAD, 0xEB, 0x38, 0x8A, 0xD3,
    0x16, 0xB3, 0xE6, 0xE3, 0xA3, 0x0A, 0x80, 0x77, 0xAB, 0x2D, 0x79, 0x9B, 0x0D, 0x5E, 0x0E, 0x96,
    0xBA, 0xD6, 0xE7, 0x36, 0x28, 0xB7, 0x63, 0x81, 0xA2, 0x69, 0x8D, 0xB3, 0xFA, 0xB8, 0x60, 0xD6,
    0x5F, 0x7F, 0xFE, 0x62, 0xE3, 0xC1, 0xF0, 0x73, 0x60, 0xA9, 0x6D, 0xB2, 0x0A, 0x14, 0x57, 0x43,
    0x3A, 0x5C, 0x77, 0xFE, 0xE2, 0x4E, 0xFA, 0x4B, 0xAD, 0xF6, 0x97, 0x8D, 0x4D, 0x77, 0x78, 0x17,
    0x77, 0x79, 0x79, 0xFD, 0xED, 0xD3, 0x58, 0x88, 0xB7, 0x18, 0x69, 0x9D, 0x55, 0x15, 0xB6, 0xEA,
    0x6E, 0xF8, 0xFE, 0x73, 0xEC, 0x1D, 0x5F, 0x26, 0x58, 0x5F, 0x7A, 0x99, 0x20, 0x97, 0xEB, 0x6B,
    0x2B, 0x5D, 0x26, 0xE8, 0xEC, 0x32, 0xC1, 0x6F, 0xED, 0x32, 0xC1, 0x33, 0x2B, 0xD3, 0xED, 0x97,
    0x09, 0x2C, 0x11, 0xB3, 0xE4, 0xD6, 0x2E, 0x13, 0xEC, 0x65, 0xBA, 0x0D, 0x86, 0x24, 0xDB, 0x2D,
    0x82, 0xE3, 0xCB, 0x04, 0x7B, 0x40, 0xCF, 0x97, 0x23, 0x0B, 0xBC, 0x78, 0x99, 0x60, 0x2F, 0x9B,
    0x4C, 0xE7, 0x97, 0x36, 0xF6, 0xB2, 0x89, 0x27, 0xFF, 0xE6, 0x0F, 0xD9, 0xF6, 0x2A, 0xF3, 0x0C,
    0x2A, 0x3C, 0x8D, 0x3A, 0x16, 0x24, 0x42, 0x06, 0x1C, 0xA7, 0x3C, 0xAB, 0x89, 0x54, 0xF8, 0x31,
    0x21, 0x0C, 0x1E, 0x54, 0xCB, 0xE9, 0xAD, 0x84, 0x65, 0x75, 0x9D, 0x4C, 0xD5, 0x14, 0x38, 0xB6,
    0xB3, 0x17, 0x2E, 0x78, 0x74, 0x0E, 0xB8, 0xC9, 0xDD, 0x42, 0x53, 0x7C, 0xEE, 0x94, 0x79, 0x22,
    0x74, 0x17, 0x2D, 0x1E, 0x00, 0x14, 0xE5, 0xDB, 0xC3, 0x61, 0xE5, 0x37, 0x3D, 0xDC, 0xED, 0x47,
    0x9E, 0x00, 0xFD, 0x1D, 0x55, 0x6E, 0xEE, 0x79, 0x02, 0x5D, 0x9E, 0xAA, 0xEA, 0xBA, 0x07, 0x7D,
    0x36, 0xDC, 0xB2, 0x74, 0xD0, 0xEB, 0x74, 0xA7, 0xCF, 0x64, 0x1B, 0xF9, 0xAC, 0x9B, 0x1C, 0xD3,
    0x6B, 0x19, 0xDA, 0x11, 0xCB, 0x60, 0xFA, 0x8C, 0x79, 0xED, 0x90, 0x0A, 0x56, 0x9B, 0x10, 0x49,
    0x62, 0x38, 0x2B, 0x6D, 0xB6, 0x7B, 0x15, 0x3B, 0xA6, 0x3D, 0x14, 0xB9, 0xDF, 0xB8, 0x4F, 0x35,
    0x58, 0xC9, 0x8F, 0x51, 0x82, 0x62, 0x7A, 0xE6, 0x87, 0xA0, 0x21, 0xB1, 0xAF, 0xD9, 0x69, 0x27,
    0x9A, 0xE0, 0x03, 0x08, 0xA1, 0x52, 0x32, 0xB1, 0x22, 0x68, 0xAC, 0x3C, 0xF4, 0x23, 0x6E, 0xAF,
    0x30, 0xBC, 0x6B, 0x96, 0x4C, 0x99, 0x86, 0x72, 0x10, 0x9E, 0x9C, 0x7E, 0xC5, 0x2B, 0x41, 0xFF,
    0x66, 0xB5, 0x17, 0xED, 0x2C, 0xBA, 0x91, 0x4A, 0x79, 0x54, 0xBB, 0xE7, 0xAC, 0x5F, 0x17, 0x05,
    0xC1, 0xB4, 0xBB, 0xE4, 0x82, 0x47, 0x5D, 0xFE, 0xCB, 0x1E, 0xEF, 0x2E, 0x66, 0xA5, 0x57, 0x4C,
    0x41, 0x53, 0x3F, 0x64, 0x90, 0x5E, 0x0C, 0xBD, 0x65, 0xF5, 0xC9, 0xE9, 0xD7, 0xB2, 0xAE, 0x72,
    0xDB, 0x98, 0xF9, 0x6E, 0xB2, 0xE4, 0x83, 0xBD, 0xBA, 0x94, 0xEF, 0x5E, 0x35, 0xE7, 0x0A, 0xFC,
    0x84, 0x5E, 0x8E, 0xA1, 0x23, 0x98, 0x0B, 0x50, 0x35, 0x65, 0xED, 0xD6, 0xCC, 0xBA, 0x2E, 0xE0,
    0xF7, 0x21, 0x1A, 0x7C, 0xC5, 0x04, 0x61, 0xFA, 0x37, 0x4A, 0xAE, 0xB0, 0x68, 0x11, 0xEC, 0x6A,
    0x25, 0xE0, 0x2A, 0x4E, 0xB3, 0x3C, 0xFB, 0x95, 0xC7, 0x7C, 0xA3, 0x3B, 0x01, 0xD8, 0x29, 0xE5,
    0x72, 0xB0, 0xDB, 0x74, 0xC0, 0x97, 0x8F, 0x84, 0x2F, 0x37, 0x35, 0x70, 0x0E, 0xAC, 0x26, 0x3C,
    0x27, 0x5B, 0x0F, 0x1F, 0x55, 0xF5, 0xE6, 0x12, 0xCC, 0x01, 0x82, 0x8A, 0x11, 0xF8, 0xAF, 0x99,
    0x7E, 0xE2, 0xD7, 0xB7, 0xD6, 0xB2, 0xB2, 0x71, 0x25, 0xC8, 0xF9, 0xD5, 0x66, 0x07, 0x77, 0xE9,
    0x17, 0x82, 0xE6, 0xA9, 0xCB, 0xEC, 0x8E, 0x8D, 0xAA, 0x08, 0x76, 0x43, 0xA9, 0xA6, 0x9F, 0x02,
    0x66, 0x7B, 0x46, 0x6F, 0x54, 0x56, 0x35, 0xE8, 0x78, 0xDD, 0x18, 0xAF, 0x86, 0xDD, 0xD7, 0xA8,
    0x2E, 0x76, 0x68, 0xE0, 0x4B, 0x4E, 0x5D, 0xB5, 0xDC, 0x59, 0x9F, 0xBB, 0x15, 0x57, 0x11, 0x8C,
    0xFE, 0x2D, 0x55, 0xFD, 0x76, 0xBD, 0x3F, 0xCC, 0xCB, 0x05, 0x41, 0x3C, 0x6E, 0xA7, 0x0F, 0xA1,
    0x08, 0x50, 0x1A, 0xAC, 0x24, 0x58, 0x29, 0xB0, 0x25, 0xC0, 0x8A, 0x83, 0xB7, 0xCF, 0x61, 0xDA,
    0x73, 0x44, 0xF6, 0x1B, 0x91, 0xA0, 0x8E, 0x71, 0x6D, 0x82, 0x63, 0x4B, 0xED, 0x82, 0x8E, 0x4A,
    0x6A, 0x72, 0xB7, 0xC2, 0xC4, 0x1B, 0x91, 0x88, 0x46, 0xD5, 0x72, 0xD3, 0x4A, 0x70, 0xA5, 0x6E,
    0x64, 0x19, 0x91, 0x27, 0xCB, 0x21, 0x51, 0x15, 0x6A, 0xE2, 0x55, 0x2E, 0x55, 0x5B, 0x92, 0xE5,
    0xA2, 0xB3, 0xBA, 0x5A, 0x0A, 0x82, 0x71, 0x77, 0x15, 0x95, 0x82, 0x1B, 0xE0, 0x40, 0xBA, 0xA4,
    0x70, 0x15, 0xA7, 0x07, 0x57, 0x71, 0xA5, 0x14, 0x84, 0x43, 0xD2, 0x62, 0xA3, 0x62, 0xB7, 0x26,
    0xCC, 0x87, 0x12, 0xBE, 0x0A, 0xC7, 0xE4, 0x42, 0x15, 0xE2, 0x6A, 0x29, 0xB8, 0xCF, 0xBB, 0x09,
    0xD1, 0xA2, 0x80, 0x01, 0x80, 0xBE, 0x2B, 0x3F, 0x83, 0x91, 0xF3, 0x44, 0x7C, 0x2C, 0xAC, 0x68,
    0xD3, 0xE8, 0xD6, 0x0D, 0xEF, 0xCF, 0x21, 0xC7, 0x68, 0x55, 0xA3, 0x41, 0x08, 0x2B, 0x63, 0xD5,
    0x96, 0x52, 0x81, 0x06, 0xD5, 0x5F, 0x83, 0xED, 0xA0, 0x01, 0x92, 0x14, 0x40, 0x5A, 0xEC, 0x2C,
    0xDF, 0x9D, 0xCF, 0x8A, 0x2D, 0x38, 0x39, 0x26, 0x18, 0x9C, 0x58, 0xE6, 0xC9, 0x5F, 0x5D, 0xCC,
    0xE8, 0x14, 0x2D, 0xC2, 0xED, 0xD7, 0xAE, 0x92, 0x94, 0xAA, 0xE5, 0x13, 0x2F, 0xD8, 0x35, 0x93,
    0xBD, 0xCC, 0x4B, 0xAF, 0xC1, 0x5A, 0x19, 0xA3, 0x65, 0xD3, 0xA6, 0x4B, 0x36, 0xDC, 0x3E, 0x3D,
    0x20, 0x9B, 0xBF, 0xD4, 0x3A, 0x4C, 0x59, 0x99, 0xAF, 0x32, 0x59, 0x65, 0xA6, 0x7A, 0x9C, 0xA6,
    0xFE, 0xE5, 0x78, 0xD1, 0xCF, 0x5A, 0xFE, 0x14, 0x8F, 0x7D, 0x35, 0x11, 0x4D, 0x50, 0x76, 0xDC,
    0x0C, 0x3F, 0xE6, 0x54, 0x31, 0xE7, 0xCE, 0x99, 0x96, 0x7E, 0x97, 0x48, 0xE0, 0x35, 0x79, 0x27,
    0xB8, 0xA6, 0x6C, 0xFD, 0xC1, 0x82, 0xB1, 0x5F, 0x2C, 0x04, 0x1E, 0x0B, 0x71, 0xC7, 0x52, 0x2C,
    0xA1, 0x9F, 0x59, 0x68, 0x9B, 0x21, 0xFE, 0x6A, 0x16, 0xE2, 0x61, 0x33, 0xAA, 0x72, 0xD8, 0x00,
    0x15, 0x75, 0xF0, 0x19, 0xBA, 0x18, 0xE7, 0x2D, 0x36, 0xD9, 0xD5, 0x45, 0xDD, 0x5C, 0xDC, 0x2A,
    0x7D, 0x8D, 0x95, 0x40, 0x55, 0x74, 0x9F, 0x92, 0xB3, 0x8B, 0x66, 0xE8, 0x3F, 0xF6, 0xBC, 0x9D,
    0xF3, 0x6B, 0x3F, 0x0B, 0x79, 0x2E, 0x68, 0x57, 0xA1, 0x98, 0x3E, 0x5B, 0x75, 0x60, 0xAA, 0x3B,
    0x56, 0xE9, 0x2A, 0xA3, 0xE0, 0x1D, 0x2B, 0xB9, 0xD3, 0x55, 0x20, 0x58, 0x55, 0xBA, 0x4C, 0x45,
    0xBA, 0x5C, 0x35, 0x3A, 0xBC, 0x00, 0xAD, 0x85, 0x2A, 0x74, 0x86, 0x93, 0xEC, 0x6A, 0x57, 0x23,
    0xB4, 0x74, 0xD9, 0x41, 0x6D, 0xD7, 0x55, 0x2E, 0x3A, 0xA8, 0x1F, 0xED, 0x5B, 0xA3, 0x11, 0xA2,
    0x82, 0x55, 0x27, 0xDC, 0x1A, 0x19, 0xC0, 0xD1, 0x54, 0xF0, 0xF2, 0x32, 0xEF, 0xB3, 0xCC, 0x82,
    0xD9, 0x6A, 0x04, 0xB1, 0xD9, 0x4C, 0x32, 0x69, 0x22, 0xB2, 0xA1, 0x80, 0x44, 0x5A, 0x56, 0x3F,
    0x79, 0x98, 0x46, 0x8E, 0x98, 0xD0, 0xE6, 0x6B, 0x79, 0xEE, 0xA0, 0x54, 0x47, 0xB3, 0x72, 0x70,
    0xBD, 0x39, 0xA8, 0x83, 0x49, 0x5F, 0x31, 0x05, 0xAA, 0x75, 0xC9, 0x4A, 0x36, 0x07, 0xC5, 0x2B,
    0x3F, 0x48, 0xC3, 0x8E, 0x8C, 0xFD, 0x6A, 0x29, 0x08, 0xD6, 0xF2, 0xB1, 0x5D, 0x74, 0xCB, 0x58,
    0x71, 0xC9, 0xEB, 0x93, 0xFA, 0x6B, 0x59, 0x17, 0x8E, 0xB1, 0xB6, 0xE2, 0x50, 0x6A, 0x8E, 0x11,
    0xAF, 0x2E, 0x17, 0x89, 0xAE, 0x58, 0xF6, 0x3C, 0xDC, 0x08, 0x97, 0x1D, 0x4B, 0xEB, 0x48, 0x51,
    0xAF, 0xC2, 0xDD, 0x01, 0x9D, 0x1F, 0x73, 0x4F, 0x97, 0x9A, 0xED, 0xAB, 0x0F, 0xF7, 0x27, 0x2E,
    0x35, 0x6E, 0x3A, 0xC6, 0x63, 0x89, 0xB2, 0xB8, 0x93, 0xFD, 0x06, 0xB2, 0xD2, 0x3B, 0x6E, 0x2B,
    0x06, 0xF4, 0xD6, 0x8A, 0xF6, 0xDC, 0xAD, 0x4B, 0xC4, 0x38, 0x3F, 0xA7, 0x5F, 0x78, 0x70, 0x52,
    0xBC, 0x07, 0xE7, 0xBF, 0xF0, 0xCE, 0x5D, 0xE1, 0x27, 0xEE, 0x2F, 0xDF, 0x65, 0x3C, 0x12, 0x2E,
    0x2B, 0xE6, 0x6D, 0x6F, 0xA9, 0x7C, 0x43, 0x17, 0x9F, 0x6B, 0x1F, 0x37, 0x0D, 0x85, 0xF4, 0x0F,
    0x89, 0x3F, 0x38, 0x62, 0x05, 0xBE, 0xE8, 0x3C, 0x51, 0x38, 0x8A, 0xFE, 0xB7, 0x8E, 0x45, 0x1C,
    0x31, 0xF9, 0x8B, 0xE9, 0xE0, 0xD9, 0x2C, 0xDA, 0xCF, 0xDA, 0xCE, 0x30, 0xC9, 0x62, 0xD2, 0x66,
    0xD6, 0x5E, 0xE6, 0x75, 0xB1, 0x41, 0x3B, 0xD9, 0x40, 0xD9, 0x48, 0x4F, 0x83, 0x64, 0x0B, 0xEE,
    0x26, 0xDB, 0x40, 0x99, 0x0E, 0x16, 0x32, 0xFF, 0x07, 0x26, 0xCE, 0xEF, 0xD8, 0x1D, 0xDC, 0xF6,
    0x4F, 0x45, 0xFF, 0x2B, 0xA6, 0xE0, 0x10, 0xFD, 0x79, 0x78, 0x11, 0x30, 0xFA, 0x27, 0x8A, 0xFE,
    0x8F, 0x8E, 0x8F, 0xAF, 0xAE, 0x90, 0x02, 0x45, 0xFA, 0x43, 0xF4, 0x8F, 0x5F, 0x14, 0xFD, 0xAF,
    0x5A, 0x0B, 0x66, 0xC8, 0xD1, 0x74, 0xB8, 0xD9, 0xB6, 0x5D, 0xDC, 0xEF, 0x0E, 0xA7, 0x23, 0xE7,
    0x3F, 0x0A, 0xFD, 0xBD, 0xA2, 0x3F, 0xAF, 0xDA, 0xF2, 0x60, 0x8A, 0x59, 0x33, 0x0F, 0x19, 0x74,
    0xAB, 0xB3, 0xE5, 0xB3, 0x4D, 0xC7, 0x28, 0x58, 0x75, 0x42, 0xA3, 0x9F, 0x51, 0xAD, 0xC5, 0x6F,
    0xB9, 0x54, 0xF1, 0x85, 0xFD, 0x95, 0x80, 0xD0, 0xB5, 0x36, 0x49, 0x26, 0xF0, 0x9C, 0x09, 0xA6,
    0xA4, 0x2A, 0x10, 0xA4, 0xFE, 0xF0, 0x47, 0x06, 0xE9, 0xE1, 0x76, 0x44, 0x61, 0xD5, 0xEF, 0xED,
    0x4F, 0x16, 0xCA, 0xF3, 0x4B, 0x13, 0x17, 0x4E, 0x7E, 0xB7, 0xF3, 0xDF, 0x0B, 0x7F, 0xB3, 0x71,
    0x83, 0xEB, 0xFE, 0x9E, 0x8B, 0x55, 0xCF, 0xF6, 0xFB, 0x2D, 0xD8, 0x10, 0xBE, 0x61, 0x44, 0xA4,
    0x68, 0x74, 0x12, 0xD5, 0xE9, 0x16, 0x71, 0x47, 0xFF, 0xCE, 0xB6, 0xD4, 0x81, 0x14, 0xD9, 0x89,
    0x54, 0xDF, 0x89, 0x79, 0x07, 0xA6, 0x4E, 0xC4, 0x6F, 0xEA, 0xC7, 0xCA, 0xAE, 0x0D, 0x33, 0xB0,
    0x11, 0xD3, 0x67, 0x73, 0xA3, 0x33, 0xAF, 0x3B, 0x67, 0xBB, 0xE8, 0x5E, 0x7A, 0x6D, 0x78, 0xAB,
    0x0F, 0x3E, 0x94, 0xE1, 0xF9, 0xEF, 0xEB, 0x4A, 0xCE, 0x7B, 0xCB, 0xFE, 0x7A, 0xFB, 0xFC, 0xD5,
    0x95, 0xF6, 0x1F, 0x01, 0xD5, 0x5C, 0xBF, 0x8F, 0xE5, 0xD6, 0x75, 0xBE, 0x7C, 0xD4, 0x0E, 0x83,
    0x65, 0x41, 0x15, 0x8A, 0x8B, 0xDD, 0x82, 0x29, 0x03, 0x15, 0xE6, 0x3F, 0x10, 0x98, 0x8C, 0x84,
    0xC8, 0xA5, 0x55, 0x48, 0xF5, 0xD6, 0x76, 0x91, 0xA9, 0x13, 0x20, 0x26, 0x21, 0x03, 0x51, 0xE1,
    0xC2, 0x83, 0x00, 0xE9, 0xB7, 0x98, 0x42, 0x4E, 0x0A, 0xA7, 0x08, 0x60, 0x1B, 0x90, 0x4D, 0x22,
    0x2A, 0xB6, 0x48, 0x11, 0x5A, 0x2A, 0x5D, 0x98, 0x91, 0x06, 0x70, 0x00, 0x19, 0x58, 0x5A, 0x26,
    0xB0, 0x94, 0x44, 0xF2, 0xE6, 0x7C, 0xDF, 0xB9, 0xFC, 0xF1, 0xE6, 0xBD, 0xD1, 0x6A, 0x2D, 0xED,
    0x68, 0x66, 0xB1, 0x73, 0xEF, 0x9B, 0x79, 0x24, 0xEF, 0x39, 0xDF, 0x3D, 0xF7, 0x9E, 0x9F, 0x97,
    0xC6, 0x98, 0xC8, 0xDA, 0xC2, 0x18, 0x13, 0x5B, 0x9B, 0x49, 0x97, 0x58, 0x6B, 0x0E, 0xFE, 0x85,
    0xB6, 0x42, 0x17, 0xD9, 0x1A, 0x5D, 0x6A, 0x1B, 0x74, 0xB9, 0x76, 0xD6, 0xB6, 0xD2, 0xEE, 0xB4,
    0xF3, 0xB5, 0x0B, 0x6D, 0xDE, 0xF1, 0x91, 0x69, 0x8F, 0xEB, 0xC7, 0x04, 0x5D, 0x3E, 0x24, 0x03,
    0xAE, 0xEF, 0xE2, 0x01, 0xD7, 0xB7, 0xE8, 0x7C, 0x5B, 0x45, 0x23, 0x1E, 0x5C, 0x44, 0x13, 0xAE,
    0xCF, 0xD0, 0xA5, 0xD6, 0x82, 0x88, 0x52, 0x3B, 0xCB, 0x6E, 0xC7, 0x2E, 0x0B, 0x84, 0x82, 0x40,
    0xAE, 0x12, 0x8A, 0x7D, 0x5B, 0xC4, 0x96, 0x4F, 0x48, 0x27, 0x76, 0x4A, 0x83, 0xEF, 0x9A, 0x66,
    0x4B, 0xFF, 0x5F, 0xBE, 0x6E, 0xE4, 0x36, 0x7D, 0x74, 0x85, 0x27, 0xB6, 0x3B, 0xFB, 0xB9, 0x6D,
    0xBD, 0xD2, 0xA4, 0x9D, 0x79, 0x01, 0x8D, 0x41, 0xE3, 0xFD, 0xCC, 0x76, 0xC2, 0x96, 0x6D, 0xE5,
    0x5A, 0xDB, 0x26, 0x93, 0x29, 0x5B, 0xF9, 0xAB, 0x6D, 0x72, 0xB9, 0xBC, 0x2E, 0xC7, 0xD8, 0x56,
    0xA0, 0xA9, 0x02, 0x7D, 0x55, 0x6C, 0x3F, 0xB3, 0xC5, 0xCE, 0xFE, 0x0B, 0xB1, 0x4B, 0xAB, 0x04,
    0xC8, 0x24, 0x4D, 0x5E, 0x11, 0x26, 0x22, 0x19, 0xD8, 0x91, 0x83, 0xE7, 0xCD, 0x6D, 0x05, 0x34,
    0xEC, 0xFC, 0xC1, 0xF8, 0x43, 0xD4, 0xE1, 0xEA, 0x06, 0x0F, 0x10, 0x66, 0xEF, 0x7F, 0x7A, 0x5D,
    0xA8, 0x3E, 0x03, 0x48, 0xA5, 0x82, 0xC4, 0x21, 0xE3, 0x89, 0xE8, 0xA4, 0x83, 0x82, 0x44, 0x74,
    0x8C, 0xA2, 0x23, 0x03, 0x46, 0x5B, 0x90, 0x32, 0x05, 0xC9, 0xDA, 0x2B, 0x41, 0x6A, 0x80, 0x4E,
    0x20, 0x84, 0xF8, 0x00, 0x29, 0x3B, 0x02, 0x12, 0x66, 0x7A, 0x22, 0x1E, 0x71, 0xCB, 0x2E, 0xAD,
    0xB5, 0xA3, 0x10, 0xCC, 0x5D, 0x68, 0xAF, 0x04, 0xAC, 0x7B, 0x3A, 0x60, 0xCD, 0x71, 0xC0, 0x26,
    0x00, 0xF6, 0x09, 0x00, 0x7B, 0x05, 0xA3, 0x44, 0xFD, 0x3C, 0x3A, 0xC5, 0x30, 0xB7, 0x1C, 0x1E,
    0x83, 0x2B, 0x7D, 0xDF, 0x66, 0x4B, 0x7A, 0x7C, 0x2E, 0xF2, 0x98, 0x02, 0x9A, 0xD7, 0xE6, 0xD8,
    0xBF, 0xFB, 0xF6, 0x21, 0x01, 0x76, 0x08, 0x55, 0xA0, 0x48, 0x26, 0xD7, 0x8E, 0xAF, 0xD9, 0xDE,
    0x17, 0x5C, 0xF2, 0x06, 0x42, 0xF3, 0xD7, 0x26, 0xE6, 0xA3, 0xD2, 0x61, 0x6D, 0x73, 0xD0, 0x61,
    0xCA, 0x8E, 0x2D, 0x31, 0xB1, 0x07, 0xAD, 0x7E, 0x9B, 0x0F, 0xC6, 0x3B, 0x33, 0x82, 0xA4, 0x20,
    0x98, 0xD8, 0x3A, 0x07, 0xC6, 0x56, 0x96, 0x8D, 0x48, 0xBD, 0x40, 0x80, 0xB9, 0x10, 0x39, 0x38,
    0xB1, 0x17, 0xBA, 0x66, 0x20, 0x13, 0x5C, 0x67, 0x65, 0x0D, 0xCA, 0xE4, 0xD7, 0x10, 0x0C, 0xDC,
    0x3D, 0x5B, 0x04, 0x32, 0x03, 0xD0, 0x23, 0x58, 0x07, 0x28, 0xD6, 0xD6, 0x01, 0x04, 0x52, 0xE6,
    0x2D, 0x2F, 0x64, 0xA9, 0xBC, 0xA4, 0x08, 0xE7, 0xED, 0x4C, 0x17, 0x45, 0x69, 0x6D, 0xCA, 0x56,
    0x88, 0xC9, 0xC7, 0xFB, 0x13, 0x65, 0x01, 0x5C, 0x0F, 0x32, 0x5D, 0xF8, 0xEA, 0x54, 0x65, 0x3E,
    0x24, 0x52, 0x5C, 0x89, 0x3B, 0x2E, 0xEE, 0x78, 0x28, 0x65, 0xC8, 0xB2, 0x49, 0xEA, 0xDB, 0x80,
    0xE0, 0x0E, 0x77, 0x40, 0xF0, 0x85, 0x90, 0x4C, 0x08, 0x13, 0x18, 0xA3, 0x31, 0x6A, 0xCD, 0xBD,
    0xB3, 0xDD, 0xF9, 0x35, 0x21, 0x18, 0x17, 0xEB, 0x0A, 0x49, 0x9B, 0xF5, 0xB3, 0xFE, 0xFD, 0xC6,
    0x23, 0xE8, 0x83, 0x64, 0x2E, 0x33, 0x6C, 0x23, 0xFA, 0xC9, 0xDF, 0xDF, 0xDE, 0x9F, 0x33, 0x82,
    0x69, 0x8D, 0xFB, 0xA3, 0x3F, 0x62, 0xE3, 0xF1, 0x2D, 0xD7, 0xB5, 0x55, 0x36, 0xB8, 0x13, 0xDD,
    0xB9, 0xE1, 0x08, 0x86, 0x1D, 0x96, 0xAC, 0x3F, 0xA6, 0x64, 0x5D, 0x75, 0x27, 0x37, 0xA1, 0x88,
    0xCF, 0xF3, 0xB2, 0x7D, 0x20, 0x15, 0x49, 0x42, 0x49, 0x85, 0x05, 0x5D, 0x25, 0x60, 0x1A, 0xA2,
    0x69, 0x08, 0xA7, 0xE2, 0xA9, 0x80, 0xCE, 0x74, 0x36, 0x97, 0x5B, 0xA2, 0xAA, 0xB0, 0x2A, 0xAE,
    0x0A, 0xAC, 0x43, 0x76, 0x16, 0xCE, 0xBB, 0x67, 0x27, 0xE7, 0xA4, 0x91, 0x8F, 0xF4, 0x27, 0xDD,
    0xDC, 0x15, 0x64, 0x37, 0x8C, 0x89, 0x0E, 0x05, 0x55, 0xF6, 0xE1, 0x33, 0x76, 0x33, 0xAD, 0xB8,
    0x0F, 0x3B, 0x74, 0x8B, 0x81, 0xBF, 0x85, 0x71, 0x64, 0x14, 0xB0, 0x29, 0x9D, 0xE0, 0xEC, 0x09,
    0x1B, 0x11, 0x74, 0x4B, 0x05, 0xAD, 0x40, 0x3D, 0x6B, 0x33, 0xD1, 0x2B, 0x6B, 0x07, 0x9D, 0x83,
    0x4B, 0xA0, 0x34, 0xA4, 0x8B, 0x40, 0xEF, 0xC4, 0x4E, 0x9E, 0x02, 0x95, 0x55, 0x0E, 0xD8, 0xBB,
    0x77, 0x82, 0xAE, 0x60, 0x10, 0xE2, 0xE9, 0xC3, 0x1D, 0x28, 0xE7, 0x54, 0x55, 0x59, 0xBE, 0x00,
    0x8F, 0xCD, 0xBE, 0x54, 0xFA, 0x14, 0x0D, 0x72, 0x61, 0xDF, 0xC7, 0x0C, 0x7B, 0xF6, 0xBD, 0x81,
    0x3B, 0xD9, 0xA3, 0x9E, 0xDD, 0x8F, 0x5B, 0xE3, 0xBD, 0xE1, 0xDB, 0x9F, 0xD4, 0x32, 0x89, 0xAF,
    0xDA, 0x07, 0x50, 0x50, 0xBF, 0xA7, 0xAA, 0x13, 0xC8, 0x31, 0x13, 0x9F, 0xAB, 0x10, 0x99, 0x72,
    0xA4, 0x88, 0x80, 0xA1, 0x94, 0x04, 0x00, 0x7C, 0x68, 0x57, 0x41, 0x1F, 0x2A, 0x57, 0xF8, 0x4E,
    0x3A, 0x76, 0xA9, 0x76, 0x98, 0x95, 0xB2, 0xF3, 0x88, 0xC7, 0x78, 0x1F, 0x88, 0x83, 0xCE, 0x86,
    0xB6, 0x26, 0x74, 0xBB, 0x4C, 0x32, 0x3A, 0xAF, 0xAC, 0xA9, 0xE9, 0x45, 0x78, 0xCE, 0xB5, 0x03,
    0xF5, 0xB1, 0x02, 0x89, 0x4B, 0x07, 0xA3, 0x7C, 0x4A, 0xD7, 0x43, 0x04, 0xF0, 0x7C, 0xA8, 0xE6,
    0xBC, 0x25, 0x8A, 0x32, 0x8C, 0x60, 0x2A, 0x17, 0x8E, 0xA2, 0x26, 0x65, 0x84, 0xC1, 0x75, 0x3E,
    0x6D, 0x0B, 0x91, 0xF6, 0x2A, 0xD7, 0x4E, 0x21, 0x2F, 0x80, 0x75, 0x04, 0xE5, 0x9E, 0xC9, 0xD3,
    0x01, 0x3E, 0x38, 0x0B, 0x31, 0x31, 0x78, 0xBA, 0x77, 0x2A, 0x14, 0x82, 0x06, 0xB9, 0x2A, 0xA6,
    0x38, 0xCF, 0xE4, 0xCA, 0xC3, 0x2E, 0x1C, 0x9E, 0xAB, 0xBC, 0xF9, 0x04, 0x3E, 0x9C, 0xDB, 0x91,
    0x88, 0x56, 0x04, 0x54, 0x04, 0xD5, 0xFE, 0x48, 0x9E, 0x4E, 0x38, 0x7D, 0xDA, 0x15, 0x0A, 0xA6,
    0xCC, 0xA9, 0x8C, 0xA8, 0x50, 0x2A, 0x92, 0xC2, 0x89, 0xB4, 0x65, 0x03, 0x1C, 0x31, 0xAB, 0xDD,
    0xDC, 0x12, 0x44, 0xC5, 0x10, 0x10, 0xB6, 0x0E, 0xC1, 0x84, 0x6D, 0x68, 0x07, 0xA1, 0xCB, 0x2B,
    0xCF, 0x08, 0x5F, 0x48, 0xF9, 0x53, 0xA3, 0xDE, 0x59, 0xA2, 0x5B, 0x59, 0x05, 0x6D, 0x29, 0xC1,
    0xCC, 0xD9, 0x96, 0x4B, 0xDB, 0xCF, 0x4B, 0xBB, 0xA1, 0x70, 0xD4, 0x8E, 0x05, 0xF2, 0x46, 0xF3,
    0xD0, 0xD2, 0xFE, 0xC1, 0xEA, 0x09, 0xD8, 0x86, 0x6C, 0x23, 0xEE, 0x1C, 0x11, 0x57, 0x09, 0x95,
    0x8B, 0x33, 0x2B, 0x92, 0x61, 0x7F, 0xC0, 0xF1, 0xC8, 0x80, 0x1B, 0x6B, 0x3D, 0xB0, 0xB6, 0xFE,
    0xC2, 0x7D, 0xB4, 0x71, 0xFB, 0xA8, 0xE0, 0x21, 0x8F, 0x8E, 0x7A, 0xD9, 0x42, 0xA2, 0x1E, 0x8F,
    0xEC, 0xF9, 0x2C, 0xE0, 0xDA, 0xF1, 0x11, 0x6E, 0x1F, 0x35, 0x99, 0x2C, 0xF8, 0x13, 0x1D, 0x3B,
    0x8B, 0x31, 0xBE, 0xDB, 0x47, 0x95, 0xBA, 0x1A, 0x3B, 0x4E, 0xD4, 0xA6, 0x94, 0x3F, 0x60, 0xE5,
    0x76, 0xD3, 0xD3, 0x0B, 0x73, 0xA3, 0x11, 0x0B, 0xDB, 0xA0, 0x37, 0xC1, 0x10, 0xCD, 0x4E, 0x0E,
    0x69, 0xBF, 0xDF, 0x5F, 0x13, 0x6C, 0x6A, 0x84, 0x99, 0x84, 0x6C, 0x73, 0x13, 0x77, 0x9F, 0xC3,
    0xEA, 0x66, 0xC3, 0xF6, 0x67, 0xA9, 0xEE, 0xAF, 0x15, 0xBB, 0x1B, 0x87, 0xC8, 0x8E, 0x7B, 0x43,
    0x44, 0x8D, 0x90, 0xA8, 0x2D, 0xC6, 0x31, 0x13, 0xAA, 0xE5, 0x13, 0x7E, 0xBB, 0x85, 0x24, 0xF3,
    0xB6, 0xD6, 0x0C, 0x21, 0x89, 0x7B, 0xEC, 0xC4, 0xBD, 0x6C, 0x5B, 0xD1, 0xB0, 0x40, 0x72, 0x04,
    0x17, 0x58, 0x07, 0xFF, 0x3E, 0x71, 0xBB, 0x02, 0xE9, 0xBD, 0xF0, 0x68, 0xCF, 0xB8, 0x8D, 0xCB,
    0x35, 0x05, 0x58, 0x26, 0x3D, 0x7F, 0xC0, 0x27, 0xD0, 0x7E, 0x4A, 0xA2, 0xEE, 0x15, 0xD0, 0xC7,
    0x51, 0x0B, 0xDD, 0x2E, 0xDA, 0x98, 0xD7, 0x8D, 0xAB, 0xB2, 0x8F, 0xB3, 0x1B, 0xBE, 0x52, 0x3B,
    0xF8, 0x5D, 0xBB, 0x91, 0x96, 0xC3, 0xB3, 0xDB, 0x3A, 0xCD, 0x62, 0xEB, 0x38, 0xE5, 0x20, 0x22,
    0x4B, 0x01, 0xE4, 0x58, 0xFD, 0xCC, 0x16, 0x55, 0xBD, 0x6E, 0x9D, 0xB3, 0xAD, 0x23, 0x62, 0xA8,
    0x72, 0xA8, 0x82, 0x68, 0x28, 0x89, 0x8B, 0xAD, 0xA3, 0xEB, 0xD8, 0x04, 0xCD, 0xC2, 0x88, 0xC7,
    0x90, 0x4F, 0x38, 0xC2, 0x84, 0xCC, 0x5B, 0xE7, 0xC5, 0x1E, 0xD8, 0x91, 0x17, 0xB4, 0x23, 0xF5,
    0x71, 0x32, 0x1E, 0x6D, 0x8C, 0xD5, 0x8E, 0x4C, 0x0B, 0xD8, 0x91, 0x2F, 0x1D, 0xB3, 0x23, 0xE1,
    0xCB, 0x4E, 0x62, 0x29, 0x96, 0xA2, 0xE6, 0x5B, 0x21, 0x78, 0x58, 0x5A, 0xB9, 0x82, 0x6D, 0x0F,
    0x3B, 0xB2, 0xEC, 0x4A, 0x58, 0x4A, 0xAD, 0xD8, 0x91, 0xBE, 0xB4, 0xB6, 0x3E, 0x85, 0x9C, 0xE9,
    0x2A, 0xB4, 0xF0, 0x55, 0x84, 0x8B, 0xB4, 0x12, 0x42, 0xCE, 0x52, 0x4C, 0xDC, 0x3F, 0xD0, 0x1E,
    0xA7, 0x90, 0xC6, 0x64, 0xBF, 0xFC, 0x5D, 0x07, 0x4F, 0x7C, 0x37, 0x5E, 0xA2, 0xFC, 0x4D, 0x75,
    0xBF, 0x1B, 0x79, 0x42, 0x2A, 0xA3, 0xD2, 0xEF, 0x86, 0x0D, 0x30, 0x09, 0xD0, 0x01, 0x1C, 0xE8,
    0x8C, 0x96, 0x56, 0x16, 0x63, 0xB5, 0x02, 0x10, 0x6D, 0x65, 0xEE, 0x80, 0xF9, 0x88, 0x56, 0x8C,
    0x9B, 0x84, 0x8A, 0x3A, 0xB6, 0xFF, 0x2C, 0xF3, 0x1B, 0x11, 0xF9, 0x80, 0xC8, 0x7B, 0x76, 0x82,
    0x34, 0x26, 0x17, 0x7B, 0xA6, 0xA7, 0x68, 0xE3, 0x02, 0x56, 0xC6, 0x69, 0xF7, 0x40, 0x28, 0xCC,
    0x69, 0x15, 0x24, 0x2A, 0x14, 0xAA, 0xE6, 0x9C, 0xC5, 0x29, 0x12, 0x2E, 0xCB, 0x20, 0x6E, 0xA2,
    0x06, 0x0B, 0x11, 0x7C, 0x05, 0x14, 0x94, 0xDD, 0x71, 0x5D, 0x74, 0xD3, 0x66, 0xC1, 0x7B, 0xC3,
    0xBC, 0x21, 0x93, 0x30, 0x00, 0x73, 0xCF, 0x06, 0x8C, 0xB3, 0xD0, 0x1B, 0x49, 0xC9, 0xE4, 0xC9,
    0x74, 0x3B, 0x66, 0xC1, 0x29, 0xAF, 0xA7, 0x2B, 0xB5, 0x9B, 0xBA, 0x16, 0xA8, 0xFD, 0x7D, 0x0A,
    0xBE, 0x3F, 0xAD, 0xAD, 0xE9, 0xCD, 0x2D, 0x5A, 0x0B, 0x37, 0x0E, 0x55, 0x6E, 0xD2, 0xFD, 0x1A,
    0xDF, 0xA3, 0x92, 0x32, 0x3B, 0x7E, 0x0E, 0xC6, 0xD5, 0xF3, 0x4E, 0x9D, 0x4B, 0x78, 0xBF, 0xE2,
    0x45, 0xED, 0x82, 0x7F, 0xC8, 0x9B, 0x55, 0xC1, 0x86, 0xC3, 0x3A, 0x47, 0xA6, 0xB8, 0x25, 0xEB,
    0xC2, 0xBC, 0x6E, 0x36, 0x54, 0xC7, 0xEA, 0x4B, 0xE8, 0x25, 0xC1, 0x14, 0x82, 0xAF, 0x7B, 0xE7,
    0xDE, 0xF9, 0x81, 0x3F, 0x3C, 0x70, 0x4A, 0xA0, 0xDC, 0x65, 0xD8, 0x7C, 0xF5, 0x01, 0x65, 0x78,
    0xE9, 0xA0, 0x7D, 0xE5, 0x93, 0x07, 0x5E, 0x1B, 0x68, 0x61, 0xFC, 0x41, 0xC8, 0xD9, 0x31, 0xC8,
    0x5A, 0xF8, 0x1A, 0x97, 0xD6, 0xCE, 0xB8, 0x2E, 0xB0, 0xCE, 0x6D, 0xA2, 0x7F, 0x4B, 0x7F, 0x58,
    0x1D, 0x61, 0x05, 0x81, 0xCC, 0x8F, 0xB4, 0x27, 0xA0, 0xD0, 0xA4, 0x7B, 0x0A, 0x0D, 0xAA, 0x30,
    0x5F, 0x9F, 0xA7, 0x33, 0xC6, 0x9E, 0x5B, 0x3E, 0x86, 0xC6, 0x95, 0x39, 0xBB, 0x7B, 0xEE, 0xBD,
    0xB3, 0xC7, 0x4F, 0x3F, 0xBB, 0xFF, 0xDC, 0x1B, 0x34, 0x74, 0xC3, 0x80, 0x4D, 0x2D, 0x7A, 0xDB,
    0x3E, 0x42, 0x38, 0xE5, 0x77, 0xF0, 0x36, 0xE9, 0x79, 0x4E, 0x76, 0x12, 0x69, 0x8D, 0x27, 0xC4,
    0x98, 0x27, 0x44, 0xD6, 0x27, 0x71, 0x29, 0xA3, 0x51, 0x88, 0x8D, 0x87, 0x08, 0xB3, 0x16, 0x61,
    0xAE, 0x64, 0xCE, 0xD2, 0x5E, 0x68, 0x4D, 0x3B, 0x79, 0x7A, 0x8E, 0x78, 0xF8, 0x12, 0x14, 0x97,
    0x46, 0x28, 0x14, 0x02, 0x31, 0xAE, 0xFC, 0xBA, 0xC7, 0x03, 0x11, 0xB0, 0x13, 0xA5, 0xD6, 0x8E,
    0xDA, 0x0D, 0x0E, 0x40, 0x4F, 0x01, 0x54, 0x1C, 0xB3, 0x7D, 0x1C, 0xF7, 0x01, 0x64, 0x37, 0x5E,
    0xC2, 0x31, 0x56, 0x1C, 0x2F, 0x01, 0x38, 0x1C, 0xD2, 0x30, 0xE3, 0x68, 0x75, 0x2E, 0xCD, 0xDD,
    0x77, 0x18, 0x09, 0xC5, 0xAE, 0xD9, 0xD3, 0xE5, 0x84, 0x24, 0x8A, 0x34, 0xC5, 0xD4, 0x05, 0x79,
    0x2B, 0x20, 0x95, 0x1F, 0xC2, 0x48, 0x79, 0x2C, 0x63, 0x62, 0x7C, 0xB1, 0x37, 0x4A, 0xBB, 0xC3,
    0xDA, 0x03, 0x48, 0xD2, 0x14, 0x68, 0x32, 0xC0, 0x25, 0x48, 0x09, 0x5C, 0xB1, 0x83, 0x0B, 0xE2,
    0xBD, 0x22, 0x45, 0xFF, 0x58, 0x28, 0x29, 0x15, 0x2E, 0x22, 0x25, 0x64, 0x15, 0xFF, 0xA4, 0xCE,
    0xB7, 0x0E, 0x5C, 0x9D, 0x9E, 0x6D, 0xA6, 0x2E, 0x81, 0xCD, 0x93, 0x42, 0x62, 0x19, 0x71, 0x67,
    0xE3, 0xE1, 0x2E, 0x12, 0xBE, 0xD3, 0x20, 0x1A, 0x9B, 0xC2, 0x35, 0x88, 0x06, 0x68, 0xB0, 0x9E,
    0xB6, 0x1F, 0x4D, 0x3F, 0x36, 0x34, 0xFC, 0x68, 0x2E, 0x71, 0xD3, 0xA1, 0x50, 0x20, 0x44, 0x76,
    0x69, 0x88, 0x9C, 0x43, 0x4C, 0xD9, 0xBB, 0x82, 0xF1, 0x00, 0x18, 0xD2, 0xA2, 0x5C, 0x28, 0x8A,
    0x85, 0xC2, 0x44, 0x90, 0x49, 0x04, 0x8D, 0x54, 0xC3, 0x43, 0x66, 0x46, 0x93, 0xCB, 0x92, 0x49,
    0x2C, 0xFD, 0xF1, 0x69, 0x96, 0x66, 0x58, 0xEF, 0x1A, 0x07, 0x9A, 0xDC, 0xCF, 0xA8, 0x16, 0x5B,
    0xBB, 0xA4, 0xBB, 0x9A, 0x6F, 0x9E, 0x61, 0x50, 0xE1, 0xD3, 0x39, 0xB0, 0x7B, 0x2A, 0xF3, 0x6B,
    0x63, 0x38, 0x60, 0x26, 0x6A, 0x0C, 0x3B, 0x97, 0xF2, 0x29, 0x31, 0xCE, 0x9A, 0x89, 0xFA, 0x06,
    0x59, 0x8F, 0x5A, 0xB1, 0xF3, 0xFB, 0xB8, 0x05, 0xFB, 0x1E, 0x94, 0x57, 0xD2, 0x7F, 0xFD, 0xEC,
    0x7F, 0x43, 0xBC, 0xED, 0x96, 0xAC, 0x12, 0xED, 0xA1, 0x04, 0x43, 0xC4, 0x68, 0xD4, 0x39, 0x34,
    0x71, 0xAD, 0xDB, 0x61, 0xD9, 0xEB, 0x0F, 0x3E, 0xC7, 0x7B, 0x51, 0x1C, 0x41, 0x44, 0x36, 0x76,
    0x7A, 0xD3, 0xD8, 0x8A, 0x94, 0xA4, 0x85, 0xBD, 0x51, 0xF7, 0x0D, 0x50, 0x03, 0xD4, 0x40, 0x4B,
    0xDA, 0xB9, 0x47, 0xAE, 0x28, 0x19, 0x50, 0x32, 0x69, 0x7A, 0x2D, 0x65, 0xF0, 0x10, 0x11, 0x35,
    0x45, 0x4A, 0x98, 0x6F, 0x67, 0xED, 0xBA, 0x36, 0xBB, 0xF6, 0x06, 0x08, 0x86, 0x4C, 0xBE, 0xCC,
    0xBD, 0x4C, 0x7D, 0xEA, 0xA2, 0x77, 0xDC, 0xAF, 0x20, 0x24, 0x50, 0x75, 0x3B, 0x28, 0x79, 0x51,
    0x76, 0x59, 0xC0, 0x30, 0xAF, 0x3C, 0x1D, 0xFF, 0x47, 0xF7, 0x28, 0x8D, 0x9E, 0xAA, 0xA6, 0xD5,
    0x4F, 0x95, 0xAA, 0x6F, 0xFD, 0xE4, 0x51, 0x76, 0x9A, 0x39, 0xC6, 0xC8, 0xCB, 0x7C, 0x27, 0x47,
    0xC6, 0x49, 0x52, 0xE5, 0xDC, 0x23, 0x32, 0x44, 0x8E, 0x7C, 0x97, 0x54, 0x75, 0xFC, 0x91, 0xB7,
    0x70, 0x71, 0x70, 0xA3, 0x25, 0x23, 0xA8, 0xEE, 0x2E, 0x26, 0x46, 0x3F, 0x81, 0x5F, 0x75, 0x7B,
    0xC1, 0x2F, 0x7E, 0x7B, 0xC8, 0x69, 0x82, 0xB2, 0x50, 0x65, 0xC0, 0x4D, 0x99, 0xD3, 0x25, 0x60,
    0xE4, 0x23, 0xF2, 0xB6, 0x60, 0x23, 0xA5, 0x6F, 0x0D, 0x36, 0xE2, 0x39, 0xC3, 0x5A, 0x05, 0xAA,
    0x14, 0xC0, 0xC6, 0xE9, 0x04, 0x2A, 0xBC, 0x11, 0xC9, 0x1F, 0x41, 0x41, 0x66, 0x3D, 0xB4, 0x85,
    0x7C, 0xAB, 0xAD, 0xFE, 0xC5, 0x1B, 0x2E, 0xA5, 0x86, 0x62, 0xC4, 0x73, 0x8B, 0x04, 0x26, 0x61,
    0x26, 0xD8, 0x4A, 0x9B, 0x22, 0x4F, 0x0A, 0x81, 0x09, 0xD9, 0x82, 0x66, 0xDB, 0x00, 0x49, 0x19,
    0x76, 0xC0, 0x12, 0x93, 0x16, 0x71, 0x61, 0xB6, 0x42, 0xA9, 0xDC, 0x2E, 0xD4, 0xCB, 0x8D, 0xF2,
    0xF8, 0x79, 0x58, 0x90, 0x2F, 0x37, 0x22, 0xE2, 0x3B, 0x41, 0xE4, 0xA2, 0xD1, 0x23, 0x80, 0x0A,
    0x68, 0xA0, 0x32, 0xA1, 0x42, 0xA1, 0x52, 0xC1, 0x10, 0x92, 0x75, 0x1B, 0xBB, 0x13, 0x37, 0xC5,
    0xC8, 0xB8, 0xE4, 0xFF, 0xC4, 0xC4, 0x56, 0xD2, 0xA9, 0xF9, 0x77, 0xF4, 0x9F, 0xDB, 0xB9, 0xB5,
    0xD3, 0x59, 0x74, 0x23, 0xCE, 0x89, 0x65, 0x9D, 0x32, 0x37, 0x5F, 0x4E, 0xE0, 0xDD, 0x9C, 0xB9,
    0x09, 0x73, 0x73, 0x34, 0x0F, 0xAE, 0x81, 0x89, 0xB9, 0x4B, 0xFB, 0x25, 0x75, 0x71, 0xD2, 0xE8,
    0xB2, 0xA2, 0xDA, 0x36, 0x30, 0x59, 0x6A, 0x8D, 0xC6, 0x57, 0x73, 0x94, 0xC0, 0x85, 0x09, 0xC0,
    0x28, 0xF9, 0xD1, 0xE9, 0x59, 0x72, 0x4A, 0x65, 0x41, 0x7A, 0x1A, 0xCE, 0x01, 0x78, 0x2A, 0x3F,
    0x1A, 0x29, 0x61, 0x97, 0x22, 0xCC, 0x73, 0xB4, 0x64, 0x1B, 0x33, 0x19, 0x36, 0x31, 0x93, 0x7E,
    0x4D, 0xA6, 0x5C, 0x99, 0xB9, 0xA9, 0x89, 0x47, 0xB5, 0xB4, 0xAB, 0x5C, 0xCF, 0x2E, 0xBF, 0x42,
    0xA1, 0x48, 0xC4, 0x6A, 0xC2, 0xE9, 0x3E, 0xC9, 0x65, 0x49, 0x06, 0x52, 0xA5, 0x3F, 0x75, 0x09,
    0x92, 0x9E, 0xFB, 0x86, 0x58, 0x30, 0x90, 0xC4, 0x52, 0xB6, 0x6B, 0x38, 0x04, 0x2D, 0x43, 0x07,
    0xB6, 0x65, 0xAA, 0xDC, 0xFE, 0x2F, 0xEE, 0xF6, 0xEC, 0x6F, 0x71, 0xFB, 0xCE, 0xBA, 0xA0, 0x30,
    0x3D, 0x71, 0x9F, 0xC9, 0x87, 0xB9, 0x0B, 0xF4, 0x8F, 0x1A, 0x22, 0x92, 0x79, 0x78, 0xA2, 0xA1,
    0xF6, 0xFF, 0xD2, 0xB8, 0x3B, 0x99, 0x90, 0xE9, 0x00, 0x47, 0xB0, 0x5B, 0xFA, 0xAD, 0x59, 0x05,
    0x58, 0xF2, 0xCE, 0xA8, 0xA8, 0x92, 0x23, 0xCD, 0x5A, 0xAC, 0xF0, 0xBD, 0xA4, 0x22, 0xE5, 0x8A,
    0x70, 0x1C, 0xB8, 0x7B, 0x9D, 0x13, 0x03, 0xCD, 0xCF, 0x99, 0xF8, 0xCC, 0x1C, 0xE0, 0xDA, 0x5E,
    0x85, 0x6B, 0xC8, 0xED, 0x27, 0x65, 0xF2, 0xC9, 0x62, 0x41, 0xBC, 0x47, 0x13, 0xE2, 0x27, 0xDC,
    0x31, 0xCA, 0x89, 0xAC, 0x75, 0xB3, 0x1B, 0x10, 0xCD, 0x6D, 0xCB, 0xB6, 0x9B, 0x93, 0x66, 0x89,
    0x55, 0x53, 0x91, 0xF9, 0xA8, 0x2E, 0x60, 0x1E, 0xC6, 0x67, 0x1A, 0x06, 0x42, 0x85, 0x8D, 0x60,
    0xDD, 0x7E, 0x8B, 0xB5, 0x2E, 0x22, 0x52, 0x57, 0x6A, 0x58, 0x3D, 0xA3, 0x44, 0x6B, 0x37, 0x28,
    0xF7, 0xAA, 0xCA, 0x0F, 0x28, 0xF4, 0xED, 0x8F, 0x9E, 0x1F, 0x85, 0xB0, 0xFF, 0xFD, 0x25, 0x22,
    0x0C, 0xEC, 0x3C, 0x06, 0x19, 0xCF, 0x0F, 0xDC, 0x19, 0xB7, 0xD3, 0x77, 0x33, 0xA0, 0xFB, 0x99,
    0xDB, 0xE3, 0x7A, 0x24, 0xBB, 0x42, 0x8F, 0x8C, 0xFB, 0x7A, 0x04, 0xE9, 0x2D, 0x36, 0x70, 0x77,
    0x9B, 0x72, 0x6E, 0x6A, 0x5D, 0x77, 0x09, 0x52, 0x89, 0x6A, 0x1C, 0xE0, 0xC6, 0x7B, 0x67, 0xFB,
    0xBB, 0xC7, 0x25, 0x3B, 0x62, 0xB5, 0x21, 0xB2, 0x2B, 0x15, 0x6D, 0x3A, 0x1C, 0x51, 0xB4, 0xBD,
    0xBA, 0x75, 0x25, 0xD5, 0x63, 0xA5, 0x85, 0x37, 0xDF, 0x18, 0xDF, 0x8B, 0xE0, 0x50, 0x6E, 0x28,
    0x36, 0x94, 0x9A, 0x70, 0x36, 0x44, 0x54, 0x64, 0x3E, 0x35, 0x8B, 0xAE, 0x3B, 0x62, 0x39, 0x8D,
    0x3A, 0x58, 0x32, 0x73, 0x7D, 0x99, 0xE3, 0xF6, 0x08, 0x78, 0x0D, 0x16, 0x78, 0xB6, 0xD3, 0xF2,
    0x1F, 0x48, 0x91, 0x92, 0xF2, 0x17, 0xE0, 0x34, 0xE3, 0x3C, 0x30, 0xCB, 0x5E, 0x16, 0x34, 0x8C,
    0x10, 0xCB, 0x8D, 0xDC, 0x7C, 0xC0, 0x5F, 0xDA, 0x61, 0xAD, 0x8B, 0x95, 0x9A, 0x77, 0x01, 0xD4,
    0x61, 0x08, 0xD5, 0x18, 0xC1, 0xD5, 0x8D, 0xAB, 0xE7, 0x88, 0x16, 0x32, 0xBA, 0xF6, 0xC3, 0xC1,
    0xD8, 0x0F, 0xC4, 0x0D, 0x7C, 0xD4, 0xEF, 0xEC, 0x7F, 0xB7, 0x48, 0xE1, 0xFA, 0xF6, 0x41, 0x75,
    0xCD, 0x52, 0x90, 0x20, 0xA6, 0x00, 0x37, 0xE0, 0x2D, 0x2B, 0x24, 0xBC, 0x02, 0xAD, 0xFC, 0x0A,
    0x1C, 0x56, 0x68, 0x63, 0x6B, 0x92, 0xEC, 0x59, 0xF9, 0x5A, 0xC6, 0xA8, 0x9D, 0x1A, 0xD8, 0x1D,
    0x85, 0x6D, 0xD7, 0x4B, 0x83, 0x24, 0xF9, 0x84, 0x58, 0xC9, 0x28, 0x8D, 0x38, 0x8E, 0x62, 0x1B,
    0x0C, 0x32, 0xB2, 0x4C, 0x4A, 0xBF, 0x71, 0xDF, 0x37, 0x45, 0x17, 0xFD, 0x1C, 0xC8, 0x28, 0x55,
    0x01, 0x56, 0x73, 0xB5, 0xD9, 0x6A, 0x2E, 0xED, 0x2B, 0x99, 0x39, 0x13, 0xE0, 0xC1, 0x04, 0x1E,
    0x65, 0x4A, 0x4D, 0x32, 0xE2, 0xD2, 0x84, 0xAA, 0x33, 0xA5, 0x42, 0xD0, 0x0A, 0x35, 0x6C, 0x52,
    0x72, 0x6B, 0x47, 0x75, 0xD4, 0x2E, 0x7F, 0xD6, 0x90, 0xE8, 0x3F, 0xEE, 0xA5, 0x1E, 0xE6, 0x04,
    0x84, 0xF3, 0xCF, 0xD9, 0xAA, 0x77, 0x3E, 0x32, 0x8C, 0x33, 0x1C, 0xB1, 0x93, 0x97, 0x89, 0xFB,
    0x2B, 0x93, 0x7F, 0x22, 0x32, 0xC6, 0x50, 0x97, 0x68, 0x75, 0xF8, 0xFF, 0x48, 0x5F, 0xD7, 0xE4,
    0x86, 0xBA, 0x4E, 0x7E, 0x7E, 0xBE, 0x5D, 0x17, 0xCC, 0x77, 0x8F, 0xB4, 0x5E, 0x02, 0x3C, 0xBB,
    0xEC, 0xB7, 0x51, 0x9E, 0x9D, 0xDA, 0x0C, 0xE1, 0x9E, 0x21, 0x51, 0x72, 0x3D, 0x7A, 0x3F, 0x3D,
    0x52, 0xF4, 0x90, 0x81, 0x26, 0x8C, 0x05, 0xBF, 0x1C, 0x43, 0x22, 0x25, 0x51, 0x03, 0xE9, 0xD2,
    0xD2, 0xD8, 0xB0, 0x6A, 0xF7, 0x32, 0x3F, 0xD1, 0x78, 0xF6, 0x31, 0x52, 0xDA, 0x3B, 0xFB, 0x3F,
    0x22, 0xAB, 0x22, 0x9E, 0x3F, 0x86, 0x85, 0xE5, 0xDB, 0xB7, 0x27, 0x1A, 0xC2, 0xAF, 0x22, 0x08,
    0x10, 0xD8, 0x9D, 0x7C, 0xC8, 0x42, 0xEB, 0x21, 0x5D, 0x0E, 0x43, 0xEC, 0x11, 0xE2, 0x01, 0xA6,
    0xFC, 0x2D, 0xBB, 0xFC, 0xF1, 0xA4, 0x23, 0x32, 0xE8, 0x95, 0x5A, 0xAA, 0x56, 0x78, 0x58, 0x32,
    0x22, 0x58, 0x42, 0x12, 0xCA, 0xD2, 0x10, 0x05, 0xF8, 0xD4, 0xAE, 0xAA, 0x87, 0x5E, 0x04, 0x07,
    0xC3, 0xCC, 0x1A, 0x19, 0x03, 0x5B, 0x1B, 0xA6, 0x10, 0xC6, 0x79, 0x0F, 0xB1, 0xC6, 0xA7, 0x86,
    0x71, 0x10, 0x9C, 0x58, 0xC2, 0x38, 0xC9, 0x41, 0x18, 0xC7, 0x05, 0x27, 0x6C, 0xBB, 0x0D, 0xE3,
    0xDC, 0x1E, 0xA4, 0x36, 0xE6, 0x9E, 0x29, 0xD5, 0xE4, 0x28, 0xD5, 0x34, 0x71, 0x01, 0x51, 0x2D,
    0x32, 0xF2, 0xD4, 0x2A, 0x4D, 0xD4, 0xF2, 0x0C, 0x1F, 0x5E, 0x07, 0x8A, 0xCF, 0xA4, 0x15, 0x8C,
    0xF9, 0xBE, 0xF9, 0x01, 0xB6, 0xE6, 0xFC, 0x2D, 0x92, 0x9A, 0x3C, 0x1E, 0x75, 0x25, 0xB7, 0x6A,
    0x5B, 0xA9, 0x47, 0xF1, 0xAB, 0xDB, 0x2B, 0xD4, 0xCA, 0x9E, 0x72, 0x17, 0x93, 0xB9, 0xD0, 0xD5,
    0xC3, 0x16, 0x97, 0x39, 0x43, 0x6A, 0x11, 0xD3, 0x62, 0x38, 0x2F, 0xB4, 0x6B, 0x51, 0x39, 0x24,
    0x33, 0x63, 0x38, 0x35, 0x2C, 0x86, 0x9D, 0x58, 0x03, 0x3C, 0xD1, 0x13, 0x65, 0x0D, 0x8C, 0xD0,
    0x14, 0xED, 0x87, 0x98, 0x35, 0xB6, 0x9A, 0x32, 0xA6, 0xAA, 0x11, 0xC1, 0xB2, 0x75, 0xA5, 0x29,
    0x1A, 0x89, 0xD3, 0x79, 0x72, 0xA6, 0xAC, 0xEB, 0xCA, 0xAB, 0xBA, 0x3B, 0xAF, 0x8B, 0x2C, 0xA5,
    0x2D, 0x12, 0xA7, 0x45, 0xFA, 0x84, 0x76, 0x74, 0xAE, 0x16, 0x77, 0x69, 0x1F, 0xE3, 0x66, 0x96,
    0xED, 0x40, 0x4F, 0x6B, 0xD7, 0x60, 0x5F, 0x26, 0xB8, 0x50, 0xBE, 0x95, 0x73, 0x6C, 0x03, 0x96,
    0x27, 0x15, 0x21, 0x3B, 0x2A, 0x98, 0x80, 0xAE, 0xB4, 0xE3, 0xC3, 0x30, 0x8A, 0x68, 0x1C, 0x0F,
    0x50, 0x3B, 0xD8, 0x39, 0xE3, 0x41, 0xBD, 0xD7, 0xDB, 0xB3, 0x2C, 0xD5, 0x86, 0xF7, 0x5C, 0x7A,
    0xD7, 0xE5, 0x7A, 0x5D, 0x71, 0x9A, 0xD5, 0xAF, 0xFA, 0x3F, 0x73, 0x05, 0xC6, 0x57, 0xAD, 0x40,
    0x8D, 0x49, 0x33, 0x1C, 0x5D, 0x03, 0x83, 0xCA, 0x29, 0xE1, 0x40, 0xB3, 0xD3, 0x4C, 0x96, 0x03,
    0xF5, 0x61, 0x76, 0x0A, 0x5D, 0x20, 0xD2, 0x77, 0xE9, 0x81, 0x4B, 0x81, 0xC0, 0x83, 0xF4, 0x19,
    0x22, 0x43, 0x8C, 0x2E, 0x69, 0x25, 0x98, 0xA6, 0xB4, 0xC5, 0x37, 0xFB, 0x3B, 0xD6, 0x0D, 0x22,
    0xD0, 0x81, 0x38, 0x00, 0xEA, 0xB3, 0x62, 0xAA, 0xAF, 0x22, 0x1D, 0xB5, 0xEA, 0x5A, 0xCB, 0xB7,
    0x73, 0xD6, 0x0E, 0x55, 0xC8, 0xEA, 0xA0, 0xE3, 0xF2, 0x2F, 0x00, 0x97, 0xB0, 0x88, 0x0E, 0x66,
    0x47, 0x47, 0xAD, 0x0D, 0x25, 0x27, 0xF7, 0xE6, 0x03, 0xAB, 0xE6, 0xE8, 0x58, 0xB4, 0x82, 0xFA,
    0xC5, 0xA9, 0xD0, 0xC9, 0x38, 0x78, 0xC6, 0x35, 0x31, 0xA8, 0x04, 0x32, 0x6D, 0x69, 0x9D, 0x69,
    0xA9, 0x06, 0x61, 0x7D, 0xC0, 0xCC, 0x9B, 0x73, 0x51, 0x04, 0x2A, 0x1B, 0xA1, 0xBF, 0x1B, 0xD4,
    0x73, 0x89, 0x2F, 0x29, 0x3E, 0x19, 0xAA, 0xB9, 0x06, 0xE6, 0xEB, 0x51, 0x0D, 0xA7, 0x0D, 0xEB,
    0xF3, 0xE8, 0x83, 0x32, 0x0C, 0x54, 0x8A, 0x17, 0xD2, 0xA6, 0x70, 0xBD, 0x51, 0x0F, 0x81, 0x5A,
    0x49, 0x2C, 0x48, 0x90, 0x9B, 0xD0, 0x65, 0x3D, 0xD1, 0x72, 0x5C, 0x04, 0x16, 0x81, 0x64, 0x1F,
    0xBB, 0x73, 0x00, 0xD5, 0x1A, 0x5D, 0x30, 0xF7, 0x2F, 0x6E, 0x2D, 0xAE, 0x11, 0x0A, 0x98, 0x10,
    0x31, 0x75, 0xB2, 0x42, 0x72, 0xD7, 0x02, 0xA6, 0xE7, 0x0C, 0xAE, 0x09, 0xAA, 0x88, 0x35, 0x03,
    0x2D, 0x55, 0x5A, 0xDE, 0xAA, 0x64, 0x7F, 0xC0, 0x10, 0xCF, 0x44, 0x47, 0xF0, 0xE4, 0xE1, 0xD6,
    0xCD, 0xBA, 0x5D, 0xE0, 0x9A, 0xA0, 0x46, 0x85, 0x96, 0x72, 0x27, 0xCC, 0xD5, 0x8E, 0x37, 0x61,
    0x4D, 0x48, 0x39, 0x39, 0xDF, 0x70, 0xF6, 0xE6, 0x5A, 0x73, 0x52, 0xCE, 0x35, 0x30, 0x0D, 0x2B,
    0x13, 0x31, 0x14, 0xC2, 0x0B, 0x84, 0xDB, 0x15, 0x9F, 0x94, 0xED, 0xDA, 0x12, 0x72, 0xA3, 0x41,
    0x95, 0xD2, 0xC5, 0x36, 0x91, 0xF7, 0x24, 0xEC, 0x2C, 0xF2, 0x41, 0xF5, 0x2A, 0x9E, 0xAC, 0xC8,
    0xCF, 0xD0, 0x0B, 0x86, 0x11, 0x2D, 0x5C, 0xC0, 0xF8, 0xBD, 0xC5, 0xCA, 0xB5, 0x4B, 0xC5, 0x8E,
    0xCB, 0x66, 0x4D, 0xAF, 0xE9, 0x27, 0x85, 0x94, 0xEA, 0x9E, 0xA8, 0x6A, 0xEC, 0x89, 0xE9, 0x52,
    0x57, 0x4B, 0x13, 0x90, 0x77, 0x85, 0x97, 0x81, 0xD7, 0x7E, 0xAE, 0xE8, 0x51, 0x90, 0x41, 0x89,
    0x02, 0x4C, 0xA7, 0x6E, 0xEF, 0x93, 0x5A, 0xF4, 0x0E, 0x70, 0xA3, 0xD6, 0x70, 0x3A, 0xB9, 0x7A,
    0x66, 0x16, 0xB9, 0x1A, 0x45, 0x5E, 0xA3, 0x57, 0xC8, 0x16, 0xAF, 0xC9, 0x33, 0xA7, 0x45, 0x67,
    0xE2, 0x41, 0xFD, 0xCF, 0xF4, 0xD3, 0x89, 0xFD, 0x3F, 0x57, 0xAB, 0x0A, 0x25, 0xE7, 0xBD, 0xA9,
    0xA7, 0x54, 0xCC, 0x29, 0xA3, 0x42, 0xD6, 0xBE, 0xCF, 0xAF, 0x4A, 0xBD, 0x11, 0xF9, 0x59, 0x8B,
    0x3B, 0x33, 0x1F, 0xA9, 0xDE, 0x6E, 0x47, 0x5D, 0x06, 0x47, 0x84, 0x07, 0x54, 0x50, 0x92, 0xCA,
    0xC0, 0x25, 0x87, 0x44, 0xEC, 0x72, 0xF9, 0xA0, 0x85, 0xA9, 0xF8, 0x30, 0x07, 0x66, 0xD5, 0x1A,
    0x4B, 0x51, 0x7D, 0x64, 0x5E, 0x00, 0xBD, 0x02, 0x62, 0x7D, 0x7A, 0xC6, 0x5C, 0x3A, 0x4B, 0x68,
    0x1D, 0xDD, 0x3C, 0x26, 0xD5, 0xE5, 0x1A, 0x2E, 0x9B, 0xB2, 0x93, 0x39, 0x88, 0xA9, 0x66, 0x5F,
    0x9E, 0x2D, 0xF6, 0x9D, 0x7A, 0x3F, 0x31, 0x17, 0xE6, 0xCB, 0x87, 0xA5, 0x56, 0x17, 0xEA, 0xBD,
    0x15, 0x5A, 0x50, 0xEE, 0xAA, 0x91, 0xCA, 0xF6, 0x8E, 0xDD, 0xC8, 0x47, 0x32, 0xC2, 0x39, 0x4C,
    0x06, 0xF8, 0x3B, 0x29, 0x15, 0x7A, 0x8E, 0xF6, 0x04, 0x71, 0x5B, 0xCB, 0xF3, 0x2D, 0x20, 0x68,
    0xF5, 0x77, 0x44, 0x6C, 0x26, 0x96, 0x3E, 0x8F, 0xB8, 0x36, 0x76, 0x77, 0x33, 0x02, 0x3E, 0xB8,
    0x74, 0xAE, 0x7E, 0xD0, 0xF0, 0x5A, 0x64, 0x55, 0x59, 0x66, 0x73, 0xD8, 0xCC, 0xCE, 0x27, 0x5B,
    0xE8, 0x6B, 0x32, 0x0C, 0xF6, 0x83, 0x6C, 0x1B, 0x59, 0xB3, 0xDF, 0x45, 0x44, 0xF8, 0x01, 0xCC,
    0x20, 0x99, 0x6E, 0x4A, 0xA7, 0x6F, 0xA7, 0x87, 0x6A, 0x3B, 0x32, 0xCC, 0x4B, 0x6F, 0x2F, 0xBC,
    0xE4, 0x87, 0x0F, 0x8B, 0xBF, 0xDA, 0xEF, 0xE5, 0x83, 0x57, 0x87, 0xF2, 0x06, 0x22, 0xB2, 0x46,
    0x13, 0xB5, 0x70, 0xC1, 0x45, 0x0F, 0x19, 0xC7, 0xD5, 0xCF, 0x27, 0x9B, 0x4A, 0x8A, 0xF8, 0xEC,
    0x3A, 0x50, 0x5A, 0x04, 0x8D, 0xDE, 0x05, 0xED, 0x41, 0xDD, 0x86, 0x2B, 0x17, 0x63, 0x49, 0x68,
    0xCB, 0x9E, 0x99, 0x2F, 0x2E, 0xFF, 0x6B, 0xAE, 0x28, 0xFF, 0xBB, 0x51, 0x33, 0xF0, 0x72, 0x26,
    0x9B, 0x6D, 0x82, 0x92, 0xF6, 0xE8, 0x73, 0x9A, 0x4A, 0xFD, 0x1C, 0xDA, 0xFE, 0x8E, 0xB9, 0x1E,
    0x99, 0xDC, 0xAF, 0x0C, 0x8A, 0x86, 0xE5, 0xF0, 0x92, 0x77, 0x39, 0x66, 0xEF, 0x92, 0x75, 0xE5,
    0xA4, 0x69, 0x00, 0x3D, 0x3B, 0x30, 0xE9, 0x06, 0x27, 0x66, 0xED, 0xC5, 0x03, 0x20, 0x82, 0xE7,
    0x60, 0xAB, 0xCC, 0x58, 0x7B, 0x3F, 0x6F, 0xC3, 0x01, 0x2B, 0x39, 0x5D, 0x9C, 0x5C, 0x6B, 0xF5,
    0x35, 0x91, 0xE0, 0x95, 0x34, 0x4E, 0x4F, 0xB4, 0xF2, 0x11, 0xB9, 0xC3, 0x17, 0x51, 0xAD, 0x1F,
    0x80, 0xBD, 0x22, 0x47, 0x08, 0x22, 0x4B, 0xED, 0xD9, 0xA9, 0x75, 0xD5, 0xF5, 0xC1, 0x72, 0x66,
    0x81, 0xF9, 0x45, 0x17, 0xDC, 0xCE, 0x16, 0xE1, 0xA8, 0x5C, 0x54, 0x86, 0x1B, 0xD2, 0xBD, 0x39,
    0x27, 0xC4, 0xFD, 0x35, 0xA1, 0x77, 0xE3, 0xE2, 0x27, 0x42, 0xE8, 0xC7, 0xB6, 0x16, 0x8C, 0x7E,
    0xA9, 0x40, 0x85, 0x8E, 0xBC, 0x02, 0xD4, 0xF5, 0x24, 0x0E, 0xC9, 0x0D, 0xAD, 0xB2, 0xAB, 0x82,
    0x06, 0xD1, 0xE6, 0x4F, 0x03, 0x35, 0x17, 0x8A, 0xC8, 0x9D, 0x8C, 0xEC, 0xA1, 0xAC, 0xD4, 0xC9,
    0xCD, 0x96, 0xDC, 0x4C, 0x48, 0x5D, 0x96, 0x7F, 0x42, 0xBD, 0x96, 0x95, 0xD9, 0x6D, 0x40, 0x90,
    0x15, 0xCE, 0x94, 0x15, 0x8D, 0x9D, 0xCB, 0xEA, 0x4F, 0xFA, 0xA4, 0x11, 0xF7, 0xF1, 0xE4, 0xE1,
    0xB5, 0x20, 0x78, 0xE3, 0x10, 0xD1, 0x10, 0xC0, 0x67, 0x9B, 0x24, 0x5B, 0x84, 0xF6, 0x85, 0x58,
    0x4B, 0x9F, 0x41, 0x84, 0x1A, 0xA3, 0x5F, 0x33, 0x30, 0xE1, 0x0A, 0x0C, 0xCB, 0x8D, 0xC2, 0xCC,
    0x15, 0xCC, 0x98, 0x3B, 0x5C, 0x9E, 0x64, 0x75, 0x98, 0x4B, 0x8B, 0x44, 0x95, 0xF1, 0xA8, 0xC9,
    0x23, 0x0D, 0x0B, 0x33, 0xDA, 0xA1, 0x69, 0xB1, 0x69, 0x93, 0x25, 0xBA, 0xB9, 0x82, 0x17, 0xB7,
    0xB2, 0x4E, 0x83, 0xBE, 0xAC, 0x69, 0xFC, 0xB8, 0x50, 0x23, 0x4F, 0x49, 0x2E, 0x27, 0xD4, 0x9E,
    0xAF, 0xE0, 0xF1, 0x34, 0x6F, 0xA3, 0x2D, 0x4D, 0xCB, 0x9A, 0x36, 0x57, 0xB5, 0xD8, 0x40, 0xDB,
    0x08, 0x6C, 0x71, 0x29, 0xF0, 0xBB, 0x1F, 0xF2, 0xBD, 0xA2, 0xF8, 0x7B, 0x93, 0xCE, 0xCC, 0x0F,
    0x13, 0x99, 0x97, 0xAB, 0xCD, 0xCD, 0xDF, 0x90, 0xE9, 0x5F, 0x9A, 0x25, 0xC1, 0x69, 0xC2, 0x76,
    0x69, 0x43, 0xDD, 0x60, 0xA6, 0x25, 0xBF, 0x3B, 0x87, 0x7D, 0xA3, 0x81, 0x49, 0x47, 0x41, 0xA7,
    0x17, 0x01, 0xEA, 0x98, 0xEA, 0xCA, 0xBB, 0x2B, 0x0B, 0x49, 0xFC, 0x25, 0x09, 0x54, 0xD3, 0x41,
    0xF7, 0x89, 0x09, 0x72, 0x8E, 0xF2, 0xAC, 0xFF, 0x14, 0xD8, 0x2E, 0x1C, 0xA3, 0x0C, 0x60, 0x57,
    0x94, 0x77, 0x4A, 0xBB, 0x77, 0xEE, 0xFD, 0x1B, 0x8A, 0xE1, 0x18, 0x22, 0x2D, 0x4B, 0x0D, 0x5B,
    0x17, 0x0B, 0xE3, 0xBB, 0xF6, 0xB0, 0xD4, 0xFE, 0x46, 0xA1, 0x0B, 0xC7, 0x67, 0xAE, 0xAC, 0x67,
    0x23, 0xB2, 0x76, 0xE7, 0x8D, 0x14, 0xB1, 0x9D, 0x14, 0xCF, 0xF9, 0xB5, 0x6A, 0x47, 0xE2, 0x17,
    0xBB, 0x93, 0x53, 0xF5, 0x5C, 0x0A, 0x32, 0xE7, 0x65, 0x0E, 0x12, 0x0C, 0xE6, 0x30, 0x2F, 0xA3,
    0xEE, 0xDF, 0xE0, 0x9A, 0x10, 0xE2, 0xE6, 0x95, 0xDD, 0x97, 0x44, 0x64, 0x77, 0x1C, 0x11, 0x9F,
    0x8B, 0xCE, 0x9F, 0xAB, 0xF4, 0xF9, 0x5C, 0x6E, 0x05, 0xC9, 0x57, 0x40, 0xE4, 0xCB, 0x48, 0xD1,
    0x9C, 0xF9, 0x29, 0x15, 0x8F, 0x54, 0x4F, 0xE1, 0x57, 0xBB, 0xAB, 0xA4, 0x88, 0x67, 0x07, 0xBC,
    0xDE, 0xFC, 0x07, 0x9F, 0xFF, 0x4A, 0xAF, 0xC5, 0x35, 0xAC, 0x8C, 0x7C, 0x8D, 0x63, 0xFF, 0xD0,
    0xFC, 0xFD, 0x81, 0x5A, 0xB4, 0x9A, 0xE7, 0x66, 0x30, 0xA5, 0xF0, 0xF4, 0x75, 0x03, 0xEE, 0xEC,
    0x23, 0xBA, 0x48, 0x8F, 0x40, 0x46, 0xD3, 0x9C, 0xE4, 0x0C, 0x34, 0x30, 0x07, 0xFA, 0x11, 0x7F,
    0xB4, 0x64, 0x9D, 0x6F, 0x31, 0x58, 0xD2, 0xE7, 0x90, 0x14, 0x75, 0x45, 0x19, 0x84, 0x74, 0x07,
    0x2C, 0x07, 0xE3, 0xAA, 0x26, 0xD5, 0xB4, 0xE3, 0xF3, 0x70, 0x2B, 0xCF, 0xF7, 0xFD, 0x6D, 0xEE,
    0x4E, 0xC0, 0x2A, 0xBA, 0x9B, 0x14, 0xBF, 0x73, 0xED, 0x61, 0x93, 0xBE, 0x0B, 0xF8, 0x69, 0xF6,
    0x89, 0x3F, 0x55, 0x6C, 0x2B, 0x09, 0x7D, 0x84, 0xF5, 0x18, 0x5C, 0x0C, 0x0E, 0x02, 0xD8, 0x69,
    0xBF, 0x09, 0x9F, 0x6D, 0x6B, 0x14, 0x45, 0x12, 0x3A, 0x61, 0x38, 0xEF, 0x05, 0xC8, 0x1C, 0xC7,
    0xF6, 0xD3, 0xF9, 0x3D, 0x07, 0x45, 0x6C, 0x9F, 0x00, 0x85, 0xB7, 0x54, 0xCE, 0x28, 0x16, 0x7A,
    0x6E, 0x6F, 0x7E, 0x1B, 0xC7, 0xD1, 0x7A, 0x91, 0x5B, 0x82, 0xE4, 0x5A, 0x98, 0xE8, 0x5F, 0x3A,
    0xD4, 0xF7, 0x9C, 0x91, 0xBC, 0xCB, 0xE3, 0x14, 0x38, 0x4F, 0xC1, 0x7D, 0xA0, 0x4B, 0x5D, 0x28,
    0xB2, 0x30, 0xCB, 0x91, 0x0A, 0x93, 0x5C, 0xDC, 0x5A, 0x5C, 0x9F, 0x72, 0xF4, 0xEF, 0x39, 0x83,
    0x6B, 0xDC, 0x4B, 0x0E, 0x9C, 0x61, 0xA9, 0xAE, 0x98, 0xDF, 0x95, 0x7A, 0x98, 0x28, 0xDD, 0x74,
    0xEE, 0x8F, 0xEE, 0x12, 0x77, 0x83, 0xD9, 0xBE, 0x23, 0xE1, 0xD6, 0xEC, 0x09, 0x21, 0x76, 0x35,
    0x28, 0x4F, 0x46, 0xDA, 0xBD, 0x21, 0xCD, 0xCC, 0xAE, 0x8B, 0x0B, 0x6D, 0xF8, 0xAB, 0x86, 0xE0,
    0x79, 0x49, 0xD8, 0x5C, 0xC3, 0x2C, 0x84, 0x45, 0xAC, 0xEF, 0x01, 0xC8, 0x41, 0xA7, 0xFD, 0x8D,
    0xAA, 0xAB, 0xB7, 0xF5, 0x04, 0x97, 0x3A, 0x47, 0x67, 0xF7, 0x6E, 0xEF, 0x26, 0xEC, 0x33, 0x7E,
    0x19, 0xB5, 0x90, 0x96, 0xB4, 0x45, 0x9E, 0xD6, 0xBE, 0x4F, 0x55, 0x14, 0x32, 0x7E, 0x79, 0xF7,
    0xEC, 0x70, 0x33, 0x71, 0x49, 0x9F, 0xE0, 0x58, 0xEE, 0x0A, 0x19, 0x96, 0x6D, 0xEE, 0x6A, 0xD8,
    0xCF, 0x5D, 0x35, 0x86, 0xA0, 0x1B, 0xA2, 0x6E, 0x08, 0x3B, 0x35, 0x79, 0xE5, 0xE2, 0x08, 0x44,
    0xDE, 0x38, 0xE8, 0x9F, 0x09, 0xC3, 0xF8, 0x2B, 0x60, 0xD8, 0x1F, 0x60, 0x58, 0xF1, 0xE0, 0x3F,
    0x8A, 0x4E, 0xEC, 0xBF, 0x96, 0x76, 0xC1, 0x30, 0x52, 0xC3, 0x5B, 0x63, 0x9F, 0x08, 0x42, 0x7E,
    0xBA, 0x7D, 0x1B, 0x8D, 0x16, 0x1E, 0xEA, 0x5B, 0x36, 0x4C, 0xFA, 0x99, 0xBA, 0xB3, 0xDB, 0x82,
    0xC2, 0xAF, 0x2A, 0xA7, 0xD5, 0x81, 0x9C, 0x7E, 0x02, 0x44, 0x5E, 0xB5, 0xB3, 0x67, 0xC3, 0x00,
    0x0F, 0x87, 0xE2, 0xE6, 0x5B, 0x2E, 0x81, 0x8B, 0xB9, 0xE6, 0xC0, 0x9D, 0xA3, 0x99, 0x1D, 0xAF,
    0xF9, 0x70, 0x89, 0x58, 0xC2, 0x5A, 0x36, 0x79, 0xEF, 0xE1, 0xE1, 0xF1, 0x12, 0x5A, 0x72, 0x39,
    0xCE, 0x2B, 0x80, 0x1A, 0x97, 0x11, 0x40, 0x00, 0xB9, 0x4F, 0x3B, 0x04, 0x6B, 0x41, 0xA5, 0xCF,
    0x88, 0x0F, 0x4A, 0xBF, 0x10, 0xE7, 0x49, 0xC5, 0xE2, 0xE1, 0x5B, 0x00, 0xDA, 0x18, 0x46, 0x50,
    0x96, 0xB6, 0xC9, 0x13, 0xD4, 0x86, 0xA5, 0x6D, 0xFA, 0x7B, 0xF2, 0xDA, 0x96, 0x8F, 0xF0, 0x2A,
    0xA5, 0xB4, 0xB5, 0x6F, 0x0F, 0x90, 0x95, 0x3F, 0xDA, 0xEF, 0x0E, 0x38, 0x8A, 0xFF, 0x27, 0x1B,
    0x20, 0xB5, 0x90, 0x3C, 0x19, 0x83, 0x91, 0x91, 0xED, 0x21, 0x98, 0xD8, 0xF7, 0xAC, 0x06, 0x4D,
    0x18, 0x2D, 0x32, 0xDA, 0xB3, 0x74, 0xB7, 0x0E, 0xB4, 0xFC, 0xAC, 0x0A, 0xD4, 0x5F, 0xC9, 0x02,
    0x75, 0xAA, 0x04, 0xF0, 0x86, 0x85, 0x8A, 0x81, 0xCB, 0x24, 0x39, 0x2F, 0x88, 0x6B, 0x98, 0x6F,
    0x19, 0x62, 0x68, 0x5B, 0x8D, 0xBB, 0x0F, 0x47, 0x9D, 0x9B, 0x83, 0x08, 0x03, 0x7D, 0x23, 0x2B,
    0x8B, 0x82, 0x51, 0xA8, 0xB2, 0x4E, 0x47, 0x61, 0xAE, 0x94, 0xDD, 0x02, 0x17, 0xD7, 0x25, 0x26,
    0xB0, 0xAC, 0x2D, 0xCE, 0x4E, 0x94, 0xBF, 0x19, 0x91, 0xD3, 0xCB, 0x3F, 0x18, 0xC0, 0x4F, 0xFE,
    0x51, 0x07, 0x76, 0xF2, 0x8F, 0xDB, 0x41, 0x2C, 0xBD, 0xFC, 0x71, 0x33, 0xF2, 0x74, 0x55, 0x35,
    0xB1, 0x54, 0xB9, 0xB2, 0x3C, 0x04, 0x94, 0x81, 0x93, 0xD4, 0x32, 0xC4, 0x96, 0x4E, 0x9E, 0xBE,
    0x6C, 0x81, 0x89, 0x45, 0x74, 0xED, 0xC6, 0xEB, 0xF4, 0xEC, 0xF6, 0x15, 0x56, 0xB9, 0x4B, 0x3C,
    0xBF, 0xCA, 0xD4, 0xC9, 0xB9, 0xF9, 0xE9, 0xB1, 0xE3, 0x40, 0x22, 0x76, 0xB0, 0x65, 0x73, 0x56,
    0x39, 0x1B, 0x1E, 0x52, 0x62, 0x76, 0x33, 0x80, 0x04, 0xC2, 0xC8, 0x2C, 0x12, 0xAE, 0xB3, 0x0A,
    0x1B, 0x84, 0xF0, 0x46, 0xEB, 0xD7, 0x7E, 0xC4, 0x47, 0x97, 0x9F, 0x73, 0xA0, 0x54, 0x33, 0x5F,
    0xA9, 0x2A, 0x15, 0x87, 0x55, 0xA4, 0x84, 0x39, 0x52, 0x82, 0xCD, 0xAB, 0x96, 0xAE, 0xAA, 0x8F,
    0xDD, 0xAB, 0x6E, 0x49, 0xF7, 0xCA, 0x64, 0x67, 0xFE, 0xCA, 0x6C, 0xF1, 0xB6, 0xB5, 0x80, 0xC7,
    0x7E, 0xC0, 0x57, 0x85, 0x98, 0xFD, 0x17, 0xA3, 0xB1, 0x88, 0xBB, 0x61, 0xF6, 0x17, 0x47, 0x6F,
    0x34, 0x58, 0x8F, 0x41, 0xC5, 0x21, 0x45, 0xF5, 0x71, 0xC5, 0x43, 0x33, 0x48, 0x9E, 0x9A, 0xBC,
    0x66, 0xBA, 0xE8, 0x43, 0xD6, 0x1A, 0x7D, 0xC4, 0x82, 0xA1, 0x8F, 0xF5, 0xE5, 0x4C, 0xB4, 0xF2,
    0xD5, 0x63, 0xE6, 0x50, 0x31, 0x45, 0x21, 0x72, 0x96, 0x60, 0xB6, 0xFA, 0x49, 0xEB, 0x2B, 0x59,
    0x5C, 0x75, 0x2B, 0xE9, 0xCB, 0x79, 0x89, 0xAB, 0x04, 0x35, 0xEF, 0xEE, 0xB4, 0x24, 0x9C, 0x25,
    0x11, 0xBE, 0x8D, 0x86, 0xF5, 0x37, 0xF7, 0xDD, 0x6D, 0x9D, 0x98, 0x79, 0xBF, 0x08, 0x74, 0x4F,
    0xD3, 0xA4, 0x84, 0x73, 0x80, 0x5C, 0x35, 0xCA, 0xEE, 0xFC, 0xC8, 0x4B, 0xD6, 0x5C, 0x4A, 0x8B,
    0x15, 0x65, 0x91, 0x7A, 0x62, 0xAE, 0x8B, 0xAD, 0x53, 0x3C, 0xEE, 0xFD, 0x2E, 0xFE, 0x4C, 0xB7,
    0x3B, 0x08, 0xAF, 0x5F, 0xA9, 0x8D, 0xA3, 0xC7, 0xFC, 0x96, 0xD7, 0x90, 0x65, 0x5F, 0xFC, 0x95,
    0x0B, 0x52, 0x07, 0xF3, 0x57, 0xCB, 0x8B, 0x3A, 0xB4, 0x7C, 0xDF, 0xF9, 0x9D, 0xB3, 0x8E, 0x71,
    0xFB, 0xC1, 0x8B, 0x66, 0x2E, 0x52, 0x72, 0x5B, 0xA2, 0x02, 0xC1, 0xF2, 0xAB, 0x83, 0xEA, 0xAB,
    0x55, 0x43, 0x55, 0xAE, 0x6A, 0xC2, 0xBD, 0xE9, 0x45, 0x0F, 0x72, 0x33, 0x29, 0xEF, 0x24, 0x29,
    0xD7, 0x60, 0xC9, 0xB8, 0x84, 0x2F, 0xF5, 0x88, 0x3F, 0xAF, 0x0B, 0x9C, 0xDC, 0x35, 0xEA, 0xC6,
    0xB9, 0x97, 0x8A, 0xCC, 0x6D, 0x6E, 0xE7, 0x93, 0x45, 0xBF, 0x30, 0x9B, 0x23, 0xA5, 0xFA, 0xE2,
    0xB0, 0xF9, 0xB7, 0xC3, 0x13, 0xA6, 0xB7, 0x08, 0xF4, 0xEF, 0x6C, 0xB2, 0x22, 0x6E, 0xE8, 0xC2,
    0xEC, 0x87, 0xE7, 0xAF, 0x1F, 0x6E, 0xEF, 0x1D, 0x4D, 0x59, 0x59, 0x4D, 0xBF, 0xE5, 0x8F, 0x7B,
    0xB3, 0x9C, 0x70, 0x9F, 0x03, 0x44, 0x5E, 0x77, 0x7B, 0x51, 0xFF, 0xBE, 0x79, 0xF9, 0xCB, 0x56,
    0x2E, 0x5D, 0x3B, 0xF6, 0xA7, 0x23, 0x1F, 0x18, 0xF1, 0x00, 0x63, 0xAF, 0x2F, 0x38, 0xEA, 0x97,
    0x28, 0x49, 0xC2, 0xEB, 0x1B, 0xEE, 0xBC, 0xE9, 0x5E, 0xC1, 0xF5, 0xF1, 0xF2, 0xE3, 0xBD, 0x72,
    0xDB, 0x4D, 0xA9, 0xED, 0xFF, 0x03, 0xED, 0x59, 0x3D, 0xAF, 0xE5, 0x48, 0x11, 0x6D, 0xDF, 0xCB,
    0x3C, 0x23, 0x1C, 0x78, 0x03, 0x96, 0x60, 0x5F, 0xE0, 0x14, 0x91, 0xF8, 0x0F, 0x20, 0xD9, 0x23,
    0xC4, 0x90, 0x6E, 0xC0, 0xC4, 0x93, 0x93, 0xBC, 0x3F, 0x80, 0xE4, 0x0B, 0x48, 0x6C, 0xB0, 0xC9,
    0x2C, 0xBF, 0x60, 0x83, 0x09, 0x58, 0x12, 0x08, 0x41, 0x42, 0xD8, 0x30, 0xC1, 0x86, 0x18, 0x12,
    0x02, 0x02, 0x1C, 0x0C, 0xDA, 0x60, 0x91, 0x30, 0x92, 0x11, 0x9E, 0x1D, 0xDB, 0x45, 0x9D, 0x53,
    0xD5, 0xF6, 0xE5, 0xED, 0x30, 0x01, 0x21, 0x70, 0x35, 0xD3, 0xDD, 0xF7, 0xBE, 0xB6, 0x5D, 0x75,
    0xBA, 0x3E, 0x4E, 0x95, 0x43, 0xC0, 0xE7, 0x6B, 0x17, 0x4E, 0xA1, 0xED, 0x6C, 0x16, 0x9B, 0x53,
    0xA9, 0x43, 0xB8, 0x15, 0xFD, 0x84, 0x90, 0x60, 0x5A, 0x43, 0xC8, 0x31, 0x8F, 0x21, 0x34, 0x3A,
    0x6D, 0xD8, 0xBA, 0x7D, 0x13, 0x7F, 0x3E, 0xCB, 0x10, 0x2A, 0x9D, 0x33, 0xB9, 0xE8, 0x96, 0x4B,
    0x28, 0x7C, 0x5D, 0xAD, 0xF8, 0x5B, 0x17, 0xAA, 0xC5, 0xE6, 0x66, 0xB6, 0xB9, 0x9D, 0x7C, 0x1E,
    0x31, 0x5F, 0x02, 0x6E, 0x89, 0xC7, 0x61, 0xCE, 0xF5, 0x5A, 0x99, 0x6C, 0x6E, 0x75, 0x3F, 0xEE,
    0xD1, 0xE8, 0xF5, 0xAD, 0xFE, 0xD7, 0x67, 0x9C, 0xB0, 0xA7, 0x90, 0x17, 0x77, 0xD2, 0xE3, 0x19,
    0xFA, 0x51, 0x29, 0x4F, 0x3A, 0x2D, 0x90, 0x59, 0xE5, 0xEA, 0x31, 0xDF, 0xC8, 0xCB, 0xE0, 0x9F,
    0xD3, 0x8F, 0xA9, 0x0C, 0xFF, 0x9C, 0x71, 0x2C, 0x67, 0x5E, 0x30, 0xEA, 0xED, 0x74, 0x3B, 0x55,
    0xAB, 0x53, 0x1D, 0x66, 0x7D, 0xE6, 0x07, 0xFA, 0xE8, 0x72, 0x0D, 0xD5, 0x8C, 0x7F, 0xE5, 0x12,
    0x9A, 0x11, 0x63, 0x6B, 0xE3, 0x80, 0x11, 0xAA, 0xCE, 0x90, 0xB4, 0x99, 0xF4, 0xF7, 0x04, 0x8B,
    0xF5, 0x56, 0x9F, 0x8A, 0x9B, 0x41, 0x7B, 0xE0, 0x72, 0x16, 0x68, 0x10, 0xEE, 0xB6, 0x3A, 0x4A,
    0xF1, 0xA5, 0x0F, 0x6D, 0x2E, 0x47, 0x9B, 0x2B, 0x9B, 0x13, 0xBD, 0x9B, 0xDE, 0x41, 0xF7, 0x77,
    0xB8, 0xB1, 0xCE, 0x97, 0x44, 0xEF, 0x95, 0xEA, 0x4D, 0x4E, 0xFA, 0x53, 0xA6, 0xBF, 0x61, 0xCE,
    0xC5, 0xF0, 0xCA, 0x37, 0xC3, 0x2B, 0x5F, 0x0D, 0xAF, 0x62, 0x01, 0x06, 0x01, 0x62, 0x71, 0x0F,
    0x70, 0xC6, 0x1E, 0x15, 0x90, 0xB3, 0x8A, 0x18, 0x0A, 0xDD, 0x0B, 0x9C, 0xB1, 0x07, 0x33, 0xF6,
    0xE8, 0x6D, 0x6D, 0xEE, 0xB9, 0x17, 0x8F, 0xC0, 0x77, 0xDC, 0x1A, 0x73, 0x0E, 0x4C, 0x4B, 0x79,
    0xD8, 0xE0, 0x88, 0x0B, 0xC7, 0x36, 0xB3, 0x93, 0x27, 0x74, 0x34, 0x98, 0x5B, 0x79, 0x11, 0xB5,
    0x0B, 0x3F, 0x71, 0x6D, 0x38, 0x9D, 0x6D, 0xBA, 0xDD, 0x74, 0x55, 0x67, 0x7A, 0x71, 0x2A, 0x7A,
    0xCB, 0xD9, 0xA6, 0x01, 0x02, 0x17, 0x0A, 0x8C, 0xCA, 0x47, 0xB1, 0x57, 0x4A, 0xA2, 0x9A, 0x40,
    0x68, 0xFD, 0xA5, 0x9A, 0x28, 0x43, 0x33, 0x52, 0x34, 0x4A, 0x3C, 0x51, 0xE0, 0x66, 0x4A, 0x38,
    0xCD, 0x67, 0x88, 0xDD, 0xAC, 0x05, 0xA5, 0x16, 0x89, 0xD3, 0x05, 0xB2, 0xFE, 0xC3, 0xCC, 0xE1,
    0xFB, 0xB2, 0x23, 0xAF, 0x5F, 0x9F, 0x25, 0x1F, 0x1D, 0x5F, 0x56, 0x80, 0x17, 0x3F, 0xD2, 0x8E,
    0xC7, 0x97, 0x4A, 0x2E, 0xC7, 0x97, 0xEB, 0x5D, 0xE1, 0x3C, 0x84, 0x37, 0x7D, 0x2A, 0xD9, 0x9E,
    0xBA, 0x6F, 0x74, 0x10, 0x65, 0x35, 0xD4, 0x60, 0xF0, 0x1C, 0xF9, 0xE5, 0x12, 0x5A, 0x22, 0x58,
    0x9A, 0xCD, 0xB6, 0xE3, 0x57, 0x14, 0x99, 0xCA, 0xDC, 0x0B, 0x36, 0xB5, 0x12, 0x5B, 0x3B, 0x14,
    0x9C, 0xA5, 0xE2, 0x34, 0x86, 0x24, 0x7E, 0x29, 0xF5, 0x36, 0x66, 0x11, 0x70, 0x54, 0x37, 0x87,
    0x4C, 0xEF, 0xC3, 0x4B, 0x70, 0x70, 0xF8, 0x82, 0x4B, 0x00, 0x3A, 0xAF, 0xC1, 0x25, 0xB4, 0x12,
    0x7A, 0x92, 0xDD, 0x11, 0x82, 0xD9, 0x25, 0xB6, 0x65, 0xB3, 0x4B, 0xCC, 0x58, 0x56, 0xBB, 0x84,
    0xAA, 0xEB, 0x16, 0x5E, 0x82, 0x83, 0x49, 0x65, 0x3A, 0xE9, 0xF1, 0x05, 0x1E, 0x4F, 0x2B, 0x03,
    0x0E, 0x31, 0x18, 0xE6, 0x72, 0xA9, 0x76, 0xAD, 0xD5, 0x66, 0xAB, 0x43, 0xEB, 0x89, 0xA3, 0x6B,
    0x5D, 0x73, 0xE4, 0x17, 0x20, 0x25, 0xEE, 0xB6, 0xFE, 0xF9, 0x28, 0x7C, 0x67, 0xFF, 0xD2, 0x7E,
    0x6B, 0x8B, 0x78, 0xAA, 0x34, 0x53, 0x70, 0x38, 0x19, 0x4D, 0x1C, 0x4D, 0x3D, 0x42, 0x62, 0x60,
    0xE6, 0xC8, 0x8B, 0x88, 0xA5, 0x9F, 0xA8, 0x43, 0xE9, 0x6B, 0x55, 0x17, 0x57, 0xD5, 0x0E, 0x24,
    0xAE, 0x8A, 0x38, 0x12, 0x7A, 0x87, 0xD1, 0xD7, 0x17, 0x87, 0x74, 0xF5, 0x35, 0x9E, 0x3B, 0xED,
    0x18, 0x96, 0x7A, 0x0F, 0xFC, 0xC6, 0x08, 0xE5, 0x73, 0x01, 0x23, 0x8F, 0xDE, 0xB7, 0xEA, 0xE3,
    0x06, 0x03, 0x53, 0xA3, 0x55, 0x43, 0x8B, 0x5C, 0xF5, 0x76, 0xD3, 0x89, 0x3A, 0x28, 0x7A, 0x19,
    0xD0, 0x43, 0x68, 0xA8, 0x96, 0x07, 0x2D, 0xC0, 0xEB, 0x1D, 0xC8, 0x8D, 0x62, 0x0E, 0x57, 0xD0,
    0xF5, 0x57, 0xC8, 0x75, 0x57, 0xC0, 0x75, 0xD1, 0x26, 0xD7, 0xD3, 0x8E, 0xA1, 0xE4, 0xCB, 0xAE,
    0xBC, 0x1D, 0x8E, 0x59, 0x51, 0x6D, 0x5E, 0xD9, 0x79, 0xF8, 0x33, 0x47, 0x7F, 0xD7, 0x9D, 0xD4,
    0x8D, 0x3D, 0xF9, 0xF6, 0xBE, 0x2C, 0xE5, 0x07, 0x0E, 0x85, 0x3E, 0xE9, 0x93, 0x1D, 0x21, 0xFD,
    0x24, 0x14, 0x31, 0x93, 0x57, 0xB2, 0x9D, 0x98, 0x09, 0x14, 0xD7, 0x96, 0x41, 0x68, 0x81, 0xB3,
    0x56, 0x4C, 0x0D, 0x23, 0x3C, 0x15, 0x3E, 0x0D, 0xCD, 0xD5, 0x7F, 0xD5, 0x74, 0x12, 0x44, 0x43,
    0x44, 0xCF, 0x99, 0x48, 0x22, 0xD6, 0x95, 0x13, 0x81, 0x0C, 0xB6, 0x1D, 0xCF, 0xC2, 0xB2, 0x1D,
    0x09, 0xA3, 0x66, 0x06, 0x8D, 0xA8, 0x44, 0x51, 0xEF, 0x7F, 0x2B, 0x03, 0x41, 0x24, 0x42, 0x83,
    0x01, 0x01, 0xF7, 0xE9, 0x0D, 0x87, 0x4C, 0xD6, 0xB8, 0x4C, 0xDA, 0x5E, 0x7E, 0x67, 0x26, 0xC6,
    0x70, 0x12, 0x3C, 0xEF, 0xCC, 0xBB, 0xAE, 0x08, 0x85, 0xBE, 0x74, 0x9F, 0x4F, 0xE9, 0x85, 0x5C,
    0x66, 0xE6, 0x83, 0xC1, 0xDD, 0x22, 0x2E, 0x37, 0xFA, 0x1F, 0xBD, 0x60, 0x35, 0xEC, 0xCC, 0x21,
    0xCE, 0xBE, 0x2C, 0x97, 0x1D, 0x46, 0x46, 0x4F, 0x3B, 0x8E, 0x6A, 0xB6, 0xD4, 0x19, 0x18, 0x7F,
    0x33, 0x89, 0x36, 0x6A, 0x8E, 0xEC, 0xCB, 0x6D, 0xB7, 0x50, 0x06, 0x9A, 0xB4, 0xC3, 0x81, 0x21,
    0x54, 0x27, 0x6D, 0x87, 0x27, 0x01, 0x46, 0x9D, 0x71, 0x7B, 0x28, 0xFF, 0x37, 0x99, 0x4A, 0x31,
    0x1C, 0x46, 0xCB, 0xC4, 0x34, 0x97, 0x0A, 0x49, 0x8B, 0x16, 0xA2, 0x66, 0x05, 0x51, 0x5B, 0x66,
    0xB4, 0x76, 0x4F, 0x7E, 0xA1, 0xE8, 0xF7, 0x7C, 0x43, 0x5C, 0xDA, 0xD9, 0x40, 0xD1, 0x99, 0x88,
    0x54, 0x93, 0x61, 0xA0, 0xFB, 0x62, 0x28, 0x74, 0xED, 0x39, 0xAB, 0x08, 0x84, 0x40, 0xE5, 0xA0,
    0xFE, 0x3A, 0x9F, 0x6D, 0xAE, 0xA9, 0x79, 0x2A, 0xA6, 0xB6, 0x6A, 0x49, 0x9D, 0xF3, 0xCD, 0x14,
    0x56, 0xA5, 0xF2, 0x38, 0x6F, 0x06, 0x5A, 0xEE, 0x2E, 0x00, 0x25, 0x3D, 0xB9, 0xF2, 0xF1, 0xD4,
    0xA9, 0xB2, 0x64, 0x3C, 0xAA, 0xD5, 0x50, 0x31, 0x95, 0x85, 0x5A, 0xA9, 0x0C, 0x54, 0xC9, 0x8F,
    0x21, 0xD9, 0xA9, 0x49, 0x67, 0x87, 0x69, 0xE8, 0xA7, 0x22, 0x7E, 0x8C, 0xAB, 0x9F, 0xA1, 0xAB,
    0xD0, 0xD4, 0xCE, 0x67, 0x64, 0x38, 0x21, 0xD3, 0xDA, 0xD8, 0x07, 0x64, 0x7D, 0x0D, 0x53, 0xB5,
    0x9D, 0xA9, 0x9D, 0x21, 0x73, 0x15, 0xB4, 0x30, 0x1D, 0x7C, 0xA4, 0xFC, 0x26, 0x3D, 0x64, 0x5F,
    0x5C, 0x72, 0xC8, 0x6D, 0xE3, 0x0C, 0x4B, 0x37, 0x14, 0x75, 0x01, 0x79, 0x47, 0x3E, 0x61, 0xE6,
    0x63, 0xD5, 0x28, 0xE1, 0xBB, 0xBF, 0x61, 0x84, 0x7C, 0xCE, 0x98, 0xF2, 0x9C, 0xB6, 0x91, 0x5A,
    0x70, 0x25, 0x46, 0x62, 0x69, 0x76, 0x89, 0x21, 0xCF, 0x13, 0x51, 0xA5, 0x1B, 0x09, 0x12, 0x9E,
    0xE7, 0x26, 0xC1, 0xCC, 0x18, 0x0D, 0x1B, 0xE9, 0x11, 0xC4, 0x63, 0x32, 0x4B, 0x6B, 0x11, 0x3E,
    0x46, 0xB3, 0x2F, 0xA1, 0x4B, 0xC5, 0xB5, 0xE5, 0x4F, 0x75, 0xB3, 0x44, 0xFE, 0x34, 0xFB, 0x5A,
    0xA1, 0xF8, 0xED, 0x42, 0x02, 0xA0, 0x07, 0x7C, 0x96, 0xF7, 0x57, 0x62, 0x4B, 0x93, 0x7B, 0x6F,
    0xF3, 0xB3, 0xD6, 0xF5, 0x37, 0x84, 0xE8, 0xE8, 0x90, 0xCA, 0x49, 0xBF, 0xD5, 0x0E, 0x54, 0x22,
    0xEF, 0x61, 0x6D, 0x70, 0xC9, 0xC7, 0x9E, 0x5D, 0x14, 0xA5, 0xF6, 0x8F, 0xA6, 0x13, 0xD6, 0xCD,
    0x5F, 0xB7, 0xF0, 0x5D, 0x07, 0xB0, 0x92, 0x55, 0xC7, 0x72, 0x31, 0x6D, 0x96, 0x9D, 0x63, 0xA9,
    0xDE, 0x85, 0x3C, 0xB4, 0x60, 0x90, 0xCB, 0x92, 0x5B, 0x14, 0x84, 0xB3, 0xCC, 0x67, 0x4B, 0x19,
    0x23, 0x12, 0x50, 0xA0, 0xD1, 0xB7, 0xA0, 0x4A, 0xA3, 0x32, 0x8F, 0xA7, 0x47, 0xF2, 0xDD, 0xF3,
    0x34, 0x0C, 0xD1, 0x30, 0x4B, 0xE9, 0x35, 0x9D, 0xAF, 0x0C, 0xAF, 0x33, 0x43, 0x29, 0xD1, 0xC2,
    0x8D, 0x22, 0x56, 0x07, 0x52, 0x8E, 0x13, 0x83, 0x16, 0x51, 0x52, 0x41, 0x1D, 0x23, 0x15, 0xD3,
    0x11, 0xD2, 0xAB, 0x1D, 0x9F, 0x06, 0xA2, 0x10, 0x1D, 0x0A, 0x48, 0x6C, 0x74, 0x05, 0x64, 0x10,
    0x44, 0x87, 0xE0, 0xB8, 0x20, 0x0E, 0x13, 0x15, 0xE0, 0x6B, 0x98, 0x00, 0x5D, 0x43, 0xC4, 0x3D,
    0xBD, 0x94, 0x85, 0x8E, 0x4E, 0x34, 0xA8, 0x06, 0xB1, 0x80, 0x8D, 0x18, 0x12, 0xF0, 0x29, 0xC3,
    0x21, 0xDB, 0x22, 0x0A, 0x07, 0x41, 0x29, 0xF6, 0x55, 0xB3, 0xEC, 0x8C, 0x64, 0x8E, 0x3F, 0x1D,
    0x59, 0xD2, 0x9D, 0x48, 0x57, 0xDB, 0x41, 0x87, 0xA6, 0x10, 0x63, 0x5D, 0xD8, 0x2D, 0xF2, 0x6A,
    0x8E, 0xBF, 0x9F, 0xE6, 0x2B, 0xBE, 0xF3, 0xB6, 0xB9, 0xD5, 0x73, 0x64, 0x2A, 0xD8, 0x14, 0xC8,
    0xC2, 0x68, 0x79, 0x01, 0xF3, 0xA6, 0x06, 0x2D, 0x83, 0xD6, 0x04, 0x9A, 0x1C, 0x61, 0x5B, 0x5D,
    0xBE, 0xA9, 0xF2, 0x34, 0x15, 0x55, 0x98, 0x66, 0x62, 0x73, 0x01, 0xB5, 0xC9, 0x03, 0x55, 0x69,
    0x7A, 0x58, 0x2A, 0xE6, 0x63, 0xFA, 0x47, 0x7A, 0x99, 0xAA, 0x4B, 0x0F, 0xCB, 0x37, 0x23, 0x83,
    0x60, 0x8B, 0x7A, 0x4A, 0x63, 0xB1, 0x98, 0xB7, 0x19, 0x37, 0xE7, 0x09, 0x99, 0xDE, 0xA6, 0x4E,
    0xE2, 0xB1, 0x2C, 0x52, 0x04, 0xAF, 0x0A, 0x12, 0x8F, 0x17, 0xCE, 0x66, 0xC2, 0x3B, 0xF5, 0x3B,
    0xCF, 0xA0, 0xEB, 0xD0, 0xC2, 0x25, 0xB2, 0x57, 0xF4, 0xCC, 0x93, 0x2C, 0xD7, 0x61, 0xB0, 0xAC,
    0x3F, 0xCF, 0xF7, 0x32, 0x0B, 0x3F, 0xB9, 0xDD, 0xD5, 0x33, 0x6E, 0x63, 0xD3, 0x4E, 0x92, 0x47,
    0x0B, 0x50, 0x23, 0xF7, 0x33, 0xD6, 0x16, 0x62, 0x6E, 0xBB, 0x96, 0x33, 0xCF, 0x8A, 0x0E, 0x2D,
    0x53, 0xC1, 0x50, 0x0F, 0x95, 0xE0, 0x72, 0x39, 0x53, 0x29, 0x50, 0xD1, 0xFD, 0x35, 0xC9, 0xBC,
    0x65, 0xE4, 0x36, 0x26, 0x66, 0xA3, 0x30, 0x5E, 0xB5, 0xF4, 0x74, 0x41, 0x55, 0x4B, 0x91, 0x2C,
    0x8C, 0x16, 0x56, 0x9B, 0x25, 0xBF, 0x74, 0x86, 0xB1, 0x9C, 0x36, 0x62, 0xD2, 0x52, 0xE4, 0x8A,
    0xA7, 0x99, 0x13, 0xA4, 0xE4, 0x4A, 0xB1, 0xB7, 0xDF, 0x65, 0x48, 0xDA, 0x2C, 0xD5, 0x76, 0x7C,
    0xCA, 0xA8, 0x0F, 0x79, 0x05, 0x0A, 0xDA, 0x12, 0xD5, 0x2F, 0x38, 0xB6, 0x18, 0x93, 0x9F, 0x22,
    0x4C, 0x35, 0xD8, 0xA3, 0x17, 0x21, 0xA7, 0x6F, 0x38, 0x06, 0xE3, 0xE9, 0x8D, 0x5A, 0x80, 0x26,
    0x13, 0xD2, 0xF3, 0x76, 0xE7, 0x86, 0x20, 0xC1, 0x9F, 0xA9, 0x98, 0x27, 0xF9, 0x11, 0xCF, 0xA0,
    0x18, 0x0A, 0x80, 0x90, 0xCE, 0x6D, 0x6F, 0x70, 0x99, 0x61, 0xDA, 0xB9, 0x94, 0x66, 0xA8, 0x0F,
    0x3E, 0x8F, 0x3C, 0x6B, 0xA5, 0x8B, 0x95, 0x4A, 0x5E, 0x29, 0xD5, 0x4E, 0xE7, 0xBC, 0x4E, 0xF2,
    0x32, 0xC9, 0xAB, 0x24, 0x2F, 0x92, 0xBC, 0x46, 0xF2, 0x12, 0xC9, 0x2B, 0x24, 0x2F, 0x90, 0xBC,
    0x3E, 0xF2, 0xF2, 0xC8, 0xAB, 0x23, 0x2F, 0x8E, 0xBC, 0x36, 0xF2, 0xD2, 0xC8, 0x2B, 0x23, 0x2F,
    0x8C, 0xBC, 0x2E, 0xF2, 0xB2, 0x28, 0x56, 0x45, 0x5E, 0x14, 0x65, 0x86, 0xFD, 0x4A, 0xCC, 0xEC,
    0x2F, 0xC6, 0x4A, 0xF3, 0xF1, 0x3E, 0xF6, 0xE1, 0x2A, 0xF7, 0x40, 0xA6, 0x94, 0xA1, 0x93, 0xDE,
    0xE1, 0x35, 0x52, 0xCE, 0x58, 0x79, 0x2F, 0xF7, 0x20, 0xEB, 0xCC, 0x57, 0xA8, 0x4F, 0x40, 0xC3,
    0x6A, 0x23, 0x2B, 0x8D, 0xAA, 0x1D, 0xFB, 0x8B, 0xD7, 0x45, 0xB1, 0x2C, 0x32, 0xEC, 0x33, 0x42,
    0xEF, 0xC8, 0x1B, 0xF0, 0x55, 0xFF, 0x5A, 0xD8, 0xA9, 0xD3, 0x89, 0x64, 0xB4, 0x20, 0x31, 0x25,
    0x49, 0x4D, 0x64, 0x7D, 0x84, 0x18, 0xAD, 0x60, 0x5D, 0x60, 0x80, 0x5F, 0xF6, 0x98, 0x61, 0xF4,
    0xCB, 0xC6, 0x06, 0x54, 0x76, 0x6B, 0x91, 0x9B, 0x56, 0x41, 0x26, 0x5A, 0xF6, 0x51, 0x77, 0x70,
    0x9C, 0xD1, 0x0B, 0x68, 0x27, 0x54, 0xF7, 0x4A, 0x03, 0x70, 0x70, 0xA3, 0xB2, 0xE2, 0x3B, 0x8D,
    0x6F, 0xB0, 0xF0, 0x01, 0x75, 0xB9, 0xCA, 0xA9, 0xA1, 0xA5, 0xEA, 0x10, 0xF7, 0x75, 0x3C, 0x2D,
    0x24, 0xBE, 0xC2, 0x00, 0x58, 0xD1, 0xC1, 0x0A, 0x22, 0x9C, 0x12, 0xE1, 0xE4, 0xC3, 0x43, 0xF2,
    0xC7, 0xE6, 0xAD, 0x43, 0x8B, 0xF2, 0x7C, 0x61, 0x42, 0x16, 0x64, 0xB5, 0x4D, 0x90, 0xCF, 0x3A,
    0x38, 0x98, 0x80, 0xF2, 0x17, 0xB0, 0x14, 0x60, 0x6B, 0x63, 0x16, 0x61, 0xB7, 0x94, 0x5F, 0xB2,
    0x44, 0x2D, 0xE4, 0x87, 0xB2, 0xB0, 0xC8, 0x03, 0xBF, 0x43, 0xB2, 0x50, 0x72, 0x8B, 0x1C, 0x52,
    0xBE, 0xF0, 0xFC, 0x31, 0x38, 0xEF, 0x4E, 0xC8, 0x91, 0xEE, 0xA6, 0x27, 0x2A, 0x66, 0xC3, 0x7E,
    0x40, 0x49, 0x9E, 0x96, 0x59, 0x18, 0xBA, 0x7B, 0x79, 0xA0, 0xCA, 0xC6, 0x4A, 0x6D, 0xB5, 0xE3,
    0x60, 0xA4, 0x6E, 0xB6, 0xAE, 0xCA, 0x1A, 0x9B, 0x2A, 0xD6, 0x53, 0x81, 0xA0, 0x58, 0x96, 0xD6,
    0x51, 0xF1, 0x86, 0x8A, 0xF7, 0x53, 0xBC, 0x9D, 0xE2, 0xDD, 0x14, 0x6B, 0xA6, 0x5C, 0xAC, 0x97,
    0x52, 0xC3, 0x53, 0x41, 0xD6, 0x67, 0x7A, 0xBF, 0x37, 0x52, 0x2A, 0xF8, 0x09, 0x78, 0xF8, 0x9F,
    0xEF, 0x90, 0xA9, 0x8C, 0x38, 0x9F, 0x8D, 0x58, 0xC2, 0x69, 0x19, 0x0E, 0x65, 0x8B, 0x85, 0x04,
    0xAB, 0x0D, 0x8B, 0x7C, 0xB3, 0x13, 0xAC, 0x9F, 0x19, 0xEF, 0x1A, 0x2C, 0xDA, 0x9A, 0xBF, 0x3E,
    0xAE, 0x9D, 0x82, 0xE9, 0x1D, 0x2E, 0xB0, 0x97, 0x01, 0x05, 0xC3, 0x88, 0x12, 0x6C, 0x06, 0x5B,
    0x5A, 0x58, 0x1E, 0xB0, 0xA3, 0x42, 0x87, 0x93, 0xC1, 0x86, 0x6A, 0x66, 0x37, 0x05, 0x81, 0x7C,
    0x6C, 0x34, 0x05, 0xF4, 0x34, 0x5A, 0x76, 0x52, 0xCE, 0x4E, 0x70, 0xF5, 0x78, 0x4B, 0xBA, 0xD2,
    0xC5, 0xBB, 0x0C, 0x27, 0xF9, 0x4B, 0x60, 0x95, 0xCA, 0x76, 0xCE, 0xFF, 0x4B, 0xF0, 0xFF, 0xB4,
    0x04, 0xF7, 0x52, 0xDB, 0x49, 0x83, 0x1C, 0x4C, 0xE2, 0xAA, 0xD2, 0xFC, 0x1F, 0x2F, 0xB5, 0xE5,
    0x68, 0xFE, 0xEC, 0x0C, 0x6A, 0xAF, 0x44, 0x62, 0x51, 0x1D, 0xFE, 0xCB, 0x8B, 0x6A, 0x3A, 0xBF,
    0x97, 0xBA, 0xC3, 0x75, 0x5C, 0xB0, 0x4A, 0x37, 0x9F, 0xFF, 0x7D, 0x77, 0xAC, 0xAD, 0x6D, 0xE3,
    0x60, 0x91, 0x83, 0x2C, 0x22, 0xFF, 0x3D, 0x8D, 0xA8, 0xB8, 0x70, 0xCA, 0x7F, 0x6D, 0xD3, 0xAB,
    0x39, 0xB8, 0xD3, 0x1D, 0xEC, 0xAA, 0xFC, 0x17, 0x92, 0xD5, 0xF2, 0x6F, 0xC9, 0x3D, 0x76, 0x85,
    0xF8, 0xA7, 0xFB, 0x99, 0x6C, 0xCB, 0xD7, 0xB0, 0xAB, 0x24, 0xB2, 0xAB, 0x1E, 0x7E, 0xA5, 0x51,
    0x34, 0x5F, 0xEF, 0xB3, 0xAB, 0xE6, 0x35, 0xEC, 0xEA, 0xFC, 0x26, 0x76, 0xA5, 0x9F, 0x9F, 0xC7,
    0xB8, 0x98, 0x7B, 0x49, 0x6B, 0xA0, 0x5C, 0x35, 0x1B, 0xA9, 0xCE, 0x14, 0x93, 0x3F, 0x1B, 0xE9,
    0x4B, 0x75, 0x09, 0xC9, 0x5C, 0x74, 0x3E, 0xE0, 0xAB, 0x9D, 0x17, 0xB7, 0x70, 0x33, 0xD8, 0x18,
    0xC9, 0x18, 0xB9, 0x18, 0x9C, 0x8F, 0x4C, 0xCC, 0x88, 0x98, 0xF3, 0x30, 0x1D, 0xC8, 0xC2, 0x40,
    0xC2, 0xC8, 0xC1, 0x48, 0xC1, 0xC8, 0x05, 0x48, 0xC0, 0xC8, 0xBF, 0x78, 0xB8, 0xE4, 0x01, 0x24,
    0x5F, 0x91, 0x7B, 0xD9, 0xE7, 0xA0, 0x20, 0xE9, 0xD1, 0x03, 0x2D, 0xA6, 0x7D, 0xD9, 0x8C, 0xAF,
    0xB1, 0xF5, 0x74, 0x7D, 0x63, 0x23, 0x34, 0x3F, 0xBC, 0xA6, 0x3C, 0x0C, 0xA7, 0xDD, 0xDB, 0x7D,
    0x06, 0xAC, 0x73, 0xE8, 0x7D, 0x59, 0xEC, 0x11, 0x45, 0xD5, 0x59, 0xF6, 0x87, 0xEE, 0x25, 0x8C,
    0x77, 0xD3, 0xED, 0x01, 0x6D, 0x8C, 0x45, 0xD5, 0xBA, 0x2F, 0x65, 0xB6, 0xF4, 0x89, 0xAD, 0xA3,
    0x38, 0xD9, 0xCF, 0x68, 0xC6, 0x9D, 0xC9, 0xF2, 0xBD, 0xA8, 0x42, 0x2B, 0xD1, 0x5D, 0x93, 0x43,
    0xD6, 0xF4, 0x90, 0xB5, 0x38, 0x5A, 0x93, 0xB4, 0x0C, 0xDB, 0x23, 0x8B, 0xC9, 0x7B, 0x61, 0xF9,
    0x99, 0xDB, 0x9E, 0x9C, 0x84, 0x93, 0x4A, 0x54, 0x4E, 0x8D, 0xBC, 0x68, 0x0A, 0x2E, 0xEE, 0xD9,
    0x95, 0xF1, 0xEE, 0x5C, 0xAC, 0x4E, 0xE2, 0x0B, 0x96, 0x7B, 0x86, 0xA2, 0xC7, 0xFE, 0x36, 0x4B,
    0xEA, 0x35, 0x75, 0xCE, 0xD0, 0x88, 0x73, 0x68, 0x41, 0xE9, 0xFE, 0x99, 0x46, 0x0B, 0x05, 0xE2,
    0xAE, 0x2E, 0xA5, 0xA6, 0x71, 0x83, 0x20, 0x32, 0x01, 0x4E, 0x78, 0xB1, 0x71, 0xC3, 0x8D, 0x4B,
    0x62, 0x42, 0x2F, 0x99, 0xCF, 0x4A, 0x18, 0x9A, 0xC1, 0xA8, 0x98, 0x58, 0x43, 0x40, 0x83, 0x64,
    0x78, 0x4B, 0x09, 0xC1, 0x13, 0xD9, 0x1E, 0x6D, 0x75, 0x63, 0xFB, 0x6A, 0xD5, 0xF6, 0x0F, 0x88,
    0x41, 0xAA, 0xD1, 0x43, 0x21, 0xED, 0x7F, 0xC1, 0x36, 0x3D, 0x8F, 0xCD, 0xFB, 0x61, 0xD3, 0xD5,
    0xAB, 0x0B, 0xEF, 0x8C, 0xBD, 0xC1, 0x20, 0x6E, 0xE4, 0x65, 0xD2, 0xD3, 0xB3, 0x3E, 0x19, 0x2D,
    0xE0, 0xF5, 0x11, 0xDE, 0x4A, 0x3E, 0x40, 0x4E, 0xE7, 0x1B, 0x97, 0xEE, 0x44, 0x9E, 0xD3, 0xA7,
    0xB4, 0xF5, 0x01, 0x14, 0xFE, 0x25, 0xD8, 0x9F, 0xD2, 0x54, 0x75, 0x5B, 0x95, 0x5E, 0x99, 0x4C,
    0xB9, 0x24, 0x28, 0x29, 0xAB, 0x25, 0x9B, 0x13, 0x4C, 0x65, 0xAF, 0x26, 0x5E, 0x2D, 0x6D, 0x0D,
    0x87, 0x14, 0x90, 0xB7, 0x0E, 0x9D, 0x13, 0xA5, 0x3B, 0x08, 0x17, 0xA5, 0xF0, 0x6C, 0x5A, 0x1C,
    0xDA, 0xDF, 0x6F, 0x65, 0xB2, 0xB3, 0xEB, 0xA3, 0xAB, 0xFF, 0xAA, 0xA4, 0x3D, 0x7D, 0x35, 0x89,
    0x65, 0xB0, 0xA9, 0x97, 0x4F, 0xC7, 0x11, 0xB1, 0x1E, 0xB4, 0xF6, 0xEA, 0xCD, 0xB3, 0xEB, 0x13,
    0xBA, 0xA1, 0x0D, 0xDF, 0x5D, 0x68, 0xDE, 0x0C, 0x17, 0x68, 0x12, 0x6C, 0x7C, 0xC7, 0x81, 0xD0,
    0x90, 0x23, 0xBE, 0x6B, 0x3C, 0x50, 0x75, 0xF5, 0x78, 0xF2, 0x4F, 0x41, 0x27, 0xAB, 0xF7, 0x45,
    0x8D, 0x75, 0xD3, 0x74, 0xA6, 0x55, 0x39, 0x18, 0xBD, 0xF4, 0x05, 0xF2, 0x7C, 0xDD, 0x80, 0x4E,
    0x3E, 0xA2, 0xDC, 0x30, 0xDF, 0xD2, 0xD2, 0x73, 0x8B, 0x04, 0xF6, 0xF5, 0xEC, 0xAA, 0xC5, 0xA1,
    0x82, 0xD6, 0xB4, 0xCC, 0x89, 0xBE, 0xB4, 0x99, 0x1B, 0x29, 0x81, 0x7D, 0xF1, 0x84, 0x65, 0xF4,
    0xD9, 0x9A, 0x6D, 0xB5, 0x37, 0x7C, 0x33, 0xBA, 0x82, 0xDA, 0xF4, 0x53, 0xBA, 0x0E, 0x5F, 0xD3,
    0x89, 0xBD, 0x35, 0x13, 0x36, 0x18, 0x69, 0xA6, 0x37, 0x66, 0xF1, 0xA0, 0x1B, 0x6F, 0x41, 0xF8,
    0x14, 0x9D, 0x8D, 0x4B, 0x03, 0x45, 0xD4, 0x16, 0x9E, 0xDE, 0x09, 0xCF, 0x6A, 0x75, 0xAA, 0x8B,
    0xE7, 0x76, 0xB8, 0xE8, 0x2A, 0xCE, 0xFF, 0xD2, 0x3C, 0xDA, 0x2C, 0xDA, 0x3A, 0x02, 0xC7, 0xDB,
    0x1F, 0xEB, 0x44, 0x54, 0x54, 0x22, 0x79, 0xEC, 0x9D, 0x2D, 0xD8, 0x26, 0x6F, 0xA8, 0x52, 0x7F,
    0xCA, 0x60, 0xFC, 0x0B, 0x8B, 0x9D, 0x99, 0xCB, 0xCA, 0x58, 0x38, 0x53, 0x52, 0x10, 0x65, 0x7C,
    0x57, 0x77, 0x4D, 0x07, 0x74, 0x5E, 0x5E, 0xF2, 0x90, 0x8D, 0x18, 0x32, 0x44, 0xCF, 0xE0, 0xD0,
    0x31, 0x9E, 0xA5, 0x43, 0x8C, 0x5E, 0xA4, 0xA8, 0x1C, 0x4A, 0x32, 0x31, 0x44, 0xE4, 0x2D, 0xBA,
    0xF3, 0x60, 0x23, 0x8D, 0xBE, 0xA7, 0xC3, 0x74, 0xEE, 0xE3, 0xB1, 0x15, 0x78, 0xDD, 0x10, 0xBC,
    0xC4, 0xB7, 0xA0, 0xDE, 0xC5, 0xB5, 0x06, 0xAE, 0xB5, 0x44, 0xAC, 0xFD, 0x62, 0xAD, 0x97, 0xF2,
    0xAA, 0xE4, 0xB1, 0x4E, 0x84, 0x75, 0x9B, 0x2D, 0x84, 0x7A, 0x75, 0x70, 0xD4, 0x08, 0xC9, 0x41,
    0x23, 0x42, 0xF8, 0xE2, 0x55, 0x8E, 0xB4, 0x17, 0xB0, 0x15, 0xC7, 0xA6, 0xDB, 0x4D, 0xB0, 0xB4,
    0xCA, 0xF1, 0xE9, 0xCE, 0x36, 0xCE, 0x0C, 0x44, 0x35, 0xA1, 0x36, 0x1E, 0x01, 0x02, 0x01, 0xA3,
    0xB3, 0xF6, 0x2A, 0xE4, 0xC1, 0x7F, 0xC8, 0x02, 0x83, 0x86, 0x1C, 0x90, 0x02, 0x32, 0x40, 0x02,
    0x92, 0x06, 0xBA, 0x5B, 0x47, 0x6E, 0x7D, 0xEB, 0x11, 0xEF, 0x81, 0x4B, 0x02, 0x39, 0x20, 0x85,
    0xCA, 0x90, 0xA0, 0xE0, 0x55, 0x85, 0x33, 0x3E, 0xFD, 0xC6, 0xDE, 0xA4, 0x9D, 0x17, 0x8B, 0x68,
    0xD2, 0x3A, 0x0B, 0xAD, 0x9D, 0xA6, 0xEE, 0x27, 0x71, 0xEF, 0xFD, 0xD8, 0x42, 0x44, 0x20, 0x4E,
    0xCB, 0xF7, 0xA6, 0xC1, 0x9B, 0x6E, 0xD6, 0x2E, 0x05, 0x1E, 0xBA, 0x4A, 0xEC, 0x1D, 0xA8, 0xB7,
    0x9C, 0xCF, 0xD2, 0xB9, 0xAA, 0xE7, 0x98, 0x8D, 0x0F, 0xE6, 0x64, 0x56, 0x24, 0x62, 0x9E, 0xBD,
    0x19, 0x3D, 0xB4, 0x56, 0xB3, 0x15, 0x6E, 0x2C, 0xD8, 0xD6, 0xBD, 0xCF, 0x8C, 0x56, 0xE3, 0x9B,
    0x65, 0x40, 0xE6, 0xE6, 0x7B, 0x42, 0x7B, 0x3F, 0xC8, 0xF7, 0x82, 0x6C, 0xC3, 0xF2, 0x9C, 0xEF,
    0xBD, 0xFF, 0xB3, 0x36, 0xCE, 0x14, 0x63, 0xA1, 0x35, 0x5D, 0xD9, 0x55, 0xED, 0x35, 0x82, 0xCB,
    0xC7, 0x62, 0x4D, 0x31, 0x92, 0x3A, 0xB6, 0xC3, 0xD8, 0x0B, 0x63, 0x23, 0x8C, 0x5D, 0x30, 0xB6,
    0xC0, 0xD8, 0x16, 0x65, 0x81, 0xCF, 0x57, 0xA0, 0x2C, 0xEF, 0x59, 0xDD, 0xB3, 0xE1, 0xC5, 0x8E,
    0xB2, 0xA7, 0xF3, 0xC0, 0x7E, 0xB8, 0xF4, 0xFF, 0x04, 0x1D, 0x4F, 0xB1, 0x6D, 0xC4, 0x30, 0x0C,
    0x3C, 0xCB, 0x09, 0x1E, 0x88, 0x0A, 0x37, 0xA9, 0x92, 0xC2, 0x23, 0x68, 0x04, 0xB1, 0xCF, 0x26,
    0x3F, 0xC4, 0xCB, 0xC8, 0x04, 0x1E, 0x21, 0x63, 0xA4, 0x7A, 0x09, 0xF8, 0x05, 0x54, 0x64, 0x00,
    0x17, 0x19, 0x40, 0x85, 0x0A, 0x07, 0x91, 0x75, 0xE1, 0x47, 0xE0, 0x11, 0xD2, 0xF1, 0x28, 0xF2,
    0x1E, 0xE0, 0x11, 0x92, 0xDF, 0xE6, 0x72, 0x6A, 0x78, 0x04, 0xFC, 0x02, 0x26, 0xC3, 0xC5, 0x76,
    0xB8, 0x0D, 0x18, 0x04, 0xB0, 0x55, 0xE9, 0x03, 0x03, 0x29, 0xF6, 0xF0, 0x29, 0x94, 0xA9, 0x98,
    0x9F, 0xA1, 0xCC, 0x64, 0xF5, 0x64, 0xB9, 0x0E, 0x51, 0x1C, 0x09, 0xCF, 0xAE, 0x38, 0x10, 0x45,
    0x35, 0x89, 0x72, 0x7F, 0x4F, 0xDC, 0xB5, 0x6F, 0x85, 0x93, 0x90, 0x62, 0x0E, 0xC9, 0x89, 0xC3,
    0x67, 0xBC, 0x75, 0xDE, 0xA8, 0xD9, 0x61, 0x77, 0x1F, 0xB1, 0xC5, 0x6E, 0xFA, 0xD8, 0x6C, 0x7D,
    0x5A, 0xCC, 0x81, 0x99, 0x8B, 0x67, 0x0E, 0xB6, 0x5C, 0xC6, 0xA2, 0x59, 0xEF, 0xCA, 0x28, 0xAF,
    0xBB, 0x3D, 0xEB, 0x1A, 0x72, 0x05, 0xF8, 0x4E, 0x8C, 0x7C, 0x23, 0xA6, 0xC3, 0xED, 0xF0, 0x5B,
    0x4C, 0x38, 0xCB, 0xCB, 0xEA, 0x33, 0xD3, 0xF4, 0xDB, 0xB5, 0x54, 0x75, 0x66, 0x02, 0x2E, 0xD0,
    0x73, 0x56, 0x50, 0x7D, 0x28, 0x5E, 0x3B, 0xC8, 0xA6, 0xD8, 0x15, 0x1B, 0xD8, 0x05, 0x36, 0xFB,
    0x1A, 0x5A, 0x68, 0xBE, 0xDA, 0xAC, 0xFF, 0x9B, 0xFE, 0x2F, 0xA4, 0x68, 0xCB, 0xA9, 0x23, 0x34,
    0xB8, 0x15, 0x58, 0x61, 0x32, 0xEC, 0x17, 0xA6, 0x0E, 0x84, 0x7B, 0x04, 0x2D, 0x7D, 0xDF, 0x05,
    0x73, 0x81, 0xCF, 0x6A, 0x5A, 0xBD, 0x8A, 0x25, 0xFE, 0x00, 0xE5, 0x9C, 0xBD, 0x72, 0xDC, 0xC8,
    0x11, 0xC7, 0x07, 0x58, 0x1F, 0xB7, 0x4A, 0x08, 0xE0, 0xC0, 0x4A, 0xC4, 0x00, 0xB9, 0xCA, 0x75,
    0x78, 0x02, 0x15, 0x70, 0xE7, 0xB2, 0x53, 0x33, 0xA0, 0x62, 0xE7, 0x17, 0x1C, 0x53, 0x07, 0xAE,
    0xC3, 0x96, 0x9F, 0x80, 0xF6, 0x13, 0x28, 0x50, 0x20, 0x5F, 0x60, 0x39, 0xB4, 0xAB, 0x6C, 0x01,
    0x7E, 0x83, 0xBD, 0x37, 0x40, 0xF9, 0x98, 0x39, 0x30, 0x02, 0x54, 0x19, 0x92, 0x16, 0x18, 0x4F,
    0xF7, 0xBF, 0x1B, 0x18, 0x70, 0x97, 0xBC, 0x4F, 0x71, 0x3F, 0xBC, 0x25, 0x62, 0xC8, 0x5D, 0x2C,
    0xD0, 0xDD, 0xBF, 0xE9, 0x99, 0xEE, 0x9E, 0x81, 0x8C, 0x31, 0x91, 0xAD, 0x8C, 0x7B, 0xC5, 0x76,
    0x4D, 0x4D, 0x66, 0x6B, 0x6A, 0x0A, 0x34, 0xD6, 0x36, 0xEE, 0x18, 0xA2, 0x59, 0xA0, 0x89, 0x6C,
    0xD1, 0xBA, 0x26, 0xB1, 0x59, 0x47, 0xE7, 0xF7, 0x29, 0x35, 0xC5, 0x26, 0xDD, 0xD0, 0xF9, 0x6D,
    0xB2, 0xA1, 0xF3, 0x1B, 0x6A, 0x16, 0xB6, 0x8A, 0x7B, 0xBA, 0xF0, 0x2A, 0x1E, 0xE8, 0xFC, 0x9C,
    0x9A, 0xCC, 0xBA, 0x97, 0x31, 0x25, 0x1A, 0xCB, 0x4D, 0xC8, 0x4D, 0xBE, 0x74, 0x12, 0x2C, 0xDD,
    0x59, 0x76, 0xE5, 0xBE, 0xBA, 0x4A, 0x2C, 0x5F, 0x21, 0x1B, 0xB8, 0x31, 0xBB, 0x5F, 0x11, 0x4B,
    0x69, 0xF8, 0xDE, 0xEE, 0xDA, 0xB3, 0x46, 0xDE, 0x94, 0x53, 0x1E, 0x5F, 0x18, 0x77, 0x71, 0x08,
    0x50, 0xD1, 0x7D, 0x9B, 0xD0, 0xBE, 0xB7, 0x4D, 0x50, 0x9A, 0xAC, 0x35, 0x3F, 0xA1, 0x83, 0xA1,
    0x43, 0xF0, 0xDA, 0xB6, 0x4E, 0x79, 0xDB, 0xB8, 0x73, 0x6D, 0x93, 0x0E, 0xA6, 0x6C, 0xDC, 0xBB,
    0xB6, 0x2E, 0xDC, 0xE9, 0xEB, 0xB2, 0x4F, 0x6C, 0x45, 0x92, 0x57, 0xA4, 0x45, 0x95, 0xD8, 0x77,
    0x76, 0x15, 0xDA, 0x3F, 0x3A, 0x79, 0xA7, 0x57, 0x42, 0xA2, 0x16, 0x64, 0xA7, 0xB2, 0xD5, 0x03,
    0xFF, 0x99, 0x88, 0x0E, 0x49, 0x07, 0x21, 0xAD, 0x34, 0x39, 0xB7, 0xF8, 0x2B, 0x18, 0xB8, 0x39,
    0xBB, 0xD9, 0xA1, 0xE9, 0x71, 0x50, 0x0A, 0x49, 0x03, 0x3A, 0xC5, 0x09, 0x40, 0x62, 0xA4, 0x24,
    0x60, 0x4A, 0x32, 0x17, 0xA4, 0xE8, 0xA5, 0xAA, 0xF3, 0x10, 0x38, 0x7E, 0xA6, 0x37, 0x2B, 0xA5,
    0x0D, 0xED, 0x68, 0x4C, 0x98, 0x3B, 0x4F, 0x01, 0x23, 0x6D, 0x4A, 0xD0, 0xB1, 0xE8, 0x33, 0x66,
    0x39, 0xC8, 0xA9, 0x59, 0x5B, 0xE0, 0x93, 0xCF, 0xF2, 0x47, 0xD7, 0x77, 0x75, 0x42, 0xED, 0x9E,
    0x02, 0x67, 0xC4, 0x33, 0x02, 0x52, 0x44, 0x23, 0xA4, 0x11, 0xD3, 0x08, 0x6A, 0x44, 0x35, 0xC2,
    0x1A, 0x71, 0x29, 0xB0, 0x11, 0xD9, 0x08, 0x6D, 0xC4, 0x36, 0x82, 0x1B, 0xD1, 0x8D, 0xF0, 0x14,
    0x9F, 0x51, 0x80, 0xE0, 0xB3, 0xA4, 0x5F, 0x04, 0x22, 0x7D, 0x5B, 0xF8, 0xCD, 0xDD, 0x2D, 0x86,
    0x29, 0x33, 0x31, 0x4E, 0x85, 0x5B, 0xF3, 0x9B, 0x31, 0xC9, 0x11, 0x74, 0x4F, 0xC8, 0x28, 0xD1,
    0x20, 0x5A, 0xD3, 0x27, 0x81, 0xFD, 0x4F, 0xCD, 0xEF, 0x45, 0xA4, 0xD6, 0x93, 0x97, 0xC1, 0x4B,
    0xCF, 0x54, 0x84, 0x5D, 0xC0, 0x0B, 0x7A, 0x16, 0xAF, 0x21, 0xE1, 0xDE, 0x53, 0x83, 0x0E, 0x60,
    0xB4, 0x0B, 0x18, 0x34, 0xDC, 0x0D, 0x0C, 0x77, 0x04, 0xFE, 0x36, 0x35, 0xDC, 0x19, 0xF8, 0x73,
    0xB2, 0x31, 0x77, 0x08, 0xA7, 0x33, 0x75, 0x09, 0xA8, 0x5E, 0xC1, 0x14, 0x15, 0x29, 0xF7, 0x8E,
    0x24, 0x9B, 0x79, 0xEA, 0xEF, 0xA4, 0xD5, 0x1E, 0x01, 0xDD, 0xA2, 0x75, 0xC6, 0x04, 0x8B, 0x36,
    0x86, 0x47, 0xF5, 0x20, 0xB3, 0x29, 0xD9, 0x4B, 0xCB, 0x75, 0xBA, 0x36, 0xF7, 0xBC, 0xB4, 0x23,
    0x68, 0x3F, 0xD0, 0x6E, 0xA0, 0xBD, 0x40, 0x90, 0x6B, 0x1F, 0xD0, 0x2E, 0xA0, 0x3D, 0x40, 0x3B,
    0x80, 0xF2, 0x57, 0xFC, 0x42, 0x5F, 0xE1, 0x2B, 0x7B, 0x45, 0xAF, 0xE4, 0x15, 0xBC, 0x72, 0x17,
    0xEC, 0x4A, 0x5D, 0xA1, 0x2B, 0x73, 0x45, 0xEE, 0x13, 0x4F, 0x3C, 0xDC, 0x19, 0xCB, 0x9C, 0x90,
    0x64, 0x17, 0x4B, 0x1A, 0x27, 0x36, 0xE4, 0xBD, 0x89, 0x74, 0xAD, 0x8A, 0xBE, 0xF4, 0xEB, 0x86,
    0x86, 0xB3, 0xE5, 0xE6, 0x96, 0x19, 0x18, 0x32, 0x18, 0x03, 0x31, 0x13, 0x06, 0x60, 0xE1, 0xAB,
    0x78, 0xE9, 0x08, 0xB8, 0xCC, 0x16, 0x68, 0x41, 0x16, 0x60, 0xC1, 0x15, 0x58, 0x41, 0x15, 0x50,
    0xC1, 0xD4, 0x47, 0xFA, 0x5A, 0xDC, 0xD3, 0xC2, 0x77, 0x82, 0xD1, 0x95, 0x37, 0x20, 0xBB, 0x84,
    0x6D, 0xDB, 0xB8, 0x06, 0xD9, 0xC7, 0x84, 0x34, 0xEE, 0x31, 0xFE, 0x16, 0x0D, 0x94, 0x7E, 0x9E,
    0x7F, 0x94, 0x9F, 0x24, 0xD9, 0xB2, 0x9E, 0x86, 0x37, 0xF4, 0xEA, 0x05, 0x06, 0x92, 0x8E, 0xBC,
    0x98, 0x6C, 0x12, 0x0D, 0xA3, 0x0F, 0x07, 0xF6, 0x75, 0x4D, 0xB6, 0x89, 0xDC, 0x87, 0x1F, 0x5D,
    0x04, 0x97, 0x7B, 0x25, 0x5B, 0xE6, 0xCF, 0x60, 0xD1, 0x81, 0x2D, 0xC3, 0x2A, 0x24, 0xD5, 0x55,
    0xBD, 0x03, 0x12, 0xD8, 0xC0, 0xE4, 0xE2, 0xBB, 0x02, 0xB8, 0xA8, 0x99, 0xEF, 0x4E, 0xBC, 0x47,
    0x32, 0xB3, 0x46, 0x37, 0xCB, 0x8A, 0x8D, 0x09, 0xB3, 0x3B, 0x13, 0x75, 0x51, 0x7F, 0x5B, 0x97,
    0x9F, 0xB2, 0xEA, 0x1B, 0xE8, 0x03, 0x3D, 0x68, 0x52, 0xB6, 0xBF, 0x21, 0x4F, 0xDD, 0xC0, 0x05,
    0xF6, 0xEC, 0xA9, 0x41, 0x2E, 0x53, 0xAE, 0x37, 0xE1, 0xCA, 0x74, 0x2B, 0x93, 0xED, 0xCE, 0xA9,
    0xF6, 0xFF, 0x23, 0x4A, 0x0D, 0x3A, 0x9D, 0x4E, 0xC9, 0x11, 0x79, 0x2A, 0xE5, 0x89, 0xD4, 0x9B,
    0x46, 0x0F, 0x26, 0x90, 0x35, 0x11, 0x7E, 0x49, 0x6B, 0x6F, 0x84, 0x59, 0x60, 0x3C, 0x8D, 0xBB,
    0x6D, 0x2B, 0x64, 0x15, 0xCF, 0x9E, 0x69, 0xCD, 0x90, 0x63, 0x8E, 0x44, 0x9C, 0x26, 0xE8, 0xC3,
    0x45, 0x6D, 0x8E, 0x17, 0x79, 0xAB, 0xC3, 0x29, 0x07, 0x45, 0x4C, 0x80, 0x3E, 0x08, 0xFE, 0x34,
    0xD3, 0xA6, 0x75, 0xA7, 0x2C, 0x36, 0x71, 0x4B, 0x57, 0xAD, 0xE9, 0x46, 0xCE, 0xDA, 0xE7, 0x6F,
    0x1F, 0x2C, 0x20, 0x46, 0x38, 0xB5, 0xE8, 0x67, 0x91, 0xB0, 0x10, 0xDF, 0x15, 0xD6, 0x9C, 0x2A,
    0xAE, 0x8F, 0x59, 0x2C, 0xD2, 0xBB, 0x20, 0x41, 0x33, 0x16, 0x85, 0x6E, 0x3D, 0x0B, 0x54, 0xF7,
    0x8E, 0x2B, 0x44, 0x4C, 0xBD, 0x84, 0x35, 0x23, 0x89, 0x33, 0xC4, 0xD7, 0x84, 0x57, 0x81, 0xA1,
    0xF4, 0x72, 0x46, 0x2D, 0xB9, 0x9B, 0x5A, 0x79, 0xC4, 0x4E, 0x76, 0x75, 0xAD, 0xB1, 0x1D, 0x4F,
    0x19, 0x8B, 0xF1, 0xC0, 0x91, 0xFA, 0x93, 0xD5, 0x01, 0xA1, 0x7B, 0x63, 0x7E, 0xCE, 0xF6, 0x5A,
    0xF7, 0x6C, 0x2F, 0x36, 0x7E, 0xFC, 0x15, 0xCB, 0x9E, 0xE6, 0xE7, 0x9E, 0xA4, 0x4F, 0x57, 0x9C,
    0x3E, 0x9D, 0x1C, 0xAC, 0xF3, 0xEB, 0xA5, 0xD3, 0xB2, 0xE8, 0x12, 0x44, 0x14, 0x95, 0x0B, 0x55,
    0x52, 0x3A, 0xA5, 0x09, 0x6F, 0x15, 0x36, 0x98, 0x14, 0x50, 0x09, 0x2B, 0xC0, 0xF2, 0x68, 0xED,
    0x25, 0x48, 0x39, 0xDD, 0xA9, 0xEA, 0x87, 0x44, 0x27, 0xFB, 0xF6, 0xAB, 0x6F, 0x15, 0x98, 0xD0,
    0xF7, 0x7A, 0x3E, 0x6E, 0xE8, 0x2E, 0xEE, 0x58, 0x8E, 0xC7, 0xCE, 0x20, 0x2D, 0x63, 0x2E, 0x01,
    0xB3, 0x0A, 0xD9, 0x2C, 0x0B, 0x0E, 0xA8, 0x17, 0x9C, 0x4D, 0x2D, 0xD8, 0xA8, 0x4B, 0x3E, 0x46,
    0x7C, 0x44, 0x24, 0x8D, 0xEA, 0x0A, 0xAA, 0x2E, 0x49, 0x3F, 0x19, 0x67, 0xBA, 0x61, 0xBF, 0xE3,
    0x86, 0x77, 0xDA, 0x1B, 0x89, 0x20, 0xCC, 0x8C, 0x23, 0xDE, 0xD1, 0x72, 0x65, 0x4E, 0x77, 0xEF,
    0xB9, 0x23, 0xAF, 0x88, 0x6D, 0xBD, 0x24, 0x63, 0x3A, 0x51, 0xB2, 0xD6, 0xDD, 0x37, 0xEE, 0xDC,
    0xBC, 0x15, 0x77, 0x74, 0xBF, 0x8E, 0x6F, 0x44, 0xF0, 0x5B, 0xD6, 0x08, 0x5E, 0xD4, 0x98, 0xDC,
    0x14, 0xFD, 0x19, 0x04, 0xCB, 0x13, 0x12, 0x6E, 0xC9, 0xD0, 0xAE, 0xE6, 0x39, 0x43, 0x4A, 0x3D,
    0x9B, 0xBE, 0x17, 0x70, 0xF5, 0x85, 0xED, 0xC3, 0x97, 0x49, 0x31, 0xB7, 0x88, 0xBE, 0xEC, 0x00,
    0x29, 0x30, 0x94, 0xAB, 0xB1, 0x70, 0x12, 0xDE, 0x52, 0xF0, 0xE0, 0x8C, 0x1F, 0xBE, 0x53, 0xE7,
    0xC4, 0x0C, 0xCA, 0xF3, 0x27, 0xA7, 0x82, 0xE5, 0xBC, 0x1C, 0xF9, 0x61, 0xCD, 0x1D, 0xF6, 0x01,
    0x25, 0x60, 0x96, 0x46, 0xA6, 0x8C, 0x47, 0x80, 0x2F, 0x82, 0x37, 0xF9, 0x41, 0x9B, 0x2E, 0x28,
    0xF3, 0xBF, 0xD3, 0xD5, 0x7A, 0x1A, 0xFE, 0x3A, 0x93, 0xAE, 0xAE, 0xAE, 0x1F, 0xC6, 0x56, 0x7E,
    0xE5, 0xB6, 0x30, 0x52, 0xCB, 0xC9, 0x25, 0x18, 0x42, 0x02, 0x89, 0x1A, 0x68, 0xD2, 0x72, 0x00,
    0xE7, 0x46, 0x73, 0x2D, 0xA8, 0xE6, 0x70, 0x23, 0xD4, 0xF0, 0x3E, 0x5B, 0x9D, 0xED, 0x2A, 0xD8,
    0x42, 0x61, 0x23, 0x96, 0x36, 0xA2, 0xBA, 0x11, 0xE5, 0xCD, 0xD8, 0x73, 0xA4, 0x3A, 0x6B, 0x24,
    0xF0, 0x0A, 0xA4, 0xF0, 0x13, 0xCA, 0x30, 0x0A, 0xCB, 0x1B, 0xB1, 0xBD, 0x11, 0xEB, 0xAB, 0xFD,
    0x95, 0x80, 0x32, 0x50, 0x0A, 0xCA, 0x41, 0x49, 0x8C, 0x03, 0xEC, 0x4C, 0xAC, 0xFE, 0x1E, 0xB1,
    0x30, 0x82, 0x48, 0x59, 0x16, 0x22, 0x41, 0x32, 0x2D, 0xCB, 0xD2, 0x97, 0x83, 0xD6, 0x2F, 0xCB,
    0x16, 0x2C, 0x60, 0x68, 0xCB, 0x35, 0x7F, 0x1E, 0x73, 0x59, 0xF6, 0x7A, 0x5E, 0x96, 0xCD, 0x21,
    0x73, 0x8F, 0xF3, 0x51, 0x2D, 0x65, 0x26, 0x4B, 0x94, 0x65, 0x19, 0x2E, 0x4B, 0x4B, 0x99, 0x1D,
    0x03, 0x86, 0x8C, 0xDD, 0x28, 0x1A, 0x63, 0x56, 0x69, 0xD4, 0x6C, 0x0C, 0xDB, 0x00, 0x37, 0x94,
    0xCB, 0xD9, 0x0F, 0x7A, 0x98, 0x8A, 0x4F, 0xF2, 0x46, 0xA4, 0x67, 0x62, 0x73, 0xE0, 0xE6, 0x9A,
    0xFC, 0xB2, 0xE6, 0x42, 0x64, 0xB6, 0xA1, 0x72, 0x72, 0x20, 0x46, 0xED, 0x79, 0x5E, 0x2E, 0xEA,
    0xA4, 0xBE, 0x63, 0x4E, 0x13, 0x33, 0x0A, 0x64, 0x31, 0x66, 0x39, 0x35, 0xDD, 0x08, 0x18, 0x32,
    0x08, 0xDE, 0x50, 0x4B, 0xDC, 0x6C, 0x02, 0x61, 0x2B, 0x68, 0x85, 0xAC, 0x80, 0x15, 0xAE, 0x82,
    0x55, 0xA8, 0x0A, 0x54, 0x9D, 0x49, 0x27, 0x19, 0xFA, 0x3B, 0x64, 0xE0, 0x2F, 0xE5, 0x5E, 0xCD,
    0xB5, 0xF9, 0x86, 0x9A, 0xEB, 0xD2, 0x92, 0xCA, 0x69, 0xB7, 0x5D, 0xC9, 0xC9, 0x47, 0x80, 0xCC,
    0x0F, 0xF8, 0x40, 0x0F, 0xF0, 0xC0, 0x0E, 0xE8, 0x40, 0x4E, 0x86, 0x16, 0xE6, 0x06, 0xFD, 0x61,
    0x0C, 0x40, 0x03, 0x33, 0x20, 0x03, 0x31, 0x01, 0x36, 0xF1, 0x92, 0x21, 0x41, 0x2A, 0xAD, 0xD2,
    0x70, 0x50, 0xBE, 0xAC, 0xB9, 0x49, 0xBB, 0x98, 0x67, 0x95, 0x81, 0xC7, 0x8C, 0x81, 0x67, 0x0E,
    0x37, 0x48, 0xD4, 0x28, 0xC5, 0x5D, 0x1C, 0x31, 0xB5, 0xE2, 0xAE, 0x7A, 0xEA, 0x86, 0xDC, 0x6F,
    0xAA, 0xA7, 0xB2, 0xF3, 0x85, 0xF6, 0xF5, 0x9A, 0x8A, 0x03, 0xD4, 0x85, 0x1F, 0xCF, 0xEA, 0xA9,
    0x0F, 0x4F, 0xAD, 0xB8, 0x4E, 0xD9, 0x72, 0x6A, 0x1D, 0xAE, 0xAA, 0xD6, 0xE9, 0x8E, 0x15, 0xC7,
    0xA5, 0xC4, 0x85, 0x1D, 0x4C, 0xCD, 0xEA, 0xCC, 0x19, 0x3E, 0x3E, 0x66, 0x86, 0xE7, 0x35, 0x0D,
    0xA3, 0x25, 0xC5, 0xAA, 0x01, 0xA6, 0xD1, 0xCE, 0xCF, 0x3A, 0xF0, 0xBA, 0x98, 0xC8, 0xAA, 0x17,
    0xB2, 0x78, 0x54, 0x7E, 0x4E, 0x36, 0xD1, 0x01, 0x78, 0x21, 0xCA, 0xA9, 0x3C, 0x64, 0x60, 0x26,
    0xC4, 0x3C, 0x88, 0x59, 0x70, 0x6B, 0x0E, 0x3C, 0x91, 0xE8, 0x38, 0x68, 0x75, 0x7A, 0x23, 0xFF,
    0xE2, 0xA9, 0x8D, 0x27, 0x36, 0x6F, 0x5A, 0x3B, 0x90, 0x00, 0x7A, 0x81, 0xF5, 0x56, 0x9E, 0x49,
    0x39, 0x47, 0x19, 0x03, 0xD0, 0x37, 0xB3, 0xAB, 0xD0, 0xA5, 0xDD, 0x9D, 0xD6, 0x48, 0x9E, 0x32,
    0xF4, 0xCA, 0x5A, 0x38, 0x84, 0x58, 0x6E, 0xAB, 0x64, 0x96, 0xE7, 0x03, 0xAF, 0xDF, 0x46, 0xA3,
    0x43, 0xB0, 0xFD, 0xB1, 0x68, 0xD4, 0xAB, 0xF1, 0xD9, 0x70, 0x9C, 0x60, 0x16, 0xDD, 0xD6, 0x2D,
    0xB0, 0x90, 0xB0, 0x1C, 0xE8, 0xFB, 0x15, 0x12, 0x57, 0x12, 0xAB, 0x58, 0x99, 0xE0, 0x6F, 0x53,
    0xAA, 0xE5, 0x48, 0xA5, 0x14, 0xFD, 0xB9, 0xBE, 0x99, 0x91, 0xFC, 0xA5, 0xFC, 0x90, 0x68, 0xEE,
    0x2B, 0x01, 0xE5, 0xF6, 0xF2, 0xB3, 0xE0, 0x3E, 0x92, 0x73, 0x90, 0x46, 0x72, 0x91, 0x30, 0xFC,
    0xD3, 0xEF, 0x51, 0xBF, 0xF9, 0x8B, 0xD3, 0x15, 0x5C, 0x69, 0xBC, 0x30, 0xF7, 0x22, 0xE4, 0x31,
    0x41, 0x6F, 0x44, 0xFA, 0x15, 0xFF, 0xD0, 0xEF, 0xC1, 0x7C, 0x71, 0xF3, 0x47, 0x33, 0x88, 0x97,
    0xCB, 0x52, 0xEE, 0x4A, 0x49, 0x2C, 0xFD, 0xD0, 0xEF, 0x09, 0x07, 0x72, 0xE7, 0xF6, 0x46, 0xC6,
    0x69, 0x5E, 0xA7, 0xE7, 0xAE, 0x27, 0x01, 0x97, 0x1D, 0x7E, 0xE9, 0x7A, 0xE3, 0x82, 0xD5, 0x65,
    0x41, 0x63, 0xEA, 0xA0, 0x2C, 0x77, 0xD6, 0x23, 0xE1, 0x47, 0xE5, 0x80, 0xCC, 0xE2, 0x1A, 0xBA,
    0x30, 0x35, 0x0D, 0x9B, 0x16, 0x4B, 0xE8, 0x39, 0x35, 0x4E, 0x2A, 0x0A, 0xD9, 0x9C, 0x1D, 0x4A,
    0x8A, 0xEA, 0x9C, 0x87, 0xD2, 0x00, 0xB9, 0xA1, 0xCB, 0x86, 0xEE, 0xF3, 0xC4, 0xDE, 0x5C, 0x39,
    0x9D, 0x22, 0xAC, 0x32, 0x86, 0x53, 0xC0, 0x4C, 0xDD, 0xFB, 0xCC, 0xBE, 0xDD, 0x76, 0xDE, 0xA0,
    0xF3, 0xE2, 0x74, 0x12, 0xCB, 0x6B, 0xE4, 0x4D, 0x39, 0xC5, 0xCD, 0xFF, 0xE2, 0x9F, 0xCE, 0xFB,
    0x56, 0x34, 0xAA, 0xD4, 0x11, 0xF9, 0xA7, 0xD3, 0xA3, 0xE8, 0x9C, 0xF8, 0xD9, 0x86, 0x07, 0x4B,
    0x27, 0xB3, 0x1C, 0x48, 0x5B, 0x3E, 0x74, 0xEE, 0xCF, 0xB2, 0x29, 0x1B, 0xE7, 0x6A, 0x59, 0x7F,
    0x6E, 0xAB, 0x94, 0xA4, 0x8B, 0xC9, 0x3F, 0x43, 0x0E, 0x40, 0xD3, 0x61, 0x96, 0x58, 0xA5, 0x2B,
    0x75, 0x69, 0xB8, 0x66, 0xA3, 0x7F, 0xA6, 0x08, 0xA2, 0xCF, 0xDE, 0x8A, 0xAC, 0xD5, 0x6C, 0x7D,
    0x77, 0xED, 0x6F, 0x7C, 0xC0, 0xEA, 0x7F, 0xF0, 0x6A, 0x5B, 0xE1, 0x63, 0xA1, 0xC4, 0x5A, 0x72,
    0x1E, 0x0C, 0x0D, 0x59, 0x3F, 0xE4, 0xC1, 0xB3, 0x0A, 0xF2, 0x03, 0x50, 0x91, 0xE4, 0x65, 0x5C,
    0x73, 0x28, 0x35, 0xB1, 0xA2, 0xF7, 0xC3, 0x36, 0x92, 0x29, 0x04, 0x4B, 0x80, 0xA5, 0xF6, 0x1D,
    0x9C, 0x9D, 0x76, 0x51, 0x7B, 0xDF, 0x06, 0x0C, 0xE0, 0x50, 0x1E, 0x0A, 0x44, 0x89, 0x08, 0x12,
    0x65, 0xA2, 0x50, 0x8C, 0x50, 0x31, 0x82, 0xC5, 0x08, 0x17, 0x23, 0x60, 0x8C, 0x90, 0x31, 0x82,
    0xC6, 0x08, 0x1B, 0x23, 0x70, 0x94, 0x8E, 0xE2, 0x51, 0x3E, 0x0A, 0x48, 0x09, 0x29, 0xA2, 0x91,
    0x91, 0x42, 0x9A, 0xF9, 0x52, 0x2A, 0x56, 0x59, 0x4D, 0x46, 0xD1, 0xED, 0x4A, 0x69, 0xCB, 0x16,
    0x7A, 0x9A, 0x4F, 0x71, 0xCF, 0x98, 0xDB, 0x55, 0xC8, 0xED, 0xB8, 0x16, 0x7E, 0x1D, 0xFA, 0xB9,
    0xDD, 0x73, 0x3F, 0xB7, 0x2B, 0xC7, 0xF0, 0x8A, 0x22, 0x54, 0xE4, 0x76, 0x0C, 0x97, 0x47, 0x53,
    0x52, 0x1C, 0x31, 0x8A, 0x61, 0xBA, 0x63, 0xC3, 0x98, 0xD1, 0x74, 0xFC, 0x26, 0x86, 0x3D, 0x9E,
    0xED, 0x18, 0x37, 0x0F, 0xBF, 0xE2, 0x03, 0x3D, 0xAA, 0x9D, 0x0C, 0xCA, 0x73, 0x46, 0xE4, 0x39,
    0xEA, 0x52, 0x9C, 0xE9, 0x84, 0x2D, 0xAF, 0x13, 0x26, 0xFD, 0x62, 0x33, 0xB2, 0x16, 0xD4, 0xF7,
    0x91, 0x3E, 0x9E, 0xA1, 0xF1, 0x99, 0x37, 0x7C, 0x94, 0xD3, 0xAE, 0x9A, 0x0B, 0xCA, 0xC1, 0x97,
    0x1B, 0x4A, 0x04, 0x52, 0xD9, 0xA1, 0xC5, 0x33, 0x5E, 0xCA, 0xB9, 0xDD, 0x56, 0x54, 0xF9, 0x7C,
    0x8A, 0x2A, 0x4B, 0x8D, 0xC4, 0x6A, 0xA1, 0x07, 0x78, 0x60, 0x07, 0x74, 0x40, 0x86, 0x23, 0xB8,
    0x01, 0x1B, 0xA8, 0x01, 0x1A, 0x98, 0x01, 0x19, 0x88, 0x09, 0xB0, 0x89, 0xD7, 0xF9, 0x8D, 0xF1,
    0xF7, 0x29, 0x8E, 0x1B, 0x15, 0x91, 0x9C, 0x87, 0xAD, 0x91, 0x4C, 0x3C, 0x94, 0x9A, 0xC1, 0xD9,
    0x8B, 0xA9, 0x23, 0x6A, 0x4F, 0x34, 0x4F, 0x5F, 0x9C, 0xBD, 0x3C, 0x4D, 0x3F, 0xFD, 0xE6, 0xFC,
    0x2F, 0xEE, 0xBD, 0xFC, 0x8F, 0x2A, 0x55, 0x09, 0x2F, 0x73, 0xCC, 0xF2, 0xBF, 0x3D, 0x90, 0x4D,
    0x6F, 0xD8, 0x11, 0xA7, 0x3C, 0x8B, 0x7C, 0xAE, 0x79, 0xB2, 0x23, 0xFF, 0x0B, 0x5B, 0x3F, 0xC3,
    0x2A, 0x50, 0xF0, 0x9D, 0x8D, 0x34, 0x4F, 0x5F, 0x84, 0x2F, 0x8F, 0xD6, 0x3B, 0x93, 0x29, 0xFF,
    0x0B, 0x91, 0xDA, 0xB4, 0xE7, 0x5B, 0x19, 0x49, 0xAE, 0x7B, 0xA4, 0xDC, 0xF9, 0x83, 0x97, 0xFF,
    0x91, 0xA7, 0x26, 0xDB, 0x43, 0xD4, 0x1E, 0x78, 0x0A, 0x25, 0x49, 0x80, 0x4F, 0x70, 0x0C, 0xFD,
    0x7E, 0xE1, 0x25, 0x9B, 0x25, 0xEE, 0xA7, 0x0C, 0xB1, 0x42, 0xA7, 0xF5, 0x26, 0xC7, 0x43, 0x89,
    0x40, 0xC7, 0x88, 0x48, 0x82, 0x4E, 0xD9, 0x8B, 0x8A, 0x0C, 0x08, 0xB9, 0xFD, 0x53, 0x39, 0x43,
    0x76, 0x29, 0xCF, 0xCE, 0x38, 0xC7, 0x2A, 0x20, 0xA1, 0xB4, 0x3D, 0x58, 0xD2, 0x2D, 0x08, 0xE6,
    0x20, 0x63, 0xA9, 0xBD, 0x3D, 0x96, 0xAE, 0x7E, 0xD0, 0x58, 0x1A, 0xFF, 0xB8, 0x63, 0x69, 0xEC,
    0x15, 0x40, 0xA5, 0xDE, 0xC0, 0x93, 0x42, 0x17, 0xBE, 0xA2, 0x60, 0x46, 0xF6, 0x6F, 0x6A, 0x11,
    0x20, 0x64, 0xF5, 0x28, 0x29, 0x5F, 0x07, 0xB2, 0xE2, 0x49, 0xBD, 0x36, 0xB6, 0x7F, 0x70, 0x22,
    0xA5, 0x3D, 0xF9, 0x8F, 0xFB, 0xE7, 0x3C, 0xAA, 0xF0, 0xBC, 0xAB, 0xAC, 0xD5, 0xC7, 0xB8, 0xC8,
    0x51, 0xB4, 0xE2, 0x5D, 0x85, 0xC3, 0xC7, 0xF9, 0x22, 0x5B, 0xC5, 0xF2, 0x32, 0x29, 0x7B, 0xD7,
    0x15, 0x10, 0x06, 0xB2, 0x08, 0xB0, 0x90, 0x2C, 0x70, 0x31, 0xCC, 0x17, 0x24, 0x48, 0xEA, 0x13,
    0x66, 0x13, 0xF2, 0x24, 0x87, 0x5A, 0xF3, 0x52, 0xF6, 0x9D, 0x4B, 0x0C, 0xC0, 0x6C, 0xF2, 0x7D,
    0xB2, 0xD1, 0xCC, 0x4D, 0x53, 0x37, 0x6F, 0xF7, 0xFD, 0xDA, 0xF8, 0xA1, 0xA6, 0x8B, 0x54, 0xB0,
    0xBE, 0x71, 0xB9, 0xCD, 0x68, 0xB5, 0x9B, 0x51, 0x7B, 0x44, 0xFE, 0xF3, 0xE8, 0xAD, 0x3C, 0x07,
    0x30, 0x99, 0x02, 0x8F, 0x2C, 0x14, 0x58, 0xA7, 0xA5, 0x70, 0x23, 0xB8, 0xDC, 0x2B, 0xA9, 0x7F,
    0x98, 0xDF, 0xC2, 0xDC, 0x5F, 0xC9, 0xCE, 0x54, 0xA8, 0x92, 0xFE, 0xD3, 0x36, 0x44, 0x26, 0x33,
    0x1F, 0xAF, 0x4E, 0x90, 0x4C, 0x38, 0x7C, 0xD2, 0xA9, 0xB2, 0x29, 0x96, 0x7E, 0xF3, 0x3F, 0xFF,
    0x62, 0x9B, 0x43, 0xCB, 0xA6, 0xAB, 0x59, 0xCD, 0xD5, 0x07, 0xE5, 0xC0, 0x5B, 0x8E, 0x4E, 0x78,
    0x26, 0xD9, 0x19, 0x2D, 0x68, 0x64, 0xA0, 0x81, 0xC2, 0xD8, 0xEA, 0xFB, 0xC1, 0x14, 0xF5, 0x85,
    0xAF, 0xBC, 0x27, 0x06, 0xF6, 0xE3, 0x2B, 0xB7, 0xE2, 0x06, 0x59, 0x0C, 0x90, 0xCA, 0xFC, 0x54,
    0x9F, 0xD7, 0x4F, 0x1B, 0xD8, 0xB4, 0xA6, 0x26, 0xC0, 0xDE, 0x1F, 0xAA, 0x3D, 0x46, 0x96, 0x4B,
    0x90, 0xCE, 0xAE, 0x64, 0xFA, 0x78, 0xE0, 0xB3, 0xE2, 0x9E, 0x0D, 0x9F, 0x6C, 0x38, 0x1B, 0xA2,
    0x22, 0xB8, 0xE5, 0xB4, 0x9F, 0xB7, 0x14, 0x75, 0xDC, 0x38, 0x39, 0x29, 0x92, 0x9C, 0xB2, 0xFF,
    0xCC, 0xCB, 0xFE, 0xD7, 0x74, 0x56, 0x08, 0xC4, 0x74, 0x3D, 0xFA, 0xAA, 0xBB, 0x5E, 0x6A, 0x3F,
    0x29, 0x78, 0x6F, 0x12, 0x73, 0x89, 0xF4, 0x71, 0x1E, 0xAC, 0x8F, 0x4B, 0xA6, 0x77, 0x5F, 0x66,
    0x81, 0x85, 0x15, 0x6D, 0xE4, 0x4D, 0x9C, 0xE2, 0x22, 0x81, 0xC8, 0x3A, 0x4E, 0xF1, 0x40, 0x87,
    0xDE, 0x89, 0xED, 0x92, 0xA8, 0xC1, 0xC9, 0x16, 0x93, 0xD9, 0x9D, 0x22, 0x59, 0x97, 0x52, 0x34,
    0x9D, 0x91, 0xF1, 0x39, 0x72, 0xC6, 0x56, 0xA2, 0xD6, 0x99, 0xA2, 0xE8, 0x16, 0xEE, 0x40, 0xFB,
    0x89, 0x32, 0xDD, 0x4F, 0xB4, 0x4A, 0xEC, 0x7F, 0xC9, 0x3E, 0xBF, 0xB7, 0xF9, 0x6D, 0x3B, 0x97,
    0xF3, 0xF8, 0xAC, 0xF4, 0xE2, 0xB3, 0x48, 0xF2, 0x05, 0x7C, 0x29, 0x11, 0x8F, 0x29, 0x66, 0xA5,
    0x41, 0xC4, 0x05, 0xC1, 0xE5, 0x96, 0xAA, 0x47, 0x03, 0xE8, 0xDB, 0xEE, 0x94, 0xF9, 0xE0, 0x54,
    0xA4, 0x4E, 0xA4, 0x23, 0x94, 0x94, 0xC0, 0x74, 0x33, 0x03, 0xC9, 0xF5, 0xE8, 0x85, 0xF1, 0x1F,
    0x21, 0x90, 0x55, 0x73, 0x5E, 0x4F, 0x60, 0x73, 0xD3, 0xEE, 0x33, 0xB2, 0xB7, 0x1A, 0x7C, 0x30,
    0xB0, 0x78, 0xAD, 0x26, 0x57, 0x9B, 0xAB, 0xD1, 0xD5, 0xEA, 0x6A, 0x76, 0xB5, 0xBB, 0x1A, 0x5E,
    0x2D, 0xAF, 0xA6, 0x57, 0xDB, 0xAB, 0xF1, 0xD5, 0xFA, 0x6A, 0x7E, 0xB5, 0xBF, 0x02, 0x50, 0x02,
    0x8A, 0x40, 0x19, 0x8C, 0x10, 0x3C, 0x37, 0xB9, 0xFF, 0x91, 0xBB, 0x2F, 0xB1, 0x77, 0xC3, 0x1A,
    0x2F, 0x18, 0x3B, 0x1F, 0x40, 0x64, 0x43, 0x23, 0x5A, 0xEC, 0x46, 0x26, 0x6E, 0x28, 0xED, 0x74,
    0x39, 0x6B, 0x6E, 0x98, 0x0C, 0xFB, 0x15, 0x49, 0xC9, 0x74, 0x58, 0x01, 0xDA, 0xCF, 0xC1, 0x84,
    0x8C, 0xE4, 0x9C, 0xE3, 0xA3, 0x74, 0x2D, 0xAF, 0xCC, 0x30, 0x29, 0x5A, 0x80, 0x4C, 0xBC, 0x47,
    0xE9, 0x30, 0x70, 0x19, 0x26, 0x46, 0xE2, 0x0B, 0xB3, 0xC5, 0x5A, 0xF7, 0x73, 0x4A, 0xBB, 0xB9,
    0xF5, 0xC0, 0x65, 0xB9, 0x3A, 0x65, 0x6A, 0x88, 0x93, 0xA5, 0x4E, 0x60, 0x96, 0xF3, 0x2D, 0xF6,
    0x4E, 0x75, 0xA6, 0x96, 0x1F, 0x1C, 0x35, 0x1D, 0xD9, 0x74, 0x68, 0x1B, 0xC7, 0x36, 0x1D, 0xDC,
    0x64, 0x74, 0xA3, 0xE1, 0x8D, 0x17, 0xFA, 0xDD, 0xF8, 0x76, 0x8A, 0x3E, 0x77, 0xC7, 0x12, 0x50,
    0x35, 0x73, 0x44, 0xF3, 0x9C, 0x0D, 0xB0, 0x1B, 0x62, 0xBF, 0x03, 0xA2, 0x7D, 0x18, 0x88, 0x2E,
    0x7A, 0xF9, 0x0B, 0x0A, 0xFC, 0x9F, 0x76, 0xB2, 0x92, 0x8C, 0xAD, 0xD0, 0xBF, 0xB2, 0x35, 0x41,
    0xFB, 0xC2, 0x7C, 0x9E, 0x7F, 0x57, 0x68, 0x37, 0x87, 0x0F, 0x2D, 0x18, 0xF2, 0xBF, 0xE2, 0xF3,
    0xCD, 0xA4, 0x74, 0x96, 0x7F, 0xBE, 0xB2, 0xBE, 0xF3, 0x45, 0x16, 0x7C, 0x06, 0x80, 0x11, 0x5F,
    0x6B, 0xC1, 0xA7, 0xFA, 0x8E, 0x7C, 0x9A, 0xEF, 0xE7, 0x64, 0x94, 0xA2, 0x9D, 0xF2, 0x84, 0xB5,
    0x33, 0xB4, 0x9B, 0xF6, 0x39, 0xDA, 0x79, 0xAB, 0xEF, 0x87, 0x5E, 0x65, 0xF2, 0x4B, 0xB1, 0xC6,
    0xA1, 0x0D, 0x8F, 0xDB, 0xC1, 0xB8, 0x3E, 0x94, 0xA1, 0x3B, 0x98, 0x1A, 0xFF, 0x4D, 0x2D, 0xE7,
    0xC9, 0xE6, 0xD5, 0x61, 0x7B, 0x2F, 0xE3, 0xD8, 0x03, 0xCE, 0x5E, 0x6C, 0xEF, 0x58, 0xE4, 0x2C,
    0x71, 0x95, 0x52, 0x06, 0x34, 0x30, 0x3F, 0xBB, 0x41, 0x78, 0x48, 0xCF, 0x31, 0x38, 0x4B, 0xAC,
    0x89, 0x50, 0xCA, 0xC5, 0xCC, 0x8A, 0xD8, 0xB8, 0xAE, 0xC2, 0x68, 0xEC, 0xD7, 0x88, 0x58, 0xDF,
    0x5B, 0xD9, 0xFE, 0x9E, 0x73, 0x23, 0xFB, 0xB6, 0x3B, 0x0C, 0x69, 0x8D, 0xF7, 0x90, 0x82, 0xD4,
    0x15, 0x23, 0xAD, 0xA2, 0xFA, 0xDB, 0xA9, 0x74, 0x1F, 0x55, 0xBF, 0xEB, 0x91, 0x80, 0xCE, 0xD7,
    0xAF, 0xF0, 0x96, 0x29, 0xB1, 0x0F, 0x17, 0xBA, 0xDD, 0xDE, 0x99, 0xE8, 0xA4, 0x0D, 0x6D, 0xED,
    0x8E, 0xAE, 0x0B, 0x07, 0xB6, 0x8A, 0x28, 0xF3, 0xAB, 0x38, 0xEF, 0xAB, 0xE8, 0x2E, 0x2E, 0x04,
    0xA4, 0x15, 0xC5, 0x35, 0xA1, 0x2A, 0xD6, 0x8C, 0xE8, 0x5F, 0xCC, 0xE4, 0x6B, 0x92, 0x32, 0xFB,
    0xB7, 0x65, 0x65, 0xE0, 0xE3, 0xBC, 0x56, 0x88, 0x5D, 0x34, 0x1C, 0xA2, 0x62, 0xC0, 0x8E, 0x65,
    0x09, 0x69, 0xFC, 0x4F, 0x09, 0x38, 0xF3, 0xC4, 0xEE, 0x0C, 0x77, 0x5C, 0x8F, 0xAB, 0xA4, 0x45,
    0x77, 0x5C, 0x76, 0xDE, 0xF5, 0xD2, 0x6E, 0xD8, 0xEC, 0xEA, 0x86, 0x8D, 0x77, 0xCA, 0xDE, 0xCD,
    0xFE, 0x86, 0xCC, 0xFE, 0x29, 0xD7, 0x01, 0x16, 0x52, 0xD5, 0xAD, 0xA6, 0x7D, 0x7E, 0x6F, 0xE0,
    0xF1, 0xD7, 0xF2, 0x9F, 0x5A, 0xC0, 0xF1, 0xA1, 0x77, 0x2C, 0xC9, 0x61, 0x3D, 0x6D, 0xAF, 0x3A,
    0x52, 0x47, 0xC1, 0x3E, 0xB0, 0x80, 0x2F, 0x2D, 0xFF, 0x1D, 0x01, 0xBC, 0x23, 0x6A, 0xFC, 0xF1,
    0xE2, 0x40, 0x1D, 0x65, 0xF7, 0x56, 0xD1, 0xA8, 0x3E, 0xAF, 0x8F, 0x97, 0x48, 0xBA, 0xA6, 0xEC,
    0x72, 0xDC, 0xCE, 0x48, 0x2B, 0x9F, 0xB7, 0xD6, 0xFC, 0x0E, 0x8D, 0xC2, 0xFF, 0x00, 0x6D, 0x53,
    0xC1, 0xAD, 0xDB, 0x30, 0x0C, 0x65, 0x62, 0xA0, 0x39, 0xF8, 0xA0, 0x01, 0x7A, 0xF0, 0x08, 0x1A,
    0x41, 0xDE, 0xA0, 0x23, 0x74, 0x84, 0x3F, 0x82, 0xD5, 0x4B, 0xD7, 0x92, 0xD1, 0x09, 0xDC, 0x4E,
    0x60, 0xA0, 0x1D, 0xC0, 0xFD, 0xF5, 0xC1, 0x07, 0xD9, 0xEC, 0x7B, 0xA4, 0x13, 0x04, 0x4D, 0x05,
    0xE4, 0x45, 0x94, 0x1E, 0xC9, 0x27, 0x92, 0x16, 0x91, 0xA4, 0x7B, 0xD2, 0x3A, 0x68, 0x2D, 0xBA,
    0x09, 0x56, 0x51, 0xDD, 0x9F, 0x7F, 0xE2, 0x0B, 0x5B, 0xF5, 0x93, 0xD7, 0x3F, 0x19, 0x44, 0x76,
    0xB9, 0x56, 0xB9, 0x2D, 0x12, 0x66, 0xE9, 0x66, 0x49, 0x9B, 0x0C, 0x55, 0x4A, 0x25, 0x62, 0xDF,
    0xCE, 0x72, 0xDD, 0x24, 0x1C, 0xD2, 0xA9, 0x44, 0xED, 0x81, 0x41, 0xA5, 0xA9, 0xD2, 0xE0, 0x0A,
    0x2E, 0x93, 0xC4, 0x91, 0x31, 0xC0, 0x69, 0x79, 0x05, 0x42, 0x06, 0x62, 0x7F, 0x7D, 0x0A, 0x0B,
    0x4E, 0xEA, 0x05, 0xBC, 0xC2, 0x6C, 0xBC, 0xB0, 0x2B, 0xBB, 0xB4, 0xAC, 0x91, 0x79, 0x2D, 0x73,
    0x61, 0x6E, 0xCB, 0x5E, 0xAA, 0x9F, 0xB5, 0x73, 0x3B, 0x21, 0xBE, 0xA9, 0x30, 0x1D, 0xA6, 0xE4,
    0x4D, 0x7D, 0x67, 0x67, 0x4D, 0x35, 0x45, 0xCD, 0x0A, 0x4D, 0xA6, 0x8A, 0xBA, 0x72, 0xCA, 0xC8,
    0x68, 0xDA, 0x4C, 0x9D, 0xE9, 0xFB, 0x44, 0x85, 0x9F, 0xB5, 0x0F, 0x00, 0x9C, 0x05, 0xEA, 0x6C,
    0x28, 0x08, 0xEF, 0xB9, 0x0B, 0xE2, 0x9B, 0x4C, 0x31, 0x35, 0x4B, 0x64, 0x69, 0xD3, 0x4A, 0x58,
    0x00, 0x83, 0xC1, 0xCC, 0xB2, 0x4E, 0x50, 0xA0, 0x7A, 0x44, 0x42, 0x62, 0x31, 0x09, 0xD0, 0xA1,
    0x70, 0x6B, 0x54, 0x4E, 0xB8, 0x11, 0xDA, 0x03, 0x10, 0xD8, 0x90, 0x50, 0xEF, 0xD0, 0x6D, 0xAF,
    0xD1, 0xD3, 0x23, 0xBA, 0xBB, 0xB8, 0x8F, 0xF3, 0xA5, 0x73, 0xB4, 0x56, 0xC7, 0x95, 0x91, 0xB1,
    0xC6, 0x96, 0x88, 0x9A, 0x63, 0xF5, 0x86, 0xB8, 0x55, 0x8B, 0xA0, 0xE3, 0x03, 0x2F, 0x44, 0x97,
    0xE7, 0x38, 0x00, 0x37, 0x9B, 0x8C, 0xED, 0x94, 0xF8, 0x9F, 0x84, 0xCF, 0x69, 0x4B, 0x46, 0xB9,
    0x56, 0xBC, 0x98, 0x11, 0x0E, 0xFA, 0xD3, 0xDB, 0x7E, 0xDC, 0xF3, 0x8C, 0x77, 0xE4, 0x5C, 0xC8,
    0x9D, 0x2F, 0x3B, 0x5A, 0x10, 0xEB, 0x4D, 0x7B, 0x9D, 0xD3, 0x1E, 0xF4, 0x8B, 0x2E, 0xC3, 0x11,
    0xF4, 0x9B, 0x2E, 0xA7, 0x75, 0xDE, 0x9D, 0x4C, 0xF9, 0x88, 0xC4, 0xCD, 0xF1, 0x18, 0xD9, 0x51,
    0x6E, 0xD5, 0xF7, 0x8D, 0x2A, 0xDA, 0xB2, 0xBA, 0x11, 0x28, 0x38, 0xCD, 0x6E, 0x74, 0x3B, 0xB4,
    0x95, 0xD1, 0x8D, 0x38, 0xDF, 0xEA, 0x85, 0xA5, 0xE7, 0x4A, 0x13, 0x46, 0xE2, 0x1E, 0x2C, 0x4D,
    0x6D, 0x6D, 0xEB, 0xDD, 0x58, 0xE3, 0xD6, 0x2D, 0xA7, 0x81, 0xD6, 0x2D, 0x69, 0x92, 0x47, 0xE8,
    0xB1, 0x8C, 0x6F, 0xBF, 0xAC, 0xB3, 0x48, 0x7A, 0xD1, 0xAB, 0x72, 0x46, 0xE0, 0x59, 0xD6, 0x66,
    0xE7, 0x75, 0xB4, 0xEA, 0x4A, 0xD8, 0xB0, 0x99, 0xF0, 0xF4, 0x4C, 0x11, 0xCB, 0xB0, 0x96, 0x59,
    0xBF, 0x5B, 0x9D, 0xD3, 0x54, 0xC6, 0xF8, 0x1B, 0x25, 0xA1, 0xA1, 0x19, 0xC3, 0xF6, 0x7E, 0x48,
    0x82, 0x71, 0x55, 0xC1, 0xC0, 0xFE, 0xD9, 0xCD, 0xC0, 0xC0, 0x69, 0x4E, 0x3F, 0x0F, 0xD3, 0x1E,
    0x36, 0x81, 0xF3, 0x0F, 0xFD, 0x4A, 0xED, 0x71, 0x61, 0x35, 0xB3, 0x77, 0x11, 0x41, 0x92, 0x95,
    0xB8, 0x5A, 0x30, 0x08, 0xDC, 0xA0, 0x78, 0xB1, 0x60, 0xE8, 0x68, 0x96, 0x0F, 0x47, 0x4F, 0x63,
    0x82, 0xC8, 0x5E, 0x22, 0xEA, 0x57, 0x36, 0x9C, 0xCF, 0xE8, 0x67, 0xE6, 0xE7, 0x2A, 0x09, 0x8E,
    0x11, 0x3F, 0x7C, 0x21, 0xFC, 0x3A, 0xF1, 0xA8, 0x0C, 0xFA, 0xE8, 0xF3, 0x51, 0x10, 0x88, 0xC1,
    0x0A, 0x2A, 0x8B, 0xAF, 0xEC, 0x85, 0xD8, 0x80, 0x18, 0xEE, 0x71, 0x57, 0xF8, 0x9D, 0x71, 0x41,
    0x19, 0xCE, 0x62, 0x96, 0x6C, 0xA3, 0x65, 0x4D, 0xF2, 0xB1, 0xB1, 0xD9, 0xF4, 0xF2, 0x7A, 0x5D,
    0xAD, 0x44, 0x57, 0xA3, 0x78, 0x3F, 0x9D, 0x12, 0x8D, 0x32, 0xF8, 0x80, 0xF6, 0xFF, 0x52, 0xAC,
    0xD7, 0xDE, 0xE4, 0x27, 0x8A, 0xF7, 0xB3, 0x7D, 0xA1, 0xF8, 0x00, 0xFC, 0x05, 0x15, 0xC9, 0xC1,
    0x0D, 0x00, 0x10, 0x10, 0x05, 0xD1, 0x89, 0x2D, 0x40, 0x49, 0x74, 0x46, 0x67, 0xB6, 0x04, 0x25,
    0x28, 0xC3, 0x41, 0x7C, 0xEB, 0xF0, 0x0E, 0x93, 0x81, 0xE2, 0x20, 0xC7, 0x42, 0x56, 0xA7, 0xA8,
    0x72, 0x1B, 0xB6, 0x07, 0x79, 0x29, 0x52, 0x2B, 0xCC, 0xA6, 0xF8, 0xE9, 0x80, 0x7D, 0x9B, 0x07,
    0x4D, 0x50, 0xB1, 0x11, 0x83, 0x30, 0x0C, 0xFC, 0x23, 0x05, 0x05, 0x05, 0x03, 0xA4, 0xC8, 0x00,
    0x29, 0x3C, 0x02, 0x54, 0xD9, 0x20, 0x1B, 0xA4, 0x67, 0x04, 0xC8, 0x06, 0xD9, 0xC8, 0x8C, 0xC0,
    0x08, 0x2E, 0x18, 0x80, 0x82, 0xC2, 0xDC, 0x19, 0x94, 0x97, 0x7C, 0x47, 0xA2, 0xF3, 0xE9, 0x6D,
    0xE9, 0xAD, 0x7F, 0x1B, 0x00, 0x5C, 0x82, 0x46, 0x13, 0x35, 0x8B, 0xC8, 0x00, 0x14, 0x3F, 0x68,
    0xB5, 0xEA, 0x17, 0xA6, 0x27, 0x24, 0x00, 0x95, 0x04, 0x99, 0xC8, 0x96, 0x4D, 0x46, 0xA3, 0x13,
    0x0A, 0x39, 0x94, 0x5F, 0xCA, 0xE0, 0xC8, 0xAF, 0x85, 0x8B, 0xB0, 0x93, 0x0B, 0xDC, 0x92, 0x81,
    0x8B, 0xA8, 0x0E, 0x13, 0x61, 0xFD, 0x84, 0x64, 0xE2, 0x6E, 0x47, 0xAF, 0x20, 0x0F, 0x21, 0xD4,
    0x1C, 0x19, 0x55, 0xC7, 0x80, 0x16, 0x9A, 0x95, 0xE2, 0xDD, 0x6C, 0x90, 0xA3, 0x67, 0x8F, 0xD7,
    0x3D, 0x21, 0x9D, 0xC0, 0xB8, 0xCB, 0x87, 0xB9, 0xCC, 0x47, 0xC7, 0x32, 0x72, 0x57, 0x1D, 0x6E,
    0x57, 0xBA, 0x2F, 0xB9, 0xA5, 0x51, 0x3A, 0xC4, 0xCB, 0xAC, 0x31, 0x2E, 0x24, 0x4C, 0x59, 0x6F,
    0xC8, 0xEA, 0x26, 0xB1, 0xD8, 0x44, 0x1F, 0x34, 0xB3, 0xB8, 0xE4, 0x89, 0xA3, 0x7E, 0xD4, 0xFF,
    0xA7, 0x90, 0xB9, 0xA2, 0x68, 0xED, 0x2D, 0x75, 0x54, 0xCE, 0xDB, 0x1F, 0xE7, 0x23, 0x74, 0x76,
    0xC8, 0x26, 0xF4, 0x4A, 0x25, 0x33, 0xF0, 0x05, 0xC5, 0x54, 0xB1, 0x8E, 0xD4, 0x40, 0x0C, 0x75,
    0x12, 0x89, 0x93, 0x48, 0x91, 0x8E, 0x82, 0x26, 0xFD, 0x51, 0xA4, 0xA6, 0xB9, 0x09, 0x15, 0x2D,
    0x05, 0x5B, 0x51, 0xD0, 0x9F, 0x90, 0xF8, 0x02, 0x34, 0xF9, 0x84, 0x2D, 0xF8, 0x00, 0xCA, 0x63,
    0x9B, 0xAB, 0x91, 0x40, 0x09, 0x7F, 0xC0, 0x27, 0x44, 0x08, 0xFA, 0x14, 0x91, 0x2E, 0x27, 0x4D,
    0x62, 0xDE, 0xF3, 0xEC, 0xA6, 0x58, 0x05, 0x89, 0xAB, 0x18, 0x69, 0x9E, 0x56, 0x63, 0xFB, 0xD9,
    0x7E, 0xF6, 0x46, 0x84, 0xA7, 0xBA, 0x27, 0x68, 0x4F, 0x98, 0x09, 0x5A, 0x8B, 0xBC, 0xD5, 0x0E,
    0xAF, 0x7C, 0x14, 0x37, 0x00, 0x8A, 0x11, 0x90, 0x4F, 0xB0, 0xBE, 0x0C, 0x89, 0xEA, 0x5D, 0xB8,
    0x50, 0xD5, 0x50, 0x10, 0xAA, 0x25, 0xD1, 0xE0, 0x26, 0x71, 0xC1, 0x8D, 0x52, 0x05, 0xB8, 0x57,
    0x13, 0x7F, 0x8D, 0x2E, 0x20, 0x96, 0xD6, 0x9E, 0x7E, 0x1D, 0x23, 0x6A, 0xC4, 0x22, 0x47, 0xA9,
    0x3F, 0x2C, 0xB5, 0x28, 0x09, 0xCE, 0xA1, 0x91, 0xFC, 0xBF, 0xC1, 0x4E, 0x24, 0x79, 0x7D, 0xC0,
    0xB9, 0xD9, 0x2A, 0xAD, 0xA5, 0x0A, 0xD5, 0x4C, 0x3D, 0x14, 0x90, 0x45, 0x91, 0xA8, 0x8F, 0x9F,
    0x68, 0x59, 0x28, 0x12, 0xE5, 0xCB, 0xAC, 0x41, 0xB3, 0x10, 0xCC, 0xD1, 0x0C, 0xE6, 0x42, 0xE7,
    0x64, 0x7D, 0x37, 0x2A, 0x23, 0x35, 0xFA, 0xAD, 0xBC, 0x6B, 0x41, 0xC3, 0x19, 0xD0, 0xF0, 0x89,
    0x42, 0x5E, 0x37, 0x26, 0x67, 0xCD, 0xAA, 0x98, 0x02, 0xAD, 0x10, 0x4B, 0x56, 0x20, 0xCE, 0xD4,
    0x6E, 0x59, 0x6C, 0xC2, 0x64, 0x92, 0x31, 0x9B, 0x14, 0xD3, 0xB9, 0x8B, 0x92, 0x25, 0x35, 0x97,
    0x0B, 0x8B, 0xB7, 0xB1, 0x4B, 0x65, 0x2E, 0xBE, 0xDB, 0x4C, 0x11, 0x5D, 0x5C, 0xBF, 0xA6, 0x90,
    0xBC, 0xF1, 0x83, 0x4E, 0x28, 0x3D, 0xF8, 0xB1, 0x34, 0xDE, 0xC7, 0x37, 0x46, 0x63, 0xF9, 0x5C,
    0xF4, 0x8F, 0x94, 0x86, 0xAD, 0xC5, 0x6A, 0xB7, 0x62, 0x72, 0xAC, 0xC3, 0x52, 0xC5, 0x82, 0x63,
    0x4D, 0x31, 0x6D, 0x2C, 0x3E, 0xF6, 0x17, 0xC4, 0x6B, 0x07, 0x62, 0xAF, 0x3D, 0x88, 0xBD, 0x0E,
    0x20, 0xF6, 0x3A, 0x82, 0xF8, 0xF2, 0x36, 0x90, 0xB8, 0x08, 0x1C, 0x45, 0xBE, 0x90, 0x38, 0x53,
    0x62, 0x6A, 0x0B, 0x0E, 0x9D, 0x65, 0x45, 0x6F, 0xC4, 0xCE, 0x88, 0x9F, 0xB2, 0xD6, 0x43, 0x9D,
    0x7E, 0xC6, 0xC0, 0x86, 0x0A, 0xE4, 0x3A, 0x43, 0x68, 0x4F, 0xB9, 0x27, 0xFD, 0xAE, 0x33, 0x16,
    0xA5, 0x76, 0x43, 0x46, 0x1C, 0x81, 0xF6, 0x12, 0xAD, 0x8E, 0xD3, 0x1A, 0x72, 0xED, 0x11, 0x95,
    0x1C, 0x24, 0xFD, 0x12, 0x77, 0x5C, 0xDA, 0x06, 0x99, 0x07, 0xD0, 0x8D, 0x52, 0xDC, 0x8D, 0x52,
    0xFE, 0xEC, 0xA5, 0xEA, 0xA3, 0x64, 0x9B, 0x77, 0x78, 0xC0, 0xED, 0x6D, 0x74, 0x1F, 0x5C, 0x27,
    0xCA, 0x8B, 0xCE, 0x5A, 0xF4, 0x52, 0x8E, 0x31, 0x73, 0xF2, 0x8A, 0x4A, 0x2D, 0xF2, 0x4D, 0x9C,
    0xFE, 0x56, 0x00, 0xDA, 0x6D, 0x55, 0x17, 0x69, 0x5F, 0x68, 0x90, 0x5C, 0xCA, 0xFE, 0x5F, 0x5C,
    0x4E, 0xE7, 0x7A, 0x7F, 0x1C, 0x50, 0xA6, 0xCD, 0x6E, 0xF7, 0x46, 0xF7, 0x5B, 0x1B, 0x09, 0x63,
    0x6D, 0x84, 0xB2, 0x65, 0xBD, 0x55, 0xEC, 0x6B, 0x31, 0x9F, 0x96, 0x21, 0xCE, 0xFF, 0x74, 0xDE,
    0xE1, 0xBE, 0x0F, 0x92, 0xB4, 0x1A, 0x70, 0xF1, 0x4D, 0x89, 0xA2, 0xEA, 0x47, 0x54, 0x85, 0x85,
    0x70, 0xBA, 0xEC, 0xAD, 0xBE, 0x5F, 0x66, 0x35, 0x3F, 0xB4, 0xD8, 0x72, 0x11, 0x92, 0xAF, 0x97,
    0xFC, 0x8B, 0xD0, 0x1A, 0xCE, 0xC0, 0xA8, 0x9F, 0xDB, 0x7C, 0xF9, 0xA1, 0x73, 0x7A, 0x4F, 0xD0,
    0xA5, 0xAE, 0xCC, 0xFA, 0xC4, 0x5C, 0x52, 0xC0, 0x23, 0xF0, 0x3D, 0x3B, 0x86, 0x2D, 0x35, 0xB2,
    0xD5, 0xE2, 0x70, 0xE5, 0x8A, 0xDB, 0xF2, 0x57, 0xFA, 0x3F, 0x6D, 0x92, 0xCD, 0xB1, 0x83, 0x30,
    0x0C, 0x84, 0x95, 0xE4, 0xC0, 0x81, 0x03, 0x25, 0x50, 0x82, 0x4B, 0x30, 0x1D, 0xA5, 0x84, 0xA4,
    0x33, 0x48, 0x07, 0x94, 0x40, 0x09, 0x1C, 0x38, 0x70, 0xB0, 0xD1, 0x5B, 0xFD, 0xD8, 0x90, 0xC9,
    0x63, 0x64, 0x29, 0x13, 0x6C, 0xFC, 0x69, 0x57, 0x44, 0xCF, 0x4C, 0xCF, 0x44, 0x0F, 0x4E, 0x0D,
    0x27, 0xEA, 0x38, 0x75, 0xBC, 0x53, 0xCF, 0x7B, 0xE0, 0x8D, 0x62, 0x96, 0xA0, 0xB8, 0x53, 0xDC,
    0x88, 0x5E, 0xAB, 0x04, 0x8D, 0xAB, 0x44, 0x60, 0x79, 0xE6, 0xA8, 0x65, 0xFA, 0x2E, 0x77, 0x9E,
    0x1E, 0x3C, 0xE1, 0x93, 0x6F, 0x04, 0xCA, 0x80, 0x90, 0xD2, 0x30, 0x11, 0x56, 0x8B, 0x82, 0xD5,
    0x1E, 0x44, 0xDD, 0x21, 0x41, 0x5D, 0x96, 0x90, 0xD5, 0x27, 0x92, 0x15, 0x50, 0xB0, 0x70, 0xB1,
    0x5E, 0x2E, 0x65, 0xBB, 0x32, 0xC8, 0xD3, 0x2C, 0x04, 0xF6, 0x5E, 0xD1, 0x41, 0xD9, 0x69, 0x06,
    0x38, 0xFE, 0xC1, 0x0F, 0xBC, 0x95, 0x63, 0xE4, 0xDB, 0x47, 0xC9, 0xCA, 0xBC, 0xC4, 0x13, 0xDC,
    0x80, 0x9D, 0xD7, 0x70, 0x8D, 0xD6, 0x60, 0x8D, 0xD5, 0xC2, 0x48, 0x0D, 0xD4, 0x38, 0x0D, 0x53,
    0x28, 0x93, 0x43, 0x1A, 0x63, 0x41, 0x84, 0xAE, 0x24, 0x6C, 0xC8, 0x60, 0x93, 0x03, 0x10, 0x55,
    0xD9, 0x7C, 0xF7, 0x2E, 0xFB, 0x70, 0x60, 0x94, 0x03, 0x60, 0x5B, 0xC6, 0x15, 0x3C, 0xB3, 0x12,
    0x4E, 0x4A, 0xF8, 0xE1, 0x19, 0x6C, 0x37, 0x65, 0x53, 0xC8, 0xA1, 0x12, 0x2A, 0xDE, 0x50, 0xD9,
    0x24, 0xE7, 0x42, 0x78, 0x28, 0x1E, 0x0F, 0x41, 0x72, 0x8A, 0x6A, 0x27, 0xEE, 0xE9, 0x78, 0xC3,
    0x85, 0x37, 0x76, 0xFD, 0xA8, 0x55, 0x01, 0x61, 0x7E, 0x28, 0xF6, 0xC7, 0x32, 0x00, 0x51, 0x69,
    0x7B, 0xDE, 0x1C, 0x38, 0xCB, 0x66, 0x1F, 0x83, 0x8B, 0x09, 0x36, 0x0A, 0x2E, 0x6C, 0xD5, 0xF6,
    0x9C, 0x8B, 0x3A, 0x12, 0x3F, 0x22, 0x9F, 0x3A, 0x5F, 0xD5, 0xBE, 0x0A, 0xDE, 0x1E, 0x45, 0xF3,
    0x6F, 0xD9, 0xAB, 0xF8, 0x55, 0xFF, 0x90, 0x4E, 0x45, 0xAB, 0x0B, 0xD5, 0x88, 0x97, 0x33, 0xDA,
    0x98, 0x53, 0x19, 0x74, 0xF2, 0x4E, 0x43, 0xF2, 0x61, 0xAF, 0x9D, 0xFE, 0x7A, 0x69, 0x9F, 0xD0,
    0xF0, 0xB1, 0xE7, 0xD5, 0x47, 0xBD, 0xB4, 0x3C, 0x95, 0x96, 0x3F, 0xA5, 0xD3, 0xFB, 0x3F, 0xCD,
    0xBE, 0xAD, 0x53, 0xCB, 0x6D, 0xED, 0xF7, 0xB8, 0x0C, 0x58, 0x6D, 0xF6, 0x28, 0x9D, 0x66, 0xEF,
    0xD4, 0x0C, 0x05, 0x5A, 0x80, 0x3F, 0xCA, 0x08, 0x7F, 0x0C, 0xD3, 0x9C, 0x45, 0xDC, 0x79, 0xFD,
    0x03, 0xDB, 0xFF, 0xFF, 0xFF, 0x9F, 0x07, 0x0C, 0x0C, 0x32, 0x40, 0x6C, 0x73, 0x82, 0x81, 0x61,
    0xCE, 0x49, 0x06, 0x86, 0x9E, 0xC3, 0x0C, 0x4C, 0x3C, 0x07, 0x1D, 0xD8, 0x78, 0x0E, 0x34, 0xF0,
    0xF0, 0x1C, 0x50, 0x10, 0x01, 0x62, 0x03, 0x9E, 0x03, 0x1C, 0x0D, 0x3C, 0x07, 0xD8, 0x80, 0x98,
    0x99, 0x01, 0x42, 0xF3, 0x00, 0xB1, 0x8A, 0x02, 0x50, 0x4E, 0x05, 0xAC, 0xEE, 0x60, 0x03, 0x2B,
    0x0F, 0x48, 0xDF, 0x51, 0xA0, 0xFE, 0x33, 0x40, 0xFC, 0x84, 0x81, 0x41, 0x07, 0x64, 0xEE, 0x7F,
    0xA0, 0xF9, 0x00,
};

static const EpdGlyph lexica_17_bolditalicGlyphs[] = {
    { 0, 0, 0, 0, 0, 0, 0 }, // U+000D
    { 0, 0, 181, 0, 0, 0, 0 }, // U+0020
    { 13, 24, 169, -1, 24, 78, 0 }, // !
    { 13, 8, 252, 3, 24, 26, 78 }, // "
    { 27, 24, 425, 0, 24, 162, 104 }, // #
    { 22, 30, 364, 0, 27, 165, 266 }, // $
    { 34, 24, 591, 1, 24, 204, 431 }, // %
    { 25, 26, 387, -1, 26, 163, 635 }, // &
    { 6, 8, 146, 3, 24, 12, 798 }, // '
    { 14, 30, 214, 0, 24, 105, 810 }, // (
    { 14, 30, 214, -2, 24, 105, 915 }, // )
    { 13, 13, 251, 2, 24, 43, 1020 }, // *
    { 19, 18, 366, 1, 18, 86, 1063 }, // +
    { 9, 12, 160, -2, 7, 27, 1149 }, // ,
    { 13, 5, 213, 0, 12, 17, 1176 }, // -
    { 8, 7, 140, -1, 7, 14, 1193 }, // .
    { 20, 24, 251, -2, 24, 120, 1207 }, // /
    { 22, 24, 373, 1, 24, 132, 1327 }, // 0
    { 14, 24, 258, 2, 24, 84, 1459 }, // 1
    { 23, 24, 333, -2, 24, 138, 1543 }, // 2
    { 21, 24, 351, 0, 24, 126, 1681 }, // 3
    { 23, 24, 366, -1, 24, 138, 1807 }, // 4
    { 21, 24, 349, 0, 24, 126, 1945 }, // 5
    { 20, 24, 356, 1, 24, 120, 2071 }, // 6
    { 21, 24, 318, 0, 24, 126, 2191 }, // 7
    { 20, 24, 353, 0, 24, 120, 2317 }, // 8
    { 18, 24, 326, 2, 24, 108, 2437 }, // 9
    { 10, 19, 140, -1, 19, 48, 2545 }, // :
    { 12, 24, 140, -3, 19, 72, 2593 }, // ;
    { 18, 19, 363, 1, 18, 86, 2665 }, // <
    { 19, 11, 388, 2, 14, 53, 2751 }, // =
    { 19, 19, 362, 2, 18, 91, 2804 }, // >
    { 20, 24, 359, 3, 24, 120, 2895 }, // ?
    { 25, 24, 427, 1, 24, 150, 3015 }, // @
    { 26, 24, 396, -3, 24, 156, 3165 }, // A
    { 24, 24, 364, -1, 24, 144, 3321 }, // B
    { 23, 24, 381, 1, 24, 138, 3465 }, // C
    { 25, 24, 391, -1, 24, 150, 3603 }, // D
    { 24, 24, 330, -1, 24, 144, 3753 }, // E
    { 23, 24, 309, -1, 24, 138, 3897 }, // F
    { 24, 24, 415, 1, 24, 144, 4035 }, // G
    { 27, 24, 394, -1, 24, 162, 4179 }, // H
    { 18, 24, 260, -1, 24, 108, 4341 }, // I
    { 22, 24, 321, -1, 24, 132, 4449 }, // J
    { 27, 24, 372, -1, 24, 162, 4581 }, // K
    { 19, 24, 308, -1, 24, 114, 4743 }, // L
    { 33, 24, 486, -1, 24, 198, 4857 }, // M
    { 28, 24, 405, -1, 24, 168, 5055 }, // N
    { 25, 24, 432, 1, 24, 150, 5223 }, // O
    { 24, 24, 356, -1, 24, 144, 5373 }, // P
    { 26, 28, 439, 1, 26, 182, 5517 }, // Q
    { 24, 24, 365, -1, 24, 144, 5699 }, // R
    { 22, 24, 364, 0, 24, 132, 5843 }, // S
    { 22, 24, 350, 2, 24, 132, 5975 }, // T
    { 25, 24, 385, 0, 24, 150, 6107 }, // U
    { 24, 24, 375, 2, 24, 144, 6257 }, // V
    { 32, 24, 504, 2, 24, 192, 6401 }, // W
    { 31, 24, 400, -3, 24, 186, 6593 }, // X
    { 25, 24, 397, 2, 24, 150, 6779 }, // Y
    { 26, 24, 358, -2, 24, 156, 6929 }, // Z
    { 17, 30, 193, -3, 24, 128, 7085 }, // [
    { 15, 24, 331, 3, 24, 90, 7213 }, // <backslash>
    { 16, 30, 194, -3, 24, 120, 7303 }, // ]
    { 18, 13, 334, 1, 24, 59, 7423 }, // ^
    { 16, 5, 259, -2, 0, 20, 7482 }, // _
    { 8, 6, 179, 4, 26, 12, 7502 }, // `
    { 19, 19, 309, -1, 19, 91, 7514 }, // a
    { 21, 24, 336, -1, 24, 126, 7605 }, // b
    { 19, 19, 301, 0, 19, 91, 7731 }, // c
    { 22, 24, 336, 0, 24, 132, 7822 }, // d
    { 19, 19, 321, 0, 19, 91, 7954 }, // e
    { 16, 26, 215, 0, 26, 104, 8045 }, // f
    { 22, 26, 337, -1, 19, 143, 8149 }, // g
    { 20, 24, 329, -1, 24, 120, 8292 }, // h
    { 13, 27, 192, 0, 27, 88, 8412 }, // i
    { 18, 32, 149, -7, 26, 144, 8500 }, // j
    { 22, 24, 319, -1, 24, 132, 8644 }, // k
    { 10, 24, 180, 0, 24, 60, 8776 }, // l
    { 31, 19, 507, -1, 19, 148, 8836 }, // m
    { 20, 19, 328, -1, 19, 95, 8984 }, // n
    { 19, 19, 326, 0, 19, 91, 9079 }, // o
    { 22, 25, 334, -2, 19, 138, 9170 }, // p
    { 22, 25, 341, 0, 19, 138, 9308 }, // q
    { 16, 19, 222, -1, 19, 76, 9446 }, // r
    { 18, 19, 292, -1, 19, 86, 9522 }, // s
    { 14, 22, 222, 0, 22, 77, 9608 }, // t
    { 20, 18, 328, 0, 18, 90, 9685 }, // u
    { 20, 18, 302, 1, 18, 90, 9775 }, // v
    { 26, 18, 412, 1, 18, 117, 9865 }, // w
    { 24, 18, 304, -3, 18, 108, 9982 }, // x
    { 22, 24, 299, -2, 18, 132, 10090 }, // y
    { 22, 18, 299, -2, 18, 99, 10222 }, // z
    { 16, 30, 211, -1, 24, 120, 10321 }, // {
    { 6, 30, 169, 2, 24, 45, 10441 }, // |
    { 16, 30, 211, -3, 24, 120, 10486 }, // }
    { 18, 8, 302, 0, 13, 36, 10606 }, // ~
    { 0, 0, 181, 0, 0, 0, 0 }, // U+00A0
    { 12, 25, 168, -2, 19, 75, 0 }, // U+00A1
    { 19, 23, 301, 0, 20, 110, 75 }, // U+00A2
    { 23, 24, 350, 0, 24, 138, 185 }, // U+00A3
    { 18, 18, 384, 3, 21, 81, 323 }, // U+00A4
    { 25, 24, 397, 2, 24, 150, 404 }, // U+00A5
    { 5, 30, 159, 2, 24, 38, 554 }, // U+00A6
    { 24, 30, 319, -3, 24, 180, 592 }, // U+00A7
    { 13, 5, 258, 4, 25, 17, 772 }, // U+00A8
    { 25, 25, 461, 2, 25, 157, 789 }, // U+00A9
    { 11, 11, 224, 3, 25, 31, 946 }, // U+00AA
    { 22, 15, 377, 1, 16, 83, 977 }, // U+00AB
    { 19, 14, 394, 2, 15, 67, 1060 }, // U+00AC
    { 13, 5, 213, 0, 12, 17, 1127 }, // U+00AD
    { 25, 25, 461, 2, 25, 157, 1144 }, // U+00AE
    { 13, 3, 230, 3, 23, 10, 1301 }, // U+00AF
    { 13, 11, 233, 2, 24, 36, 1311 }, // U+00B0
    { 20, 18, 397, 1, 18, 90, 1347 }, // U+00B1
    { 14, 14, 231, 2, 28, 49, 1437 }, // U+00B2
    { 13, 14, 241, 3, 28, 46, 1486 }, // U+00B3
    { 10, 6, 181, 3, 26, 15, 1532 }, // U+00B4
    { 22, 24, 339, -2, 18, 132, 1547 }, // U+00B5
    { 20, 30, 300, 1, 24, 150, 1679 }, // U+00B6
    { 8, 7, 173, 1, 12, 14, 1829 }, // U+00B7
    { 9, 8, 182, -2, 1, 18, 1843 }, // U+00B8
    { 8, 14, 167, 4, 28, 28, 1861 }, // U+00B9
    { 12, 11, 234, 3, 25, 33, 1889 }, // U+00BA
    { 23, 15, 377, -1, 16, 87, 1922 }, // U+00BB
    { 27, 24, 527, 3, 24, 162, 2009 }, // U+00BC
    { 28, 24, 521, 3, 24, 168, 2171 }, // U+00BD
    { 29, 24, 543, 2, 24, 174, 2339 }, // U+00BE
    { 20, 25, 359, -1, 19, 125, 2513 }, // U+00BF
    { 26, 32, 396, -3, 32, 208, 2638 }, // U+00C0
    { 26, 32, 396, -3, 32, 208, 2846 }, // U+00C1
    { 26, 32, 396, -3, 32, 208, 3054 }, // U+00C2
    { 27, 30, 396, -3, 30, 203, 3262 }, // U+00C3
    { 26, 31, 396, -3, 31, 202, 3465 }, // U+00C4
    { 26, 31, 396, -3, 31, 202, 3667 }, // U+00C5
    { 41, 24, 576, -3, 24, 246, 3869 }, // U+00C6
    { 23, 31, 381, 1, 24, 179, 4115 }, // U+00C7
    { 24, 32, 330, -1, 32, 192, 4294 }, // U+00C8
    { 24, 32, 330, -1, 32, 192, 4486 }, // U+00C9
    { 24, 32, 330, -1, 32, 192, 4678 }, // U+00CA
    { 24, 31, 330, -1, 31, 186, 4870 }, // U+00CB
    { 18, 32, 260, -1, 32, 144, 5056 }, // U+00CC
    { 18, 32, 260, -1, 32, 144, 5200 }, // U+00CD
    { 20, 32, 260, -1, 32, 160, 5344 }, // U+00CE
    { 19, 31, 260, -1, 31, 148, 5504 }, // U+00CF
    { 26, 24, 418, 0, 24, 156, 5652 }, // U+00D0
    { 28, 30, 405, -1, 30, 210, 5808 }, // U+00D1
    { 25, 32, 432, 1, 32, 200, 6018 }, // U+00D2
    { 25, 32, 432, 1, 32, 200, 6218 }, // U+00D3
    { 25, 32, 432, 1, 32, 200, 6418 }, // U+00D4
    { 25, 31, 432, 1, 31, 194, 6618 }, // U+00D5
    { 25, 32, 432, 1, 32, 200, 6812 }, // U+00D6
    { 18, 17, 350, 1, 17, 77, 7012 }, // U+00D7
    { 27, 25, 431, 0, 25, 169, 7089 }, // U+00D8
    { 25, 32, 385, 0, 32, 200, 7258 }, // U+00D9
    { 25, 32, 385, 0, 32, 200, 7458 }, // U+00DA
    { 25, 32, 385, 0, 32, 200, 7658 }, // U+00DB
    { 25, 32, 385, 0, 32, 200, 7858 }, // U+00DC
    { 25, 32, 397, 2, 32, 200, 8058 }, // U+00DD
    { 23, 24, 353, -1, 24, 138, 8258 }, // U+00DE
    { 23, 24, 358, -1, 24, 138, 8396 }, // U+00DF
    { 19, 26, 309, -1, 26, 124, 8534 }, // U+00E0
    { 19, 26, 309, -1, 26, 124, 8658 }, // U+00E1
    { 20, 26, 309, -1, 26, 130, 8782 }, // U+00E2
    { 20, 24, 309, -1, 24, 120, 8912 }, // U+00E3
    { 19, 26, 309, -1, 26, 124, 9032 }, // U+00E4
    { 19, 29, 309, -1, 29, 138, 9156 }, // U+00E5
    { 32, 19, 502, -1, 19, 152, 9294 }, // U+00E6
    { 19, 26, 301, 0, 19, 124, 9446 }, // U+00E7
    { 19, 26, 321, 0, 26, 124, 9570 }, // U+00E8
    { 19, 26, 321, 0, 26, 124, 9694 }, // U+00E9
    { 20, 26, 321, 0, 26, 130, 9818 }, // U+00EA
    { 19, 26, 321, 0, 26, 124, 9948 }, // U+00EB
    { 11, 26, 185, 0, 26, 72, 10072 }, // U+00EC
    { 14, 26, 185, 0, 26, 91, 10144 }, // U+00ED
    { 15, 26, 185, 0, 26, 98, 10235 }, // U+00EE
    { 14, 25, 185, 0, 25, 88, 10333 }, // U+00EF
    { 20, 27, 329, 0, 27, 135, 10421 }, // U+00F0
    { 22, 24, 328, -1, 24, 132, 10556 }, // U+00F1
    { 19, 26, 326, 0, 26, 124, 10688 }, // U+00F2
    { 19, 26, 326, 0, 26, 124, 10812 }, // U+00F3
    { 20, 26, 326, 0, 26, 130, 10936 }, // U+00F4
    { 20, 24, 326, 0, 24, 120, 11066 }, // U+00F5
    { 19, 26, 326, 0, 26, 124, 11186 }, // U+00F6
    { 19, 19, 366, 1, 19, 91, 11310 }, // U+00F7
    { 22, 21, 327, -1, 20, 116, 11401 }, // U+00F8
    { 20, 26, 328, 0, 26, 130, 11517 }, // U+00F9
    { 20, 26, 328, 0, 26, 130, 11647 }, // U+00FA
    { 20, 26, 328, 0, 26, 130, 11777 }, // U+00FB
    { 20, 26, 328, 0, 26, 130, 11907 }, // U+00FC
    { 22, 32, 299, -2, 26, 176, 12037 }, // U+00FD
    { 22, 30, 334, -2, 24, 165, 12213 }, // U+00FE
    { 22, 31, 299, -2, 25, 171, 12378 }, // U+00FF
    { 26, 29, 396, -3, 29, 189, 0 }, // U+0100
    { 19, 24, 309, -1, 24, 114, 189 }, // U+0101
    { 26, 31, 396, -3, 31, 202, 303 }, // U+0102
    { 20, 25, 309, -1, 25, 125, 505 }, // U+0103
    { 26, 30, 396, -3, 24, 195, 630 }, // U+0104
    { 19, 25, 309, -1, 19, 119, 825 }, // U+0105
    { 23, 32, 381, 1, 32, 184, 944 }, // U+0106
    { 19, 26, 301, 0, 26, 124, 1128 }, // U+0107
    { 23, 32, 381, 1, 32, 184, 1252 }, // U+0108
    { 20, 26, 301, 0, 26, 130, 1436 }, // U+0109
    { 23, 32, 381, 1, 32, 184, 1566 }, // U+010A
    { 19, 26, 301, 0, 26, 124, 1750 }, // U+010B
    { 23, 32, 381, 1, 32, 184, 1874 }, // U+010C
    { 21, 26, 301, 0, 26, 137, 2058 }, // U+010D
    { 25, 32, 391, -1, 32, 200, 2195 }, // U+010E
    { 28, 24, 370, 0, 24, 168, 2395 }, // U+010F
    { 26, 24, 423, 0, 24, 156, 2563 }, // U+0110
    { 24, 25, 362, 0, 25, 150, 2719 }, // U+0111
    { 24, 29, 330, -1, 29, 174, 2869 }, // U+0112
    { 19, 24, 321, 0, 24, 114, 3043 }, // U+0113
    { 24, 31, 330, -1, 31, 186, 3157 }, // U+0114
    { 19, 25, 321, 0, 25, 119, 3343 }, // U+0115
    { 24, 31, 330, -1, 31, 186, 3462 }, // U+0116
    { 19, 26, 321, 0, 26, 124, 3648 }, // U+0117
    { 24, 30, 330, -1, 24, 180, 3772 }, // U+0118
    { 19, 25, 321, 0, 19, 119, 3952 }, // U+0119
    { 24, 32, 330, -1, 32, 192, 4071 }, // U+011A
    { 21, 26, 321, 0, 26, 137, 4263 }, // U+011B
    { 24, 32, 415, 1, 32, 192, 4400 }, // U+011C
    { 22, 33, 337, -1, 26, 182, 4592 }, // U+011D
    { 24, 32, 415, 1, 32, 192, 4774 }, // U+011E
    { 22, 33, 337, -1, 26, 182, 4966 }, // U+011F
    { 24, 32, 415, 1, 32, 192, 5148 }, // U+0120
    { 22, 33, 337, -1, 26, 182, 5340 }, // U+0121
    { 24, 32, 415, 1, 24, 192, 5522 }, // U+0122
    { 22, 35, 337, -1, 28, 193, 5714 }, // U+0123
    { 27, 32, 394, -1, 32, 216, 5907 }, // U+0124
    { 20, 32, 329, -1, 32, 160, 6123 }, // U+0125
    { 28, 24, 419, 0, 24, 168, 6283 }, // U+0126
    { 20, 25, 365, 1, 25, 125, 6451 }, // U+0127
    { 20, 30, 260, -1, 30, 150, 6576 }, // U+0128
    { 16, 24, 185, 0, 24, 96, 6726 }, // U+0129
    { 19, 29, 260, -1, 29, 138, 6822 }, // U+012A
    { 14, 24, 185, 0, 24, 84, 6960 }, // U+012B
    { 20, 31, 260, -1, 31, 155, 7044 }, // U+012C
    { 15, 25, 185, 0, 25, 94, 7199 }, // U+012D
    { 18, 30, 260, -1, 24, 135, 7293 }, // U+012E
    { 15, 33, 192, -2, 27, 124, 7428 }, // U+012F
    { 18, 31, 260, -1, 31, 140, 7552 }, // U+0130
    { 11, 18, 185, 0, 18, 50, 7692 }, // U+0131
    { 39, 24, 581, -1, 24, 234, 7742 }, // U+0132
    { 23, 32, 341, 0, 26, 184, 7976 }, // U+0133
    { 27, 32, 321, -1, 32, 216, 8160 }, // U+0134
    { 21, 32, 149, -7, 26, 168, 8376 }, // U+0135
    { 27, 33, 372, -1, 24, 223, 8544 }, // U+0136
    { 22, 33, 319, -1, 24, 182, 8767 }, // U+0137
    { 22, 18, 319, -1, 18, 99, 8949 }, // U+0138
    { 19, 32, 308, -1, 32, 152, 9048 }, // U+0139
    { 14, 32, 180, 0, 32, 112, 9200 }, // U+013A
    { 19, 33, 308, -1, 24, 157, 9312 }, // U+013B
    { 13, 33, 180, -3, 24, 108, 9469 }, // U+013C
    { 20, 25, 308, -1, 25, 125, 9577 }, // U+013D
    { 16, 24, 196, 0, 24, 96, 9702 }, // U+013E
    { 19, 24, 308, -1, 24, 114, 9798 }, // U+013F
    { 17, 24, 275, 0, 24, 102, 9912 }, // U+0140
    { 21, 24, 337, -1, 24, 126, 10014 }, // U+0141
    { 15, 24, 194, -1, 24, 90, 10140 }, // U+0142
    { 28, 32, 405, -1, 32, 224, 10230 }, // U+0143
    { 20, 26, 328, -1, 26, 130, 10454 }, // U+0144
    { 28, 33, 405, -1, 24, 231, 10584 }, // U+0145
    { 20, 28, 328, -1, 19, 140, 10815 }, // U+0146
    { 28, 32, 405, -1, 32, 224, 10955 }, // U+0147
    { 22, 26, 328, -1, 26, 143, 11179 }, // U+0148
    { 25, 24, 474, 3, 24, 150, 11322 }, // U+0149
    { 28, 30, 405, -1, 24, 210, 11472 }, // U+014A
    { 20, 25, 328, -1, 19, 125, 11682 }, // U+014B
    { 25, 30, 432, 1, 30, 188, 11807 }, // U+014C
    { 19, 24, 326, 0, 24, 114, 11995 }, // U+014D
    { 25, 32, 432, 1, 32, 200, 12109 }, // U+014E
    { 19, 25, 326, 0, 25, 119, 12309 }, // U+014F
    { 26, 32, 432, 1, 32, 208, 12428 }, // U+0150
    { 22, 26, 326, 0, 26, 143, 12636 }, // U+0151
    { 40, 24, 621, 1, 24, 240, 12779 }, // U+0152
    { 33, 19, 531, -1, 19, 157, 13019 }, // U+0153
    { 24, 32, 365, -1, 32, 192, 13176 }, // U+0154
    { 17, 26, 222, -1, 26, 111, 13368 }, // U+0155
    { 24, 33, 365, -1, 24, 198, 13479 }, // U+0156
    { 20, 28, 222, -5, 19, 140, 13677 }, // U+0157
    { 24, 32, 365, -1, 32, 192, 13817 }, // U+0158
    { 19, 26, 222, -1, 26, 124, 14009 }, // U+0159
    { 22, 32, 364, 0, 32, 176, 14133 }, // U+015A
    { 18, 26, 292, -1, 26, 117, 14309 }, // U+015B
    { 22, 32, 364, 0, 32, 176, 14426 }, // U+015C
    { 19, 26, 292, -1, 26, 124, 14602 }, // U+015D
    { 22, 31, 364, 0, 24, 171, 14726 }, // U+015E
    { 18, 25, 292, -1, 19, 113, 14897 }, // U+015F
    { 22, 32, 364, 0, 32, 176, 15010 }, // U+0160
    { 20, 26, 292, -1, 26, 130, 15186 }, // U+0161
    { 22, 31, 350, 2, 24, 171, 15316 }, // U+0162
    { 15, 29, 222, -1, 22, 109, 15487 }, // U+0163
    { 22, 32, 350, 2, 32, 176, 15596 }, // U+0164
    { 19, 26, 224, 0, 26, 124, 15772 }, // U+0165
    { 22, 24, 350, 2, 24, 132, 15896 }, // U+0166
    { 15, 22, 222, -1, 22, 83, 16028 }, // U+0167
    { 25, 31, 385, 0, 31, 194, 16111 }, // U+0168
    { 20, 24, 328, 0, 24, 120, 16305 }, // U+0169
    { 25, 30, 385, 0, 30, 188, 16425 }, // U+016A
    { 20, 24, 328, 0, 24, 120, 16613 }, // U+016B
    { 25, 32, 385, 0, 32, 200, 16733 }, // U+016C
    { 20, 25, 328, 0, 25, 125, 16933 }, // U+016D
    { 25, 35, 385, 0, 35, 219, 17058 }, // U+016E
    { 20, 29, 328, 0, 29, 145, 17277 }, // U+016F
    { 25, 32, 385, 0, 32, 200, 17422 }, // U+0170
    { 22, 26, 328, 0, 26, 143, 17622 }, // U+0171
    { 25, 30, 385, 0, 24, 188, 17765 }, // U+0172
    { 20, 24, 328, 0, 18, 120, 17953 }, // U+0173
    { 32, 32, 504, 2, 32, 256, 18073 }, // U+0174
    { 26, 26, 412, 1, 26, 169, 18329 }, // U+0175
    { 25, 32, 397, 2, 32, 200, 18498 }, // U+0176
    { 22, 32, 299, -2, 26, 176, 18698 }, // U+0177
    { 25, 31, 397, 2, 31, 194, 18874 }, // U+0178
    { 26, 32, 358, -2, 32, 208, 19068 }, // U+0179
    { 22, 26, 299, -2, 26, 143, 19276 }, // U+017A
    { 26, 31, 358, -2, 31, 202, 19419 }, // U+017B
    { 22, 25, 299, -2, 25, 138, 19621 }, // U+017C
    { 26, 32, 358, -2, 32, 208, 19759 }, // U+017D
    { 23, 26, 299, -2, 26, 150, 19967 }, // U+017E
    { 16, 26, 215, 0, 26, 104, 20117 }, // U+017F
    { 30, 28, 433, 1, 28, 210, 0 }, // U+01A0
    { 24, 22, 336, 0, 22, 132, 210 }, // U+01A1
    { 31, 28, 391, 0, 28, 217, 342 }, // U+01AF
    { 25, 22, 334, 0, 22, 138, 559 }, // U+01B0
    { 50, 32, 749, -1, 32, 400, 697 }, // U+01C4
    { 46, 26, 690, -1, 26, 299, 1097 }, // U+01C5
    { 42, 26, 635, 0, 26, 273, 1396 }, // U+01C6
    { 42, 24, 629, -1, 24, 252, 1669 }, // U+01C7
    { 31, 32, 457, -1, 26, 248, 1921 }, // U+01C8
    { 22, 32, 329, 0, 26, 176, 2169 }, // U+01C9
    { 48, 24, 726, -1, 24, 288, 2345 }, // U+01CA
    { 37, 32, 554, -1, 26, 296, 2633 }, // U+01CB
    { 32, 32, 477, -1, 26, 256, 2929 }, // U+01CC
    { 27, 32, 396, -3, 32, 216, 3185 }, // U+01CD
    { 21, 26, 309, -1, 26, 137, 3401 }, // U+01CE
    { 25, 32, 385, 0, 32, 200, 3538 }, // U+01D3
    { 21, 26, 328, 0, 26, 137, 3738 }, // U+01D4
    { 24, 32, 415, 1, 32, 192, 3875 }, // U+01E6
    { 22, 33, 337, -1, 26, 182, 4067 }, // U+01E7
    { 25, 30, 432, 1, 24, 188, 4249 }, // U+01EA
    { 19, 25, 326, 0, 19, 119, 4437 }, // U+01EB
    { 50, 24, 749, -1, 24, 300, 4556 }, // U+01F1
    { 45, 24, 690, -1, 24, 270, 4856 }, // U+01F2
    { 41, 24, 635, 0, 24, 246, 5126 }, // U+01F3
    { 26, 39, 396, -3, 39, 254, 5372 }, // U+01FA
    { 20, 37, 309, -1, 37, 185, 5626 }, // U+01FB
    { 41, 32, 576, -3, 32, 328, 5811 }, // U+01FC
    { 32, 26, 502, -1, 26, 208, 6139 }, // U+01FD
    { 27, 32, 431, 0, 32, 216, 6347 }, // U+01FE
    { 22, 27, 327, -1, 26, 149, 6563 }, // U+01FF
    { 22, 32, 364, 0, 24, 176, 6712 }, // U+0218
    { 18, 27, 292, -1, 19, 122, 6888 }, // U+0219
    { 22, 33, 350, 2, 24, 182, 7010 }, // U+021A
    { 16, 31, 222, -2, 22, 124, 7192 }, // U+021B
    { 27, 32, 394, -1, 32, 216, 7316 }, // U+021E
    { 20, 32, 329, -1, 32, 160, 7532 }, // U+021F
    { 8, 6, 0, 4, 26, 12, 0 }, // U+0300
    { 10, 6, 0, 3, 26, 15, 12 }, // U+0301
    { 15, 6, 0, 3, 26, 23, 27 }, // U+0302
    { 15, 4, 0, 3, 24, 15, 50 }, // U+0303
    { 13, 3, 0, 3, 23, 10, 65 }, // U+0304
    { 13, 5, 0, 3, 25, 17, 75 }, // U+0306
    { 6, 5, 0, 4, 25, 8, 92 }, // U+0307
    { 12, 5, 0, 3, 25, 15, 100 }, // U+0308
    { 8, 7, 89, 1, 27, 14, 115 }, // U+0309
    { 10, 9, 0, 4, 28, 23, 129 }, // U+030A
    { 17, 6, 0, 2, 26, 26, 152 }, // U+030B
    { 15, 6, 0, 4, 26, 23, 178 }, // U+030C
    { 13, 8, 184, 0, 23, 26, 201 }, // U+031B
    { 7, 6, 116, -2, -3, 11, 227 }, // U+0323
    { 9, 8, 0, -3, -1, 18, 238 }, // U+0326
    { 9, 8, 0, -2, 1, 18, 256 }, // U+0327
    { 10, 6, 0, -2, 0, 15, 274 }, // U+0328
    { 26, 33, 396, -3, 24, 215, 0 }, // U+1EA0
    { 19, 27, 309, -1, 19, 129, 215 }, // U+1EA1
    { 26, 32, 396, -3, 32, 208, 344 }, // U+1EA2
    { 19, 27, 309, -1, 27, 129, 552 }, // U+1EA3
    { 33, 36, 396, -3, 36, 297, 681 }, // U+1EA4
    { 26, 31, 309, -1, 31, 202, 978 }, // U+1EA5
    { 31, 35, 396, -3, 35, 272, 1180 }, // U+1EA6
    { 24, 31, 309, -1, 31, 186, 1452 }, // U+1EA7
    { 32, 36, 396, -3, 36, 288, 1638 }, // U+1EA8
    { 24, 31, 309, -1, 31, 186, 1926 }, // U+1EA9
    { 28, 38, 396, -3, 38, 266, 2112 }, // U+1EAA
    { 22, 33, 309, -1, 33, 182, 2378 }, // U+1EAB
    { 26, 41, 396, -3, 32, 267, 2560 }, // U+1EAC
    { 20, 34, 309, -1, 26, 170, 2827 }, // U+1EAD
    { 26, 38, 396, -3, 38, 247, 2997 }, // U+1EAE
    { 20, 33, 309, -1, 33, 165, 3244 }, // U+1EAF
    { 26, 38, 396, -3, 38, 247, 3409 }, // U+1EB0
    { 20, 33, 309, -1, 33, 165, 3656 }, // U+1EB1
    { 26, 39, 396, -3, 39, 254, 3821 }, // U+1EB2
    { 20, 34, 309, -1, 34, 170, 4075 }, // U+1EB3
    { 28, 37, 396, -3, 37, 259, 4245 }, // U+1EB4
    { 22, 32, 309, -1, 32, 176, 4504 }, // U+1EB5
    { 26, 40, 396, -3, 31, 260, 4680 }, // U+1EB6
    { 20, 33, 309, -1, 25, 165, 4940 }, // U+1EB7
    { 24, 33, 330, -1, 24, 198, 5105 }, // U+1EB8
    { 19, 27, 321, 0, 19, 129, 5303 }, // U+1EB9
    { 24, 32, 330, -1, 32, 192, 5432 }, // U+1EBA
    { 19, 27, 321, 0, 27, 129, 5624 }, // U+1EBB
    { 24, 30, 330, -1, 30, 180, 5753 }, // U+1EBC
    { 20, 24, 321, 0, 24, 120, 5933 }, // U+1EBD
    { 29, 36, 330, -1, 36, 261, 6053 }, // U+1EBE
    { 26, 31, 321, 0, 31, 202, 6314 }, // U+1EBF
    { 27, 35, 330, -1, 35, 237, 6516 }, // U+1EC0
    { 24, 31, 321, 0, 31, 186, 6753 }, // U+1EC1
    { 28, 36, 330, -1, 36, 252, 6939 }, // U+1EC2
    { 24, 31, 321, 0, 31, 186, 7191 }, // U+1EC3
    { 25, 38, 330, -1, 38, 238, 7377 }, // U+1EC4
    { 22, 33, 321, 0, 33, 182, 7615 }, // U+1EC5
    { 24, 41, 330, -1, 32, 246, 7797 }, // U+1EC6
    { 20, 34, 321, 0, 26, 170, 8043 }, // U+1EC7
    { 18, 32, 260, -1, 32, 144, 8213 }, // U+1EC8
    { 14, 26, 185, 0, 26, 91, 8357 }, // U+1EC9
    { 18, 33, 260, -1, 24, 149, 8448 }, // U+1ECA
    { 13, 35, 192, 0, 27, 114, 8597 }, // U+1ECB
    { 25, 32, 432, 1, 24, 200, 8711 }, // U+1ECC
    { 19, 27, 326, 0, 19, 129, 8911 }, // U+1ECD
    { 25, 33, 432, 1, 33, 207, 9040 }, // U+1ECE
    { 19, 27, 326, 0, 27, 129, 9247 }, // U+1ECF
    { 30, 36, 432, 1, 36, 270, 9376 }, // U+1ED0
    { 25, 31, 326, 0, 31, 194, 9646 }, // U+1ED1
    { 28, 35, 432, 1, 35, 245, 9840 }, // U+1ED2
    { 23, 31, 326, 0, 31, 179, 10085 }, // U+1ED3
    { 29, 36, 432, 1, 36, 261, 10264 }, // U+1ED4
    { 24, 31, 326, 0, 31, 186, 10525 }, // U+1ED5
    { 25, 38, 432, 1, 38, 238, 10711 }, // U+1ED6
    { 21, 33, 326, 0, 33, 174, 10949 }, // U+1ED7
    { 25, 40, 432, 1, 32, 250, 11123 }, // U+1ED8
    { 20, 34, 326, 0, 26, 170, 11373 }, // U+1ED9
    { 30, 32, 433, 1, 32, 240, 11543 }, // U+1EDA
    { 24, 26, 336, 0, 26, 156, 11783 }, // U+1EDB
    { 30, 32, 433, 1, 32, 240, 11939 }, // U+1EDC
    { 24, 26, 336, 0, 26, 156, 12179 }, // U+1EDD
    { 30, 33, 433, 1, 33, 248, 12335 }, // U+1EDE
    { 24, 27, 336, 0, 27, 162, 12583 }, // U+1EDF
    { 30, 31, 433, 1, 31, 233, 12745 }, // U+1EE0
    { 24, 24, 336, 0, 24, 144, 12978 }, // U+1EE1
    { 30, 36, 433, 1, 28, 270, 13122 }, // U+1EE2
    { 24, 30, 336, 0, 22, 180, 13392 }, // U+1EE3
    { 25, 32, 385, 0, 24, 200, 13572 }, // U+1EE4
    { 20, 26, 328, 0, 18, 130, 13772 }, // U+1EE5
    { 25, 33, 385, 0, 33, 207, 13902 }, // U+1EE6
    { 20, 27, 328, 0, 27, 135, 14109 }, // U+1EE7
    { 31, 32, 391, 0, 32, 248, 14244 }, // U+1EE8
    { 25, 26, 334, 0, 26, 163, 14492 }, // U+1EE9
    { 31, 32, 391, 0, 32, 248, 14655 }, // U+1EEA
    { 25, 26, 334, 0, 26, 163, 14903 }, // U+1EEB
    { 31, 33, 391, 0, 33, 256, 15066 }, // U+1EEC
    { 25, 27, 334, 0, 27, 169, 15322 }, // U+1EED
    { 31, 31, 391, 0, 31, 241, 15491 }, // U+1EEE
    { 25, 24, 334, 0, 24, 150, 15732 }, // U+1EEF
    { 31, 36, 391, 0, 28, 279, 15882 }, // U+1EF0
    { 25, 30, 334, 0, 22, 188, 16161 }, // U+1EF1
    { 25, 32, 397, 2, 32, 200, 16349 }, // U+1EF2
    { 22, 32, 299, -2, 26, 176, 16549 }, // U+1EF3
    { 25, 33, 397, 2, 24, 207, 16725 }, // U+1EF4
    { 22, 27, 299, -2, 18, 149, 16932 }, // U+1EF5
    { 25, 32, 397, 2, 32, 200, 17081 }, // U+1EF6
    { 22, 32, 299, -2, 26, 176, 17281 }, // U+1EF7
    { 25, 30, 397, 2, 30, 188, 17457 }, // U+1EF8
    { 22, 30, 299, -2, 24, 165, 17645 }, // U+1EF9
    { 12, 5, 190, 0, 12, 15, 0 }, // U+2010
    { 16, 5, 304, 1, 12, 20, 15 }, // U+2013
    { 28, 5, 493, 1, 12, 35, 35 }, // U+2014
    { 9, 12, 159, 2, 24, 27, 70 }, // U+2018
    { 9, 12, 160, 2, 24, 27, 97 }, // U+2019
    { 9, 12, 160, -2, 7, 27, 124 }, // U+201A
    { 17, 12, 286, 2, 24, 51, 151 }, // U+201C
    { 17, 12, 286, 2, 24, 51, 202 }, // U+201D
    { 17, 12, 286, -2, 7, 51, 253 }, // U+201E
    { 20, 24, 337, 1, 24, 120, 304 }, // U+2020
    { 21, 24, 337, 0, 24, 126, 424 }, // U+2021
    { 13, 12, 253, 1, 15, 39, 550 }, // U+2022
    { 27, 7, 457, -1, 7, 48, 589 }, // U+2026
    { 50, 24, 834, 1, 24, 300, 637 }, // U+2030
    { 14, 15, 227, 0, 16, 53, 937 }, // U+2039
    { 14, 15, 228, -1, 16, 53, 990 }, // U+203A
    { 22, 24, 273, -2, 24, 132, 1043 }, // U+2044
    { 14, 14, 245, 2, 28, 49, 0 }, // U+2074
    { 25, 29, 362, -1, 25, 182, 0 }, // U+20AB
    { 26, 24, 399, -1, 24, 156, 182 }, // U+20AC
    { 19, 26, 337, 0, 25, 124, 0 }, // U+2202
    { 19, 30, 448, 4, 24, 143, 124 }, // U+220F
    { 19, 30, 449, 4, 24, 143, 267 }, // U+2211
    { 19, 5, 366, 1, 11, 24, 410 }, // U+2212
    { 22, 24, 273, -2, 24, 132, 434 }, // U+2215
    { 7, 7, 159, 1, 13, 13, 566 }, // U+2219
    { 23, 30, 349, 0, 24, 173, 579 }, // U+221A
    { 24, 12, 429, 1, 15, 72, 752 }, // U+221E
    { 15, 32, 195, -2, 25, 120, 824 }, // U+222B
    { 17, 15, 315, 1, 16, 64, 944 }, // U+2248
    { 19, 18, 375, 2, 18, 86, 1008 }, // U+2260
    { 20, 19, 383, 1, 19, 95, 1094 }, // U+2264
    { 19, 19, 398, 2, 19, 91, 1189 }, // U+2265
    { 28, 26, 405, 0, 26, 182, 0 }, // U+FB00
    { 24, 27, 364, 0, 27, 162, 182 }, // U+FB01
    { 24, 26, 394, 0, 26, 156, 344 }, // U+FB02
    { 36, 27, 554, 0, 27, 243, 500 }, // U+FB03
    { 36, 26, 584, 0, 26, 234, 743 }, // U+FB04
    { 15, 25, 383, 4, 25, 94, 0 }, // U+FFFD
};

static const EpdUnicodeInterval lexica_17_bolditalicIntervals[] = {
    { 0xD, 0xD, 0x0 },
    { 0x20, 0x7E, 0x1 },
    { 0xA0, 0xFF, 0x60 },
    { 0x100, 0x17F, 0xC0 },
    { 0x1A0, 0x1A1, 0x140 },
    { 0x1AF, 0x1B0, 0x142 },
    { 0x1C4, 0x1CE, 0x144 },
    { 0x1D3, 0x1D4, 0x14F },
    { 0x1E6, 0x1E7, 0x151 },
    { 0x1EA, 0x1EB, 0x153 },
    { 0x1F1, 0x1F3, 0x155 },
    { 0x1FA, 0x1FF, 0x158 },
    { 0x218, 0x21B, 0x15E },
    { 0x21E, 0x21F, 0x162 },
    { 0x300, 0x304, 0x164 },
    { 0x306, 0x30C, 0x169 },
    { 0x31B, 0x31B, 0x170 },
    { 0x323, 0x323, 0x171 },
    { 0x326, 0x328, 0x172 },
    { 0x1EA0, 0x1EF9, 0x175 },
    { 0x2010, 0x2010, 0x1CF },
    { 0x2013, 0x2014, 0x1D0 },
    { 0x2018, 0x201A, 0x1D2 },
    { 0x201C, 0x201E, 0x1D5 },
    { 0x2020, 0x2022, 0x1D8 },
    { 0x2026, 0x2026, 0x1DB },
    { 0x2030, 0x2030, 0x1DC },
    { 0x2039, 0x203A, 0x1DD },
    { 0x2044, 0x2044, 0x1DF },
    { 0x2074, 0x2074, 0x1E0 },
    { 0x20AB, 0x20AC, 0x1E1 },
    { 0x2202, 0x2202, 0x1E3 },
    { 0x220F, 0x220F, 0x1E4 },
    { 0x2211, 0x2212, 0x1E5 },
    { 0x2215, 0x2215, 0x1E7 },
    { 0x2219, 0x221A, 0x1E8 },
    { 0x221E, 0x221E, 0x1EA },
    { 0x222B, 0x222B, 0x1EB },
    { 0x2248, 0x2248, 0x1EC },
    { 0x2260, 0x2260, 0x1ED },
    { 0x2264, 0x2265, 0x1EE },
    { 0xFB00, 0xFB04, 0x1F0 },
    { 0xFFFD, 0xFFFD, 0x1F5 },
};

static const EpdFontGroup lexica_17_bolditalicGroups[] = {
    { 0, 4784, 11383, 96, 0 },
    { 4784, 4084, 13340, 96, 96 },
    { 8868, 5362, 21362, 128, 192 },
    { 14230, 2995, 8110, 36, 320 },
    { 17225, 241, 332, 17, 356 },
    { 17466, 3268, 18848, 90, 373 },
    { 20734, 575, 1295, 17, 463 },
    { 21309, 51, 56, 1, 480 },
    { 21360, 200, 371, 2, 481 },
    { 21560, 530, 1348, 13, 483 },
    { 22090, 359, 977, 5, 496 },
    { 22449, 82, 100, 1, 501 },
};

static const EpdKernClassEntry lexica_17_bolditalicKernLeftClasses[] = {
    { 0x0028, 1 }, // (
    { 0x002C, 2 }, // ,
    { 0x002D, 3 }, // -
    { 0x002E, 2 }, // .
    { 0x002F, 4 }, // /
    { 0x0031, 5 }, // 1
    { 0x0032, 6 }, // 2
    { 0x0034, 7 }, // 4
    { 0x0035, 8 }, // 5
    { 0x0036, 9 }, // 6
    { 0x0037, 10 }, // 7
    { 0x0038, 11 }, // 8
    { 0x0039, 12 }, // 9
    { 0x0041, 13 }, // A
    { 0x0042, 14 }, // B
    { 0x0043, 15 }, // C
    { 0x0044, 16 }, // D
    { 0x0045, 17 }, // E
    { 0x0046, 18 }, // F
    { 0x0047, 19 }, // G
    { 0x0049, 20 }, // I
    { 0x004A, 21 }, // J
    { 0x004B, 22 }, // K
    { 0x004C, 23 }, // L
    { 0x004F, 16 }, // O
    { 0x0050, 24 }, // P
    { 0x0051, 25 }, // Q
    { 0x0052, 26 }, // R
    { 0x0053, 27 }, // S
    { 0x0054, 28 }, // T
    { 0x0055, 29 }, // U
    { 0x0056, 30 }, // V
    { 0x0057, 31 }, // W
    { 0x0058, 32 }, // X
    { 0x0059, 33 }, // Y
    { 0x005A, 34 }, // Z
    { 0x0061, 35 }, // a
    { 0x0062, 36 }, // b
    { 0x0063, 37 }, // c
    { 0x0064, 38 }, // d
    { 0x0065, 39 }, // e
    { 0x0066, 40 }, // f
    { 0x0067, 41 }, // g
    { 0x0068, 42 }, // h
    { 0x006A, 43 }, // j
    { 0x006B, 44 }, // k
    { 0x006C, 45 }, // l
    { 0x006D, 42 }, // m
    { 0x006E, 42 }, // n
    { 0x006F, 36 }, // o
    { 0x0070, 36 }, // p
    { 0x0071, 46 }, // q
    { 0x0072, 47 }, // r
    { 0x0073, 48 }, // s
    { 0x0074, 49 }, // t
    { 0x0075, 50 }, // u
    { 0x0076, 51 }, // v
    { 0x0077, 52 }, // w
    { 0x0078, 53 }, // x
    { 0x0079, 51 }, // y
    { 0x007A, 54 }, // z
    { 0x00C0, 13 }, // U+00C0
    { 0x00C1, 13 }, // U+00C1
    { 0x00C2, 13 }, // U+00C2
    { 0x00C3, 13 }, // U+00C3
    { 0x00C4, 13 }, // U+00C4
    { 0x00C5, 13 }, // U+00C5
    { 0x00C6, 17 }, // U+00C6
    { 0x00C7, 15 }, // U+00C7
    { 0x00C8, 17 }, // U+00C8
    { 0x00C9, 17 }, // U+00C9
    { 0x00CA, 17 }, // U+00CA
    { 0x00CB, 17 }, // U+00CB
    { 0x00CC, 20 }, // U+00CC
    { 0x00CD, 20 }, // U+00CD
    { 0x00CE, 20 }, // U+00CE
    { 0x00CF, 20 }, // U+00CF
    { 0x00D0, 16 }, // U+00D0
    { 0x00D2, 16 }, // U+00D2
    { 0x00D3, 16 }, // U+00D3
    { 0x00D4, 16 }, // U+00D4
    { 0x00D5, 16 }, // U+00D5
    { 0x00D6, 16 }, // U+00D6
    { 0x00D8, 16 }, // U+00D8
    { 0x00D9, 29 }, // U+00D9
    { 0x00DA, 29 }, // U+00DA
    { 0x00DB, 29 }, // U+00DB
    { 0x00DC, 29 }, // U+00DC
    { 0x00DD, 33 }, // U+00DD
    { 0x00E0, 42 }, // U+00E0
    { 0x00E1, 42 }, // U+00E1
    { 0x00E2, 42 }, // U+00E2
    { 0x00E3, 42 }, // U+00E3
    { 0x00E4, 42 }, // U+00E4
    { 0x00E5, 42 }, // U+00E5
    { 0x00E6, 39 }, // U+00E6
    { 0x00E7, 37 }, // U+00E7
    { 0x00E8, 39 }, // U+00E8
    { 0x00E9, 39 }, // U+00E9
    { 0x00EA, 39 }, // U+00EA
    { 0x00EB, 39 }, // U+00EB
    { 0x00F0, 16 }, // U+00F0
    { 0x00F1, 42 }, // U+00F1
    { 0x00F2, 36 }, // U+00F2
    { 0x00F3, 36 }, // U+00F3
    { 0x00F4, 36 }, // U+00F4
    { 0x00F5, 36 }, // U+00F5
    { 0x00F6, 36 }, // U+00F6
    { 0x00F8, 36 }, // U+00F8
    { 0x00F9, 50 }, // U+00F9
    { 0x00FA, 50 }, // U+00FA
    { 0x00FB, 50 }, // U+00FB
    { 0x00FC, 50 }, // U+00FC
    { 0x00FD, 51 }, // U+00FD
    { 0x00FF, 51 }, // U+00FF
    { 0x0100, 13 }, // U+0100
    { 0x0101, 42 }, // U+0101
    { 0x0102, 13 }, // U+0102
    { 0x0103, 42 }, // U+0103
    { 0x0104, 13 }, // U+0104
    { 0x0105, 55 }, // U+0105
    { 0x0106, 15 }, // U+0106
    { 0x0107, 37 }, // U+0107
    { 0x0108, 15 }, // U+0108
    { 0x0109, 37 }, // U+0109
    { 0x010A, 15 }, // U+010A
    { 0x010B, 37 }, // U+010B
    { 0x010C, 15 }, // U+010C
    { 0x010D, 37 }, // U+010D
    { 0x010E, 16 }, // U+010E
    { 0x010F, 56 }, // U+010F
    { 0x0111, 40 }, // U+0111
    { 0x0112, 17 }, // U+0112
    { 0x0113, 39 }, // U+0113
    { 0x0114, 17 }, // U+0114
    { 0x0115, 39 }, // U+0115
    { 0x0116, 17 }, // U+0116
    { 0x0117, 39 }, // U+0117
    { 0x0118, 17 }, // U+0118
    { 0x0119, 39 }, // U+0119
    { 0x011A, 17 }, // U+011A
    { 0x011B, 39 }, // U+011B
    { 0x011C, 19 }, // U+011C
    { 0x011D, 41 }, // U+011D
    { 0x011E, 19 }, // U+011E
    { 0x011F, 41 }, // U+011F
    { 0x0120, 19 }, // U+0120
    { 0x0121, 41 }, // U+0121
    { 0x0122, 19 }, // U+0122
    { 0x0123, 41 }, // U+0123
    { 0x0125, 42 }, // U+0125
    { 0x0127, 42 }, // U+0127
    { 0x0128, 20 }, // U+0128
    { 0x012A, 20 }, // U+012A
    { 0x012C, 20 }, // U+012C
    { 0x012E, 20 }, // U+012E
    { 0x0130, 20 }, // U+0130
    { 0x0132, 21 }, // U+0132
    { 0x0133, 43 }, // U+0133
    { 0x0134, 21 }, // U+0134
    { 0x0135, 43 }, // U+0135
    { 0x0136, 22 }, // U+0136
    { 0x0137, 44 }, // U+0137
    { 0x0138, 44 }, // U+0138
    { 0x0139, 23 }, // U+0139
    { 0x013A, 57 }, // U+013A
    { 0x013B, 23 }, // U+013B
    { 0x013C, 57 }, // U+013C
    { 0x013E, 56 }, // U+013E
    { 0x013F, 23 }, // U+013F
    { 0x0141, 23 }, // U+0141
    { 0x0142, 57 }, // U+0142
    { 0x0144, 42 }, // U+0144
    { 0x0146, 42 }, // U+0146
    { 0x0148, 42 }, // U+0148
    { 0x0149, 42 }, // U+0149
    { 0x014B, 42 }, // U+014B
    { 0x014C, 16 }, // U+014C
    { 0x014D, 36 }, // U+014D
    { 0x014E, 16 }, // U+014E
    { 0x014F, 36 }, // U+014F
    { 0x0150, 16 }, // U+0150
    { 0x0151, 36 }, // U+0151
    { 0x0152, 17 }, // U+0152
    { 0x0153, 39 }, // U+0153
    { 0x0154, 26 }, // U+0154
    { 0x0155, 47 }, // U+0155
    { 0x0156, 26 }, // U+0156
    { 0x0157, 47 }, // U+0157
    { 0x0158, 26 }, // U+0158
    { 0x0159, 47 }, // U+0159
    { 0x015A, 27 }, // U+015A
    { 0x015B, 48 }, // U+015B
    { 0x015C, 27 }, // U+015C
    { 0x015D, 48 }, // U+015D
    { 0x015E, 27 }, // U+015E
    { 0x015F, 48 }, // U+015F
    { 0x0160, 27 }, // U+0160
    { 0x0161, 48 }, // U+0161
    { 0x0162, 28 }, // U+0162
    { 0x0163, 49 }, // U+0163
    { 0x0164, 28 }, // U+0164
    { 0x0165, 56 }, // U+0165
    { 0x0166, 28 }, // U+0166
    { 0x0167, 49 }, // U+0167
    { 0x0168, 29 }, // U+0168
    { 0x0169, 50 }, // U+0169
    { 0x016A, 29 }, // U+016A
    { 0x016B, 50 }, // U+016B
    { 0x016C, 29 }, // U+016C
    { 0x016D, 50 }, // U+016D
    { 0x016E, 29 }, // U+016E
    { 0x016F, 50 }, // U+016F
    { 0x0170, 29 }, // U+0170
    { 0x0171, 50 }, // U+0171
    { 0x0172, 29 }, // U+0172
    { 0x0173, 50 }, // U+0173
    { 0x0176, 33 }, // U+0176
    { 0x0177, 51 }, // U+0177
    { 0x0178, 33 }, // U+0178
    { 0x0179, 34 }, // U+0179
    { 0x017A, 54 }, // U+017A
    { 0x017B, 34 }, // U+017B
    { 0x017C, 54 }, // U+017C
    { 0x017D, 34 }, // U+017D
    { 0x017E, 54 }, // U+017E
    { 0x017F, 40 }, // U+017F
    { 0x01A0, 58 }, // U+01A0
    { 0x01A1, 59 }, // U+01A1
    { 0x01AF, 60 }, // U+01AF
    { 0x01B0, 61 }, // U+01B0
    { 0x01C4, 34 }, // U+01C4
    { 0x01C5, 54 }, // U+01C5
    { 0x01C6, 54 }, // U+01C6
    { 0x01C7, 21 }, // U+01C7
    { 0x01C8, 43 }, // U+01C8
    { 0x01C9, 43 }, // U+01C9
    { 0x01CA, 21 }, // U+01CA
    { 0x01CB, 43 }, // U+01CB
    { 0x01CC, 43 }, // U+01CC
    { 0x01CD, 13 }, // U+01CD
    { 0x01CE, 42 }, // U+01CE
    { 0x01D3, 29 }, // U+01D3
    { 0x01D4, 50 }, // U+01D4
    { 0x01E6, 19 }, // U+01E6
    { 0x01E7, 41 }, // U+01E7
    { 0x01EA, 16 }, // U+01EA
    { 0x01EB, 36 }, // U+01EB
    { 0x01F1, 34 }, // U+01F1
    { 0x01F2, 54 }, // U+01F2
    { 0x01F3, 54 }, // U+01F3
    { 0x01FB, 42 }, // U+01FB
    { 0x01FC, 17 }, // U+01FC
    { 0x01FD, 39 }, // U+01FD
    { 0x01FE, 16 }, // U+01FE
    { 0x01FF, 36 }, // U+01FF
    { 0x0218, 27 }, // U+0218
    { 0x0219, 48 }, // U+0219
    { 0x021A, 28 }, // U+021A
    { 0x021B, 49 }, // U+021B
    { 0x021F, 42 }, // U+021F
    { 0x1EA0, 13 }, // U+1EA0
    { 0x1EA1, 42 }, // U+1EA1
    { 0x1EA2, 13 }, // U+1EA2
    { 0x1EA3, 42 }, // U+1EA3
    { 0x1EA4, 13 }, // U+1EA4
    { 0x1EA5, 42 }, // U+1EA5
    { 0x1EA6, 13 }, // U+1EA6
    { 0x1EA7, 42 }, // U+1EA7
    { 0x1EA8, 13 }, // U+1EA8
    { 0x1EA9, 42 }, // U+1EA9
    { 0x1EAA, 13 }, // U+1EAA
    { 0x1EAB, 42 }, // U+1EAB
    { 0x1EAC, 13 }, // U+1EAC
    { 0x1EAD, 42 }, // U+1EAD
    { 0x1EAE, 13 }, // U+1EAE
    { 0x1EAF, 42 }, // U+1EAF
    { 0x1EB0, 13 }, // U+1EB0
    { 0x1EB1, 42 }, // U+1EB1
    { 0x1EB2, 13 }, // U+1EB2
    { 0x1EB3, 42 }, // U+1EB3
    { 0x1EB4, 13 }, // U+1EB4
    { 0x1EB5, 42 }, // U+1EB5
    { 0x1EB6, 13 }, // U+1EB6
    { 0x1EB7, 42 }, // U+1EB7
    { 0x1EB8, 17 }, // U+1EB8
    { 0x1EB9, 39 }, // U+1EB9
    { 0x1EBA, 17 }, // U+1EBA
    { 0x1EBB, 39 }, // U+1EBB
    { 0x1EBC, 17 }, // U+1EBC
    { 0x1EBD, 39 }, // U+1EBD
    { 0x1EBE, 17 }, // U+1EBE
    { 0x1EC0, 17 }, // U+1EC0
    { 0x1EC2, 17 }, // U+1EC2
    { 0x1EC4, 17 }, // U+1EC4
    { 0x1EC6, 17 }, // U+1EC6
    { 0x1EC7, 39 }, // U+1EC7
    { 0x1EC8, 20 }, // U+1EC8
    { 0x1ECA, 20 }, // U+1ECA
    { 0x1ECC, 16 }, // U+1ECC
    { 0x1ECD, 36 }, // U+1ECD
    { 0x1ECE, 16 }, // U+1ECE
    { 0x1ECF, 36 }, // U+1ECF
    { 0x1ED0, 16 }, // U+1ED0
    { 0x1ED2, 16 }, // U+1ED2
    { 0x1ED4, 16 }, // U+1ED4
    { 0x1ED6, 16 }, // U+1ED6
    { 0x1ED7, 36 }, // U+1ED7
    { 0x1ED8, 16 }, // U+1ED8
    { 0x1ED9, 36 }, // U+1ED9
    { 0x1EDA, 58 }, // U+1EDA
    { 0x1EDB, 59 }, // U+1EDB
    { 0x1EDC, 58 }, // U+1EDC
    { 0x1EDD, 59 }, // U+1EDD
    { 0x1EDE, 58 }, // U+1EDE
    { 0x1EDF, 59 }, // U+1EDF
    { 0x1EE0, 58 }, // U+1EE0
    { 0x1EE1, 59 }, // U+1EE1
    { 0x1EE2, 58 }, // U+1EE2
    { 0x1EE3, 59 }, // U+1EE3
    { 0x1EE8, 60 }, // U+1EE8
    { 0x1EE9, 61 }, // U+1EE9
    { 0x1EEA, 60 }, // U+1EEA
    { 0x1EEB, 61 }, // U+1EEB
    { 0x1EEC, 60 }, // U+1EEC
    { 0x1EED, 61 }, // U+1EED
    { 0x1EEE, 60 }, // U+1EEE
    { 0x1EEF, 61 }, // U+1EEF
    { 0x1EF0, 60 }, // U+1EF0
    { 0x1EF1, 61 }, // U+1EF1
    { 0x1EF2, 33 }, // U+1EF2
    { 0x1EF3, 51 }, // U+1EF3
    { 0x1EF4, 33 }, // U+1EF4
    { 0x1EF5, 51 }, // U+1EF5
    { 0x1EF6, 33 }, // U+1EF6
    { 0x1EF7, 51 }, // U+1EF7
    { 0x1EF8, 33 }, // U+1EF8
    { 0x1EF9, 51 }, // U+1EF9
    { 0x2013, 3 }, // U+2013
    { 0x2014, 3 }, // U+2014
    { 0x2019, 62 }, // U+2019
    { 0x201A, 2 }, // U+201A
    { 0x201D, 62 }, // U+201D
    { 0x201E, 2 }, // U+201E
    { 0x2026, 2 }, // U+2026
    { 0x20AB, 40 }, // U+20AB
    { 0xFB00, 40 }, // U+FB00
    { 0xFB02, 57 }, // U+FB02
    { 0xFB04, 57 }, // U+FB04
};

static const EpdKernClassEntry lexica_17_bolditalicKernRightClasses[] = {
    { 0x0025, 1 }, // %
    { 0x0029, 2 }, // )
    { 0x002C, 3 }, // ,
    { 0x002D, 4 }, // -
    { 0x002E, 3 }, // .
    { 0x002F, 5 }, // /
    { 0x0031, 6 }, // 1
    { 0x0032, 7 }, // 2
    { 0x0034, 8 }, // 4
    { 0x0037, 9 }, // 7
    { 0x0038, 10 }, // 8
    { 0x0039, 11 }, // 9
    { 0x0041, 12 }, // A
    { 0x0043, 13 }, // C
    { 0x0047, 13 }, // G
    { 0x0049, 14 }, // I
    { 0x004A, 15 }, // J
    { 0x004F, 13 }, // O
    { 0x0051, 13 }, // Q
    { 0x0053, 16 }, // S
    { 0x0054, 17 }, // T
    { 0x0055, 18 }, // U
    { 0x0056, 19 }, // V
    { 0x0057, 20 }, // W
    { 0x0058, 21 }, // X
    { 0x0059, 22 }, // Y
    { 0x005A, 23 }, // Z
    { 0x0061, 24 }, // a
    { 0x0063, 25 }, // c
    { 0x0064, 25 }, // d
    { 0x0065, 25 }, // e
    { 0x0066, 26 }, // f
    { 0x0067, 27 }, // g
    { 0x0068, 28 }, // h
    { 0x0069, 29 }, // i
    { 0x006A, 30 }, // j
    { 0x006B, 28 }, // k
    { 0x006C, 31 }, // l
    { 0x006D, 32 }, // m
    { 0x006E, 32 }, // n
    { 0x006F, 25 }, // o
    { 0x0070, 33 }, // p
    { 0x0071, 25 }, // q
    { 0x0072, 32 }, // r
    { 0x0073, 34 }, // s
    { 0x0074, 35 }, // t
    { 0x0075, 36 }, // u
    { 0x0076, 37 }, // v
    { 0x0077, 38 }, // w
    { 0x0078, 39 }, // x
    { 0x0079, 37 }, // y
    { 0x007A, 40 }, // z
    { 0x00B0, 41 }, // U+00B0
    { 0x00C0, 12 }, // U+00C0
    { 0x00C1, 12 }, // U+00C1
    { 0x00C2, 12 }, // U+00C2
    { 0x00C3, 12 }, // U+00C3
    { 0x00C4, 12 }, // U+00C4
    { 0x00C5, 12 }, // U+00C5
    { 0x00C6, 42 }, // U+00C6
    { 0x00C7, 13 }, // U+00C7
    { 0x00CC, 14 }, // U+00CC
    { 0x00CD, 14 }, // U+00CD
    { 0x00CE, 14 }, // U+00CE
    { 0x00CF, 14 }, // U+00CF
    { 0x00D2, 13 }, // U+00D2
    { 0x00D3, 13 }, // U+00D3
    { 0x00D4, 13 }, // U+00D4
    { 0x00D5, 13 }, // U+00D5
    { 0x00D6, 13 }, // U+00D6
    { 0x00D8, 13 }, // U+00D8
    { 0x00D9, 18 }, // U+00D9
    { 0x00DA, 18 }, // U+00DA
    { 0x00DB, 18 }, // U+00DB
    { 0x00DC, 18 }, // U+00DC
    { 0x00DD, 43 }, // U+00DD
    { 0x00E0, 24 }, // U+00E0
    { 0x00E1, 24 }, // U+00E1
    { 0x00E2, 24 }, // U+00E2
    { 0x00E3, 24 }, // U+00E3
    { 0x00E4, 24 }, // U+00E4
    { 0x00E5, 24 }, // U+00E5
    { 0x00E6, 24 }, // U+00E6
    { 0x00E7, 25 }, // U+00E7
    { 0x00E8, 25 }, // U+00E8
    { 0x00E9, 25 }, // U+00E9
    { 0x00EA, 25 }, // U+00EA
    { 0x00EB, 25 }, // U+00EB
    { 0x00EC, 29 }, // U+00EC
    { 0x00ED, 29 }, // U+00ED
    { 0x00EE, 29 }, // U+00EE
    { 0x00EF, 29 }, // U+00EF
    { 0x00F0, 25 }, // U+00F0
    { 0x00F1, 32 }, // U+00F1
    { 0x00F2, 25 }, // U+00F2
    { 0x00F3, 25 }, // U+00F3
    { 0x00F4, 25 }, // U+00F4
    { 0x00F5, 25 }, // U+00F5
    { 0x00F6, 25 }, // U+00F6
    { 0x00F8, 25 }, // U+00F8
    { 0x00F9, 36 }, // U+00F9
    { 0x00FA, 36 }, // U+00FA
    { 0x00FB, 36 }, // U+00FB
    { 0x00FC, 36 }, // U+00FC
    { 0x00FD, 37 }, // U+00FD
    { 0x00FF, 37 }, // U+00FF
    { 0x0100, 12 }, // U+0100
    { 0x0101, 24 }, // U+0101
    { 0x0102, 12 }, // U+0102
    { 0x0103, 24 }, // U+0103
    { 0x0104, 12 }, // U+0104
    { 0x0105, 24 }, // U+0105
    { 0x0106, 13 }, // U+0106
    { 0x0107, 25 }, // U+0107
    { 0x0108, 13 }, // U+0108
    { 0x0109, 25 }, // U+0109
    { 0x010A, 13 }, // U+010A
    { 0x010B, 25 }, // U+010B
    { 0x010C, 13 }, // U+010C
    { 0x010D, 25 }, // U+010D
    { 0x010F, 25 }, // U+010F
    { 0x0111, 25 }, // U+0111
    { 0x0113, 25 }, // U+0113
    { 0x0115, 25 }, // U+0115
    { 0x0117, 25 }, // U+0117
    { 0x0119, 25 }, // U+0119
    { 0x011B, 25 }, // U+011B
    { 0x011C, 13 }, // U+011C
    { 0x011D, 27 }, // U+011D
    { 0x011E, 13 }, // U+011E
    { 0x011F, 27 }, // U+011F
    { 0x0120, 13 }, // U+0120
    { 0x0121, 27 }, // U+0121
    { 0x0122, 13 }, // U+0122
    { 0x0123, 27 }, // U+0123
    { 0x0125, 28 }, // U+0125
    { 0x0127, 28 }, // U+0127
    { 0x0128, 14 }, // U+0128
    { 0x0129, 29 }, // U+0129
    { 0x012A, 14 }, // U+012A
    { 0x012B, 29 }, // U+012B
    { 0x012C, 14 }, // U+012C
    { 0x012D, 29 }, // U+012D
    { 0x012E, 14 }, // U+012E
    { 0x012F, 29 }, // U+012F
    { 0x0130, 14 }, // U+0130
    { 0x0131, 29 }, // U+0131
    { 0x0132, 14 }, // U+0132
    { 0x0133, 29 }, // U+0133
    { 0x0134, 15 }, // U+0134
    { 0x0135, 44 }, // U+0135
    { 0x0137, 28 }, // U+0137
    { 0x0138, 28 }, // U+0138
    { 0x013A, 31 }, // U+013A
    { 0x013C, 31 }, // U+013C
    { 0x013E, 31 }, // U+013E
    { 0x0140, 31 }, // U+0140
    { 0x0142, 31 }, // U+0142
    { 0x0144, 32 }, // U+0144
    { 0x0146, 32 }, // U+0146
    { 0x0148, 32 }, // U+0148
    { 0x014B, 32 }, // U+014B
    { 0x014C, 13 }, // U+014C
    { 0x014D, 25 }, // U+014D
    { 0x014E, 13 }, // U+014E
    { 0x014F, 25 }, // U+014F
    { 0x0150, 13 }, // U+0150
    { 0x0151, 25 }, // U+0151
    { 0x0152, 13 }, // U+0152
    { 0x0153, 25 }, // U+0153
    { 0x0155, 32 }, // U+0155
    { 0x0157, 32 }, // U+0157
    { 0x0159, 32 }, // U+0159
    { 0x015A, 16 }, // U+015A
    { 0x015B, 34 }, // U+015B
    { 0x015C, 16 }, // U+015C
    { 0x015D, 34 }, // U+015D
    { 0x015E, 16 }, // U+015E
    { 0x015F, 34 }, // U+015F
    { 0x0160, 16 }, // U+0160
    { 0x0161, 34 }, // U+0161
    { 0x0162, 45 }, // U+0162
    { 0x0163, 35 }, // U+0163
    { 0x0164, 45 }, // U+0164
    { 0x0165, 35 }, // U+0165
    { 0x0166, 45 }, // U+0166
    { 0x0167, 35 }, // U+0167
    { 0x0168, 18 }, // U+0168
    { 0x0169, 36 }, // U+0169
    { 0x016A, 18 }, // U+016A
    { 0x016B, 36 }, // U+016B
    { 0x016C, 18 }, // U+016C
    { 0x016D, 36 }, // U+016D
    { 0x016E, 18 }, // U+016E
    { 0x016F, 36 }, // U+016F
    { 0x0170, 18 }, // U+0170
    { 0x0171, 36 }, // U+0171
    { 0x0172, 18 }, // U+0172
    { 0x0173, 36 }, // U+0173
    { 0x0176, 43 }, // U+0176
    { 0x0177, 37 }, // U+0177
    { 0x0178, 43 }, // U+0178
    { 0x0179, 23 }, // U+0179
    { 0x017A, 40 }, // U+017A
    { 0x017B, 23 }, // U+017B
    { 0x017C, 40 }, // U+017C
    { 0x017D, 23 }, // U+017D
    { 0x017E, 40 }, // U+017E
    { 0x017F, 26 }, // U+017F
    { 0x01A0, 13 }, // U+01A0
    { 0x01A1, 25 }, // U+01A1
    { 0x01C9, 31 }, // U+01C9
    { 0x01CC, 32 }, // U+01CC
    { 0x01CD, 12 }, // U+01CD
    { 0x01CE, 24 }, // U+01CE
    { 0x01D3, 18 }, // U+01D3
    { 0x01D4, 36 }, // U+01D4
    { 0x01E6, 13 }, // U+01E6
    { 0x01E7, 27 }, // U+01E7
    { 0x01EA, 13 }, // U+01EA
    { 0x01EB, 25 }, // U+01EB
    { 0x01FA, 12 }, // U+01FA
    { 0x01FB, 24 }, // U+01FB
    { 0x01FC, 42 }, // U+01FC
    { 0x01FD, 24 }, // U+01FD
    { 0x01FE, 13 }, // U+01FE
    { 0x01FF, 25 }, // U+01FF
    { 0x0218, 16 }, // U+0218
    { 0x0219, 34 }, // U+0219
    { 0x021A, 45 }, // U+021A
    { 0x021B, 35 }, // U+021B
    { 0x021F, 28 }, // U+021F
    { 0x1EA0, 12 }, // U+1EA0
    { 0x1EA1, 24 }, // U+1EA1
    { 0x1EA2, 12 }, // U+1EA2
    { 0x1EA3, 24 }, // U+1EA3
    { 0x1EA4, 12 }, // U+1EA4
    { 0x1EA5, 24 }, // U+1EA5
    { 0x1EA6, 12 }, // U+1EA6
    { 0x1EA7, 24 }, // U+1EA7
    { 0x1EA8, 12 }, // U+1EA8
    { 0x1EA9, 24 }, // U+1EA9
    { 0x1EAA, 12 }, // U+1EAA
    { 0x1EAB, 24 }, // U+1EAB
    { 0x1EAC, 12 }, // U+1EAC
    { 0x1EAD, 24 }, // U+1EAD
    { 0x1EAE, 12 }, // U+1EAE
    { 0x1EAF, 24 }, // U+1EAF
    { 0x1EB0, 12 }, // U+1EB0
    { 0x1EB1, 24 }, // U+1EB1
    { 0x1EB2, 12 }, // U+1EB2
    { 0x1EB3, 24 }, // U+1EB3
    { 0x1EB4, 12 }, // U+1EB4
    { 0x1EB5, 24 }, // U+1EB5
    { 0x1EB6, 12 }, // U+1EB6
    { 0x1EB7, 24 }, // U+1EB7
    { 0x1EB9, 25 }, // U+1EB9
    { 0x1EBB, 25 }, // U+1EBB
    { 0x1EBD, 25 }, // U+1EBD
    { 0x1EBF, 25 }, // U+1EBF
    { 0x1EC1, 25 }, // U+1EC1
    { 0x1EC3, 25 }, // U+1EC3
    { 0x1EC5, 25 }, // U+1EC5
    { 0x1EC7, 25 }, // U+1EC7
    { 0x1EC8, 14 }, // U+1EC8
    { 0x1EC9, 29 }, // U+1EC9
    { 0x1ECA, 14 }, // U+1ECA
    { 0x1ECB, 29 }, // U+1ECB
    { 0x1ECC, 13 }, // U+1ECC
    { 0x1ECD, 25 }, // U+1ECD
    { 0x1ECE, 13 }, // U+1ECE
    { 0x1ECF, 25 }, // U+1ECF
    { 0x1ED0, 13 }, // U+1ED0
    { 0x1ED1, 25 }, // U+1ED1
    { 0x1ED2, 13 }, // U+1ED2
    { 0x1ED3, 25 }, // U+1ED3
    { 0x1ED4, 13 }, // U+1ED4
    { 0x1ED5, 25 }, // U+1ED5
    { 0x1ED6, 13 }, // U+1ED6
    { 0x1ED7, 25 }, // U+1ED7
    { 0x1ED8, 13 }, // U+1ED8
    { 0x1ED9, 25 }, // U+1ED9
    { 0x1EDA, 13 }, // U+1EDA
    { 0x1EDB, 25 }, // U+1EDB
    { 0x1EDC, 13 }, // U+1EDC
    { 0x1EDD, 25 }, // U+1EDD
    { 0x1EDE, 13 }, // U+1EDE
    { 0x1EDF, 25 }, // U+1EDF
    { 0x1EE0, 13 }, // U+1EE0
    { 0x1EE1, 25 }, // U+1EE1
    { 0x1EE2, 13 }, // U+1EE2
    { 0x1EE3, 25 }, // U+1EE3
    { 0x1EE4, 18 }, // U+1EE4
    { 0x1EE5, 36 }, // U+1EE5
    { 0x1EE6, 18 }, // U+1EE6
    { 0x1EE7, 36 }, // U+1EE7
    { 0x1EE8, 18 }, // U+1EE8
    { 0x1EE9, 36 }, // U+1EE9
    { 0x1EEA, 18 }, // U+1EEA
    { 0x1EEB, 36 }, // U+1EEB
    { 0x1EEC, 18 }, // U+1EEC
    { 0x1EED, 36 }, // U+1EED
    { 0x1EEE, 18 }, // U+1EEE
    { 0x1EEF, 36 }, // U+1EEF
    { 0x1EF0, 18 }, // U+1EF0
    { 0x1EF1, 36 }, // U+1EF1
    { 0x1EF2, 43 }, // U+1EF2
    { 0x1EF3, 37 }, // U+1EF3
    { 0x1EF4, 43 }, // U+1EF4
    { 0x1EF5, 37 }, // U+1EF5
    { 0x1EF6, 43 }, // U+1EF6
    { 0x1EF7, 37 }, // U+1EF7
    { 0x1EF8, 43 }, // U+1EF8
    { 0x1EF9, 37 }, // U+1EF9
    { 0x2013, 4 }, // U+2013
    { 0x2014, 4 }, // U+2014
    { 0x2019, 46 }, // U+2019
    { 0x201A, 3 }, // U+201A
    { 0x201D, 46 }, // U+201D
    { 0x201E, 3 }, // U+201E
    { 0x2026, 3 }, // U+2026
    { 0x2030, 1 }, // U+2030
    { 0x20AB, 25 }, // U+20AB
    { 0x2202, 25 }, // U+2202
    { 0xFB00, 26 }, // U+FB00
    { 0xFB01, 26 }, // U+FB01
    { 0xFB02, 26 }, // U+FB02
    { 0xFB03, 26 }, // U+FB03
    { 0xFB04, 26 }, // U+FB04
};

static const int8_t lexica_17_bolditalicKernMatrix[] = {
       0,    0,    0,    0,    0,    0,    0,    0,   18,    0,    0,    0,    0,    0,    0,    0,    0,    0,    0,    0,    0,    0,    0,    0,    0,    0,    0,    0,    0,    0,    0,    0,    0,    0,    0,    0,    0,    0,    0,    0,    0,    0,    0,    0,    0,    0,
       0,    0,    0,    0,    0,    0,    0,    0,    0,    0,    0,    0,    0,    0,    0,    0,    0,    0,    0,    0,    0,    0,    0,    0,    0,    0,  -12,    0,    0,    0,    0,    0,    0,    0,    0,    0,    0,    0,    0,    0,    0,    0,    0,    0,    0,    0,
       0,    0,    0,    0,    0,  -27,  -18,   18,  -31,    0,    0,    0,    0,    0,    0,    0,    0,    0,    0,    0,    0,    0,    0,    0,    0,    0,    0,    0,    0,    0,    0,    0,    0,    0,    0,    0,    0,    0,    0,    0,    0,    0,    0,    0,    0,    0,
       0,    0,    0,    0,  -67,    0,    0,    0,    0,    0,    0,    0,    0,    0,    0,    0,    0,    0,    0,    0,    0,    0,    0,    0,    0,    0,    0,    0,    0,    0,    0,    0,    0,    0,    0,    0,    0,    0,    0,    0,    0,    0,    0,    0,    0,    0,
       0,    9,    0,    0,    0,    0,    0,    0,    0,    0,    0,    0,    0,    0,    0,    0,    0,    0,    0,    0,    0,    0,    0,    0,    0,    0,    0,    0,    0,    0,    0,    0,    0,    0,    0,    0,    0,    0,    0,    0,    0,    0,    0,    0,    0,    0,
       0,    0,    0,    0,    0,    0,    0,   -5,    0,    0,    0,    0,    0,    0,    0,    0,    0,    0,    0,    0,    0,    0,    0,    0,    0,    0,    0,    0,    0,    0,    0,    0,    0,    0,    0,    0,    0,    0,    0,    0,    0,    0,    0,    0,    0,    0,
     -13,    0,    0,    0,    0,    0,    0,   11,    0,    0,  -12,    0,    0,    0,    0,    0,    0,    0,    0,    0,    0,    0,    0,    0,    0,    0,    0,    0,    0,    0,    0,    0,    0,    0,    0,    0,    0,    0,    0,    0,  -43,    0,    0,    0,    0,    0,
      -5,    0,    0,    0,    0,    0,    0,    0,    0,    0,  -15,    0,    0,    0,    0,    0,    0,    0,    0,    0,    0,    0,    0,    0,    0,    0,    0,    0,    0,    0,    0,    0,    0,    0,    0,    0,    0,    0,    0,    0,    0,    0,    0,    0,    0,    0,
     -22,    0,    0,    0,    0,  -13,  -11,    0,    0,    0,    0,    0,    0,    0,    0,    0,    0,    0,    0,    0,    0,    0,    0,    0,    0,    0,    0,    0,    0,    0,    0,    0,    0,    0,    0,    0,    0,    0,    0,    0,    0,    0,    0,    0,    0,    0,
      18,    0,    0,  -31,    0,    0,    0,  -21,   20,  -15,    0,    0,    0,    0,    0,    0,    0,    0,    0,    0,    0,    0,    0,    0,    0,    0,    0,    0,    0,    0,    0,    0,    0,    0,    0,    0,    0,    0,    0,    0,    0,    0,    0,    0,    0,    0,
     -35,    0,    0,    0,    0,  -16,    0,    0,  -11,    0,  -13,    0,    0,    0,    0,    0,    0,    0,    0,    0,    0,    0,    0,    0,    0,    0,    0,    0,    0,    0,    0,    0,    0,    0,    0,    0,    0,    0,    0,    0,  -16,    0,    0,    0,    0,    0,
       0,    0,    0,    0,    0,    0,    0,  -13,  -11,  -13,    0,    0,    0,    0,    0,    0,    0,    0,    0,    0,    0,    0,    0,    0,    0,    0,    0,    0,    0,    0,    0,    0,    0,    0,    0,    0,    0,    0,    0,    0,    0,    0,    0,    0,    0,    0,
       0,    0,    0,    0,    0,    0,    0,    0,    0,    0,    0,   11,  -21,    0,    0,    0,  -37,  -16,  -38,  -27,    0,  -37,    0,    0,    0,    0,    0,    0,    0,    0,  -12,    0,    0,    0,  -15,  -14,  -23,  -25,   11,    0,    0,    0,  -37,    0,  -37,    0,
       0,    0,    0,    0,    0,    0,    0,    0,    0,    0,    0,  -11,    0,    0,    0,    0,    0,    0,  -11,    0,  -11,  -16,    0,   -8,    0,    0,    0,    0,    0,    0,    0,    0,    0,    0,    0,    0,    0,    0,    0,    0,    0,  -24,  -16,    0,    0,    0,
       0,    0,    0,    0,    0,    0,    0,    0,    0,    0,    0,    0,  -11,    0,    0,    0,    0,    0,    0,    0,    0,  -13,    0,    0,    0,    0,    0,    0,    0,    0,    0,    0,    0,    0,    0,    0,    0,    0,    0,    0,    0,  -24,  -13,    0,    0,    0,
       0,    0,    0,    0,    0,    0,    0,    0,    0,    0,    0,  -22,    0,  -16,    0,    0,  -22,    0,  -16,  -11,  -11,  -27,  -11,  -16,    0,    0,    0,    0,    0,    0,    0,    0,    0,    0,    0,    0,    0,    0,    0,  -11,    0,  -40,  -27,    0,  -22,    0,
       0,    0,    0,    0,    0,    0,    0,    0,    0,    0,    0,    0,  -11,    0,    0,    0,    0,    0,   10,   10,    0,    0,    0,    0,    0,    0,    0,    0,    0,    0,    0,    0,    0,    0,    0,    0,    0,    0,    0,    0,    0,    0,    0,    0,    0,    0,
       0,    0,    0,    0,    0,    0,    0,    0,    0,    0,    0,  -22,    0,    0,  -18,    0,   13,    0,    0,    0,    0,    0,    0,  -12,    0,    0,    0,    0,    0,    0,    0,    0,    0,    0,    0,    0,    0,    0,    0,    0,    0,  -65,    0,    0,   13,    0,
       0,    0,    0,    0,    0,    0,    0,    0,    0,    0,    0,    0,    0,    0,    0,    0,  -11,    0,  -16,    0,    0,  -27,    0,    0,    0,    0,    0,    0,    0,    0,    0,    0,    0,    0,    0,    0,    0,    0,    0,    0,    0,    0,  -27,    0,  -11,    0,
       0,    0,    0,    0,    0,    0,    0,    0,    0,    0,    0,    0,  -16,    0,    0,    0,    0,    0,    0,    0,    0,    0,    0,    0,    0,  -12,    0,    0,    0,    0,    0,    0,    0,    0,  -16,    0,    0,    0,    0,    0,    0,  -15,    0,    0,    0,    0,
       0,    0,    0,    0,    0,    0,    0,    0,    0,    0,    0,  -16,    0,    0,    0,    0,    0,    0,    0,    0,    0,    0,    0,    0,    0,    0,    0,    0,    0,    0,    0,    0,    0,    0,    0,    0,    0,    0,    0,    0,    0,    0,    0,    0,    0,    0,
       0,    0,    0,    0,    0,    0,    0,    0,    0,    0,    0,    0,  -27,    0,    0,    0,    0,    0,    0,    0,    0,    0,    0,    0,  -11,    0,    0,    0,    0,    0,    0,    0,    0,    0,    0,  -24,  -28,  -28,    0,    0,    0,    0,    0,    0,    0,    0,
       0,    0,    0,    0,    0,    0,    0,    0,    0,    0,    0,   16,  -21,    0,   16,    0,  -59,  -12,  -37,  -22,   16,  -48,    0,    0,    0,    0,    0,    0,  -11,    0,    0,    0,    0,    0,    0,    0,  -22,  -27,   16,    0,    0,    0,  -48,    0,  -59,    0,
       0,    0,    0,    0,    0,    0,    0,    0,    0,    0,    0,  -46,    0,    0,  -38,    0,    0,    0,    0,    0,  -16,  -11,  -11,  -16,    0,    0,    0,    0,    0,    0,    0,    0,    0,  -11,    0,    0,    0,    0,    0,    0,    0,  -83,  -11,    0,    0,    0,
       0,    0,    0,    0,    0,    0,    0,    0,    0,    0,    0,   16,    0,    0,    0,    0,    0,   -3,    0,    0,   11,  -22,    0,    0,    0,    0,    0,    0,    0,    0,    0,    0,    0,    0,    0,    0,    0,    0,   11,   11,    0,    0,  -22,    0,    0,    0,
       0,    0,    0,    0,    0,    0,    0,    0,    0,    0,    0,   10,  -12,    0,    0,    0,    0,    0,    0,    0,    0,   -9,    0,    0,    0,    0,  -11,    0,    0,    0,    0,    0,    0,    0,    0,  -11,    0,    0,    0,    0,    0,    0,   -9,    0,    0,    0,
       0,    0,    0,    0,    0,    0,    0,    0,    0,    0,    0,    0,    0,    0,    0,    0,    0,    0,    0,  -11,    0,   -8,    0,    0,    0,    0,    0,    0,    0,    0,    0,    0,    0,    0,    0,    0,    0,    0,    0,    0,    0,  -15,   -8,    0,    0,    0,
       0,    0,    0,    0,    0,    0,    0,    0,    0,    0,    0,  -37,  -22,    0,  -59,    0,   12,    0,   22,   16,    0,   11,    0,  -48,  -49,   11,  -45,    0,    0,    0,    0,  -37,  -37,  -27,    0,  -32,   -6,   -6,  -11,  -17,    0,  -71,   11,    0,   12,    0,
       0,    0,    0,    0,    0,    0,    0,    0,    0,    0,    0,  -16,    0,    0,    0,    0,    0,    0,    0,    0,    0,    0,    0,    0,    0,    0,    0,    0,    0,    0,    0,    0,    0,    0,    0,    0,    0,    0,    0,    0,    0,  -50,    0,    0,    0,    0,
       0,    0,    0,    0,    0,    0,    0,    0,    0,    0,    0,  -38,  -16,    0,  -22,    0,   22,    0,   11,   11,    0,   11,    0,  -22,  -27,    0,  -20,    0,    0,    0,    0,  -11,  -11,  -11,    0,    0,    0,    0,    0,    0,    0,  -53,   11,    0,   22,    0,
       0,    0,    0,    0,    0,    0,    0,    0,    0,    0,    0,  -27,  -11,    0,  -16,    0,   16,    0,   11,   11,    0,    0,    0,  -16,  -13,    0,  -16,    0,    0,    0,    0,    0,    0,    0,    0,    0,    0,    0,    0,    0,    0,  -50,    0,    0,   16,    0,
       0,    0,    0,    0,    0,    0,    0,    0,    0,    0,    0,    0,  -16,    0,    0,    0,    0,    0,    0,    0,    0,    0,    0,  -11,  -11,    0,  -11,    0,    0,    0,    0,    0,    0,    0,    0,  -16,  -11,    0,    0,    0,    0,    0,    0,    0,    0,    0,
       0,    0,    0,    0,    0,    0,    0,    0,    0,    0,    0,  -37,  -27,    0,  -32,    0,   11,    0,   11,    0,    0,    0,    0,  -43,  -49,    0,  -48,    0,    0,    0,    0,  -25,  -25,  -32,    0,  -22,    0,    0,  -11,  -11,    0,  -92,    0,    0,   11,    0,
       0,    0,    0,    0,    0,    0,    0,    0,    0,    0,    0,    0,  -16,    0,    0,    0,    0,    0,    0,    0,    0,    0,    0,    0,    0,    0,  -16,    0,    0,    0,    0,    0,    0,    0,  -16,    0,    0,    0,    0,    0,    0,    0,    0,    0,    0,    0,
       0,    0,    0,    0,    0,    0,    0,    0,    0,    0,    0,    0,    0,    0,    0,    0,  -48,    0,    0,    0,    0,  -32,    0,    0,    0,    0,    0,    0,    0,    0,    0,    0,    0,    0,    0,    0,    0,    0,    0,    0,    0,    0,    0,    0,    0,    0,
       0,    0,    0,    0,    0,    0,    0,    0,    0,    0,    0,    0,    0,    0,    0,    0,  -49,    0,  -27,  -13,  -11,  -49,    0,    0,    0,    0,    0,    0,    0,    0,    0,    0,    0,    0,    0,    0,    0,    0,    0,    0,    0,  -23,  -49,    0,  -49,    0,
       0,    0,    0,    0,    0,    0,    0,    0,    0,    0,    0,    0,    0,    0,    0,    0,  -32,    0,    0,  -16,    0,  -43,    0,    0,    0,    0,    0,    0,    0,    0,    0,    0,    0,    0,    0,    0,    0,    0,    0,    0,    0,   -7,  -43,    0,  -32,    0,
       0,    0,    0,    0,    0,    0,    0,    0,    0,    0,    0,    0,    0,    0,    0,    0,    0,    0,    0,    0,    0,    0,    0,    0,    0,    0,    0,    0,    0,   10,    0,    0,    0,    0,    0,    0,    0,    0,    0,    0,    0,    0,    0,    0,    0,    0,
       0,    0,    0,    0,    0,    0,    0,    0,    0,    0,    0,    0,    0,    0,    0,    0,  -37,    0,  -22,  -16,  -11,  -43,    0,    0,    0,    0,    0,    0,    0,    0,    0,    0,    0,    0,    0,    0,    0,    0,    0,    0,    0,  -18,  -43,    0,  -37,    0,
       0,    0,    0,    0,    0,    0,    0,    0,    0,    0,    0,    0,    0,    0,    0,    0,   16,    0,    0,   11,    0,    0,    0,  -18,  -12,    0,    0,    0,    0,    0,    0,    0,    0,    0,    0,    0,    0,    0,    0,    0,    0,  -46,    0,    0,   16,    0,
       0,    0,    0,    0,    0,    0,    0,    0,    0,    0,    0,    0,    0,    0,    0,    0,    0,    0,    0,    0,    0,  -27,    0,    0,    0,    0,    0,    0,    0,    0,    0,    0,    0,    0,    0,    0,    0,    0,    0,    0,    0,    0,  -27,    0,    0,    0,
       0,    0,    0,    0,    0,    0,    0,    0,    0,    0,    0,    0,    0,    0,    0,    0,  -39,    0,  -16,  -16,    0,  -37,    0,    0,   -6,    0,   -8,    0,    0,    0,    0,    0,    0,    0,   -7,    0,    0,    0,    0,    0,    0,  -11,  -37,    0,  -39,    0,
       0,    0,    0,    0,    0,    0,    0,    0,    0,    0,    0,    0,    0,    0,    0,    0,    0,    0,    0,    0,    0,    0,    0,    0,    0,    0,    0,    0,    0,   14,    0,    0,    0,    0,    0,    0,    0,    0,    0,    0,    0,    0,    0,   14,    0,    0,
       0,    0,    0,    0,    0,    0,    0,    0,    0,    0,    0,   16,  -11,    0,    0,    0,    0,    0,    0,    0,    0,    0,    0,    0,   -8,    0,    0,    0,    0,    0,    0,    0,    0,    0,   -7,    0,    0,    0,    0,    0,    0,    0,    0,    0,    0,    0,
       0,    0,   19,    0,    0,    0,    0,    0,    0,    0,    0,    0,    0,    0,    0,    0,    0,    0,    0,    0,   11,    0,    0,    0,    0,    0,    0,    0,  -11,    0,    0,    0,    7,    0,    0,    0,    7,    0,    0,    0,    0,    7,    0,    0,    0,    0,
       0,    0,    0,    0,    0,    0,    0,    0,    0,    0,    0,    0,    0,    0,    0,    0,  -27,    0,    0,    0,    0,  -16,    0,    0,    0,    0,    0,    0,    0,    0,    0,    0,    0,    0,    0,    0,    0,    0,    0,    0,    0,    0,  -16,    0,  -27,    0,
       0,    0,    0,    0,    0,    0,    0,    0,    0,    0,    0,    0,    0,    0,  -45,    0,  -11,    0,    0,   16,    0,    0,    0,   -8,    0,   11,    0,    0,    0,    0,    0,    0,    0,    0,    9,    0,   15,   14,   12,    0,    0,  -68,    0,    0,  -11,    0,
       0,    0,    0,    0,    0,    0,    0,    0,    0,    0,    0,    0,    0,    0,   12,    0,  -27,    0,  -11,    0,    0,  -32,    0,    0,    0,    0,    0,    0,    0,    0,    0,    0,    0,    0,    0,    0,    0,    0,    0,    0,    0,   -4,  -32,    0,  -27,    0,
       0,    0,    0,    0,    0,    0,    0,    0,    0,    0,    0,   14,    0,    0,    0,    0,    0,    0,    0,    0,    0,  -16,    0,    0,    0,    0,    0,    0,    0,    0,    0,    0,    0,    0,    0,    0,    0,    0,    0,    0,    0,    0,  -16,    0,    0,    0,
       0,    0,    0,    0,    0,    0,    0,    0,    0,    0,    0,    0,    0,    0,    0,    0,  -37,    0,    0,    0,    0,  -22,    0,    0,    0,    0,    0,    0,    0,    0,    0,    0,    0,    0,    0,    0,    0,    0,    0,    0,    0,  -15,  -22,    0,  -37,    0,
       0,    0,    0,    0,    0,    0,    0,    0,    0,    0,    0,  -32,    0,    0,    0,    0,   -6,    0,    0,    0,  -11,    0,  -11,  -11,    0,   12,    0,    0,    0,    0,    0,    0,    0,   12,    0,    0,    6,    6,    0,    0,    0,  -57,    0,    0,   -6,    0,
       0,    0,    0,    0,    0,    0,    0,    0,    0,    0,    0,    0,    0,    0,    0,    0,   -6,    0,    0,    0,    0,    0,    0,    0,    0,    7,    0,    0,    0,    0,    0,    0,    0,    0,    0,    0,    6,    6,    0,    0,    0,  -57,    0,    0,   -6,    0,
       0,    0,    0,    0,    0,    0,    0,    0,    0,    0,    0,   11,    0,    0,    0,    0,    0,    0,    0,    0,    0,  -11,    0,    0,    0,    0,    0,    0,    0,    0,    0,    0,    0,    0,    0,    0,    0,    0,    0,    0,    0,    0,  -11,    0,    0,    0,
       0,    0,    0,    0,    0,    0,    0,    0,    0,    0,    0,    0,    0,    0,    0,    0,    0,    0,    0,    0,    0,  -11,    0,    0,    0,    0,    0,    0,    0,    0,    0,    0,    0,    0,    0,    0,    0,    0,    0,    0,    0,    0,  -11,    0,    0,    0,
       0,    0,    0,    0,    0,    0,    0,    0,    0,    0,    0,    0,    0,    0,    0,    0,  -39,    0,  -16,  -16,    0,  -37,    0,    0,   -6,    0,   -8,    0,    0,   32,    0,    0,    0,    0,   -7,    0,    0,    0,    0,    0,    0,  -11,  -37,    0,  -39,    0,
       0,    0,   19,    0,    0,    0,    0,    0,    0,    0,    0,    0,   15,   23,    0,   17,   57,   23,   53,   53,   45,   51,   31,    0,    0,   28,    0,   23,   11,   23,   23,   17,   17,    0,   23,    0,   38,   30,   30,   23,    0,    7,   51,   23,   57,   30,
       0,    0,   19,    0,    0,    0,    0,    0,    0,    0,    0,    0,    0,    0,    0,    0,    0,    0,    0,    0,   11,    0,    0,    0,    0,    0,    0,    0,  -11,    0,    0,    0,    0,    0,    0,    0,    7,    0,    0,    0,    0,    7,    0,    0,    0,    0,
       0,    0,  -38,    0,    0,    0,    0,    0,    0,    0,    0,  -15,    0,    0,    0,    0,   23,    0,   15,   15,    7,    7,    0,    0,    0,    0,    0,    0,    0,    0,    0,    0,    0,    0,    0,    0,    0,    0,    0,    0,    0,  -30,    7,    0,   23,    0,
       0,    0,  -38,    0,    0,    0,    0,    0,    0,    0,    0,  -15,    0,    0,    0,   15,   15,    0,   15,   15,    0,    0,    0,    0,    0,    0,    0,    7,    7,    0,    7,    0,    0,    0,   15,    0,   23,   23,   15,    0,    0,  -23,    0,    0,   15,    0,
       0,    0,  -38,    0,    0,    0,    0,    0,    0,    0,    0,  -30,    0,    0,   -7,    0,   30,    0,   23,   23,    7,   15,    0,  -15,   -7,    0,   -8,    0,    0,    0,    0,    0,    0,    0,    0,   -7,    0,    0,    0,   -7,    0,  -38,   15,    0,   30,    0,
       0,    0,  -23,    0,    0,    0,    0,    0,    0,    0,    0,  -15,    0,    0,  -15,   15,   23,    0,   23,   23,    0,    0,    0,   -7,   -7,   15,   -7,    0,    0,    0,    0,    0,    0,   -7,   15,    0,   23,   23,   23,    0,    0,  -23,    0,    0,   23,    0,
       0,    0,    0,    0,    0,    0,    0,    0,    0,    0,    0,    0,    0,    0,    0,    0,    0,    0,    0,    0,    0,    0,    0,    0,    0,    0,    0,    0,    0,    0,    0,    0,    0,  -16,    0,    0,    0,    0,    0,    0,    0,    0,    0,    0,    0,    0,
};

static const EpdLigaturePair lexica_17_bolditalicLigaturePairs[] = {
    { 0x00660066, 0xFB00 }, // f f -> U+FB00
    { 0x00660069, 0xFB01 }, // f i -> U+FB01
    { 0x0066006C, 0xFB02 }, // f l -> U+FB02
    { 0xFB000069, 0xFB03 }, // U+FB00 i -> U+FB03
    { 0xFB00006C, 0xFB04 }, // U+FB00 l -> U+FB04
};

static const EpdFontData lexica_17_bolditalic = {
    lexica_17_bolditalicBitmaps,
    lexica_17_bolditalicGlyphs,
    lexica_17_bolditalicIntervals,
    43,
    44,
    34,
    -11,
    true,
    lexica_17_bolditalicGroups,
    12,
    nullptr,
    lexica_17_bolditalicKernLeftClasses,
    lexica_17_bolditalicKernRightClasses,
    lexica_17_bolditalicKernMatrix,
    349,
    329,
    62,
    46,
    lexica_17_bolditalicLigaturePairs,
    5,
};
