/**
 * generated by fontconvert.py
 * name: lexica_15_italic
 * size: 15
 * mode: 2-bit  compressed: true
 * Command used: fontconvert.py lexica_15_italic 15 ../builtinFonts/source/lexica-ultralegible/LexicaUltralegible-Italic.ttf --2bit --compress
 */
#pragma once
#include "EpdFontData.h"

static const uint8_t lexica_15_italicBitmaps[18165] = {
    0x95, 0x59, 0x3B, 0x8F, 0xDC, 0xD6, 0x15, 0x3E, 0x24, 0x6D, 0x31, 0x00, 0x91, 0xD0, 0x85, 0xE5,
    0x07, 0x94, 0x98, 0x6D, 0x10, 0x08, 0x66, 0x93, 0x22, 0xC5, 0xCE, 0x5C, 0x3A, 0x7F, 0xC0, 0x2A,
    0x3C, 0x56, 0xA1, 0x42, 0x29, 0xD2, 0xA5, 0xD8, 0x14, 0x29, 0x52, 0xCC, 0x0C, 0xD9, 0xA5, 0x48,
    0x61, 0x03, 0x89, 0xEC, 0x36, 0x65, 0x20, 0x04, 0x48, 0x0A, 0x17, 0x2A, 0x66, 0x96, 0x84, 0x5B,
    0x17, 0x66, 0x62, 0xA8, 0x36, 0x61, 0x6B, 0xF3, 0x2C, 0x44, 0x03, 0xDC, 0x98, 0x2B, 0x71, 0xE6,
    0xE6, 0xFB, 0xCE, 0xE5, 0xCC, 0x3E, 0xA4, 0x85, 0xE3, 0xD5, 0xF0, 0xCE, 0x68, 0x78, 0x79, 0xCF,
    0xEB, 0x3B, 0xCF, 0x91, 0x34, 0x13, 0x23, 0x7C, 0x4D, 0x45, 0x16, 0x22, 0x2B, 0x91, 0x41, 0xA4,
    0x17, 0xE9, 0xC4, 0x6B, 0xF9, 0xF2, 0x1B, 0xF1, 0x2B, 0x09, 0x2A, 0xF1, 0x33, 0x71, 0x7F, 0x09,
    0xB6, 0x57, 0x7C, 0xE1, 0xC3, 0x24, 0xC5, 0xBF, 0x37, 0x0E, 0xF0, 0xEF, 0xE6, 0x1B, 0x37, 0xBF,
    0x2B, 0x71, 0x31, 0x17, 0x2C, 0x38, 0x24, 0xCE, 0x06, 0xEE, 0xEC, 0xB9, 0x74, 0x92, 0x5A, 0x6B,
    0x5B, 0x5D, 0xAE, 0x2F, 0xDF, 0x3D, 0xB9, 0x25, 0x13, 0xBF, 0xC5, 0xB3, 0x01, 0x96, 0x79, 0xD0,
    0x8C, 0xCB, 0x2A, 0xA8, 0xA5, 0xC4, 0x96, 0x4A, 0x97, 0xD9, 0xE9, 0xDD, 0x87, 0x99, 0x74, 0x71,
    0x25, 0x5E, 0x17, 0x17, 0x60, 0x04, 0x8B, 0xDF, 0xC6, 0x19, 0x96, 0x84, 0x8C, 0x44, 0xE4, 0x24,
    0xE6, 0xF2, 0x3D, 0x5C, 0x37, 0x2C, 0xBE, 0xB3, 0xB6, 0x97, 0x60, 0x7B, 0xB8, 0x95, 0xA8, 0x39,
    0x30, 0x59, 0x5C, 0xFD, 0xE4, 0x05, 0x89, 0xAB, 0x1F, 0x63, 0x57, 0xF5, 0x4B, 0x2C, 0xED, 0x5F,
    0x44, 0xC2, 0x2D, 0x28, 0x7A, 0xF6, 0x54, 0x9F, 0x00, 0x49, 0xFF, 0x31, 0x98, 0xF4, 0x3F, 0xDE,
    0x8A, 0x04, 0x45, 0x8E, 0x25, 0x33, 0xF2, 0x5A, 0x08, 0x5D, 0x1C, 0x45, 0x72, 0x24, 0xE6, 0x3D,
    0x6F, 0x90, 0xC4, 0x1E, 0x76, 0x12, 0x5A, 0x5B, 0x8B, 0xE4, 0x7C, 0xEC, 0x26, 0x29, 0x1E, 0x70,
    0x79, 0x99, 0x4B, 0x59, 0x8B, 0xCF, 0xFB, 0x20, 0xDC, 0x48, 0x72, 0xBC, 0x01, 0x2D, 0xE8, 0xD1,
    0x48, 0x0A, 0x99, 0x20, 0xF8, 0xC2, 0xBD, 0x0D, 0x7C, 0x9B, 0x52, 0x64, 0xF3, 0xD6, 0x10, 0xE2,
    0xA8, 0xC4, 0x52, 0x26, 0x3C, 0x57, 0x18, 0x9E, 0xF3, 0xB2, 0x2C, 0x7C, 0x5B, 0xE1, 0xB8, 0x3E,
    0xB1, 0xD8, 0x14, 0xB4, 0xE6, 0x2D, 0xE8, 0x2D, 0xAA, 0x56, 0xB4, 0x46, 0x92, 0x75, 0x24, 0x68,
    0xA4, 0xE5, 0xDB, 0x0A, 0xCA, 0x9C, 0x43, 0x25, 0x38, 0x53, 0x69, 0x96, 0x77, 0x5A, 0x6C, 0x84,
    0x7E, 0x61, 0x8D, 0x4C, 0xC2, 0x0D, 0x0E, 0x01, 0xC3, 0xE2, 0x5B, 0xC8, 0x14, 0x9D, 0xE6, 0x19,
    0x18, 0x02, 0xA5, 0xB8, 0xC0, 0x92, 0x64, 0xFA, 0x09, 0x96, 0x8E, 0xFF, 0x3A, 0x90, 0x38, 0x14,
    0x70, 0x03, 0xDB, 0xC4, 0x6E, 0x64, 0x15, 0x76, 0x39, 0xA8, 0x57, 0xC9, 0xC7, 0xAD, 0x91, 0xE8,
    0xEB, 0x66, 0x21, 0x81, 0xAD, 0x60, 0x4A, 0x4B, 0x11, 0xAC, 0xE4, 0xD8, 0x5D, 0x99, 0x87, 0xE5,
    0xE3, 0x26, 0xB6, 0xDB, 0xB0, 0xF3, 0x6C, 0xE3, 0x0F, 0x93, 0xC9, 0xE4, 0xE0, 0xE0, 0xE6, 0x4D,
    0x42, 0x04, 0x86, 0xC3, 0xD1, 0xA9, 0xE2, 0xA7, 0x87, 0x81, 0xC8, 0x58, 0x58, 0x51, 0x17, 0xB0,
    0x17, 0x40, 0x92, 0x2A, 0xB8, 0xF0, 0x9A, 0x9C, 0x7B, 0xE1, 0xBF, 0x6F, 0xEA, 0xAD, 0x84, 0x60,
    0xA1, 0x10, 0x78, 0x84, 0x16, 0xC5, 0x51, 0xA1, 0x02, 0x0E, 0xC7, 0xE2, 0x20, 0x1C, 0x77, 0xE9,
    0x85, 0x2F, 0x49, 0xA0, 0xE6, 0x33, 0x2A, 0x17, 0xD1, 0xBB, 0x20, 0x6E, 0xA1, 0x17, 0xDC, 0x01,
    0x5D, 0xC7, 0x0B, 0xFF, 0x7E, 0x25, 0x2F, 0x7D, 0x24, 0xF3, 0x56, 0xD2, 0x27, 0x45, 0x68, 0xEB,
    0x08, 0x50, 0x7C, 0x20, 0x07, 0x07, 0xA3, 0x21, 0x49, 0xE2, 0xAA, 0x8B, 0x28, 0xE4, 0x75, 0xFD,
    0xF6, 0xF1, 0xEC, 0xAA, 0x3D, 0x51, 0x15, 0x37, 0x49, 0x13, 0x55, 0x61, 0x11, 0xCB, 0x0F, 0x60,
    0x9E, 0x17, 0x67, 0xB7, 0x52, 0xDB, 0x19, 0x0B, 0x88, 0x9A, 0xCA, 0x54, 0x0A, 0x54, 0xF2, 0x01,
    0x75, 0x7B, 0x34, 0x6C, 0x43, 0xAB, 0xD2, 0xA4, 0xEA, 0x70, 0x30, 0xA4, 0x7A, 0x1A, 0x81, 0x41,
    0x54, 0xC4, 0x95, 0x2A, 0x83, 0x9A, 0xA1, 0xE1, 0x21, 0x8C, 0x04, 0xBB, 0x5B, 0x85, 0xAA, 0xCA,
    0x09, 0x75, 0xCD, 0xE2, 0x7F, 0x06, 0x98, 0xF3, 0xEC, 0xED, 0x8D, 0x04, 0x3D, 0xCC, 0x13, 0x0F,
    0x92, 0x66, 0xC9, 0x46, 0x92, 0xC2, 0x18, 0x9C, 0x63, 0x60, 0xEB, 0x6A, 0x01, 0xD3, 0x57, 0xEB,
    0xB0, 0x8E, 0xAB, 0x21, 0x68, 0xB1, 0xD0, 0x8F, 0x06, 0x19, 0x12, 0x38, 0xE6, 0x22, 0x05, 0x4B,
    0xD8, 0xB9, 0x96, 0x64, 0x2D, 0x4B, 0x3E, 0x6D, 0xB2, 0xB0, 0x05, 0x80, 0x0F, 0x6B, 0x82, 0x9D,
    0xC0, 0x7E, 0x44, 0x4A, 0xAD, 0x84, 0xCD, 0xF5, 0xB2, 0x31, 0xB6, 0x36, 0xD6, 0xD9, 0xB3, 0x38,
    0x33, 0xE9, 0x3E, 0x64, 0xCC, 0xCF, 0xA2, 0x06, 0x78, 0xA6, 0x81, 0xD4, 0x46, 0x40, 0x62, 0x4F,
    0x98, 0xC1, 0x35, 0x93, 0xE3, 0xBC, 0xC6, 0xFE, 0xA8, 0xC5, 0x46, 0xDC, 0x7C, 0x59, 0xE5, 0x1A,
    0x17, 0x6E, 0x8C, 0x6A, 0x86, 0x15, 0x7A, 0x00, 0xD5, 0x22, 0x44, 0x71, 0xC8, 0x9B, 0x29, 0xBF,
    0x22, 0x44, 0x61, 0x37, 0x38, 0x20, 0xC4, 0x0E, 0x78, 0x2F, 0x3D, 0x99, 0xCD, 0xA0, 0x00, 0x30,
    0x9A, 0x5B, 0x02, 0x9D, 0xDE, 0x6F, 0x6D, 0x17, 0x6C, 0xEF, 0x0C, 0x51, 0x03, 0xE7, 0x2D, 0xF4,
    0x18, 0xAA, 0x71, 0x8D, 0x83, 0x7A, 0x89, 0xE1, 0xBE, 0x31, 0xA4, 0x7A, 0x11, 0xEE, 0xAA, 0x07,
    0x7B, 0xBD, 0xD3, 0xBC, 0xF4, 0x60, 0xBC, 0x5F, 0xC3, 0x87, 0x81, 0xF0, 0x36, 0x05, 0x97, 0x11,
    0xA5, 0x77, 0xC2, 0xC7, 0xCA, 0x0F, 0x17, 0xEA, 0x3B, 0x60, 0x84, 0x89, 0x1F, 0xF3, 0x2B, 0x1A,
    0x62, 0x30, 0xE4, 0x7F, 0xCA, 0x5D, 0x0B, 0x72, 0xAD, 0x0A, 0x18, 0x28, 0xD2, 0xC0, 0x07, 0x7B,
    0x31, 0xF7, 0xEF, 0x3F, 0xF9, 0x03, 0x79, 0x6C, 0x73, 0x2E, 0xA3, 0xA0, 0xC4, 0x8D, 0x1A, 0x54,
    0x71, 0xA0, 0x24, 0x52, 0x06, 0x17, 0x6C, 0xAC, 0x64, 0x31, 0x9B, 0x65, 0xCA, 0x95, 0x50, 0x5A,
    0x4F, 0xB5, 0xF3, 0x77, 0xC6, 0x26, 0x0B, 0x57, 0x8D, 0x36, 0x77, 0x3A, 0x89, 0x6B, 0x84, 0x24,
    0x2F, 0xA3, 0x58, 0x02, 0xBB, 0x8D, 0x42, 0xBA, 0x65, 0x41, 0x77, 0x5A, 0x51, 0x72, 0x60, 0xA1,
    0x0A, 0xB0, 0xF9, 0xF4, 0xB0, 0xE1, 0xB3, 0x85, 0x33, 0x84, 0x78, 0x94, 0x3E, 0xB6, 0xB0, 0x93,
    0xB9, 0x67, 0xB9, 0xEB, 0x47, 0xCE, 0x02, 0xCA, 0x4E, 0x5C, 0x21, 0x0E, 0xC5, 0xBF, 0xC5, 0xE6,
    0xA4, 0x04, 0xB7, 0x69, 0x07, 0xB5, 0x41, 0x76, 0x02, 0x03, 0x84, 0xD4, 0xD4, 0xBA, 0x4C, 0xC5,
    0xFD, 0x77, 0x0D, 0xBC, 0xE1, 0x6E, 0x52, 0x01, 0x7E, 0x11, 0x09, 0xF9, 0x7B, 0x42, 0x20, 0x69,
    0x1B, 0x98, 0xDD, 0xD6, 0xDE, 0x6C, 0x76, 0xA8, 0x4A, 0x2C, 0x88, 0x28, 0xB2, 0x30, 0x50, 0x26,
    0x4A, 0x17, 0x35, 0x7B, 0x8B, 0xD3, 0x49, 0x8E, 0x2E, 0xDC, 0x8C, 0x9B, 0x9D, 0xED, 0xF7, 0x70,
    0xF0, 0x87, 0x1D, 0x26, 0x62, 0xB2, 0x9B, 0xF2, 0x44, 0xF1, 0xB7, 0x54, 0x5F, 0xAD, 0x41, 0xB0,
    0x93, 0x0E, 0xC8, 0x7B, 0x80, 0x6C, 0xD5, 0xFB, 0xAD, 0xD7, 0x79, 0x3D, 0x28, 0x94, 0xB6, 0x02,
    0x5B, 0x4D, 0x7C, 0x7A, 0xA7, 0x4F, 0x0B, 0x6F, 0x40, 0x84, 0x5F, 0x42, 0x73, 0xD3, 0xC1, 0x5D,
    0x0B, 0x7C, 0xC6, 0x77, 0x7E, 0x9F, 0x1E, 0x1F, 0xB6, 0x11, 0xD9, 0x2F, 0x19, 0x75, 0x71, 0x66,
    0x69, 0x1B, 0x60, 0x89, 0x27, 0x0C, 0x49, 0x21, 0x53, 0x62, 0x9D, 0x29, 0x72, 0xEA, 0xAE, 0x29,
    0x55, 0x9C, 0x16, 0x7E, 0x0F, 0xDF, 0x6F, 0x35, 0x35, 0xF0, 0xD9, 0x17, 0xB7, 0x8E, 0x49, 0xF2,
    0x98, 0xD4, 0x4E, 0x2C, 0xDA, 0x8E, 0x7C, 0x77, 0xFE, 0x80, 0x5B, 0x9D, 0x5C, 0xFA, 0x4B, 0xA1,
    0x18, 0x53, 0xB8, 0xE0, 0x58, 0xEA, 0x6B, 0x2A, 0x57, 0xFD, 0x85, 0x05, 0xB5, 0x92, 0x68, 0x70,
    0xE3, 0x67, 0x41, 0xBC, 0x71, 0x79, 0x48, 0xBE, 0xE3, 0xC2, 0x45, 0x04, 0x64, 0xD8, 0x4E, 0x92,
    0x2D, 0xDE, 0x6A, 0x49, 0x37, 0x0E, 0xB6, 0x44, 0x6D, 0xAE, 0x6E, 0xC8, 0x08, 0xB2, 0x61, 0x66,
    0x60, 0xFE, 0x19, 0x46, 0x75, 0x7F, 0xFF, 0xFA, 0x6C, 0x74, 0xA5, 0x4C, 0x97, 0x4B, 0x54, 0x2F,
    0xDD, 0xBD, 0x35, 0x46, 0xA0, 0x1C, 0xF6, 0x49, 0xB7, 0xCC, 0xA4, 0xCD, 0x98, 0x7A, 0x4B, 0x08,
    0xC7, 0xE4, 0xE3, 0x6F, 0x14, 0x03, 0xA4, 0x86, 0xAF, 0x78, 0x2B, 0xEF, 0x1C, 0x52, 0x7F, 0xA6,
    0x12, 0x6F, 0x88, 0x93, 0x0A, 0xC8, 0x6C, 0xD3, 0x02, 0x69, 0x0E, 0x8E, 0xF7, 0x82, 0x0B, 0x7F,
    0xB8, 0xD2, 0x1A, 0x07, 0xC2, 0xBE, 0x9D, 0x03, 0xCC, 0xDA, 0xB9, 0x28, 0xA3, 0xA0, 0xBA, 0xC2,
    0x4E, 0x11, 0x4C, 0x12, 0xAD, 0xBB, 0xF8, 0x19, 0xB0, 0xA6, 0xB7, 0xA6, 0xCA, 0xBC, 0xBD, 0x47,
    0xC8, 0x77, 0x34, 0x04, 0x5D, 0x6B, 0x0A, 0x15, 0xA7, 0xA7, 0x71, 0x76, 0xE0, 0x21, 0x6B, 0x15,
    0xBF, 0x8E, 0x4E, 0xD7, 0x41, 0xD5, 0x26, 0xC5, 0x1C, 0x2B, 0x3C, 0xD6, 0xAF, 0xDA, 0x89, 0xF4,
    0xF8, 0x3C, 0xF7, 0x3A, 0xAC, 0x8B, 0xA0, 0x8B, 0x8A, 0x07, 0xE6, 0xEE, 0x26, 0x97, 0x79, 0xBA,
    0xC9, 0x37, 0x32, 0x8D, 0xBA, 0xE4, 0x11, 0x22, 0xAA, 0x52, 0x55, 0xE3, 0x79, 0xF6, 0xDE, 0x9F,
    0x28, 0x3E, 0x7D, 0x08, 0x51, 0xB8, 0x51, 0x86, 0xCA, 0x8C, 0x37, 0x32, 0xE2, 0x9E, 0x29, 0xFD,
    0x31, 0xF9, 0xFB, 0x94, 0x7E, 0xFD, 0x1E, 0x16, 0xC3, 0xC8, 0x86, 0x18, 0x0C, 0x6D, 0x87, 0xE4,
    0x0C, 0x0E, 0x17, 0x35, 0x58, 0xE2, 0x0A, 0x0B, 0x54, 0xD0, 0x21, 0x76, 0xA3, 0x80, 0x80, 0x72,
    0x7B, 0x0F, 0xCB, 0x10, 0x3C, 0xB9, 0x7F, 0x7F, 0x40, 0x98, 0x94, 0x81, 0xFC, 0x0F, 0x84, 0x39,
    0xF8, 0xA1, 0x7F, 0x18, 0x06, 0xBA, 0x9C, 0x68, 0x3B, 0x9A, 0x1D, 0x32, 0xFD, 0xC3, 0xF1, 0x60,
    0xF1, 0x01, 0xA1, 0xCC, 0x1B, 0x7C, 0x64, 0xDD, 0x1E, 0xE7, 0x04, 0x2D, 0x8E, 0x4D, 0x6A, 0x7A,
    0x20, 0x03, 0xAF, 0xCD, 0xA2, 0xE3, 0x59, 0x59, 0xC1, 0x63, 0xE2, 0x06, 0xE7, 0x45, 0x2D, 0xC1,
    0x03, 0x05, 0x80, 0x07, 0x78, 0x6F, 0x5C, 0x13, 0xD4, 0x95, 0x99, 0xBD, 0x6B, 0x69, 0xE3, 0x9E,
    0xA7, 0x53, 0xD8, 0xC3, 0x8D, 0xB8, 0x8A, 0x27, 0x3D, 0x05, 0x21, 0x2B, 0x0A, 0x5E, 0x19, 0x9C,
    0xF3, 0x51, 0xE3, 0xAA, 0x92, 0x34, 0xDB, 0xB9, 0xA7, 0xD9, 0x07, 0xA3, 0xB3, 0xC5, 0xDD, 0xC8,
    0xC4, 0xA3, 0x1B, 0x47, 0x35, 0xA0, 0x6B, 0xAA, 0x70, 0x0B, 0x42, 0x1E, 0x09, 0xA1, 0xEC, 0x60,
    0x06, 0xB4, 0xFF, 0x14, 0x47, 0xF3, 0x68, 0x56, 0x32, 0x6E, 0x86, 0x8C, 0xA0, 0xB2, 0x61, 0x70,
    0x5E, 0xFA, 0x44, 0x81, 0x2E, 0x8C, 0x51, 0x6E, 0x81, 0x06, 0x9D, 0x42, 0x97, 0x64, 0x63, 0xAD,
    0x1A, 0xC2, 0xE2, 0xF7, 0x60, 0x08, 0xD1, 0x1B, 0x69, 0x86, 0x12, 0x95, 0x99, 0x99, 0x41, 0x04,
    0xC3, 0xA0, 0x99, 0xDB, 0x7F, 0x91, 0x0F, 0x28, 0x96, 0x84, 0x06, 0x10, 0x9A, 0xDD, 0x22, 0x0D,
    0xCD, 0x56, 0x2E, 0x0B, 0xF8, 0xBA, 0x74, 0xFB, 0x74, 0xC4, 0x58, 0x1D, 0x72, 0x81, 0xEA, 0x6E,
    0x39, 0x79, 0xCF, 0x96, 0xCB, 0x92, 0xCF, 0x66, 0xEF, 0x9C, 0x3B, 0x9D, 0x1F, 0x3B, 0x7E, 0x6C,
    0xFF, 0x3F, 0x42, 0x36, 0xDB, 0xD9, 0x68, 0xF6, 0x4D, 0x84, 0x2E, 0xEA, 0x19, 0x36, 0xDA, 0xEE,
    0x6C, 0x74, 0xB2, 0xB3, 0x11, 0x8E, 0x7F, 0xF0, 0x7C, 0x1B, 0x79, 0xB3, 0x77, 0x90, 0x7B, 0xED,
    0x66, 0xCA, 0xE8, 0xCF, 0x03, 0x18, 0x09, 0xBD, 0xDE, 0x90, 0x1D, 0xD8, 0x28, 0xE8, 0x60, 0xA3,
    0xB8, 0x85, 0x43, 0x99, 0x16, 0x36, 0x7A, 0xDA, 0xC0, 0x46, 0x5F, 0x30, 0x82, 0xF8, 0xCC, 0xD9,
    0xA8, 0x00, 0x48, 0x14, 0x6A, 0x5F, 0xEB, 0x3A, 0x28, 0x01, 0x5D, 0x29, 0x56, 0x52, 0x90, 0x70,
    0x9A, 0xA9, 0xA9, 0x54, 0x32, 0xA3, 0xA2, 0x39, 0xFC, 0xA1, 0x14, 0xFF, 0xF7, 0xFD, 0xFB, 0x1B,
    0x8D, 0xD9, 0xCE, 0x25, 0x75, 0xC5, 0x83, 0xE0, 0x0F, 0x2B, 0x18, 0xC4, 0x83, 0x9A, 0x4A, 0xCF,
    0xD6, 0x3D, 0x41, 0xC6, 0x6F, 0x61, 0x62, 0xBC, 0x7D, 0x92, 0xF1, 0x5B, 0xCD, 0x54, 0xD1, 0x58,
    0x28, 0x69, 0xB1, 0x54, 0x38, 0x19, 0x8D, 0x9C, 0x5D, 0x4B, 0x97, 0xF5, 0x55, 0xEF, 0xE3, 0xF5,
    0xCA, 0x69, 0xB6, 0x3F, 0xEA, 0x59, 0xFD, 0x3C, 0x0F, 0xC8, 0xEB, 0x9D, 0xE5, 0x2E, 0xDB, 0x70,
    0x34, 0xDF, 0xEB, 0x5C, 0x16, 0xE4, 0x69, 0xCA, 0xE3, 0x0C, 0x51, 0x9E, 0x3E, 0x64, 0xF0, 0x42,
    0x2D, 0x0D, 0x8C, 0xBF, 0xEF, 0x4E, 0x2B, 0x99, 0x3B, 0x19, 0x12, 0xD7, 0x1A, 0xAE, 0x06, 0xAD,
    0x26, 0x06, 0x98, 0x0B, 0xA7, 0x05, 0x2C, 0xFC, 0xBA, 0x84, 0x4D, 0x48, 0xA7, 0x85, 0xCD, 0x57,
    0x4C, 0x73, 0xC1, 0x53, 0xAD, 0x7D, 0xB4, 0x04, 0x8B, 0x2C, 0x73, 0x48, 0x3C, 0x24, 0x1A, 0xF1,
    0x62, 0x95, 0x5B, 0xB3, 0x0B, 0xC3, 0x06, 0xD8, 0x66, 0x00, 0x37, 0x9A, 0x1D, 0xB1, 0xE6, 0xBA,
    0x6A, 0xB2, 0xD6, 0xB4, 0xFA, 0x1C, 0x55, 0x78, 0xBD, 0x13, 0xC0, 0x1F, 0xEB, 0x4A, 0xAD, 0x2D,
    0x9B, 0x8B, 0x1A, 0x7D, 0x46, 0xAB, 0xF7, 0xEF, 0xFF, 0x91, 0x00, 0x57, 0x7C, 0x1B, 0x3C, 0x90,
    0xB7, 0x7C, 0x09, 0x7C, 0x0B, 0x2E, 0xCB, 0x5C, 0x02, 0xB0, 0xA3, 0x55, 0x90, 0x6D, 0x27, 0xD1,
    0xE3, 0xCA, 0x3B, 0x45, 0xD9, 0xF1, 0x79, 0xE1, 0xE3, 0x2D, 0xBD, 0x5B, 0xF8, 0x1D, 0x6A, 0x88,
    0x34, 0x0B, 0xDA, 0x5E, 0xD6, 0xC4, 0xC6, 0xE0, 0xA1, 0x6A, 0x0A, 0x9B, 0x21, 0xE8, 0x96, 0x20,
    0xBA, 0x0A, 0x1B, 0xA8, 0xA5, 0x5A, 0xA1, 0x32, 0x65, 0x11, 0x95, 0x14, 0xFA, 0x66, 0x58, 0x54,
    0x14, 0xD3, 0xA5, 0x82, 0x63, 0x3A, 0x28, 0x3A, 0x4C, 0xA7, 0xC0, 0x30, 0xAD, 0xBE, 0xA5, 0x35,
    0xDE, 0x96, 0xD0, 0xB8, 0x86, 0x83, 0x9A, 0x22, 0x20, 0x1F, 0x41, 0x08, 0x30, 0x04, 0x25, 0x81,
    0x11, 0xE2, 0xB3, 0x57, 0x7C, 0x0E, 0x8A, 0xCF, 0x95, 0xE2, 0x73, 0xA9, 0xF8, 0x34, 0xBA, 0x22,
    0xF3, 0xE2, 0xB9, 0xA4, 0x20, 0x1F, 0xA8, 0x91, 0xB1, 0x37, 0x52, 0x2E, 0xC0, 0x1C, 0x43, 0xF3,
    0x57, 0xC4, 0xA7, 0xFF, 0x15, 0x59, 0xF0, 0xFE, 0xAB, 0xF8, 0xB4, 0x8A, 0xCC, 0x52, 0xD7, 0x5C,
    0xF1, 0x69, 0xEA, 0x31, 0x54, 0x8E, 0xDD, 0xA1, 0x06, 0x4B, 0x98, 0xD6, 0xDB, 0x68, 0x19, 0x50,
    0x6A, 0x4A, 0x33, 0xAE, 0xC2, 0xCB, 0xA8, 0xD2, 0xA4, 0xA0, 0x52, 0x13, 0xF6, 0x5F, 0xE3, 0x9A,
    0x66, 0x6E, 0x5D, 0x2A, 0x5A, 0x9C, 0xC5, 0x8C, 0xDA, 0x0A, 0x76, 0x84, 0x5B, 0x25, 0x0C, 0xD9,
    0x4C, 0xFB, 0x40, 0x57, 0xC0, 0xE0, 0xE9, 0x5A, 0xDC, 0x31, 0x7C, 0x22, 0xDA, 0x9C, 0x6A, 0xFC,
    0xAC, 0x98, 0x11, 0x18, 0x3F, 0x03, 0xA6, 0x05, 0xAF, 0x77, 0x19, 0x01, 0xED, 0x3B, 0x33, 0x82,
    0x4F, 0xDD, 0x85, 0xD4, 0xDC, 0x61, 0xED, 0xA2, 0x0D, 0x8F, 0x88, 0x1F, 0xBE, 0xF3, 0x4D, 0xD1,
    0x66, 0x7A, 0x29, 0xDA, 0x5C, 0x10, 0xB3, 0x24, 0xF8, 0x3C, 0x15, 0xD3, 0xB9, 0x3C, 0x31, 0x94,
    0x66, 0x0E, 0x3D, 0x69, 0x71, 0x51, 0x4C, 0xAE, 0xBE, 0x0A, 0x1B, 0x17, 0x54, 0x3C, 0xA3, 0x34,
    0x7B, 0x01, 0x35, 0xC8, 0xC0, 0xC6, 0x45, 0xAC, 0x0A, 0x0B, 0x7C, 0x31, 0x08, 0x35, 0x2A, 0x2C,
    0x95, 0x69, 0x9F, 0x0C, 0x2A, 0xAC, 0x95, 0x3D, 0x5B, 0xAC, 0x76, 0x76, 0x82, 0xD7, 0x7B, 0xC1,
    0xFB, 0xBD, 0xE0, 0xFD, 0x4E, 0x70, 0x97, 0x6B, 0xDB, 0xE0, 0x04, 0x09, 0x30, 0xD4, 0x48, 0x64,
    0xE1, 0x96, 0x71, 0x95, 0x53, 0x66, 0xC3, 0xBE, 0x18, 0x14, 0x93, 0x02, 0x88, 0x49, 0xD9, 0xFA,
    0x18, 0x6A, 0xCF, 0x50, 0xA6, 0x29, 0x5D, 0x6A, 0xA9, 0x1E, 0xA5, 0x7A, 0x76, 0x53, 0x85, 0x3B,
    0x5B, 0x1A, 0x22, 0xA7, 0x88, 0x2F, 0x3B, 0x7D, 0x39, 0xF5, 0xB1, 0x06, 0x08, 0xB7, 0xD9, 0x6E,
    0xAA, 0xC0, 0x6A, 0x54, 0xB4, 0x8E, 0xD4, 0xE2, 0xD4, 0x55, 0xBD, 0x38, 0xF7, 0x05, 0x2E, 0x47,
    0x6A, 0xE0, 0x82, 0x53, 0x85, 0xD3, 0xFD, 0x54, 0xE1, 0xD0, 0xC9, 0x62, 0x1B, 0xF6, 0x9A, 0xF5,
    0xF5, 0xDB, 0x27, 0xE8, 0x01, 0x5C, 0x59, 0xDE, 0xEC, 0xCA, 0xE4, 0xA8, 0xBE, 0x22, 0x37, 0x7C,
    0xEB, 0xD0, 0xC5, 0xFF, 0x26, 0x85, 0xF7, 0x6C, 0xC4, 0xD6, 0x95, 0x14, 0x97, 0x4A, 0x72, 0xAD,
    0x34, 0x9F, 0x89, 0xD8, 0xFE, 0x15, 0x11, 0x3B, 0xD2, 0x44, 0xC1, 0x40, 0x98, 0xB1, 0x74, 0x03,
    0x5C, 0x61, 0xB1, 0xE4, 0xC9, 0x9F, 0x75, 0xCA, 0xC0, 0xDE, 0x47, 0xCA, 0xAD, 0x63, 0x32, 0xE8,
    0xB8, 0xBD, 0xE5, 0xEE, 0x1A, 0x47, 0xA5, 0x85, 0x4E, 0x9F, 0x70, 0xF4, 0x11, 0xF9, 0x02, 0xA9,
    0x22, 0xE8, 0x5D, 0x98, 0x8B, 0xB5, 0x6C, 0xA1, 0x91, 0x22, 0x9A, 0x2B, 0xAA, 0x73, 0xC6, 0x7F,
    0x9E, 0xF8, 0x05, 0x7B, 0x8C, 0x2F, 0x19, 0xC0, 0xFE, 0xD3, 0x88, 0x06, 0x1F, 0xD7, 0x9C, 0xF9,
    0x84, 0x09, 0xA3, 0x2D, 0x4E, 0xF4, 0x07, 0x25, 0x85, 0xEA, 0x9B, 0xC4, 0x50, 0x58, 0xB0, 0xD8,
    0x89, 0xD9, 0xAF, 0x80, 0x1A, 0x9A, 0x24, 0x80, 0x31, 0x3D, 0x80, 0x89, 0x8D, 0x4C, 0x0E, 0x50,
    0xA6, 0xA3, 0x1A, 0x3C, 0x00, 0x75, 0x23, 0xFD, 0x01, 0x64, 0x34, 0x5E, 0x7B, 0x40, 0xC1, 0x82,
    0x66, 0x02, 0x65, 0xA4, 0x61, 0x3D, 0x21, 0x4A, 0xE2, 0x6A, 0xC2, 0x28, 0x1F, 0x67, 0x13, 0xB0,
    0x93, 0x1E, 0xCA, 0x04, 0x0C, 0xA5, 0x4B, 0x99, 0x80, 0x60, 0x3A, 0x68, 0x43, 0x91, 0xE2, 0x51,
    0x28, 0x35, 0x69, 0x35, 0x52, 0x26, 0x0A, 0x65, 0xF6, 0x02, 0x66, 0x34, 0x1D, 0x98, 0xC2, 0x79,
    0x91, 0xF6, 0xC7, 0x28, 0x76, 0x41, 0x89, 0xB5, 0xE3, 0xE0, 0x91, 0xE5, 0xA3, 0x90, 0x46, 0x32,
    0x89, 0x76, 0x3E, 0xA5, 0xE2, 0x4B, 0xF1, 0x13, 0xA9, 0x15, 0x63, 0x2D, 0x80, 0x8D, 0x9A, 0xB0,
    0x1C, 0xB4, 0x1D, 0x5A, 0x6B, 0x57, 0xAC, 0x01, 0x84, 0x9A, 0x74, 0xD0, 0xC4, 0x51, 0xB0, 0x05,
    0x8E, 0x62, 0x19, 0xD8, 0xA8, 0xA5, 0x0A, 0x8D, 0x27, 0xD4, 0x3C, 0x4B, 0x3E, 0xC4, 0x3C, 0x98,
    0x07, 0x3B, 0x73, 0x36, 0xA0, 0x1B, 0x68, 0x34, 0x60, 0xD5, 0x08, 0xB6, 0x10, 0x14, 0x39, 0x6A,
    0x63, 0xB1, 0xD9, 0x93, 0x21, 0x0D, 0x34, 0x2C, 0xF4, 0x1D, 0xFB, 0x97, 0x50, 0x76, 0xF4, 0x2C,
    0xD4, 0x14, 0x65, 0x3A, 0xE8, 0xAB, 0xB4, 0x65, 0x28, 0xD8, 0x3D, 0x68, 0x47, 0xE1, 0x3C, 0x41,
    0x05, 0x14, 0x15, 0x50, 0x3B, 0x79, 0xF1, 0xAE, 0xF8, 0x5A, 0xBD, 0x3D, 0xD4, 0x73, 0x13, 0x27,
    0xB7, 0xA6, 0x6D, 0xFD, 0x3A, 0x38, 0xAF, 0x8E, 0x87, 0xEC, 0x97, 0x73, 0x25, 0xE8, 0x56, 0x6D,
    0xF2, 0x13, 0x5C, 0xE9, 0x4C, 0xF6, 0x23, 0x80, 0x85, 0x6B, 0x8F, 0xF4, 0xEA, 0x5D, 0x6F, 0xCD,
    0x9E, 0xC2, 0x1F, 0x33, 0x20, 0xDB, 0x72, 0x76, 0xE5, 0xEC, 0x25, 0xA2, 0x5D, 0x16, 0x2C, 0xDC,
    0x8C, 0x26, 0x11, 0x37, 0x75, 0xE1, 0x31, 0x53, 0x44, 0xCC, 0x7C, 0x70, 0xEA, 0x37, 0x7A, 0x1B,
    0xBB, 0x38, 0xB4, 0xAA, 0x79, 0x0C, 0x4F, 0xEB, 0x95, 0xC6, 0x42, 0xB7, 0xA7, 0x7A, 0x48, 0xEC,
    0x6E, 0xEB, 0x0C, 0x8B, 0x34, 0x75, 0x0E, 0xC8, 0xAE, 0x04, 0x05, 0xF7, 0x56, 0xAE, 0x2F, 0xCE,
    0x4D, 0x4F, 0x76, 0x03, 0xD7, 0xFD, 0xF4, 0x04, 0x3C, 0x85, 0xD5, 0x38, 0xE1, 0x72, 0x43, 0xAE,
    0xFD, 0x20, 0x6D, 0xC2, 0xE7, 0xAE, 0xAF, 0xC8, 0x0A, 0xAD, 0x74, 0x2D, 0x1B, 0x53, 0x7E, 0xA3,
    0xE9, 0x99, 0xB9, 0xCF, 0xEB, 0x57, 0x3A, 0x9D, 0x08, 0x9B, 0x54, 0x07, 0x80, 0x49, 0x01, 0x27,
    0xC2, 0xA9, 0xA8, 0x46, 0x5A, 0xB4, 0x74, 0x56, 0xFF, 0x5E, 0x92, 0x07, 0xA0, 0x9C, 0xEA, 0xF0,
    0x4D, 0x9B, 0xDE, 0xDA, 0xDF, 0xDE, 0x41, 0xA6, 0x00, 0x6A, 0x0A, 0xCF, 0x69, 0xC9, 0xFB, 0x45,
    0x8B, 0xEF, 0xDB, 0x68, 0xFB, 0x61, 0x6B, 0xB2, 0x00, 0xF9, 0x9A, 0x1E, 0x18, 0x57, 0xA8, 0xAE,
    0xAB, 0xF2, 0x03, 0x5B, 0x19, 0xFB, 0x69, 0x15, 0x6D, 0xC0, 0xE3, 0x7C, 0xD4, 0xEF, 0x70, 0xD6,
    0xB3, 0xF9, 0x6D, 0x59, 0xF8, 0x5F, 0xDB, 0x36, 0xB0, 0x1F, 0x0E, 0xF0, 0xE9, 0x0D, 0xAB, 0x3A,
    0xEC, 0x34, 0x90, 0xC5, 0x80, 0x22, 0xAF, 0x29, 0x84, 0x5A, 0x02, 0x95, 0x2B, 0x53, 0xA1, 0x32,
    0x00, 0x12, 0x97, 0xA7, 0x87, 0xCD, 0x3C, 0xB7, 0xD9, 0x47, 0x51, 0xEF, 0xA2, 0x6A, 0x6E, 0x1B,
    0xF0, 0xD4, 0x21, 0x1C, 0xF4, 0xFB, 0xCA, 0xE4, 0x5C, 0xAD, 0x37, 0x3D, 0xF7, 0x39, 0x2D, 0xC2,
    0x3A, 0x3E, 0xC9, 0x11, 0xEB, 0xB7, 0xBB, 0x01, 0x8E, 0x4E, 0x5C, 0xCE, 0x86, 0x2D, 0xBB, 0x89,
    0xCB, 0x8D, 0x1E, 0x3C, 0x94, 0x36, 0xC9, 0xFC, 0xED, 0xDD, 0xC7, 0xC8, 0x8D, 0x88, 0x1B, 0xF8,
    0x76, 0x4B, 0x15, 0xAF, 0xDD, 0x68, 0xC3, 0x50, 0x9A, 0xE9, 0xB8, 0xF4, 0x4C, 0x0B, 0x9D, 0x4B,
    0x10, 0x69, 0x01, 0xE8, 0xC5, 0xC7, 0x25, 0x5B, 0x84, 0xA7, 0x50, 0x75, 0xF9, 0xBB, 0x96, 0x8D,
    0x20, 0x19, 0x6D, 0xC1, 0x28, 0x7B, 0xBC, 0x35, 0x0E, 0x9F, 0x72, 0x42, 0x4E, 0x1F, 0xE0, 0x35,
    0x45, 0x93, 0x30, 0x3D, 0xC7, 0x2C, 0xBA, 0xBE, 0xF7, 0xD1, 0x00, 0xB3, 0x49, 0x73, 0xDD, 0xB1,
    0xDC, 0x92, 0x44, 0x23, 0xC7, 0x91, 0x2A, 0x50, 0x61, 0x90, 0xDB, 0x0A, 0xAF, 0x57, 0x4F, 0xB2,
    0x33, 0x18, 0x54, 0x17, 0x60, 0x70, 0x7E, 0x5E, 0x4F, 0xCD, 0x5F, 0xDB, 0xB2, 0x5A, 0xB7, 0x9F,
    0x21, 0xF4, 0x7E, 0xF8, 0xB4, 0x62, 0x68, 0x61, 0x87, 0x69, 0x8A, 0x88, 0xF9, 0x8D, 0x03, 0x62,
    0x37, 0x15, 0xC5, 0xF2, 0xA6, 0x9B, 0x51, 0x63, 0x41, 0x94, 0x6F, 0x3C, 0x66, 0xCF, 0x70, 0x18,
    0xFB, 0xB2, 0xFC, 0x94, 0x76, 0x7F, 0x8B, 0x4C, 0x11, 0xB2, 0xD4, 0xA0, 0x61, 0x51, 0x95, 0x1E,
    0x23, 0x24, 0x45, 0xD4, 0xAC, 0x94, 0xCD, 0x38, 0xB8, 0x7C, 0xD6, 0xDE, 0x35, 0xEC, 0xDD, 0x07,
    0xF6, 0x83, 0x01, 0x5E, 0xCA, 0x76, 0x71, 0x0D, 0xE2, 0x28, 0xEF, 0x70, 0x15, 0x68, 0xD4, 0x32,
    0xE9, 0xC1, 0x7A, 0x97, 0x42, 0x3C, 0xC4, 0x67, 0x80, 0x33, 0x68, 0x17, 0x20, 0x30, 0x87, 0x85,
    0x56, 0x94, 0x71, 0xB2, 0x1B, 0x82, 0x4C, 0xCE, 0x9A, 0x7D, 0x28, 0x05, 0xA1, 0xF4, 0xD5, 0xBD,
    0x43, 0xD4, 0x67, 0x9A, 0xE0, 0x18, 0x32, 0xBB, 0x3C, 0x86, 0x84, 0x91, 0x0B, 0x37, 0x7E, 0xE1,
    0x15, 0x15, 0x17, 0xA7, 0x19, 0xD3, 0x4B, 0x11, 0x61, 0xF8, 0xF6, 0x11, 0x01, 0xC4, 0xAE, 0x6F,
    0xC7, 0x40, 0x70, 0xA5, 0x22, 0x50, 0x7D, 0xB5, 0x28, 0xB9, 0x9A, 0xB4, 0x0A, 0xEA, 0x23, 0x09,
    0xFF, 0xD6, 0x4B, 0xF4, 0x49, 0x83, 0xD8, 0x54, 0x8C, 0x17, 0xEA, 0x8E, 0xCF, 0x90, 0x57, 0x7C,
    0xE6, 0xCE, 0x1E, 0x1C, 0xAD, 0xC0, 0xD1, 0x14, 0x47, 0xA5, 0xF8, 0x04, 0x42, 0x73, 0xBC, 0x0D,
    0xD2, 0x7B, 0x9D, 0xDF, 0xFA, 0x70, 0xC7, 0xA0, 0x09, 0xEB, 0xA8, 0xA2, 0x17, 0xC7, 0x59, 0x92,
    0xB1, 0x80, 0x9A, 0x8A, 0xB9, 0x65, 0xDA, 0xA4, 0xF5, 0x9B, 0xB2, 0xB8, 0x81, 0x58, 0xFF, 0x0F,
    0xDB, 0xA2, 0x61, 0x80, 0xA3, 0x3D, 0x3D, 0x29, 0x33, 0xF8, 0x9A, 0x85, 0xBF, 0x43, 0xFD, 0xA8,
    0x58, 0x0A, 0x6D, 0xD8, 0xF0, 0x24, 0x27, 0x92, 0x9C, 0xFF, 0x83, 0x41, 0x3A, 0xBC, 0x47, 0xD2,
    0x70, 0x80, 0x56, 0x47, 0x24, 0x41, 0xAB, 0xD3, 0x3D, 0xC8, 0x4D, 0x3E, 0xA0, 0xE4, 0x15, 0x6C,
    0x10, 0xB1, 0xC9, 0x9B, 0xF3, 0xAD, 0x27, 0x5B, 0x15, 0xB4, 0x04, 0x7A, 0x35, 0x88, 0xED, 0x4C,
    0xBC, 0x02, 0x8D, 0x05, 0x08, 0xCC, 0x2F, 0x98, 0x38, 0x53, 0x13, 0x77, 0x3B, 0x13, 0x4F, 0xCE,
    0x9B, 0xF8, 0xCC, 0xA5, 0x7B, 0x3C, 0xCB, 0xDE, 0x7D, 0x81, 0xFD, 0x9C, 0xA7, 0xE9, 0x45, 0x33,
    0xD2, 0xEB, 0xA6, 0x3A, 0x5E, 0xF5, 0xBB, 0xB4, 0x88, 0x5A, 0xBA, 0x74, 0xB0, 0x73, 0xE9, 0x07,
    0x87, 0xD0, 0xF9, 0x13, 0x76, 0xDA, 0xF6, 0xD8, 0x72, 0xBC, 0x66, 0x32, 0xAD, 0x19, 0xFC, 0x71,
    0xA0, 0x82, 0x85, 0x03, 0x32, 0xFE, 0x1C, 0x51, 0x41, 0x0C, 0x44, 0xBD, 0x86, 0x55, 0x69, 0xCB,
    0x01, 0x39, 0x42, 0x90, 0x24, 0xCB, 0x3B, 0x50, 0x43, 0x62, 0xA9, 0xFC, 0xED, 0xF9, 0x3A, 0x57,
    0xC7, 0xEA, 0xAB, 0xFD, 0x82, 0x10, 0x11, 0xB1, 0x65, 0x7C, 0x5B, 0x34, 0x44, 0x44, 0x67, 0x21,
    0xA2, 0xC0, 0x29, 0x66, 0x1C, 0xB3, 0x8E, 0xD1, 0xE1, 0x42, 0x88, 0x68, 0xF7, 0x21, 0xA2, 0x61,
    0x88, 0x00, 0xBB, 0xE5, 0x6F, 0x2E, 0x06, 0xA0, 0xE8, 0x49, 0xC5, 0xAA, 0xA8, 0xD2, 0xA1, 0x91,
    0xDF, 0x1C, 0x06, 0x5F, 0x6E, 0x03, 0xFB, 0x28, 0xD8, 0x70, 0xC4, 0x14, 0xE9, 0x78, 0x6F, 0xEF,
    0xE9, 0x7B, 0x70, 0x4F, 0x76, 0x59, 0x42, 0xF2, 0x47, 0xEC, 0xAE, 0x71, 0x7E, 0x5E, 0x41, 0xBA,
    0x42, 0x93, 0x14, 0xA0, 0x19, 0x9F, 0xB2, 0xFC, 0x79, 0x34, 0xFE, 0x9E, 0x93, 0xB3, 0x6D, 0xAC,
    0x5E, 0xC3, 0xB5, 0x64, 0xF1, 0x7D, 0x5C, 0x66, 0x6C, 0x4B, 0x3D, 0x02, 0xF6, 0xE7, 0x67, 0x73,
    0x7A, 0xB3, 0x0F, 0x31, 0xCD, 0x45, 0xC7, 0x3A, 0x47, 0x9B, 0xAF, 0x5B, 0xF4, 0xC2, 0x44, 0x7F,
    0x65, 0xA2, 0x33, 0x33, 0x78, 0xC2, 0xCA, 0x5E, 0x97, 0xC0, 0xC2, 0xA9, 0x76, 0x54, 0x41, 0x03,
    0x4B, 0xD7, 0x0B, 0xB5, 0x32, 0x7F, 0xB4, 0x42, 0x53, 0x07, 0x35, 0x20, 0x3F, 0x65, 0xF9, 0x6D,
    0x4E, 0x0E, 0x3F, 0x97, 0x68, 0x93, 0xE8, 0xE4, 0x1F, 0x78, 0xC2, 0x3E, 0x54, 0x52, 0x6C, 0xEE,
    0x74, 0x9A, 0x8C, 0xF2, 0x9F, 0xAD, 0x1E, 0xEB, 0x15, 0x04, 0xCF, 0x84, 0x2C, 0xDC, 0x45, 0x6A,
    0x65, 0x95, 0xBE, 0x61, 0xF3, 0xCB, 0x6A, 0xD1, 0xD5, 0xC2, 0x2B, 0x58, 0x31, 0xE1, 0xA9, 0xE0,
    0x6A, 0x8E, 0x6A, 0x60, 0x29, 0x73, 0x98, 0x05, 0xBE, 0x13, 0x7C, 0x0E, 0x81, 0x16, 0xD1, 0x7B,
    0x40, 0xC1, 0x24, 0x7E, 0x1B, 0xD2, 0x4C, 0xD2, 0x18, 0xB0, 0x9C, 0x4C, 0x62, 0x9C, 0x36, 0x99,
    0xC7, 0x87, 0x80, 0x58, 0x17, 0xB1, 0x41, 0x6E, 0x23, 0x36, 0xCB, 0x35, 0x6B, 0xAA, 0xB4, 0xE2,
    0x4F, 0x0A, 0x44, 0x18, 0xC3, 0xA9, 0x26, 0x09, 0x16, 0x89, 0x40, 0x02, 0x6B, 0x58, 0x4E, 0x6E,
    0x93, 0x9F, 0xC2, 0xA1, 0xE3, 0x4F, 0x9A, 0xD1, 0x5A, 0x81, 0xDD, 0x4F, 0xA1, 0xB9, 0xC4, 0x5A,
    0x67, 0xB2, 0x5A, 0xDA, 0x20, 0x83, 0x05, 0x4C, 0x4F, 0x51, 0xC3, 0x60, 0x4B, 0x08, 0x96, 0xE3,
    0x0F, 0x55, 0x49, 0xA1, 0xA8, 0xC0, 0xB2, 0x64, 0x94, 0xA1, 0xE6, 0x59, 0x75, 0xF7, 0x8C, 0x32,
    0x2B, 0x56, 0xD8, 0x54, 0xA8, 0xCC, 0x59, 0xBE, 0xCD, 0x09, 0xC6, 0x03, 0x9A, 0x78, 0xA2, 0x85,
    0xA0, 0xFE, 0xFA, 0xB1, 0x1F, 0x83, 0xBB, 0x92, 0x7F, 0x87, 0xD4, 0x57, 0xC8, 0x40, 0xD9, 0x8E,
    0x3F, 0x4C, 0xB0, 0x43, 0xB1, 0xC2, 0x0E, 0x67, 0xF6, 0xEE, 0xE0, 0x06, 0xE8, 0xF1, 0x38, 0x7F,
    0xDE, 0x5C, 0xFD, 0xDF, 0x7B, 0xB3, 0x2C, 0x77, 0x3F, 0xB5, 0x56, 0xAC, 0x99, 0xF9, 0xFB, 0xD1,
    0xEF, 0x2F, 0x27, 0x95, 0x61, 0xFC, 0x35, 0xEF, 0x46, 0xA3, 0x4A, 0x61, 0xCF, 0x44, 0x14, 0x3C,
    0x37, 0x19, 0x01, 0x26, 0x69, 0x47, 0x5B, 0xF5, 0x57, 0xFE, 0xB1, 0xE6, 0xC5, 0x9E, 0x57, 0x3A,
    0xAD, 0x2C, 0xCE, 0x95, 0x3A, 0x0E, 0x7D, 0xAC, 0xA5, 0xD8, 0xBB, 0x91, 0x47, 0xF7, 0x0B, 0xDE,
    0xF3, 0x7E, 0x5D, 0x42, 0x2E, 0x00, 0x8E, 0x91, 0x39, 0xAF, 0x9D, 0xCA, 0x0F, 0x13, 0x7B, 0xBC,
    0x36, 0x77, 0x6C, 0xFF, 0x3A, 0x9A, 0xDB, 0xFF, 0x01, 0xCD, 0x5A, 0xBF, 0x8F, 0xDC, 0xD6, 0x11,
    0x1E, 0x92, 0x92, 0x88, 0x84, 0x40, 0x9E, 0x0A, 0xD9, 0x8E, 0x21, 0xC0, 0x74, 0xE1, 0x22, 0x41,
    0x82, 0x63, 0x93, 0x22, 0x01, 0x74, 0x4B, 0x3A, 0xF9, 0x07, 0x54, 0xF8, 0xAC, 0x42, 0x85, 0x53,
    0xB8, 0x33, 0x82, 0x4B, 0xA9, 0x62, 0xEF, 0xC8, 0xC4, 0x45, 0x4A, 0xAB, 0x91, 0xDC, 0x05, 0x2E,
    0x52, 0xB9, 0x51, 0x8A, 0x2B, 0xAE, 0xB8, 0xBB, 0x7D, 0x49, 0x93, 0x22, 0x85, 0x69, 0x04, 0xAA,
    0x52, 0x88, 0x01, 0x24, 0xA4, 0x70, 0x61, 0x06, 0xE1, 0x29, 0x3C, 0x99, 0xBB, 0x2F, 0xDF, 0x37,
    0x8F, 0xBB, 0x77, 0x27, 0x9F, 0x8C, 0x04, 0x92, 0x25, 0xF1, 0xC0, 0x77, 0x5C, 0x2E, 0x39, 0x33,
    0x6F, 0x7E, 0x7C, 0x33, 0xF3, 0xDE, 0xCA, 0x6E, 0x30, 0x0F, 0xE6, 0xB2, 0x2B, 0x3C, 0xAA, 0xB0,
    0x8E, 0x6C, 0x64, 0x63, 0x9B, 0x54, 0xA6, 0x30, 0x45, 0x26, 0x39, 0xFE, 0x26, 0xB2, 0x25, 0x7B,
    0x32, 0xE0, 0xEB, 0x4B, 0x38, 0x7F, 0x8A, 0xF3, 0x27, 0x22, 0xC9, 0xA2, 0x90, 0x99, 0x6B, 0xC2,
    0xF9, 0x7F, 0xBA, 0xB8, 0x69, 0x7A, 0x63, 0x6B, 0x49, 0xDF, 0xB6, 0x92, 0x87, 0x38, 0x23, 0x2B,
    0x93, 0xA8, 0xC2, 0x59, 0xC8, 0x24, 0x16, 0xC9, 0x13, 0x91, 0xEC, 0xA3, 0xD8, 0x9A, 0x45, 0x69,
    0x63, 0xB7, 0x10, 0x99, 0xDD, 0x17, 0xF9, 0xF1, 0x48, 0x8A, 0x24, 0x65, 0xF3, 0x48, 0x24, 0x76,
    0xCE, 0x8A, 0x39, 0xDA, 0x6C, 0x25, 0xAF, 0xA2, 0x0E, 0x6C, 0x05, 0x6F, 0xF3, 0x4B, 0x1D, 0xF2,
    0xE5, 0x80, 0xC7, 0x7A, 0x0E, 0x9D, 0x88, 0xB1, 0xB2, 0x1C, 0x2A, 0x0C, 0x69, 0xB1, 0x7C, 0x98,
    0x73, 0x09, 0xEF, 0xF3, 0x96, 0x7B, 0xF0, 0x2B, 0xC9, 0x9D, 0x9B, 0xCB, 0xCF, 0x82, 0x3B, 0x9D,
    0x5C, 0x14, 0xB9, 0xB8, 0x93, 0xDD, 0xBF, 0x31, 0x71, 0xAE, 0x35, 0x47, 0xA5, 0x4D, 0xAB, 0xA4,
    0xC9, 0x25, 0x6C, 0xD7, 0x45, 0xBA, 0x2B, 0xE3, 0x89, 0xEB, 0x36, 0xC3, 0x3D, 0x7E, 0x67, 0x0E,
    0x4B, 0x8B, 0xB7, 0xDB, 0x9D, 0xCD, 0xFB, 0x37, 0x2E, 0x8E, 0xBC, 0xE6, 0x49, 0x2D, 0x51, 0x1F,
    0x37, 0x92, 0xB4, 0x51, 0x2B, 0xA9, 0x0D, 0x21, 0x6F, 0x11, 0xF4, 0x32, 0x17, 0x19, 0xC2, 0x1E,
    0x43, 0xDC, 0x8A, 0x6C, 0xA5, 0x78, 0x72, 0x92, 0x43, 0xA0, 0x7C, 0x4E, 0x31, 0x70, 0xFF, 0xBB,
    0x77, 0x1E, 0x7D, 0x22, 0x99, 0x73, 0xCD, 0x28, 0x72, 0x0A, 0x91, 0x73, 0x4E, 0xB9, 0xE4, 0x70,
    0x3C, 0x3F, 0xD9, 0xC6, 0xD9, 0xAF, 0x0E, 0xB5, 0xCA, 0xA9, 0xCF, 0x17, 0x16, 0x24, 0x4B, 0x3A,
    0xB3, 0x6B, 0x50, 0x42, 0x2F, 0x9F, 0x48, 0x80, 0xFF, 0x12, 0xE8, 0xB3, 0x0B, 0x0E, 0x33, 0x10,
    0x4C, 0xBE, 0xC0, 0xCD, 0xED, 0x70, 0xC1, 0x27, 0xCA, 0x2A, 0x1C, 0x45, 0x35, 0x36, 0xEC, 0x24,
    0xB1, 0xB0, 0x37, 0x84, 0x98, 0x55, 0x60, 0x98, 0x3D, 0x1C, 0xA8, 0xD4, 0x1A, 0xAF, 0x39, 0x95,
    0xA1, 0x18, 0x85, 0xA3, 0x52, 0x73, 0xC9, 0x70, 0xE7, 0x2E, 0x88, 0x18, 0x68, 0x5D, 0x02, 0x77,
    0x53, 0x64, 0x1A, 0xD5, 0xF3, 0xB8, 0x9D, 0x86, 0xB5, 0x04, 0x33, 0xAF, 0x63, 0x87, 0x57, 0x66,
    0xB7, 0x36, 0x1B, 0xE8, 0x45, 0xC2, 0x41, 0x92, 0xFA, 0x3C, 0x26, 0x91, 0x8A, 0x6B, 0x4C, 0xB1,
    0x1E, 0xB9, 0x21, 0xB6, 0x57, 0x92, 0x7A, 0x2B, 0xB2, 0xBB, 0x20, 0x18, 0x36, 0x3B, 0x29, 0xE8,
    0x34, 0x2D, 0x46, 0x69, 0xFD, 0xB8, 0x63, 0x0A, 0xDC, 0xD9, 0x35, 0xF6, 0x52, 0xD8, 0x5C, 0x49,
    0x0E, 0xF7, 0x23, 0x8B, 0xB7, 0xFA, 0xD8, 0xA6, 0x52, 0xD6, 0xA6, 0x80, 0xBA, 0x41, 0xCD, 0x53,
    0xF6, 0x5C, 0x46, 0x8E, 0xCA, 0x3D, 0xC4, 0x44, 0xEE, 0x14, 0xE7, 0xE2, 0x4A, 0x2E, 0x57, 0x97,
    0x5D, 0xB1, 0x65, 0x8A, 0xDD, 0x54, 0x0E, 0x9C, 0x64, 0xF7, 0x30, 0xB3, 0x6A, 0x90, 0x32, 0xEA,
    0x82, 0xC1, 0xD4, 0x51, 0x9B, 0x55, 0xA6, 0x2E, 0x25, 0x7B, 0x7B, 0x90, 0x6D, 0x98, 0x6D, 0x02,
    0x55, 0x64, 0x50, 0x8C, 0xA9, 0xF6, 0xA0, 0x8D, 0x89, 0x44, 0x0D, 0x4D, 0x6E, 0xAA, 0x57, 0x36,
    0x36, 0x36, 0x66, 0xCE, 0x39, 0x9E, 0x10, 0x2D, 0x7B, 0xD2, 0x79, 0x7E, 0xE3, 0x6A, 0xE6, 0xBA,
    0xDC, 0xB5, 0x4F, 0xD4, 0xC1, 0xE7, 0x1B, 0xD4, 0x41, 0xE4, 0x3A, 0xD5, 0xC1, 0x1C, 0x3A, 0x88,
    0xEC, 0x36, 0x74, 0x10, 0xD9, 0x35, 0xE8, 0x00, 0xD7, 0xD0, 0x01, 0x74, 0x03, 0x1D, 0x44, 0x30,
    0x65, 0xBB, 0x13, 0xFD, 0xBD, 0x86, 0x0E, 0xA2, 0x3F, 0xB7, 0xD0, 0x41, 0x64, 0x07, 0xEA, 0xC0,
    0x4E, 0xA0, 0x83, 0xA0, 0x38, 0x0F, 0x1D, 0xD0, 0x9B, 0x9E, 0xA8, 0x83, 0x57, 0x36, 0xAE, 0xC2,
    0x1D, 0x72, 0x57, 0xC3, 0xFD, 0x8C, 0x93, 0xFC, 0x3D, 0xF2, 0xBA, 0x11, 0x71, 0xC4, 0x35, 0xEE,
    0xD0, 0x2D, 0x19, 0x21, 0x8F, 0x9D, 0x98, 0xE3, 0xC0, 0x73, 0xE3, 0xBD, 0xBB, 0xEF, 0x7C, 0xED,
    0x7B, 0x1C, 0xD0, 0xC5, 0x3B, 0xCB, 0x67, 0x60, 0x8A, 0xE0, 0x51, 0x17, 0xD9, 0xA9, 0x14, 0x53,
    0x8D, 0xAF, 0x56, 0xA2, 0x9A, 0x11, 0xB7, 0x27, 0x08, 0x05, 0x65, 0xDF, 0x04, 0xB3, 0x22, 0xFE,
    0xA2, 0x31, 0x41, 0xCB, 0x6F, 0xC3, 0x46, 0x66, 0x05, 0x1D, 0x11, 0x8F, 0x85, 0x35, 0x44, 0xC9,
    0xEE, 0x54, 0x31, 0x62, 0xE1, 0x6A, 0xD0, 0xC6, 0xAD, 0x81, 0xCA, 0x85, 0x9A, 0x07, 0xA8, 0x80,
    0x19, 0xED, 0x00, 0x17, 0x4E, 0x8B, 0x80, 0x56, 0x61, 0x40, 0x09, 0x6D, 0x04, 0xAB, 0xC8, 0xBA,
    0xC4, 0x35, 0xD0, 0x27, 0xB6, 0xAB, 0xC7, 0x2D, 0x67, 0x69, 0x13, 0x3C, 0x7E, 0x58, 0xCE, 0x11,
    0x50, 0xBD, 0x93, 0xB5, 0xD9, 0xCD, 0xD2, 0x07, 0xFE, 0x3A, 0x87, 0x2D, 0x0E, 0x7B, 0x1C, 0x06,
    0x9D, 0x47, 0xE6, 0x16, 0x21, 0x20, 0x20, 0x71, 0x1F, 0x77, 0xA9, 0xFB, 0x45, 0x9B, 0xBB, 0xA8,
    0x29, 0x5D, 0x5C, 0xCF, 0x16, 0xB1, 0x9D, 0xCD, 0x13, 0x5B, 0x0E, 0xA6, 0xCA, 0x07, 0x53, 0xA4,
    0x43, 0x5A, 0x84, 0x7D, 0x86, 0x60, 0xCA, 0x25, 0x68, 0x27, 0x0A, 0x0B, 0x51, 0x33, 0xC5, 0x04,
    0x30, 0xC7, 0x1A, 0x26, 0xB5, 0x64, 0xDC, 0x89, 0xF9, 0x0D, 0xC2, 0xE8, 0xE7, 0x88, 0x27, 0x88,
    0x97, 0x61, 0x76, 0x39, 0x24, 0x9C, 0x40, 0x36, 0x60, 0x65, 0x95, 0x57, 0x74, 0x8F, 0xA0, 0x8A,
    0xC5, 0xB4, 0xB2, 0x23, 0x5D, 0xC9, 0xB0, 0x6A, 0xE3, 0x26, 0xAF, 0x7F, 0xE4, 0x71, 0xB5, 0x4A,
    0x0A, 0x23, 0x06, 0xC1, 0xB1, 0x26, 0x08, 0x4D, 0xF3, 0x65, 0xB5, 0x46, 0x3B, 0x41, 0x3F, 0xF5,
    0x14, 0x26, 0x4F, 0x6C, 0x36, 0x93, 0xB8, 0xC7, 0xEC, 0xA1, 0x8B, 0x0E, 0x11, 0x3A, 0x70, 0xF6,
    0xD0, 0x45, 0xAE, 0xEA, 0x19, 0x10, 0x97, 0x03, 0x10, 0x16, 0x60, 0x13, 0x37, 0x51, 0x97, 0x5A,
    0xA2, 0x57, 0x5A, 0xCD, 0xE9, 0xE5, 0xD0, 0xAC, 0x84, 0x15, 0x8D, 0x81, 0xD7, 0xC0, 0x16, 0x72,
    0x94, 0x96, 0xAA, 0x00, 0x16, 0xC3, 0xFC, 0x31, 0x83, 0x5F, 0xE2, 0x0A, 0xF4, 0x04, 0x22, 0xD0,
    0xC8, 0x8A, 0x36, 0x06, 0x8A, 0xBA, 0x24, 0x6F, 0xE0, 0x91, 0x7D, 0x59, 0x8B, 0x5A, 0xFA, 0x57,
    0x62, 0xE3, 0x81, 0x60, 0xFA, 0xC6, 0x94, 0x4E, 0x77, 0x03, 0xB6, 0xDE, 0x0B, 0x9A, 0x0E, 0x6A,
    0x89, 0xEF, 0x1E, 0x42, 0x21, 0x06, 0x91, 0x61, 0x2C, 0xDC, 0x8F, 0xD6, 0x87, 0x95, 0xA1, 0x77,
    0x28, 0xE1, 0x7D, 0xCE, 0x1A, 0xD8, 0x40, 0xC3, 0x99, 0x9E, 0xA6, 0x4A, 0x3B, 0xF5, 0x23, 0x1A,
    0x13, 0xEA, 0xA4, 0x3D, 0x82, 0x86, 0x38, 0x85, 0x04, 0xD3, 0xF0, 0x15, 0xFA, 0x74, 0x64, 0x89,
    0xD9, 0x31, 0x1C, 0x7D, 0x2E, 0x49, 0x35, 0xA4, 0x77, 0xAA, 0xE4, 0xED, 0xEE, 0x0A, 0x8C, 0x8D,
    0x47, 0x30, 0x62, 0x26, 0x49, 0xC5, 0x99, 0x18, 0x35, 0xEA, 0x15, 0x1A, 0x14, 0xA4, 0x30, 0x93,
    0xA4, 0x50, 0xBF, 0xD8, 0x00, 0x8B, 0x08, 0x09, 0x25, 0x13, 0x8E, 0x01, 0x22, 0xE2, 0x42, 0x95,
    0x00, 0xCA, 0x4C, 0x65, 0x34, 0xC0, 0xF9, 0x34, 0x5E, 0x84, 0x94, 0x50, 0x81, 0xAB, 0x20, 0x9B,
    0x38, 0x0D, 0x26, 0x84, 0x45, 0x45, 0x21, 0x20, 0xDB, 0xA5, 0xC8, 0x42, 0xB6, 0xF5, 0xE4, 0x4F,
    0x9D, 0xEC, 0xC1, 0x3D, 0x9A, 0x70, 0xB8, 0xD0, 0x27, 0x36, 0xE9, 0xA9, 0x82, 0xB5, 0x8E, 0x2A,
    0xD8, 0x6D, 0x09, 0xED, 0x35, 0x62, 0xBD, 0x4B, 0x6E, 0x77, 0xC4, 0x0A, 0x30, 0x33, 0x48, 0x0C,
    0x73, 0xB2, 0x88, 0x54, 0xCB, 0x90, 0x16, 0x2A, 0x08, 0x31, 0x1B, 0x43, 0x74, 0xB6, 0xFE, 0xE4,
    0xF5, 0xF2, 0x58, 0x1F, 0x3D, 0x13, 0xBA, 0x65, 0x3C, 0x26, 0xAD, 0xC2, 0x74, 0x84, 0x90, 0x48,
    0x1B, 0x8F, 0xBA, 0x00, 0xFE, 0x62, 0x0B, 0x0A, 0x2C, 0x05, 0x76, 0xBD, 0x5B, 0x22, 0x72, 0x39,
    0xA7, 0x86, 0xB9, 0x8C, 0x09, 0x83, 0xD2, 0x7B, 0xA4, 0x87, 0x9A, 0x71, 0x7C, 0x5F, 0x4E, 0x1D,
    0x33, 0xC2, 0x01, 0x31, 0x21, 0x72, 0x98, 0x5A, 0xFC, 0x25, 0xD9, 0x7F, 0x66, 0x99, 0x78, 0x29,
    0x0C, 0x51, 0x74, 0x1F, 0x2A, 0x0B, 0x06, 0x78, 0x48, 0xD4, 0x81, 0x56, 0xD2, 0xD0, 0x54, 0x16,
    0x43, 0xC6, 0x74, 0x5B, 0x0A, 0x12, 0x03, 0x22, 0xBD, 0x0F, 0x18, 0xEE, 0xD1, 0xA3, 0x4F, 0x3F,
    0x1D, 0x28, 0xE2, 0xC0, 0x5C, 0x35, 0x64, 0xA0, 0x38, 0x2F, 0xC1, 0xE4, 0x80, 0x9C, 0x76, 0xC4,
    0x4F, 0x41, 0x98, 0xE9, 0x7C, 0xAA, 0x78, 0xFD, 0x05, 0xC9, 0x72, 0x5E, 0xE3, 0x9B, 0xDA, 0x71,
    0x74, 0xEF, 0x06, 0xCA, 0xBD, 0x50, 0xFC, 0xE0, 0xC5, 0xC8, 0x72, 0x31, 0xA0, 0x91, 0x16, 0xB4,
    0xB9, 0x51, 0x70, 0x4E, 0x89, 0x77, 0x88, 0xAE, 0x8B, 0x22, 0x5F, 0x57, 0x8F, 0x97, 0xC9, 0x0B,
    0xE5, 0xA5, 0xF2, 0x62, 0x79, 0xB9, 0xBC, 0x60, 0x2A, 0x99, 0x17, 0xCD, 0xCB, 0xE6, 0x85, 0xF3,
    0xD2, 0x79, 0xF1, 0xBC, 0x7C, 0x2A, 0xA0, 0xA8, 0x84, 0xA2, 0x22, 0xAA, 0x7B, 0x0D, 0x5A, 0x68,
    0x0C, 0xA2, 0x52, 0xCA, 0x52, 0xCC, 0xA4, 0x42, 0x1C, 0xA5, 0xF6, 0x60, 0xBC, 0x3A, 0x4B, 0xB6,
    0xE7, 0xA2, 0x2E, 0xAD, 0x33, 0x58, 0x76, 0x84, 0x0F, 0x5B, 0x46, 0x51, 0x4B, 0x37, 0xA7, 0x43,
    0xFD, 0x83, 0x03, 0x4B, 0xA2, 0x90, 0x12, 0xA8, 0x18, 0x09, 0x3F, 0xA6, 0x14, 0x23, 0xA7, 0x18,
    0x25, 0xC5, 0x98, 0x43, 0x8C, 0xF0, 0x58, 0x8C, 0x76, 0x29, 0x46, 0x7E, 0x4A, 0x8C, 0xF0, 0x0C,
    0x31, 0xF2, 0x53, 0xDE, 0x4C, 0x41, 0xC9, 0x91, 0x35, 0xA5, 0xBF, 0x48, 0x8F, 0x36, 0x36, 0xAE,
    0xF2, 0xA2, 0xEC, 0x46, 0xA5, 0xF8, 0xFB, 0x10, 0xE6, 0xDF, 0xE3, 0x85, 0xF9, 0x4B, 0xE3, 0x2F,
    0xBC, 0x9D, 0x70, 0xCC, 0x8D, 0xBF, 0x88, 0x3A, 0x18, 0x9F, 0x97, 0xA6, 0x36, 0x5A, 0xD8, 0x41,
    0x2F, 0xE9, 0xAD, 0x8D, 0x42, 0xD9, 0x65, 0x8A, 0x07, 0x00, 0x59, 0x2D, 0xF4, 0x30, 0x2D, 0xAD,
    0x32, 0x34, 0x99, 0xFB, 0x8B, 0x72, 0x63, 0xC3, 0x0B, 0x05, 0x47, 0xDE, 0x97, 0x31, 0xC4, 0xE6,
    0x14, 0x27, 0xAD, 0xD5, 0xCA, 0x2C, 0x36, 0x57, 0x22, 0x6F, 0xCE, 0x55, 0x6A, 0x80, 0xFD, 0xD1,
    0x26, 0xA6, 0x0B, 0xC2, 0xC4, 0x6F, 0x2D, 0x40, 0x8F, 0x6B, 0x4C, 0xCF, 0xF4, 0x74, 0x79, 0x79,
    0x62, 0xC8, 0xC7, 0x9A, 0x2F, 0x60, 0x18, 0x25, 0xB5, 0x41, 0x32, 0xB7, 0xF1, 0xE2, 0x5D, 0x47,
    0x26, 0x88, 0xF1, 0xCB, 0x2C, 0x36, 0x63, 0x9D, 0x72, 0xBB, 0x8C, 0x7D, 0xE1, 0x55, 0x59, 0xAF,
    0x5C, 0xE6, 0xCA, 0xAA, 0x48, 0xCF, 0x74, 0x56, 0x56, 0x7C, 0x32, 0x38, 0x3E, 0x72, 0xAD, 0x20,
    0x38, 0x1C, 0x70, 0x2E, 0xC3, 0x32, 0x37, 0x6B, 0xC9, 0xAA, 0x50, 0x42, 0x27, 0xF6, 0x08, 0x17,
    0x71, 0x6E, 0x31, 0x87, 0xE4, 0x01, 0x9E, 0x3D, 0x51, 0xE3, 0x9F, 0x35, 0x23, 0x94, 0x28, 0x27,
    0xA8, 0x93, 0xBB, 0x2C, 0x1F, 0x38, 0x58, 0x92, 0x0D, 0x8A, 0x17, 0x24, 0x0B, 0x9D, 0x28, 0xE2,
    0x55, 0xCA, 0xAA, 0x7C, 0x9B, 0xCF, 0xFF, 0xE1, 0x42, 0xF5, 0x42, 0x64, 0xE9, 0x90, 0xA0, 0x58,
    0x08, 0xFB, 0xAB, 0xC7, 0x8E, 0xE7, 0x26, 0x46, 0x32, 0xB6, 0x6A, 0x84, 0x35, 0xD6, 0x23, 0xF2,
    0xCB, 0x13, 0xC0, 0x83, 0x60, 0x61, 0xC0, 0x5C, 0x3B, 0x2C, 0x58, 0xC5, 0xE8, 0x33, 0x0C, 0x2E,
    0xD2, 0xE5, 0x49, 0xD2, 0xA4, 0x9C, 0xCB, 0xF1, 0x49, 0x0F, 0xDE, 0x1F, 0x85, 0x1D, 0xCF, 0x57,
    0x8F, 0x8A, 0x15, 0x29, 0x9F, 0x38, 0x49, 0x84, 0xC8, 0xB3, 0xF5, 0x1C, 0xF8, 0x5D, 0xF2, 0x5D,
    0x54, 0x84, 0x0F, 0xE9, 0x87, 0x8D, 0xBC, 0x1E, 0x7C, 0xF2, 0xAD, 0xF2, 0x5B, 0x47, 0x7D, 0xC3,
    0xDA, 0x8F, 0xFF, 0x4F, 0x81, 0xF8, 0xB7, 0xC0, 0x8B, 0xD5, 0x88, 0x22, 0x15, 0x53, 0xCF, 0xAD,
    0xCD, 0x41, 0xA3, 0xDD, 0xE9, 0xBB, 0x80, 0x8F, 0x9C, 0x39, 0x85, 0x34, 0x40, 0x7E, 0x5F, 0xC7,
    0x41, 0xC6, 0x1A, 0x89, 0x23, 0x53, 0xD1, 0xAB, 0x47, 0xEF, 0x80, 0x31, 0x3D, 0x29, 0x2B, 0xE8,
    0x4A, 0x5A, 0xE4, 0xE3, 0x15, 0x0A, 0x88, 0x84, 0x45, 0x20, 0xA7, 0x90, 0x19, 0x2A, 0xD8, 0xBB,
    0xD7, 0x91, 0x81, 0x8C, 0x02, 0x50, 0xEA, 0x1E, 0xF9, 0xF0, 0xD5, 0x31, 0x99, 0xA7, 0x5E, 0x08,
    0x16, 0x54, 0x89, 0x5F, 0x91, 0x28, 0x1E, 0x73, 0xE6, 0x9A, 0x14, 0xCB, 0x86, 0xB4, 0x66, 0xC8,
    0x09, 0xB5, 0x2C, 0x3A, 0x95, 0x87, 0xD5, 0x7B, 0xD0, 0xB3, 0x86, 0x0E, 0xFB, 0x3D, 0xC8, 0x10,
    0x76, 0xDB, 0x2A, 0x43, 0xAE, 0x23, 0x57, 0x3A, 0xE2, 0x26, 0xAD, 0xB6, 0x09, 0x82, 0x76, 0x9F,
    0x2D, 0x86, 0xA5, 0xD4, 0xAC, 0x29, 0x90, 0x57, 0xFE, 0xD5, 0xF3, 0x3D, 0x8C, 0x59, 0x11, 0x3C,
    0xD4, 0xC5, 0x09, 0xA7, 0x95, 0xED, 0x4C, 0x47, 0x70, 0xDB, 0x56, 0xCE, 0x22, 0xE7, 0x7C, 0x7E,
    0xF0, 0xA3, 0xC6, 0x7A, 0xAC, 0x48, 0xF9, 0x98, 0x85, 0x56, 0x07, 0x31, 0xDC, 0x83, 0xB8, 0x47,
    0x71, 0xA8, 0x14, 0xCD, 0xB9, 0xF6, 0x79, 0x0A, 0xFE, 0xB9, 0x1A, 0x2C, 0x2B, 0x68, 0xB2, 0xB4,
    0xA2, 0xD1, 0x52, 0x76, 0xED, 0xE3, 0x98, 0x15, 0x7E, 0xDC, 0x56, 0x23, 0x7A, 0x33, 0xE6, 0x6A,
    0x3C, 0xD8, 0x04, 0x91, 0x0B, 0x9B, 0x20, 0xEF, 0x01, 0xD4, 0x01, 0xEE, 0x11, 0x51, 0x9D, 0x49,
    0x84, 0x01, 0xAD, 0xB8, 0xBE, 0xC2, 0x46, 0x0F, 0x09, 0xA9, 0x5D, 0x65, 0x05, 0xE9, 0x5E, 0x4A,
    0x69, 0xB5, 0xB3, 0x0B, 0x35, 0x55, 0xFA, 0x62, 0x69, 0x3B, 0x6A, 0x5F, 0x42, 0x39, 0x03, 0xDF,
    0x76, 0x1E, 0xB1, 0x07, 0x2D, 0xF5, 0x8B, 0x2E, 0x6D, 0x5E, 0x42, 0x39, 0xA7, 0x21, 0xA5, 0x3A,
    0x50, 0x1D, 0xFA, 0xEB, 0x27, 0x1D, 0x2F, 0x52, 0xCE, 0x73, 0xD0, 0xE7, 0x3A, 0x5C, 0xB4, 0x2C,
    0xD2, 0x3A, 0xAD, 0xCB, 0x22, 0x3E, 0x9C, 0xA3, 0x38, 0xE9, 0x7C, 0x09, 0xC2, 0x13, 0xD7, 0xD1,
    0x21, 0xA2, 0xB4, 0x2E, 0x41, 0x2F, 0xB5, 0x7C, 0xF6, 0x9C, 0xDA, 0xE0, 0xB2, 0x2B, 0xDE, 0x64,
    0x1D, 0xD3, 0x01, 0x58, 0x16, 0xD7, 0x21, 0x3C, 0x7A, 0x32, 0xD4, 0xB7, 0x07, 0x6C, 0x8D, 0x51,
    0x61, 0x05, 0x8E, 0xF5, 0x62, 0xFC, 0xD7, 0x1A, 0x78, 0xB1, 0xC6, 0xA8, 0x97, 0xDD, 0xB8, 0x31,
    0x36, 0x6C, 0x78, 0xCD, 0x85, 0xA7, 0xB4, 0x5A, 0x67, 0xAB, 0x5B, 0x11, 0x3F, 0xD2, 0x0F, 0x6B,
    0xCC, 0xC6, 0xDC, 0xD3, 0xB9, 0x0E, 0xAC, 0x2E, 0x20, 0x32, 0x17, 0x7A, 0x7A, 0x5E, 0x64, 0xEE,
    0x16, 0x9A, 0xB9, 0xDD, 0x12, 0x70, 0x27, 0x17, 0x2F, 0x70, 0x95, 0x6C, 0x5C, 0xD8, 0xF4, 0x2B,
    0x12, 0x63, 0xBD, 0xE7, 0xF1, 0x20, 0xB2, 0x67, 0xAA, 0x98, 0x3D, 0x77, 0xC5, 0x8C, 0x4B, 0x64,
    0x5A, 0xA2, 0xE3, 0x72, 0x24, 0x46, 0x6E, 0x13, 0x23, 0x01, 0xAE, 0x04, 0xF2, 0x65, 0x69, 0x8F,
    0x31, 0x20, 0x32, 0x51, 0x8B, 0xD0, 0x7A, 0xA8, 0xC8, 0x14, 0xB5, 0xC7, 0x23, 0x1E, 0xCE, 0x15,
    0x8E, 0x89, 0xD1, 0x15, 0x15, 0x0C, 0xED, 0xA6, 0x8F, 0xEE, 0xE8, 0x9A, 0x9F, 0x16, 0x91, 0xB3,
    0x85, 0xE7, 0xEF, 0x9D, 0xD6, 0x77, 0xAC, 0xB9, 0xAC, 0x56, 0x4F, 0xA2, 0xE6, 0x65, 0x94, 0xD6,
    0xB7, 0xC1, 0xDA, 0x5F, 0x49, 0xB6, 0x49, 0x99, 0x87, 0xC4, 0xBE, 0x84, 0x72, 0x6A, 0xB1, 0xE5,
    0xEB, 0xAE, 0xB3, 0x0A, 0xAF, 0x97, 0x47, 0x9F, 0xB4, 0x32, 0xD9, 0xF8, 0x32, 0x4E, 0x8B, 0xF9,
    0xF7, 0x4F, 0x65, 0x55, 0x76, 0x36, 0xE0, 0x61, 0x90, 0x22, 0x41, 0x87, 0x6B, 0x4C, 0x2C, 0xF4,
    0xE7, 0xC8, 0x6E, 0x48, 0xDB, 0x51, 0xCB, 0xF4, 0xDD, 0x82, 0x7E, 0xD0, 0xB1, 0xB1, 0xEA, 0x69,
    0x18, 0x8D, 0xE0, 0x92, 0x34, 0x73, 0xFB, 0xF5, 0x0E, 0x44, 0xDB, 0x9C, 0xFD, 0x95, 0x9B, 0xAD,
    0xCA, 0x4D, 0x8F, 0xF1, 0xD3, 0xD3, 0x4B, 0x78, 0x8B, 0x4F, 0xAF, 0x32, 0x8E, 0x17, 0xC2, 0x76,
    0x8E, 0x2B, 0x59, 0x59, 0xCD, 0x76, 0xAF, 0x89, 0x98, 0xE5, 0x91, 0x5F, 0x0D, 0x57, 0x93, 0x0C,
    0xA5, 0xCA, 0x2B, 0x73, 0x17, 0x00, 0x62, 0x58, 0x6E, 0xA6, 0x6E, 0x51, 0xF9, 0x96, 0x24, 0x5F,
    0x75, 0x28, 0xC7, 0xD4, 0x31, 0xF7, 0x23, 0x6D, 0xC1, 0xF0, 0xCC, 0x83, 0xCD, 0x1A, 0xF3, 0xC1,
    0xFC, 0xF7, 0xA8, 0xB8, 0x1E, 0x4E, 0x1F, 0x30, 0xE6, 0xC3, 0xF6, 0xFC, 0x0C, 0xA5, 0x4A, 0xC6,
    0x35, 0x9F, 0x9C, 0x53, 0x05, 0x7A, 0x70, 0x65, 0xCB, 0x2E, 0xB9, 0x19, 0x2E, 0x23, 0x19, 0x2E,
    0x62, 0x19, 0x9B, 0xB1, 0xCA, 0x64, 0x2D, 0x20, 0x93, 0xE0, 0xFA, 0x5C, 0xD6, 0x43, 0xC0, 0xD2,
    0x34, 0x24, 0x80, 0x45, 0xBA, 0xD4, 0x34, 0x56, 0xBC, 0xFD, 0x0A, 0x19, 0x7C, 0x0B, 0xC8, 0xDD,
    0x10, 0x57, 0x87, 0x8B, 0xEB, 0x68, 0x60, 0x61, 0x40, 0xAE, 0x83, 0xD2, 0xBB, 0x83, 0x0F, 0x5A,
    0xDC, 0x6F, 0x93, 0xC5, 0xC7, 0x6D, 0x5E, 0x44, 0xCD, 0xBE, 0xAE, 0x40, 0x1A, 0x3B, 0x87, 0x2E,
    0x67, 0xB7, 0x1D, 0x2A, 0xAA, 0xCF, 0x6C, 0x32, 0x57, 0x97, 0x6F, 0x7D, 0x61, 0x4E, 0x17, 0x23,
    0xEE, 0xBE, 0xF5, 0x0C, 0x69, 0x83, 0x5E, 0xF0, 0x15, 0x54, 0xFC, 0x79, 0xFF, 0xCC, 0x68, 0xC6,
    0x2C, 0xDD, 0x32, 0xC2, 0xE4, 0x2B, 0xBE, 0xC7, 0x3E, 0x49, 0x98, 0x94, 0x85, 0xA4, 0x45, 0x69,
    0x7B, 0xE2, 0x1A, 0xEB, 0x24, 0x4F, 0xFA, 0x42, 0x06, 0x42, 0x0E, 0x42, 0x16, 0x3E, 0x06, 0xE6,
    0x8A, 0xEB, 0xE0, 0x22, 0x64, 0x23, 0x5E, 0x76, 0x53, 0xEC, 0xEA, 0x06, 0x80, 0x19, 0x37, 0xB6,
    0x9E, 0x9D, 0x52, 0x60, 0x4D, 0xD7, 0x48, 0xF0, 0x10, 0xF0, 0x5F, 0xFF, 0x91, 0x5B, 0x19, 0xFA,
    0x99, 0xAB, 0xAD, 0x7E, 0x39, 0xEA, 0xE9, 0x79, 0xE0, 0xFD, 0xCD, 0x9E, 0x24, 0xFE, 0xE6, 0x5C,
    0x01, 0x2A, 0xEE, 0x41, 0x69, 0xE1, 0x92, 0x4E, 0x23, 0x14, 0x89, 0x8B, 0xF6, 0x06, 0x39, 0xF8,
    0xD3, 0x07, 0x8E, 0x4B, 0x01, 0x5C, 0xB9, 0xC0, 0xBF, 0xEC, 0xD1, 0xB5, 0x43, 0xF4, 0x6F, 0xA5,
    0x56, 0xD7, 0x84, 0x8A, 0x56, 0xE3, 0xC7, 0x74, 0xFA, 0xA9, 0x1C, 0xE4, 0x87, 0x52, 0xDE, 0x1E,
    0xCA, 0xDB, 0x0B, 0xE8, 0xA9, 0xCD, 0xB8, 0x8B, 0xB6, 0x28, 0x74, 0x8D, 0x05, 0xFF, 0x51, 0xA7,
    0x34, 0xE0, 0xD4, 0x21, 0x99, 0xF7, 0xAB, 0x0E, 0xE1, 0x44, 0x77, 0x30, 0x39, 0x71, 0x9D, 0x55,
    0x71, 0xCD, 0x9D, 0xB1, 0xD5, 0x56, 0xDE, 0xAF, 0xC7, 0x7D, 0x27, 0x5D, 0xFA, 0x62, 0x91, 0x3E,
    0xEA, 0x9A, 0xDD, 0x17, 0xF3, 0x87, 0x9A, 0x71, 0x7A, 0x7A, 0xC9, 0xF2, 0x82, 0x23, 0xCF, 0x16,
    0x3C, 0xB9, 0x86, 0xB3, 0x8F, 0x38, 0x9A, 0xA0, 0xB4, 0xCF, 0xD1, 0x2C, 0x3A, 0x9E, 0x13, 0x74,
    0x8E, 0x93, 0x13, 0x7C, 0xB3, 0x2A, 0xBA, 0x69, 0x8E, 0x36, 0xEB, 0x88, 0x2B, 0x6B, 0x7E, 0x5D,
    0x66, 0xC7, 0xB7, 0xA5, 0xD4, 0x09, 0x57, 0x91, 0xFF, 0x67, 0xDA, 0x8B, 0x25, 0xDD, 0x27, 0xD3,
    0xE6, 0xEC, 0xD9, 0xE6, 0x36, 0xC3, 0x33, 0x93, 0xD7, 0x14, 0x53, 0x5D, 0x75, 0xE3, 0xFF, 0x93,
    0xC7, 0x53, 0xD2, 0x3D, 0x27, 0x6B, 0x92, 0x02, 0x89, 0x23, 0x6D, 0x32, 0xF2, 0x2E, 0x6F, 0x5F,
    0x6B, 0xA3, 0x26, 0x02, 0x28, 0x26, 0x96, 0xE8, 0x64, 0x8A, 0x54, 0x37, 0x71, 0xB9, 0x85, 0x3B,
    0xD5, 0x24, 0xCF, 0x5D, 0xBD, 0x02, 0xFE, 0x10, 0x2E, 0x2B, 0xE7, 0x1C, 0x69, 0xA3, 0x95, 0xD7,
    0x5A, 0x9A, 0x0A, 0x64, 0x10, 0x55, 0x0A, 0x6F, 0x7C, 0x10, 0x06, 0x85, 0x6A, 0x33, 0x65, 0x3D,
    0x51, 0xF0, 0xA4, 0xF0, 0x25, 0x60, 0xD8, 0xA6, 0xBF, 0x1D, 0x5B, 0x04, 0x33, 0x67, 0x3D, 0x74,
    0x7E, 0x50, 0x68, 0xEB, 0x46, 0xBF, 0x8C, 0xCE, 0xA2, 0x06, 0x52, 0x98, 0xDA, 0x9A, 0x74, 0x79,
    0xD8, 0xAF, 0x9D, 0xE8, 0x30, 0xFE, 0x5F, 0x0A, 0x12, 0x1E, 0x7D, 0x87, 0x3D, 0x36, 0xDC, 0x2C,
    0x60, 0x9C, 0x88, 0x36, 0x82, 0xEB, 0x54, 0xD1, 0x9B, 0x5C, 0xF3, 0xC7, 0x94, 0xA5, 0x9C, 0xA7,
    0xF0, 0x6D, 0xF7, 0x51, 0x91, 0x74, 0xF1, 0x97, 0x28, 0x0A, 0x03, 0x57, 0xB0, 0x5D, 0x2D, 0x26,
    0xAC, 0x58, 0xD7, 0xC7, 0xE1, 0x80, 0x03, 0x17, 0xE3, 0x34, 0x8B, 0xC2, 0xF5, 0xCD, 0xE1, 0xA6,
    0xE5, 0x0A, 0x07, 0x2B, 0x5E, 0x6E, 0xEB, 0xC1, 0x2A, 0x95, 0x5F, 0xCC, 0x4D, 0xDF, 0x9D, 0x9F,
    0x30, 0x5A, 0xD8, 0xCC, 0x6A, 0x89, 0xFE, 0x89, 0x10, 0x8A, 0xDC, 0xED, 0x81, 0x6B, 0x3C, 0x7B,
    0x2C, 0x83, 0xB7, 0x98, 0x70, 0xA7, 0x94, 0x75, 0x8F, 0xD2, 0x0E, 0xD4, 0x5F, 0x4F, 0xA1, 0x3B,
    0xE1, 0xB6, 0x92, 0x70, 0xAB, 0x99, 0xDB, 0x5A, 0xAD, 0x70, 0x67, 0x09, 0x4F, 0x62, 0x6E, 0x7B,
    0xDA, 0x7C, 0x7D, 0x53, 0xA4, 0x1C, 0x47, 0x67, 0x0F, 0x1E, 0x5C, 0xC2, 0xDC, 0x02, 0xC9, 0x09,
    0x4D, 0xC2, 0x93, 0x76, 0xE1, 0x6E, 0xDA, 0x84, 0x2B, 0x9B, 0x88, 0x88, 0xAC, 0x4A, 0x5A, 0x46,
    0x67, 0xB4, 0x8C, 0xCE, 0x6F, 0x8A, 0x94, 0xA7, 0xA6, 0x7D, 0x46, 0xA4, 0x3C, 0x2D, 0xCD, 0x50,
    0xF5, 0xCD, 0x4F, 0x8F, 0xA5, 0x08, 0x12, 0x26, 0x65, 0x9A, 0xA5, 0xA7, 0xBE, 0x15, 0xFD, 0xB7,
    0x38, 0xA7, 0x89, 0xF7, 0x50, 0x1D, 0xD4, 0x51, 0x75, 0x7F, 0x71, 0xE2, 0xAD, 0x8B, 0xB9, 0x93,
    0x89, 0x90, 0x8B, 0x6E, 0x14, 0x8D, 0xB2, 0x3F, 0x29, 0x24, 0x9F, 0x7A, 0x02, 0xAC, 0x79, 0x92,
    0x6E, 0x39, 0x9C, 0x51, 0x41, 0x73, 0x9B, 0x99, 0x4B, 0x62, 0xCE, 0x0F, 0xA7, 0x3C, 0xEB, 0xD4,
    0xBB, 0xC7, 0x4D, 0x59, 0xE0, 0x6E, 0xA2, 0x01, 0x71, 0x5F, 0xA1, 0x50, 0xB9, 0xED, 0x0A, 0x24,
    0x81, 0x92, 0x7E, 0xE4, 0x0A, 0xD4, 0x5F, 0xF7, 0xAA, 0xC4, 0xA6, 0x08, 0x75, 0x3B, 0xC5, 0xF0,
    0x1B, 0x14, 0x68, 0xE6, 0x77, 0x68, 0xC1, 0xCC, 0xEF, 0xD9, 0xA9, 0xF4, 0x9A, 0x07, 0xD0, 0xA7,
    0x98, 0xF9, 0x7B, 0x70, 0x3B, 0x56, 0x3B, 0x6F, 0x65, 0xA8, 0x7B, 0xE4, 0x7B, 0xE3, 0x0F, 0x26,
    0x92, 0xD1, 0xF3, 0xE4, 0xE6, 0x71, 0x8A, 0x84, 0xFF, 0x62, 0xD2, 0x3D, 0x77, 0x66, 0xB9, 0x0F,
    0x99, 0xC2, 0x6D, 0x33, 0x5D, 0x28, 0x89, 0x1A, 0x78, 0x6F, 0xBD, 0x05, 0xBF, 0xE5, 0x6E, 0x2C,
    0x9C, 0x1C, 0x67, 0x56, 0xED, 0xA1, 0x2C, 0x2A, 0xAF, 0xB9, 0x22, 0x77, 0xF7, 0xC6, 0x05, 0x1A,
    0xB6, 0x38, 0x5C, 0x4D, 0xD8, 0x3E, 0xB5, 0x92, 0xF0, 0xF4, 0x74, 0xF7, 0xB9, 0x23, 0x81, 0x52,
    0x36, 0x6E, 0x9E, 0x19, 0x4D, 0xF6, 0xBD, 0xEC, 0x80, 0x1F, 0xEB, 0x7F, 0x9F, 0x5E, 0x56, 0xBF,
    0xED, 0x33, 0xE8, 0x96, 0xC0, 0xB2, 0xAE, 0x3E, 0xB5, 0x4D, 0xC6, 0x9F, 0x64, 0x54, 0x8A, 0x0A,
    0x18, 0xB6, 0xA9, 0x28, 0x22, 0x20, 0x03, 0xB5, 0x67, 0x02, 0xDF, 0x63, 0xA5, 0x4F, 0x19, 0x64,
    0xCA, 0xBA, 0x6E, 0x4A, 0xF4, 0xBF, 0xC2, 0x92, 0x78, 0x9D, 0x90, 0x97, 0x13, 0xBD, 0xB3, 0x66,
    0xB9, 0xFB, 0xE5, 0xD7, 0x5D, 0x97, 0x05, 0xEE, 0xAB, 0xE4, 0x3A, 0xD3, 0x6D, 0x14, 0xED, 0x38,
    0xF5, 0x87, 0x31, 0x67, 0x16, 0xC2, 0xFC, 0x25, 0xC1, 0x01, 0x57, 0x66, 0xDD, 0x03, 0xC7, 0x1C,
    0x9E, 0xD3, 0xB3, 0xD2, 0xCA, 0xFF, 0x50, 0x44, 0x37, 0x54, 0xB8, 0x9F, 0x0C, 0x14, 0x36, 0x36,
    0x66, 0xFF, 0x8B, 0x32, 0x1F, 0x9E, 0xD5, 0xC2, 0xF9, 0x0C, 0x7F, 0xF1, 0x62, 0xB6, 0x11, 0x88,
    0x69, 0x8A, 0x90, 0xCC, 0xF8, 0x43, 0x93, 0xB3, 0xCA, 0xEC, 0x3D, 0xAF, 0x4E, 0x74, 0xD2, 0xA0,
    0x51, 0x8E, 0x57, 0xA7, 0x8F, 0xE7, 0xA6, 0x88, 0xFF, 0x02, 0xCD, 0x5B, 0xBF, 0x8F, 0xDC, 0xF8,
    0x75, 0x7F, 0x24, 0x4F, 0x22, 0x02, 0x02, 0xA6, 0x8A, 0xD3, 0xE9, 0x84, 0xC0, 0x66, 0xE3, 0x22,
    0xC5, 0x45, 0x6C, 0x52, 0xA4, 0xD8, 0x19, 0xD2, 0x69, 0x53, 0xDC, 0x16, 0x37, 0x77, 0x85, 0x8A,
    0x4B, 0x71, 0x45, 0x80, 0x20, 0xD8, 0xC6, 0x85, 0x8B, 0xD9, 0x25, 0x1D, 0xFF, 0x01, 0x27, 0x20,
    0xB1, 0x5D, 0xDA, 0x80, 0x5D, 0x18, 0xEB, 0xC2, 0x2E, 0xAE, 0x50, 0xB1, 0xB3, 0x43, 0xD8, 0xE5,
    0x15, 0x66, 0xEC, 0x08, 0x29, 0x5C, 0x98, 0xC8, 0x49, 0xC8, 0xAF, 0xC2, 0xBC, 0x80, 0x9B, 0xE3,
    0x9E, 0x38, 0xC3, 0x7C, 0x3E, 0xEF, 0x4B, 0xCE, 0x70, 0x66, 0x67, 0x65, 0x39, 0x5A, 0x69, 0xB5,
    0x58, 0xBE, 0x99, 0x9D, 0x21, 0xBF, 0xDF, 0xF7, 0x79, 0xDF, 0xF7, 0x7D, 0x3F, 0xBF, 0x2B, 0xE2,
    0xB4, 0x0B, 0x11, 0x97, 0xC4, 0x9A, 0xBC, 0x27, 0x17, 0x7E, 0xE6, 0x31, 0xBE, 0x68, 0x41, 0x9C,
    0x36, 0xC5, 0x7D, 0xBF, 0xCF, 0x44, 0xFC, 0x5F, 0x81, 0x84, 0x1F, 0x83, 0x44, 0x5E, 0x2E, 0x32,
    0x73, 0x73, 0xB1, 0x1A, 0xB7, 0x10, 0xA7, 0x72, 0x4A, 0xF1, 0x0A, 0x10, 0x3F, 0x03, 0x09, 0x53,
    0xA7, 0x92, 0x44, 0xEC, 0x4A, 0xDA, 0xB6, 0xAD, 0x2D, 0x90, 0xC6, 0xF9, 0xF2, 0xF8, 0xB8, 0xF1,
    0x4A, 0x91, 0xC6, 0xC7, 0xD3, 0x4D, 0x88, 0x11, 0x17, 0x09, 0x26, 0x39, 0x15, 0xAF, 0x6D, 0xC4,
    0xC7, 0x75, 0x63, 0xC0, 0x83, 0xB7, 0xC4, 0xF4, 0x6D, 0x6E, 0x2F, 0xEF, 0x97, 0x4E, 0x89, 0x61,
    0x52, 0xAB, 0x02, 0x2F, 0x95, 0x58, 0x7F, 0x57, 0xE2, 0xF3, 0xD2, 0x5B, 0x7E, 0xBF, 0x8C, 0x62,
    0xA7, 0x98, 0x89, 0x9B, 0xE3, 0xE1, 0x6C, 0x21, 0x51, 0x36, 0xFF, 0x5E, 0x9B, 0x45, 0xED, 0xAF,
    0x32, 0x6F, 0xE1, 0x61, 0x02, 0x27, 0xBB, 0x07, 0x72, 0xD6, 0x10, 0x01, 0x1E, 0x95, 0x24, 0xBD,
    0x16, 0x68, 0x8F, 0x4E, 0x30, 0x03, 0xE6, 0x9F, 0xA7, 0x57, 0x07, 0xED, 0x72, 0xE6, 0xFF, 0xBA,
    0x67, 0xFE, 0x84, 0xCC, 0xD7, 0x64, 0xBE, 0x24, 0xF3, 0xF9, 0x8A, 0xF9, 0x18, 0x13, 0x26, 0xC7,
    0x3F, 0x1D, 0x32, 0x4F, 0xBE, 0xBD, 0x62, 0x07, 0xF3, 0x98, 0xE4, 0x13, 0x10, 0x97, 0xAC, 0xFB,
    0xFF, 0x44, 0xD2, 0xF0, 0xCF, 0xEA, 0x39, 0x10, 0x14, 0x97, 0x23, 0xF0, 0x31, 0xDC, 0x43, 0x11,
    0xBB, 0xE0, 0xF2, 0x10, 0x02, 0xC6, 0x5C, 0x50, 0x2E, 0x16, 0x09, 0xBF, 0x95, 0x28, 0xEE, 0x3E,
    0xB3, 0xCB, 0x8B, 0x4A, 0x79, 0xA0, 0x2A, 0xDB, 0xE6, 0x12, 0x9E, 0x1F, 0x00, 0x86, 0xD8, 0x8D,
    0x0D, 0xB6, 0x1A, 0x97, 0xB7, 0x12, 0x81, 0x04, 0x1C, 0x22, 0xE4, 0x10, 0x91, 0xF4, 0xE4, 0x68,
    0x93, 0x98, 0x2F, 0x62, 0x4C, 0x19, 0x66, 0x90, 0x8E, 0x5F, 0x80, 0x43, 0x77, 0xF9, 0x7E, 0x0B,
    0xA9, 0xB6, 0xB5, 0xC8, 0x9F, 0x2E, 0xF9, 0xB4, 0x45, 0x0E, 0x4B, 0x33, 0x28, 0x1F, 0xF8, 0x68,
    0xCD, 0x83, 0x8B, 0x1B, 0x92, 0xB6, 0x80, 0x00, 0x2A, 0xCC, 0x5B, 0xF3, 0x0E, 0xCE, 0x1A, 0x76,
    0x43, 0xF3, 0x1A, 0x0F, 0xDE, 0x87, 0xA9, 0x9B, 0xFB, 0x67, 0x49, 0xE6, 0xB6, 0x14, 0xDC, 0x63,
    0x8E, 0x50, 0xEB, 0x28, 0xFC, 0xEE, 0x43, 0xCC, 0x35, 0xE3, 0x9A, 0x5D, 0x17, 0x4E, 0x70, 0x6D,
    0x63, 0x9A, 0xE0, 0x1F, 0xAA, 0xAB, 0xC3, 0x67, 0x91, 0x4B, 0xBB, 0xEE, 0xDF, 0xED, 0xFA, 0x79,
    0x65, 0xF8, 0x46, 0xDC, 0xFD, 0xDD, 0xEB, 0x55, 0xE1, 0xFB, 0x33, 0xEB, 0x01, 0xBE, 0xE2, 0x73,
    0x3E, 0xF5, 0xD7, 0x21, 0x52, 0xD9, 0xBF, 0x16, 0x7C, 0x7E, 0xD6, 0x88, 0xF3, 0x14, 0xFA, 0x43,
    0x46, 0xDE, 0xBC, 0x22, 0x7C, 0xAA, 0x90, 0x21, 0xA5, 0xE6, 0xE9, 0x22, 0xC6, 0x43, 0x64, 0x51,
    0xFB, 0x1F, 0x90, 0x68, 0x0B, 0xDB, 0x73, 0x3A, 0x99, 0x97, 0xD2, 0x88, 0xDB, 0x80, 0xC8, 0xC2,
    0xC2, 0xAD, 0x47, 0x30, 0x07, 0x12, 0x29, 0xE1, 0xDE, 0x31, 0x04, 0x76, 0xC8, 0x98, 0xA5, 0x23,
    0x72, 0x32, 0x53, 0x3B, 0x03, 0x62, 0xD7, 0x60, 0xCA, 0x2D, 0x21, 0x82, 0x20, 0x8F, 0x68, 0xD5,
    0xA2, 0x09, 0x84, 0x16, 0xB5, 0x6D, 0x81, 0xD1, 0xFF, 0x53, 0xA7, 0x72, 0x8A, 0x9F, 0x13, 0xCE,
    0x3F, 0x53, 0x68, 0xDE, 0x2F, 0x73, 0xA5, 0x6A, 0x8E, 0x3E, 0x05, 0xFA, 0x9A, 0xC6, 0x62, 0xDE,
    0x06, 0xB1, 0xD8, 0xCB, 0x0F, 0x7F, 0x8F, 0xDB, 0x4A, 0xBB, 0x55, 0xD9, 0x02, 0x05, 0x3E, 0x9C,
    0x29, 0x38, 0x43, 0x4F, 0x14, 0xB0, 0xA1, 0x35, 0x3F, 0xA1, 0xC5, 0x8A, 0x60, 0xDA, 0x09, 0xDE,
    0xE7, 0x26, 0x7F, 0x02, 0x24, 0x58, 0xAF, 0xA7, 0x9C, 0x69, 0xFE, 0x8F, 0xA4, 0x41, 0x7B, 0x4E,
    0xD9, 0x90, 0x1D, 0x01, 0x67, 0x8D, 0x3E, 0xB6, 0xD4, 0x95, 0x49, 0x74, 0x5C, 0x30, 0xBE, 0x50,
    0xC1, 0x36, 0x6B, 0x9A, 0xC0, 0x8F, 0x05, 0xE9, 0x5C, 0xE9, 0x9D, 0xB3, 0x7D, 0xDC, 0xA3, 0x12,
    0x10, 0x2E, 0x7B, 0x22, 0x14, 0xC4, 0x02, 0x0B, 0x09, 0x65, 0x20, 0x9F, 0x2E, 0xAD, 0xB2, 0x24,
    0x99, 0x04, 0x8F, 0xEE, 0xB7, 0x3A, 0x15, 0xF9, 0xD1, 0x69, 0x15, 0x3B, 0x79, 0xD0, 0xCF, 0x97,
    0xBD, 0xCE, 0x00, 0x31, 0x60, 0xC7, 0x44, 0x6D, 0x40, 0x2B, 0x66, 0x85, 0xAC, 0x88, 0x15, 0xB0,
    0xE2, 0x1D, 0x77, 0xA4, 0x36, 0x60, 0x15, 0xAB, 0x42, 0x55, 0xA4, 0x06, 0xA8, 0xC1, 0x99, 0xB4,
    0x19, 0xC5, 0x08, 0x72, 0x7B, 0x12, 0x6F, 0xEF, 0x52, 0xAC, 0x46, 0xC3, 0xB5, 0x6E, 0xB0, 0xD6,
    0x93, 0x7D, 0x62, 0x14, 0x25, 0x5C, 0x6B, 0xB3, 0xC1, 0xB9, 0xD6, 0x6A, 0x27, 0x61, 0xCA, 0x5B,
    0x8E, 0x0C, 0xE2, 0x3D, 0xC1, 0xBD, 0x86, 0xE1, 0xEC, 0x32, 0x75, 0x9F, 0xC0, 0xDB, 0xAF, 0x47,
    0xD7, 0x28, 0xC4, 0xC5, 0x9B, 0x61, 0x20, 0x72, 0xB3, 0xA5, 0x1A, 0x97, 0x50, 0x63, 0xFA, 0xE1,
    0x19, 0xC0, 0x8F, 0x03, 0x3C, 0x89, 0xA7, 0x5A, 0x5E, 0x63, 0x0C, 0x31, 0x1E, 0xA8, 0x32, 0x3C,
    0xF3, 0x03, 0xFF, 0xFC, 0x20, 0x07, 0x1F, 0x78, 0x8E, 0x6C, 0x4D, 0x1D, 0xA8, 0xCC, 0xF8, 0x43,
    0xBA, 0x46, 0xEE, 0x0E, 0xB7, 0xBE, 0x16, 0x68, 0xCE, 0x93, 0x53, 0x0C, 0x80, 0x01, 0x93, 0x07,
    0x57, 0x07, 0x4D, 0x5D, 0xA3, 0x53, 0xED, 0x76, 0x92, 0xAF, 0x0C, 0x9A, 0x04, 0x9D, 0xBB, 0x0E,
    0xE4, 0xCA, 0xA0, 0x3D, 0x9B, 0xF9, 0x35, 0xF6, 0x33, 0x7C, 0x39, 0x60, 0x3E, 0xDF, 0xE0, 0xFB,
    0xB9, 0x98, 0xF7, 0xF8, 0xD5, 0xB7, 0xF8, 0xD5, 0x39, 0xDF, 0x71, 0x0B, 0x48, 0x12, 0xAF, 0x10,
    0x58, 0x44, 0x50, 0xAA, 0xBD, 0x1A, 0x63, 0x77, 0x45, 0xE1, 0x64, 0x92, 0x74, 0x28, 0x96, 0x1B,
    0x08, 0x62, 0x4B, 0xFC, 0xC2, 0x2B, 0x5C, 0x9A, 0x44, 0x06, 0xD3, 0xB4, 0x4B, 0xE3, 0xCE, 0xE3,
    0x44, 0xDC, 0xC5, 0xE4, 0xED, 0x90, 0x1C, 0x06, 0x97, 0x9A, 0xD4, 0x57, 0xB5, 0xCD, 0x0A, 0x98,
    0x2F, 0x4B, 0xAD, 0x9C, 0x46, 0xC4, 0x6F, 0x0C, 0x57, 0x8D, 0xA0, 0x85, 0xEB, 0x46, 0x43, 0x35,
    0x23, 0x8C, 0x31, 0x17, 0x36, 0xE2, 0x00, 0xAD, 0x21, 0x5C, 0x3D, 0xC5, 0x66, 0x88, 0xCE, 0xC1,
    0x15, 0x14, 0x2E, 0xA1, 0xE8, 0x1A, 0x1A, 0xFD, 0x04, 0x60, 0x72, 0xCD, 0xBF, 0xBD, 0xDF, 0x66,
    0x9D, 0x27, 0xD8, 0x0E, 0x01, 0x96, 0xBD, 0x8B, 0x3C, 0xEB, 0x5D, 0x24, 0xA0, 0x3E, 0xDC, 0xED,
    0x22, 0x61, 0x18, 0x22, 0xA4, 0x0A, 0x8B, 0x31, 0x73, 0x05, 0x7A, 0xC7, 0x26, 0xA1, 0x7C, 0x22,
    0x8A, 0x06, 0x1A, 0xE8, 0x54, 0x70, 0x91, 0x7E, 0x09, 0x03, 0x17, 0x95, 0x70, 0x91, 0x4F, 0x0B,
    0xB8, 0xC8, 0x7F, 0xC3, 0xC8, 0x0B, 0x1B, 0x62, 0x57, 0xE5, 0x48, 0x6A, 0xDE, 0x7A, 0x34, 0x64,
    0xE0, 0xE6, 0x12, 0xDF, 0x46, 0xED, 0x6F, 0x32, 0x69, 0xBF, 0xFF, 0x34, 0xC3, 0xE4, 0x73, 0x06,
    0xC9, 0x51, 0x8A, 0xFB, 0xC3, 0x18, 0xA1, 0x76, 0x48, 0x36, 0x94, 0xDC, 0x23, 0x19, 0x93, 0xCC,
    0x90, 0x0B, 0x58, 0x70, 0xB9, 0x35, 0xBC, 0x9E, 0x71, 0xC3, 0xC9, 0x39, 0xC3, 0xDF, 0x6F, 0x74,
    0x9A, 0x69, 0xD1, 0x70, 0x47, 0xE2, 0x63, 0x88, 0x27, 0x88, 0xFA, 0x3D, 0x35, 0xDE, 0xF3, 0x82,
    0xD3, 0xFD, 0x09, 0x63, 0xC8, 0xE0, 0x1B, 0x74, 0x37, 0x00, 0x0D, 0x69, 0x11, 0xD9, 0xAD, 0x6B,
    0x11, 0x89, 0x55, 0x42, 0xA3, 0x45, 0x79, 0xD3, 0xE5, 0xB2, 0xAE, 0x49, 0x24, 0x32, 0x95, 0x3E,
    0xFE, 0x9F, 0x5E, 0x16, 0x28, 0xBE, 0x32, 0x2D, 0x49, 0xFB, 0x11, 0xBD, 0xF4, 0x1A, 0xB5, 0xE4,
    0x95, 0xE1, 0xE5, 0x8F, 0xCD, 0xB1, 0xE8, 0x25, 0x45, 0x3F, 0x71, 0xD4, 0x8E, 0xC4, 0xDD, 0xEE,
    0x15, 0x0D, 0x99, 0xCC, 0xD7, 0x6A, 0x2B, 0x7D, 0xE9, 0xBF, 0x76, 0xE3, 0x6B, 0x94, 0x50, 0x17,
    0xE6, 0xCE, 0x35, 0x4A, 0x52, 0xAB, 0x1D, 0x7C, 0x87, 0x5F, 0xDC, 0x95, 0x1F, 0x6E, 0xF9, 0x41,
    0x1A, 0x3C, 0x06, 0x6C, 0x60, 0x64, 0xA6, 0xB4, 0x51, 0x19, 0x2A, 0xA5, 0x6D, 0x0D, 0x52, 0xCA,
    0x56, 0xB3, 0x62, 0x86, 0x48, 0x1A, 0xAA, 0xC1, 0x88, 0xC1, 0xD0, 0x61, 0x05, 0x30, 0xA3, 0xF7,
    0x5F, 0xC7, 0xC7, 0x0B, 0xF2, 0x20, 0x1A, 0xB0, 0x19, 0x8A, 0x07, 0xB1, 0x04, 0xA0, 0x58, 0x03,
    0x9B, 0xA1, 0x15, 0x1F, 0x5C, 0xD1, 0xD5, 0x84, 0x72, 0x83, 0x1C, 0xE0, 0x21, 0x9A, 0xEB, 0xA2,
    0x96, 0x9B, 0xF1, 0xDF, 0xAE, 0x39, 0x9B, 0x76, 0xB2, 0x6D, 0x4C, 0x2E, 0xC8, 0x70, 0xD4, 0x2E,
    0xE7, 0xB9, 0xFD, 0x45, 0x5B, 0x3B, 0xED, 0xF7, 0x1A, 0xA7, 0xD1, 0x4C, 0x81, 0x61, 0xF8, 0x09,
    0x66, 0x3C, 0x81, 0x29, 0x6E, 0x20, 0xF7, 0x1A, 0xD6, 0xB8, 0x0A, 0xB1, 0x79, 0x23, 0xDC, 0x3D,
    0xC6, 0x84, 0x87, 0x10, 0xD2, 0x14, 0x69, 0xF6, 0x89, 0xB8, 0xD9, 0x90, 0x91, 0x9B, 0xF3, 0xE3,
    0xE3, 0x9F, 0x9E, 0xFB, 0x44, 0xB2, 0x54, 0xBA, 0xE8, 0x30, 0x6B, 0x90, 0xAA, 0xC8, 0x15, 0x33,
    0xC2, 0x53, 0x45, 0xDB, 0x61, 0x3E, 0x9B, 0x4C, 0x4E, 0x85, 0xB5, 0x80, 0x99, 0x02, 0x18, 0x60,
    0x96, 0xE6, 0x59, 0x98, 0x29, 0xB8, 0x0E, 0x11, 0x23, 0x56, 0x06, 0xAC, 0x5A, 0x12, 0x78, 0x51,
    0x44, 0x12, 0xBF, 0x21, 0x41, 0x35, 0x82, 0x6A, 0x35, 0xF2, 0x30, 0xA8, 0x64, 0x7F, 0xE0, 0x35,
    0x19, 0xB1, 0xB6, 0xB8, 0x3E, 0x38, 0x8B, 0x35, 0xAE, 0x76, 0x3B, 0x3B, 0xAF, 0x49, 0x59, 0x9F,
    0xF0, 0xC4, 0xEB, 0x24, 0x27, 0xEA, 0x92, 0xAA, 0x59, 0x27, 0xF5, 0xEE, 0x7A, 0xEB, 0x3C, 0x5E,
    0x0D, 0xE5, 0x9D, 0xFF, 0x7D, 0xD4, 0x2E, 0x0E, 0xEF, 0x77, 0x89, 0xB0, 0xBF, 0x60, 0xC5, 0xE3,
    0x46, 0xA3, 0x2B, 0x54, 0x11, 0x11, 0xD4, 0x12, 0x50, 0xA1, 0x97, 0xD8, 0x12, 0x98, 0x0F, 0x9A,
    0x8D, 0x99, 0x80, 0x04, 0xB6, 0x34, 0xD0, 0x8C, 0x01, 0x31, 0x36, 0x56, 0xFB, 0xC6, 0x64, 0x33,
    0x15, 0x7C, 0x09, 0xAC, 0x46, 0x6D, 0x91, 0xB4, 0xF9, 0x2A, 0x60, 0x8F, 0xB0, 0x24, 0xA5, 0xDC,
    0xD9, 0xC5, 0x1B, 0x84, 0x0C, 0xF6, 0x42, 0x1D, 0x75, 0xAC, 0xFB, 0x7A, 0xAA, 0x71, 0xDB, 0x43,
    0xF1, 0xFF, 0x15, 0x21, 0x04, 0xC6, 0x62, 0x52, 0xF3, 0x12, 0x59, 0x1D, 0xD9, 0x45, 0xD8, 0x66,
    0xAC, 0x19, 0xED, 0xFF, 0xBF, 0x58, 0x7D, 0x19, 0x0B, 0x8D, 0x47, 0xF6, 0x78, 0x0B, 0x1E, 0x9B,
    0x33, 0x3B, 0x50, 0x7B, 0x5F, 0x31, 0x2D, 0x63, 0x92, 0xBE, 0x2E, 0x84, 0x08, 0xCC, 0x30, 0xEE,
    0xFF, 0x70, 0xC5, 0x9E, 0x6C, 0xB3, 0x77, 0x32, 0xD0, 0x8E, 0x5C, 0xBE, 0xA2, 0xE3, 0x62, 0x58,
    0x8C, 0xAA, 0x83, 0x4E, 0x3B, 0xEF, 0xB6, 0xE5, 0xDC, 0x5E, 0x86, 0x46, 0x54, 0x51, 0x79, 0xA7,
    0x74, 0x0A, 0x27, 0x77, 0x73, 0x2F, 0xF3, 0x33, 0x3F, 0xF5, 0xE3, 0x20, 0x0E, 0xF1, 0xE8, 0x18,
    0xAC, 0x4E, 0xBB, 0x14, 0xCF, 0x37, 0x37, 0x73, 0x02, 0xCE, 0xCD, 0x49, 0x38, 0xBF, 0x1A, 0xAE,
    0xDC, 0xBC, 0x7A, 0xDD, 0xAB, 0xFA, 0x9A, 0xA3, 0xEE, 0x75, 0xD6, 0xB9, 0x9D, 0xA6, 0xF3, 0x3C,
    0x8D, 0xE1, 0xC9, 0xAA, 0xCD, 0xAB, 0xB1, 0x9F, 0xE6, 0xF5, 0xA8, 0x0B, 0x54, 0x67, 0x30, 0x80,
    0x5A, 0x5C, 0xC4, 0xF4, 0x9C, 0x83, 0xAF, 0xC6, 0x92, 0x44, 0x94, 0x0D, 0x78, 0x0F, 0x1F, 0xB5,
    0xCA, 0x16, 0x8B, 0xBF, 0x64, 0xCB, 0x6E, 0x1F, 0x68, 0xD4, 0x3C, 0x82, 0x69, 0x6F, 0xF5, 0x1A,
    0xF5, 0x7E, 0xA8, 0x57, 0x73, 0xBB, 0x8C, 0x4A, 0x9B, 0x38, 0x89, 0x54, 0xB1, 0x12, 0xAD, 0xE2,
    0x25, 0xE2, 0xD4, 0xA0, 0x26, 0x6E, 0x22, 0x27, 0xF6, 0xB1, 0x0E, 0x42, 0x09, 0x74, 0xF6, 0x16,
    0x3C, 0x5B, 0xF7, 0xA1, 0x7E, 0xC8, 0xEB, 0x5D, 0x2D, 0x10, 0x75, 0x19, 0x94, 0x56, 0x37, 0x91,
    0xA7, 0x28, 0x2C, 0x3F, 0xDD, 0x19, 0x8B, 0xA8, 0x2C, 0x8C, 0x24, 0x8C, 0x1C, 0x3A, 0x1A, 0xC9,
    0x9A, 0x9A, 0x08, 0x73, 0x26, 0x7D, 0x0C, 0xBF, 0x41, 0x35, 0xA0, 0x37, 0xC1, 0xBC, 0x0A, 0xE7,
    0xAE, 0x52, 0x23, 0xA0, 0x71, 0x57, 0x6A, 0x0C, 0xA9, 0x91, 0x14, 0x0D, 0x7C, 0x3A, 0x75, 0xC7,
    0x6A, 0x4D, 0xDE, 0xA8, 0x0B, 0x73, 0x5A, 0xD1, 0xC5, 0x6C, 0x48, 0x65, 0x10, 0x8F, 0x1F, 0xF6,
    0x3E, 0xDB, 0xCC, 0x56, 0x1B, 0xB5, 0x36, 0xFE, 0xA5, 0x4B, 0x9B, 0xCA, 0xAE, 0xB4, 0x60, 0xDC,
    0xBA, 0xAB, 0xE1, 0x4E, 0x36, 0xA8, 0x2F, 0x68, 0xED, 0xC4, 0x60, 0xB9, 0xAD, 0xE1, 0x61, 0xB3,
    0xF2, 0xBB, 0x5A, 0xA4, 0x01, 0x3E, 0x7B, 0x41, 0x7C, 0xBE, 0xAE, 0x6D, 0xA4, 0x2B, 0xDA, 0x12,
    0x99, 0xA3, 0x01, 0x76, 0x50, 0x90, 0x32, 0xB9, 0x70, 0x3E, 0x27, 0xF7, 0xCE, 0x53, 0x52, 0x97,
    0x85, 0x0C, 0x58, 0x1B, 0xE6, 0x8A, 0x7E, 0x13, 0x50, 0x13, 0x4B, 0x5F, 0x15, 0x9E, 0x71, 0x4D,
    0x90, 0x6A, 0x25, 0x26, 0xB6, 0x8C, 0x5A, 0x2D, 0x94, 0x26, 0x4A, 0x23, 0x4E, 0x28, 0x41, 0xB6,
    0xB9, 0x0E, 0x26, 0x40, 0xD3, 0x68, 0xA5, 0xA3, 0x5A, 0xA5, 0xEE, 0xD2, 0xD0, 0xFA, 0x72, 0x17,
    0x6B, 0x35, 0x76, 0xE9, 0x42, 0x77, 0xC2, 0xCC, 0xC9, 0x4F, 0xC5, 0xFD, 0x75, 0x2D, 0xDE, 0xA7,
    0x05, 0xE4, 0x9C, 0x76, 0x57, 0x26, 0xC1, 0x6F, 0x0A, 0x09, 0x6D, 0xBA, 0xB5, 0x1A, 0x32, 0x3D,
    0x81, 0x48, 0xC7, 0x18, 0x2A, 0xC4, 0xBB, 0x81, 0x4E, 0x8C, 0xBA, 0xB9, 0x78, 0xDD, 0x33, 0xF3,
    0x50, 0xA6, 0x1C, 0xDF, 0x79, 0xA1, 0xF1, 0xDF, 0x31, 0xAA, 0xC3, 0xA8, 0x84, 0xFB, 0xF1, 0xE6,
    0x66, 0x30, 0xB3, 0x6D, 0x03, 0xAC, 0xDA, 0xE8, 0x12, 0x2F, 0x2E, 0x2C, 0x2F, 0x6A, 0xD2, 0xD0,
    0x94, 0x5C, 0x30, 0x27, 0xC7, 0xC7, 0x3F, 0x61, 0x42, 0x68, 0xF2, 0xC1, 0x6F, 0x71, 0x1C, 0xED,
    0x0E, 0x40, 0x15, 0xD7, 0xB1, 0xC9, 0x89, 0x0E, 0x5F, 0x77, 0x3E, 0x6F, 0xE5, 0xF6, 0x9E, 0x61,
    0xAC, 0xA3, 0x7D, 0x9A, 0xF5, 0xA0, 0x7C, 0x49, 0x7C, 0x0E, 0xE4, 0x4E, 0x79, 0x7F, 0x0D, 0xD7,
    0x9F, 0x8B, 0x36, 0x12, 0x7A, 0x35, 0x1E, 0x3A, 0xE3, 0x70, 0xD3, 0x4C, 0xF7, 0x68, 0xB6, 0x9D,
    0xF8, 0x19, 0xBB, 0x0F, 0x56, 0xDB, 0x8D, 0x6D, 0x17, 0x5A, 0xAC, 0x2E, 0x59, 0xF8, 0x77, 0xB3,
    0x2E, 0xBB, 0x87, 0x5A, 0x1D, 0x11, 0xEA, 0x8C, 0x4B, 0xDD, 0x70, 0x79, 0x1A, 0xF9, 0x4B, 0xE2,
    0xB9, 0xD5, 0x95, 0x22, 0xD6, 0x69, 0x39, 0x89, 0xDA, 0xD2, 0xE7, 0x29, 0x45, 0x00, 0xDC, 0x30,
    0x2D, 0x9F, 0x7E, 0x55, 0x4E, 0x46, 0xD2, 0x4C, 0xA5, 0xFE, 0xB9, 0x55, 0x15, 0x76, 0x19, 0xBF,
    0x04, 0x91, 0xFB, 0xA9, 0x5B, 0x84, 0xB9, 0x97, 0x87, 0xB9, 0x9A, 0xCA, 0x3F, 0x24, 0xF2, 0x67,
    0x69, 0x41, 0xE5, 0xFD, 0xA2, 0xF1, 0xF1, 0x9B, 0x56, 0x97, 0xB2, 0xA4, 0x80, 0x77, 0x97, 0xB8,
    0xD9, 0xF0, 0xA0, 0xDD, 0x99, 0x45, 0xF8, 0x9A, 0x81, 0xBF, 0x56, 0x5E, 0x68, 0x54, 0x24, 0xA4,
    0x38, 0x59, 0x89, 0x95, 0x1F, 0x5D, 0x2A, 0x53, 0x84, 0xE4, 0x8C, 0x32, 0x5B, 0x92, 0xA5, 0xCE,
    0x3A, 0xDA, 0x58, 0x65, 0x36, 0xA2, 0xCA, 0xD4, 0x7E, 0x9A, 0x61, 0x71, 0xBD, 0x4A, 0x92, 0x9C,
    0xCE, 0xF8, 0x5D, 0x23, 0xC0, 0x95, 0x76, 0x3C, 0xE0, 0x54, 0x9E, 0x29, 0x49, 0x94, 0xBD, 0x31,
    0x16, 0x8D, 0xF4, 0x7B, 0x3B, 0xFE, 0xF5, 0xED, 0xA2, 0x5A, 0x4E, 0x56, 0x92, 0x82, 0xBC, 0x80,
    0x45, 0xDC, 0xBA, 0xAC, 0x34, 0x99, 0xA8, 0x35, 0x99, 0x68, 0x34, 0x99, 0x38, 0xD1, 0x64, 0xE2,
    0x48, 0x93, 0x89, 0x48, 0x29, 0xFD, 0x90, 0x5B, 0x04, 0xE9, 0x11, 0x0B, 0xF8, 0x19, 0xCC, 0x26,
    0xBC, 0x15, 0x43, 0x6A, 0xB7, 0x20, 0x75, 0x3E, 0x67, 0x32, 0x61, 0x7F, 0xCE, 0xC0, 0xDA, 0xFA,
    0x5F, 0x0D, 0xAC, 0x5B, 0x0D, 0xA9, 0xE7, 0x4A, 0x13, 0x4D, 0x26, 0x22, 0xE5, 0xEA, 0x96, 0xB1,
    0x63, 0xB4, 0x94, 0x5A, 0x9D, 0x5F, 0x31, 0x66, 0x17, 0xF3, 0xDC, 0xF9, 0xF7, 0x55, 0x98, 0x7D,
    0x02, 0x8B, 0xCA, 0x62, 0xD3, 0x74, 0x23, 0xCC, 0x8E, 0x35, 0xCC, 0xAE, 0xFA, 0x30, 0x7B, 0xB4,
    0x91, 0x38, 0x5C, 0x33, 0xB2, 0x41, 0x63, 0x26, 0xBB, 0x60, 0xD7, 0xB3, 0xB5, 0x5D, 0x7F, 0x78,
    0x25, 0x68, 0xF9, 0xF3, 0xF6, 0xC0, 0x96, 0x8C, 0x8C, 0xFD, 0x76, 0x8B, 0x95, 0x73, 0xC9, 0xB8,
    0x8F, 0xEC, 0x2F, 0x8A, 0xBE, 0x51, 0xBC, 0xEA, 0xAB, 0xBC, 0x26, 0xBA, 0xE0, 0xB0, 0x88, 0x27,
    0x5F, 0x72, 0xAF, 0x44, 0xC3, 0x22, 0x1E, 0x45, 0x23, 0x94, 0x8D, 0x50, 0x38, 0x42, 0xE9, 0xB0,
    0xC7, 0x70, 0x48, 0x2E, 0xA7, 0x64, 0x4F, 0x7D, 0x4C, 0x43, 0x3B, 0x52, 0x73, 0x23, 0x20, 0x5B,
    0x31, 0xBD, 0x01, 0x6C, 0x6D, 0x8A, 0x49, 0x28, 0x27, 0xA1, 0xA0, 0x44, 0x25, 0x35, 0xEA, 0x4D,
    0xAE, 0x21, 0x7B, 0x2B, 0xF2, 0x0E, 0x67, 0x7A, 0xC7, 0x1E, 0xCE, 0x34, 0x5B, 0xCD, 0x74, 0x38,
    0x9C, 0x29, 0x35, 0x33, 0xD5, 0x3B, 0x67, 0x3A, 0xA4, 0xF1, 0x7E, 0xF9, 0x1A, 0x58, 0xFD, 0x61,
    0x0D, 0xD4, 0x08, 0xC8, 0xD8, 0x17, 0xEB, 0x40, 0x4B, 0x22, 0x5A, 0x9B, 0x73, 0x17, 0x7F, 0x94,
    0xBE, 0x95, 0xBB, 0xF5, 0x8D, 0x83, 0xE3, 0x4E, 0xEB, 0x20, 0xD6, 0x6E, 0xB7, 0x76, 0x21, 0x98,
    0x26, 0xB2, 0xEC, 0x4B, 0xBA, 0xA3, 0xED, 0xB2, 0xEA, 0x20, 0x9A, 0x4A, 0x90, 0xE9, 0x21, 0x22,
    0xCA, 0xB2, 0x16, 0x9A, 0xA0, 0xCC, 0xB5, 0x9F, 0x14, 0x29, 0xC3, 0x61, 0x4C, 0x2B, 0x1B, 0xA4,
    0x34, 0xB3, 0x41, 0x1A, 0x49, 0x4F, 0xC3, 0xD8, 0xD0, 0x23, 0x35, 0x68, 0xC6, 0x43, 0x44, 0xEA,
    0x1B, 0x10, 0x52, 0x21, 0xBE, 0x40, 0x48, 0x05, 0xFB, 0xE7, 0x17, 0x0C, 0x37, 0x1D, 0xF6, 0x14,
    0x19, 0x82, 0x93, 0x35, 0xD3, 0x35, 0xDD, 0xD5, 0x8F, 0x59, 0xB7, 0x15, 0x6B, 0xCC, 0xCF, 0x16,
    0xDE, 0x21, 0x90, 0x8F, 0x69, 0xFA, 0x79, 0xD1, 0xD9, 0xB2, 0xED, 0x84, 0xAB, 0x81, 0x24, 0xAA,
    0x30, 0xF5, 0x4A, 0xB6, 0x15, 0x9D, 0x55, 0x5B, 0xF1, 0xAE, 0xFC, 0x0D, 0x79, 0xFA, 0x2B, 0x2D,
    0x65, 0xB5, 0xEA, 0xB8, 0x55, 0xCE, 0x5B, 0x45, 0xD0, 0xEB, 0xC6, 0xBE, 0xAB, 0x61, 0xF3, 0xC2,
    0xD8, 0xE5, 0x9B, 0x7B, 0x1A, 0xFF, 0xEB, 0x19, 0x8A, 0xCF, 0xB8, 0x77, 0x83, 0x77, 0xD3, 0xD7,
    0x6F, 0xDD, 0xC5, 0x67, 0xA5, 0x2F, 0xE2, 0xA8, 0x0D, 0xCC, 0xA0, 0xF3, 0xEB, 0x8B, 0x65, 0x7B,
    0xCD, 0x9A, 0x20, 0x0B, 0xB6, 0x0A, 0x6A, 0x72, 0xA4, 0x15, 0xA2, 0x43, 0xEE, 0xF3, 0xB1, 0x89,
    0x03, 0x94, 0x68, 0xEC, 0xD5, 0xB7, 0x21, 0x99, 0xF4, 0xD9, 0xEC, 0x40, 0x72, 0x6E, 0xC8, 0x45,
    0x1C, 0x53, 0xCF, 0x7B, 0xDC, 0x55, 0x3C, 0x5B, 0xB6, 0x59, 0x81, 0xB9, 0xD0, 0x37, 0x80, 0x7D,
    0x7E, 0x36, 0xC1, 0xB6, 0x68, 0xC5, 0x6E, 0xFB, 0xA3, 0x04, 0x9A, 0x83, 0x28, 0xFE, 0x3E, 0x16,
    0x08, 0xFB, 0xC8, 0x4A, 0xDF, 0x68, 0x1B, 0xEA, 0x11, 0x1E, 0x8A, 0x4C, 0xDB, 0x36, 0xEB, 0xDF,
    0xA4, 0x72, 0x34, 0xEC, 0xAF, 0xAF, 0xDE, 0xAC, 0x5A, 0xEC, 0xCB, 0xEE, 0x8D, 0x86, 0x20, 0xDA,
    0x6A, 0xD7, 0x88, 0x93, 0x32, 0x6A, 0x0C, 0xE0, 0xF7, 0xDB, 0x05, 0xFB, 0x32, 0xAC, 0x53, 0xB6,
    0xEC, 0xBC, 0x50, 0x58, 0xCA, 0x29, 0x0F, 0x71, 0xB0, 0xB4, 0x91, 0xB4, 0xF9, 0xBC, 0xCD, 0xAD,
    0xE5, 0xFD, 0x2F, 0x16, 0xDA, 0x73, 0xC7, 0xE2, 0x51, 0x47, 0x92, 0x58, 0xA6, 0x2A, 0x16, 0x39,
    0x8C, 0xB4, 0xCB, 0xB3, 0xE8, 0x5E, 0xF8, 0x89, 0x69, 0x84, 0x9D, 0x98, 0xDC, 0xAD, 0x51, 0x16,
    0x1C, 0x3D, 0x12, 0x92, 0xFA, 0x6D, 0xEC, 0xC6, 0xFE, 0x93, 0xF9, 0x0F, 0x9E, 0x68, 0x53, 0xDE,
    0xF4, 0xE5, 0x8B, 0x4E, 0x5A, 0xFE, 0x2A, 0x44, 0x59, 0xAC, 0x1A, 0x62, 0x5B, 0xCD, 0xA4, 0x73,
    0xED, 0xCF, 0xE7, 0x72, 0x3A, 0x39, 0xE0, 0xEA, 0x20, 0x31, 0xC3, 0x46, 0xAE, 0x99, 0xF8, 0xD6,
    0xB8, 0x5F, 0x89, 0x39, 0xD5, 0x54, 0x3A, 0x67, 0x93, 0x39, 0xA6, 0x60, 0xA9, 0xB3, 0x45, 0x9A,
    0xE9, 0x67, 0x09, 0x45, 0x0B, 0x51, 0xFA, 0x19, 0x14, 0x25, 0x48, 0x59, 0x7E, 0x8D, 0xDD, 0xD2,
    0xF4, 0x8F, 0x23, 0x41, 0x82, 0x36, 0xE6, 0xBC, 0xA6, 0x07, 0x4E, 0xC7, 0x13, 0xF2, 0xA4, 0x10,
    0x46, 0x76, 0xFB, 0x82, 0x72, 0x71, 0xE0, 0x7C, 0xB6, 0x74, 0xDA, 0xC7, 0xCE, 0x42, 0x8F, 0x0A,
    0x15, 0x1A, 0xBB, 0x0E, 0x02, 0xF3, 0xA8, 0x0F, 0xD9, 0x4C, 0x80, 0xF9, 0x0A, 0xB9, 0x5D, 0x67,
    0xF1, 0x71, 0x1F, 0x58, 0x98, 0xF4, 0xB7, 0x3B, 0x05, 0xD3, 0x15, 0x7E, 0xBC, 0x6F, 0xC3, 0x79,
    0x7D, 0x0C, 0xC7, 0xC3, 0x19, 0x2A, 0xD3, 0xBD, 0x63, 0x2D, 0x67, 0x78, 0x72, 0xE2, 0x70, 0x33,
    0xB7, 0x94, 0xCA, 0x1C, 0x74, 0x19, 0xB6, 0x62, 0x19, 0xBE, 0xF0, 0x90, 0x13, 0xEB, 0xEA, 0x7C,
    0xCF, 0x94, 0xD5, 0xA4, 0xED, 0x27, 0x1A, 0xBE, 0x51, 0xFB, 0xBC, 0x6A, 0x47, 0x27, 0xF0, 0x15,
    0x89, 0x83, 0xEA, 0x19, 0x9D, 0x8A, 0x42, 0xEC, 0x58, 0xC0, 0xDA, 0x09, 0x16, 0x0F, 0x7B, 0xF3,
    0xB1, 0x38, 0x0B, 0x3D, 0xEA, 0xA5, 0xD5, 0xE0, 0x55, 0x8A, 0x96, 0x9A, 0xE2, 0x40, 0x38, 0x90,
    0xC4, 0x68, 0x90, 0x69, 0xF7, 0x86, 0xBC, 0xEE, 0x5B, 0xD3, 0x1A, 0x4E, 0x87, 0x17, 0x2D, 0x9C,
    0x9A, 0x1A, 0x5A, 0x1D, 0x67, 0x79, 0x7F, 0xC9, 0x7D, 0x96, 0xC4, 0x18, 0xFF, 0x4D, 0x93, 0x2F,
    0x98, 0x28, 0xBF, 0xE8, 0x0D, 0x8D, 0xD5, 0x1D, 0xC3, 0xE0, 0x50, 0x73, 0xED, 0x84, 0x2E, 0x57,
    0xC5, 0xFF, 0x88, 0x1A, 0x18, 0xF1, 0xA8, 0x1A, 0x6C, 0x5C, 0x0A, 0x7C, 0x01, 0xED, 0xA5, 0x31,
    0x9D, 0x07, 0x7A, 0x8C, 0xC2, 0x8B, 0x8D, 0x85, 0x48, 0x4C, 0x46, 0x64, 0xAD, 0x0D, 0xBA, 0x24,
    0x8F, 0x59, 0xF6, 0x16, 0x1F, 0x7B, 0x2C, 0x48, 0xBD, 0x34, 0xE8, 0xEE, 0xF4, 0xCF, 0xD9, 0xB6,
    0x7C, 0x4C, 0x26, 0xBB, 0x76, 0xB0, 0x9F, 0xBD, 0x8D, 0xEB, 0x88, 0xF6, 0xF5, 0xC9, 0x3C, 0x66,
    0x4D, 0xC6, 0x52, 0x5B, 0xA4, 0xF5, 0x80, 0x84, 0x4B, 0x7C, 0xA6, 0x31, 0xF9, 0xEC, 0xFA, 0x70,
    0x12, 0x9B, 0xD7, 0x76, 0x07, 0x6C, 0xAE, 0x08, 0xDF, 0x8B, 0x31, 0xBF, 0x78, 0x7E, 0xE6, 0xBF,
    0xA2, 0x56, 0x37, 0xEF, 0x0F, 0x8B, 0xF1, 0xDC, 0x9D, 0xB4, 0xE9, 0x73, 0xC1, 0x28, 0x9E, 0x0D,
    0x83, 0xDF, 0xFF, 0x85, 0x98, 0xA3, 0x51, 0xD8, 0x7F, 0x16, 0xB4, 0xC1, 0xE9, 0x8B, 0xDD, 0x76,
    0x7A, 0x97, 0x59, 0x1F, 0x77, 0xB0, 0x89, 0xC5, 0x38, 0xE3, 0x8D, 0xEB, 0x59, 0xBE, 0x31, 0x82,
    0x5F, 0xFF, 0x67, 0xB1, 0x39, 0x47, 0x16, 0x5F, 0xC9, 0xF2, 0x25, 0x74, 0x4F, 0x73, 0x90, 0xFC,
    0xF6, 0x07, 0x67, 0x70, 0x8A, 0x83, 0x54, 0x7A, 0x47, 0x8D, 0x62, 0x9D, 0xA8, 0xEF, 0x3A, 0x90,
    0x36, 0x5B, 0x15, 0x14, 0x77, 0x1D, 0xC6, 0xC8, 0xCC, 0xA1, 0xD0, 0xBE, 0xC8, 0x3D, 0xED, 0x0E,
    0x3D, 0xF4, 0xAD, 0xC1, 0x78, 0x65, 0xFD, 0x9D, 0xB6, 0x41, 0x44, 0x69, 0x25, 0xEF, 0x6D, 0x97,
    0x65, 0xEA, 0x41, 0x59, 0xA6, 0x34, 0x65, 0x99, 0xD8, 0x6A, 0xC5, 0x49, 0xB5, 0xC6, 0xF8, 0x50,
    0x6E, 0x7D, 0xC2, 0x2C, 0x5E, 0x2D, 0xF7, 0xB7, 0x59, 0x18, 0xFB, 0xEF, 0x5C, 0xBA, 0xB2, 0xCD,
    0x46, 0x5E, 0xF6, 0xCA, 0x20, 0x63, 0xAC, 0x75, 0xED, 0xEF, 0x23, 0x84, 0x75, 0xCD, 0x37, 0x01,
    0x62, 0xDF, 0x1C, 0x2A, 0x43, 0xDC, 0xC1, 0x13, 0x55, 0x77, 0xCE, 0x62, 0x2D, 0x09, 0x6A, 0x65,
    0x7F, 0x60, 0x3F, 0xB7, 0x6D, 0xA8, 0x5E, 0xFB, 0xDA, 0x16, 0xD1, 0xBA, 0xC9, 0x33, 0x40, 0x5C,
    0x2C, 0x2B, 0x69, 0x60, 0xE0, 0xE9, 0xF9, 0xED, 0xE4, 0xBD, 0x3F, 0x16, 0xC4, 0xDD, 0x75, 0x85,
    0xCC, 0x6F, 0xCB, 0xA0, 0x2D, 0x6F, 0x2C, 0xF6, 0xCD, 0x52, 0xBC, 0x75, 0x16, 0x03, 0xC2, 0xBC,
    0x4D, 0x37, 0xEA, 0x4F, 0xF8, 0xFD, 0x17, 0xF6, 0xC4, 0xDC, 0x46, 0x37, 0x0A, 0x2D, 0x7D, 0xF2,
    0xA4, 0xD2, 0xF0, 0xB1, 0x54, 0xDF, 0xB1, 0x33, 0x9A, 0x5D, 0x35, 0x1C, 0xB7, 0x9A, 0xAC, 0xE6,
    0x54, 0x5C, 0x41, 0x4E, 0x77, 0x36, 0x1C, 0x4D, 0x93, 0xD5, 0xBE, 0xA4, 0xE1, 0x88, 0x9B, 0x4D,
    0x87, 0x02, 0xCE, 0x0E, 0x1B, 0x17, 0x21, 0x1B, 0xD4, 0x21, 0xF8, 0xF2, 0x67, 0x7A, 0x90, 0x4C,
    0xB7, 0xF3, 0x5C, 0xB7, 0x5F, 0x80, 0x0C, 0x66, 0xDE, 0x56, 0x32, 0x59, 0xA7, 0x58, 0x5E, 0xA6,
    0x0D, 0x48, 0x56, 0xF8, 0x91, 0xB7, 0x59, 0x55, 0x00, 0xCD, 0x0B, 0x35, 0xA3, 0x74, 0x0A, 0xE4,
    0x6E, 0xF9, 0xA1, 0xE6, 0x6D, 0x5E, 0x86, 0x20, 0x00, 0x57, 0x98, 0x9E, 0xC8, 0x3C, 0x4E, 0x3E,
    0x68, 0xE3, 0xA8, 0xFD, 0x9D, 0x78, 0x8B, 0x40, 0xF5, 0x2C, 0xEF, 0x5A, 0x38, 0x97, 0xE6, 0x6E,
    0xD7, 0x8B, 0x9A, 0xC9, 0x25, 0x53, 0xCB, 0xDB, 0x57, 0x89, 0xFA, 0xEB, 0xEA, 0x3B, 0x47, 0xA6,
    0x4B, 0xA4, 0xE6, 0xD9, 0x57, 0x1B, 0xBF, 0x75, 0xEC, 0xF5, 0xDA, 0xB1, 0xBF, 0x5F, 0x6A, 0x6A,
    0x69, 0xAF, 0x9B, 0x9A, 0x2F, 0x8E, 0xDD, 0x60, 0x74, 0x14, 0xAF, 0x1E, 0xF8, 0x35, 0x59, 0x92,
    0x7C, 0x4D, 0x8F, 0x41, 0xF8, 0x3C, 0xC2, 0xAD, 0xEE, 0xB7, 0x3B, 0xAB, 0xF5, 0xFA, 0x48, 0x83,
    0x26, 0x80, 0xA5, 0x0C, 0xF7, 0xB7, 0x48, 0x6A, 0x60, 0xA9, 0xBD, 0xEF, 0x64, 0xFA, 0x4F, 0x03,
    0x6A, 0x3D, 0x6F, 0x5D, 0x95, 0x74, 0x4A, 0xFE, 0x9B, 0x80, 0xF3, 0x3F, 0x1A, 0xF1, 0x7D, 0x4A,
    0xFD, 0x18, 0x85, 0xF2, 0xFA, 0xED, 0x0A, 0xF9, 0x64, 0x0F, 0x63, 0x34, 0xE2, 0x7D, 0x56, 0x4A,
    0xB8, 0xD9, 0xDF, 0x7B, 0x61, 0x19, 0xBC, 0x7C, 0x64, 0x61, 0x8F, 0xCC, 0x1F, 0x22, 0x3B, 0x30,
    0x56, 0x2E, 0x5E, 0x9F, 0x9F, 0x7A, 0x68, 0xFA, 0xCB, 0x99, 0x39, 0x98, 0xB7, 0x89, 0xAD, 0xBA,
    0x04, 0x5B, 0xB6, 0x03, 0x1B, 0xF6, 0xF8, 0x0F, 0xC4, 0x3B, 0x7F, 0x1B, 0x2E, 0x23, 0x33, 0x61,
    0x34, 0xAC, 0xBF, 0xF6, 0x48, 0x8D, 0xAF, 0x7F, 0x63, 0xFD, 0x7F, 0x34, 0x0C, 0x48, 0x4C, 0xFD,
    0xEC, 0x97, 0xA5, 0x71, 0x2C, 0x3F, 0xBE, 0x70, 0x20, 0x95, 0xE5, 0x0B, 0xA7, 0x8A, 0x58, 0x29,
    0xF4, 0x30, 0x35, 0x7C, 0x88, 0x9F, 0x47, 0x1C, 0x2E, 0xC8, 0x22, 0x09, 0x4E, 0x80, 0x30, 0x92,
    0x70, 0x0F, 0x61, 0x7A, 0x24, 0xA3, 0x3D, 0x24, 0xE4, 0x91, 0x9C, 0xEC, 0x59, 0x2C, 0x1A, 0xD4,
    0x7B, 0x90, 0x4E, 0x64, 0x95, 0x7B, 0x14, 0x89, 0x53, 0x8C, 0x20, 0xC6, 0xD0, 0xCD, 0x47, 0x4C,
    0x6D, 0xFC, 0x6C, 0x04, 0x91, 0x84, 0x7E, 0x3C, 0xA2, 0x7C, 0x0E, 0x64, 0x94, 0x68, 0x5A, 0x35,
    0xC2, 0x36, 0x45, 0xDE, 0x3E, 0x66, 0xAB, 0xBA, 0xEE, 0xFD, 0x6A, 0x54, 0x9A, 0x17, 0x73, 0x1A,
    0x33, 0x32, 0x45, 0x65, 0xA5, 0x73, 0xE3, 0x60, 0xB7, 0x82, 0xF7, 0x13, 0xB0, 0x12, 0x50, 0x16,
    0x60, 0x61, 0x0A, 0xB1, 0x1F, 0xC9, 0xD4, 0x6E, 0xD9, 0xAD, 0x73, 0x7E, 0x07, 0x1F, 0x79, 0xE8,
    0x7D, 0x8C, 0x70, 0x65, 0xE4, 0xBF, 0x0B, 0x07, 0x39, 0x0A, 0x7D, 0xAC, 0xD3, 0x68, 0xE4, 0x43,
    0xC8, 0xA3, 0xA9, 0x7F, 0x80, 0x6C, 0xBF, 0xF2, 0xD8, 0xBB, 0x2C, 0x3D, 0xF6, 0x31, 0x73, 0xD6,
    0x12, 0xC2, 0xCC, 0xD3, 0x93, 0xE6, 0x6C, 0x38, 0x84, 0x5D, 0xAA, 0xFC, 0x46, 0x2F, 0x3E, 0x15,
    0x9E, 0x8A, 0x6E, 0x53, 0x70, 0x54, 0x83, 0x0A, 0x7A, 0xE1, 0x17, 0x01, 0xD7, 0x9E, 0xD5, 0x04,
    0x2E, 0x26, 0x1C, 0x70, 0x8E, 0xE4, 0xCA, 0x29, 0x3D, 0xFE, 0x77, 0x0F, 0x04, 0x60, 0x55, 0x4C,
    0x6E, 0x6B, 0x1A, 0x27, 0xAD, 0xE3, 0x24, 0x45, 0x77, 0xEE, 0x68, 0x3B, 0x1C, 0x38, 0xBD, 0x18,
    0x13, 0x98, 0x76, 0xB4, 0x91, 0xC4, 0x69, 0xB9, 0x2D, 0x07, 0x60, 0x0C, 0x52, 0x2D, 0xDB, 0x82,
    0x1C, 0x31, 0xCB, 0x65, 0xBC, 0x46, 0x05, 0xAF, 0xA9, 0xD9, 0x9A, 0xC7, 0x52, 0xB7, 0x64, 0xCA,
    0x10, 0x6A, 0xCA, 0x99, 0xF6, 0x98, 0x07, 0x8E, 0x38, 0x2A, 0x25, 0x2E, 0x61, 0x21, 0x83, 0x32,
    0x8D, 0x49, 0x05, 0x99, 0x04, 0xBF, 0xD5, 0xF4, 0x92, 0x37, 0x81, 0xFE, 0x3D, 0x66, 0xD0, 0x11,
    0xDB, 0xBF, 0xF7, 0x86, 0xA7, 0x2F, 0x5E, 0xB9, 0x20, 0xCC, 0x29, 0xB8, 0xAE, 0x17, 0x60, 0xF4,
    0xC3, 0xB4, 0xF3, 0x3F, 0xDA, 0xE2, 0x29, 0x6C, 0xCD, 0x29, 0x1C, 0x56, 0x97, 0x6E, 0x4F, 0x26,
    0x5A, 0xC5, 0x34, 0x2E, 0xC7, 0x1C, 0x32, 0x0F, 0x74, 0x04, 0x3D, 0x62, 0x6B, 0x5D, 0xF2, 0xB1,
    0xFA, 0x0B, 0x0D, 0xA6, 0x34, 0xF0, 0xEB, 0x58, 0xD5, 0x5C, 0x85, 0xDB, 0x84, 0xFB, 0xC9, 0x7C,
    0xFC, 0x88, 0xD1, 0x4B, 0xA2, 0x13, 0x1A, 0xDA, 0xD9, 0xEE, 0xAE, 0xB3, 0xC7, 0x24, 0x7B, 0x3C,
    0x38, 0xB1, 0x82, 0xA4, 0x81, 0x25, 0x81, 0xC9, 0xFB, 0x8D, 0xC9, 0xC2, 0xF9, 0x3D, 0x6B, 0x63,
    0x8B, 0xCB, 0xFF, 0xFC, 0xEE, 0x04, 0x01, 0x1F, 0x23, 0x3E, 0x1D, 0xDC, 0x18, 0x92, 0x53, 0xB9,
    0xFC, 0x50, 0xE6, 0x35, 0xA3, 0xDF, 0x71, 0xE8, 0xFC, 0x85, 0x51, 0x6B, 0x66, 0x61, 0x52, 0x8B,
    0xBE, 0x25, 0xFC, 0xE6, 0x6B, 0x85, 0x7A, 0x70, 0x72, 0x3B, 0xDA, 0x70, 0x5E, 0x84, 0xAE, 0xD8,
    0x0D, 0xF8, 0x41, 0xE5, 0x65, 0xF5, 0x7F, 0x74, 0xCF, 0xFE, 0xE8, 0xBB, 0x66, 0xAA, 0x4C, 0xBA,
    0xF5, 0xDF, 0x97, 0x40, 0xED, 0xE6, 0xE9, 0xBA, 0xA1, 0x9A, 0x94, 0xFC, 0xBD, 0x73, 0xC9, 0xC1,
    0xB7, 0xAD, 0x5E, 0x3B, 0x7E, 0xFF, 0x0F, 0xE5, 0x58, 0x3D, 0x8F, 0xDC, 0xD6, 0x15, 0xBD, 0x24,
    0x2D, 0xB1, 0x60, 0x41, 0x17, 0x16, 0x10, 0x43, 0x05, 0x53, 0xA4, 0x70, 0x8A, 0x88, 0x7F, 0x20,
    0x5A, 0x32, 0xFF, 0xC0, 0x85, 0xC7, 0x2E, 0x54, 0x38, 0x45, 0x8A, 0x00, 0x2E, 0xB6, 0x4D, 0xA1,
    0x5D, 0xD2, 0x70, 0x91, 0xD2, 0x06, 0x02, 0xCB, 0x5D, 0xEA, 0x60, 0x1B, 0xA7, 0x74, 0xB1, 0xB3,
    0x64, 0x97, 0x22, 0x85, 0x09, 0x38, 0xAA, 0xC5, 0x04, 0x12, 0xF2, 0x55, 0x88, 0x49, 0x28, 0x8B,
    0xBB, 0xE2, 0xCC, 0xCB, 0x39, 0xF7, 0x3E, 0x72, 0x77, 0xBD, 0x56, 0x1F, 0x20, 0x83, 0x99, 0xCB,
    0x37, 0x33, 0x8F, 0xEF, 0xDD, 0xEF, 0x73, 0x1E, 0x45, 0xF0, 0x7A, 0x9B, 0x42, 0x0E, 0x54, 0xDE,
    0x57, 0x39, 0x8B, 0x1C, 0x3A, 0x37, 0x4A, 0xE2, 0x9C, 0xEB, 0xA4, 0xB8, 0x68, 0x46, 0x11, 0x27,
    0xF1, 0x2C, 0xD1, 0x24, 0xB2, 0x93, 0xB4, 0x17, 0x39, 0x93, 0xAC, 0x15, 0x29, 0xA4, 0x28, 0x55,
    0x0A, 0xE5, 0x99, 0xCA, 0xAD, 0x4A, 0x2C, 0x21, 0xC7, 0x2A, 0xB7, 0x2A, 0x67, 0xDC, 0x27, 0xE1,
    0xC4, 0x39, 0xF1, 0xC0, 0xF9, 0x69, 0x2B, 0x79, 0x2B, 0x55, 0x29, 0xE9, 0xF9, 0x03, 0xFE, 0xE5,
    0x1C, 0x56, 0x95, 0xC3, 0x9D, 0xD8, 0x2B, 0xBF, 0xA2, 0x14, 0x56, 0xBC, 0xED, 0x1C, 0x56, 0x29,
    0x74, 0x92, 0xE3, 0xFC, 0x68, 0xE4, 0x82, 0x69, 0x87, 0x4D, 0x24, 0xAB, 0xB9, 0x60, 0xCE, 0x6D,
    0xFD, 0xFB, 0x60, 0x79, 0x1F, 0xA9, 0xE4, 0xAD, 0xDC, 0x5C, 0xF2, 0x3A, 0x19, 0x70, 0xD7, 0x8B,
    0x06, 0xBA, 0xC7, 0x6E, 0xCF, 0xC5, 0x9B, 0xDE, 0xEF, 0x28, 0xA9, 0x5D, 0x32, 0xB9, 0xB2, 0xB5,
    0x9C, 0x4A, 0x84, 0x3B, 0x8A, 0x51, 0x62, 0xCC, 0x83, 0xB6, 0x71, 0xC7, 0xDF, 0x24, 0xE9, 0x74,
    0x55, 0x18, 0xB1, 0x5C, 0xB0, 0x7A, 0x5A, 0x4B, 0x30, 0xA9, 0x3A, 0x21, 0x1C, 0x96, 0x97, 0x12,
    0x0E, 0xAA, 0x96, 0xAE, 0x70, 0x79, 0xE9, 0xE9, 0x19, 0x5D, 0x08, 0x97, 0xA4, 0xD5, 0x4B, 0x6A,
    0x17, 0xDC, 0x2A, 0x95, 0x98, 0x3B, 0xEB, 0x80, 0xBE, 0xC8, 0x2F, 0xBE, 0xC4, 0x92, 0x8C, 0x04,
    0xE6, 0x4B, 0xD0, 0x9C, 0x2F, 0xDA, 0xBE, 0x43, 0xF1, 0xD0, 0x54, 0xC4, 0x1F, 0x23, 0x56, 0x70,
    0x03, 0x34, 0x70, 0x75, 0x5A, 0x06, 0xA3, 0x64, 0x25, 0x36, 0xCF, 0x45, 0x05, 0x76, 0x3C, 0x30,
    0x81, 0x4D, 0xEF, 0x4B, 0xDC, 0xE2, 0x3E, 0xEC, 0x7B, 0xCA, 0x5D, 0x4F, 0xB9, 0xE7, 0x56, 0xAA,
    0x5A, 0xAA, 0x47, 0xAE, 0x84, 0x87, 0x3F, 0xC5, 0x66, 0x53, 0x2A, 0xAB, 0x53, 0x3E, 0x9E, 0x96,
    0x61, 0xF4, 0xCF, 0x6E, 0xFD, 0xD9, 0xAD, 0x23, 0x79, 0x4B, 0x5E, 0xF7, 0x2A, 0xDC, 0xDF, 0x60,
    0x00, 0x72, 0x08, 0x71, 0x76, 0xAE, 0x66, 0xF8, 0x20, 0xCF, 0x36, 0xCD, 0x20, 0x77, 0x36, 0x1B,
    0xEC, 0x36, 0x33, 0xA7, 0xA0, 0xFC, 0x5E, 0xBD, 0x48, 0x73, 0xE3, 0x49, 0x5D, 0x78, 0xCC, 0x38,
    0xF4, 0xEA, 0x46, 0xFA, 0xA2, 0xAA, 0x97, 0x21, 0xA7, 0x7A, 0x3F, 0x62, 0xEA, 0x32, 0xCC, 0x70,
    0x61, 0x7C, 0x30, 0xAC, 0x5A, 0x0B, 0xCE, 0xB1, 0x04, 0xD4, 0x91, 0x7E, 0xDD, 0x4A, 0x34, 0xCB,
    0x12, 0xAB, 0x74, 0xB0, 0x21, 0xB2, 0xA1, 0x68, 0x45, 0x3D, 0x8E, 0x7C, 0x54, 0x73, 0x10, 0xB0,
    0xAC, 0xD3, 0xA9, 0x5C, 0xA8, 0x29, 0x75, 0xAA, 0x14, 0x1B, 0xE4, 0x64, 0xF1, 0x78, 0xB3, 0x29,
    0x2D, 0xFD, 0x0A, 0x6F, 0xCF, 0xDF, 0x85, 0x46, 0xB9, 0xD6, 0x9B, 0x19, 0xF5, 0x67, 0x62, 0x56,
    0x22, 0x0C, 0x62, 0x46, 0x6A, 0x71, 0x78, 0x1B, 0x65, 0x35, 0x51, 0xBC, 0x85, 0xB8, 0xD9, 0x5B,
    0xE5, 0x90, 0x89, 0x36, 0xDA, 0x6C, 0x76, 0x6B, 0x9A, 0x8C, 0xCB, 0x08, 0x49, 0xEE, 0x8D, 0xC3,
    0x7A, 0x66, 0x9B, 0xE6, 0xBE, 0x99, 0x36, 0xAE, 0x96, 0x75, 0xAB, 0x61, 0xE5, 0x62, 0xD7, 0x6E,
    0x35, 0x6B, 0x5C, 0xAD, 0xEA, 0x56, 0xA3, 0x3E, 0x5F, 0x6C, 0xAA, 0xAE, 0x9A, 0xD4, 0x6A, 0xAC,
    0xFB, 0x68, 0x60, 0x10, 0x98, 0x31, 0xAC, 0x7E, 0x4D, 0xD4, 0xBC, 0xF6, 0x03, 0x9F, 0x1A, 0x36,
    0xB8, 0x3B, 0xA5, 0x75, 0x03, 0x5B, 0xA4, 0x71, 0x59, 0xA9, 0x46, 0xED, 0x3F, 0x7C, 0x0E, 0x4B,
    0xF6, 0x50, 0x20, 0x74, 0x5A, 0xF4, 0x98, 0x89, 0xB8, 0x25, 0x3D, 0xB2, 0x92, 0xC5, 0x9C, 0x6B,
    0xBD, 0x6E, 0xD9, 0x44, 0x38, 0x38, 0xD5, 0xD2, 0x3C, 0xE0, 0x00, 0x53, 0x38, 0x98, 0x74, 0xAB,
    0x02, 0x59, 0xED, 0x7B, 0x4A, 0x34, 0x72, 0x0A, 0x7E, 0x4D, 0x07, 0x4E, 0x91, 0xF4, 0x59, 0x33,
    0xE4, 0x8F, 0xA1, 0x7E, 0xEC, 0x5E, 0x0D, 0x85, 0xD6, 0x46, 0xF3, 0x1B, 0x0E, 0x5A, 0x4B, 0x18,
    0x55, 0xEE, 0xD8, 0xCA, 0xB9, 0xD6, 0x8E, 0xA4, 0x7E, 0xB0, 0x40, 0x14, 0xB2, 0x0E, 0x82, 0xC9,
    0x0F, 0x42, 0xB5, 0x11, 0xB7, 0xF8, 0xC1, 0x56, 0x9D, 0xAF, 0x41, 0x5B, 0x07, 0x71, 0xEF, 0x83,
    0x97, 0x68, 0x1D, 0x60, 0xA6, 0x79, 0x00, 0x13, 0xAE, 0x0D, 0x6E, 0x71, 0xC0, 0x4A, 0x3E, 0xA2,
    0x3D, 0xD8, 0x16, 0x03, 0xFC, 0x6E, 0x3D, 0x92, 0xB6, 0x9F, 0x9C, 0xFC, 0xAE, 0x78, 0xEC, 0xB4,
    0x9D, 0xCD, 0x29, 0xFB, 0x1A, 0xBC, 0x3E, 0x87, 0xEE, 0x33, 0xEF, 0xD7, 0xA4, 0x36, 0xC5, 0x3B,
    0xBD, 0x25, 0xD3, 0x16, 0xC7, 0x1F, 0xB7, 0x6B, 0x1A, 0x5D, 0x5E, 0xD4, 0x80, 0x03, 0xD3, 0xFA,
    0xC8, 0x2E, 0x0F, 0x4D, 0x63, 0x6B, 0x5C, 0x8B, 0xDA, 0xA6, 0x74, 0x60, 0x2A, 0x07, 0xA6, 0x67,
    0x68, 0x17, 0xAF, 0x6C, 0x64, 0xAA, 0xC6, 0xB6, 0x2B, 0x82, 0x4C, 0x35, 0x79, 0xA1, 0x92, 0xB5,
    0xAA, 0x98, 0x7A, 0xC5, 0xCA, 0xC5, 0x8D, 0x78, 0xDD, 0xD1, 0x26, 0x2A, 0x8D, 0xA9, 0xE3, 0xFA,
    0xCB, 0xE6, 0x5D, 0xD4, 0x50, 0x05, 0xE2, 0x94, 0x5F, 0xF5, 0xEF, 0x49, 0x1B, 0x95, 0xE8, 0xCE,
    0x33, 0xC5, 0x84, 0xCD, 0xF1, 0x43, 0xD4, 0x43, 0xA3, 0xB8, 0xC3, 0x0F, 0x49, 0xAB, 0x3E, 0x84,
    0x2E, 0x69, 0x0D, 0x4D, 0xD2, 0x12, 0x0A, 0x64, 0x14, 0x39, 0x9B, 0x6B, 0x41, 0x71, 0xC0, 0xFD,
    0x8B, 0x77, 0xD9, 0xED, 0x07, 0x2D, 0xFD, 0x83, 0x15, 0xB7, 0xD8, 0x08, 0xDF, 0xC7, 0x4E, 0x01,
    0xA0, 0x0B, 0x80, 0x42, 0x6D, 0x0B, 0xAB, 0x1D, 0x7C, 0xAA, 0x5E, 0x5D, 0x80, 0x0F, 0x2A, 0xD3,
    0xD7, 0xCA, 0xDE, 0xFC, 0x81, 0xCF, 0xAC, 0x49, 0x0A, 0x47, 0x04, 0xD3, 0xAC, 0xEE, 0xC8, 0xEA,
    0x70, 0xDA, 0xAA, 0x47, 0xF2, 0x32, 0x1C, 0x0F, 0x7C, 0xF4, 0xA2, 0xA1, 0x58, 0x47, 0x79, 0x59,
    0x69, 0xC6, 0xC4, 0x7D, 0x56, 0x1F, 0x6B, 0xCA, 0x24, 0x5D, 0xDA, 0x6E, 0xD5, 0xE7, 0x69, 0x9B,
    0xB4, 0xB3, 0x1F, 0xC5, 0xFD, 0x32, 0x8A, 0xFE, 0x35, 0xC5, 0x8C, 0x18, 0xD6, 0xFE, 0xF7, 0x94,
    0xB3, 0x74, 0xF3, 0x32, 0x78, 0x35, 0xE6, 0x0C, 0x41, 0xC1, 0xBE, 0x91, 0xD5, 0xA9, 0xBA, 0xBF,
    0x19, 0x90, 0xE0, 0x9A, 0x31, 0x55, 0x1F, 0xB3, 0xB4, 0x8E, 0xD5, 0x92, 0xE6, 0xE9, 0xDA, 0x8A,
    0x7D, 0x27, 0x06, 0x9A, 0xA9, 0x85, 0xB8, 0xAA, 0x7D, 0xD1, 0x6A, 0x9D, 0xEC, 0x7C, 0x7A, 0x7A,
    0xCB, 0xCC, 0x2E, 0xA0, 0xC2, 0x78, 0x84, 0x5D, 0x09, 0x0C, 0xB4, 0x29, 0xF7, 0x16, 0xA9, 0x3D,
    0x90, 0x40, 0x88, 0x3E, 0x85, 0x35, 0x47, 0xDE, 0x96, 0x53, 0x6F, 0xC9, 0xA9, 0xB7, 0x63, 0x32,
    0x2B, 0xC4, 0xDB, 0x10, 0xA8, 0x05, 0xDF, 0x8E, 0xA1, 0xD7, 0xDF, 0xEC, 0x68, 0x06, 0xC5, 0x1A,
    0x68, 0x14, 0x75, 0xA6, 0x79, 0xBC, 0xA8, 0xDB, 0x5E, 0xEB, 0x1C, 0xB7, 0x1A, 0x9F, 0x49, 0x1E,
    0x4D, 0x8A, 0xD1, 0x9B, 0x17, 0xDB, 0xFF, 0x69, 0x7F, 0xF5, 0x12, 0xB7, 0xDF, 0x0B, 0x32, 0x61,
    0xDF, 0xD0, 0x67, 0xD1, 0x5F, 0xDD, 0x44, 0x94, 0x73, 0x8F, 0x66, 0x5E, 0xA8, 0xF2, 0x11, 0x3B,
    0xE0, 0x11, 0xBB, 0x4A, 0x87, 0x4C, 0x9C, 0x0D, 0xED, 0x26, 0xE6, 0xD0, 0x2C, 0x70, 0x4E, 0x29,
    0x93, 0xE2, 0xA4, 0x8C, 0x0A, 0x92, 0xC1, 0xA8, 0xDA, 0x87, 0xA6, 0x7C, 0x34, 0x28, 0x54, 0x46,
    0xBD, 0x82, 0x65, 0xDC, 0x29, 0x5C, 0xC6, 0xAD, 0x57, 0xDC, 0x17, 0x42, 0xAE, 0xEA, 0xDF, 0x69,
    0xF4, 0x4B, 0x65, 0xBD, 0xDD, 0x62, 0x14, 0xF7, 0xCC, 0x88, 0xE0, 0x42, 0x0D, 0xAA, 0x74, 0xF6,
    0xAD, 0x1B, 0x9A, 0xAB, 0xF5, 0x81, 0xA3, 0x8C, 0x34, 0x59, 0xE3, 0xE7, 0x5C, 0x3E, 0xFD, 0x9A,
    0x32, 0xFF, 0x94, 0xB2, 0xD0, 0x56, 0xB3, 0xA5, 0xFF, 0x82, 0x99, 0x89, 0x1C, 0x51, 0x4B, 0xB4,
    0x15, 0xCA, 0x94, 0xC5, 0x82, 0x86, 0xC2, 0xDE, 0x5E, 0x69, 0xED, 0xA3, 0xFB, 0x02, 0x3F, 0x1D,
    0xB9, 0x52, 0x74, 0x71, 0x72, 0x32, 0x33, 0x3F, 0xCC, 0x70, 0x48, 0xB6, 0xD4, 0x1D, 0xD9, 0x05,
    0x7B, 0x6A, 0xD2, 0x6D, 0x25, 0x7C, 0xD9, 0x9B, 0x12, 0x6F, 0xF8, 0xE8, 0xEC, 0xD9, 0xC3, 0xBB,
    0x70, 0xFF, 0x00, 0x81, 0xC4, 0x72, 0x35, 0x6B, 0x15, 0x9F, 0xE0, 0xA3, 0x01, 0xBF, 0x0F, 0xC9,
    0xFE, 0x8B, 0xA1, 0x28, 0xA3, 0x7E, 0x0B, 0x77, 0x70, 0x4D, 0x00, 0x48, 0xDB, 0x3C, 0x72, 0x6D,
    0xE1, 0xBE, 0x6E, 0x93, 0x1D, 0x43, 0xFB, 0xCB, 0x80, 0x2D, 0xAC, 0x50, 0x27, 0xA5, 0xDA, 0x17,
    0x62, 0xEB, 0xAF, 0xE5, 0x77, 0x2C, 0x9F, 0xAD, 0xD2, 0xAC, 0xB6, 0xAC, 0x9A, 0x2E, 0x65, 0xAC,
    0xFC, 0x88, 0x6D, 0x7E, 0xEB, 0x69, 0x96, 0xC7, 0xB7, 0xD6, 0x6A, 0x87, 0x68, 0x41, 0x6E, 0x35,
    0x7A, 0x4E, 0xB5, 0xCA, 0xA4, 0xF3, 0xBC, 0x12, 0xF8, 0x87, 0xBE, 0x03, 0x76, 0x89, 0xBC, 0xCA,
    0x2E, 0xBE, 0x9C, 0xC9, 0xF5, 0x08, 0xCA, 0xD2, 0xA8, 0x52, 0x39, 0x1C, 0x96, 0x3C, 0xC7, 0x3A,
    0xF3, 0xAA, 0x10, 0xC3, 0x8B, 0x1B, 0x81, 0x64, 0x32, 0x65, 0xA0, 0x4F, 0x19, 0xF2, 0xC0, 0x6A,
    0x23, 0xEA, 0x91, 0x0C, 0x1D, 0x52, 0xA9, 0x43, 0x1E, 0xB5, 0xAC, 0x03, 0xF4, 0xB3, 0xFA, 0x14,
    0x7E, 0xAB, 0x3E, 0x70, 0x65, 0xE1, 0x9E, 0x48, 0xB2, 0xCB, 0x94, 0x44, 0xFF, 0x02, 0x7B, 0x7F,
    0x82, 0x5D, 0x22, 0x2C, 0x2D, 0xCA, 0xDD, 0xE4, 0xCD, 0x6B, 0x56, 0x1F, 0xEE, 0x55, 0x91, 0x4E,
    0xF2, 0x17, 0x87, 0x23, 0x74, 0x0B, 0x67, 0x82, 0xDA, 0x57, 0xF1, 0xB0, 0x54, 0x04, 0xFB, 0x8E,
    0x25, 0x15, 0x90, 0x69, 0xF3, 0x5E, 0x01, 0xD6, 0xB7, 0x3B, 0x10, 0x20, 0x04, 0x93, 0x69, 0xAE,
    0x58, 0xC4, 0x05, 0x71, 0x07, 0xF6, 0x45, 0x23, 0xCC, 0x4B, 0x07, 0x50, 0x94, 0x62, 0x88, 0xF7,
    0xEF, 0xBF, 0xEA, 0x11, 0xF5, 0xBF, 0x60, 0xE5, 0x5D, 0xD8, 0x61, 0x02, 0xD7, 0xD8, 0xD2, 0xBA,
    0x5C, 0x49, 0xE3, 0xA2, 0xC0, 0xED, 0x3D, 0xFE, 0x2D, 0xDC, 0x37, 0x70, 0xCC, 0x17, 0xAF, 0x5A,
    0x6C, 0xDE, 0x30, 0x83, 0x8A, 0x1A, 0x8E, 0xCB, 0x7D, 0x93, 0xF5, 0xE2, 0x1E, 0xC5, 0x01, 0x05,
    0x62, 0xD0, 0x07, 0x24, 0xFE, 0x60, 0x31, 0x01, 0xD3, 0x4B, 0xAA, 0x73, 0xA6, 0xC5, 0xCF, 0x7C,
    0x1F, 0x0F, 0x08, 0x1C, 0x05, 0x5B, 0x4E, 0xFE, 0xAC, 0xA9, 0xA1, 0xF1, 0x7E, 0xE5, 0xD4, 0xB4,
    0xD7, 0x0C, 0x96, 0xFC, 0xFC, 0x70, 0x22, 0x69, 0x84, 0x5B, 0xE8, 0xF5, 0x86, 0x95, 0xC9, 0xBB,
    0x5A, 0xDA, 0x6B, 0xED, 0x36, 0x57, 0xD2, 0xA2, 0x88, 0xA7, 0x32, 0x2F, 0x55, 0x2A, 0xF8, 0x59,
    0xD3, 0x3D, 0x56, 0x39, 0x33, 0xBC, 0x08, 0x3E, 0xEC, 0x47, 0x8E, 0xA0, 0x37, 0x20, 0xAF, 0xE1,
    0x81, 0x3D, 0x4B, 0x49, 0xE1, 0x27, 0x57, 0x8A, 0x1C, 0x6A, 0xCB, 0x49, 0x34, 0xF3, 0xD2, 0x3F,
    0xA9, 0xD4, 0x70, 0xC7, 0x5A, 0x92, 0xF1, 0xBE, 0x04, 0xA2, 0xF5, 0x48, 0xF5, 0x09, 0x9A, 0xCC,
    0xD0, 0xE3, 0x08, 0x8D, 0xE0, 0x80, 0x27, 0x07, 0x7E, 0x78, 0x70, 0x20, 0x1F, 0xE1, 0xD1, 0x81,
    0xDC, 0x20, 0xAF, 0x63, 0x74, 0xE4, 0xAA, 0x8D, 0x68, 0x1D, 0x1A, 0x2D, 0xFC, 0x83, 0xC0, 0xE1,
    0xC3, 0xC5, 0x58, 0xBA, 0x55, 0xF9, 0xFF, 0xC5, 0x76, 0xB5, 0xAD, 0x29, 0xD9, 0x95, 0x85, 0xEB,
    0xCA, 0x15, 0xAA, 0xBB, 0x30, 0xDD, 0x95, 0xE8, 0xAE, 0x3C, 0x77, 0xA5, 0xB9, 0x2B, 0xCB, 0x5D,
    0x49, 0xEE, 0xCA, 0x71, 0x57, 0x8A, 0xBB, 0x32, 0xDC, 0x95, 0xE0, 0xAE, 0xFC, 0x76, 0xA5, 0xB7,
    0x2B, 0xBB, 0x5D, 0xC9, 0xED, 0xCA, 0x6D, 0x57, 0x6A, 0x7B, 0x95, 0xD9, 0x46, 0xCB, 0x71, 0x6F,
    0xC1, 0xA4, 0x4B, 0x3E, 0xFB, 0xBF, 0x4E, 0x6C, 0xC5, 0x77, 0x6A, 0x25, 0x5E, 0x67, 0xC6, 0x40,
    0x6F, 0xC0, 0x22, 0xB9, 0xBF, 0xF0, 0xB6, 0xF0, 0x5B, 0xF6, 0xA2, 0x16, 0x22, 0xA4, 0x90, 0x3F,
    0x53, 0x70, 0x19, 0x25, 0x46, 0x0A, 0x38, 0x09, 0xBF, 0x66, 0x84, 0x9B, 0x82, 0x68, 0x53, 0xD1,
    0xF1, 0x3B, 0xF8, 0x25, 0x24, 0xD4, 0x68, 0x64, 0x92, 0xC1, 0xF8, 0x18, 0xBB, 0x04, 0x9C, 0xAC,
    0x28, 0x43, 0x90, 0x09, 0x89, 0x31, 0x0A, 0x31, 0x8A, 0x30, 0x1A, 0x9F, 0x82, 0xF8, 0xE2, 0xE1,
    0xC5, 0xD0, 0x2E, 0x5F, 0x14, 0x55, 0x96, 0x1A, 0x77, 0xD7, 0x14, 0xD5, 0xC3, 0x04, 0x0B, 0x36,
    0xA0, 0xA2, 0x61, 0xF7, 0x7B, 0x8C, 0xFA, 0x61, 0xE1, 0x90, 0x4C, 0xEC, 0x4B, 0xC8, 0x4C, 0xB4,
    0xA9, 0xC0, 0x2A, 0x62, 0x93, 0x28, 0x38, 0x19, 0x3A, 0x29, 0x9D, 0x24, 0x3E, 0x11, 0xA0, 0x84,
    0x08, 0x25, 0x84, 0x28, 0x21, 0x46, 0x19, 0x64, 0x10, 0xA5, 0x84, 0x30, 0x25, 0xC4, 0x29, 0x31,
    0xA0, 0x92, 0xCB, 0x0E, 0x21, 0xE2, 0xE9, 0x3C, 0xAB, 0x63, 0xF9, 0xEB, 0x78, 0xD9, 0xF8, 0xE7,
    0xAF, 0x3B, 0xDA, 0x12, 0x64, 0x35, 0xE9, 0xE3, 0x65, 0x90, 0x9D, 0x6F, 0x36, 0xEF, 0x6A, 0x5D,
    0x2C, 0x2C, 0xC6, 0x7E, 0x87, 0xAF, 0xFF, 0xE3, 0x07, 0xE9, 0x1F, 0x7C, 0xF2, 0x15, 0xCB, 0x96,
    0xBB, 0xD4, 0x06, 0xD1, 0x98, 0xDA, 0x01, 0x3F, 0xED, 0x52, 0x8B, 0x75, 0x5E, 0x67, 0x3C, 0x9E,
    0xD1, 0x7F, 0x46, 0x33, 0xD0, 0x37, 0x8D, 0x71, 0xF3, 0xA1, 0x8C, 0xA9, 0xBB, 0x0C, 0xAA, 0xCD,
    0xE6, 0x4C, 0x95, 0x9A, 0xC5, 0x0E, 0x09, 0xEC, 0xAE, 0x3B, 0xAA, 0x83, 0xC3, 0x83, 0xA8, 0x82,
    0x48, 0x8B, 0x55, 0x65, 0xF9, 0xD5, 0xE5, 0xD1, 0x41, 0x96, 0xE3, 0x8D, 0xA7, 0x34, 0x6F, 0xDF,
    0x34, 0x15, 0xCE, 0x67, 0xF3, 0x6E, 0xDC, 0x37, 0xCE, 0x95, 0x08, 0x80, 0x63, 0x23, 0x04, 0xDE,
    0x68, 0x0F, 0x0A, 0xEC, 0x7C, 0x84, 0x30, 0x00, 0x0B, 0x3E, 0x72, 0xDC, 0x82, 0x1E, 0xC1, 0x25,
    0xBF, 0xF8, 0xE0, 0x05, 0x54, 0xA8, 0x4A, 0xDD, 0x60, 0xAB, 0x54, 0x84, 0x21, 0x19, 0xF5, 0x5B,
    0x35, 0xCB, 0x8F, 0xA5, 0x7A, 0x34, 0x57, 0x8F, 0xF6, 0x08, 0xCC, 0x90, 0x03, 0x58, 0xD0, 0x93,
    0x43, 0xDF, 0x51, 0xD4, 0x8F, 0xC1, 0xB0, 0x98, 0xE2, 0x91, 0xD1, 0x3F, 0x9C, 0xBA, 0xF1, 0xBA,
    0xEB, 0xCA, 0x1F, 0xD2, 0xBA, 0x11, 0xB0, 0x0E, 0xF5, 0x3A, 0x8D, 0x78, 0xC9, 0xC4, 0xAB, 0xDA,
    0x80, 0xA8, 0xC5, 0xFC, 0x8D, 0xFF, 0xC8, 0x06, 0x73, 0x8F, 0xB4, 0x16, 0x90, 0xDB, 0xA7, 0x6D,
    0xD8, 0x73, 0x8C, 0x13, 0x46, 0x97, 0xD5, 0xF7, 0x91, 0x29, 0x59, 0xCD, 0x3E, 0x93, 0x7D, 0xD2,
    0x61, 0xB3, 0xF4, 0x89, 0xA2, 0xD3, 0x4C, 0xEF, 0x43, 0x6F, 0xB8, 0x3E, 0x99, 0x38, 0xC8, 0xDD,
    0xE7, 0xA0, 0xE5, 0x5F, 0x55, 0x0E, 0x8D, 0xE7, 0xCD, 0xDB, 0xFE, 0xC0, 0xF6, 0x13, 0xFF, 0x88,
    0xEA, 0x4A, 0x96, 0xDF, 0xFE, 0x4E, 0xAE, 0x7C, 0x86, 0x45, 0xDD, 0xAB, 0x4E, 0x1F, 0xB1, 0x40,
    0xA3, 0x8A, 0x3E, 0x73, 0x65, 0xDC, 0x45, 0x4F, 0xEA, 0xA4, 0xCD, 0xD2, 0x3A, 0x6D, 0x1F, 0x42,
    0x7C, 0x8C, 0x83, 0x44, 0xFA, 0x6B, 0x00, 0x61, 0xFA, 0x5B, 0xEE, 0x3E, 0xA9, 0xD3, 0xB0, 0x77,
    0xBA, 0xFB, 0x70, 0x90, 0xFB, 0xEC, 0xB6, 0x3F, 0x52, 0x6C, 0xBB, 0x0B, 0xF0, 0x12, 0x42, 0x71,
    0xB4, 0x7F, 0xB0, 0x27, 0x02, 0x56, 0x25, 0x8C, 0x7A, 0xCB, 0x9C, 0x64, 0xE4, 0xAB, 0xF7, 0x18,
    0x87, 0xBD, 0x79, 0x47, 0xAE, 0xB9, 0xD5, 0x50, 0xBF, 0xD0, 0x1E, 0x7A, 0x59, 0x1F, 0x79, 0xC3,
    0x3F, 0xB5, 0x3B, 0xE6, 0xD3, 0x26, 0x9C, 0x0F, 0xCE, 0xC1, 0x4B, 0x0C, 0xB0, 0x0F, 0xD7, 0xE7,
    0x4C, 0x89, 0x66, 0x47, 0xB9, 0x9C, 0x4B, 0x75, 0x74, 0x6F, 0x39, 0xC8, 0x49, 0xF5, 0x14, 0xAD,
    0xC4, 0x09, 0xC1, 0x31, 0xAB, 0x93, 0x3A, 0xB3, 0x27, 0x0F, 0x92, 0x9E, 0xB3, 0xCF, 0x3C, 0xA5,
    0xAE, 0x62, 0xE8, 0x98, 0xB6, 0x3F, 0xC0, 0xE7, 0x98, 0xE0, 0xFE, 0x0C, 0x7D, 0x1A, 0x1E, 0x0C,
    0x96, 0x27, 0x6F, 0xEF, 0xF8, 0xD0, 0xD2, 0x91, 0x3F, 0x35, 0x50, 0xA5, 0x17, 0x89, 0x37, 0x7D,
    0xC3, 0x27, 0x90, 0x77, 0x90, 0x49, 0xA5, 0x25, 0xAA, 0x1E, 0x66, 0xB5, 0x53, 0x6A, 0x09, 0x99,
    0xB5, 0xD7, 0xB9, 0x93, 0x27, 0x50, 0x8B, 0x38, 0x5E, 0xC2, 0x63, 0x67, 0xD0, 0x55, 0x68, 0xB4,
    0xC2, 0xF1, 0x5A, 0xA4, 0xF4, 0x58, 0x15, 0x72, 0xF5, 0xA0, 0x5F, 0x3A, 0x84, 0x5A, 0x6D, 0x99,
    0x77, 0xBB, 0xE4, 0x5E, 0xA8, 0x94, 0xAC, 0x8C, 0xDC, 0x1C, 0xBB, 0x39, 0xA8, 0xDE, 0xF3, 0x0F,
    0x19, 0x4F, 0x75, 0xD1, 0x89, 0x6F, 0xAB, 0x85, 0xC8, 0xDE, 0x2F, 0xE0, 0x9E, 0x32, 0x70, 0x97,
    0xE7, 0x1A, 0x6C, 0xC1, 0x37, 0x8F, 0xB5, 0xCA, 0x20, 0x24, 0xD3, 0x07, 0x6C, 0xB1, 0x3E, 0x5B,
    0x0B, 0xF6, 0xDF, 0xFB, 0x44, 0xAD, 0x50, 0xBB, 0x8F, 0xD5, 0xE6, 0xAD, 0x4A, 0x7B, 0xE6, 0xA8,
    0xD2, 0x9E, 0x38, 0x86, 0x37, 0xC9, 0x34, 0xAB, 0x50, 0xDB, 0xD3, 0x5E, 0x92, 0x7F, 0x9C, 0x9C,
    0xEC, 0xF4, 0x58, 0x78, 0x83, 0x4C, 0x07, 0xAF, 0x21, 0xD3, 0xEB, 0x86, 0x71, 0x77, 0x26, 0xC1,
    0xCB, 0xC1, 0x8E, 0x31, 0x57, 0x35, 0x7B, 0xE8, 0x4F, 0xDC, 0xB3, 0x9D, 0xEC, 0x99, 0x0F, 0xE1,
    0xD0, 0x74, 0xE1, 0x4B, 0x37, 0xF1, 0x14, 0x06, 0x6A, 0x31, 0xA3, 0x78, 0xB7, 0x58, 0x82, 0xD4,
    0xFA, 0x94, 0xC7, 0x2E, 0x9E, 0xB9, 0x40, 0x96, 0x71, 0xE2, 0x0D, 0x86, 0x42, 0x8F, 0xA0, 0xD1,
    0x70, 0x04, 0x48, 0x7E, 0xA8, 0xF4, 0x3A, 0x6E, 0xFF, 0x0B, 0x15, 0x8D, 0xB1, 0x0D, 0xC2, 0x30,
    0x14, 0x05, 0x5F, 0x12, 0xC4, 0x2F, 0x22, 0xE1, 0x06, 0x5A, 0xB2, 0x81, 0xDD, 0x52, 0xC4, 0xF8,
    0xB3, 0x01, 0x4D, 0x2A, 0x86, 0xC8, 0x04, 0x91, 0xD3, 0xD3, 0xB0, 0x01, 0x4B, 0xA4, 0x8F, 0x47,
    0xF0, 0x08, 0xEE, 0x68, 0x2D, 0x94, 0xC2, 0x05, 0xC2, 0x10, 0xBD, 0x6B, 0x4E, 0x57, 0xBC, 0x3D,
    0x5A, 0x18, 0x08, 0x26, 0x07, 0x2E, 0x63, 0x1D, 0xD4, 0x38, 0x00, 0x0A, 0xC8, 0x8E, 0x5E, 0x41,
    0x5D, 0x12, 0xAE, 0x05, 0xE8, 0xDB, 0xA3, 0xC9, 0x19, 0x7A, 0x9B, 0x70, 0xE8, 0xD8, 0x66, 0x37,
    0x67, 0xD7, 0x96, 0xD1, 0xDC, 0x7C, 0x93, 0xB9, 0x4A, 0xD0, 0x56, 0x4B, 0x2C, 0xA6, 0x4C, 0x12,
    0x71, 0x83, 0x99, 0xB3, 0xAB, 0x5D, 0xCD, 0x47, 0xEC, 0x41, 0x41, 0x7D, 0xF4, 0x70, 0xDA, 0xE9,
    0x41, 0x7D, 0x28, 0x14, 0x61, 0xA2, 0xF7, 0xD2, 0xDC, 0xFD, 0x20, 0x61, 0xAA, 0x28, 0x9E, 0x23,
    0x7D, 0x51, 0x2C, 0x40, 0xED, 0x56, 0x84, 0xEB, 0xFA, 0xF1, 0xFF, 0x93, 0x13, 0x24, 0x2C, 0x5B,
    0x96, 0x00, 0x8A, 0x80, 0xB8, 0x8E, 0xFC, 0x6A, 0xE5, 0x48, 0x10, 0x11, 0x13, 0xA2, 0xF5, 0xFF,
    0xF6, 0x10, 0xAC, 0x71, 0xBE, 0x9A, 0xD0, 0xF8, 0x1F, 0xD5, 0x9B, 0xBF, 0x73, 0xE3, 0xD6, 0x11,
    0xC7, 0x17, 0x84, 0x64, 0x8E, 0x8F, 0x33, 0xC6, 0x15, 0x97, 0xF3, 0xDC, 0x78, 0xC6, 0x68, 0x5D,
    0x24, 0xC1, 0x3F, 0x20, 0x11, 0x70, 0xF2, 0x0F, 0xA8, 0xB0, 0xEC, 0xE2, 0x0A, 0x37, 0x29, 0x92,
    0x49, 0xA1, 0x26, 0xA5, 0x44, 0x32, 0x69, 0x53, 0xF8, 0x2A, 0xA7, 0x75, 0x91, 0xCA, 0x8D, 0x1B,
    0x17, 0x2E, 0x48, 0x91, 0xA9, 0x52, 0x9A, 0x29, 0xE2, 0xD6, 0xC8, 0x4C, 0x9C, 0x36, 0x28, 0x78,
    0x33, 0xB8, 0x0B, 0x49, 0x64, 0xBF, 0xDF, 0x7D, 0x0F, 0x00, 0x25, 0xDE, 0x9C, 0xC6, 0x96, 0x44,
    0x1E, 0xE7, 0xB0, 0x94, 0x28, 0xF0, 0xBD, 0xDD, 0x0F, 0xF6, 0xED, 0x8F, 0x07, 0x9C, 0x88, 0x4C,
    0x33, 0x91, 0xA0, 0x52, 0x11, 0x56, 0x23, 0x91, 0xEE, 0x7F, 0x67, 0x22, 0xD1, 0xB7, 0x2A, 0x92,
    0xCF, 0x54, 0xA4, 0xBD, 0xB9, 0xC8, 0xA4, 0x3B, 0x97, 0x60, 0xD9, 0xCD, 0x25, 0x5C, 0x84, 0x85,
    0xF4, 0x72, 0x15, 0xD1, 0x4C, 0x45, 0x32, 0x0A, 0x17, 0x32, 0x94, 0xCE, 0x42, 0xAA, 0xAA, 0x2A,
    0x03, 0x15, 0xCB, 0xF0, 0xE5, 0x97, 0x5F, 0x2E, 0x7B, 0x85, 0xC8, 0x32, 0xD2, 0x6F, 0x2F, 0x13,
    0x1D, 0x71, 0x35, 0x14, 0x91, 0x4B, 0xB9, 0xF2, 0x0A, 0xF4, 0x1C, 0x09, 0x97, 0x5E, 0xF0, 0xD7,
    0xDE, 0x5A, 0xB5, 0xA9, 0xE6, 0x9D, 0xF5, 0xD3, 0x22, 0x2C, 0x74, 0xD4, 0x51, 0xB0, 0xD0, 0xBF,
    0x2C, 0x24, 0xF8, 0x7D, 0xA1, 0x9F, 0x17, 0xBD, 0xF5, 0x5F, 0x8A, 0x34, 0x0B, 0xF3, 0x89, 0x74,
    0xE7, 0x4B, 0xD5, 0x60, 0x25, 0xE9, 0x6C, 0xFA, 0x79, 0x35, 0x4B, 0xAB, 0x6F, 0x67, 0xBD, 0x55,
    0x6F, 0x56, 0x8F, 0xAD, 0xDF, 0xEA, 0x2C, 0xED, 0xC0, 0xCF, 0x78, 0x65, 0x18, 0x1E, 0x3F, 0x47,
    0xF8, 0x50, 0xC6, 0x10, 0x5F, 0xFB, 0x79, 0x3B, 0xA3, 0x0D, 0xD5, 0xEE, 0x0B, 0x48, 0xA0, 0x53,
    0x44, 0xFA, 0x97, 0x78, 0xE1, 0xF4, 0xD4, 0x9F, 0x3B, 0xB9, 0xCE, 0xD8, 0xA8, 0x73, 0x1B, 0x44,
    0x02, 0x1B, 0x2A, 0xB2, 0x51, 0xD3, 0x8C, 0x6F, 0x13, 0x88, 0xC3, 0x0E, 0xAC, 0x97, 0xC4, 0xCE,
    0xAB, 0xF8, 0x4B, 0x37, 0x27, 0xA0, 0xB7, 0xB2, 0x0F, 0xE4, 0xFA, 0x6B, 0xCA, 0x2F, 0x93, 0x8D,
    0xA3, 0xE3, 0xF8, 0x38, 0x42, 0x8E, 0x91, 0xA3, 0x64, 0x9C, 0xC4, 0x48, 0x89, 0xB1, 0x12, 0xA3,
    0x25, 0xC6, 0x4B, 0x8C, 0x98, 0x18, 0x33, 0x21, 0x35, 0x8C, 0xAF, 0xDC, 0xF4, 0x7C, 0x90, 0xD3,
    0xF3, 0xC1, 0x0E, 0xE7, 0xF3, 0x8D, 0xFC, 0x70, 0x7E, 0xED, 0x52, 0x07, 0x10, 0x7D, 0x88, 0x15,
    0x2E, 0x25, 0x86, 0x69, 0xB9, 0x02, 0xA6, 0xC0, 0xE5, 0xFC, 0x9F, 0x6A, 0xD0, 0xFB, 0x47, 0xD9,
    0xFE, 0x1C, 0x6C, 0x01, 0x57, 0x40, 0x57, 0x88, 0xD7, 0xF8, 0x0A, 0x21, 0x2B, 0x61, 0x20, 0x16,
    0x30, 0x16, 0x40, 0x16, 0x50, 0x16, 0x60, 0x16, 0x70, 0x16, 0x80, 0x16, 0x90, 0x96, 0xC6, 0xF9,
    0x08, 0xC6, 0xA8, 0x0A, 0x26, 0x3B, 0x94, 0x73, 0x02, 0x7E, 0xDB, 0xF3, 0x35, 0xBC, 0x5B, 0xE8,
    0x12, 0xAD, 0x91, 0x35, 0xB0, 0xC6, 0xD5, 0xB0, 0x1A, 0x55, 0x83, 0x4A, 0xA6, 0x86, 0xD4, 0x88,
    0x1A, 0x50, 0xE3, 0x69, 0x38, 0x8D, 0x26, 0x61, 0x1A, 0x4B, 0x43, 0x69, 0x24, 0x0D, 0xA4, 0x71,
    0xAC, 0x31, 0xF6, 0x78, 0x09, 0x33, 0x31, 0xCE, 0xC2, 0xCB, 0x66, 0x66, 0xA8, 0x38, 0x1B, 0x81,
    0xDD, 0xE2, 0x9A, 0x37, 0xDC, 0x01, 0xC0, 0x5E, 0x4E, 0x45, 0x38, 0xD7, 0x61, 0xE9, 0x17, 0xB3,
    0x5B, 0xA6, 0xF1, 0xDF, 0x71, 0xD2, 0x94, 0x81, 0xA3, 0xC0, 0x1F, 0x1F, 0xEC, 0x1B, 0x46, 0xB8,
    0x9A, 0x0C, 0x31, 0xC9, 0x53, 0xCC, 0x11, 0x52, 0xE0, 0xD7, 0x1E, 0xFE, 0xF0, 0xCB, 0x7B, 0x75,
    0xC6, 0x03, 0xE3, 0xF1, 0x1D, 0x82, 0x4A, 0xA5, 0x03, 0x4B, 0x77, 0x66, 0xCB, 0xB7, 0x1D, 0x84,
    0xA5, 0x59, 0xFF, 0x2D, 0xF7, 0x3C, 0xCC, 0x1E, 0xED, 0x15, 0xD7, 0x03, 0xAC, 0xAB, 0xEA, 0xD7,
    0x73, 0x9D, 0x5A, 0xAD, 0xEC, 0xFD, 0x51, 0xD5, 0x38, 0x74, 0xF6, 0xC9, 0x6E, 0x56, 0xFA, 0x61,
    0xCD, 0x0D, 0xD8, 0x48, 0xED, 0xEA, 0x9A, 0xDE, 0x9F, 0xB4, 0x0A, 0x2E, 0xC0, 0xD2, 0xA6, 0x72,
    0x87, 0xA9, 0xF6, 0x7D, 0x11, 0x0B, 0xD0, 0x42, 0x35, 0x72, 0xC6, 0xBB, 0xB6, 0x8E, 0xE1, 0x4C,
    0x57, 0x42, 0xF8, 0x7C, 0x09, 0x3E, 0x0C, 0xFE, 0xBB, 0x49, 0xBF, 0xF4, 0xA0, 0x0B, 0x38, 0x2B,
    0xAE, 0xA0, 0x2A, 0x79, 0x25, 0xBA, 0xFD, 0x73, 0xAC, 0x1A, 0xA8, 0x7E, 0xD3, 0xDB, 0x4C, 0xC7,
    0x7F, 0xA8, 0xAB, 0x0F, 0xA6, 0xAC, 0x48, 0x5E, 0x41, 0x27, 0x1F, 0xEF, 0x98, 0xCE, 0x89, 0xBB,
    0xA0, 0xD0, 0x35, 0x91, 0xEB, 0x74, 0xE6, 0x77, 0x41, 0x47, 0x1E, 0xD2, 0x87, 0x57, 0xCC, 0xA2,
    0x15, 0x07, 0x8D, 0x1B, 0x9F, 0x92, 0x23, 0xCA, 0x2F, 0xAE, 0xB8, 0x3C, 0x81, 0x99, 0x3F, 0x39,
    0x64, 0x57, 0x99, 0xED, 0x3A, 0x7E, 0x75, 0x74, 0xDD, 0x85, 0x6A, 0x54, 0x30, 0x70, 0x59, 0xE0,
    0xC8, 0x55, 0x9F, 0x27, 0x77, 0xEC, 0x6D, 0xC3, 0x0F, 0x73, 0x46, 0x7F, 0x18, 0xF3, 0x1F, 0x98,
    0x1D, 0x5C, 0x0B, 0x9B, 0xFB, 0x4F, 0xEF, 0xF2, 0x57, 0x33, 0x17, 0xF8, 0xBF, 0x63, 0xE0, 0x7F,
    0x74, 0xBD, 0x10, 0x51, 0x78, 0x46, 0xAF, 0x8D, 0xEF, 0x2E, 0x02, 0xFF, 0xBE, 0x84, 0xAE, 0xD7,
    0xB7, 0x52, 0x77, 0xE2, 0x4F, 0xDB, 0x63, 0x7E, 0x8A, 0xAB, 0x38, 0x84, 0xB8, 0x3C, 0x3D, 0x3D,
    0x61, 0xD4, 0xA7, 0x08, 0x4A, 0xE7, 0xFB, 0x56, 0x95, 0xB3, 0xDE, 0xD7, 0x0B, 0x59, 0x48, 0x17,
    0xA2, 0xF7, 0x83, 0x9E, 0xCB, 0x6A, 0xB3, 0x11, 0xF1, 0xC8, 0x17, 0x51, 0x29, 0xBB, 0x88, 0xD3,
    0xD3, 0x8F, 0x5A, 0xA3, 0x5F, 0x7D, 0x5D, 0xB0, 0x6C, 0xA9, 0xC5, 0x39, 0x63, 0xA9, 0xD2, 0x1F,
    0x56, 0x85, 0xDA, 0x08, 0xC8, 0x13, 0x6D, 0x7A, 0xFA, 0x1A, 0x41, 0x52, 0x1D, 0xA4, 0xC2, 0xD1,
    0xD7, 0x11, 0xFB, 0x2E, 0xF8, 0xA6, 0xD6, 0x7E, 0x3C, 0x8B, 0x5E, 0x9C, 0xCD, 0x55, 0x2D, 0xFD,
    0x5E, 0xAB, 0xC4, 0xFD, 0xC6, 0xC2, 0x10, 0x43, 0xD1, 0x37, 0xFC, 0xE4, 0x51, 0x33, 0xDB, 0xC8,
    0xB7, 0x53, 0x91, 0x2F, 0xEB, 0xE4, 0xB7, 0x6D, 0xC5, 0xEE, 0x11, 0x88, 0x6B, 0x21, 0xA3, 0xD2,
    0xE9, 0xF9, 0xB5, 0x5D, 0xFF, 0xB0, 0xB9, 0xEA, 0x3F, 0x99, 0xC8, 0x01, 0xA2, 0xF2, 0x70, 0x5E,
    0x60, 0xD1, 0x16, 0xDA, 0xA0, 0x6A, 0x7D, 0x1B, 0x64, 0x87, 0x3B, 0xB1, 0xB7, 0x03, 0xA5, 0xE2,
    0x4A, 0xFD, 0xF8, 0x67, 0xA7, 0x27, 0x6D, 0x0D, 0x60, 0x24, 0xAC, 0xC4, 0x42, 0x5F, 0x22, 0x9B,
    0x4F, 0x70, 0x81, 0xFA, 0xC8, 0x1E, 0x29, 0x06, 0xA8, 0x20, 0xD6, 0x96, 0x73, 0x1B, 0xC1, 0x39,
    0x60, 0xB0, 0xC0, 0x62, 0xA1, 0xC9, 0x8D, 0x17, 0x3C, 0x6C, 0xDA, 0x0F, 0x6A, 0x6E, 0x1A, 0x9E,
    0xF4, 0xFD, 0x3A, 0x93, 0x98, 0x2B, 0x71, 0x40, 0x9D, 0xFF, 0xFA, 0xD6, 0x95, 0xA0, 0x49, 0xAD,
    0x9D, 0xDA, 0xA4, 0x62, 0x58, 0x4C, 0x12, 0x8C, 0x91, 0x31, 0x34, 0x6E, 0x06, 0xC2, 0x31, 0x3A,
    0x86, 0xC7, 0xE6, 0xDC, 0x90, 0x9C, 0xCE, 0x18, 0x99, 0x01, 0x46, 0x69, 0x63, 0xC2, 0xA6, 0xB6,
    0xB7, 0xAE, 0xDF, 0x9A, 0xFE, 0x49, 0xAB, 0x39, 0x6D, 0x5E, 0x36, 0x5E, 0xAB, 0xFA, 0xBF, 0xC6,
    0x95, 0x60, 0x8D, 0xAC, 0xA1, 0x35, 0xB6, 0x06, 0xD7, 0xE8, 0x3A, 0xD9, 0xA7, 0x26, 0x64, 0xEB,
    0xA4, 0x69, 0x48, 0xC6, 0x06, 0xD9, 0x51, 0x6E, 0x30, 0x5B, 0x38, 0x3F, 0x6E, 0xCE, 0x3E, 0x81,
    0xCE, 0xE1, 0x12, 0xBB, 0x23, 0x46, 0xF8, 0x22, 0xDA, 0x4B, 0xC2, 0x6C, 0xEC, 0xAC, 0xC5, 0x2B,
    0x5C, 0x46, 0x71, 0xB1, 0xE2, 0xC8, 0x7A, 0x83, 0xEE, 0xBF, 0xCA, 0x6B, 0x31, 0xEB, 0x46, 0x8E,
    0x5A, 0x19, 0xC8, 0x1B, 0x3A, 0xEA, 0xCA, 0xF6, 0x64, 0x28, 0xCF, 0xA4, 0xAE, 0x2A, 0x19, 0x97,
    0x3A, 0x25, 0x14, 0x8A, 0xD6, 0x7B, 0xEC, 0xA8, 0x11, 0x08, 0xC6, 0x18, 0xF5, 0xB1, 0xDF, 0x70,
    0x30, 0x41, 0xB4, 0xBD, 0x91, 0x1B, 0xA8, 0xEE, 0xB3, 0xEE, 0x92, 0x65, 0xA6, 0xD5, 0x51, 0xB4,
    0x1A, 0x40, 0x47, 0xA5, 0x7A, 0xDE, 0xDB, 0xDC, 0xF3, 0x38, 0xF1, 0x2B, 0x9F, 0x6E, 0x49, 0x9C,
    0x1F, 0x1D, 0x66, 0x3B, 0x89, 0xFB, 0xAC, 0xE2, 0xA6, 0x7F, 0xCA, 0xAD, 0xB8, 0x0B, 0xFF, 0xA6,
    0x59, 0x3E, 0xD8, 0xD6, 0x11, 0xDF, 0x1F, 0xBA, 0x06, 0xCE, 0xDA, 0xC3, 0xD9, 0x74, 0xB5, 0x7D,
    0xAA, 0x12, 0x38, 0x04, 0xA6, 0x68, 0x51, 0xB9, 0xB3, 0xCA, 0x01, 0x81, 0x38, 0x45, 0xFD, 0x97,
    0x5B, 0x37, 0xDC, 0x99, 0xDB, 0x16, 0xEF, 0x83, 0x56, 0xDD, 0xA8, 0x65, 0x26, 0x2A, 0xDC, 0x4F,
    0x9E, 0x67, 0x6C, 0x45, 0x51, 0x45, 0xA3, 0x5A, 0x84, 0xB9, 0x38, 0xA0, 0x2E, 0x0C, 0x4E, 0xA5,
    0x39, 0x06, 0x2E, 0xA2, 0x2F, 0x9B, 0xE3, 0xF1, 0x8B, 0xAC, 0x1E, 0x0A, 0xE5, 0xF3, 0x74, 0x26,
    0x9F, 0xCE, 0x30, 0x97, 0x06, 0x84, 0x9F, 0xFB, 0xCB, 0xB0, 0x90, 0xB4, 0x90, 0x77, 0x0B, 0xA8,
    0xA2, 0x2B, 0x4C, 0x67, 0xD2, 0xCA, 0x4E, 0xE7, 0x50, 0x7B, 0xB5, 0x9A, 0x89, 0x33, 0x34, 0x7B,
    0x29, 0xCD, 0xBC, 0x30, 0x58, 0x77, 0xA1, 0x5B, 0xBB, 0x44, 0xC7, 0x02, 0x9F, 0xDB, 0x81, 0x9F,
    0xA1, 0x94, 0x16, 0xBD, 0xFA, 0x8F, 0xEB, 0xDF, 0x35, 0x29, 0x55, 0x16, 0x56, 0x12, 0x0C, 0xA9,
    0xD7, 0x31, 0x55, 0x1B, 0x73, 0xD4, 0x12, 0x09, 0x5A, 0x23, 0x6F, 0x07, 0xD5, 0x3D, 0x4C, 0x52,
    0xED, 0xBA, 0x7E, 0x02, 0x35, 0x46, 0xB9, 0xEB, 0xBF, 0x18, 0xBE, 0x72, 0x86, 0x0B, 0xD2, 0xE5,
    0x4E, 0x58, 0xF2, 0xE2, 0x0C, 0x2D, 0x08, 0xAE, 0x11, 0x8A, 0xD8, 0xA9, 0x74, 0x0B, 0xE8, 0x0D,
    0x6B, 0x92, 0x2C, 0x66, 0xC4, 0x81, 0x45, 0xF1, 0x28, 0x15, 0x2F, 0x93, 0xCC, 0xE4, 0x80, 0x16,
    0x9A, 0x8D, 0x29, 0x2D, 0xD3, 0xDC, 0xAA, 0xDE, 0x1B, 0xCF, 0xA0, 0x72, 0x94, 0x23, 0xF0, 0x87,
    0xEB, 0x8F, 0x2B, 0x6E, 0x66, 0xC3, 0xA9, 0xDF, 0x5B, 0x5F, 0xDD, 0x74, 0xA3, 0x95, 0xB4, 0xD7,
    0x4B, 0xFB, 0xA4, 0xBB, 0x86, 0x03, 0xE6, 0xEA, 0x80, 0xA5, 0xEA, 0x83, 0xA2, 0xFF, 0x42, 0x15,
    0xEF, 0xE3, 0x62, 0xE0, 0xC0, 0x15, 0xD1, 0x63, 0xAC, 0xC7, 0x32, 0xD5, 0xB5, 0x92, 0x8C, 0x7A,
    0x45, 0xF4, 0x7C, 0x38, 0x0B, 0x51, 0x0E, 0x4D, 0xFF, 0xDD, 0x8C, 0x8F, 0x8E, 0x7D, 0xED, 0x8E,
    0x71, 0xB3, 0x45, 0x2E, 0x29, 0x67, 0x19, 0x72, 0xC6, 0xB0, 0x2D, 0x67, 0xF5, 0xE6, 0xAF, 0x3C,
    0xB9, 0xBA, 0x7A, 0x76, 0x4C, 0xED, 0xF5, 0xE5, 0xED, 0x6D, 0x50, 0x7B, 0x54, 0x73, 0x73, 0xA9,
    0x8E, 0xBD, 0xEC, 0xC5, 0xDB, 0xF5, 0x2E, 0x84, 0x35, 0xBA, 0x83, 0xB0, 0x90, 0x6D, 0xAF, 0x5D,
    0x7B, 0x56, 0xC0, 0x77, 0x6B, 0xD0, 0x12, 0x92, 0x19, 0x48, 0x5D, 0x90, 0xDC, 0xB4, 0xD2, 0xEB,
    0xAE, 0xAD, 0xD2, 0xCB, 0x59, 0xE9, 0xE9, 0xF8, 0xA0, 0xC9, 0x15, 0x7E, 0xC1, 0x95, 0xD4, 0xF7,
    0x61, 0xC1, 0xA4, 0xC5, 0x87, 0x3E, 0xA9, 0xF5, 0xB9, 0x14, 0x53, 0xC6, 0x6F, 0xF0, 0xD5, 0x6F,
    0x3D, 0xC7, 0x26, 0x38, 0x19, 0xB7, 0x7C, 0xF3, 0x1D, 0xBF, 0x2A, 0xBD, 0xB6, 0x17, 0x0C, 0x87,
    0x95, 0xA0, 0x36, 0xFC, 0x7E, 0x8F, 0x09, 0xFF, 0xA8, 0x4A, 0x8F, 0x40, 0xC1, 0x93, 0x38, 0x49,
    0x93, 0x30, 0xC9, 0x92, 0x10, 0x29, 0x08, 0x92, 0x1C, 0x89, 0x91, 0x14, 0x09, 0x91, 0x0C, 0x0D,
    0xA1, 0x27, 0x78, 0xD0, 0xBA, 0x09, 0x67, 0x37, 0xDF, 0xEC, 0xA2, 0x33, 0x7E, 0x3C, 0x64, 0xD5,
    0xB7, 0x3E, 0xB2, 0x70, 0x09, 0xE3, 0xFF, 0x0C, 0x8D, 0x7F, 0xD7, 0xF9, 0x62, 0xBF, 0x60, 0x5A,
    0xF6, 0xC6, 0xAE, 0xF0, 0xBB, 0x45, 0x7D, 0x03, 0x36, 0xF7, 0x94, 0xA3, 0xEC, 0xD5, 0x45, 0xCB,
    0xAD, 0x13, 0xED, 0x94, 0x5D, 0xD0, 0xAB, 0xCE, 0x30, 0xE9, 0xA7, 0x50, 0xF5, 0x17, 0x41, 0xB9,
    0xD5, 0x01, 0x19, 0x4C, 0x6B, 0xAE, 0xB3, 0x3D, 0xE4, 0xFA, 0x53, 0x2B, 0xC2, 0xDB, 0x77, 0xD7,
    0x0B, 0x79, 0x43, 0xE2, 0xE7, 0x6B, 0x33, 0xF3, 0xB6, 0x72, 0xF1, 0xEE, 0xB2, 0x75, 0xD8, 0xEA,
    0xA1, 0x7C, 0xE3, 0x8E, 0xBC, 0xFC, 0xCC, 0xB5, 0xD4, 0xC7, 0xBE, 0x3D, 0x3B, 0xAB, 0xAA, 0x85,
    0x7A, 0x2F, 0xC0, 0xA5, 0x2F, 0xA7, 0xE4, 0xD6, 0x5D, 0x4A, 0x58, 0xA2, 0x25, 0x54, 0x7B, 0xE5,
    0x12, 0xB6, 0x83, 0x49, 0xE6, 0xC9, 0xA4, 0xDC, 0x3C, 0x4C, 0x59, 0x9B, 0xA5, 0xAC, 0xCC, 0x06,
    0x94, 0x13, 0x57, 0xA5, 0xAD, 0x98, 0x00, 0x2F, 0x19, 0xFC, 0x53, 0xEA, 0xA0, 0xD0, 0x86, 0x99,
    0x96, 0xFB, 0x4F, 0x57, 0x7E, 0x23, 0xD9, 0x2E, 0xD7, 0xD6, 0xFD, 0x91, 0xB9, 0x75, 0x0A, 0x49,
    0xAB, 0xFF, 0x9F, 0xA0, 0xB0, 0x46, 0x55, 0x9E, 0xF2, 0xCB, 0x15, 0xC6, 0x09, 0x17, 0x98, 0x48,
    0xCF, 0x1E, 0x90, 0x6C, 0x2A, 0xAE, 0xE6, 0x4C, 0x5B, 0xC9, 0xA5, 0xCE, 0x2F, 0x96, 0x59, 0xCA,
    0x26, 0xB3, 0x4C, 0x11, 0x6F, 0x5D, 0x66, 0xC9, 0x5B, 0x79, 0x25, 0x6A, 0x65, 0x41, 0xCD, 0x2B,
    0x4F, 0xD8, 0x93, 0xEC, 0x15, 0xB1, 0xAC, 0xA9, 0xB9, 0x5A, 0x8F, 0x08, 0x20, 0x89, 0xDC, 0x37,
    0x31, 0xBB, 0x7F, 0xC9, 0xAE, 0xE4, 0x4A, 0x45, 0xD8, 0xE4, 0x13, 0x79, 0x7F, 0xBF, 0xE8, 0xB9,
    0x47, 0x03, 0xCA, 0xD6, 0xA3, 0x01, 0xB6, 0x31, 0x6B, 0x1B, 0x12, 0xB3, 0xB8, 0xB5, 0xDF, 0x74,
    0x1F, 0x0C, 0x6D, 0x7F, 0x2D, 0x5E, 0x9C, 0xB3, 0x6C, 0xE2, 0x5E, 0x78, 0x52, 0xA8, 0xD7, 0x9D,
    0x04, 0x7B, 0xC5, 0x4D, 0x03, 0x14, 0x8A, 0x68, 0xEC, 0xCE, 0x49, 0xF2, 0xB4, 0xB4, 0x0B, 0x6F,
    0xFE, 0x36, 0xB8, 0x0F, 0x4F, 0xF3, 0x3D, 0xC5, 0x7E, 0xC5, 0xAE, 0x1B, 0xC4, 0x7C, 0xB9, 0xFF,
    0x55, 0xB9, 0x99, 0x15, 0x5C, 0xD1, 0xE1, 0xE4, 0xD8, 0x93, 0x8B, 0x47, 0xA8, 0x51, 0x92, 0x0C,
    0xD5, 0x76, 0xCA, 0xC8, 0xEB, 0x25, 0xBA, 0xF3, 0x01, 0xD7, 0xC9, 0x84, 0x1D, 0x8C, 0xBF, 0x9D,
    0xA6, 0x52, 0xBF, 0xA2, 0x1A, 0xEA, 0xF4, 0x9A, 0x3D, 0xF5, 0x8B, 0x29, 0x43, 0x76, 0x2D, 0xF5,
    0x64, 0x23, 0xA6, 0xB4, 0xB5, 0x4B, 0x54, 0x6E, 0xEA, 0x2D, 0xF1, 0xCB, 0xAF, 0x96, 0x7E, 0x8B,
    0x4F, 0xA6, 0xEB, 0x6B, 0x75, 0x44, 0xD6, 0x44, 0x10, 0x93, 0xB1, 0x8B, 0xBF, 0x63, 0x1D, 0xA8,
    0x8C, 0x46, 0x52, 0xC6, 0x59, 0xB0, 0x88, 0x35, 0xD4, 0x25, 0x3A, 0x8D, 0xEA, 0x98, 0xF7, 0x35,
    0xC8, 0x5C, 0x68, 0x87, 0x3E, 0xD6, 0xB3, 0xC6, 0x3A, 0xDD, 0x58, 0x59, 0x8C, 0xB5, 0x9C, 0x1D,
    0x7E, 0x52, 0x65, 0x69, 0xF5, 0xBD, 0xF4, 0x56, 0x71, 0x3D, 0x3C, 0x9F, 0x83, 0x5B, 0xD8, 0xD1,
    0xC9, 0x5B, 0xD5, 0xAF, 0xDD, 0x15, 0xB6, 0xEA, 0xD7, 0x36, 0xB7, 0xF9, 0x6C, 0x8D, 0xDB, 0xF3,
    0x3C, 0xDE, 0x5A, 0x60, 0xEC, 0x98, 0xDA, 0x81, 0x6B, 0xBE, 0x11, 0x68, 0x11, 0x66, 0x11, 0x64,
    0xA1, 0x74, 0xD3, 0x6C, 0xDF, 0x02, 0x35, 0xFF, 0x94, 0x5F, 0xD6, 0x0A, 0x83, 0x6E, 0x27, 0x57,
    0xB3, 0x61, 0x24, 0xAD, 0x9B, 0xE9, 0xCE, 0xA5, 0xD5, 0xA5, 0x48, 0x60, 0x41, 0x04, 0xBA, 0x52,
    0xB0, 0xB3, 0x33, 0x16, 0x07, 0xC1, 0x3F, 0x70, 0x87, 0xB7, 0x92, 0xA8, 0x01, 0x10, 0x38, 0x16,
    0xDC, 0xEF, 0x41, 0x06, 0x4B, 0xC4, 0x31, 0xAC, 0xDF, 0xC8, 0x92, 0x03, 0x0D, 0x2C, 0x17, 0x0F,
    0x6C, 0x04, 0x5B, 0x21, 0xD8, 0x93, 0xE2, 0x52, 0x1E, 0x71, 0x77, 0x2C, 0x79, 0xF9, 0x55, 0xC9,
    0xFA, 0xBB, 0xE2, 0x53, 0x82, 0xD3, 0x17, 0xD2, 0xD4, 0x3F, 0xF1, 0xCC, 0xB7, 0xB1, 0x0B, 0xBB,
    0xED, 0x7F, 0xCE, 0xAD, 0x42, 0x1D, 0xAB, 0x2A, 0x54, 0x97, 0x6A, 0x1E, 0x65, 0xC1, 0x0B, 0x75,
    0x42, 0x55, 0x23, 0x11, 0x0A, 0x55, 0xA1, 0x0F, 0x05, 0xFA, 0x98, 0xFE, 0x18, 0xE2, 0x9C, 0x5C,
    0x31, 0xFF, 0x18, 0xB3, 0x4F, 0x70, 0xB7, 0x76, 0xF8, 0xB9, 0xD6, 0xF0, 0x69, 0xF5, 0x99, 0x4E,
    0x5B, 0x46, 0x4D, 0xEF, 0xEF, 0x1D, 0x27, 0xDD, 0x78, 0x56, 0x52, 0x35, 0x79, 0x83, 0xC0, 0xBD,
    0x53, 0x2F, 0x4B, 0xBB, 0x55, 0x9D, 0xCB, 0x07, 0x28, 0x1A, 0xCF, 0x7D, 0xF4, 0x08, 0x16, 0x35,
    0xBD, 0x91, 0xD2, 0x5B, 0x6C, 0xD2, 0xCB, 0x37, 0xE9, 0xCD, 0x6E, 0x46, 0xCF, 0x77, 0x18, 0x95,
    0xB4, 0x96, 0xA5, 0xC7, 0x67, 0x0B, 0xD3, 0x23, 0x3C, 0x7E, 0xA3, 0x9C, 0xF0, 0xA0, 0xDE, 0x31,
    0x1B, 0x6E, 0x79, 0x92, 0xEF, 0x89, 0xF9, 0xE4, 0x78, 0xD3, 0x27, 0xB7, 0x50, 0x2D, 0x7E, 0x14,
    0xD5, 0x43, 0xAB, 0xAD, 0x87, 0x3F, 0xB0, 0xB8, 0xB6, 0x58, 0xD2, 0xC9, 0xCF, 0x46, 0x0F, 0x36,
    0x00, 0x3A, 0x5F, 0x9D, 0x98, 0xDD, 0xA5, 0x01, 0x7C, 0x46, 0xBB, 0x27, 0x3B, 0x07, 0x18, 0x23,
    0x57, 0x4E, 0xF1, 0x00, 0xC2, 0xE9, 0xA9, 0x3D, 0x18, 0xC7, 0x05, 0x8C, 0x3E, 0xA9, 0x5A, 0xDC,
    0xEA, 0x02, 0x6E, 0x3C, 0xEC, 0x8D, 0x70, 0xAC, 0x2D, 0x49, 0xD4, 0xE5, 0x4F, 0xFF, 0xD6, 0x24,
    0xC1, 0x9A, 0xDB, 0xDD, 0xAD, 0xDF, 0x56, 0xBA, 0x65, 0xAE, 0x35, 0x61, 0x19, 0xB7, 0xDB, 0x8E,
    0x25, 0xBE, 0xD0, 0xFE, 0xCD, 0xC6, 0xBD, 0x43, 0x14, 0x41, 0x8A, 0x2B, 0xCA, 0x63, 0x24, 0x40,
    0x9D, 0x6B, 0x88, 0x2F, 0xAC, 0x54, 0x09, 0x2D, 0x8E, 0xC2, 0x42, 0xB3, 0x6A, 0x58, 0x68, 0x62,
    0x0C, 0x16, 0x78, 0x70, 0xA5, 0x04, 0x16, 0xB6, 0xDE, 0xC3, 0xDC, 0x9B, 0x9B, 0xD6, 0x9E, 0xCC,
    0x60, 0x7F, 0x59, 0xDF, 0xA7, 0xDE, 0xBC, 0x3F, 0x64, 0xCD, 0x13, 0xD5, 0xB2, 0xDD, 0xB7, 0xB1,
    0xBF, 0xC3, 0xD9, 0x98, 0x50, 0x20, 0xC9, 0x23, 0x4B, 0xAB, 0x18, 0x20, 0x6F, 0xE0, 0xFE, 0x00,
    0xAE, 0x67, 0x89, 0xEB, 0x37, 0xC6, 0x85, 0x47, 0x92, 0x95, 0x73, 0xEC, 0x20, 0x9C, 0x63, 0xCE,
    0x23, 0x8C, 0x72, 0x8C, 0xF1, 0xD3, 0xC2, 0x6F, 0x4A, 0x25, 0xCD, 0x1D, 0x26, 0xBF, 0x89, 0xF1,
    0x78, 0xE9, 0x1F, 0x3B, 0x66, 0x7C, 0xBB, 0x47, 0xA3, 0x37, 0x37, 0x14, 0xB9, 0x3F, 0x96, 0x7B,
    0xC1, 0x5F, 0x37, 0x8C, 0xBE, 0xBC, 0x99, 0xD1, 0x18, 0xBF, 0xFF, 0x2A, 0xA3, 0xD3, 0xC6, 0xE8,
    0x3E, 0x8C, 0x9E, 0xC2, 0xE8, 0x69, 0x9D, 0x21, 0x59, 0x65, 0x24, 0x70, 0xE8, 0xA4, 0xDE, 0xBC,
    0x0B, 0xEA, 0xCD, 0xBB, 0x07, 0x3B, 0xF2, 0x8D, 0x2E, 0x9F, 0x78, 0xE2, 0x93, 0xCB, 0xE3, 0x7A,
    0xC9, 0x30, 0x68, 0xCE, 0x77, 0xE1, 0x20, 0xEE, 0x7F, 0x9B, 0x94, 0xEA, 0x9E, 0x09, 0xEF, 0x23,
    0xBF, 0x57, 0x62, 0xB7, 0x24, 0xDB, 0x09, 0x1C, 0xED, 0xFF, 0x46, 0x08, 0x42, 0x99, 0xC4, 0x1F,
    0xAF, 0x76, 0x41, 0xE3, 0xFF, 0x4D, 0x52, 0x3B, 0x8E, 0xD4, 0x40, 0x10, 0x7D, 0x76, 0x6B, 0xD5,
    0x41, 0x07, 0x9D, 0x40, 0xBA, 0xBE, 0x00, 0xA2, 0x2F, 0x30, 0x33, 0x36, 0x22, 0x20, 0x20, 0xD9,
    0x00, 0xC7, 0x7B, 0x0D, 0x82, 0x99, 0xB5, 0x89, 0x38, 0x01, 0x11, 0xD7, 0xD8, 0xD0, 0x68, 0x5A,
    0x5C, 0x80, 0x16, 0x12, 0xC4, 0x96, 0xB8, 0x80, 0x25, 0x1C, 0x18, 0xC9, 0xB3, 0x45, 0x55, 0xF5,
    0x7A, 0xC1, 0xEA, 0x2A, 0x75, 0xD7, 0xF7, 0xBD, 0x2A, 0x5F, 0xB5, 0x4D, 0xA0, 0x58, 0x53, 0x6C,
    0xDB, 0x16, 0x44, 0xD4, 0x8B, 0xB4, 0xF2, 0xDD, 0x90, 0x7C, 0x4B, 0xD6, 0x18, 0x4D, 0xB4, 0xBD,
    0x47, 0x68, 0xEA, 0x58, 0xC7, 0xAA, 0xB1, 0xD1, 0x4F, 0x7E, 0x72, 0xC9, 0x44, 0x87, 0x6B, 0xEC,
    0xE0, 0xB3, 0x9D, 0x23, 0xE4, 0x75, 0x0F, 0x8C, 0xEF, 0x4D, 0x9C, 0xEC, 0x87, 0xE4, 0x4D, 0x0C,
    0x6F, 0x53, 0xFD, 0x6D, 0xE2, 0x53, 0xBD, 0x89, 0xF6, 0xEB, 0xE4, 0x7F, 0x2D, 0xFE, 0xF7, 0xE2,
    0xBE, 0xCF, 0x26, 0x8E, 0xCE, 0xC4, 0x6B, 0xDB, 0xEC, 0x3C, 0xFC, 0xEB, 0x14, 0x72, 0xCC, 0xC7,
    0xD1, 0x6F, 0xC6, 0xFB, 0x17, 0x40, 0x31, 0x01, 0x25, 0x8B, 0x19, 0x59, 0x12, 0x60, 0x23, 0x3A,
    0xA2, 0xF5, 0xCC, 0x98, 0xDA, 0xDB, 0x4F, 0x37, 0xDC, 0x18, 0xA8, 0x00, 0x04, 0x96, 0xC3, 0xA3,
    0xEC, 0x59, 0x8E, 0x2C, 0x03, 0xCB, 0xF2, 0x28, 0xF3, 0xBF, 0x52, 0x39, 0x41, 0x33, 0x34, 0x5C,
    0xE3, 0x25, 0xC1, 0x32, 0xD3, 0xE8, 0x64, 0x00, 0x57, 0xED, 0x9F, 0x36, 0x27, 0x69, 0x56, 0x4E,
    0x33, 0xAA, 0x18, 0x47, 0x4D, 0x74, 0x51, 0x14, 0x78, 0x7E, 0xFB, 0xE3, 0x1D, 0xE0, 0x7B, 0x6C,
    0xAA, 0xF9, 0xBF, 0x7A, 0xF1, 0x00, 0x4F, 0x29, 0xD0, 0x54, 0xD3, 0xD2, 0xD1, 0x9A, 0x0F, 0xDF,
    0xD9, 0xC2, 0x76, 0xF6, 0xEE, 0xB1, 0x94, 0x23, 0x95, 0x17, 0x3B, 0xAB, 0xD2, 0x67, 0x71, 0xEE,
    0x51, 0x48, 0x63, 0x38, 0x9A, 0xB5, 0x1D, 0x57, 0xFC, 0xB9, 0xC2, 0xC7, 0x8C, 0xF7, 0xC0, 0x3B,
    0x90, 0xDB, 0x8E, 0xFB, 0x28, 0x7A, 0x46, 0x5E, 0x61, 0x45, 0x26, 0x12, 0x32, 0x41, 0x84, 0xFE,
    0x8B, 0x4D, 0x7A, 0xF3, 0xB4, 0xE4, 0x54, 0x94, 0x8C, 0x05, 0xCF, 0x90, 0xCF, 0xC9, 0x52, 0xCF,
    0x06, 0x99, 0x4E, 0xA0, 0xD1, 0x73, 0x2B, 0xE6, 0xD7, 0x95, 0x4B, 0xFD, 0x8A, 0x4B, 0xD9, 0xB4,
    0x62, 0xD8, 0xCB, 0x5C, 0x7C, 0x3F, 0x63, 0x77, 0xC4, 0x4B, 0x26, 0xCD, 0xD3, 0xD8, 0x0F, 0xC2,
    0x6B, 0xE0, 0x81, 0x1E, 0x8F, 0xDC, 0x9C, 0x61, 0x0E, 0x58, 0x0F, 0x38, 0xC9, 0x68, 0xEA, 0xCF,
    0x73, 0x60, 0x98, 0x2E, 0xA2, 0xA2, 0xE4, 0x68, 0x42, 0xD5, 0xA0, 0x7C, 0x40, 0x71, 0x6E, 0x18,
    0x0C, 0x3A, 0x14, 0xAB, 0x44, 0xF9, 0x24, 0xF0, 0xEF, 0x74, 0xF0, 0x41, 0x87, 0xC6, 0x09, 0x4C,
    0x92, 0x61, 0xB3, 0x57, 0x78, 0x73, 0xFB, 0x93, 0x74, 0x93, 0xFC, 0xAA, 0x97, 0xCB, 0x05, 0x66,
    0x86, 0x1B, 0xE5, 0xD5, 0x29, 0x11, 0x1D, 0x8A, 0x92, 0xD2, 0x1D, 0x9E, 0x44, 0xAD, 0xDB, 0x96,
    0x94, 0xB6, 0x2E, 0xA3, 0x7E, 0x72, 0x2E, 0xDB, 0xF6, 0x9C, 0x24, 0x55, 0x4F, 0x4E, 0xF9, 0x41,
    0x74, 0xD6, 0x5A, 0x31, 0x3B, 0x9B, 0xED, 0xAF, 0xF8, 0x0B, 0x63, 0x60, 0xFC, 0xC2, 0xC0, 0xFE,
    0x81, 0x41, 0xFE, 0x03, 0x43, 0xDD, 0x07, 0xC6, 0x4F, 0x0F, 0xD8, 0x0F, 0x5F, 0x90, 0x67, 0x3E,
    0x50, 0xFF, 0xFF, 0xC7, 0xFE, 0xFF, 0x3F, 0x18, 0xB8, 0x1D, 0x18, 0xF8, 0x81, 0x88, 0x01, 0x00,
    0x3D, 0x90, 0xBD, 0x0D, 0x83, 0x40, 0x0C, 0x46, 0x1F, 0x20, 0x85, 0x22, 0x05, 0x69, 0x52, 0x33,
    0x02, 0x1B, 0x04, 0x96, 0x60, 0x0E, 0x26, 0x48, 0x74, 0x4B, 0x44, 0x99, 0x26, 0xE1, 0xBA, 0xB4,
    0x8C, 0x40, 0x91, 0x01, 0x28, 0x28, 0x40, 0x21, 0x38, 0xF6, 0xE5, 0xE7, 0xA4, 0x7B, 0x92, 0xED,
    0xCF, 0xDF, 0xD9, 0x07, 0x30, 0xE9, 0x4D, 0x45, 0x3C, 0x6C, 0x45, 0x9C, 0x06, 0xC9, 0x80, 0xB1,
    0x87, 0xCD, 0x9A, 0x74, 0x50, 0xC8, 0x5D, 0x8B, 0xED, 0xE5, 0xE9, 0x89, 0x16, 0x5A, 0x6F, 0x82,
    0xD2, 0x91, 0x76, 0x14, 0x15, 0x99, 0xFF, 0x11, 0x32, 0xF7, 0xE5, 0x01, 0xCB, 0x1C, 0x03, 0x5F,
    0xEA, 0xDB, 0x27, 0x8B, 0x1A, 0xCE, 0x8D, 0x32, 0x92, 0x55, 0x49, 0xF1, 0x30, 0x86, 0xB3, 0xAF,
    0xEB, 0x5A, 0xED, 0x45, 0x04, 0x24, 0x10, 0x62, 0xD1, 0xD7, 0x29, 0x65, 0xB5, 0x86, 0xB3, 0x4E,
    0x95, 0x8E, 0xE4, 0x9E, 0xAC, 0x23, 0x75, 0x94, 0x95, 0x49, 0x4E, 0x86, 0x4C, 0x64, 0xB4, 0x01,
    0x83, 0x3C, 0x38, 0x46, 0xB6, 0x8E, 0x76, 0x5A, 0xD0, 0xCA, 0xF4, 0xCF, 0x7C, 0xAA, 0xC6, 0x1D,
    0xDC, 0xE0, 0xAA, 0x22, 0x17, 0x6B, 0x98, 0xCF, 0xCD, 0x10, 0x3E, 0xC0, 0x56, 0x6F, 0x55, 0xFB,
    0x06, 0xB5, 0x53, 0xA1, 0x6E, 0xDC, 0x40, 0x10, 0x7D, 0x67, 0x4B, 0x31, 0x38, 0x60, 0xD2, 0x93,
    0x52, 0x15, 0x2C, 0x29, 0xAD, 0xFC, 0x05, 0xE9, 0x5A, 0xFD, 0x82, 0x80, 0x1E, 0x2E, 0x0F, 0x31,
    0x2D, 0x88, 0x73, 0xFE, 0x84, 0xF0, 0xD0, 0x82, 0xCA, 0x05, 0x21, 0x01, 0x05, 0x77, 0xB2, 0x3F,
    0x61, 0x49, 0xB9, 0xC1, 0x49, 0xA5, 0x06, 0x06, 0x4E, 0xB5, 0xF1, 0xF4, 0x8D, 0xED, 0xAD, 0x8A,
    0x2B, 0x75, 0xEF, 0x9E, 0x65, 0xCD, 0x7B, 0xF3, 0x66, 0xC6, 0x1E, 0xC7, 0xCF, 0x40, 0x2C, 0x03,
    0xA2, 0xC7, 0x09, 0xC0, 0xA1, 0x02, 0xB6, 0x0E, 0xC5, 0xCF, 0x3E, 0x16, 0xE9, 0xD3, 0x73, 0x31,
    0x64, 0x55, 0x32, 0x5A, 0x44, 0xFE, 0x04, 0xF8, 0x23, 0xE1, 0x57, 0xE8, 0x3D, 0x63, 0xCA, 0x0D,
    0x36, 0x4F, 0xFA, 0xB4, 0x33, 0x8E, 0x39, 0x39, 0x9A, 0x11, 0x7A, 0x44, 0xC4, 0x2B, 0xA6, 0xBA,
    0xF6, 0x8C, 0x1C, 0xFF, 0x07, 0x06, 0xC2, 0xB2, 0xC8, 0x8C, 0xBA, 0xAE, 0x4D, 0xCB, 0xEE, 0x3B,
    0xCE, 0x43, 0x02, 0x5E, 0xC7, 0x21, 0xB2, 0x1C, 0x48, 0x49, 0xC4, 0x3D, 0xB0, 0xD1, 0xDE, 0x4E,
    0x0B, 0xF4, 0x5E, 0x63, 0xCA, 0xA9, 0xE6, 0x6E, 0xC9, 0xD1, 0x5C, 0xF5, 0x50, 0x2F, 0xF5, 0x0C,
    0xFE, 0xCD, 0x8A, 0xDD, 0x7E, 0xBF, 0xA7, 0x32, 0xA6, 0x64, 0x4E, 0x45, 0xA6, 0xD3, 0xBE, 0xC7,
    0x5A, 0x31, 0xA2, 0x23, 0x12, 0xA7, 0x64, 0x15, 0xC8, 0x52, 0x2F, 0x5A, 0x59, 0xCB, 0x61, 0xDB,
    0x06, 0xD2, 0x6A, 0x9C, 0xCF, 0x11, 0x9B, 0x21, 0x38, 0xCE, 0xA4, 0xC9, 0x83, 0x63, 0x09, 0xE1,
    0x6F, 0xCE, 0x5F, 0x94, 0x7E, 0x75, 0x1A, 0x96, 0x24, 0xAD, 0x16, 0x07, 0x74, 0x4B, 0xE1, 0xA4,
    0x5D, 0x6C, 0xB4, 0xB9, 0xB4, 0x12, 0x97, 0xE6, 0xD2, 0x9B, 0xFC, 0x66, 0x60, 0x2B, 0x23, 0x71,
    0xA4, 0x71, 0x49, 0xD8, 0x2B, 0x76, 0x47, 0xCB, 0x94, 0x96, 0x5B, 0x22, 0x19, 0xD7, 0xE7, 0xC6,
    0xF3, 0x11, 0x9B, 0x6B, 0x24, 0x52, 0x65, 0x2F, 0xC8, 0xA4, 0x17, 0xA9, 0xEC, 0x07, 0x19, 0x4D,
    0x7B, 0x8B, 0x83, 0x8B, 0xDD, 0x11, 0xB6, 0x8D, 0xBB, 0x12, 0x4D, 0x9F, 0x38, 0xFB, 0xF0, 0x6B,
    0x2A, 0x5A, 0x23, 0xEE, 0x20, 0x79, 0x34, 0x61, 0x4B, 0x0F, 0x66, 0x9A, 0x11, 0x57, 0x1E, 0xB7,
    0x4F, 0xF8, 0x3E, 0x37, 0xFB, 0x0F, 0xFF, 0x01, 0x9F, 0x7B, 0xBC, 0xF4, 0x68, 0x5A, 0xEC, 0x68,
    0xF9, 0x15, 0xAF, 0x52, 0x71, 0xA5, 0xFD, 0x26, 0xFE, 0x1D, 0x8A, 0x0E, 0xEB, 0x89, 0x9E, 0xF1,
    0xD6, 0xC8, 0xF9, 0x64, 0x1F, 0x64, 0x7C, 0x8D, 0xC2, 0xCD, 0x9D, 0x23, 0xFA, 0xF3, 0x5E, 0xC3,
    0x2B, 0xBB, 0xA9, 0xA7, 0x9A, 0x5B, 0xCA, 0x19, 0x3B, 0xEC, 0x3E, 0xFD, 0xD8, 0x87, 0x78, 0xE4,
    0x17, 0x25, 0x17, 0x1E, 0xA6, 0x9A, 0x2D, 0x2F, 0x81, 0x0B, 0x46, 0x1B, 0x0F, 0x0E, 0x95, 0xC8,
    0x19, 0x0D, 0x3F, 0x0F, 0x2E, 0x35, 0x44, 0xD7, 0x42, 0x58, 0x3A, 0x93, 0x7B, 0x6C, 0xC8, 0xCF,
    0x3A, 0x5C, 0x72, 0x43, 0xBE, 0x84, 0x55, 0x57, 0x0B, 0xFD, 0x88, 0x54, 0x9B, 0x09, 0x4D, 0x8B,
    0x29, 0xA7, 0x96, 0xFD, 0x24, 0xEA, 0x39, 0xA2, 0x90, 0xFC, 0x0D, 0x3D, 0x84, 0x11, 0x32, 0xB8,
    0xA7, 0xF6, 0xEF, 0xFC, 0xDF, 0x85, 0x92, 0x31, 0x6E, 0x83, 0x40, 0x10, 0x45, 0x3F, 0xA6, 0xA0,
    0x70, 0xB1, 0xA5, 0xCB, 0xBD, 0x81, 0x39, 0x81, 0x59, 0x8E, 0xE0, 0xC2, 0x4A, 0x4E, 0x43, 0xCC,
    0xC1, 0x2C, 0x67, 0x8F, 0x40, 0x91, 0x03, 0xB8, 0xC8, 0x01, 0xB6, 0xC0, 0x12, 0x05, 0x16, 0xF9,
    0x7F, 0x26, 0x75, 0x82, 0xC4, 0xCC, 0x0A, 0x16, 0xFE, 0x9B, 0x07, 0xC0, 0x19, 0x17, 0xC4, 0x25,
    0xAC, 0x48, 0x73, 0x5A, 0x70, 0xC7, 0x07, 0xB0, 0xE2, 0x06, 0xCC, 0x6C, 0x55, 0xC1, 0x82, 0xEB,
    0xB6, 0x6D, 0x0F, 0x95, 0xE9, 0xF0, 0x7C, 0x7F, 0xF6, 0xF5, 0x54, 0x17, 0x34, 0xB9, 0x7E, 0x60,
    0x9F, 0x9B, 0x09, 0x21, 0xEF, 0x33, 0xC2, 0x18, 0x32, 0x62, 0x1F, 0x46, 0x44, 0xAE, 0xD1, 0x72,
    0x8D, 0xC4, 0x86, 0x8E, 0x0D, 0x03, 0x1B, 0xDF, 0x78, 0x52, 0x19, 0xC0, 0xE3, 0xCC, 0x65, 0x5C,
    0x3E, 0xC1, 0x48, 0x96, 0xBB, 0xEE, 0xAC, 0xBA, 0x3E, 0xF3, 0x64, 0x24, 0x14, 0x39, 0xAB, 0x14,
    0x30, 0xB2, 0x80, 0x91, 0x8F, 0x3F, 0x23, 0xFB, 0xFF, 0x23, 0xA1, 0x48, 0x28, 0x32, 0x2A, 0xB2,
    0x55, 0x64, 0x52, 0x64, 0xA7, 0xC8, 0x81, 0x69, 0xF9, 0xE6, 0xE5, 0xF0, 0xEC, 0x57, 0x46, 0x72,
    0xF2, 0x26, 0x57, 0x33, 0x23, 0x77, 0x85, 0x91, 0x1C, 0x3A, 0x8C, 0x24, 0x88, 0x14, 0xC0, 0x48,
    0x62, 0xB4, 0xBC, 0xC5, 0x57, 0x10, 0xA3, 0xD3, 0xD0, 0x03, 0xC2, 0x17, 0xD3, 0x82, 0xE4, 0x35,
    0xAB, 0x45, 0x5E, 0x8E, 0x30, 0xB5, 0xD7, 0xDE, 0xE4, 0xB2, 0x49, 0xEF, 0xF1, 0x57, 0xB0, 0x2B,
    0x86, 0x4B, 0xB6, 0x99, 0xB7, 0xCD, 0x6D, 0x73, 0x78, 0xA9, 0x7E, 0xB3, 0xC9, 0xCB, 0xCE, 0x75,
    0x13, 0x40, 0xD3, 0x13, 0x41, 0xF3, 0x13, 0x42, 0x06, 0x1A, 0x77, 0x40, 0x90, 0xE8, 0x46, 0x5A,
    0x77, 0x92, 0x5C, 0x88, 0x5C, 0x44, 0xB7, 0xD1, 0xBA, 0x8F, 0xE4, 0x46, 0x3A, 0x77, 0x72, 0x81,
    0x03, 0x9A, 0x97, 0xB4, 0xF0, 0x41, 0x01, 0xF2, 0x41, 0x01, 0xB6, 0x0E, 0x98, 0x1C, 0xB0, 0xF3,
    0xFF, 0xE0, 0x64, 0x6D, 0x1A, 0x0C, 0xB0, 0xBF, 0x19, 0x20, 0x37, 0xD9, 0xC7, 0x59, 0xFC, 0xF3,
    0xCC, 0x06, 0x58, 0x15, 0x03, 0x22, 0xBC, 0x80, 0xB8, 0x29, 0xBA, 0x3F, 0x71, 0x71, 0x53, 0x72,
    0x7D, 0x02, 0x64, 0x13, 0x50, 0xF8, 0x36, 0xC0, 0xFD, 0xCB, 0x00, 0xEB, 0x15, 0x3F, 0xDB, 0xB5,
    0x6A, 0xD5, 0x83, 0x07, 0x0C, 0x0C, 0x0B, 0x1E, 0x30, 0x30, 0x26, 0x9C, 0x60, 0x60, 0x52, 0x38,
    0xCA, 0xC0, 0xAA, 0x70, 0x88, 0x81, 0x43, 0xE1, 0x40, 0x83, 0x02, 0x10, 0x07, 0x28, 0x1C, 0x50,
    0x68, 0x50, 0x38, 0x20, 0xEA, 0xA0, 0x70, 0x80, 0x8B, 0x01, 0x82, 0xA5, 0x1C, 0x20, 0x62, 0x01,
    0x01, 0x60, 0x35, 0x20, 0xB5, 0xC7, 0x80, 0x18, 0xA4, 0xF7, 0x0A, 0xD0, 0x0C, 0x90, 0x59, 0xFF,
    0xFF, 0xFF, 0x7F, 0x00, 0x00,
};

static const EpdGlyph lexica_15_italicGlyphs[] = {
    { 0, 0, 0, 0, 0, 0, 0 }, // U+000D
    { 0, 0, 140, 0, 0, 0, 0 }, // U+0020
    { 9, 21, 142, 0, 21, 48, 0 }, // !
    { 8, 7, 167, 2, 21, 14, 48 }, // "
    { 19, 21, 317, 1, 21, 100, 62 }, // #
    { 17, 27, 305, 1, 24, 115, 162 }, // $
    { 28, 21, 500, 2, 21, 147, 277 }, // %
    { 20, 21, 346, 0, 21, 105, 424 }, // &
    { 4, 7, 97, 2, 21, 7, 529 }, // '
    { 11, 26, 151, 0, 21, 72, 536 }, // (
    { 10, 26, 151, -2, 21, 65, 608 }, // )
    { 10, 11, 220, 3, 22, 28, 673 }, // *
    { 16, 16, 310, 1, 16, 64, 701 }, // +
    { 6, 8, 105, -2, 4, 12, 765 }, // ,
    { 11, 3, 186, 0, 10, 9, 777 }, // -
    { 5, 4, 104, -1, 4, 5, 786 }, // .
    { 16, 21, 186, -2, 21, 84, 791 }, // /
    { 17, 21, 327, 2, 21, 90, 875 }, // 0
    { 11, 21, 202, 2, 21, 58, 965 }, // 1
    { 19, 21, 283, -1, 21, 100, 1023 }, // 2
    { 16, 21, 290, 1, 21, 84, 1123 }, // 3
    { 19, 21, 318, 0, 21, 100, 1207 }, // 4
    { 18, 21, 288, 0, 21, 95, 1307 }, // 5
    { 17, 21, 303, 1, 21, 90, 1402 }, // 6
    { 18, 21, 269, 0, 21, 95, 1492 }, // 7
    { 16, 21, 309, 1, 21, 84, 1587 }, // 8
    { 16, 21, 301, 2, 21, 84, 1671 }, // 9
    { 8, 16, 104, -1, 16, 32, 1755 }, // :
    { 9, 20, 105, -2, 16, 45, 1787 }, // ;
    { 15, 16, 307, 1, 16, 60, 1832 }, // <
    { 17, 9, 329, 1, 13, 39, 1892 }, // =
    { 16, 16, 307, 2, 16, 64, 1931 }, // >
    { 15, 21, 264, 2, 21, 79, 1995 }, // ?
    { 22, 21, 392, 2, 21, 116, 2074 }, // @
    { 20, 21, 314, -2, 21, 105, 2190 }, // A
    { 19, 21, 313, 0, 21, 100, 2295 }, // B
    { 20, 21, 331, 1, 21, 105, 2395 }, // C
    { 20, 21, 337, 0, 21, 105, 2500 }, // D
    { 20, 21, 283, 0, 21, 105, 2605 }, // E
    { 19, 21, 273, 0, 21, 100, 2710 }, // F
    { 20, 21, 356, 1, 21, 105, 2810 }, // G
    { 22, 21, 347, 0, 21, 116, 2915 }, // H
    { 14, 21, 207, 0, 21, 74, 3031 }, // I
    { 18, 21, 255, -1, 21, 95, 3105 }, // J
    { 21, 21, 312, 0, 21, 111, 3200 }, // K
    { 16, 21, 271, 0, 21, 84, 3311 }, // L
    { 26, 21, 412, 0, 21, 137, 3395 }, // M
    { 22, 21, 347, 0, 21, 116, 3532 }, // N
    { 21, 21, 364, 1, 21, 111, 3648 }, // O
    { 19, 21, 299, 0, 21, 100, 3759 }, // P
    { 21, 24, 374, 1, 22, 126, 3859 }, // Q
    { 19, 21, 305, 0, 21, 100, 3985 }, // R
    { 17, 21, 305, 1, 21, 90, 4085 }, // S
    { 18, 21, 279, 2, 21, 95, 4175 }, // T
    { 21, 21, 347, 1, 21, 111, 4270 }, // U
    { 19, 21, 296, 2, 21, 100, 4381 }, // V
    { 27, 21, 422, 2, 21, 142, 4481 }, // W
    { 24, 21, 312, -2, 21, 126, 4623 }, // X
    { 19, 21, 299, 2, 21, 100, 4749 }, // Y
    { 21, 21, 307, -1, 21, 111, 4849 }, // Z
    { 13, 26, 159, -1, 21, 85, 4960 }, // [
    { 12, 21, 260, 2, 21, 63, 5045 }, // <backslash>
    { 12, 26, 159, -2, 21, 78, 5108 }, // ]
    { 15, 12, 276, 1, 22, 45, 5186 }, // ^
    { 12, 3, 207, -1, 0, 9, 5231 }, // _
    { 5, 5, 136, 4, 23, 7, 5240 }, // `
    { 15, 16, 261, 0, 16, 60, 5247 }, // a
    { 16, 21, 278, 0, 21, 84, 5307 }, // b
    { 16, 16, 248, 0, 16, 64, 5391 }, // c
    { 18, 21, 278, 0, 21, 95, 5455 }, // d
    { 16, 16, 271, 0, 16, 64, 5550 }, // e
    { 11, 23, 160, 1, 23, 64, 5614 }, // f
    { 18, 22, 278, -1, 16, 99, 5678 }, // g
    { 16, 21, 274, 0, 21, 84, 5777 }, // h
    { 9, 23, 135, 1, 23, 52, 5861 }, // i
    { 14, 28, 129, -5, 23, 98, 5913 }, // j
    { 16, 21, 244, 0, 21, 84, 6011 }, // k
    { 8, 21, 130, 0, 21, 42, 6095 }, // l
    { 25, 16, 423, 0, 16, 100, 6137 }, // m
    { 16, 16, 275, 0, 16, 64, 6237 }, // n
    { 16, 16, 274, 0, 16, 64, 6301 }, // o
    { 17, 21, 278, -1, 16, 90, 6365 }, // p
    { 18, 21, 278, 0, 16, 95, 6455 }, // q
    { 12, 16, 177, 0, 16, 48, 6550 }, // r
    { 14, 16, 240, 0, 16, 56, 6598 }, // s
    { 10, 20, 162, 1, 20, 50, 6654 }, // t
    { 16, 16, 270, 1, 16, 64, 6704 }, // u
    { 15, 16, 222, 1, 16, 60, 6768 }, // v
    { 21, 16, 329, 1, 16, 84, 6828 }, // w
    { 18, 16, 231, -2, 16, 72, 6912 }, // x
    { 17, 21, 218, -2, 16, 90, 6984 }, // y
    { 16, 16, 234, -1, 16, 64, 7074 }, // z
    { 12, 26, 161, 0, 21, 78, 7138 }, // {
    { 3, 26, 145, 3, 21, 20, 7216 }, // |
    { 11, 26, 161, -2, 21, 72, 7236 }, // }
    { 16, 4, 270, 0, 10, 16, 7308 }, // ~
    { 0, 0, 140, 0, 0, 0, 0 }, // U+00A0
    { 8, 21, 142, 0, 16, 42, 0 }, // U+00A1
    { 15, 22, 246, 0, 19, 83, 42 }, // U+00A2
    { 19, 21, 293, 0, 21, 100, 125 }, // U+00A3
    { 15, 16, 333, 3, 18, 60, 225 }, // U+00A4
    { 20, 21, 299, 1, 21, 105, 285 }, // U+00A5
    { 3, 26, 145, 3, 21, 20, 390 }, // U+00A6
    { 19, 26, 263, -2, 21, 124, 410 }, // U+00A7
    { 10, 3, 214, 4, 22, 8, 534 }, // U+00A8
    { 22, 22, 407, 2, 22, 121, 542 }, // U+00A9
    { 9, 9, 182, 2, 22, 21, 663 }, // U+00AA
    { 16, 13, 282, 1, 14, 52, 684 }, // U+00AB
    { 16, 10, 334, 2, 13, 40, 736 }, // U+00AC
    { 11, 3, 186, 0, 10, 9, 776 }, // U+00AD
    { 22, 22, 407, 2, 22, 121, 785 }, // U+00AE
    { 10, 3, 191, 3, 22, 8, 906 }, // U+00AF
    { 10, 9, 179, 2, 22, 23, 914 }, // U+00B0
    { 15, 16, 327, 2, 16, 60, 937 }, // U+00B1
    { 11, 12, 192, 1, 25, 33, 997 }, // U+00B2
    { 11, 12, 197, 2, 25, 33, 1030 }, // U+00B3
    { 7, 5, 136, 3, 23, 9, 1063 }, // U+00B4
    { 18, 21, 277, -1, 16, 95, 1072 }, // U+00B5
    { 16, 26, 261, 2, 21, 104, 1167 }, // U+00B6
    { 5, 4, 118, 1, 10, 5, 1271 }, // U+00B7
    { 7, 8, 147, -1, 2, 14, 1276 }, // U+00B8
    { 6, 12, 129, 3, 25, 18, 1290 }, // U+00B9
    { 10, 9, 192, 2, 22, 23, 1308 }, // U+00BA
    { 16, 13, 278, 0, 14, 52, 1331 }, // U+00BB
    { 21, 22, 412, 3, 22, 116, 1383 }, // U+00BC
    { 21, 21, 401, 2, 21, 111, 1499 }, // U+00BD
    { 24, 22, 453, 2, 22, 132, 1610 }, // U+00BE
    { 15, 21, 264, -1, 16, 79, 1742 }, // U+00BF
    { 20, 28, 314, -2, 28, 140, 1821 }, // U+00C0
    { 20, 28, 314, -2, 28, 140, 1961 }, // U+00C1
    { 20, 28, 314, -2, 28, 140, 2101 }, // U+00C2
    { 21, 28, 314, -2, 28, 147, 2241 }, // U+00C3
    { 20, 27, 314, -2, 27, 135, 2388 }, // U+00C4
    { 20, 27, 314, -2, 27, 135, 2523 }, // U+00C5
    { 35, 21, 494, -2, 21, 184, 2658 }, // U+00C6
    { 20, 27, 331, 1, 21, 135, 2842 }, // U+00C7
    { 20, 28, 283, 0, 28, 140, 2977 }, // U+00C8
    { 20, 28, 283, 0, 28, 140, 3117 }, // U+00C9
    { 20, 28, 283, 0, 28, 140, 3257 }, // U+00CA
    { 20, 27, 283, 0, 27, 135, 3397 }, // U+00CB
    { 14, 28, 207, 0, 28, 98, 3532 }, // U+00CC
    { 14, 28, 207, 0, 28, 98, 3630 }, // U+00CD
    { 15, 28, 207, 0, 28, 105, 3728 }, // U+00CE
    { 15, 27, 207, 0, 27, 102, 3833 }, // U+00CF
    { 22, 21, 355, 0, 21, 116, 3935 }, // U+00D0
    { 22, 28, 347, 0, 28, 154, 4051 }, // U+00D1
    { 21, 29, 364, 1, 29, 153, 4205 }, // U+00D2
    { 21, 29, 364, 1, 29, 153, 4358 }, // U+00D3
    { 21, 28, 364, 1, 28, 147, 4511 }, // U+00D4
    { 21, 28, 364, 1, 28, 147, 4658 }, // U+00D5
    { 21, 28, 364, 1, 28, 147, 4805 }, // U+00D6
    { 14, 14, 297, 2, 15, 49, 4952 }, // U+00D7
    { 23, 21, 363, 0, 21, 121, 5001 }, // U+00D8
    { 21, 29, 347, 1, 29, 153, 5122 }, // U+00D9
    { 21, 29, 347, 1, 29, 153, 5275 }, // U+00DA
    { 21, 28, 347, 1, 28, 147, 5428 }, // U+00DB
    { 21, 28, 347, 1, 28, 147, 5575 }, // U+00DC
    { 19, 28, 299, 2, 28, 133, 5722 }, // U+00DD
    { 18, 21, 292, 0, 21, 95, 5855 }, // U+00DE
    { 18, 21, 303, 0, 21, 95, 5950 }, // U+00DF
    { 15, 23, 261, 0, 23, 87, 6045 }, // U+00E0
    { 15, 23, 261, 0, 23, 87, 6132 }, // U+00E1
    { 16, 21, 261, 0, 21, 84, 6219 }, // U+00E2
    { 17, 21, 261, 0, 21, 90, 6303 }, // U+00E3
    { 16, 22, 261, 0, 22, 88, 6393 }, // U+00E4
    { 15, 25, 261, 0, 25, 94, 6481 }, // U+00E5
    { 27, 16, 435, 0, 16, 108, 6575 }, // U+00E6
    { 16, 22, 248, 0, 16, 88, 6683 }, // U+00E7
    { 16, 23, 271, 0, 23, 92, 6771 }, // U+00E8
    { 16, 23, 271, 0, 23, 92, 6863 }, // U+00E9
    { 16, 21, 271, 0, 21, 84, 6955 }, // U+00EA
    { 16, 22, 271, 0, 22, 88, 7039 }, // U+00EB
    { 7, 23, 124, 1, 23, 41, 7127 }, // U+00EC
    { 9, 23, 124, 1, 23, 52, 7168 }, // U+00ED
    { 11, 21, 124, 0, 21, 58, 7220 }, // U+00EE
    { 11, 22, 124, 0, 22, 61, 7278 }, // U+00EF
    { 17, 21, 285, 0, 21, 90, 7339 }, // U+00F0
    { 17, 21, 275, 0, 21, 90, 7429 }, // U+00F1
    { 16, 23, 274, 0, 23, 92, 7519 }, // U+00F2
    { 16, 23, 274, 0, 23, 92, 7611 }, // U+00F3
    { 16, 21, 274, 0, 21, 84, 7703 }, // U+00F4
    { 17, 21, 274, 0, 21, 90, 7787 }, // U+00F5
    { 16, 22, 274, 0, 22, 88, 7877 }, // U+00F6
    { 17, 16, 310, 1, 16, 68, 7965 }, // U+00F7
    { 18, 17, 274, -1, 17, 77, 8033 }, // U+00F8
    { 16, 23, 270, 1, 23, 92, 8110 }, // U+00F9
    { 16, 22, 270, 1, 22, 88, 8202 }, // U+00FA
    { 16, 21, 270, 1, 21, 84, 8290 }, // U+00FB
    { 16, 22, 270, 1, 22, 88, 8374 }, // U+00FC
    { 17, 28, 218, -2, 23, 119, 8462 }, // U+00FD
    { 17, 26, 279, -1, 21, 111, 8581 }, // U+00FE
    { 17, 27, 218, -2, 22, 115, 8692 }, // U+00FF
    { 20, 27, 314, -2, 27, 135, 0 }, // U+0100
    { 16, 21, 261, 0, 21, 84, 135 }, // U+0101
    { 20, 27, 314, -2, 27, 135, 219 }, // U+0102
    { 16, 21, 261, 0, 21, 84, 354 }, // U+0103
    { 20, 26, 314, -2, 21, 130, 438 }, // U+0104
    { 15, 21, 261, 0, 16, 79, 568 }, // U+0105
    { 20, 29, 331, 1, 29, 145, 647 }, // U+0106
    { 16, 23, 248, 0, 23, 92, 792 }, // U+0107
    { 20, 28, 331, 1, 28, 140, 884 }, // U+0108
    { 16, 21, 248, 0, 21, 84, 1024 }, // U+0109
    { 20, 28, 331, 1, 28, 140, 1108 }, // U+010A
    { 16, 21, 248, 0, 21, 84, 1248 }, // U+010B
    { 20, 28, 331, 1, 28, 140, 1332 }, // U+010C
    { 16, 21, 248, 0, 21, 84, 1472 }, // U+010D
    { 20, 27, 337, 0, 27, 135, 1556 }, // U+010E
    { 23, 21, 297, 0, 21, 121, 1691 }, // U+010F
    { 21, 21, 365, 1, 21, 111, 1812 }, // U+0110
    { 20, 21, 301, 0, 21, 105, 1923 }, // U+0111
    { 20, 27, 283, 0, 27, 135, 2028 }, // U+0112
    { 16, 21, 271, 0, 21, 84, 2163 }, // U+0113
    { 20, 27, 283, 0, 27, 135, 2247 }, // U+0114
    { 16, 21, 271, 0, 21, 84, 2382 }, // U+0115
    { 20, 27, 283, 0, 27, 135, 2466 }, // U+0116
    { 16, 21, 271, 0, 21, 84, 2601 }, // U+0117
    { 20, 26, 283, 0, 21, 130, 2685 }, // U+0118
    { 16, 21, 271, 0, 16, 84, 2815 }, // U+0119
    { 20, 27, 283, 0, 27, 135, 2899 }, // U+011A
    { 17, 21, 271, 0, 21, 90, 3034 }, // U+011B
    { 20, 28, 356, 1, 28, 140, 3124 }, // U+011C
    { 18, 27, 278, -1, 21, 122, 3264 }, // U+011D
    { 20, 28, 356, 1, 28, 140, 3386 }, // U+011E
    { 18, 27, 278, -1, 21, 122, 3526 }, // U+011F
    { 20, 28, 356, 1, 28, 140, 3648 }, // U+0120
    { 18, 27, 278, -1, 21, 122, 3788 }, // U+0121
    { 20, 28, 356, 1, 21, 140, 3910 }, // U+0122
    { 18, 30, 278, -1, 24, 135, 4050 }, // U+0123
    { 22, 28, 347, 0, 28, 154, 4185 }, // U+0124
    { 16, 28, 274, 0, 28, 112, 4339 }, // U+0125
    { 24, 21, 355, 0, 21, 126, 4451 }, // U+0126
    { 16, 21, 290, 1, 21, 84, 4577 }, // U+0127
    { 16, 28, 207, 0, 28, 112, 4661 }, // U+0128
    { 12, 21, 124, 0, 21, 63, 4773 }, // U+0129
    { 15, 27, 207, 0, 27, 102, 4836 }, // U+012A
    { 10, 21, 124, 1, 21, 53, 4938 }, // U+012B
    { 15, 27, 207, 0, 27, 102, 4991 }, // U+012C
    { 11, 21, 124, 1, 21, 58, 5093 }, // U+012D
    { 14, 26, 207, 0, 21, 91, 5151 }, // U+012E
    { 12, 28, 135, -2, 23, 84, 5242 }, // U+012F
    { 14, 27, 207, 0, 27, 95, 5326 }, // U+0130
    { 7, 16, 124, 1, 16, 28, 5421 }, // U+0131
    { 29, 21, 462, 0, 21, 153, 5449 }, // U+0132
    { 16, 28, 264, 1, 23, 112, 5602 }, // U+0133
    { 22, 28, 255, -1, 28, 154, 5714 }, // U+0134
    { 17, 26, 129, -5, 21, 111, 5868 }, // U+0135
    { 21, 29, 312, 0, 21, 153, 5979 }, // U+0136
    { 16, 29, 244, 0, 21, 116, 6132 }, // U+0137
    { 16, 16, 244, 0, 16, 64, 6248 }, // U+0138
    { 16, 28, 271, 0, 28, 112, 6312 }, // U+0139
    { 11, 28, 130, 0, 28, 77, 6424 }, // U+013A
    { 16, 29, 271, 0, 21, 116, 6501 }, // U+013B
    { 10, 29, 130, -2, 21, 73, 6617 }, // U+013C
    { 17, 21, 271, 0, 21, 90, 6690 }, // U+013D
    { 12, 21, 130, 0, 21, 63, 6780 }, // U+013E
    { 16, 21, 271, 0, 21, 84, 6843 }, // U+013F
    { 12, 21, 185, 0, 21, 63, 6927 }, // U+0140
    { 17, 21, 286, 0, 21, 90, 6990 }, // U+0141
    { 10, 21, 137, 0, 21, 53, 7080 }, // U+0142
    { 22, 28, 347, 0, 28, 154, 7133 }, // U+0143
    { 16, 23, 275, 0, 23, 92, 7287 }, // U+0144
    { 22, 29, 347, 0, 21, 160, 7379 }, // U+0145
    { 16, 24, 275, 0, 16, 96, 7539 }, // U+0146
    { 22, 27, 347, 0, 27, 149, 7635 }, // U+0147
    { 17, 21, 275, 0, 21, 90, 7784 }, // U+0148
    { 20, 21, 372, 2, 21, 105, 7874 }, // U+0149
    { 22, 26, 347, 0, 21, 143, 7979 }, // U+014A
    { 16, 21, 275, 0, 16, 84, 8122 }, // U+014B
    { 21, 27, 364, 1, 27, 142, 8206 }, // U+014C
    { 16, 21, 274, 0, 21, 84, 8348 }, // U+014D
    { 21, 28, 364, 1, 28, 147, 8432 }, // U+014E
    { 16, 21, 274, 0, 21, 84, 8579 }, // U+014F
    { 21, 28, 364, 1, 28, 147, 8663 }, // U+0150
    { 17, 23, 274, 0, 23, 98, 8810 }, // U+0151
    { 34, 21, 535, 1, 21, 179, 8908 }, // U+0152
    { 28, 16, 455, 0, 16, 112, 9087 }, // U+0153
    { 19, 28, 305, 0, 28, 133, 9199 }, // U+0154
    { 12, 23, 177, 0, 23, 69, 9332 }, // U+0155
    { 19, 29, 305, 0, 21, 138, 9401 }, // U+0156
    { 15, 24, 177, -3, 16, 90, 9539 }, // U+0157
    { 19, 27, 305, 0, 27, 129, 9629 }, // U+0158
    { 14, 21, 177, 0, 21, 74, 9758 }, // U+0159
    { 17, 29, 305, 1, 29, 124, 9832 }, // U+015A
    { 14, 23, 240, 0, 23, 81, 9956 }, // U+015B
    { 17, 28, 305, 1, 28, 119, 10037 }, // U+015C
    { 14, 21, 240, 0, 21, 74, 10156 }, // U+015D
    { 17, 27, 305, 1, 21, 115, 10230 }, // U+015E
    { 14, 22, 240, 0, 16, 77, 10345 }, // U+015F
    { 17, 28, 305, 1, 28, 119, 10422 }, // U+0160
    { 15, 21, 240, 0, 21, 79, 10541 }, // U+0161
    { 18, 27, 279, 2, 21, 122, 10620 }, // U+0162
    { 12, 26, 162, -1, 20, 78, 10742 }, // U+0163
    { 18, 27, 279, 2, 27, 122, 10820 }, // U+0164
    { 13, 23, 162, 1, 23, 75, 10942 }, // U+0165
    { 18, 21, 279, 2, 21, 95, 11017 }, // U+0166
    { 11, 20, 162, 0, 20, 55, 11112 }, // U+0167
    { 21, 28, 347, 1, 28, 147, 11167 }, // U+0168
    { 16, 21, 270, 1, 21, 84, 11314 }, // U+0169
    { 21, 27, 347, 1, 27, 142, 11398 }, // U+016A
    { 16, 21, 270, 1, 21, 84, 11540 }, // U+016B
    { 21, 28, 347, 1, 28, 147, 11624 }, // U+016C
    { 16, 21, 270, 1, 21, 84, 11771 }, // U+016D
    { 21, 31, 347, 1, 31, 163, 11855 }, // U+016E
    { 16, 25, 270, 1, 25, 100, 12018 }, // U+016F
    { 21, 28, 347, 1, 28, 147, 12118 }, // U+0170
    { 16, 23, 270, 1, 23, 92, 12265 }, // U+0171
    { 21, 26, 347, 1, 21, 137, 12357 }, // U+0172
    { 16, 21, 270, 1, 16, 84, 12494 }, // U+0173
    { 27, 28, 422, 2, 28, 189, 12578 }, // U+0174
    { 21, 21, 329, 1, 21, 111, 12767 }, // U+0175
    { 19, 28, 299, 2, 28, 133, 12878 }, // U+0176
    { 17, 26, 218, -2, 21, 111, 13011 }, // U+0177
    { 19, 27, 299, 2, 27, 129, 13122 }, // U+0178
    { 21, 28, 307, -1, 28, 147, 13251 }, // U+0179
    { 16, 23, 234, -1, 23, 92, 13398 }, // U+017A
    { 21, 27, 307, -1, 27, 142, 13490 }, // U+017B
    { 16, 21, 234, -1, 21, 84, 13632 }, // U+017C
    { 21, 27, 307, -1, 27, 142, 13716 }, // U+017D
    { 17, 21, 234, -1, 21, 90, 13858 }, // U+017E
    { 11, 23, 160, 1, 23, 64, 13948 }, // U+017F
    { 24, 25, 364, 1, 25, 150, 0 }, // U+01A0
    { 21, 19, 285, 0, 19, 100, 150 }, // U+01A1
    { 25, 25, 355, 1, 25, 157, 250 }, // U+01AF
    { 20, 20, 282, 1, 20, 100, 407 }, // U+01B0
    { 42, 27, 644, 0, 27, 284, 507 }, // U+01C4
    { 37, 21, 571, 0, 21, 195, 791 }, // U+01C5
    { 33, 21, 511, 0, 21, 174, 986 }, // U+01C6
    { 33, 21, 525, 0, 21, 174, 1160 }, // U+01C7
    { 26, 28, 400, 0, 23, 182, 1334 }, // U+01C8
    { 17, 28, 259, 0, 23, 119, 1516 }, // U+01C9
    { 38, 21, 601, 0, 21, 200, 1635 }, // U+01CA
    { 31, 28, 476, 0, 23, 217, 1835 }, // U+01CB
    { 26, 28, 404, 0, 23, 182, 2052 }, // U+01CC
    { 21, 27, 314, -2, 27, 142, 2234 }, // U+01CD
    { 16, 21, 261, 0, 21, 84, 2376 }, // U+01CE
    { 21, 28, 347, 1, 28, 147, 2460 }, // U+01D3
    { 16, 21, 270, 1, 21, 84, 2607 }, // U+01D4
    { 20, 28, 356, 1, 28, 140, 2691 }, // U+01E6
    { 18, 27, 278, -1, 21, 122, 2831 }, // U+01E7
    { 21, 26, 364, 1, 21, 137, 2953 }, // U+01EA
    { 16, 21, 274, 0, 16, 84, 3090 }, // U+01EB
    { 42, 21, 644, 0, 21, 221, 3174 }, // U+01F1
    { 36, 21, 571, 0, 21, 189, 3395 }, // U+01F2
    { 33, 21, 511, 0, 21, 174, 3584 }, // U+01F3
    { 20, 34, 314, -2, 34, 170, 3758 }, // U+01FA
    { 17, 32, 261, 0, 32, 136, 3928 }, // U+01FB
    { 35, 28, 494, -2, 28, 245, 4064 }, // U+01FC
    { 27, 23, 435, 0, 23, 156, 4309 }, // U+01FD
    { 23, 29, 363, 0, 29, 167, 4465 }, // U+01FE
    { 18, 23, 274, -1, 23, 104, 4632 }, // U+01FF
    { 17, 28, 305, 1, 21, 119, 4736 }, // U+0218
    { 14, 23, 240, 0, 16, 81, 4855 }, // U+0219
    { 18, 29, 279, 2, 21, 131, 4936 }, // U+021A
    { 12, 28, 162, -1, 20, 84, 5067 }, // U+021B
    { 22, 27, 347, 0, 27, 149, 5151 }, // U+021E
    { 16, 27, 274, 0, 27, 108, 5300 }, // U+021F
    { 6, 5, 2, 3, 23, 8, 0 }, // U+0300
    { 6, 5, 2, 3, 23, 8, 8 }, // U+0301
    { 11, 4, 2, 2, 22, 11, 16 }, // U+0302
    { 13, 4, 2, 2, 22, 13, 27 }, // U+0303
    { 10, 3, 2, 3, 22, 8, 40 }, // U+0304
    { 11, 4, 2, 3, 22, 11, 48 }, // U+0306
    { 4, 3, 2, 3, 22, 3, 59 }, // U+0307
    { 11, 3, 2, 2, 22, 9, 62 }, // U+0308
    { 5, 7, 79, 2, 25, 9, 71 }, // U+0309
    { 8, 7, 2, 3, 25, 14, 80 }, // U+030A
    { 11, 4, 2, 2, 22, 11, 94 }, // U+030B
    { 11, 4, 2, 3, 22, 11, 105 }, // U+030C
    { 9, 6, 162, 0, 20, 14, 116 }, // U+031B
    { 5, 4, 103, -1, -3, 5, 130 }, // U+0323
    { 7, 7, 0, -3, -1, 13, 135 }, // U+0326
    { 7, 8, 0, -2, 2, 14, 148 }, // U+0327
    { 7, 6, 2, -2, 1, 11, 162 }, // U+0328
    { 20, 28, 314, -2, 21, 140, 0 }, // U+1EA0
    { 15, 22, 261, 0, 16, 83, 140 }, // U+1EA1
    { 20, 30, 314, -2, 30, 150, 223 }, // U+1EA2
    { 15, 25, 261, 0, 25, 94, 373 }, // U+1EA3
    { 25, 32, 314, -2, 32, 200, 467 }, // U+1EA4
    { 20, 28, 261, 0, 28, 140, 667 }, // U+1EA5
    { 24, 31, 314, -2, 31, 186, 807 }, // U+1EA6
    { 19, 27, 261, 0, 27, 129, 993 }, // U+1EA7
    { 23, 32, 314, -2, 32, 184, 1122 }, // U+1EA8
    { 18, 28, 261, 0, 28, 126, 1306 }, // U+1EA9
    { 22, 34, 314, -2, 34, 187, 1432 }, // U+1EAA
    { 18, 29, 261, 0, 29, 131, 1619 }, // U+1EAB
    { 20, 35, 314, -2, 28, 175, 1750 }, // U+1EAC
    { 16, 27, 261, 0, 21, 108, 1925 }, // U+1EAD
    { 20, 34, 314, -2, 34, 170, 2033 }, // U+1EAE
    { 16, 29, 261, 0, 29, 116, 2203 }, // U+1EAF
    { 20, 34, 314, -2, 34, 170, 2319 }, // U+1EB0
    { 16, 29, 261, 0, 29, 116, 2489 }, // U+1EB1
    { 21, 36, 314, -2, 36, 189, 2605 }, // U+1EB2
    { 16, 30, 261, 0, 30, 120, 2794 }, // U+1EB3
    { 22, 33, 314, -2, 33, 182, 2914 }, // U+1EB4
    { 18, 28, 261, 0, 28, 126, 3096 }, // U+1EB5
    { 20, 34, 314, -2, 27, 170, 3222 }, // U+1EB6
    { 16, 27, 261, 0, 21, 108, 3392 }, // U+1EB7
    { 20, 28, 283, 0, 21, 140, 3500 }, // U+1EB8
    { 16, 22, 271, 0, 16, 88, 3640 }, // U+1EB9
    { 20, 30, 283, 0, 30, 150, 3728 }, // U+1EBA
    { 16, 25, 271, 0, 25, 100, 3878 }, // U+1EBB
    { 20, 28, 283, 0, 28, 140, 3978 }, // U+1EBC
    { 17, 21, 271, 0, 21, 90, 4118 }, // U+1EBD
    { 23, 32, 283, 0, 32, 184, 4208 }, // U+1EBE
    { 21, 28, 271, 0, 28, 147, 4392 }, // U+1EBF
    { 22, 31, 283, 0, 31, 171, 4539 }, // U+1EC0
    { 20, 27, 271, 0, 27, 135, 4710 }, // U+1EC1
    { 21, 32, 283, 0, 32, 168, 4845 }, // U+1EC2
    { 19, 28, 271, 0, 28, 133, 5013 }, // U+1EC3
    { 20, 34, 283, 0, 34, 170, 5146 }, // U+1EC4
    { 18, 29, 271, 0, 29, 131, 5316 }, // U+1EC5
    { 20, 35, 283, 0, 28, 175, 5447 }, // U+1EC6
    { 16, 27, 271, 0, 21, 108, 5622 }, // U+1EC7
    { 14, 30, 207, 0, 30, 105, 5730 }, // U+1EC8
    { 9, 24, 124, 1, 24, 54, 5835 }, // U+1EC9
    { 14, 28, 207, 0, 21, 98, 5889 }, // U+1ECA
    { 11, 29, 135, -1, 23, 80, 5987 }, // U+1ECB
    { 21, 27, 364, 1, 21, 142, 6067 }, // U+1ECC
    { 16, 22, 274, 0, 16, 88, 6209 }, // U+1ECD
    { 21, 31, 364, 1, 31, 163, 6297 }, // U+1ECE
    { 16, 25, 274, 0, 25, 100, 6460 }, // U+1ECF
    { 24, 32, 364, 1, 32, 192, 6560 }, // U+1ED0
    { 22, 28, 274, 0, 28, 154, 6752 }, // U+1ED1
    { 23, 31, 364, 1, 31, 179, 6906 }, // U+1ED2
    { 20, 27, 274, 0, 27, 135, 7085 }, // U+1ED3
    { 21, 33, 364, 1, 33, 174, 7220 }, // U+1ED4
    { 18, 28, 274, 0, 28, 126, 7394 }, // U+1ED5
    { 21, 34, 364, 1, 34, 179, 7520 }, // U+1ED6
    { 18, 29, 274, 0, 29, 131, 7699 }, // U+1ED7
    { 21, 34, 364, 1, 28, 179, 7830 }, // U+1ED8
    { 16, 27, 274, 0, 21, 108, 8009 }, // U+1ED9
    { 24, 28, 364, 1, 28, 168, 8117 }, // U+1EDA
    { 21, 23, 285, 0, 23, 121, 8285 }, // U+1EDB
    { 24, 28, 364, 1, 28, 168, 8406 }, // U+1EDC
    { 21, 23, 285, 0, 23, 121, 8574 }, // U+1EDD
    { 24, 30, 364, 1, 30, 180, 8695 }, // U+1EDE
    { 21, 24, 285, 0, 24, 126, 8875 }, // U+1EDF
    { 24, 28, 364, 1, 28, 168, 9001 }, // U+1EE0
    { 21, 21, 285, 0, 21, 111, 9169 }, // U+1EE1
    { 24, 31, 364, 1, 25, 186, 9280 }, // U+1EE2
    { 21, 25, 285, 0, 19, 132, 9466 }, // U+1EE3
    { 21, 27, 347, 1, 21, 142, 9598 }, // U+1EE4
    { 16, 22, 270, 1, 16, 88, 9740 }, // U+1EE5
    { 21, 31, 347, 1, 31, 163, 9828 }, // U+1EE6
    { 16, 25, 270, 1, 25, 100, 9991 }, // U+1EE7
    { 25, 29, 355, 1, 29, 182, 10091 }, // U+1EE8
    { 20, 22, 282, 1, 22, 110, 10273 }, // U+1EE9
    { 25, 29, 355, 1, 29, 182, 10383 }, // U+1EEA
    { 20, 23, 282, 1, 23, 115, 10565 }, // U+1EEB
    { 25, 31, 355, 1, 31, 194, 10680 }, // U+1EEC
    { 20, 25, 282, 1, 25, 125, 10874 }, // U+1EED
    { 25, 28, 355, 1, 28, 175, 10999 }, // U+1EEE
    { 20, 21, 282, 1, 21, 105, 11174 }, // U+1EEF
    { 25, 31, 355, 1, 25, 194, 11279 }, // U+1EF0
    { 20, 26, 282, 1, 20, 130, 11473 }, // U+1EF1
    { 19, 28, 299, 2, 28, 133, 11603 }, // U+1EF2
    { 17, 28, 218, -2, 23, 119, 11736 }, // U+1EF3
    { 19, 28, 299, 2, 21, 133, 11855 }, // U+1EF4
    { 17, 22, 218, -2, 16, 94, 11988 }, // U+1EF5
    { 19, 30, 299, 2, 30, 143, 12082 }, // U+1EF6
    { 17, 29, 218, -2, 24, 124, 12225 }, // U+1EF7
    { 19, 28, 299, 2, 28, 133, 12349 }, // U+1EF8
    { 17, 26, 218, -2, 21, 111, 12482 }, // U+1EF9
    { 10, 3, 166, 0, 10, 8, 0 }, // U+2010
    { 13, 3, 249, 1, 10, 10, 8 }, // U+2013
    { 23, 3, 409, 1, 10, 18, 18 }, // U+2014
    { 7, 8, 119, 2, 21, 14, 36 }, // U+2018
    { 6, 8, 119, 2, 21, 12, 50 }, // U+2019
    { 6, 8, 120, -1, 4, 12, 62 }, // U+201A
    { 11, 8, 198, 2, 21, 22, 74 }, // U+201C
    { 11, 8, 197, 2, 21, 22, 96 }, // U+201D
    { 11, 8, 197, -1, 4, 22, 118 }, // U+201E
    { 15, 21, 271, 2, 21, 79, 140 }, // U+2020
    { 17, 21, 271, 0, 21, 90, 219 }, // U+2021
    { 11, 11, 223, 1, 14, 31, 309 }, // U+2022
    { 19, 4, 350, 0, 4, 19, 340 }, // U+2026
    { 40, 21, 703, 2, 21, 210, 359 }, // U+2030
    { 10, 13, 178, 1, 14, 33, 569 }, // U+2039
    { 9, 13, 174, 0, 14, 30, 602 }, // U+203A
    { 18, 21, 222, -2, 21, 95, 632 }, // U+2044
    { 11, 12, 199, 2, 25, 33, 0 }, // U+2074
    { 21, 25, 301, -1, 21, 132, 0 }, // U+20AB
    { 22, 21, 349, 0, 21, 116, 132 }, // U+20AC
    { 15, 22, 298, 1, 21, 83, 0 }, // U+2202
    { 15, 26, 381, 4, 21, 98, 83 }, // U+220F
    { 16, 26, 382, 3, 21, 104, 181 }, // U+2211
    { 16, 3, 310, 1, 9, 12, 285 }, // U+2212
    { 18, 21, 222, -2, 21, 95, 297 }, // U+2215
    { 5, 5, 119, 1, 10, 7, 392 }, // U+2219
    { 16, 27, 257, 1, 21, 108, 399 }, // U+221A
    { 22, 10, 390, 1, 13, 55, 507 }, // U+221E
    { 11, 28, 153, -1, 22, 77, 562 }, // U+222B
    { 16, 10, 303, 1, 13, 40, 639 }, // U+2248
    { 16, 16, 329, 2, 16, 64, 679 }, // U+2260
    { 15, 16, 326, 2, 16, 60, 743 }, // U+2264
    { 15, 16, 343, 3, 16, 60, 803 }, // U+2265
    { 19, 23, 293, 1, 23, 110, 0 }, // U+FB00
    { 17, 23, 264, 1, 23, 98, 110 }, // U+FB01
    { 17, 23, 290, 1, 23, 98, 208 }, // U+FB02
    { 25, 23, 397, 1, 23, 144, 306 }, // U+FB03
    { 25, 23, 423, 1, 23, 144, 450 }, // U+FB04
    { 14, 22, 262, 1, 22, 77, 0 }, // U+FFFD
};

static const EpdUnicodeInterval lexica_15_italicIntervals[] = {
    { 0xD, 0xD, 0x0 },
    { 0x20, 0x7E, 0x1 },
    { 0xA0, 0xFF, 0x60 },
    { 0x100, 0x17F, 0xC0 },
    { 0x1A0, 0x1A1, 0x140 },
    { 0x1AF, 0x1B0, 0x142 },
    { 0x1C4, 0x1CE, 0x144 },
    { 0x1D3, 0x1D4, 0x14F },
    { 0x1E6, 0x1E7, 0x151 },
    { 0x1EA, 0x1EB, 0x153 },
    { 0x1F1, 0x1F3, 0x155 },
    { 0x1FA, 0x1FF, 0x158 },
    { 0x218, 0x21B, 0x15E },
    { 0x21E, 0x21F, 0x162 },
    { 0x300, 0x304, 0x164 },
    { 0x306, 0x30C, 0x169 },
    { 0x31B, 0x31B, 0x170 },
    { 0x323, 0x323, 0x171 },
    { 0x326, 0x328, 0x172 },
    { 0x1EA0, 0x1EF9, 0x175 },
    { 0x2010, 0x2010, 0x1CF },
    { 0x2013, 0x2014, 0x1D0 },
    { 0x2018, 0x201A, 0x1D2 },
    { 0x201C, 0x201E, 0x1D5 },
    { 0x2020, 0x2022, 0x1D8 },
    { 0x2026, 0x2026, 0x1DB },
    { 0x2030, 0x2030, 0x1DC },
    { 0x2039, 0x203A, 0x1DD },
    { 0x2044, 0x2044, 0x1DF },
    { 0x2074, 0x2074, 0x1E0 },
    { 0x20AB, 0x20AC, 0x1E1 },
    { 0x2202, 0x2202, 0x1E3 },
    { 0x220F, 0x220F, 0x1E4 },
    { 0x2211, 0x2212, 0x1E5 },
    { 0x2215, 0x2215, 0x1E7 },
    { 0x2219, 0x221A, 0x1E8 },
    { 0x221E, 0x221E, 0x1EA },
    { 0x222B, 0x222B, 0x1EB },
    { 0x2248, 0x2248, 0x1EC },
    { 0x2260, 0x2260, 0x1ED },
    { 0x2264, 0x2265, 0x1EE },
    { 0xFB00, 0xFB04, 0x1F0 },
    { 0xFFFD, 0xFFFD, 0x1F5 },
};

static const EpdFontGroup lexica_15_italicGroups[] = {
    { 0, 3833, 7880, 96, 0 },
    { 3833, 3361, 9450, 96, 96 },
    { 7194, 4189, 14939, 128, 192 },
    { 11383, 2499, 5775, 36, 320 },
    { 13882, 175, 201, 17, 356 },
    { 14057, 2588, 13410, 90, 373 },
    { 16645, 453, 794, 17, 463 },
    { 17098, 38, 36, 1, 480 },
    { 17136, 177, 276, 2, 481 },
    { 17313, 452, 907, 13, 483 },
    { 17765, 329, 667, 5, 496 },
    { 18094, 71, 88, 1, 501 },
};

static const EpdKernClassEntry lexica_15_italicKernLeftClasses[] = {
    { 0x0028, 1 }, // (
    { 0x002C, 2 }, // ,
    { 0x002D, 3 }, // -
    { 0x002E, 2 }, // .
    { 0x002F, 4 }, // /
    { 0x0030, 5 }, // 0
    { 0x0031, 6 }, // 1
    { 0x0032, 7 }, // 2
    { 0x0034, 8 }, // 4
    { 0x0035, 9 }, // 5
    { 0x0036, 10 }, // 6
    { 0x0037, 11 }, // 7
    { 0x0038, 12 }, // 8
    { 0x0039, 13 }, // 9
    { 0x0041, 14 }, // A
    { 0x0042, 15 }, // B
    { 0x0043, 16 }, // C
    { 0x0044, 17 }, // D
    { 0x0045, 18 }, // E
    { 0x0046, 19 }, // F
    { 0x0047, 20 }, // G
    { 0x0049, 21 }, // I
    { 0x004A, 22 }, // J
    { 0x004B, 23 }, // K
    { 0x004C, 24 }, // L
    { 0x004F, 17 }, // O
    { 0x0050, 25 }, // P
    { 0x0051, 26 }, // Q
    { 0x0052, 27 }, // R
    { 0x0053, 28 }, // S
    { 0x0054, 29 }, // T
    { 0x0055, 30 }, // U
    { 0x0056, 31 }, // V
    { 0x0057, 32 }, // W
    { 0x0058, 33 }, // X
    { 0x0059, 34 }, // Y
    { 0x005A, 35 }, // Z
    { 0x0061, 36 }, // a
    { 0x0062, 37 }, // b
    { 0x0063, 38 }, // c
    { 0x0065, 39 }, // e
    { 0x0066, 40 }, // f
    { 0x0067, 41 }, // g
    { 0x0068, 42 }, // h
    { 0x006A, 43 }, // j
    { 0x006B, 44 }, // k
    { 0x006C, 45 }, // l
    { 0x006D, 42 }, // m
    { 0x006E, 42 }, // n
    { 0x006F, 37 }, // o
    { 0x0070, 37 }, // p
    { 0x0071, 46 }, // q
    { 0x0072, 47 }, // r
    { 0x0073, 48 }, // s
    { 0x0074, 49 }, // t
    { 0x0075, 50 }, // u
    { 0x0076, 51 }, // v
    { 0x0077, 52 }, // w
    { 0x0078, 53 }, // x
    { 0x0079, 51 }, // y
    { 0x007A, 54 }, // z
    { 0x00C0, 14 }, // U+00C0
    { 0x00C1, 14 }, // U+00C1
    { 0x00C2, 14 }, // U+00C2
    { 0x00C3, 14 }, // U+00C3
    { 0x00C4, 14 }, // U+00C4
    { 0x00C5, 14 }, // U+00C5
    { 0x00C6, 18 }, // U+00C6
    { 0x00C7, 16 }, // U+00C7
    { 0x00C8, 18 }, // U+00C8
    { 0x00C9, 18 }, // U+00C9
    { 0x00CA, 18 }, // U+00CA
    { 0x00CB, 18 }, // U+00CB
    { 0x00CC, 21 }, // U+00CC
    { 0x00CD, 21 }, // U+00CD
    { 0x00CE, 21 }, // U+00CE
    { 0x00CF, 21 }, // U+00CF
    { 0x00D0, 17 }, // U+00D0
    { 0x00D2, 17 }, // U+00D2
    { 0x00D3, 17 }, // U+00D3
    { 0x00D4, 17 }, // U+00D4
    { 0x00D5, 17 }, // U+00D5
    { 0x00D6, 17 }, // U+00D6
    { 0x00D8, 17 }, // U+00D8
    { 0x00D9, 30 }, // U+00D9
    { 0x00DA, 30 }, // U+00DA
    { 0x00DB, 30 }, // U+00DB
    { 0x00DC, 30 }, // U+00DC
    { 0x00DD, 34 }, // U+00DD
    { 0x00E0, 42 }, // U+00E0
    { 0x00E1, 42 }, // U+00E1
    { 0x00E2, 42 }, // U+00E2
    { 0x00E3, 42 }, // U+00E3
    { 0x00E4, 42 }, // U+00E4
    { 0x00E5, 42 }, // U+00E5
    { 0x00E6, 39 }, // U+00E6
    { 0x00E7, 38 }, // U+00E7
    { 0x00E8, 39 }, // U+00E8
    { 0x00E9, 39 }, // U+00E9
    { 0x00EA, 39 }, // U+00EA
    { 0x00EB, 39 }, // U+00EB
    { 0x00F0, 17 }, // U+00F0
    { 0x00F1, 42 }, // U+00F1
    { 0x00F2, 37 }, // U+00F2
    { 0x00F3, 37 }, // U+00F3
    { 0x00F4, 37 }, // U+00F4
    { 0x00F5, 37 }, // U+00F5
    { 0x00F6, 37 }, // U+00F6
    { 0x00F8, 37 }, // U+00F8
    { 0x00F9, 50 }, // U+00F9
    { 0x00FA, 50 }, // U+00FA
    { 0x00FB, 50 }, // U+00FB
    { 0x00FC, 50 }, // U+00FC
    { 0x00FD, 51 }, // U+00FD
    { 0x00FE, 37 }, // U+00FE
    { 0x00FF, 51 }, // U+00FF
    { 0x0100, 14 }, // U+0100
    { 0x0101, 42 }, // U+0101
    { 0x0102, 14 }, // U+0102
    { 0x0103, 42 }, // U+0103
    { 0x0104, 14 }, // U+0104
    { 0x0105, 42 }, // U+0105
    { 0x0106, 16 }, // U+0106
    { 0x0107, 38 }, // U+0107
    { 0x0108, 16 }, // U+0108
    { 0x0109, 38 }, // U+0109
    { 0x010A, 16 }, // U+010A
    { 0x010B, 38 }, // U+010B
    { 0x010C, 16 }, // U+010C
    { 0x010D, 38 }, // U+010D
    { 0x010E, 17 }, // U+010E
    { 0x010F, 55 }, // U+010F
    { 0x0111, 40 }, // U+0111
    { 0x0112, 18 }, // U+0112
    { 0x0113, 39 }, // U+0113
    { 0x0114, 18 }, // U+0114
    { 0x0115, 39 }, // U+0115
    { 0x0116, 18 }, // U+0116
    { 0x0117, 39 }, // U+0117
    { 0x0118, 18 }, // U+0118
    { 0x0119, 39 }, // U+0119
    { 0x011A, 18 }, // U+011A
    { 0x011B, 39 }, // U+011B
    { 0x011C, 20 }, // U+011C
    { 0x011D, 41 }, // U+011D
    { 0x011E, 20 }, // U+011E
    { 0x011F, 41 }, // U+011F
    { 0x0120, 20 }, // U+0120
    { 0x0121, 41 }, // U+0121
    { 0x0122, 20 }, // U+0122
    { 0x0123, 41 }, // U+0123
    { 0x0125, 42 }, // U+0125
    { 0x0127, 42 }, // U+0127
    { 0x0128, 21 }, // U+0128
    { 0x012A, 21 }, // U+012A
    { 0x012C, 21 }, // U+012C
    { 0x012E, 21 }, // U+012E
    { 0x0130, 21 }, // U+0130
    { 0x0132, 22 }, // U+0132
    { 0x0133, 43 }, // U+0133
    { 0x0134, 22 }, // U+0134
    { 0x0135, 43 }, // U+0135
    { 0x0136, 23 }, // U+0136
    { 0x0137, 44 }, // U+0137
    { 0x0138, 44 }, // U+0138
    { 0x0139, 24 }, // U+0139
    { 0x013A, 56 }, // U+013A
    { 0x013B, 24 }, // U+013B
    { 0x013C, 56 }, // U+013C
    { 0x013E, 55 }, // U+013E
    { 0x013F, 24 }, // U+013F
    { 0x0140, 57 }, // U+0140
    { 0x0141, 24 }, // U+0141
    { 0x0142, 56 }, // U+0142
    { 0x0144, 42 }, // U+0144
    { 0x0146, 42 }, // U+0146
    { 0x0148, 42 }, // U+0148
    { 0x014C, 17 }, // U+014C
    { 0x014D, 37 }, // U+014D
    { 0x014E, 17 }, // U+014E
    { 0x014F, 37 }, // U+014F
    { 0x0150, 17 }, // U+0150
    { 0x0151, 37 }, // U+0151
    { 0x0152, 18 }, // U+0152
    { 0x0153, 39 }, // U+0153
    { 0x0154, 27 }, // U+0154
    { 0x0155, 47 }, // U+0155
    { 0x0156, 27 }, // U+0156
    { 0x0157, 47 }, // U+0157
    { 0x0158, 27 }, // U+0158
    { 0x0159, 47 }, // U+0159
    { 0x015A, 28 }, // U+015A
    { 0x015B, 48 }, // U+015B
    { 0x015C, 28 }, // U+015C
    { 0x015D, 48 }, // U+015D
    { 0x015E, 28 }, // U+015E
    { 0x015F, 48 }, // U+015F
    { 0x0160, 28 }, // U+0160
    { 0x0161, 48 }, // U+0161
    { 0x0162, 29 }, // U+0162
    { 0x0163, 49 }, // U+0163
    { 0x0164, 29 }, // U+0164
    { 0x0165, 55 }, // U+0165
    { 0x0166, 29 }, // U+0166
    { 0x0167, 49 }, // U+0167
    { 0x0168, 30 }, // U+0168
    { 0x0169, 50 }, // U+0169
    { 0x016A, 30 }, // U+016A
    { 0x016B, 50 }, // U+016B
    { 0x016C, 30 }, // U+016C
    { 0x016D, 50 }, // U+016D
    { 0x016E, 30 }, // U+016E
    { 0x016F, 50 }, // U+016F
    { 0x0170, 30 }, // U+0170
    { 0x0171, 50 }, // U+0171
    { 0x0172, 30 }, // U+0172
    { 0x0173, 50 }, // U+0173
    { 0x0176, 34 }, // U+0176
    { 0x0177, 51 }, // U+0177
    { 0x0178, 34 }, // U+0178
    { 0x0179, 35 }, // U+0179
    { 0x017A, 54 }, // U+017A
    { 0x017B, 35 }, // U+017B
    { 0x017C, 54 }, // U+017C
    { 0x017D, 35 }, // U+017D
    { 0x017E, 54 }, // U+017E
    { 0x017F, 40 }, // U+017F
    { 0x01A0, 58 }, // U+01A0
    { 0x01A1, 59 }, // U+01A1
    { 0x01AF, 60 }, // U+01AF
    { 0x01B0, 61 }, // U+01B0
    { 0x01C4, 35 }, // U+01C4
    { 0x01C5, 54 }, // U+01C5
    { 0x01C6, 54 }, // U+01C6
    { 0x01C7, 22 }, // U+01C7
    { 0x01C8, 43 }, // U+01C8
    { 0x01C9, 43 }, // U+01C9
    { 0x01CA, 22 }, // U+01CA
    { 0x01CB, 43 }, // U+01CB
    { 0x01CC, 43 }, // U+01CC
    { 0x01CD, 14 }, // U+01CD
    { 0x01CE, 42 }, // U+01CE
    { 0x01D3, 30 }, // U+01D3
    { 0x01D4, 50 }, // U+01D4
    { 0x01E6, 20 }, // U+01E6
    { 0x01E7, 41 }, // U+01E7
    { 0x01EA, 17 }, // U+01EA
    { 0x01EB, 37 }, // U+01EB
    { 0x01F1, 35 }, // U+01F1
    { 0x01F2, 54 }, // U+01F2
    { 0x01F3, 54 }, // U+01F3
    { 0x01FA, 14 }, // U+01FA
    { 0x01FB, 42 }, // U+01FB
    { 0x01FC, 18 }, // U+01FC
    { 0x01FD, 39 }, // U+01FD
    { 0x01FE, 17 }, // U+01FE
    { 0x01FF, 37 }, // U+01FF
    { 0x0218, 28 }, // U+0218
    { 0x0219, 48 }, // U+0219
    { 0x021A, 29 }, // U+021A
    { 0x021B, 49 }, // U+021B
    { 0x021F, 42 }, // U+021F
    { 0x1EA0, 14 }, // U+1EA0
    { 0x1EA1, 42 }, // U+1EA1
    { 0x1EA2, 14 }, // U+1EA2
    { 0x1EA4, 14 }, // U+1EA4
    { 0x1EA5, 42 }, // U+1EA5
    { 0x1EA6, 14 }, // U+1EA6
    { 0x1EA7, 42 }, // U+1EA7
    { 0x1EA8, 14 }, // U+1EA8
    { 0x1EA9, 42 }, // U+1EA9
    { 0x1EAA, 14 }, // U+1EAA
    { 0x1EAB, 42 }, // U+1EAB
    { 0x1EAC, 14 }, // U+1EAC
    { 0x1EAD, 42 }, // U+1EAD
    { 0x1EAE, 14 }, // U+1EAE
    { 0x1EAF, 42 }, // U+1EAF
    { 0x1EB0, 14 }, // U+1EB0
    { 0x1EB1, 42 }, // U+1EB1
    { 0x1EB2, 14 }, // U+1EB2
    { 0x1EB3, 42 }, // U+1EB3
    { 0x1EB4, 14 }, // U+1EB4
    { 0x1EB5, 42 }, // U+1EB5
    { 0x1EB6, 14 }, // U+1EB6
    { 0x1EB7, 42 }, // U+1EB7
    { 0x1EB8, 18 }, // U+1EB8
    { 0x1EB9, 39 }, // U+1EB9
    { 0x1EBA, 18 }, // U+1EBA
    { 0x1EBB, 39 }, // U+1EBB
    { 0x1EBC, 18 }, // U+1EBC
    { 0x1EBD, 39 }, // U+1EBD
    { 0x1EBE, 18 }, // U+1EBE
    { 0x1EC0, 18 }, // U+1EC0
    { 0x1EC2, 18 }, // U+1EC2
    { 0x1EC4, 18 }, // U+1EC4
    { 0x1EC6, 18 }, // U+1EC6
    { 0x1EC7, 39 }, // U+1EC7
    { 0x1EC8, 21 }, // U+1EC8
    { 0x1ECA, 21 }, // U+1ECA
    { 0x1ECC, 17 }, // U+1ECC
    { 0x1ECD, 37 }, // U+1ECD
    { 0x1ECE, 17 }, // U+1ECE
    { 0x1ECF, 37 }, // U+1ECF
    { 0x1ED0, 17 }, // U+1ED0
    { 0x1ED2, 17 }, // U+1ED2
    { 0x1ED4, 17 }, // U+1ED4
    { 0x1ED6, 17 }, // U+1ED6
    { 0x1ED7, 37 }, // U+1ED7
    { 0x1ED8, 17 }, // U+1ED8
    { 0x1ED9, 37 }, // U+1ED9
    { 0x1EDA, 58 }, // U+1EDA
    { 0x1EDB, 59 }, // U+1EDB
    { 0x1EDC, 58 }, // U+1EDC
    { 0x1EDD, 59 }, // U+1EDD
    { 0x1EDE, 58 }, // U+1EDE
    { 0x1EDF, 59 }, // U+1EDF
    { 0x1EE0, 58 }, // U+1EE0
    { 0x1EE1, 59 }, // U+1EE1
    { 0x1EE2, 58 }, // U+1EE2
    { 0x1EE3, 59 }, // U+1EE3
    { 0x1EE8, 60 }, // U+1EE8
    { 0x1EE9, 61 }, // U+1EE9
    { 0x1EEA, 60 }, // U+1EEA
    { 0x1EEB, 61 }, // U+1EEB
    { 0x1EEC, 60 }, // U+1EEC
    { 0x1EED, 61 }, // U+1EED
    { 0x1EEE, 60 }, // U+1EEE
    { 0x1EEF, 61 }, // U+1EEF
    { 0x1EF0, 60 }, // U+1EF0
    { 0x1EF1, 61 }, // U+1EF1
    { 0x1EF2, 34 }, // U+1EF2
    { 0x1EF3, 51 }, // U+1EF3
    { 0x1EF4, 34 }, // U+1EF4
    { 0x1EF5, 51 }, // U+1EF5
    { 0x1EF6, 34 }, // U+1EF6
    { 0x1EF7, 51 }, // U+1EF7
    { 0x1EF8, 34 }, // U+1EF8
    { 0x1EF9, 51 }, // U+1EF9
    { 0x2013, 3 }, // U+2013
    { 0x2014, 3 }, // U+2014
    { 0x2019, 62 }, // U+2019
    { 0x201A, 2 }, // U+201A
    { 0x201D, 62 }, // U+201D
    { 0x201E, 2 }, // U+201E
    { 0x2026, 2 }, // U+2026
    { 0x20AB, 40 }, // U+20AB
    { 0xFB00, 40 }, // U+FB00
    { 0xFB02, 56 }, // U+FB02
    { 0xFB04, 56 }, // U+FB04
};

static const EpdKernClassEntry lexica_15_italicKernRightClasses[] = {
    { 0x0025, 1 }, // %
    { 0x0029, 2 }, // )
    { 0x002C, 3 }, // ,
    { 0x002D, 4 }, // -
    { 0x002E, 3 }, // .
    { 0x002F, 5 }, // /
    { 0x0030, 6 }, // 0
    { 0x0031, 7 }, // 1
    { 0x0032, 8 }, // 2
    { 0x0034, 9 }, // 4
    { 0x0037, 10 }, // 7
    { 0x0038, 11 }, // 8
    { 0x0039, 12 }, // 9
    { 0x0041, 13 }, // A
    { 0x0043, 14 }, // C
    { 0x0047, 14 }, // G
    { 0x0049, 15 }, // I
    { 0x004A, 16 }, // J
    { 0x004F, 14 }, // O
    { 0x0051, 14 }, // Q
    { 0x0053, 17 }, // S
    { 0x0054, 18 }, // T
    { 0x0055, 19 }, // U
    { 0x0056, 20 }, // V
    { 0x0057, 21 }, // W
    { 0x0058, 22 }, // X
    { 0x0059, 23 }, // Y
    { 0x005A, 24 }, // Z
    { 0x0061, 25 }, // a
    { 0x0063, 26 }, // c
    { 0x0064, 26 }, // d
    { 0x0065, 26 }, // e
    { 0x0066, 27 }, // f
    { 0x0067, 28 }, // g
    { 0x0068, 29 }, // h
    { 0x0069, 30 }, // i
    { 0x006A, 31 }, // j
    { 0x006B, 29 }, // k
    { 0x006C, 32 }, // l
    { 0x006D, 33 }, // m
    { 0x006E, 33 }, // n
    { 0x006F, 26 }, // o
    { 0x0070, 34 }, // p
    { 0x0071, 26 }, // q
    { 0x0072, 33 }, // r
    { 0x0073, 35 }, // s
    { 0x0074, 36 }, // t
    { 0x0075, 37 }, // u
    { 0x0076, 38 }, // v
    { 0x0077, 39 }, // w
    { 0x0078, 40 }, // x
    { 0x0079, 38 }, // y
    { 0x007A, 41 }, // z
    { 0x00B0, 42 }, // U+00B0
    { 0x00C0, 13 }, // U+00C0
    { 0x00C1, 13 }, // U+00C1
    { 0x00C2, 13 }, // U+00C2
    { 0x00C3, 13 }, // U+00C3
    { 0x00C4, 13 }, // U+00C4
    { 0x00C5, 13 }, // U+00C5
    { 0x00C6, 43 }, // U+00C6
    { 0x00C7, 14 }, // U+00C7
    { 0x00CC, 15 }, // U+00CC
    { 0x00CD, 15 }, // U+00CD
    { 0x00CE, 15 }, // U+00CE
    { 0x00CF, 15 }, // U+00CF
    { 0x00D2, 14 }, // U+00D2
    { 0x00D3, 14 }, // U+00D3
    { 0x00D4, 14 }, // U+00D4
    { 0x00D5, 14 }, // U+00D5
    { 0x00D6, 14 }, // U+00D6
    { 0x00D8, 14 }, // U+00D8
    { 0x00D9, 19 }, // U+00D9
    { 0x00DA, 19 }, // U+00DA
    { 0x00DB, 19 }, // U+00DB
    { 0x00DC, 19 }, // U+00DC
    { 0x00DD, 44 }, // U+00DD
    { 0x00E0, 25 }, // U+00E0
    { 0x00E1, 25 }, // U+00E1
    { 0x00E2, 25 }, // U+00E2
    { 0x00E3, 25 }, // U+00E3
    { 0x00E4, 25 }, // U+00E4
    { 0x00E5, 25 }, // U+00E5
    { 0x00E6, 25 }, // U+00E6
    { 0x00E7, 26 }, // U+00E7
    { 0x00E8, 26 }, // U+00E8
    { 0x00E9, 26 }, // U+00E9
    { 0x00EA, 26 }, // U+00EA
    { 0x00EB, 26 }, // U+00EB
    { 0x00EC, 30 }, // U+00EC
    { 0x00ED, 30 }, // U+00ED
    { 0x00EE, 30 }, // U+00EE
    { 0x00EF, 30 }, // U+00EF
    { 0x00F0, 26 }, // U+00F0
    { 0x00F1, 33 }, // U+00F1
    { 0x00F2, 26 }, // U+00F2
    { 0x00F3, 26 }, // U+00F3
    { 0x00F4, 26 }, // U+00F4
    { 0x00F5, 26 }, // U+00F5
    { 0x00F6, 26 }, // U+00F6
    { 0x00F8, 26 }, // U+00F8
    { 0x00F9, 37 }, // U+00F9
    { 0x00FA, 37 }, // U+00FA
    { 0x00FB, 37 }, // U+00FB
    { 0x00FC, 37 }, // U+00FC
    { 0x00FD, 38 }, // U+00FD
    { 0x00FF, 38 }, // U+00FF
    { 0x0100, 13 }, // U+0100
    { 0x0101, 25 }, // U+0101
    { 0x0102, 13 }, // U+0102
    { 0x0103, 25 }, // U+0103
    { 0x0104, 13 }, // U+0104
    { 0x0105, 25 }, // U+0105
    { 0x0106, 14 }, // U+0106
    { 0x0107, 26 }, // U+0107
    { 0x0108, 14 }, // U+0108
    { 0x0109, 26 }, // U+0109
    { 0x010A, 14 }, // U+010A
    { 0x010B, 26 }, // U+010B
    { 0x010C, 14 }, // U+010C
    { 0x010D, 26 }, // U+010D
    { 0x010F, 26 }, // U+010F
    { 0x0111, 26 }, // U+0111
    { 0x0113, 26 }, // U+0113
    { 0x0115, 26 }, // U+0115
    { 0x0117, 26 }, // U+0117
    { 0x0119, 26 }, // U+0119
    { 0x011B, 26 }, // U+011B
    { 0x011C, 14 }, // U+011C
    { 0x011D, 28 }, // U+011D
    { 0x011E, 14 }, // U+011E
    { 0x011F, 28 }, // U+011F
    { 0x0120, 14 }, // U+0120
    { 0x0121, 28 }, // U+0121
    { 0x0122, 14 }, // U+0122
    { 0x0123, 28 }, // U+0123
    { 0x0125, 29 }, // U+0125
    { 0x0127, 29 }, // U+0127
    { 0x0128, 15 }, // U+0128
    { 0x0129, 30 }, // U+0129
    { 0x012A, 15 }, // U+012A
    { 0x012B, 30 }, // U+012B
    { 0x012C, 15 }, // U+012C
    { 0x012D, 30 }, // U+012D
    { 0x012E, 15 }, // U+012E
    { 0x012F, 30 }, // U+012F
    { 0x0130, 15 }, // U+0130
    { 0x0131, 30 }, // U+0131
    { 0x0132, 15 }, // U+0132
    { 0x0133, 30 }, // U+0133
    { 0x0134, 16 }, // U+0134
    { 0x0135, 31 }, // U+0135
    { 0x0137, 29 }, // U+0137
    { 0x0138, 29 }, // U+0138
    { 0x013A, 32 }, // U+013A
    { 0x013C, 32 }, // U+013C
    { 0x013E, 32 }, // U+013E
    { 0x0140, 32 }, // U+0140
    { 0x0142, 32 }, // U+0142
    { 0x0144, 33 }, // U+0144
    { 0x0146, 33 }, // U+0146
    { 0x0148, 33 }, // U+0148
    { 0x014C, 14 }, // U+014C
    { 0x014D, 26 }, // U+014D
    { 0x014E, 14 }, // U+014E
    { 0x014F, 26 }, // U+014F
    { 0x0150, 14 }, // U+0150
    { 0x0151, 26 }, // U+0151
    { 0x0152, 14 }, // U+0152
    { 0x0153, 26 }, // U+0153
    { 0x0155, 33 }, // U+0155
    { 0x0157, 33 }, // U+0157
    { 0x0159, 33 }, // U+0159
    { 0x015A, 17 }, // U+015A
    { 0x015B, 35 }, // U+015B
    { 0x015C, 17 }, // U+015C
    { 0x015D, 35 }, // U+015D
    { 0x015E, 17 }, // U+015E
    { 0x015F, 35 }, // U+015F
    { 0x0160, 17 }, // U+0160
    { 0x0161, 35 }, // U+0161
    { 0x0162, 45 }, // U+0162
    { 0x0163, 36 }, // U+0163
    { 0x0164, 45 }, // U+0164
    { 0x0165, 36 }, // U+0165
    { 0x0166, 45 }, // U+0166
    { 0x0167, 36 }, // U+0167
    { 0x0168, 19 }, // U+0168
    { 0x0169, 37 }, // U+0169
    { 0x016A, 19 }, // U+016A
    { 0x016B, 37 }, // U+016B
    { 0x016C, 19 }, // U+016C
    { 0x016D, 37 }, // U+016D
    { 0x016E, 19 }, // U+016E
    { 0x016F, 37 }, // U+016F
    { 0x0170, 19 }, // U+0170
    { 0x0171, 37 }, // U+0171
    { 0x0172, 19 }, // U+0172
    { 0x0173, 37 }, // U+0173
    { 0x0176, 44 }, // U+0176
    { 0x0177, 38 }, // U+0177
    { 0x0178, 44 }, // U+0178
    { 0x0179, 24 }, // U+0179
    { 0x017A, 41 }, // U+017A
    { 0x017B, 24 }, // U+017B
    { 0x017C, 41 }, // U+017C
    { 0x017D, 24 }, // U+017D
    { 0x017E, 41 }, // U+017E
    { 0x017F, 27 }, // U+017F
    { 0x01A0, 14 }, // U+01A0
    { 0x01A1, 26 }, // U+01A1
    { 0x01C6, 26 }, // U+01C6
    { 0x01C9, 32 }, // U+01C9
    { 0x01CC, 33 }, // U+01CC
    { 0x01CD, 13 }, // U+01CD
    { 0x01CE, 25 }, // U+01CE
    { 0x01D3, 19 }, // U+01D3
    { 0x01D4, 37 }, // U+01D4
    { 0x01E6, 14 }, // U+01E6
    { 0x01E7, 28 }, // U+01E7
    { 0x01EA, 14 }, // U+01EA
    { 0x01EB, 26 }, // U+01EB
    { 0x01F3, 26 }, // U+01F3
    { 0x01FA, 13 }, // U+01FA
    { 0x01FB, 25 }, // U+01FB
    { 0x01FC, 43 }, // U+01FC
    { 0x01FD, 25 }, // U+01FD
    { 0x01FE, 14 }, // U+01FE
    { 0x01FF, 26 }, // U+01FF
    { 0x0218, 17 }, // U+0218
    { 0x0219, 35 }, // U+0219
    { 0x021A, 45 }, // U+021A
    { 0x021B, 36 }, // U+021B
    { 0x021F, 29 }, // U+021F
    { 0x1EA0, 13 }, // U+1EA0
    { 0x1EA1, 25 }, // U+1EA1
    { 0x1EA2, 13 }, // U+1EA2
    { 0x1EA3, 25 }, // U+1EA3
    { 0x1EA4, 13 }, // U+1EA4
    { 0x1EA5, 25 }, // U+1EA5
    { 0x1EA6, 13 }, // U+1EA6
    { 0x1EA7, 25 }, // U+1EA7
    { 0x1EA8, 13 }, // U+1EA8
    { 0x1EA9, 25 }, // U+1EA9
    { 0x1EAA, 13 }, // U+1EAA
    { 0x1EAB, 25 }, // U+1EAB
    { 0x1EAC, 13 }, // U+1EAC
    { 0x1EAD, 25 }, // U+1EAD
    { 0x1EAE, 13 }, // U+1EAE
    { 0x1EAF, 25 }, // U+1EAF
    { 0x1EB0, 13 }, // U+1EB0
    { 0x1EB1, 25 }, // U+1EB1
    { 0x1EB2, 13 }, // U+1EB2
    { 0x1EB3, 25 }, // U+1EB3
    { 0x1EB4, 13 }, // U+1EB4
    { 0x1EB5, 25 }, // U+1EB5
    { 0x1EB6, 13 }, // U+1EB6
    { 0x1EB7, 25 }, // U+1EB7
    { 0x1EB9, 26 }, // U+1EB9
    { 0x1EBB, 26 }, // U+1EBB
    { 0x1EBD, 26 }, // U+1EBD
    { 0x1EBF, 26 }, // U+1EBF
    { 0x1EC1, 26 }, // U+1EC1
    { 0x1EC3, 26 }, // U+1EC3
    { 0x1EC5, 26 }, // U+1EC5
    { 0x1EC7, 26 }, // U+1EC7
    { 0x1EC8, 15 }, // U+1EC8
    { 0x1EC9, 30 }, // U+1EC9
    { 0x1ECA, 15 }, // U+1ECA
    { 0x1ECB, 30 }, // U+1ECB
    { 0x1ECC, 14 }, // U+1ECC
    { 0x1ECD, 26 }, // U+1ECD
    { 0x1ECE, 14 }, // U+1ECE
    { 0x1ECF, 26 }, // U+1ECF
    { 0x1ED0, 14 }, // U+1ED0
    { 0x1ED1, 26 }, // U+1ED1
    { 0x1ED2, 14 }, // U+1ED2
    { 0x1ED3, 26 }, // U+1ED3
    { 0x1ED4, 14 }, // U+1ED4
    { 0x1ED5, 26 }, // U+1ED5
    { 0x1ED6, 14 }, // U+1ED6
    { 0x1ED7, 26 }, // U+1ED7
    { 0x1ED8, 14 }, // U+1ED8
    { 0x1ED9, 26 }, // U+1ED9
    { 0x1EDA, 14 }, // U+1EDA
    { 0x1EDB, 26 }, // U+1EDB
    { 0x1EDC, 14 }, // U+1EDC
    { 0x1EDD, 26 }, // U+1EDD
    { 0x1EDE, 14 }, // U+1EDE
    { 0x1EDF, 26 }, // U+1EDF
    { 0x1EE0, 14 }, // U+1EE0
    { 0x1EE1, 26 }, // U+1EE1
    { 0x1EE2, 14 }, // U+1EE2
    { 0x1EE3, 26 }, // U+1EE3
    { 0x1EE4, 19 }, // U+1EE4
    { 0x1EE5, 37 }, // U+1EE5
    { 0x1EE6, 19 }, // U+1EE6
    { 0x1EE7, 37 }, // U+1EE7
    { 0x1EE8, 19 }, // U+1EE8
    { 0x1EE9, 37 }, // U+1EE9
    { 0x1EEA, 19 }, // U+1EEA
    { 0x1EEB, 37 }, // U+1EEB
    { 0x1EEC, 19 }, // U+1EEC
    { 0x1EED, 37 }, // U+1EED
    { 0x1EEE, 19 }, // U+1EEE
    { 0x1EEF, 37 }, // U+1EEF
    { 0x1EF0, 19 }, // U+1EF0
    { 0x1EF1, 37 }, // U+1EF1
    { 0x1EF2, 44 }, // U+1EF2
    { 0x1EF3, 38 }, // U+1EF3
    { 0x1EF4, 44 }, // U+1EF4
    { 0x1EF5, 38 }, // U+1EF5
    { 0x1EF6, 44 }, // U+1EF6
    { 0x1EF7, 38 }, // U+1EF7
    { 0x1EF8, 44 }, // U+1EF8
    { 0x1EF9, 38 }, // U+1EF9
    { 0x2013, 4 }, // U+2013
    { 0x2014, 4 }, // U+2014
    { 0x2019, 46 }, // U+2019
    { 0x201A, 3 }, // U+201A
    { 0x201D, 46 }, // U+201D
    { 0x201E, 3 }, // U+201E
    { 0x2026, 3 }, // U+2026
    { 0x2030, 1 }, // U+2030
    { 0x20AB, 26 }, // U+20AB
    { 0x2202, 26 }, // U+2202
    { 0xFB00, 27 }, // U+FB00
    { 0xFB01, 27 }, // U+FB01
    { 0xFB02, 27 }, // U+FB02
    { 0xFB03, 27 }, // U+FB03
    { 0xFB04, 27 }, // U+FB04
};

static const int8_t lexica_15_italicKernMatrix[] = {
       0,    0,    0,    0,    0,    0,    0,    0,    0,   16,    0,    0,    0,    0,    0,    0,    0,    0,    0,    0,    0,    0,    0,    0,    0,    0,    0,    0,    0,    0,    0,    0,    0,    0,    0,    0,    0,    0,    0,    0,    0,    0,    0,    0,    0,    0,
       0,    0,    0,    0,    0,    0,    0,    0,    0,    0,    0,    0,    0,    0,    0,    0,    0,    0,    0,    0,    0,    0,    0,    0,    0,    0,    0,  -10,    0,    0,    0,    0,    0,    0,    0,    0,    0,    0,    0,    0,    0,    0,    0,    0,    0,    0,
       0,    0,    0,    0,    0,    0,  -24,  -16,   16,  -28,    0,    0,    0,    0,    0,    0,    0,    0,    0,    0,    0,    0,    0,    0,    0,    0,    0,    0,    0,    0,    0,    0,    0,    0,    0,    0,    0,    0,    0,    0,    0,    0,    0,    0,    0,    0,
       0,    0,    0,    0,  -39,    0,    0,    0,    0,    0,    0,    0,    0,    0,    0,    0,    0,    0,    0,    0,    0,    0,    0,    0,    0,    0,    0,    0,    0,    0,    0,    0,    0,    0,    0,    0,    0,    0,    0,    0,    0,    0,    0,    0,    0,    0,
       0,    0,    0,    0,    0,    0,    0,  -10,    0,    0,    0,    0,    0,    0,    0,    0,    0,    0,    0,    0,    0,    0,    0,    0,    0,    0,    0,    0,    0,    0,    0,    0,    0,    0,    0,    0,    0,    0,    0,    0,    0,    0,    0,    0,    0,    0,
       0,    8,    0,    0,    0,    0,    0,    0,    0,    0,    0,    0,    0,    0,    0,    0,    0,    0,    0,    0,    0,    0,    0,    0,    0,    0,    0,    0,    0,    0,    0,    0,    0,    0,    0,    0,    0,    0,    0,    0,    0,    0,    0,    0,    0,    0,
       0,    0,    0,    0,    0,    0,    0,    0,   -4,    0,    0,    0,    0,    0,    0,    0,    0,    0,    0,    0,    0,    0,    0,    0,    0,    0,    0,    0,    0,    0,    0,    0,    0,    0,    0,    0,    0,    0,    0,    0,    0,    0,    0,    0,    0,    0,
     -24,    0,    0,    0,    0,    0,    0,    0,    0,    0,    0,  -11,    0,    0,    0,    0,    0,    0,    0,    0,    0,    0,    0,    0,    0,    0,    0,    0,    0,    0,    0,    0,    0,    0,    0,    0,    0,    0,    0,    0,    0,  -38,    0,    0,    0,    0,
       0,    0,    0,    0,    0,    0,    0,    0,    0,    0,    0,   -8,    0,    0,    0,    0,    0,    0,    0,    0,    0,    0,    0,    0,    0,    0,    0,    0,    0,    0,    0,    0,    0,    0,    0,    0,    0,    0,    0,    0,    0,    0,    0,    0,    0,    0,
     -16,    0,    0,    0,    0,    0,  -12,  -10,    0,    0,    0,    0,    0,    0,    0,    0,    0,    0,    0,    0,    0,    0,    0,    0,    0,    0,    0,    0,    0,    0,    0,    0,    0,    0,    0,    0,    0,    0,    0,    0,    0,    0,    0,    0,    0,    0,
      16,    0,    0,  -28,    0,    0,   14,    0,  -24,   18,  -24,    0,    0,    0,    0,    0,    0,    0,    0,    0,    0,    0,    0,    0,    0,    0,    0,    0,    0,    0,    0,    0,    0,    0,    0,    0,    0,    0,    0,    0,    0,    0,    0,    0,    0,    0,
     -29,    0,    0,    0,    0,  -20,  -14,    0,    0,  -10,    0,  -24,    0,    0,    0,    0,    0,    0,    0,    0,    0,    0,    0,    0,    0,    0,    0,    0,    0,    0,    0,    0,    0,    0,    0,    0,    0,    0,    0,    0,    0,  -14,    0,    0,    0,    0,
       0,    0,    0,    0,    0,    0,    0,    0,  -12,  -10,  -12,    0,    0,    0,    0,    0,    0,    0,    0,    0,    0,    0,    0,    0,    0,    0,    0,    0,    0,    0,    0,    0,    0,    0,    0,    0,    0,    0,    0,    0,    0,    0,    0,    0,    0,    0,
       0,    0,    0,    0,    0,    0,    0,    0,    0,    0,    0,    0,   10,  -18,    0,    0,    0,  -33,  -14,  -34,  -24,    0,  -33,    0,    0,    0,    0,    0,    0,    0,    0,  -10,    0,    0,    0,  -14,  -12,  -20,  -22,   10,    0,    0,    0,  -33,  -33,    0,
       0,    0,    0,    0,    0,    0,    0,    0,    0,    0,    0,    0,  -10,    0,    0,    0,    0,    0,    0,  -10,    0,  -10,  -14,    0,   -7,    0,    0,    0,    0,    0,    0,    0,    0,    0,    0,    0,    0,    0,    0,    0,    0,    0,  -21,  -14,    0,    0,
       0,    0,    0,    0,    0,    0,    0,    0,    0,    0,    0,    0,    0,  -10,    0,    0,    0,    0,    0,    0,    0,    0,  -12,    0,    0,    0,    0,    0,    0,    0,    0,    0,    0,    0,    0,    0,    0,    0,    0,    0,    0,    0,  -21,  -12,    0,    0,
       0,    0,    0,    0,    0,    0,    0,    0,    0,    0,    0,    0,  -19,    0,  -14,    0,    0,  -19,    0,  -14,  -10,  -10,  -24,  -10,  -14,    0,    0,    0,    0,    0,    0,    0,    0,    0,    0,    0,    0,    0,    0,    0,  -10,    0,  -35,  -24,  -19,    0,
       0,    0,    0,    0,    0,    0,    0,    0,    0,    0,    0,    0,    0,  -10,    0,    0,    0,    0,    0,    8,    9,    0,    0,    0,    0,    0,    0,    0,    0,    0,    0,    0,    0,    0,    0,    0,    0,    0,    0,    0,    0,    0,    0,    0,    0,    0,
       0,    0,    0,    0,    0,    0,    0,    0,    0,    0,    0,    0,  -19,    0,    0,  -16,    0,   12,    0,    0,    0,    0,    0,    0,  -11,    0,    0,    0,    0,    0,    0,    0,    0,    0,    0,    0,    0,    0,    0,    0,    0,    0,  -57,    0,   12,    0,
       0,    0,    0,    0,    0,    0,    0,    0,    0,    0,    0,    0,    0,    0,    0,    0,    0,  -10,    0,  -14,    0,    0,  -24,    0,    0,    0,    0,    0,    0,    0,    0,    0,    0,    0,    0,    0,    0,    0,    0,    0,    0,    0,    0,  -24,  -10,    0,
       0,    0,    0,    0,    0,    0,    0,    0,    0,    0,    0,    0,    0,  -14,    0,    0,    0,    0,    0,    0,    0,    0,    0,    0,    0,    0,  -10,    0,    0,    0,    0,    0,    0,    0,    0,  -14,    0,    0,    0,    0,    0,    0,  -14,    0,    0,    0,
       0,    0,    0,    0,    0,    0,    0,    0,    0,    0,    0,    0,  -14,    0,    0,    0,    0,    0,    0,    0,    0,    0,    0,    0,    0,    0,    0,    0,    0,    0,    0,    0,    0,    0,    0,    0,    0,    0,    0,    0,    0,    0,    0,    0,    0,    0,
       0,    0,    0,    0,    0,    0,    0,    0,    0,    0,    0,    0,    0,  -24,    0,    0,    0,    0,    0,    0,    0,    0,    0,    0,    0,  -10,    0,    0,    0,    0,    0,    0,    0,    0,    0,    0,  -22,  -25,  -25,    0,    0,    0,    0,    0,    0,    0,
       0,    0,    0,    0,    0,    0,    0,    0,    0,    0,    0,    0,   14,  -18,    0,   14,    0,  -52,  -10,  -33,  -19,   14,  -42,    0,    0,    0,    0,    0,    0,  -10,    0,    0,    0,    0,    0,    0,    0,  -19,  -24,   14,    0,    0,    0,  -42,  -52,    0,
       0,    0,    0,    0,    0,    0,    0,    0,    0,    0,    0,    0,  -41,    0,    0,  -34,    0,    0,    0,    0,    0,  -14,  -10,  -10,  -14,    0,    0,    0,    0,    0,    0,    0,    0,    0,  -10,    0,    0,    0,    0,    0,    0,    0,  -74,  -10,    0,    0,
       0,    0,    0,    0,    0,    0,    0,    0,    0,    0,    0,    0,   14,    0,    0,    0,    0,    0,   -3,    0,    0,   10,  -19,    0,    0,    0,    0,    0,    0,    0,    0,    0,    0,    0,    0,    0,    0,    0,    0,   10,   10,    0,    0,  -19,    0,    0,
       0,    0,    0,    0,    0,    0,    0,    0,    0,    0,    0,    0,    9,  -10,    0,    0,    0,    0,    0,    0,    0,    0,   -8,    0,    0,    0,    0,  -10,    0,    0,    0,    0,    0,    0,    0,    0,  -10,    0,    0,    0,    0,    0,    0,   -8,    0,    0,
       0,    0,    0,    0,    0,    0,    0,    0,    0,    0,    0,    0,    0,    0,    0,    0,    0,    0,    0,    0,  -10,    0,   -7,    0,    0,    0,    0,    0,    0,    0,    0,    0,    0,    0,    0,    0,    0,    0,    0,    0,    0,    0,  -14,   -7,    0,    0,
       0,    0,    0,    0,    0,    0,    0,    0,    0,    0,    0,    0,  -33,  -19,    0,  -52,    0,   11,    0,   19,   14,    0,   10,    0,  -42,  -43,   10,  -38,    0,    0,    0,    0,  -33,  -33,  -29,    0,  -34,   -5,  -10,   -5,  -15,    0,  -62,   10,   11,    0,
       0,    0,    0,    0,    0,    0,    0,    0,    0,    0,    0,    0,  -14,    0,    0,    0,    0,    0,    0,    0,    0,    0,    0,    0,    0,    0,    0,    0,    0,    0,    0,    0,    0,    0,    0,    0,    0,    0,    0,    0,    0,    0,  -44,    0,    0,    0,
       0,    0,    0,    0,    0,    0,    0,    0,    0,    0,    0,    0,  -34,  -14,    0,  -19,    0,   19,    0,   10,   10,    0,   10,    0,  -19,  -24,    0,  -18,    0,    0,    0,    0,  -10,  -10,  -10,    0,    0,    0,    0,    0,    0,    0,  -47,   10,   19,    0,
       0,    0,    0,    0,    0,    0,    0,    0,    0,    0,    0,    0,  -24,  -10,    0,  -14,    0,   14,    0,   10,   10,    0,    0,    0,  -14,  -12,    0,  -14,    0,    0,    0,    0,    0,    0,    0,    0,    0,    0,    0,    0,    0,    0,  -44,    0,   14,    0,
       0,    0,    0,    0,    0,    0,    0,    0,    0,    0,    0,    0,    0,  -14,    0,    0,    0,    0,    0,    0,    0,    0,    0,    0,  -10,  -10,    0,  -10,    0,    0,    0,    0,    0,    0,    0,    0,  -14,  -10,    0,    0,    0,    0,    0,    0,    0,    0,
       0,    0,    0,    0,    0,    0,    0,    0,    0,    0,    0,    0,  -33,  -24,    0,  -28,    0,   10,    0,   10,    0,    0,    0,    0,  -38,  -43,    0,  -42,    0,    0,    0,    0,  -22,  -22,  -28,    0,  -19,    0,    0,  -10,  -10,    0,  -81,    0,   10,    0,
       0,    0,    0,    0,    0,    0,    0,    0,    0,    0,    0,    0,    0,  -14,    0,    0,    0,    0,    0,    0,    0,    0,    0,    0,    0,    0,    0,  -14,    0,    0,    0,    0,    0,    0,    0,  -14,    0,    0,    0,    0,    0,    0,    0,    0,    0,    0,
       0,    0,    0,    0,    0,    0,    0,    0,    0,    0,    0,    0,    0,    0,    0,    0,    0,  -42,    0,    0,    0,    0,  -28,    0,    0,    0,    0,    0,    0,    0,    0,    0,    0,    0,    0,    0,    0,    0,    0,    0,    0,    0,    0,    0,    0,    0,
       0,    0,    0,    0,    0,    0,    0,    0,    0,    0,    0,    0,    0,    0,    0,    0,    0,  -43,    0,  -24,  -12,  -10,  -43,    0,    0,    0,    0,    0,    0,    0,    0,    0,    0,    0,    0,    0,    0,    0,    0,    0,    0,    0,  -20,  -43,  -43,    0,
       0,    0,    0,    0,    0,    0,    0,    0,    0,    0,    0,    0,    0,    0,    0,    0,    0,  -24,    0,    0,  -14,    0,  -38,    0,    0,    0,    0,    0,    0,    0,    0,    0,    0,    0,    0,    0,    0,    0,    0,    0,    0,    0,   -6,  -38,  -24,    0,
       0,    0,    0,    0,    0,    0,    0,    0,    0,    0,    0,    0,    0,    0,    0,    0,    0,  -33,    0,  -19,  -14,  -10,  -38,    0,    0,    0,    0,    0,    0,    0,    0,    0,    0,    0,    0,    0,    0,    0,    0,    0,    0,    0,  -16,  -38,  -33,    0,
       0,    0,    0,    0,    0,    0,    0,    0,    0,    0,    0,    0,    0,    0,    0,    0,    0,   14,    0,    0,   10,    0,    0,    0,  -16,  -10,    0,    0,    0,    0,    0,    0,    0,    0,    0,    0,    0,    0,    0,    0,    0,    0,  -41,    0,   14,    0,
       0,    0,    0,    0,    0,    0,    0,    0,    0,    0,    0,    0,    0,    0,    0,    0,    0,  -33,    0,    0,    0,    0,  -24,    0,    0,    0,    0,    0,    0,    0,    0,    0,    0,    0,    0,    0,    0,    0,    0,    0,    0,    0,    0,  -24,  -33,    0,
       0,    0,    0,    0,    0,    0,    0,    0,    0,    0,    0,    0,    0,    0,    0,    0,    0,  -40,    0,  -11,  -14,    0,  -33,    0,    0,   -6,    0,   -7,    0,    0,    0,    0,    0,    0,    0,   -6,    0,    0,    0,    0,    0,    0,  -10,  -33,  -40,    0,
       0,    0,    0,    0,    0,    0,    0,    0,    0,    0,    0,    0,    0,    0,    0,    0,    0,    0,    0,    0,    0,    0,    0,    0,    0,    0,    0,    0,    0,    0,   12,    0,    0,    0,    0,    0,    0,    0,    0,    0,    0,    0,    0,    0,    0,    0,
       0,    0,    0,    0,    0,    0,    0,    0,    0,    0,    0,    0,   14,  -10,    0,    0,    0,    0,    0,    0,    0,    0,    0,    0,    0,   -8,    0,    0,    0,    0,    0,    0,    0,    0,    0,   -6,    0,    0,    0,    0,    0,    0,    0,    0,    0,    0,
       0,    0,   17,    0,    0,    0,    0,    0,    0,    0,    0,    0,    0,    0,    0,    0,    0,    0,    0,    0,    0,   10,    0,    0,    0,    0,    0,    0,    0,  -10,    0,    0,    0,   10,    0,    0,    0,    6,    0,    0,    0,    0,    6,    0,    0,    0,
       0,    0,    0,    0,    0,    0,    0,    0,    0,    0,    0,    0,    0,    0,    0,    0,    0,  -24,    0,    0,    0,    0,  -14,    0,    0,    0,    0,    0,    0,    0,    0,    0,    0,    0,    0,    0,    0,    0,    0,    0,    0,    0,    0,  -14,  -24,    0,
       0,    0,    0,    0,    0,    0,    0,    0,    0,    0,    0,    0,    0,    0,    0,  -40,    0,   -6,    0,    0,   14,    0,    0,    0,   -8,    0,   10,    0,    0,    0,    0,    0,    0,    0,    0,    8,    0,   13,   12,   10,    0,    0,  -60,    0,   -6,    0,
       0,    0,    0,    0,    0,    0,    0,    0,    0,    0,    0,    0,    0,    0,    0,   10,    0,  -29,    0,  -10,    0,    0,  -28,    0,    0,    0,    0,    0,    0,    0,    0,    0,    0,    0,    0,    0,    0,    0,    0,    0,    0,    0,   -4,  -28,  -29,    0,
       0,    0,    0,    0,    0,    0,    0,    0,    0,    0,    0,    0,   12,    0,    0,    0,    0,    0,    0,    0,    0,    0,  -14,    0,    0,    0,    0,    0,    0,    0,    0,    0,    0,    0,    0,    0,    0,    0,    0,    0,    0,    0,    0,  -14,    0,    0,
       0,    0,    0,    0,    0,    0,    0,    0,    0,    0,    0,    0,    0,    0,    0,    0,    0,  -40,    0,    0,    0,    0,  -20,    0,    0,    0,    0,    0,    0,    0,    0,    0,    0,    0,    0,    0,    0,    0,    0,    0,    0,    0,  -14,  -20,  -40,    0,
       0,    0,    0,    0,    0,    0,    0,    0,    0,    0,    0,    0,  -28,    0,    0,    0,    0,   -5,    0,    0,    0,  -10,    0,  -10,  -10,    0,   10,    0,    0,    0,    0,    0,    0,    0,   10,    0,    0,    5,    5,    0,    0,    0,  -50,    0,   -5,    0,
       0,    0,    0,    0,    0,    0,    0,    0,    0,    0,    0,    0,    0,    0,    0,    0,    0,  -10,    0,    0,    0,    0,    0,    0,    0,    0,    6,    0,    0,    0,    0,    0,    0,    0,    0,    0,    0,    5,    5,    0,    0,    0,  -50,    0,  -10,    0,
       0,    0,    0,    0,    0,    0,    0,    0,    0,    0,    0,    0,   10,    0,    0,    0,    0,   -5,    0,    0,    0,    0,  -10,    0,    0,    0,    0,    0,    0,    0,    0,    0,    0,    0,    0,    0,    0,    0,    0,    0,    0,    0,    0,  -10,   -5,    0,
       0,    0,    0,    0,    0,    0,    0,    0,    0,    0,    0,    0,    0,    0,    0,    0,    0,    0,    0,    0,    0,    0,  -10,    0,    0,    0,    0,    0,    0,    0,    0,    0,    0,    0,    0,    0,    0,    0,    0,    0,    0,    0,    0,  -10,    0,    0,
       0,    0,   17,    0,    0,    0,    0,    0,    0,    0,    0,    0,    0,   14,   20,    0,   15,   50,   20,   46,   46,   40,   45,   27,    0,    0,   25,    0,   20,   10,   20,   20,   15,   15,    0,   20,    0,   34,   26,   26,   20,    0,    6,   45,   50,   26,
       0,    0,   17,    0,    0,    0,    0,    0,    0,    0,    0,    0,    0,    0,    0,    0,    0,    0,    0,    0,    0,   10,    0,    0,    0,    0,    0,    0,    0,  -10,    0,    0,    0,    0,    0,    0,    0,    6,    0,    0,    0,    0,    6,    0,    0,    0,
       0,    0,    0,    0,    0,    0,    0,    0,    0,    0,    0,    0,    0,    0,    0,    0,    0,  -25,    0,    0,    0,    0,    0,    0,    0,    0,    0,    0,    0,    0,    0,    0,    0,    0,    0,    0,    0,    0,    0,    0,    0,    0,    0,    0,    0,    0,
       0,    0,  -34,    0,    0,    0,    0,    0,    0,    0,    0,    0,  -14,    0,    0,    0,    0,   20,    0,   14,   14,    6,    6,    0,    0,    0,    0,    0,    0,    0,    0,    0,    0,    0,    0,    0,    0,    0,    0,    0,    0,    0,  -26,    6,   20,    0,
       0,    0,  -34,    0,    0,    0,    0,    0,    0,    0,    0,    0,  -14,    0,    0,    0,   14,   14,    0,   14,   14,    0,    0,    0,    0,    0,    0,    0,    6,    6,    0,    6,    0,    0,    0,   13,    0,   20,   20,   14,    0,    0,  -20,    0,   14,    0,
       0,    0,  -34,    0,    0,    0,    0,    0,    0,    0,    0,    0,  -26,    0,    0,   -6,    0,   26,    0,   20,   20,    6,   14,    0,  -14,   -6,    0,   -7,    0,    0,    0,    0,    0,    0,    0,    0,   -6,    0,    0,    0,   -6,    0,  -34,   14,   26,    0,
       0,    0,  -20,    0,    0,    0,    0,    0,    0,    0,    0,    0,  -14,    0,    0,  -14,   14,   20,    0,   20,   20,    0,    0,    0,   -6,   -6,   14,   -6,    0,    0,    0,    0,    0,    0,   -6,   14,    0,   20,   20,   20,    0,    0,  -20,    0,   20,    0,
       0,    0,    0,    0,    0,    0,    0,    0,    0,    0,    0,    0,    0,    0,    0,    0,    0,    0,    0,    0,    0,    0,    0,    0,    0,    0,    0,    0,    0,    0,    0,    0,    0,    0,  -14,    0,    0,    0,    0,    0,    0,    0,    0,    0,    0,    0,
};

static const EpdLigaturePair lexica_15_italicLigaturePairs[] = {
    { 0x00660066, 0xFB00 }, // f f -> U+FB00
    { 0x00660069, 0xFB01 }, // f i -> U+FB01
    { 0x0066006C, 0xFB02 }, // f l -> U+FB02
    { 0xFB000069, 0xFB03 }, // U+FB00 i -> U+FB03
    { 0xFB00006C, 0xFB04 }, // U+FB00 l -> U+FB04
};

static const EpdFontData lexica_15_italic = {
    lexica_15_italicBitmaps,
    lexica_15_italicGlyphs,
    lexica_15_italicIntervals,
    43,
    39,
    30,
    -10,
    true,
    lexica_15_italicGroups,
    12,
    nullptr,
    lexica_15_italicKernLeftClasses,
    lexica_15_italicKernRightClasses,
    lexica_15_italicKernMatrix,
    349,
    331,
    62,
    46,
    lexica_15_italicLigaturePairs,
    5,
};
