/**
 * generated by fontconvert.py
 * name: lexica_19_italic
 * size: 19
 * mode: 2-bit  compressed: true
 * Command used: fontconvert.py lexica_19_italic 19 ../builtinFonts/source/lexica-ultralegible/LexicaUltralegible-Italic.ttf --2bit --compress
 */
#pragma once
#include "EpdFontData.h"

static const uint8_t lexica_19_italicBitmaps[18401] = {
    0x95, 0x5A, 0x3D, 0xB7, 0xE5, 0xD6, 0x59, 0xDE, 0x92, 0xCC, 0x15, 0x0B, 0xAD, 0x85, 0x9A, 0x14,
    0x2C, 0x06, 0xA2, 0x26, 0x05, 0x14, 0x46, 0x0D, 0x05, 0x85, 0x67, 0x24, 0x92, 0xC2, 0x05, 0x05,
    0x3F, 0x21, 0x3F, 0x80, 0x62, 0x5A, 0x0A, 0x67, 0x24, 0x87, 0x82, 0x22, 0x45, 0xE6, 0x1F, 0x90,
    0x86, 0x7F, 0x90, 0x72, 0xE6, 0x4A, 0xB1, 0x0B, 0x17, 0x2E, 0x46, 0xE0, 0xC2, 0x05, 0x85, 0x05,
    0xBE, 0x6B, 0x05, 0x2A, 0xCB, 0xCB, 0x22, 0xD6, 0xCD, 0x48, 0xDA, 0x3C, 0xCF, 0xF3, 0x6E, 0x9D,
    0x73, 0x66, 0xEE, 0xBD, 0x89, 0xB9, 0xF6, 0xEC, 0x73, 0xA4, 0xB3, 0x3F, 0xDF, 0xF7, 0x79, 0xBF,
    0xB7, 0xCB, 0xC7, 0x68, 0x73, 0x65, 0x1F, 0xAF, 0xAE, 0x6A, 0x93, 0xD9, 0x35, 0x75, 0x36, 0xB9,
    0x6B, 0x97, 0x0F, 0x6E, 0x75, 0x79, 0x1F, 0x2D, 0xAE, 0xA8, 0xE3, 0xC9, 0x95, 0x2E, 0x19, 0xDD,
    0x63, 0x97, 0xF4, 0x2E, 0xFC, 0x95, 0x2E, 0x5B, 0x9D, 0xEF, 0xD1, 0x94, 0xCE, 0x55, 0xD9, 0x67,
    0xD3, 0x4B, 0x34, 0xE3, 0x4F, 0x9E, 0xA4, 0x1F, 0x8F, 0x1F, 0xA0, 0x19, 0xDE, 0x7B, 0x97, 0x7D,
    0x37, 0xFC, 0xE7, 0x30, 0x91, 0xB5, 0xAB, 0x73, 0xD1, 0x1A, 0xA1, 0x8D, 0x17, 0x6B, 0xE3, 0xC5,
    0xB9, 0x64, 0x46, 0x9B, 0x7B, 0xFC, 0x6D, 0x6A, 0x57, 0x6B, 0x5D, 0x3A, 0xA5, 0x93, 0x73, 0xE9,
    0xC8, 0x36, 0x1B, 0xB3, 0x11, 0xED, 0xC0, 0x36, 0x1F, 0xB0, 0x35, 0xEC, 0x2C, 0xB4, 0xBD, 0xAB,
    0xD8, 0x7F, 0x6A, 0xCE, 0xED, 0xE8, 0xCA, 0xB6, 0x6C, 0xB1, 0xAB, 0xBA, 0xAA, 0xD1, 0xBA, 0xD0,
    0x62, 0x0B, 0x4D, 0x68, 0x1B, 0xB4, 0xD7, 0x6A, 0x9D, 0x7B, 0x97, 0x4D, 0x32, 0xB0, 0x7D, 0x0F,
    0xFF, 0x32, 0xCF, 0x79, 0x31, 0x95, 0x4B, 0x31, 0xD5, 0xE0, 0x7C, 0xFB, 0xDA, 0xD7, 0xD5, 0x90,
    0xA7, 0x6B, 0xB2, 0xB8, 0xE9, 0x7B, 0x20, 0xCF, 0xF7, 0xB1, 0xAB, 0x39, 0x46, 0xAF, 0xA6, 0xC5,
    0x80, 0x64, 0xE3, 0x39, 0xCB, 0xED, 0x1F, 0x31, 0xD6, 0x7B, 0xAC, 0x1A, 0x7B, 0xFF, 0x5C, 0x2D,
    0x7A, 0x44, 0x7A, 0xF3, 0xFD, 0x72, 0xC7, 0x8B, 0xA1, 0xC4, 0x41, 0x1E, 0x3B, 0x5F, 0x83, 0x88,
    0xE9, 0xC2, 0xC5, 0x9A, 0x0F, 0x7F, 0x99, 0xB6, 0xE9, 0x5C, 0xF5, 0xBF, 0x74, 0x3E, 0xF6, 0xB9,
    0xC3, 0x2A, 0xFB, 0x54, 0x2C, 0x3C, 0x10, 0x06, 0x74, 0x1E, 0x5D, 0x5D, 0xB3, 0xA3, 0x31, 0xAA,
    0x73, 0x77, 0x2E, 0x6D, 0x45, 0x7C, 0x8C, 0x77, 0x1D, 0x9E, 0x3C, 0x08, 0x4B, 0x02, 0x75, 0xFC,
    0x82, 0x73, 0xA6, 0x4B, 0xBA, 0x3A, 0x52, 0xB5, 0xAA, 0xC1, 0xCA, 0xA2, 0x77, 0xE0, 0x5F, 0x3A,
    0x92, 0xFC, 0xD9, 0xE0, 0x8A, 0x36, 0x1F, 0xC9, 0x38, 0xF7, 0x4C, 0x47, 0x7F, 0x09, 0xD2, 0xA3,
    0x13, 0x58, 0x82, 0x8E, 0x55, 0xCB, 0xA3, 0xC4, 0x1B, 0x50, 0xC0, 0x69, 0xBD, 0x88, 0xAC, 0xF9,
    0x77, 0x2E, 0x18, 0xEF, 0x40, 0x45, 0xD4, 0x3D, 0x77, 0x46, 0x44, 0x90, 0x18, 0xDD, 0x97, 0x94,
    0x64, 0xC2, 0x8C, 0x7D, 0x35, 0x94, 0x3C, 0xED, 0x8A, 0x95, 0xCB, 0x5E, 0x2C, 0xEA, 0x45, 0xE9,
    0x0E, 0x4B, 0x91, 0xEB, 0xE9, 0x84, 0x7D, 0x24, 0x13, 0xB7, 0x85, 0xDD, 0x14, 0x2D, 0xC6, 0x82,
    0x77, 0xDC, 0x16, 0xB6, 0x58, 0x0D, 0xC5, 0x48, 0xA4, 0xF0, 0xDC, 0x18, 0x8B, 0xEF, 0x0D, 0xE7,
    0xEF, 0x8E, 0x73, 0xBA, 0xA8, 0x1B, 0x6D, 0x53, 0xAD, 0x5A, 0x6C, 0x39, 0xD9, 0x23, 0x74, 0x05,
    0x6C, 0x31, 0x1C, 0x1D, 0x35, 0x73, 0xCB, 0x85, 0x00, 0x5D, 0x8C, 0xC3, 0x21, 0x1A, 0xD2, 0xAE,
    0xED, 0xD0, 0xE6, 0xBF, 0x21, 0x1D, 0x23, 0x92, 0xD4, 0x5D, 0x79, 0x4E, 0x98, 0x7B, 0x0E, 0x2C,
    0x6E, 0x9B, 0x3E, 0x9B, 0x8A, 0x19, 0x8C, 0x9D, 0xB1, 0x68, 0xF7, 0xD3, 0x15, 0x83, 0xF3, 0xDB,
    0x95, 0x24, 0xF1, 0x3B, 0xF1, 0x59, 0x78, 0xD2, 0x29, 0xF6, 0xB6, 0xCA, 0x88, 0x3D, 0x47, 0x18,
    0xD9, 0xB5, 0x99, 0xF7, 0x3D, 0x41, 0xFA, 0xF7, 0x0B, 0x38, 0xBE, 0x81, 0xA3, 0x57, 0xFE, 0xC6,
    0x15, 0x53, 0x55, 0x55, 0x4F, 0xF0, 0xF7, 0xF8, 0x5D, 0xA2, 0x4D, 0xFF, 0xD7, 0x00, 0x22, 0x07,
    0x83, 0x96, 0x98, 0x1B, 0xBB, 0x24, 0x67, 0x56, 0x1D, 0x0D, 0xBF, 0xE1, 0x07, 0xE0, 0x99, 0xCB,
    0xAD, 0x24, 0x2A, 0xFB, 0x86, 0x67, 0xE3, 0x25, 0x46, 0xC5, 0x33, 0xD9, 0xC4, 0x5F, 0xC8, 0xE4,
    0x55, 0xB3, 0xA2, 0x4F, 0x74, 0xFA, 0x26, 0xEE, 0x91, 0x94, 0x80, 0xB3, 0x91, 0xC1, 0x69, 0x10,
    0x48, 0x7C, 0xFC, 0x70, 0xE7, 0x83, 0xA8, 0x58, 0x35, 0x29, 0xD7, 0xAA, 0x0C, 0x40, 0xD7, 0x4E,
    0xEB, 0xAD, 0x86, 0xA2, 0x49, 0x7B, 0x00, 0x2B, 0xD9, 0x63, 0xD7, 0x90, 0x24, 0xBC, 0x23, 0xFE,
    0xDE, 0xC1, 0x1B, 0x02, 0xE9, 0x6F, 0x9E, 0xB8, 0xEE, 0x25, 0xC8, 0xB4, 0xC5, 0x7E, 0x4F, 0xF6,
    0xBA, 0xF8, 0xCA, 0x55, 0x79, 0xFD, 0x67, 0x19, 0x3A, 0x0B, 0xA5, 0x82, 0x80, 0x56, 0xD5, 0x68,
    0x2D, 0xFE, 0xF0, 0xCB, 0x82, 0xA2, 0xFB, 0x39, 0x9B, 0xFF, 0x95, 0x32, 0xF8, 0xEE, 0xC3, 0xD3,
    0xB1, 0xFA, 0x37, 0xFF, 0xCF, 0x5B, 0x36, 0xE5, 0xF5, 0x8B, 0xA4, 0x7F, 0x12, 0x4D, 0x44, 0xD2,
    0x8F, 0xBD, 0xFF, 0x14, 0xF0, 0xCC, 0x5A, 0xFF, 0xB1, 0xCF, 0xD7, 0xAC, 0x0F, 0xA4, 0xD2, 0x89,
    0xC8, 0x0D, 0x9D, 0x37, 0x9C, 0x47, 0x8A, 0x60, 0xBF, 0xDB, 0x83, 0x7C, 0x27, 0xB0, 0x42, 0x0F,
    0x2A, 0x31, 0xC9, 0x87, 0x56, 0x26, 0x50, 0x43, 0x8F, 0xDA, 0xA4, 0x31, 0xF4, 0x20, 0xC4, 0xD2,
    0x53, 0x8F, 0xF2, 0xCD, 0x1E, 0xCE, 0x3D, 0xA2, 0x44, 0x97, 0x14, 0xEE, 0x9C, 0x72, 0x0E, 0xBA,
    0x95, 0x33, 0x14, 0xA9, 0x6B, 0xFA, 0x72, 0x73, 0xF1, 0x96, 0x40, 0xA4, 0x8A, 0xB1, 0x03, 0x7E,
    0x7D, 0xFE, 0x25, 0x34, 0xF0, 0xD7, 0x5B, 0x31, 0xB8, 0xAE, 0xEC, 0xBD, 0xCB, 0xBE, 0x59, 0xD3,
    0xD9, 0x75, 0x55, 0x5B, 0xB5, 0xD9, 0x37, 0x33, 0xB6, 0xEA, 0x9B, 0x3A, 0x1F, 0xF3, 0x5F, 0x43,
    0x65, 0xBB, 0xAD, 0xA9, 0x93, 0xA5, 0xF8, 0x1C, 0x22, 0xFF, 0xD1, 0x8A, 0xA1, 0x7B, 0xF5, 0x4F,
    0x90, 0xFB, 0xD7, 0x53, 0x05, 0xE9, 0xDA, 0xE3, 0x0D, 0xB8, 0xED, 0x0B, 0x80, 0x7B, 0x71, 0xDD,
    0x90, 0x62, 0x49, 0x4F, 0x51, 0xCA, 0xA4, 0xA1, 0x32, 0x2F, 0x99, 0x2E, 0x44, 0x53, 0xC8, 0x61,
    0xB3, 0x54, 0x7E, 0x03, 0x2B, 0x20, 0x67, 0xFD, 0x05, 0x1C, 0x1B, 0x77, 0x17, 0xAE, 0x77, 0x9F,
    0xF3, 0xB7, 0xE0, 0x4C, 0x81, 0xBB, 0x91, 0x16, 0x94, 0x34, 0xA1, 0x8D, 0x7C, 0x5B, 0xE0, 0x50,
    0xD8, 0xCB, 0x4C, 0x7A, 0x14, 0x23, 0xC1, 0x2A, 0x0A, 0x9B, 0x9E, 0x11, 0xED, 0x8D, 0xAA, 0xCE,
    0x4B, 0xDF, 0xE9, 0x45, 0x25, 0x7E, 0x1B, 0xFF, 0xC9, 0xB5, 0x64, 0x93, 0x22, 0xE2, 0xD7, 0x4C,
    0x5F, 0x7D, 0x7F, 0x68, 0x8B, 0x54, 0xC3, 0xA4, 0x31, 0x0A, 0x7B, 0x26, 0xED, 0x65, 0x23, 0x22,
    0x36, 0x4B, 0xE6, 0xA5, 0xD7, 0xD1, 0xE7, 0xB7, 0x52, 0xD3, 0x8B, 0xE8, 0xD1, 0x27, 0x3B, 0xC6,
    0x8B, 0x54, 0x06, 0xFD, 0x47, 0x61, 0x6D, 0x41, 0xC2, 0x78, 0x47, 0x6D, 0xF2, 0x07, 0xA0, 0x5C,
    0x22, 0xCD, 0x2C, 0x85, 0xD2, 0x68, 0xA6, 0x47, 0xFB, 0x79, 0x67, 0xCB, 0xA9, 0x7B, 0xD9, 0xFF,
    0x09, 0x71, 0xD4, 0x71, 0xE7, 0xE0, 0x61, 0xB4, 0xF1, 0x00, 0x50, 0x29, 0x63, 0xEC, 0x6B, 0x6E,
    0xA2, 0xC6, 0x68, 0x34, 0x51, 0x77, 0x6B, 0xC0, 0xA0, 0x16, 0x0C, 0x87, 0x8A, 0x74, 0x9E, 0x54,
    0x6D, 0xA1, 0xB6, 0xE9, 0x40, 0xA4, 0x68, 0x27, 0x90, 0xD2, 0xA5, 0x51, 0x6F, 0xB6, 0x4D, 0x7B,
    0xCD, 0xD7, 0x24, 0x1E, 0x6C, 0x0A, 0xF5, 0xE9, 0xC8, 0x0D, 0x37, 0x2D, 0x70, 0x8A, 0xD7, 0xC0,
    0x22, 0x5E, 0xD3, 0x12, 0x88, 0x33, 0xA2, 0xC2, 0xAA, 0x76, 0xB1, 0xF6, 0x10, 0x03, 0x93, 0xA8,
    0x40, 0x78, 0x41, 0x36, 0x70, 0x45, 0xC8, 0x95, 0xD0, 0x91, 0x4A, 0x13, 0x81, 0x8B, 0xFD, 0x78,
    0x21, 0x57, 0xF2, 0x57, 0xB4, 0x07, 0xF0, 0xEF, 0x79, 0xF1, 0x35, 0xF9, 0x50, 0x7C, 0xC5, 0x75,
    0x64, 0xD3, 0x13, 0x5F, 0x83, 0x29, 0xD8, 0x0C, 0x10, 0x70, 0x85, 0x5F, 0x86, 0xF3, 0x42, 0x62,
    0x9B, 0xB1, 0x58, 0x72, 0x83, 0xD7, 0x40, 0x10, 0x54, 0x3C, 0xE8, 0x97, 0x4F, 0x54, 0xF7, 0xBE,
    0x8E, 0x35, 0xDC, 0xE0, 0x1B, 0xCB, 0x10, 0xB8, 0xA7, 0x46, 0xBC, 0x02, 0x42, 0x15, 0xD3, 0xF2,
    0xE7, 0x5C, 0xA6, 0x1A, 0x81, 0x72, 0x90, 0xF6, 0x36, 0xDA, 0x0E, 0x96, 0x64, 0x17, 0x22, 0xDB,
    0xDD, 0xB8, 0x12, 0xBA, 0xC1, 0x55, 0x30, 0xB1, 0x7D, 0xB5, 0xBB, 0x66, 0x6A, 0x26, 0x97, 0xCD,
    0x0D, 0xF4, 0xD6, 0xDA, 0x60, 0xE6, 0xB5, 0x23, 0xDB, 0xD5, 0x50, 0xFF, 0x5B, 0x03, 0x42, 0x24,
    0x0B, 0x70, 0x98, 0x4D, 0x25, 0xFC, 0x8B, 0x31, 0x5F, 0xC0, 0x23, 0x7A, 0x08, 0x3C, 0x19, 0x16,
    0x78, 0x84, 0xE5, 0x52, 0x21, 0xAB, 0xE3, 0x49, 0x05, 0x32, 0x92, 0x31, 0x5F, 0xC4, 0xCE, 0x13,
    0x3E, 0x2E, 0x9F, 0x4F, 0xBF, 0xC7, 0x17, 0xCF, 0xF3, 0xE9, 0xB9, 0x39, 0x3F, 0xEF, 0xDF, 0xFD,
    0x79, 0x7A, 0xF3, 0xF9, 0x10, 0x03, 0x99, 0xD4, 0x86, 0x98, 0x05, 0x5D, 0x7B, 0x7A, 0x7A, 0xB2,
    0xC0, 0x8D, 0x4B, 0x07, 0x7C, 0x42, 0x0A, 0xE1, 0xDE, 0x5D, 0xD3, 0x74, 0x14, 0x3D, 0x00, 0x44,
    0x4F, 0x20, 0x74, 0x2F, 0x49, 0xEC, 0x86, 0xFA, 0xB8, 0x19, 0x71, 0x64, 0x52, 0x80, 0x64, 0x80,
    0x76, 0xA2, 0x2F, 0xF1, 0x09, 0x5D, 0xB4, 0xAF, 0xD7, 0x40, 0x25, 0xE7, 0x89, 0xE1, 0xE6, 0x47,
    0x1C, 0xDB, 0xA3, 0x7B, 0xD7, 0x67, 0x92, 0xB5, 0x86, 0x73, 0x18, 0xCE, 0x23, 0x10, 0x9F, 0xAA,
    0x40, 0xFE, 0xCD, 0x00, 0x86, 0x96, 0x13, 0x11, 0xBA, 0xE6, 0xB4, 0x6A, 0x04, 0xDE, 0x4E, 0x38,
    0x08, 0xE7, 0xD7, 0x9C, 0x71, 0x67, 0xB3, 0x35, 0xE4, 0xC5, 0x9B, 0x1C, 0x18, 0xF2, 0x0D, 0xDB,
    0x49, 0x02, 0x07, 0x36, 0x72, 0x60, 0x39, 0x84, 0x48, 0x94, 0xF4, 0x87, 0x9E, 0x10, 0x89, 0x4B,
    0xBE, 0xEF, 0xFA, 0x83, 0xB6, 0x4F, 0x80, 0x91, 0x7C, 0x85, 0xCC, 0x3F, 0x71, 0xF7, 0xFF, 0x3D,
    0xA3, 0x5B, 0xB2, 0x60, 0x3C, 0x1C, 0x98, 0xBC, 0x45, 0xC7, 0x6A, 0x42, 0x93, 0xB7, 0xEE, 0xA1,
    0xBF, 0xBF, 0x04, 0x2B, 0xA8, 0xDD, 0xA8, 0xD7, 0xE0, 0x4D, 0xBE, 0x70, 0x39, 0x49, 0xFA, 0x81,
    0xFD, 0xF8, 0x0E, 0x1B, 0x7E, 0xCF, 0x08, 0xF0, 0x6E, 0xE5, 0x6E, 0x47, 0x79, 0x13, 0xA0, 0x05,
    0xCC, 0x2E, 0xB7, 0x5E, 0xD2, 0xBD, 0xE9, 0xC8, 0xCE, 0x8E, 0x40, 0x69, 0x76, 0x69, 0x80, 0x59,
    0xBC, 0xAB, 0x0F, 0xD7, 0xA5, 0x34, 0xDF, 0x92, 0xB3, 0x14, 0xEB, 0x49, 0x3B, 0xFD, 0xA1, 0xDC,
    0x5E, 0x8A, 0x26, 0x6D, 0x9E, 0x39, 0x65, 0x77, 0xFE, 0xA4, 0xFD, 0xD6, 0xEE, 0xD4, 0xB3, 0xA7,
    0x64, 0xC7, 0xE3, 0xA1, 0x42, 0x4B, 0x2E, 0x52, 0x10, 0x25, 0xB6, 0x52, 0xB7, 0xD7, 0xB6, 0x39,
    0x3C, 0x6B, 0x53, 0x13, 0x99, 0xD7, 0x73, 0x37, 0xB6, 0x57, 0x9E, 0x80, 0xFB, 0x8B, 0x79, 0x8A,
    0x4E, 0xF2, 0xD7, 0x06, 0x9F, 0xE4, 0x07, 0x5A, 0xF0, 0x0A, 0x1D, 0xC0, 0xFF, 0x51, 0xF2, 0xEA,
    0x9F, 0x67, 0x2B, 0x7C, 0xC4, 0xE2, 0x4B, 0x3A, 0x14, 0xA5, 0x89, 0xA2, 0xA4, 0x93, 0xBC, 0x02,
    0xD1, 0x5C, 0x4E, 0x1F, 0xD5, 0x53, 0xCD, 0x50, 0xB7, 0x62, 0x26, 0x7A, 0x94, 0x32, 0x07, 0xDD,
    0x21, 0xB9, 0xDB, 0xDB, 0x47, 0x4A, 0xF8, 0x96, 0x7D, 0xF3, 0x35, 0x7C, 0xD1, 0x9B, 0x60, 0x76,
    0x0E, 0x17, 0x3A, 0x33, 0x8A, 0x54, 0xB7, 0xEE, 0xD1, 0x46, 0x2D, 0x42, 0x45, 0x2E, 0x33, 0x5E,
    0xF4, 0x30, 0xD3, 0x4F, 0x6F, 0xD3, 0x29, 0xA7, 0x24, 0xFF, 0x70, 0x2E, 0x6A, 0x10, 0xC6, 0x2D,
    0x95, 0x6B, 0x9E, 0x37, 0xEE, 0xC5, 0x13, 0x28, 0xD5, 0x67, 0xEE, 0xF1, 0x7B, 0xD0, 0xA1, 0xD7,
    0xEE, 0xF1, 0x07, 0x50, 0x6E, 0x1B, 0x3E, 0x30, 0x62, 0xE5, 0x07, 0xD5, 0xEC, 0x4F, 0x3E, 0xC8,
    0xE8, 0x14, 0xBE, 0x78, 0x9C, 0x4D, 0xD9, 0x82, 0x71, 0xE9, 0x5C, 0x6E, 0xF8, 0x97, 0xF8, 0x1D,
    0xA7, 0xCE, 0x7F, 0x45, 0x1D, 0xDB, 0x66, 0xE3, 0xD3, 0xE7, 0xF8, 0xD1, 0xCC, 0x02, 0x78, 0x20,
    0x75, 0xEA, 0x9A, 0xD9, 0xFD, 0xA9, 0x1C, 0x51, 0x19, 0x91, 0xC8, 0x3E, 0x44, 0x51, 0x77, 0xB2,
    0x66, 0xAE, 0x30, 0x1D, 0x2A, 0x0B, 0x03, 0x02, 0x4B, 0x33, 0x7E, 0x25, 0xF1, 0x5E, 0x65, 0x5F,
    0x9A, 0x9F, 0x49, 0xA7, 0x4D, 0x94, 0x90, 0x68, 0x97, 0xB1, 0xAA, 0xE4, 0xC7, 0x67, 0xB3, 0x96,
    0xF3, 0xA2, 0x6D, 0x39, 0xF0, 0xAC, 0x88, 0x0A, 0x28, 0x5C, 0x5E, 0x34, 0x87, 0x8C, 0xD0, 0x1E,
    0xAC, 0xB2, 0xB9, 0xB0, 0x2B, 0x34, 0xC7, 0x44, 0x84, 0x34, 0x2B, 0x48, 0x25, 0x34, 0xD5, 0xD4,
    0x24, 0xE9, 0x1C, 0xC9, 0xCA, 0xB5, 0x9C, 0x29, 0x59, 0xB3, 0x45, 0x6B, 0x48, 0xB2, 0x56, 0xA9,
    0x33, 0x34, 0x18, 0x7A, 0xAB, 0xA3, 0x60, 0xA3, 0x85, 0x6C, 0x0A, 0x3D, 0x81, 0x95, 0x8B, 0x53,
    0x6C, 0x7A, 0x6A, 0x3B, 0xEE, 0xCA, 0xCB, 0x27, 0xF7, 0xB4, 0xA2, 0x98, 0xD4, 0x4B, 0xD9, 0x7B,
    0x6E, 0x96, 0xBB, 0xA0, 0x6E, 0xE1, 0xA2, 0xF1, 0x79, 0x1F, 0x03, 0x37, 0xD8, 0x51, 0x3B, 0x00,
    0x1F, 0x3C, 0x5D, 0xB6, 0x50, 0x89, 0x67, 0x4B, 0x7E, 0x6A, 0xF3, 0x99, 0xE2, 0x5E, 0x4C, 0x84,
    0x4A, 0x33, 0x60, 0xD9, 0x2B, 0xDF, 0x56, 0xB2, 0x4D, 0xD5, 0x71, 0x90, 0xFD, 0x0C, 0x87, 0x8E,
    0x5A, 0x28, 0xD5, 0x0F, 0x20, 0xED, 0xD3, 0x95, 0xA6, 0x36, 0xDD, 0x14, 0x48, 0xEC, 0x32, 0x3C,
    0x37, 0x99, 0x9C, 0x0D, 0xA9, 0x50, 0xC1, 0x2F, 0x68, 0x12, 0x9C, 0xFF, 0x30, 0xFF, 0x87, 0x17,
    0xE7, 0x1F, 0x68, 0xED, 0x57, 0xEB, 0x49, 0xFD, 0xFB, 0xC7, 0x75, 0x35, 0x3A, 0xA9, 0x12, 0xE2,
    0x33, 0xF3, 0x35, 0x5C, 0x05, 0x9E, 0x71, 0x76, 0xA6, 0x14, 0xC3, 0xD6, 0x40, 0xBD, 0x1B, 0xC5,
    0x8F, 0x14, 0xBD, 0x42, 0xBF, 0x83, 0x6B, 0x57, 0xC0, 0x01, 0xA9, 0xE8, 0xC5, 0x2B, 0x68, 0x7A,
    0x92, 0xB1, 0x69, 0x49, 0x0B, 0xBC, 0x50, 0x7C, 0xD4, 0x73, 0xB3, 0xB1, 0x08, 0x09, 0x6B, 0x4A,
    0x29, 0x89, 0x57, 0x89, 0x55, 0xD9, 0x93, 0xDF, 0xF1, 0xAA, 0x83, 0x55, 0xBD, 0xF8, 0xB7, 0xA4,
    0xB2, 0x04, 0x35, 0xF9, 0x90, 0x4F, 0x24, 0xA6, 0x31, 0x02, 0xBF, 0x73, 0x64, 0x26, 0x66, 0xC3,
    0x76, 0xE0, 0xE8, 0xD0, 0x64, 0xDA, 0xC0, 0x28, 0x4A, 0xCE, 0xE2, 0xC8, 0x8D, 0x2C, 0x82, 0xDC,
    0xC5, 0x0B, 0xB8, 0xF4, 0x91, 0x85, 0xDC, 0x76, 0x72, 0xA3, 0x97, 0x51, 0xD0, 0x30, 0x1F, 0x6D,
    0x17, 0x24, 0xB9, 0xE7, 0x67, 0x13, 0xCE, 0x4E, 0x27, 0xAF, 0xA4, 0xC8, 0xED, 0xE7, 0xF4, 0x8D,
    0xD1, 0x77, 0x26, 0xB7, 0x9F, 0xE3, 0x37, 0x7E, 0x96, 0x8B, 0x61, 0x5B, 0x93, 0x29, 0x6E, 0x6D,
    0xA3, 0x9B, 0xDA, 0x55, 0x74, 0x5D, 0x0F, 0xE7, 0xE6, 0xB2, 0x15, 0x77, 0x9B, 0xFA, 0xBC, 0xCD,
    0x4B, 0x8E, 0xEE, 0x27, 0xDD, 0xD9, 0x0B, 0x9C, 0xAD, 0x4E, 0x5D, 0x9B, 0xA7, 0x62, 0xBB, 0x30,
    0x1F, 0x55, 0x1E, 0x46, 0xD8, 0x9D, 0x79, 0x30, 0xE6, 0xD0, 0x19, 0x90, 0xCA, 0x07, 0x16, 0xBC,
    0x07, 0x9C, 0x08, 0x03, 0xCA, 0x95, 0x46, 0x20, 0xB9, 0x04, 0xE7, 0x2F, 0x0C, 0x9C, 0x61, 0xCE,
    0xFE, 0x41, 0x70, 0x76, 0xC1, 0x22, 0xEE, 0x66, 0x17, 0xBD, 0x8C, 0x84, 0x49, 0x2C, 0xFB, 0xC8,
    0xC3, 0x09, 0x26, 0x3C, 0x9F, 0x2B, 0xEA, 0xC5, 0x89, 0x96, 0x04, 0x91, 0x92, 0x6F, 0x1F, 0xBD,
    0x1E, 0x79, 0xC6, 0xCF, 0xC1, 0x4D, 0xBF, 0xC3, 0x31, 0xB8, 0xF2, 0xCF, 0xD3, 0x5E, 0x47, 0x02,
    0x32, 0x82, 0xC6, 0xA6, 0xCF, 0x06, 0x68, 0x48, 0x3B, 0x4B, 0xC8, 0xC9, 0x48, 0x7E, 0xA4, 0x86,
    0xCF, 0x74, 0xD6, 0xC9, 0x18, 0x88, 0x0B, 0x66, 0x22, 0x23, 0xC6, 0x1A, 0x42, 0x45, 0xCE, 0xC2,
    0x30, 0x13, 0x08, 0x6A, 0x46, 0x9C, 0x84, 0x5D, 0x45, 0x95, 0xD4, 0x72, 0x1B, 0x22, 0xAA, 0x37,
    0xAA, 0x7A, 0x23, 0xEB, 0x79, 0x0F, 0xE3, 0xE5, 0x1E, 0xCA, 0x8B, 0x3D, 0x2C, 0x6F, 0xED, 0x81,
    0x4C, 0xA7, 0x13, 0x32, 0xCA, 0x5D, 0x14, 0x9A, 0xF8, 0x8B, 0x92, 0x14, 0x93, 0x61, 0x50, 0x2F,
    0x3B, 0xF7, 0xC0, 0xCB, 0xEA, 0xBB, 0xBC, 0x84, 0x28, 0xCB, 0x4F, 0xB2, 0x90, 0xEA, 0xE0, 0x4F,
    0x88, 0x57, 0xFA, 0x13, 0xD6, 0xC5, 0x71, 0x83, 0x89, 0x3F, 0xA1, 0xC4, 0x10, 0x2E, 0x90, 0xC4,
    0xBF, 0x77, 0xC0, 0x64, 0x88, 0x94, 0xEB, 0x0C, 0x4B, 0xC4, 0x3C, 0x07, 0x07, 0xE0, 0xBC, 0x19,
    0xA9, 0x0F, 0xB8, 0x40, 0x7C, 0x3B, 0xE9, 0x64, 0x89, 0x93, 0xCE, 0x7B, 0x7B, 0x0C, 0x05, 0xB7,
    0x2B, 0x82, 0xCC, 0xF6, 0x3C, 0x72, 0xE6, 0x74, 0xD7, 0x82, 0x78, 0x20, 0xAD, 0x37, 0x2D, 0x4C,
    0xF7, 0xA3, 0x18, 0x32, 0x3B, 0xAC, 0x97, 0xE2, 0x97, 0x7D, 0xCD, 0x27, 0xD9, 0xA5, 0xEA, 0xE7,
    0x72, 0x3C, 0x76, 0x79, 0x05, 0x99, 0x39, 0x1B, 0x95, 0x7F, 0xCA, 0x03, 0xF8, 0x59, 0x4C, 0xF0,
    0x35, 0x59, 0x0F, 0xA3, 0xEE, 0x05, 0x4C, 0x0A, 0x29, 0x68, 0x21, 0x1D, 0x86, 0x45, 0x17, 0x41,
    0x16, 0xFB, 0xE1, 0xFB, 0x52, 0xBB, 0xE0, 0x16, 0x38, 0x12, 0xB6, 0x68, 0xD7, 0x59, 0xC9, 0x7C,
    0x39, 0xB1, 0xF9, 0xD9, 0x6D, 0x1F, 0x4E, 0xC1, 0xF4, 0xB9, 0x69, 0x0F, 0x22, 0x75, 0x27, 0x1A,
    0xF9, 0x53, 0x2C, 0x7F, 0x0E, 0xD7, 0x4F, 0x8D, 0xB0, 0x95, 0x9E, 0x33, 0x00, 0xA7, 0x46, 0x62,
    0x55, 0x9E, 0x97, 0x38, 0xE2, 0xA4, 0xB5, 0x91, 0x4E, 0xCE, 0x69, 0xB7, 0x73, 0xCA, 0xFE, 0xC8,
    0xF3, 0x0D, 0x11, 0xC9, 0xCB, 0x48, 0x9D, 0x66, 0x39, 0x62, 0xC4, 0x41, 0xD2, 0x00, 0x05, 0xF9,
    0x6B, 0x2A, 0xB3, 0xAE, 0x4D, 0x6E, 0x99, 0x49, 0xF9, 0x62, 0x88, 0xE8, 0xBA, 0x96, 0xFF, 0x81,
    0x8E, 0x08, 0xB3, 0xF2, 0x6F, 0xD0, 0xF1, 0x63, 0xF2, 0x8A, 0x80, 0xDE, 0x69, 0x43, 0xE1, 0x86,
    0x57, 0xD0, 0xB4, 0x05, 0x3A, 0xC2, 0x73, 0xDA, 0x29, 0x35, 0xD4, 0xE6, 0x92, 0xAC, 0x06, 0x74,
    0x62, 0xC7, 0x02, 0xDA, 0x1B, 0x5A, 0x7F, 0x49, 0xA6, 0x62, 0x64, 0x47, 0xB7, 0x49, 0x79, 0x77,
    0xAE, 0x7A, 0x7F, 0x56, 0x47, 0xE6, 0x09, 0x28, 0x1B, 0xF1, 0xED, 0x46, 0xF3, 0x00, 0x0E, 0x7A,
    0x9A, 0x7D, 0xC8, 0x89, 0xAF, 0xD5, 0x31, 0x95, 0x70, 0x81, 0x64, 0xD8, 0xA5, 0x84, 0x08, 0x46,
    0x09, 0x82, 0x36, 0xF3, 0xEC, 0xA5, 0xD2, 0x9D, 0x22, 0x17, 0x3F, 0x6C, 0x94, 0xA4, 0x8B, 0x91,
    0x2E, 0x46, 0x7D, 0xD5, 0x4B, 0xBA, 0x5E, 0x0D, 0x92, 0xF0, 0x9F, 0x8B, 0x61, 0xCD, 0xDF, 0x4D,
    0x1C, 0xDB, 0xD9, 0x14, 0x9E, 0xB1, 0x04, 0x24, 0x1C, 0x83, 0x28, 0xE1, 0x11, 0x45, 0x32, 0x62,
    0xE2, 0xB0, 0x62, 0x52, 0x19, 0xFB, 0xEC, 0x13, 0x02, 0xB5, 0xD2, 0x26, 0x5A, 0x49, 0x78, 0xD5,
    0x4B, 0xC2, 0x8B, 0x5E, 0x12, 0x9E, 0x0F, 0xBB, 0x9C, 0x90, 0xAF, 0xB5, 0xB9, 0xEC, 0x6B, 0x49,
    0x78, 0xF2, 0x1B, 0x49, 0x78, 0xF2, 0x5A, 0x12, 0x4E, 0x17, 0x59, 0x61, 0x87, 0x69, 0x19, 0x6F,
    0x12, 0x4E, 0xA7, 0x34, 0xF8, 0xA7, 0x99, 0x20, 0x6F, 0x1A, 0x34, 0x66, 0x64, 0xD1, 0x4B, 0x85,
    0xEE, 0x70, 0x0F, 0xC8, 0x63, 0x53, 0x2E, 0xAD, 0x97, 0x0A, 0x2C, 0x94, 0xB5, 0xFC, 0xC8, 0x00,
    0x22, 0x24, 0x15, 0x9F, 0x2B, 0x2E, 0xDB, 0xA4, 0x46, 0xC9, 0x2F, 0xFE, 0x62, 0x51, 0xD9, 0xAB,
    0x49, 0xE8, 0xF1, 0x97, 0x2E, 0x57, 0xF7, 0x86, 0xCB, 0xD5, 0x53, 0xA1, 0x12, 0xAE, 0x88, 0x2D,
    0x18, 0x8F, 0x31, 0x99, 0x33, 0x47, 0xD8, 0x5B, 0xE4, 0x8F, 0x4D, 0x2D, 0x67, 0xA7, 0xD4, 0x6C,
    0x7D, 0x2E, 0xFB, 0x64, 0xA6, 0x1E, 0xC7, 0x2B, 0xCC, 0x5F, 0xDA, 0xE4, 0x2F, 0xED, 0x3A, 0xE2,
    0xAE, 0x13, 0xEE, 0x82, 0xB6, 0xCC, 0x34, 0x48, 0x6A, 0x5E, 0xD3, 0xCE, 0x98, 0x06, 0x4F, 0x58,
    0x22, 0x3E, 0x29, 0xD0, 0x8D, 0xE6, 0x18, 0x5E, 0xB8, 0x19, 0xA3, 0x07, 0x4D, 0xD2, 0xF0, 0xDD,
    0x4C, 0x92, 0x65, 0x4E, 0xCE, 0x14, 0x8D, 0x3C, 0x83, 0x3F, 0xEA, 0x09, 0x78, 0x23, 0x72, 0xD7,
    0x67, 0xC5, 0x56, 0x4D, 0xCB, 0xBC, 0x04, 0x14, 0x84, 0x28, 0xFA, 0xEF, 0x9B, 0x88, 0x68, 0x14,
    0xFD, 0xCC, 0x28, 0xAA, 0x39, 0x0B, 0x51, 0x14, 0xE4, 0x75, 0xEE, 0xAF, 0x11, 0x7B, 0xC3, 0x01,
    0x83, 0x77, 0xD7, 0x91, 0x5E, 0xA4, 0x68, 0xBE, 0x66, 0x13, 0xBA, 0x55, 0xD3, 0x4E, 0xF9, 0xF4,
    0xDD, 0x80, 0x09, 0x52, 0x2F, 0x8A, 0x16, 0x5E, 0xE1, 0x1B, 0x63, 0x48, 0x50, 0xD4, 0x87, 0x20,
    0x86, 0x47, 0xDD, 0xA0, 0xCD, 0xAE, 0xFC, 0x7F, 0x07, 0x5F, 0xD9, 0x0C, 0xB1, 0xFB, 0xF3, 0x23,
    0x32, 0x00, 0x79, 0xFF, 0xE7, 0xD2, 0x29, 0x7D, 0x88, 0xC8, 0xFE, 0x20, 0x72, 0x7D, 0x0F, 0x91,
    0xB3, 0x05, 0xBD, 0xA2, 0x6E, 0x3C, 0xDB, 0xFD, 0x13, 0x91, 0x17, 0xE2, 0x29, 0x9D, 0xB9, 0xC5,
    0x4C, 0x26, 0x0E, 0x04, 0x30, 0xAD, 0x56, 0xF5, 0xC1, 0xBF, 0x06, 0x91, 0x29, 0x5E, 0xBD, 0x8C,
    0x52, 0x2F, 0x51, 0x6A, 0xB9, 0xAC, 0x79, 0xC1, 0x98, 0xF7, 0xB7, 0xE6, 0x57, 0x38, 0x8B, 0xAE,
    0xE1, 0x21, 0x36, 0xB3, 0x5C, 0xDE, 0x9E, 0x39, 0x88, 0xD6, 0x38, 0x28, 0x3C, 0xDA, 0xE1, 0x2C,
    0xBD, 0x24, 0x03, 0x93, 0x0B, 0x49, 0x25, 0xFD, 0x6E, 0xB4, 0x9B, 0x3B, 0x82, 0xDF, 0x2B, 0xCB,
    0xCB, 0x9B, 0xAD, 0x98, 0x4F, 0xCE, 0x41, 0x3A, 0x3F, 0xA2, 0xAC, 0xBC, 0x4F, 0x05, 0x3C, 0x55,
    0x52, 0xBC, 0x64, 0xA7, 0x4E, 0xA4, 0x10, 0x6D, 0x0E, 0xE0, 0x54, 0x5C, 0xB8, 0xC8, 0x1A, 0x7F,
    0xA9, 0xB6, 0x76, 0xE6, 0x75, 0x94, 0xE7, 0x84, 0x9C, 0x59, 0x26, 0xC3, 0x91, 0x76, 0x67, 0x56,
    0xCB, 0x40, 0x26, 0x18, 0x99, 0x45, 0xCB, 0xCE, 0x89, 0xBB, 0x7B, 0x06, 0x5E, 0x24, 0x7B, 0xEE,
    0x0C, 0x9C, 0xEE, 0x1D, 0x78, 0xE9, 0xE2, 0x6E, 0x21, 0x72, 0x34, 0x07, 0x40, 0x1B, 0xA8, 0x5A,
    0xF3, 0x41, 0x12, 0xF3, 0x1E, 0xCE, 0x2E, 0x2E, 0xC6, 0x99, 0x07, 0x22, 0x37, 0xC6, 0xCA, 0x19,
    0x65, 0x5F, 0xDC, 0x33, 0xD2, 0xDC, 0x0F, 0xB9, 0x47, 0x93, 0xA8, 0x6F, 0xBC, 0x82, 0x29, 0x9C,
    0x2F, 0x4A, 0x0A, 0x64, 0x86, 0xB1, 0x39, 0xA1, 0x2B, 0x5F, 0x23, 0xE4, 0x10, 0xCE, 0x46, 0x59,
    0x8D, 0x59, 0x1C, 0xF9, 0x45, 0xA0, 0x7C, 0xBA, 0xF2, 0x5C, 0xB9, 0xAC, 0x62, 0xC9, 0x64, 0x2C,
    0x98, 0x68, 0x76, 0xCE, 0x82, 0x31, 0xEA, 0xB5, 0x9D, 0x24, 0x49, 0xA4, 0x39, 0x33, 0xA9, 0x51,
    0x2A, 0x42, 0x43, 0xCF, 0xC8, 0x55, 0xA8, 0x5F, 0xC1, 0x06, 0x65, 0xC0, 0xB2, 0x29, 0x51, 0xBD,
    0x27, 0x15, 0xF8, 0xE4, 0x81, 0x28, 0x02, 0x4A, 0x66, 0xF3, 0xC3, 0xB8, 0x66, 0xB2, 0x78, 0x65,
    0x80, 0xA4, 0xDC, 0x94, 0x28, 0x88, 0xB4, 0xAB, 0xC8, 0xB2, 0x02, 0xE6, 0xA0, 0x58, 0x4A, 0xB1,
    0x95, 0x6C, 0x35, 0x9F, 0xB0, 0xAE, 0x81, 0xEF, 0x33, 0x5E, 0x54, 0x4C, 0xD1, 0x32, 0x21, 0x83,
    0x1E, 0xE5, 0x88, 0x17, 0x1D, 0x0D, 0x37, 0xF5, 0x3B, 0xCC, 0x40, 0xD7, 0xC2, 0x56, 0x6D, 0x4C,
    0xDF, 0xD2, 0x20, 0xFC, 0x18, 0xEE, 0x1B, 0x88, 0x97, 0x4E, 0x00, 0xF6, 0x80, 0x17, 0x3B, 0xA2,
    0x68, 0x62, 0x3C, 0xEF, 0x61, 0xC0, 0xE0, 0x1F, 0xC7, 0x4B, 0xCE, 0xA4, 0x33, 0xF4, 0x63, 0xBD,
    0x02, 0x71, 0xC9, 0xCA, 0x38, 0x5B, 0x86, 0x7E, 0x73, 0x8C, 0x24, 0xA1, 0x86, 0xFB, 0x9C, 0xB1,
    0x64, 0xF5, 0xD1, 0xE2, 0xD6, 0x92, 0x01, 0x69, 0xE5, 0xF2, 0x8F, 0x59, 0x99, 0xF8, 0x74, 0x74,
    0x2B, 0xA2, 0xA7, 0x78, 0x85, 0x4D, 0x7A, 0x85, 0xCD, 0x97, 0x5F, 0xF4, 0x8E, 0x9E, 0x6C, 0x8C,
    0x93, 0xE4, 0x5F, 0x0D, 0x24, 0x31, 0xCE, 0xC0, 0xAC, 0x93, 0x32, 0x7E, 0x74, 0xE8, 0xE4, 0xC2,
    0x3A, 0x3B, 0x88, 0x7C, 0xCC, 0xE9, 0x08, 0xA3, 0x2D, 0xC2, 0x31, 0x77, 0x23, 0x31, 0xD9, 0xE6,
    0x23, 0x01, 0xAA, 0x5C, 0x10, 0x85, 0x54, 0x6C, 0x63, 0x36, 0x4A, 0xB0, 0x2A, 0x4C, 0xF4, 0xFE,
    0xD6, 0x0B, 0x94, 0xBB, 0xF2, 0x67, 0x50, 0x1B, 0x7A, 0x84, 0x62, 0x5A, 0x83, 0x86, 0xB1, 0xD9,
    0x8B, 0x35, 0xC4, 0xEC, 0xE6, 0xF9, 0x65, 0xD6, 0x8B, 0x26, 0x58, 0x8F, 0xFB, 0x6E, 0x01, 0xFF,
    0x67, 0x16, 0x2F, 0xEC, 0x26, 0xCB, 0x8D, 0xD0, 0x28, 0xEB, 0x34, 0xDA, 0xEE, 0xC4, 0x40, 0x6F,
    0xB0, 0xE1, 0xEE, 0xBC, 0x3D, 0x32, 0x22, 0x2B, 0x2D, 0xDE, 0xD3, 0xEE, 0xD2, 0xE5, 0x84, 0x2C,
    0x39, 0xF0, 0xA5, 0x30, 0x45, 0x34, 0x77, 0x2C, 0xEE, 0xC5, 0x32, 0xA7, 0x60, 0x03, 0x0D, 0xF3,
    0x2C, 0xBB, 0x3D, 0x12, 0xBA, 0x1D, 0x4B, 0x3E, 0xCA, 0x3A, 0x5A, 0x30, 0xE1, 0xA5, 0x1D, 0x1A,
    0x25, 0xC5, 0x2A, 0xF3, 0xEA, 0xB4, 0xDF, 0x72, 0x3B, 0xAB, 0x8E, 0x7B, 0xCC, 0xC6, 0x9D, 0xD0,
    0xA9, 0xB9, 0x0C, 0x9D, 0x2E, 0x82, 0xA6, 0xD4, 0x9F, 0x92, 0xC5, 0x96, 0x2D, 0xF6, 0xF6, 0x5E,
    0x84, 0xB6, 0x44, 0xD1, 0x51, 0xDC, 0xBB, 0xEF, 0xA1, 0x08, 0xA1, 0x61, 0x7F, 0x26, 0xF0, 0xC3,
    0x0F, 0x81, 0xCD, 0xF9, 0x1B, 0x0F, 0xDB, 0x05, 0x4F, 0xEE, 0x7B, 0x50, 0xF6, 0xDB, 0x72, 0x0E,
    0x96, 0x8C, 0x17, 0x57, 0x13, 0x29, 0xF8, 0x55, 0x3C, 0x56, 0xA9, 0x79, 0xB4, 0xF4, 0x38, 0x93,
    0xE3, 0x4C, 0x8D, 0x5B, 0x51, 0xD9, 0xFE, 0x35, 0xA1, 0x2A, 0x74, 0x1D, 0x12, 0x53, 0xAB, 0x25,
    0xE3, 0xE2, 0xD5, 0x2A, 0x40, 0xCC, 0x5C, 0x31, 0x1F, 0x6E, 0xD5, 0xEB, 0xDF, 0x31, 0x95, 0xF2,
    0x7B, 0xBD, 0xFE, 0x75, 0x38, 0x3D, 0xDF, 0x75, 0x36, 0x15, 0x55, 0x19, 0x35, 0x18, 0x87, 0x29,
    0xF2, 0xB7, 0x95, 0xB8, 0x02, 0x67, 0xE6, 0x8C, 0x9C, 0x49, 0xA9, 0xD2, 0x30, 0x62, 0x7E, 0x70,
    0x44, 0x1A, 0x46, 0x94, 0x36, 0x22, 0x66, 0xFE, 0x3E, 0x9C, 0xD6, 0xF6, 0xBD, 0x3C, 0xB0, 0xEF,
    0xE1, 0x77, 0xEC, 0xFB, 0x01, 0x12, 0x3C, 0x3C, 0x55, 0xE5, 0x07, 0xE1, 0xAD, 0x11, 0x9B, 0xB6,
    0x23, 0x21, 0x5A, 0x51, 0xC1, 0x52, 0x7C, 0xF3, 0x2F, 0x58, 0xF8, 0x65, 0xB5, 0x71, 0xC6, 0xFE,
    0x4B, 0xB8, 0xC0, 0xD2, 0xD8, 0x39, 0xB3, 0x6D, 0x0D, 0x08, 0x02, 0x92, 0xA4, 0x13, 0x0B, 0xAA,
    0x23, 0x7D, 0x83, 0x81, 0x85, 0xF2, 0x26, 0xFC, 0xFB, 0x5E, 0xD6, 0x77, 0xC9, 0x9C, 0xF7, 0x4F,
    0x60, 0x59, 0x15, 0xFB, 0xA8, 0xCE, 0xB5, 0xB1, 0x16, 0xC0, 0x8C, 0x48, 0x3A, 0x45, 0xCF, 0xAD,
    0xD4, 0x51, 0x85, 0xB4, 0xE9, 0x3F, 0xF8, 0x29, 0x62, 0xD4, 0x5D, 0xF9, 0x7F, 0xDD, 0xD2, 0xCD,
    0x56, 0x2C, 0x3E, 0xA2, 0x1E, 0xA1, 0x08, 0x2D, 0x8A, 0x8A, 0xBA, 0x01, 0xCE, 0x30, 0x66, 0x41,
    0x20, 0xEE, 0xE1, 0xB8, 0x77, 0x37, 0x20, 0x83, 0x2A, 0x25, 0xE9, 0x74, 0xB2, 0x7C, 0xFB, 0xA9,
    0x4C, 0x52, 0x5C, 0xFC, 0x42, 0x3C, 0xEF, 0xAC, 0x0E, 0x55, 0x2C, 0xCD, 0x17, 0xF0, 0x30, 0x7A,
    0x44, 0x54, 0x29, 0x2B, 0x4C, 0x90, 0x91, 0x5D, 0x45, 0x73, 0x67, 0x87, 0x89, 0x56, 0x52, 0xA7,
    0x23, 0xC9, 0xCA, 0x5E, 0xF9, 0x8F, 0x8A, 0x05, 0xF2, 0x82, 0x92, 0x9B, 0xB1, 0x8C, 0x93, 0x00,
    0x17, 0x18, 0xB3, 0x44, 0xBE, 0xAE, 0x58, 0x38, 0x2C, 0x7E, 0x48, 0xD0, 0xF6, 0x8F, 0xB6, 0x23,
    0x9F, 0xDE, 0x29, 0x44, 0x01, 0x2B, 0xFD, 0x50, 0x2C, 0x50, 0xAD, 0xD9, 0x28, 0x4B, 0xB0, 0x1E,
    0xD5, 0x9D, 0xEE, 0xD8, 0xAC, 0x64, 0x5A, 0xB6, 0x76, 0x3F, 0x0C, 0x30, 0x0E, 0x1B, 0xC9, 0x63,
    0x69, 0xAB, 0x9B, 0xAB, 0x9D, 0xBE, 0x08, 0x62, 0x03, 0xE5, 0xD3, 0x77, 0xF3, 0x06, 0x35, 0x83,
    0xE5, 0x99, 0x75, 0xC0, 0x78, 0x39, 0x1D, 0xD8, 0xAA, 0x75, 0x80, 0xC0, 0xD3, 0x39, 0x65, 0xD1,
    0x75, 0xBA, 0xA6, 0xB3, 0xF5, 0x6A, 0x80, 0x5E, 0xBB, 0xA6, 0x11, 0x80, 0x9C, 0xD2, 0x8E, 0x29,
    0x09, 0xD5, 0xC1, 0xF1, 0x87, 0x5A, 0x22, 0x3C, 0x1B, 0x6A, 0x09, 0x58, 0x03, 0xD6, 0x0A, 0xE4,
    0x67, 0x8D, 0xB9, 0x2E, 0x00, 0x78, 0xAE, 0xC0, 0x42, 0xF9, 0x4A, 0xC5, 0xA2, 0x92, 0x5C, 0xB7,
    0x04, 0x4F, 0xB9, 0xF1, 0xDF, 0x60, 0xDD, 0xEE, 0x86, 0x9B, 0xD7, 0x99, 0x55, 0x41, 0x55, 0x9A,
    0x70, 0xAF, 0xCB, 0x09, 0x2A, 0x2B, 0x9D, 0x0B, 0x16, 0xB0, 0xE9, 0x64, 0xAD, 0xAA, 0x17, 0xA8,
    0x10, 0xE3, 0x4F, 0xCD, 0x7E, 0x62, 0xD6, 0x7E, 0x52, 0x57, 0xE8, 0xFC, 0x17, 0x50, 0x4A, 0x20,
    0x6C, 0x4E, 0xAC, 0xC4, 0x8A, 0x66, 0x4B, 0x1D, 0xBC, 0x83, 0xF5, 0xDD, 0x74, 0x1B, 0x64, 0xB7,
    0x4A, 0xF8, 0x72, 0x94, 0xC6, 0x81, 0x3A, 0x20, 0x6B, 0x22, 0xC2, 0x40, 0x9B, 0xC8, 0x2A, 0xEA,
    0xBA, 0x73, 0x61, 0x15, 0xF5, 0xC6, 0x84, 0xD0, 0x2A, 0xEA, 0xA1, 0xE0, 0xAE, 0xC2, 0xFA, 0x1B,
    0x05, 0x77, 0x10, 0xED, 0x26, 0x61, 0x8A, 0x72, 0x7A, 0x42, 0xA2, 0x7D, 0xCA, 0xC2, 0x6C, 0xB7,
    0xAA, 0xC8, 0x45, 0xEF, 0xC4, 0x88, 0xD6, 0xB4, 0x5C, 0x92, 0xC4, 0xC5, 0x30, 0x16, 0x12, 0xE5,
    0xD2, 0x3C, 0xE3, 0xD7, 0x6C, 0xCC, 0x54, 0x91, 0xEF, 0x94, 0xC7, 0x9E, 0x43, 0x32, 0xC6, 0xB7,
    0xB0, 0x80, 0xCD, 0xEC, 0xAC, 0xBE, 0x58, 0xFA, 0x6F, 0x79, 0x9E, 0x1B, 0x55, 0xAF, 0x95, 0x99,
    0xB7, 0x1C, 0xBA, 0x2E, 0xFB, 0xC0, 0x94, 0x94, 0xF3, 0x95, 0xB2, 0x44, 0xBE, 0xB7, 0xE2, 0x19,
    0xDA, 0xE7, 0x47, 0x2D, 0x50, 0xBC, 0x2E, 0x4F, 0x51, 0xB6, 0xF8, 0xDD, 0xB8, 0xA3, 0xE9, 0xE8,
    0xF6, 0xEC, 0xE0, 0xB8, 0xDB, 0x41, 0x5A, 0x78, 0x18, 0xE9, 0x0A, 0xDD, 0x1D, 0x6D, 0x74, 0x88,
    0x55, 0xE7, 0xDC, 0x78, 0x5B, 0x02, 0x26, 0x9F, 0xE8, 0x66, 0xA2, 0x82, 0xA5, 0xE2, 0x05, 0xF4,
    0xA0, 0x88, 0xE2, 0x18, 0x98, 0x3D, 0x9D, 0x54, 0x41, 0xC6, 0xEC, 0xF9, 0xA8, 0xDB, 0x0E, 0xBC,
    0x03, 0xD0, 0xAB, 0x90, 0xDC, 0xD9, 0x95, 0x07, 0x08, 0xCF, 0x40, 0x37, 0x75, 0xE3, 0xD7, 0xF0,
    0x07, 0x79, 0x6C, 0x56, 0xEA, 0x0A, 0x74, 0xD8, 0xA8, 0x5E, 0x30, 0x53, 0xA7, 0xEB, 0x24, 0xE8,
    0x4D, 0x66, 0x64, 0x4A, 0x72, 0x1C, 0x3F, 0x5D, 0x87, 0x9F, 0x78, 0xAA, 0x56, 0x06, 0xD7, 0xCC,
    0xAB, 0xBE, 0xDC, 0x5F, 0xCD, 0x39, 0x95, 0x1A, 0x48, 0x01, 0xE1, 0x9E, 0x3A, 0x4F, 0x50, 0x57,
    0xF5, 0x75, 0x7A, 0xBB, 0x24, 0x91, 0x9F, 0xFA, 0xF5, 0xC1, 0x59, 0x3D, 0xF5, 0x6B, 0x0E, 0xBA,
    0x6F, 0x41, 0x90, 0x24, 0x85, 0x08, 0x99, 0x4A, 0x9C, 0x20, 0xD1, 0x1D, 0x87, 0xDD, 0x7D, 0x37,
    0x8A, 0x5F, 0x33, 0x70, 0x51, 0x34, 0x8B, 0x20, 0xBF, 0x97, 0x35, 0x8F, 0xE9, 0x46, 0xC5, 0x0B,
    0x5D, 0xA7, 0x19, 0x73, 0x26, 0xDF, 0xD2, 0x39, 0x64, 0x20, 0x90, 0x51, 0xAB, 0x67, 0xCC, 0x7D,
    0xE7, 0x6B, 0x17, 0x14, 0x4A, 0xC1, 0x84, 0x70, 0xC9, 0x44, 0x6F, 0xD5, 0x92, 0x46, 0x35, 0x9D,
    0x83, 0x90, 0x41, 0x52, 0x90, 0xC9, 0x4B, 0x29, 0x92, 0xBF, 0x84, 0x85, 0xE4, 0x86, 0x5F, 0xC7,
    0xBB, 0x5F, 0x4B, 0x7E, 0x9D, 0xC3, 0xD7, 0x7C, 0x64, 0x0E, 0x7F, 0x29, 0x77, 0xFA, 0x26, 0x2F,
    0xAE, 0x76, 0x39, 0xC3, 0x6B, 0xE5, 0x47, 0x02, 0x63, 0xD3, 0x45, 0x0E, 0x28, 0xAD, 0x9B, 0x8C,
    0xF0, 0x80, 0x8C, 0x25, 0x4C, 0x2A, 0xC7, 0xF4, 0x9A, 0x41, 0x2F, 0x7A, 0x34, 0x1B, 0x3F, 0xE9,
    0x09, 0x1A, 0x54, 0x30, 0x6F, 0xBC, 0xD8, 0x45, 0x99, 0x64, 0x01, 0xD9, 0xF4, 0x2A, 0xB7, 0x3C,
    0xD5, 0x94, 0xCB, 0x21, 0x36, 0xED, 0x0F, 0x57, 0x79, 0x2C, 0xA5, 0x89, 0x81, 0x9A, 0x70, 0xC3,
    0x86, 0x97, 0x6D, 0x7A, 0x5E, 0x64, 0x12, 0xF9, 0x68, 0x3A, 0x48, 0xC1, 0xAA, 0xED, 0x44, 0xBF,
    0x8A, 0xFB, 0xB3, 0xCD, 0x69, 0x67, 0x06, 0xD9, 0xE8, 0x0E, 0x64, 0xDD, 0x1D, 0xC8, 0x92, 0xB8,
    0xC4, 0xED, 0x19, 0xB2, 0xD3, 0x5D, 0xC8, 0x16, 0x01, 0xB2, 0x41, 0x1B, 0xAF, 0x41, 0x1B, 0x3F,
    0xCF, 0x16, 0x78, 0x99, 0x0A, 0x6E, 0x99, 0xA3, 0x61, 0x42, 0x88, 0xD9, 0x21, 0xBA, 0xE7, 0x8C,
    0xC5, 0x14, 0x33, 0x30, 0x7E, 0xDE, 0xA8, 0x04, 0xA9, 0xDF, 0xAA, 0x9F, 0x71, 0x61, 0x06, 0x8F,
    0x63, 0x75, 0x93, 0xAA, 0x8C, 0x31, 0x5A, 0x1A, 0x4F, 0xDA, 0x18, 0x26, 0x8E, 0x43, 0x0A, 0xF2,
    0x78, 0xB7, 0xB4, 0x7C, 0x5B, 0x4E, 0x8C, 0xC7, 0x31, 0x04, 0xC1, 0x58, 0xD5, 0xF3, 0x08, 0x5D,
    0x50, 0x4B, 0x0D, 0x41, 0x48, 0xBD, 0x44, 0xF6, 0xF1, 0x75, 0xD5, 0x1E, 0xD9, 0x83, 0x31, 0xD5,
    0x2D, 0xA4, 0x52, 0xBE, 0xA2, 0xA7, 0xF7, 0x99, 0xBC, 0x9E, 0xB1, 0x5E, 0xFE, 0xA9, 0xD4, 0x7F,
    0x46, 0x5D, 0xB8, 0x5C, 0xF1, 0x8A, 0xCA, 0x78, 0x52, 0xF6, 0x66, 0x02, 0x2C, 0x3A, 0x2B, 0xCF,
    0x35, 0x7E, 0x86, 0x8E, 0x75, 0xC9, 0x3B, 0x55, 0x79, 0x2B, 0x3D, 0x56, 0x2C, 0x10, 0x4F, 0xE8,
    0xE3, 0x52, 0x4E, 0xBE, 0x97, 0xEE, 0xFF, 0x90, 0x55, 0xA7, 0x81, 0x17, 0xD6, 0x48, 0xC1, 0x48,
    0xE9, 0x82, 0x67, 0xDC, 0x6B, 0x59, 0x73, 0x3B, 0x83, 0xAA, 0xBA, 0xD2, 0xFC, 0xD1, 0xAE, 0xAA,
    0xD1, 0x98, 0x12, 0x2E, 0x5E, 0xAE, 0xC2, 0xAF, 0x99, 0xD0, 0xF9, 0xE9, 0xEA, 0x82, 0xA7, 0x61,
    0xD2, 0x91, 0x4F, 0xEF, 0xD0, 0x5F, 0xDB, 0x8F, 0xF2, 0x28, 0x3D, 0xC7, 0x17, 0x40, 0xF3, 0x8A,
    0x48, 0x60, 0xED, 0xA0, 0xD1, 0x6F, 0xE5, 0x25, 0xD2, 0xC3, 0x4F, 0x2C, 0xFF, 0xA8, 0x9C, 0x48,
    0xF6, 0x96, 0x3B, 0x26, 0x97, 0xA6, 0xB7, 0x39, 0x2F, 0xDD, 0x9A, 0xCE, 0xEA, 0x71, 0x0A, 0xED,
    0x14, 0x27, 0x43, 0x68, 0x0B, 0x82, 0xE1, 0xAF, 0xEA, 0xED, 0x90, 0x7D, 0xDE, 0x86, 0x4B, 0x18,
    0x36, 0x4B, 0xE6, 0x42, 0xD5, 0x74, 0x0C, 0x3E, 0x30, 0x62, 0x6E, 0xCC, 0xF6, 0xFE, 0x42, 0xB8,
    0xCC, 0xA9, 0x77, 0x21, 0x4D, 0x33, 0x59, 0xA0, 0xFD, 0x47, 0x02, 0xAD, 0xEA, 0xF0, 0x58, 0x16,
    0xA6, 0x0C, 0xC6, 0xA4, 0xB2, 0xBB, 0x76, 0x94, 0x09, 0x8A, 0x65, 0xA2, 0x7B, 0x1B, 0x09, 0xA1,
    0xAF, 0x14, 0xD9, 0xC8, 0xFD, 0xF2, 0x8E, 0x8E, 0xC6, 0x95, 0xF0, 0x02, 0x3C, 0xEB, 0xA5, 0xBA,
    0x51, 0x86, 0x8E, 0x11, 0x9B, 0x58, 0x52, 0x24, 0x11, 0x9A, 0x25, 0x2C, 0x18, 0xC2, 0xA8, 0x0B,
    0x47, 0x96, 0xD3, 0x54, 0x9E, 0x04, 0x46, 0xD2, 0x22, 0x51, 0x69, 0x14, 0xF4, 0xB2, 0x2E, 0xDA,
    0x80, 0xE2, 0x8C, 0x7E, 0xBC, 0x5D, 0x40, 0xCC, 0xFD, 0xFA, 0x92, 0x06, 0xE1, 0x03, 0x12, 0x25,
    0x9F, 0x98, 0x32, 0xFE, 0xD1, 0x6C, 0x95, 0xFA, 0x72, 0x28, 0xE9, 0x91, 0x74, 0x0C, 0x4B, 0x75,
    0x6B, 0x74, 0x8A, 0x79, 0x57, 0x94, 0xBA, 0xA5, 0x06, 0xE5, 0xB6, 0x94, 0x82, 0x4C, 0x9E, 0xFE,
    0x27, 0xF9, 0xFE, 0x8A, 0x98, 0xD5, 0xED, 0x00, 0x25, 0x4D, 0xFB, 0xE0, 0x84, 0x97, 0x53, 0xC8,
    0x20, 0x34, 0x4E, 0xD6, 0x68, 0x55, 0x85, 0x8B, 0x5E, 0x16, 0x4C, 0x6E, 0x3E, 0x24, 0xCC, 0x5D,
    0x82, 0x36, 0x2F, 0x31, 0x3F, 0x02, 0xC6, 0x39, 0xC6, 0x01, 0xD3, 0xCF, 0xE0, 0x29, 0x64, 0x43,
    0x95, 0x43, 0xAA, 0xCB, 0x0F, 0x97, 0x27, 0xA0, 0xD1, 0x75, 0xDE, 0x2F, 0x30, 0x67, 0xCB, 0xB3,
    0x64, 0xDA, 0x5D, 0xFA, 0xE5, 0x94, 0x7F, 0x02, 0x79, 0xF8, 0x97, 0xB6, 0xC2, 0x29, 0x9B, 0x17,
    0xEE, 0x25, 0xDD, 0xB9, 0x91, 0x51, 0x62, 0x22, 0x6A, 0x31, 0x4A, 0xA0, 0x67, 0x56, 0x0D, 0xBA,
    0x0B, 0xE0, 0x15, 0x5F, 0x81, 0x70, 0x69, 0xB8, 0xED, 0x95, 0xAB, 0x7E, 0x00, 0x91, 0x6C, 0x94,
    0xA7, 0xDE, 0x2D, 0x70, 0x4A, 0xE5, 0x8C, 0xB3, 0x9C, 0x97, 0x7E, 0xBB, 0x9E, 0x42, 0x3F, 0x2B,
    0xCF, 0x86, 0xAC, 0x8C, 0xBE, 0xEE, 0xA7, 0x90, 0xBB, 0xFC, 0x92, 0x3E, 0xB0, 0xE7, 0xB4, 0x05,
    0xFD, 0x9C, 0x48, 0x77, 0x08, 0x0B, 0x99, 0x26, 0x2F, 0x09, 0xB5, 0x7B, 0x75, 0xBC, 0x05, 0x48,
    0x75, 0x4A, 0xE3, 0x5D, 0xC3, 0xDA, 0xD3, 0x58, 0xD1, 0xB4, 0x45, 0x42, 0x01, 0x53, 0x49, 0x7D,
    0xA6, 0x0B, 0x55, 0xDC, 0xBA, 0x2A, 0x7A, 0xD4, 0x97, 0x60, 0x22, 0xF1, 0xF9, 0x92, 0x28, 0x4C,
    0xFF, 0x8B, 0xEB, 0x3D, 0x23, 0x76, 0x13, 0x15, 0x87, 0x2B, 0x5D, 0x79, 0xB1, 0xFB, 0x50, 0xE7,
    0xBB, 0x20, 0x45, 0xFF, 0xD6, 0xDD, 0x24, 0xE6, 0x3F, 0x84, 0x58, 0x05, 0x7E, 0xA9, 0xF9, 0x7A,
    0xE2, 0xBB, 0x8A, 0xA6, 0x9D, 0x2A, 0x71, 0x22, 0x42, 0xB8, 0x3A, 0xD1, 0x86, 0xA9, 0xFE, 0xBF,
    0xAF, 0x98, 0x40, 0xAF, 0x55, 0x94, 0xB2, 0xCA, 0x14, 0x63, 0x40, 0x66, 0xB1, 0x18, 0xC2, 0xEF,
    0x66, 0x26, 0x75, 0xED, 0xC3, 0x4C, 0xAC, 0xDD, 0xE7, 0x74, 0x76, 0x48, 0x89, 0x22, 0x2D, 0x26,
    0x76, 0xCB, 0x72, 0x84, 0x12, 0x76, 0xAD, 0x0B, 0x29, 0x3B, 0xF5, 0x0F, 0x9D, 0xA8, 0x9B, 0x28,
    0xD6, 0x24, 0xC3, 0x76, 0x9E, 0xB4, 0xB3, 0xB0, 0x82, 0xF7, 0xA8, 0xAE, 0x48, 0xED, 0xDF, 0xF7,
    0xA7, 0x18, 0x9B, 0xF9, 0x04, 0xB2, 0x52, 0x7B, 0x08, 0x73, 0xAE, 0x77, 0x36, 0x4A, 0x8B, 0x1D,
    0x16, 0x66, 0x4C, 0x9E, 0xD9, 0xDD, 0x53, 0x6E, 0x2F, 0xB7, 0xBB, 0xAB, 0xF7, 0x9C, 0xA6, 0x0A,
    0x1B, 0xB5, 0xDB, 0xAA, 0xD1, 0xA6, 0x0A, 0x02, 0x93, 0xEE, 0x2C, 0xBF, 0xF0, 0x72, 0xED, 0x0F,
    0x68, 0xB3, 0x77, 0xD5, 0x29, 0xAB, 0xF6, 0xA9, 0x9F, 0xAF, 0xF0, 0xB6, 0xFD, 0x3F, 0xDD, 0x5B,
    0x3D, 0x8C, 0xE5, 0xD6, 0x79, 0xBD, 0x24, 0xA5, 0x21, 0x2C, 0x02, 0xA1, 0x10, 0x08, 0x06, 0x2C,
    0x21, 0x60, 0xCA, 0x38, 0xB0, 0xC4, 0x36, 0x85, 0x3D, 0xA4, 0xA0, 0x42, 0x45, 0x8A, 0xA8, 0x48,
    0xEF, 0x46, 0x5D, 0x8A, 0x69, 0x53, 0xEC, 0x2C, 0x29, 0x35, 0x29, 0x54, 0xEC, 0x16, 0x01, 0xD2,
    0xAA, 0xD8, 0xC2, 0x50, 0x93, 0x14, 0x29, 0x1C, 0x60, 0x76, 0x49, 0x6B, 0x4B, 0x15, 0x62, 0x94,
    0x22, 0x85, 0x0A, 0x11, 0xD6, 0x04, 0x46, 0xAA, 0xA5, 0x65, 0xDA, 0xE2, 0x4A, 0x24, 0x6F, 0xCE,
    0x39, 0x1F, 0xDF, 0xBC, 0x37, 0x3B, 0x33, 0x1B, 0x25, 0x80, 0x64, 0xAC, 0x1E, 0x76, 0xF9, 0xF8,
    0xC8, 0xFB, 0xF3, 0xFD, 0xFF, 0xDD, 0x6F, 0x5C, 0x56, 0xC6, 0x8B, 0x6B, 0x3A, 0x5C, 0xB2, 0xD2,
    0x6D, 0x9F, 0xBF, 0x77, 0x49, 0xED, 0x26, 0x97, 0x96, 0xC1, 0xE0, 0x72, 0x17, 0x0D, 0xAE, 0x72,
    0x49, 0xEF, 0x16, 0x97, 0x76, 0xC1, 0xEC, 0xF2, 0x36, 0x9A, 0x5D, 0x51, 0xC7, 0x23, 0x9F, 0x0E,
    0x6E, 0xE5, 0x84, 0xA0, 0xC7, 0x25, 0xE1, 0xFC, 0x9F, 0xE0, 0xFF, 0xC9, 0x5A, 0xBA, 0xC4, 0xFB,
    0xD6, 0x79, 0x5C, 0xD2, 0xF1, 0x5F, 0x9B, 0xDA, 0x47, 0xED, 0xBF, 0xC5, 0x63, 0xEA, 0x30, 0xEF,
    0x96, 0x0B, 0x16, 0x0C, 0x4F, 0x06, 0x0C, 0x2F, 0xDA, 0x9F, 0x3A, 0x2C, 0x30, 0xB8, 0x68, 0x8A,
    0x6B, 0x97, 0xF6, 0xAF, 0x62, 0x40, 0x3B, 0x3A, 0xD7, 0x44, 0xED, 0x8B, 0xC1, 0x9A, 0x86, 0x53,
    0xB4, 0xFE, 0xF2, 0xA4, 0x8F, 0xBD, 0x5F, 0x1D, 0x2E, 0x9D, 0x0B, 0xFC, 0x39, 0x96, 0x1F, 0xF0,
    0x1F, 0xC3, 0x9D, 0x7B, 0x55, 0xC0, 0x06, 0xCD, 0x84, 0x6B, 0xEE, 0x3D, 0x1E, 0x61, 0x43, 0x2C,
    0xE6, 0xCB, 0x6C, 0x72, 0xF1, 0xEC, 0xC2, 0x99, 0x00, 0xBA, 0x73, 0x97, 0x72, 0x0A, 0xD6, 0x3F,
    0xB8, 0xEA, 0x49, 0xA2, 0x2B, 0x30, 0x71, 0x2E, 0xC4, 0xD4, 0x11, 0x53, 0xB9, 0x00, 0x27, 0x72,
    0xE1, 0x83, 0xAB, 0x3D, 0x89, 0x26, 0x8D, 0xB7, 0xD5, 0x3A, 0x5E, 0x73, 0xD1, 0xEC, 0xBE, 0x5E,
    0xFA, 0xC7, 0xEE, 0x39, 0xC2, 0xE1, 0x17, 0x57, 0x78, 0xC2, 0xFC, 0xE3, 0xF2, 0x87, 0x00, 0xF8,
    0xCF, 0xF1, 0xEE, 0x4F, 0xFB, 0xEC, 0x71, 0xF4, 0xF9, 0x6F, 0xBC, 0xAF, 0xB4, 0x43, 0xB2, 0x04,
    0xBE, 0x2C, 0x6A, 0xD7, 0x84, 0x58, 0x70, 0x4D, 0x5B, 0x6C, 0x52, 0x60, 0x81, 0x01, 0x9B, 0xA4,
    0x0F, 0xB1, 0x7A, 0xA1, 0x47, 0x39, 0x48, 0xD2, 0x71, 0x14, 0xD8, 0x93, 0x8D, 0x9A, 0x78, 0x5C,
    0xF9, 0x2F, 0xBF, 0xE0, 0x5A, 0xBF, 0x26, 0x4C, 0x2E, 0x26, 0x3C, 0x55, 0x5B, 0xB4, 0x98, 0x37,
    0x12, 0xC4, 0x08, 0x5C, 0x04, 0x5C, 0x4D, 0x4D, 0xB6, 0x64, 0x03, 0x11, 0x04, 0xB3, 0x5C, 0x55,
    0x3A, 0x5F, 0x12, 0xFA, 0xBC, 0x27, 0x85, 0x93, 0x99, 0x68, 0x05, 0x5E, 0xD4, 0xE0, 0x64, 0xE7,
    0x53, 0xD2, 0x20, 0xFE, 0x42, 0xCC, 0x2C, 0x9A, 0x56, 0xE8, 0x08, 0xCD, 0x7C, 0x21, 0x9D, 0x8C,
    0x2C, 0x42, 0xCA, 0x39, 0x63, 0xB9, 0x36, 0x02, 0x10, 0x8B, 0x7E, 0xE4, 0x9C, 0x42, 0xAC, 0x6B,
    0xD1, 0x70, 0xDC, 0x91, 0x15, 0xB0, 0xB8, 0x3D, 0xBD, 0x8B, 0x83, 0xCF, 0x4E, 0xD6, 0x9E, 0x7C,
    0x98, 0x73, 0xF5, 0x80, 0xDC, 0x26, 0xCF, 0x47, 0x62, 0x06, 0x56, 0x72, 0x83, 0x73, 0x8A, 0x8F,
    0x66, 0xD8, 0xD5, 0x18, 0xA0, 0x5D, 0x52, 0x81, 0xD4, 0x50, 0x04, 0x62, 0x81, 0x9A, 0xF7, 0x04,
    0xBC, 0x2A, 0x63, 0x20, 0x89, 0x1B, 0xDF, 0x92, 0x8D, 0x85, 0xAE, 0x79, 0x17, 0xE0, 0x49, 0x06,
    0xE9, 0xD4, 0xB5, 0xE9, 0x5C, 0x01, 0x49, 0x9C, 0x48, 0x8E, 0xD4, 0x43, 0x70, 0x28, 0x0A, 0x5C,
    0xBA, 0x12, 0x66, 0xA9, 0x31, 0xDE, 0x44, 0xC1, 0x70, 0xC5, 0xF5, 0x79, 0x5D, 0x1B, 0x89, 0x45,
    0x01, 0xE6, 0x48, 0xFE, 0x7A, 0x11, 0x8A, 0x02, 0xD1, 0x10, 0xA8, 0x63, 0x97, 0xE3, 0xD5, 0xA3,
    0x31, 0x9E, 0x26, 0x77, 0xE6, 0xDC, 0x91, 0x64, 0x77, 0x1B, 0xE7, 0x2A, 0xAF, 0x91, 0xCD, 0xB9,
    0x3B, 0xC1, 0xD8, 0x0A, 0x70, 0x37, 0x25, 0xD9, 0x44, 0xAA, 0x15, 0x5C, 0xA2, 0x82, 0x68, 0x25,
    0xBE, 0x8E, 0xFB, 0xB4, 0x4E, 0x21, 0x50, 0x73, 0xDC, 0xA6, 0x7D, 0xDE, 0x66, 0x6F, 0x0C, 0x49,
    0x1F, 0xD4, 0x51, 0x3F, 0x45, 0x24, 0xE8, 0xD9, 0xCF, 0x1C, 0x01, 0xCB, 0xD2, 0xF2, 0x36, 0x09,
    0xFE, 0xB0, 0xCB, 0xB0, 0x50, 0x30, 0x8C, 0x92, 0xD0, 0x5B, 0xC7, 0x7A, 0x99, 0xA7, 0x6D, 0x51,
    0x3F, 0xEF, 0xD2, 0x77, 0x86, 0x78, 0x8A, 0x87, 0xA8, 0x3B, 0x06, 0x1B, 0x31, 0x3B, 0xE9, 0x52,
    0x3F, 0x05, 0x13, 0x86, 0x9C, 0x9C, 0x83, 0x2A, 0x64, 0x26, 0xD0, 0x0B, 0x57, 0xE3, 0x68, 0xFE,
    0xD8, 0xBD, 0xB2, 0x8A, 0x0D, 0x7E, 0xE3, 0xBF, 0x24, 0xFF, 0x15, 0x7F, 0x97, 0xEA, 0xDD, 0x85,
    0x7E, 0x8E, 0xBB, 0xFB, 0xAE, 0x3C, 0x76, 0xEE, 0xD4, 0x35, 0x4B, 0xE2, 0x21, 0xAB, 0x73, 0x01,
    0x21, 0x8E, 0xA7, 0xDC, 0x4F, 0xC9, 0x04, 0x45, 0x5A, 0xB0, 0x54, 0x02, 0xDC, 0x5D, 0xD6, 0x83,
    0xF7, 0x05, 0x65, 0xD4, 0x43, 0x08, 0xAF, 0x7B, 0x9E, 0xB7, 0x60, 0x6E, 0xD6, 0x41, 0x31, 0xD3,
    0x01, 0x02, 0x0B, 0x20, 0x31, 0x7F, 0x02, 0x69, 0x01, 0xD7, 0x42, 0x69, 0x6B, 0x48, 0x8E, 0xA2,
    0xA4, 0x78, 0xF9, 0x3B, 0xBC, 0x7C, 0xCE, 0x8B, 0x20, 0x7A, 0x20, 0x9A, 0x52, 0x1E, 0x12, 0x92,
    0x35, 0x7C, 0xCA, 0x43, 0x4C, 0xFF, 0xB9, 0xF7, 0x1F, 0x49, 0x3C, 0xBE, 0x29, 0x33, 0x00, 0xE1,
    0x1B, 0x50, 0x6B, 0x32, 0x03, 0xB2, 0x98, 0xF4, 0xA0, 0xA5, 0xF7, 0x62, 0x46, 0x9B, 0x77, 0x60,
    0x46, 0x34, 0x84, 0x23, 0x98, 0x01, 0x2A, 0xDE, 0x27, 0x33, 0x0A, 0x8C, 0x04, 0x33, 0x52, 0x2C,
    0x07, 0x66, 0x44, 0xD0, 0x16, 0x30, 0xC3, 0x2D, 0x60, 0xE8, 0x2D, 0xBC, 0x04, 0xCB, 0xC0, 0x8C,
    0xB4, 0xAD, 0x5C, 0xFA, 0x2E, 0x66, 0x26, 0x3D, 0x99, 0x01, 0x14, 0xC9, 0x8C, 0xBF, 0x74, 0x2F,
    0xBF, 0x33, 0x89, 0x5F, 0xFF, 0x37, 0x66, 0x00, 0x1C, 0xEC, 0xF6, 0x10, 0x78, 0x04, 0x2B, 0xC4,
    0xB7, 0xCB, 0xFD, 0x58, 0xBC, 0x3E, 0xDF, 0x72, 0x67, 0x67, 0xEE, 0x16, 0xAE, 0xB8, 0xC7, 0x13,
    0x3C, 0x0F, 0x60, 0x92, 0x8D, 0x2E, 0x37, 0x5C, 0x48, 0x83, 0x65, 0x7F, 0x79, 0xFA, 0xE0, 0xFD,
    0xE7, 0xC9, 0x69, 0xD0, 0x9F, 0xD4, 0x8F, 0xE1, 0x98, 0xB5, 0x92, 0xBE, 0x04, 0x66, 0x61, 0x96,
    0x95, 0x8C, 0x7B, 0x07, 0x69, 0xD3, 0x4E, 0x25, 0x79, 0x93, 0xFF, 0xD7, 0xDF, 0x42, 0x53, 0xFB,
    0x86, 0x5B, 0x55, 0xE7, 0x90, 0xC9, 0x12, 0x74, 0xF8, 0x11, 0x15, 0x25, 0x87, 0x84, 0xD5, 0xB0,
    0xE1, 0x8E, 0x06, 0x1F, 0x93, 0xE1, 0x96, 0xE2, 0x7F, 0xC7, 0x92, 0xC0, 0x25, 0xF6, 0xB3, 0x14,
    0xFE, 0x25, 0x77, 0x3B, 0x58, 0xE3, 0x19, 0xC6, 0x4B, 0x2C, 0x06, 0x61, 0x41, 0x62, 0xE8, 0xB2,
    0x74, 0x32, 0x1E, 0x64, 0xE9, 0x5A, 0x5A, 0xE8, 0x95, 0x92, 0x03, 0x71, 0xC2, 0x3A, 0x30, 0xA9,
    0x18, 0x5A, 0xD1, 0x7A, 0x50, 0x6B, 0x17, 0x3A, 0x82, 0x58, 0x13, 0x73, 0x99, 0x85, 0x95, 0xBF,
    0xA0, 0x7D, 0x98, 0x08, 0xCB, 0x02, 0x49, 0xF5, 0xB0, 0x64, 0xAE, 0x02, 0x37, 0xBC, 0xFF, 0xDA,
    0x97, 0x8D, 0x5F, 0xD3, 0x39, 0xFC, 0x83, 0xBF, 0x9B, 0x0D, 0x69, 0x2B, 0xF3, 0xB3, 0x77, 0x0E,
    0xE6, 0x46, 0xCC, 0x2A, 0x99, 0x89, 0x90, 0x3B, 0x29, 0x13, 0xF9, 0x3F, 0xDA, 0xCE, 0x14, 0xFF,
    0x5A, 0xA8, 0x09, 0x64, 0xDB, 0xAF, 0xE1, 0x84, 0xB7, 0xF5, 0x0A, 0x9C, 0x3B, 0x0A, 0x35, 0xDE,
    0xA4, 0x17, 0x6F, 0x60, 0xC3, 0xCA, 0x85, 0x8C, 0x2C, 0xC0, 0xEF, 0x01, 0x28, 0x25, 0x33, 0x95,
    0xF9, 0x01, 0x65, 0xB8, 0xC0, 0x1B, 0xA0, 0x51, 0x50, 0x2E, 0xF1, 0x26, 0x9C, 0x93, 0x9B, 0xDE,
    0x4C, 0x94, 0xFB, 0x05, 0x78, 0x3F, 0xED, 0x0D, 0x19, 0x93, 0x41, 0x18, 0x41, 0xF1, 0x64, 0xF6,
    0x1F, 0xCD, 0x39, 0xE1, 0x1E, 0xC2, 0x36, 0x9E, 0x60, 0x4D, 0x73, 0x77, 0xDC, 0xCC, 0x27, 0xBD,
    0xFB, 0x19, 0x94, 0x7A, 0xAE, 0x26, 0x37, 0x06, 0x43, 0x08, 0x99, 0x8D, 0xFA, 0xB8, 0x4B, 0xDA,
    0x04, 0x42, 0x9C, 0xD6, 0xE0, 0x4B, 0x53, 0xC7, 0x00, 0xF2, 0x13, 0x38, 0xAF, 0xB3, 0x63, 0x77,
    0x7A, 0xEA, 0x4E, 0xCF, 0xDC, 0x29, 0x14, 0xE1, 0xB6, 0x9B, 0x8A, 0x37, 0x87, 0xCC, 0x77, 0x94,
    0xE0, 0x85, 0x4C, 0x68, 0x44, 0x78, 0xBA, 0x3C, 0xD8, 0x30, 0x72, 0x26, 0x65, 0x04, 0x40, 0x4E,
    0x8D, 0xE0, 0x55, 0x34, 0x83, 0x23, 0xB8, 0x2C, 0xDF, 0xC0, 0x62, 0x98, 0xB7, 0xCB, 0xE4, 0x8B,
    0x43, 0xF9, 0x85, 0x00, 0x3A, 0x0C, 0x3E, 0xC4, 0x90, 0x18, 0xFA, 0xF6, 0x53, 0xB9, 0x9C, 0x70,
    0x90, 0x9B, 0x06, 0xAB, 0x68, 0x4D, 0x8F, 0xE5, 0xB9, 0x83, 0x91, 0x32, 0xE2, 0x62, 0xC9, 0x09,
    0x30, 0x54, 0x24, 0x30, 0x73, 0xF4, 0x5B, 0xC0, 0x6B, 0x80, 0xDA, 0x65, 0x80, 0x10, 0x9E, 0xF9,
    0x16, 0x16, 0xCE, 0x44, 0x9D, 0xE0, 0xEB, 0x81, 0x18, 0x64, 0x77, 0x6A, 0x08, 0x4F, 0x30, 0x9D,
    0x52, 0x9C, 0xB2, 0x77, 0x09, 0x76, 0x30, 0x73, 0xED, 0x3A, 0x03, 0x69, 0x31, 0x9A, 0x8C, 0xCE,
    0x5A, 0x7A, 0x3E, 0x39, 0xC7, 0xDC, 0x44, 0x62, 0x26, 0xD6, 0x2E, 0xEA, 0x83, 0x7B, 0xF8, 0x7A,
    0x01, 0x70, 0xBC, 0x00, 0x20, 0xEE, 0x99, 0x50, 0x03, 0x39, 0x2D, 0x1D, 0xFB, 0xFA, 0x46, 0xB0,
    0x0B, 0x0B, 0x3B, 0x26, 0x03, 0xBB, 0xBB, 0x0C, 0xB6, 0x2D, 0x1D, 0x8D, 0x31, 0xF4, 0xBE, 0x2E,
    0x6A, 0x88, 0xDB, 0x69, 0x38, 0xA7, 0x5D, 0x15, 0xBC, 0x9F, 0xB5, 0x72, 0x0B, 0x0B, 0x23, 0x0A,
    0x01, 0x82, 0xE5, 0x2A, 0x45, 0x29, 0xE4, 0x3B, 0x14, 0x91, 0x92, 0x5A, 0x09, 0x0C, 0x48, 0x03,
    0xB4, 0x04, 0xA6, 0x83, 0x60, 0x83, 0xB0, 0x18, 0x9D, 0x4C, 0x7C, 0x09, 0xC5, 0x5E, 0x49, 0x61,
    0x79, 0xE0, 0x0A, 0x3B, 0x06, 0x6F, 0xC1, 0xD6, 0xB4, 0x04, 0x32, 0xED, 0x6E, 0x2B, 0xFA, 0x19,
    0xA3, 0xC1, 0x02, 0xA2, 0xDC, 0x9C, 0x3C, 0x7E, 0x12, 0x4E, 0x2C, 0xCB, 0xA7, 0xD0, 0x1D, 0x3D,
    0xAD, 0x8C, 0xE8, 0xB8, 0x44, 0xA3, 0x85, 0x4A, 0x0A, 0x08, 0xE2, 0x8E, 0x4F, 0x61, 0xA1, 0xF0,
    0xF4, 0xF9, 0x37, 0x86, 0xBC, 0x7E, 0x80, 0x59, 0x99, 0x24, 0xDE, 0xD7, 0xF9, 0x39, 0x9E, 0x16,
    0xA3, 0x22, 0x8D, 0xD4, 0xDB, 0xE4, 0xDF, 0x01, 0x0F, 0x3C, 0x9D, 0x8F, 0xF5, 0xB4, 0x00, 0x35,
    0xC0, 0xFA, 0xB4, 0x3D, 0xE3, 0xD3, 0x68, 0xA4, 0x4A, 0xC2, 0x4F, 0xD0, 0x71, 0xE7, 0xD4, 0xB8,
    0x59, 0x64, 0x04, 0xC3, 0x37, 0x9A, 0x29, 0x3E, 0x01, 0x80, 0xE1, 0xFB, 0xF8, 0xF9, 0xA3, 0x5D,
    0xC8, 0x96, 0x33, 0xD4, 0xA3, 0xE5, 0xCF, 0x86, 0x5D, 0x10, 0x77, 0xF8, 0x11, 0xC0, 0xD5, 0xA6,
    0xDF, 0xF2, 0xFD, 0x12, 0x3D, 0xFC, 0xC8, 0xA8, 0x54, 0xDE, 0x49, 0xE6, 0x18, 0x59, 0xE9, 0x45,
    0xBC, 0x0D, 0x4F, 0xDE, 0x23, 0x63, 0xE1, 0x45, 0x8A, 0x87, 0xD0, 0x23, 0xA8, 0x01, 0x4C, 0x5C,
    0xC5, 0xC0, 0xE9, 0xC4, 0xE2, 0xA6, 0xA8, 0x35, 0xCB, 0xB9, 0xDF, 0xC3, 0x19, 0x89, 0x9C, 0xBB,
    0x6D, 0x01, 0xED, 0x5D, 0x77, 0xE5, 0xE3, 0x35, 0x20, 0x5B, 0x2C, 0xD0, 0x54, 0xE4, 0xD3, 0x68,
    0xB9, 0xF4, 0xD1, 0xA0, 0xF0, 0x54, 0x54, 0xAD, 0xB8, 0x35, 0xBC, 0x28, 0xD7, 0x86, 0x81, 0x1C,
    0x05, 0x32, 0xB9, 0x9D, 0x8C, 0xE2, 0x94, 0x17, 0xA0, 0x79, 0x47, 0xB1, 0x8A, 0x67, 0x11, 0xC5,
    0x0B, 0xB3, 0xAC, 0xE7, 0xBF, 0x48, 0x66, 0x90, 0xD1, 0x23, 0x14, 0x8D, 0x76, 0xCB, 0x2B, 0x98,
    0x83, 0xA0, 0xD2, 0xB8, 0xFB, 0x92, 0x41, 0x5C, 0x3C, 0x52, 0x5A, 0xE0, 0x24, 0xB9, 0x52, 0x34,
    0x53, 0x5A, 0xB0, 0xA8, 0x57, 0x8C, 0xA4, 0x88, 0xCC, 0xC2, 0x32, 0xF7, 0x9A, 0xDB, 0x5B, 0xC6,
    0xD0, 0x10, 0xAF, 0xEA, 0x3D, 0xAA, 0xDF, 0x07, 0x1C, 0x03, 0xC5, 0xFE, 0x0A, 0xA3, 0xB1, 0xA0,
    0x3C, 0x41, 0xF1, 0x31, 0x95, 0x33, 0xEB, 0x09, 0x0F, 0x34, 0xFD, 0xDE, 0xB3, 0x8E, 0x23, 0x9C,
    0xCB, 0xBF, 0xF0, 0x7E, 0x4D, 0x3A, 0xA7, 0x35, 0x08, 0xFC, 0x3B, 0x0A, 0xEF, 0xCF, 0x36, 0x69,
    0xBD, 0xF4, 0x29, 0x06, 0x23, 0x89, 0x10, 0x4B, 0x15, 0x0B, 0x6F, 0xF8, 0x45, 0x5F, 0x8B, 0x40,
    0xF9, 0x47, 0x83, 0x70, 0x52, 0xBE, 0x60, 0x08, 0xBA, 0xEA, 0x9D, 0x45, 0xDB, 0x9A, 0x31, 0xE9,
    0x64, 0xDF, 0x0C, 0xC3, 0x64, 0x34, 0x1B, 0xD2, 0x2A, 0xB7, 0x99, 0xA5, 0x62, 0x86, 0x22, 0x83,
    0x77, 0x10, 0x84, 0x60, 0x7B, 0x4B, 0x3C, 0xE6, 0x1D, 0x8E, 0x19, 0xBF, 0x3A, 0x3E, 0x66, 0xFC,
    0x4F, 0xBB, 0xBF, 0x3A, 0x43, 0x52, 0x72, 0x98, 0x0E, 0xCA, 0x45, 0x80, 0x2B, 0xA1, 0xD3, 0x25,
    0x2B, 0xD3, 0x5A, 0x00, 0x98, 0x8E, 0x73, 0x30, 0x4C, 0xC7, 0xE4, 0xAE, 0xFF, 0x58, 0x46, 0xB0,
    0xE1, 0x58, 0x88, 0x93, 0x89, 0xC2, 0x48, 0xB7, 0xFA, 0x3D, 0x8A, 0xF1, 0x24, 0x4E, 0x7A, 0x85,
    0xE2, 0x59, 0xCF, 0x68, 0x72, 0xC3, 0xB0, 0xA1, 0x1B, 0x04, 0x18, 0xE4, 0x12, 0x5C, 0x1E, 0x29,
    0x61, 0x08, 0xA6, 0x74, 0x41, 0x84, 0x36, 0x30, 0x63, 0x4C, 0x1F, 0x69, 0xF8, 0x19, 0x62, 0x8A,
    0x7F, 0x99, 0xDF, 0xD0, 0x28, 0x1B, 0x7A, 0xA4, 0x44, 0x3C, 0x29, 0x3B, 0x29, 0xDA, 0x46, 0x48,
    0x18, 0x76, 0x0F, 0x45, 0xD2, 0x65, 0x0F, 0x75, 0xBC, 0x18, 0xD4, 0xB2, 0x37, 0xC7, 0x8C, 0xCB,
    0xE0, 0x08, 0x7F, 0xCA, 0x1F, 0xB7, 0x64, 0x90, 0xA2, 0xFE, 0xCC, 0x22, 0x62, 0x29, 0xA9, 0xE1,
    0xA3, 0xDC, 0x0F, 0x1B, 0xEA, 0x87, 0xA5, 0x7E, 0xD9, 0xA7, 0x83, 0x78, 0x25, 0xE4, 0x1A, 0x21,
    0x97, 0x1E, 0x22, 0x07, 0x79, 0x3A, 0x44, 0x8E, 0xA4, 0x2C, 0x84, 0x1C, 0x58, 0xF9, 0x54, 0xE4,
    0xF2, 0xFF, 0x2F, 0x72, 0xF9, 0x2E, 0x2B, 0x65, 0xFE, 0x67, 0x11, 0xB2, 0xC5, 0xCA, 0xDB, 0x6D,
    0x6C, 0x2A, 0x27, 0xE0, 0x0D, 0x39, 0x8B, 0x5B, 0x2F, 0x8A, 0x1D, 0xBE, 0xD9, 0xDD, 0x6E, 0x68,
    0x59, 0xBE, 0xEA, 0x2F, 0x64, 0xBA, 0x5D, 0x2F, 0x86, 0xBE, 0xBE, 0xBB, 0x0D, 0x97, 0x70, 0x47,
    0xDC, 0x44, 0xA9, 0xB9, 0x11, 0xAC, 0x8F, 0xBC, 0xDF, 0xB4, 0xBA, 0xE6, 0x6D, 0x6B, 0x06, 0x62,
    0x4B, 0x85, 0xA9, 0xAB, 0xC9, 0x76, 0x0B, 0x37, 0x62, 0x39, 0xB1, 0xC5, 0xD0, 0xDB, 0xAD, 0xDF,
    0xAD, 0x64, 0xC2, 0x6C, 0xA6, 0x94, 0xB9, 0x79, 0x6E, 0xB7, 0x54, 0xCA, 0xC2, 0xF0, 0xD9, 0xB9,
    0x9D, 0xCD, 0xBC, 0x56, 0x52, 0x01, 0xA9, 0x71, 0xA5, 0xE4, 0x88, 0xCE, 0x4D, 0x14, 0xE1, 0x86,
    0x96, 0xEF, 0x34, 0x4C, 0xCF, 0x63, 0x53, 0x92, 0xC5, 0x9D, 0x20, 0x86, 0xE8, 0x20, 0x17, 0x34,
    0x60, 0xC1, 0x2A, 0x32, 0x9F, 0x1B, 0x74, 0x06, 0x98, 0x6D, 0x69, 0x5B, 0x98, 0xE9, 0x36, 0x42,
    0x19, 0x8D, 0xFC, 0x0D, 0x57, 0x7B, 0x6B, 0x23, 0x2B, 0xCC, 0xFD, 0x13, 0x57, 0xF4, 0xCA, 0x91,
    0xC9, 0xEC, 0x3A, 0xF1, 0x25, 0x52, 0x99, 0xD0, 0xB2, 0xB7, 0x4A, 0x25, 0x9B, 0x2D, 0x15, 0x13,
    0xD6, 0xD1, 0x26, 0x70, 0x9A, 0x9D, 0xF2, 0xFA, 0xA2, 0x0A, 0x2C, 0x85, 0xC8, 0xFE, 0xCA, 0xB9,
    0xBB, 0xA8, 0x35, 0xED, 0xDC, 0xB5, 0x79, 0x13, 0xCB, 0xF0, 0xB6, 0x62, 0xCC, 0x15, 0xD7, 0x72,
    0x60, 0x01, 0xDB, 0xC0, 0x28, 0xDC, 0xB8, 0x3D, 0x6E, 0x86, 0xAD, 0x95, 0x76, 0xB6, 0x0C, 0xDF,
    0xC0, 0xBF, 0xE6, 0xB5, 0x71, 0xAA, 0x11, 0xF8, 0x85, 0x24, 0xCC, 0x5E, 0xC7, 0x97, 0x66, 0x5F,
    0x59, 0xDC, 0x5E, 0x87, 0x97, 0x5E, 0x8B, 0x5F, 0xE9, 0x5E, 0xEA, 0x4D, 0x34, 0xD3, 0xF2, 0xA0,
    0x46, 0x35, 0x9A, 0x78, 0xB9, 0x5D, 0x22, 0xEB, 0xC2, 0x67, 0x19, 0xB5, 0xB7, 0xF6, 0xA1, 0x40,
    0x24, 0x21, 0x8F, 0x1F, 0x2F, 0x2A, 0x13, 0x91, 0x87, 0xE1, 0xFB, 0xC1, 0xBD, 0x67, 0x15, 0xB5,
    0xA4, 0x65, 0x34, 0x6A, 0x96, 0x0A, 0xD6, 0xCD, 0x2B, 0xE2, 0xDC, 0x17, 0x53, 0x2F, 0xF9, 0xC7,
    0x2B, 0xF3, 0xAD, 0xB0, 0xB8, 0x29, 0xCF, 0xB6, 0x7B, 0x7F, 0x51, 0x95, 0xDC, 0xED, 0x7E, 0xCD,
    0x6B, 0x59, 0x97, 0xD0, 0xEC, 0x85, 0x69, 0xB9, 0xBD, 0xCE, 0x0E, 0x67, 0x5F, 0x5D, 0xDC, 0x5E,
    0x27, 0x97, 0x5E, 0x5F, 0x78, 0x17, 0x25, 0xBB, 0x66, 0x4D, 0x87, 0x2D, 0x44, 0x65, 0x99, 0x53,
    0x59, 0xAE, 0x4A, 0x4B, 0x07, 0xF2, 0x87, 0x91, 0xC8, 0x68, 0x7D, 0xAF, 0x14, 0x41, 0x34, 0xA4,
    0x1B, 0xA0, 0x37, 0x23, 0xF5, 0x94, 0x6F, 0x2D, 0x1B, 0xDD, 0xAE, 0x7D, 0x58, 0x7C, 0x93, 0x87,
    0x30, 0x11, 0xAA, 0xEC, 0x26, 0x9B, 0x2D, 0x4C, 0xEA, 0x0D, 0x6A, 0x1A, 0x24, 0xF9, 0x07, 0x22,
    0xF2, 0xB6, 0xBB, 0x0C, 0x56, 0x28, 0xFB, 0xC7, 0x9A, 0x8E, 0xC5, 0xE4, 0xE5, 0x16, 0x88, 0xFA,
    0x8D, 0x7A, 0xDA, 0x8E, 0x40, 0x85, 0xF3, 0xB6, 0xA7, 0xF9, 0xAE, 0x4B, 0xE3, 0x86, 0xAD, 0xD0,
    0xC9, 0x62, 0xCC, 0x7E, 0xDC, 0xBC, 0x25, 0xFA, 0x5C, 0x98, 0xC0, 0x25, 0x92, 0xCB, 0xCD, 0xD5,
    0xBC, 0x65, 0x76, 0x1D, 0x5C, 0x19, 0x2C, 0x14, 0x8C, 0x26, 0x6C, 0xF7, 0x72, 0xF9, 0x42, 0x79,
    0x19, 0x3E, 0x4C, 0x58, 0xB7, 0xD4, 0x4A, 0x45, 0x54, 0x6E, 0xAC, 0x2D, 0xCC, 0xBD, 0xD5, 0x1B,
    0x84, 0x82, 0x45, 0x81, 0x92, 0xDF, 0xC9, 0xB2, 0x86, 0x37, 0xBB, 0x82, 0xE4, 0x35, 0xC3, 0x8B,
    0x2B, 0xC3, 0x09, 0xA5, 0x08, 0xB2, 0xD1, 0x30, 0xEE, 0x22, 0x64, 0x80, 0x6D, 0xCE, 0x08, 0xA9,
    0x29, 0xAF, 0x89, 0x73, 0xE2, 0xCD, 0x1D, 0xD7, 0x86, 0x97, 0x48, 0xF8, 0xC4, 0xBE, 0xFD, 0x21,
    0xD0, 0xFB, 0x7D, 0xD7, 0x9D, 0xE0, 0xED, 0x81, 0xBE, 0x3A, 0x3C, 0xBD, 0x32, 0xFC, 0x09, 0x92,
    0xF0, 0xEB, 0xF1, 0x56, 0x74, 0xEE, 0x4C, 0x65, 0x7A, 0x0E, 0x3E, 0xC2, 0x17, 0x87, 0x37, 0x9D,
    0xD6, 0x6F, 0x5A, 0x01, 0xE4, 0xB5, 0x47, 0xA0, 0x72, 0x0E, 0x91, 0xE6, 0x3E, 0x69, 0x2F, 0xB5,
    0x29, 0x6A, 0x81, 0xB6, 0xE6, 0xAA, 0xEC, 0x4F, 0x52, 0x98, 0xEC, 0x3F, 0x14, 0xC4, 0x36, 0xE5,
    0xC6, 0x7E, 0x63, 0xB5, 0xC0, 0xAC, 0x4A, 0x2D, 0x31, 0x9B, 0x1C, 0xF7, 0x04, 0x16, 0xAE, 0x91,
    0xE0, 0x66, 0x2C, 0x47, 0xF0, 0x58, 0x21, 0x20, 0x14, 0x83, 0x74, 0x6F, 0xB5, 0xC8, 0x43, 0x67,
    0x0E, 0xEB, 0xC6, 0xDF, 0xA4, 0x0F, 0x55, 0x06, 0x5F, 0x74, 0x36, 0x60, 0xEE, 0x3F, 0x40, 0x56,
    0x5B, 0xAA, 0x08, 0x70, 0x25, 0x9E, 0x64, 0x06, 0x49, 0xC0, 0xBD, 0xD4, 0x9C, 0xC3, 0xB0, 0x27,
    0x03, 0x30, 0x9E, 0xAF, 0x3C, 0x6A, 0x89, 0x4D, 0xF1, 0x71, 0xA7, 0x8A, 0xF0, 0x1D, 0x96, 0x4B,
    0x5C, 0xF5, 0xD7, 0x0A, 0x1A, 0x1A, 0x3C, 0xC1, 0x97, 0xC7, 0x7B, 0x40, 0xEC, 0x43, 0x15, 0x0C,
    0x57, 0x9D, 0xCC, 0x04, 0xAC, 0xB6, 0x28, 0xE0, 0x6A, 0xF0, 0x45, 0x5C, 0x40, 0x05, 0x1D, 0xD7,
    0x28, 0x14, 0x46, 0x18, 0xC5, 0xE5, 0x32, 0xC4, 0xF9, 0x58, 0x2E, 0xED, 0x56, 0x25, 0x08, 0xBF,
    0x5D, 0x15, 0x8D, 0xFD, 0x76, 0x51, 0xEE, 0xF0, 0x87, 0x99, 0x9E, 0x9F, 0xE1, 0x7A, 0x4E, 0xFB,
    0x32, 0x89, 0x57, 0x20, 0x20, 0xE5, 0x0C, 0x5F, 0x24, 0x4E, 0x33, 0x5C, 0xD8, 0xF3, 0xCD, 0xCE,
    0x59, 0x1D, 0x6C, 0xF3, 0x52, 0x56, 0xC0, 0x56, 0xE1, 0xEF, 0xFA, 0xCF, 0x89, 0x15, 0xC9, 0x45,
    0xBD, 0x4A, 0xFC, 0x40, 0xA4, 0x99, 0x23, 0x7A, 0x01, 0xD7, 0x8A, 0x5E, 0x09, 0x95, 0xC5, 0xFF,
    0xF1, 0x24, 0x1F, 0x58, 0xFC, 0xCA, 0xCB, 0x5A, 0x29, 0x22, 0xC9, 0x1F, 0xAA, 0x4A, 0xBA, 0x28,
    0x24, 0xC9, 0x3E, 0x95, 0xC0, 0x2C, 0xB2, 0xCE, 0xF9, 0xC7, 0x16, 0x9B, 0x7A, 0xCB, 0xC4, 0x0E,
    0xA3, 0xF0, 0xE4, 0x52, 0x14, 0x3E, 0x2B, 0x3E, 0xE3, 0x59, 0x08, 0x82, 0x24, 0x96, 0x8D, 0x54,
    0x3D, 0x7A, 0xC5, 0x4B, 0x14, 0x37, 0xA0, 0xEA, 0xED, 0x1C, 0xCB, 0x42, 0x0E, 0x77, 0x80, 0xD0,
    0x55, 0x07, 0xE3, 0x96, 0xEF, 0x0B, 0xA6, 0xA1, 0x45, 0xA7, 0x66, 0x6C, 0x2B, 0x39, 0xD4, 0xFC,
    0x13, 0x53, 0xF2, 0x64, 0xB8, 0x1E, 0xC5, 0x23, 0xE9, 0xAC, 0x15, 0xA5, 0x2D, 0xB6, 0x0C, 0x7D,
    0x17, 0x7A, 0x1D, 0xAC, 0x44, 0xAB, 0xEC, 0xE1, 0x4E, 0xC1, 0x6A, 0x69, 0xC2, 0xAC, 0x6A, 0x4B,
    0xFE, 0xE1, 0x22, 0x4C, 0x45, 0xCD, 0xEC, 0x3F, 0x27, 0x61, 0x6A, 0x1B, 0x7E, 0x6A, 0x99, 0xF0,
    0x01, 0x72, 0x1B, 0xA6, 0xBB, 0xB4, 0xB8, 0xB9, 0x94, 0x16, 0x33, 0x4F, 0x9C, 0x54, 0x2B, 0xF7,
    0x0A, 0x99, 0xB0, 0x75, 0x35, 0x06, 0x90, 0xD1, 0xC0, 0xEF, 0x80, 0x9A, 0x2E, 0x42, 0x60, 0xD5,
    0xAF, 0x7F, 0x22, 0x25, 0x65, 0x4A, 0xAB, 0x52, 0xD1, 0x4E, 0x47, 0xF3, 0xED, 0x48, 0xEB, 0xD9,
    0xC7, 0x51, 0x36, 0xDE, 0xA9, 0x7C, 0xEA, 0xEC, 0x50, 0x85, 0x05, 0xC6, 0x63, 0xF7, 0xB4, 0xCF,
    0x33, 0xC7, 0x47, 0x97, 0xE0, 0xD9, 0x9B, 0xB0, 0xC6, 0xBF, 0x47, 0x2C, 0xB5, 0x64, 0x03, 0x33,
    0x19, 0x9E, 0x62, 0x7F, 0xB9, 0x60, 0xC6, 0x62, 0x45, 0x96, 0x58, 0x45, 0x3A, 0x8C, 0x59, 0x2F,
    0x8F, 0xF9, 0x02, 0x63, 0x96, 0x57, 0x9D, 0xFB, 0xB3, 0x0B, 0x45, 0x5D, 0xCB, 0x48, 0x9E, 0x67,
    0x8D, 0x7B, 0xA1, 0xFF, 0x35, 0x2C, 0x22, 0x2B, 0xF8, 0x9D, 0xE9, 0xEA, 0xC0, 0xDC, 0xCD, 0x25,
    0xB3, 0xBC, 0x4D, 0xE2, 0x6B, 0x66, 0x2A, 0xC9, 0x67, 0x03, 0x93, 0xD9, 0xF4, 0x43, 0xB9, 0x91,
    0xB4, 0x6D, 0x94, 0xD7, 0xB6, 0x79, 0x0B, 0x31, 0x4A, 0x5B, 0x69, 0x4C, 0x0A, 0x53, 0x1C, 0xEA,
    0xEC, 0xA1, 0xC1, 0x18, 0x84, 0x50, 0xC4, 0x33, 0x63, 0xC5, 0x37, 0x1D, 0xF0, 0x15, 0x8F, 0xA0,
    0xA2, 0xEC, 0x7D, 0x83, 0x2F, 0x2C, 0x96, 0xAB, 0xA0, 0x48, 0x57, 0xA3, 0x70, 0x96, 0xBA, 0x09,
    0x3F, 0x57, 0x18, 0x35, 0x0A, 0xDF, 0x1D, 0xF1, 0xCB, 0xFC, 0x4E, 0x1E, 0xC8, 0x09, 0x05, 0x17,
    0x04, 0xB1, 0x72, 0xD4, 0xC6, 0xE5, 0x68, 0xD8, 0x1F, 0xCB, 0xEE, 0x72, 0xA5, 0xE8, 0x06, 0x0D,
    0x4E, 0xAD, 0xBC, 0xA9, 0xC2, 0x75, 0x47, 0x15, 0x50, 0x29, 0x9E, 0x3C, 0x51, 0xD5, 0x74, 0xDA,
    0xBC, 0xA3, 0xEA, 0x4F, 0x83, 0xB8, 0xE5, 0xE5, 0x7A, 0xB7, 0x4A, 0x8A, 0x45, 0xBC, 0x3A, 0xBF,
    0x03, 0xB7, 0x83, 0xEB, 0x66, 0xAA, 0x3A, 0xAA, 0x70, 0xBA, 0xD9, 0x1C, 0x34, 0x97, 0xC1, 0xD0,
    0x46, 0x21, 0x23, 0x7F, 0xE0, 0x2D, 0xED, 0x9C, 0xB9, 0x73, 0xA4, 0x8C, 0xF9, 0xE8, 0x4E, 0xA6,
    0xDD, 0x91, 0x73, 0x64, 0x07, 0x74, 0xA1, 0xFF, 0x6A, 0x03, 0xF9, 0xB9, 0x43, 0x84, 0xBC, 0xDB,
    0x1F, 0x07, 0x9B, 0x59, 0x0E, 0xA7, 0xEF, 0x0B, 0xA6, 0x49, 0x67, 0xF9, 0x52, 0x29, 0x55, 0x91,
    0x9F, 0xA9, 0xDE, 0xB4, 0xB8, 0x30, 0x6F, 0xAF, 0xC5, 0xF1, 0x00, 0xC4, 0x65, 0x07, 0xA2, 0x61,
    0x6A, 0xB1, 0xAB, 0x81, 0x18, 0x1D, 0x80, 0x38, 0x6C, 0x41, 0xAF, 0x85, 0xC7, 0x87, 0x34, 0x6A,
    0xB3, 0x6B, 0x66, 0x1A, 0xA6, 0xD5, 0x9E, 0x46, 0xAB, 0x96, 0xC9, 0x3A, 0x26, 0x15, 0xA1, 0x85,
    0x4F, 0x55, 0x4D, 0x1A, 0xA4, 0x16, 0x37, 0x31, 0xB0, 0x2B, 0x8F, 0x78, 0xCE, 0x61, 0xA1, 0x5C,
    0x61, 0x61, 0x5E, 0xEE, 0xDF, 0xDF, 0x22, 0x08, 0xAB, 0xBE, 0x85, 0x7B, 0x60, 0x9F, 0x52, 0x7D,
    0x7B, 0x36, 0x71, 0x54, 0xE2, 0xB2, 0x53, 0x47, 0x96, 0xB2, 0x54, 0x06, 0xDB, 0xB5, 0x92, 0x1C,
    0x3D, 0x91, 0x2B, 0x72, 0xDF, 0x78, 0xB6, 0xAE, 0x0E, 0x4E, 0x29, 0x3A, 0x6B, 0xEA, 0x00, 0xC2,
    0xA1, 0x22, 0xB7, 0x58, 0xA5, 0xD0, 0x74, 0x54, 0x88, 0xD8, 0x13, 0xA0, 0xA6, 0xDD, 0x75, 0x74,
    0x58, 0x25, 0xC7, 0x1A, 0x3A, 0x2A, 0x7A, 0x7E, 0x3B, 0xB7, 0xC1, 0x75, 0x5F, 0xD2, 0x4B, 0x0F,
    0xCA, 0x3C, 0x96, 0x4E, 0x9A, 0xE7, 0x33, 0xF8, 0x8A, 0xF6, 0xC9, 0xC2, 0x4F, 0x75, 0xA5, 0xF0,
    0x63, 0xDD, 0x2F, 0x4F, 0x3B, 0x03, 0x85, 0x24, 0x7F, 0x55, 0x2A, 0xCC, 0x68, 0x55, 0x86, 0xEA,
    0x00, 0x6B, 0xE0, 0x5B, 0x4E, 0xF4, 0xCC, 0x2C, 0xA3, 0x39, 0x50, 0xCD, 0x33, 0x51, 0x4B, 0x0A,
    0x42, 0x46, 0x50, 0x84, 0x56, 0x9B, 0xCD, 0x0B, 0x20, 0x64, 0xAE, 0x74, 0x94, 0x13, 0xCB, 0x48,
    0x11, 0xB6, 0x9D, 0xBA, 0x56, 0xFB, 0xBC, 0xD5, 0x00, 0xB7, 0x58, 0x73, 0xDE, 0x13, 0x53, 0x2E,
    0x62, 0x52, 0xD6, 0x6F, 0x31, 0xFA, 0x8A, 0xDB, 0x1A, 0x96, 0x3B, 0xD5, 0xF1, 0x6E, 0xC5, 0x89,
    0x91, 0xCE, 0x4C, 0xD5, 0x64, 0x63, 0x0F, 0x60, 0x30, 0x8E, 0x3C, 0x8F, 0x25, 0x3D, 0xBB, 0x41,
    0xAA, 0x59, 0xC4, 0x5C, 0x75, 0x1C, 0xB6, 0x12, 0xA9, 0x48, 0x9D, 0x08, 0x31, 0x8F, 0xBC, 0x30,
    0x9A, 0x05, 0x8B, 0xA2, 0x6E, 0x44, 0xEC, 0x49, 0xB1, 0x1B, 0x4F, 0xA3, 0x3A, 0xC2, 0xE6, 0x55,
    0xC8, 0x1D, 0x13, 0x72, 0xAA, 0x2E, 0xCA, 0x1C, 0x90, 0x2C, 0x3C, 0xD3, 0x8D, 0x87, 0x70, 0x15,
    0x6D, 0x5E, 0x72, 0x76, 0x2E, 0x65, 0xD0, 0x2A, 0x60, 0x16, 0x2D, 0xD3, 0xF6, 0xAA, 0x43, 0x56,
    0x66, 0xCF, 0x03, 0x75, 0x96, 0x44, 0xEB, 0x6C, 0x50, 0xE8, 0x0E, 0x61, 0x11, 0xCE, 0xB3, 0xAD,
    0x11, 0xFC, 0xB3, 0x6F, 0x8F, 0x88, 0xA4, 0x5F, 0xFF, 0x69, 0xCC, 0x46, 0x05, 0xF5, 0xAE, 0x52,
    0xDF, 0x0F, 0xBB, 0x2A, 0x7A, 0x0F, 0xEC, 0xDF, 0xF5, 0x65, 0xB5, 0x80, 0x8A, 0x5F, 0x8E, 0xF0,
    0x6C, 0x29, 0x9C, 0xFA, 0x5D, 0xEB, 0xBE, 0x29, 0x77, 0xFB, 0x5E, 0x4A, 0x78, 0xD3, 0xEE, 0x3B,
    0x87, 0xE4, 0xFE, 0xAE, 0xEA, 0x97, 0x7F, 0x86, 0xCD, 0x19, 0x11, 0x04, 0xF7, 0x82, 0x2B, 0x87,
    0x27, 0x6A, 0xF4, 0x4A, 0xE9, 0xFB, 0x0A, 0x15, 0xF8, 0x01, 0x07, 0x94, 0x18, 0x3B, 0xBF, 0x6D,
    0xC7, 0x68, 0x72, 0x07, 0x24, 0xEB, 0xDF, 0xC1, 0xE3, 0x9F, 0x40, 0x0D, 0x23, 0xFF, 0xD5, 0xCF,
    0x3B, 0x41, 0x02, 0x16, 0x66, 0xF0, 0xCF, 0x4A, 0x80, 0x18, 0xBF, 0x50, 0x24, 0x9A, 0x0E, 0x51,
    0x1F, 0x56, 0xAA, 0xCA, 0xCC, 0xCF, 0x45, 0xB9, 0xC1, 0x92, 0x9F, 0x67, 0x8A, 0x8A, 0x3B, 0x6E,
    0x02, 0xE3, 0x5C, 0x9E, 0x74, 0xEE, 0x5A, 0x7A, 0x08, 0x10, 0x11, 0x24, 0x9D, 0xAC, 0xC4, 0x0B,
    0xB1, 0xD8, 0x20, 0x31, 0x79, 0x84, 0x3C, 0x90, 0x26, 0x02, 0x45, 0x44, 0x09, 0x80, 0xE2, 0x62,
    0x3D, 0x09, 0xCD, 0xE6, 0x3A, 0x74, 0xA6, 0x9D, 0x4D, 0x21, 0xE9, 0xE2, 0x04, 0x8C, 0x08, 0xE3,
    0xF2, 0xC7, 0xD1, 0xB0, 0xD9, 0x41, 0x9D, 0x4B, 0x28, 0x96, 0xBF, 0xD1, 0x2C, 0x7E, 0x27, 0x94,
    0x91, 0xC5, 0xCA, 0x99, 0xB3, 0x4E, 0xB7, 0x59, 0xF4, 0xBA, 0xE5, 0xDC, 0x6B, 0x01, 0xD6, 0x3C,
    0xA5, 0xF9, 0xD6, 0xF1, 0x57, 0x73, 0x45, 0x86, 0x79, 0xE4, 0x29, 0xB8, 0x74, 0xEC, 0x44, 0x3A,
    0x55, 0x25, 0x74, 0x6E, 0x03, 0x4B, 0xB2, 0x07, 0x2A, 0xBD, 0x0C, 0x4D, 0x27, 0x54, 0xA9, 0xFF,
    0xEF, 0xEA, 0x75, 0xD2, 0x48, 0xAD, 0x19, 0x04, 0x0A, 0xA1, 0x55, 0xB0, 0x8A, 0x42, 0x39, 0x24,
    0xA6, 0x13, 0x4C, 0x95, 0x1F, 0x96, 0x1D, 0x7D, 0x9A, 0xD1, 0xBD, 0xC2, 0xD4, 0x05, 0x6C, 0xC8,
    0xBC, 0x1D, 0x04, 0x7D, 0xAA, 0x0A, 0x1B, 0xB6, 0x5A, 0xCB, 0x7C, 0xD8, 0xFA, 0x02, 0xB0, 0x69,
    0xC9, 0x00, 0x41, 0x86, 0x83, 0x2A, 0x9B, 0x6D, 0x3B, 0xE3, 0xFD, 0x11, 0x6D, 0x0C, 0x8F, 0xEF,
    0xF5, 0xE5, 0xE7, 0xD4, 0xBE, 0xFD, 0x43, 0xFF, 0x8F, 0xD6, 0xE8, 0x56, 0xB5, 0x56, 0x34, 0x83,
    0xE9, 0x8F, 0xD6, 0xCD, 0x0E, 0x56, 0x83, 0x99, 0x3C, 0x66, 0xEB, 0x7F, 0x01, 0xBC, 0xB3, 0xDF,
    0xFB, 0x52, 0x2D, 0x7A, 0x4B, 0xA2, 0x2E, 0x18, 0xC0, 0x22, 0x78, 0x72, 0x00, 0x67, 0x0D, 0x6D,
    0xCD, 0x39, 0xF3, 0xC0, 0xC9, 0x32, 0x0E, 0xDF, 0x65, 0x53, 0x32, 0x41, 0xFB, 0xAB, 0x7A, 0x57,
    0x23, 0xD9, 0x15, 0x58, 0x2E, 0xD7, 0x81, 0x04, 0x41, 0xB4, 0x55, 0x59, 0x02, 0x9D, 0x7D, 0xD5,
    0xC5, 0xF9, 0xD1, 0x6A, 0xC2, 0x59, 0x28, 0xCC, 0x25, 0xFE, 0x7F, 0xB5, 0x2B, 0x9E, 0xDB, 0xC9,
    0x22, 0x30, 0x7C, 0x8E, 0x35, 0x49, 0xD5, 0xCD, 0x4F, 0xAC, 0x68, 0xF7, 0xE2, 0x85, 0x5C, 0x2E,
    0x17, 0x86, 0x34, 0xAB, 0x2F, 0x42, 0x8C, 0x27, 0xE4, 0xE9, 0xDC, 0x59, 0x01, 0x4D, 0x86, 0x9B,
    0x94, 0x84, 0xCB, 0x88, 0xC7, 0x8C, 0x24, 0x04, 0x5C, 0xC1, 0x2C, 0xDA, 0x91, 0x72, 0xB3, 0xBF,
    0xB8, 0xEC, 0x7B, 0x03, 0xD7, 0x0B, 0x77, 0x51, 0x90, 0x3E, 0x39, 0x25, 0x3F, 0x25, 0x61, 0x42,
    0x6B, 0xCE, 0xB3, 0x6C, 0x53, 0x01, 0xAB, 0x76, 0x57, 0xBA, 0x4B, 0xB7, 0xA8, 0x18, 0x20, 0xEE,
    0xBF, 0x29, 0x40, 0xD3, 0xCD, 0x00, 0x7D, 0xF0, 0xC1, 0x07, 0xBF, 0xD8, 0xC3, 0xE2, 0xF7, 0x00,
    0xB5, 0xEE, 0xC7, 0x37, 0x00, 0xA4, 0x0A, 0x4D, 0xA2, 0xB3, 0x27, 0x48, 0x72, 0xB8, 0x80, 0x0B,
    0x47, 0x77, 0xAF, 0x33, 0x43, 0xDF, 0x3E, 0x71, 0xA2, 0x3E, 0x1C, 0xD8, 0xF8, 0x38, 0xD9, 0x45,
    0x3F, 0xAF, 0x57, 0xFC, 0x6F, 0x1D, 0x96, 0xA4, 0x8C, 0xD8, 0xE4, 0x0B, 0x01, 0x9D, 0xD9, 0xBF,
    0xA2, 0x12, 0xE6, 0x9B, 0xFE, 0x43, 0x3F, 0x84, 0x74, 0x6D, 0x05, 0x54, 0x29, 0x19, 0xA2, 0xEB,
    0x6E, 0x7B, 0xDD, 0xB2, 0xC9, 0x83, 0xB6, 0x68, 0xA6, 0xBF, 0x86, 0xBB, 0x78, 0xFB, 0xA2, 0x0E,
    0x0A, 0xE3, 0x22, 0x73, 0xF2, 0x40, 0x12, 0xA9, 0x6E, 0xBF, 0x50, 0xBD, 0x23, 0x6C, 0xFF, 0x53,
    0x1F, 0x0C, 0x13, 0x28, 0x35, 0xA8, 0xC0, 0x50, 0x40, 0x63, 0xF3, 0x9A, 0x50, 0xD2, 0xE5, 0x40,
    0x72, 0x68, 0x4B, 0x1B, 0xEC, 0xF4, 0x0F, 0xC0, 0x35, 0x6B, 0x0F, 0xAB, 0x97, 0x1D, 0x9B, 0xB6,
    0x12, 0x16, 0xC7, 0xE5, 0xE5, 0x65, 0xFC, 0x2A, 0x0B, 0x50, 0x56, 0x53, 0x34, 0xEB, 0xBF, 0x51,
    0xEF, 0x66, 0xED, 0xAC, 0x17, 0x4A, 0xD6, 0xF1, 0x81, 0x05, 0x15, 0x0B, 0x93, 0xA8, 0xD7, 0x90,
    0xA7, 0x3D, 0x1A, 0xE2, 0x69, 0x74, 0xBF, 0xBC, 0x44, 0x71, 0xC0, 0x1D, 0xB3, 0xC2, 0x3C, 0x68,
    0xF9, 0x45, 0x73, 0x33, 0x35, 0xCE, 0x44, 0x4F, 0xFD, 0xDD, 0xEF, 0x7E, 0xD3, 0xC5, 0xFC, 0x80,
    0x56, 0xF1, 0x33, 0x96, 0x14, 0x99, 0xE1, 0x05, 0x4D, 0xBF, 0x8B, 0xCC, 0x0A, 0x46, 0x5D, 0xC7,
    0x84, 0xE5, 0x79, 0x1B, 0x0B, 0x00, 0x2B, 0x44, 0x13, 0x60, 0xC7, 0x27, 0x33, 0xCD, 0x4B, 0x83,
    0x54, 0x20, 0x7F, 0xF4, 0x21, 0x53, 0xDC, 0x9E, 0xE1, 0x0D, 0xAB, 0x3E, 0xF1, 0xAA, 0xDA, 0xDC,
    0xDF, 0x50, 0xE1, 0x1F, 0xB2, 0x9E, 0x3A, 0x30, 0x39, 0x1D, 0x15, 0xB6, 0xD0, 0x6C, 0xD0, 0xE5,
    0xC0, 0xF2, 0xE6, 0x63, 0xA8, 0x4A, 0x30, 0xCD, 0x92, 0x6A, 0xFC, 0xEA, 0x9B, 0x76, 0xD9, 0x79,
    0xD2, 0x32, 0xED, 0x9F, 0x95, 0x67, 0x97, 0x40, 0xBD, 0xA9, 0xAF, 0xC8, 0x59, 0xD2, 0x32, 0x45,
    0x99, 0x0B, 0xA0, 0x9D, 0x7E, 0xA6, 0x03, 0x19, 0x36, 0xE5, 0x66, 0x13, 0xE2, 0x46, 0xEB, 0xF1,
    0x62, 0xE6, 0xCB, 0x08, 0xCF, 0x1A, 0x93, 0x28, 0x08, 0xA4, 0xEF, 0x03, 0x22, 0x00, 0x92, 0x82,
    0xC6, 0xA2, 0x04, 0x08, 0x81, 0x40, 0x68, 0xA6, 0xC8, 0x15, 0x4C, 0x82, 0x23, 0x35, 0xE8, 0x88,
    0x42, 0x0C, 0x20, 0xD4, 0x8B, 0xA5, 0xBE, 0xCD, 0x17, 0x77, 0x4E, 0x4B, 0x76, 0xD1, 0x1A, 0x88,
    0xEA, 0x8B, 0x13, 0xBE, 0xCB, 0xBE, 0xF8, 0xAE, 0x09, 0x2B, 0x2C, 0xE2, 0x40, 0x05, 0xE8, 0x61,
    0x4C, 0xF2, 0x5F, 0x71, 0xBB, 0x3B, 0x6C, 0x59, 0x46, 0xE8, 0x1A, 0xAE, 0xCC, 0xD9, 0xD9, 0xC9,
    0x55, 0x90, 0xDC, 0x2B, 0xD3, 0xAC, 0x2F, 0x27, 0x56, 0xD1, 0x58, 0x57, 0xCE, 0xC9, 0x2C, 0xD8,
    0xE1, 0xA6, 0xF6, 0x77, 0x81, 0x90, 0x37, 0x6F, 0x05, 0xC0, 0x4E, 0x1E, 0xEF, 0xD3, 0x6A, 0xEE,
    0x2B, 0xDB, 0x94, 0xF7, 0xDB, 0x4D, 0x56, 0x7F, 0xD7, 0x90, 0xC8, 0x3C, 0xE5, 0xEC, 0xF8, 0x60,
    0x2B, 0x45, 0xF3, 0xC6, 0x7C, 0x9D, 0x75, 0xDA, 0xFC, 0xCC, 0xBC, 0xF9, 0x99, 0xBB, 0xC9, 0x04,
    0xB7, 0x85, 0x55, 0x11, 0x3F, 0x7F, 0x4E, 0x79, 0x67, 0x7C, 0xD5, 0xB0, 0xD1, 0x8C, 0x90, 0xA4,
    0xCA, 0x54, 0xC8, 0xEE, 0x05, 0x90, 0x24, 0xBF, 0xA3, 0xBE, 0xBC, 0x47, 0xC6, 0xC1, 0xCF, 0xE4,
    0x7D, 0x71, 0x1E, 0x1F, 0xFA, 0x19, 0xF9, 0x59, 0xD7, 0xDC, 0x7D, 0x8D, 0x52, 0xBB, 0xDA, 0xFA,
    0x59, 0x7D, 0xD2, 0xDF, 0x64, 0x92, 0xAC, 0x00, 0x2E, 0x3A, 0x08, 0x04, 0x98, 0xA4, 0x68, 0x62,
    0xAA, 0x34, 0x93, 0x10, 0x3C, 0x69, 0xD7, 0x25, 0xA2, 0x35, 0x8A, 0x26, 0x5E, 0x46, 0x02, 0x31,
    0x50, 0x47, 0x7B, 0xCA, 0x41, 0x2B, 0x52, 0x08, 0x8A, 0x94, 0xC1, 0x67, 0xA4, 0xE3, 0x00, 0xD1,
    0x42, 0xF6, 0x10, 0x59, 0x11, 0xC2, 0x2A, 0x26, 0x69, 0xEA, 0xAF, 0xBE, 0xC1, 0x38, 0x7E, 0x8B,
    0xB4, 0xB8, 0xBF, 0xEB, 0xFE, 0x51, 0x0F, 0x99, 0xF5, 0x01, 0xDD, 0xBF, 0x9A, 0xAB, 0x32, 0xB1,
    0xDF, 0x5F, 0xAE, 0xBC, 0xFF, 0x5F, 0x56, 0x39, 0x99, 0x42, 0x44, 0x68, 0x7E, 0x2D, 0xB6, 0xBF,
    0x4D, 0x80, 0xF7, 0xF7, 0x94, 0x40, 0x04, 0x05, 0x80, 0xAC, 0x98, 0x58, 0x47, 0x78, 0xC4, 0x78,
    0xFC, 0x36, 0x2B, 0x02, 0x71, 0xD7, 0x40, 0x87, 0x4E, 0xD9, 0x8C, 0x11, 0x23, 0x3F, 0x4E, 0xFB,
    0x33, 0x76, 0x5D, 0xBE, 0xC7, 0x03, 0x81, 0xF5, 0x8C, 0x79, 0x0E, 0x93, 0x31, 0xCE, 0x45, 0xF4,
    0x91, 0x2D, 0x08, 0xF5, 0xAC, 0xB6, 0x96, 0xDE, 0xA1, 0xE6, 0xBF, 0x74, 0xA4, 0xF6, 0x6E, 0x15,
    0xF6, 0x95, 0xA2, 0x58, 0x66, 0xB7, 0x5E, 0x64, 0x7A, 0x57, 0x73, 0x14, 0xDA, 0xC0, 0x59, 0xFD,
    0xB5, 0xB8, 0x84, 0xB3, 0x5A, 0x6F, 0x69, 0xFA, 0x46, 0x45, 0x70, 0x50, 0xDE, 0x78, 0x50, 0xDF,
    0x2D, 0x7B, 0x3E, 0x7B, 0xB5, 0xE4, 0x2A, 0xDE, 0x54, 0xD3, 0x6D, 0x41, 0xE3, 0x50, 0x29, 0xCF,
    0x66, 0x37, 0x43, 0xC5, 0x8E, 0x5B, 0x18, 0x5D, 0x4F, 0x3A, 0x93, 0xE5, 0xF3, 0x7D, 0x90, 0xE4,
    0xEE, 0x2D, 0xB7, 0xFB, 0xCB, 0x12, 0x3B, 0xDA, 0x2A, 0x0F, 0x0F, 0x95, 0xFE, 0x08, 0xB0, 0xA8,
    0x42, 0xAE, 0x28, 0x4B, 0xA2, 0xC3, 0xD4, 0x26, 0xE9, 0x93, 0xFE, 0x8F, 0x01, 0x8B, 0xCE, 0x9D,
    0x33, 0x96, 0xA6, 0x74, 0xB1, 0x63, 0xE8, 0xAB, 0x9F, 0xEF, 0x88, 0x47, 0xCA, 0x6C, 0x4D, 0x44,
    0xEC, 0xAF, 0x25, 0x54, 0xB3, 0x52, 0x45, 0x21, 0xB9, 0x1A, 0xD0, 0xA9, 0x29, 0x7B, 0xD5, 0x5F,
    0x5E, 0xB0, 0x31, 0x94, 0x67, 0x53, 0x30, 0x76, 0x84, 0x15, 0x76, 0x22, 0xE3, 0xC9, 0x15, 0xBD,
    0x01, 0xB3, 0x7E, 0xC6, 0xC2, 0xAA, 0xCE, 0xA4, 0xEA, 0x80, 0x5B, 0xE8, 0xC7, 0x13, 0xA6, 0x96,
    0x94, 0x78, 0x18, 0xC3, 0xCF, 0xF5, 0xB7, 0x16, 0xFE, 0xA2, 0x9F, 0xAE, 0x98, 0xA5, 0x4B, 0x6E,
    0x33, 0xD6, 0x9B, 0x10, 0x2B, 0x98, 0x56, 0x8D, 0xC2, 0xCA, 0x4C, 0x34, 0xBF, 0xF6, 0x17, 0x2E,
    0xD5, 0xF9, 0xC1, 0xE1, 0x8E, 0x95, 0x10, 0xAC, 0x0C, 0xB2, 0xEE, 0xFB, 0x33, 0x2D, 0x25, 0xDE,
    0x6A, 0x0F, 0x39, 0x73, 0xAD, 0xDF, 0xD0, 0x0C, 0xA8, 0x97, 0x00, 0x8E, 0x38, 0x99, 0xD9, 0x5E,
    0x05, 0x1C, 0x60, 0xF0, 0x79, 0x30, 0xC7, 0x15, 0x38, 0xB1, 0xA2, 0xE7, 0x0A, 0xE4, 0x06, 0x15,
    0x18, 0xB1, 0x37, 0x55, 0xAD, 0x6B, 0x74, 0xCD, 0xFA, 0x83, 0x93, 0xBC, 0xE3, 0xDF, 0xE2, 0x78,
    0x02, 0x8D, 0xB8, 0x6D, 0x9D, 0xA1, 0x91, 0xD1, 0x17, 0xD4, 0xC8, 0xEC, 0x43, 0x6A, 0x64, 0x13,
    0xB0, 0xF8, 0x3E, 0x5D, 0x01, 0x61, 0x7F, 0xD6, 0xB6, 0x1D, 0xB5, 0xB9, 0x53, 0x36, 0x5C, 0xA6,
    0x03, 0xCB, 0x53, 0x3C, 0xD6, 0x75, 0x71, 0x17, 0xF6, 0x37, 0x14, 0xCF, 0xD8, 0x2A, 0x4F, 0xCF,
    0xCB, 0x63, 0x41, 0xA4, 0x46, 0x35, 0x8F, 0x11, 0x91, 0xC9, 0xD4, 0x88, 0x13, 0x00, 0x6B, 0xC1,
    0x50, 0x8B, 0xCB, 0x6C, 0x45, 0x6D, 0xD2, 0x42, 0xAD, 0x5D, 0x69, 0xC7, 0x38, 0xF1, 0x3E, 0x11,
    0x88, 0x7F, 0x4D, 0x08, 0x6E, 0x73, 0xEF, 0x48, 0x6D, 0x8B, 0xEA, 0x82, 0x8B, 0x54, 0x66, 0x52,
    0xDB, 0x91, 0x75, 0x79, 0xC8, 0x6D, 0x1B, 0xF4, 0xCD, 0xAE, 0xA1, 0x28, 0x52, 0x0D, 0x5F, 0xB5,
    0xA8, 0x58, 0x46, 0xF4, 0x7F, 0x00, 0xDD, 0x5C, 0xBF, 0x8F, 0xE5, 0xD6, 0x75, 0xBE, 0x24, 0xA5,
    0x21, 0x22, 0x02, 0x66, 0x8A, 0x54, 0x9A, 0x82, 0xAD, 0x03, 0xC4, 0xE2, 0x3F, 0x10, 0x8B, 0x34,
    0x14, 0x40, 0x85, 0x0A, 0xAB, 0x70, 0xEF, 0x14, 0x6A, 0x82, 0x14, 0xDB, 0xA6, 0x90, 0x96, 0x94,
    0x5D, 0xA6, 0xF0, 0x14, 0xE9, 0xB3, 0x85, 0x03, 0x38, 0x29, 0x62, 0x17, 0x02, 0xA2, 0x00, 0xBB,
    0x43, 0x6A, 0xB7, 0x50, 0xA1, 0x42, 0x4C, 0x54, 0xB8, 0x70, 0x21, 0x26, 0x1A, 0x20, 0xB0, 0x53,
    0x2C, 0x0D, 0x10, 0x11, 0x57, 0x22, 0x79, 0x73, 0xBE, 0xEF, 0x5C, 0xFE, 0x78, 0xF3, 0xDE, 0x28,
    0x2B, 0xDB, 0x59, 0x69, 0x34, 0x18, 0xF0, 0x3D, 0x3E, 0x92, 0xF7, 0xC7, 0x77, 0xCF, 0x3D, 0xF7,
    0x3B, 0x3F, 0x2E, 0x8D, 0x31, 0xB1, 0xB5, 0xB5, 0x31, 0xC6, 0xDA, 0xD1, 0xF0, 0xA4, 0x34, 0xA7,
    0xFF, 0x78, 0x97, 0x49, 0x26, 0x1C, 0x03, 0xDB, 0xE0, 0xA3, 0x9A, 0x71, 0x8C, 0x1F, 0x77, 0x72,
    0xF4, 0xC7, 0x0A, 0x27, 0xC5, 0xDF, 0xE2, 0x24, 0xEE, 0x0A, 0x39, 0x7A, 0x73, 0xD8, 0xCB, 0x47,
    0x56, 0x67, 0x52, 0x66, 0xD4, 0x07, 0x03, 0x4A, 0x91, 0x53, 0x63, 0xD2, 0xC6, 0x97, 0xDA, 0xC2,
    0xD1, 0xA4, 0x35, 0x7E, 0xF2, 0xA4, 0xD0, 0xA4, 0xC5, 0x7F, 0x20, 0x3F, 0x4B, 0xA1, 0x55, 0x29,
    0x45, 0xA0, 0x31, 0xD6, 0x4A, 0x5D, 0xF2, 0xD7, 0x99, 0x02, 0x1F, 0xB9, 0xFC, 0x6A, 0xC2, 0xDE,
    0x43, 0xBD, 0x45, 0x89, 0x92, 0x82, 0x31, 0x1A, 0x58, 0x87, 0x45, 0xB3, 0xC6, 0x0C, 0xED, 0xC2,
    0x81, 0xDD, 0x71, 0x87, 0xE1, 0x64, 0x7F, 0xBC, 0x6A, 0x70, 0xFD, 0xCD, 0xAC, 0x74, 0xC7, 0x96,
    0x49, 0x27, 0xED, 0x08, 0x3B, 0xF3, 0x86, 0x09, 0xD0, 0xEC, 0x00, 0x1D, 0x91, 0x53, 0xF3, 0xD7,
    0x52, 0xFB, 0x1D, 0x6B, 0xDB, 0xC0, 0x7E, 0xF6, 0xC3, 0x26, 0xE9, 0x4D, 0xDC, 0x48, 0x7F, 0x92,
    0xBA, 0x42, 0xAD, 0x15, 0xDA, 0x21, 0x1D, 0xB0, 0x65, 0xD5, 0x24, 0x36, 0x97, 0x92, 0x8A, 0x3C,
    0xB1, 0x63, 0x96, 0xFB, 0xF6, 0x22, 0x23, 0x38, 0x75, 0x88, 0x26, 0x5D, 0xA2, 0xBF, 0x26, 0xB4,
    0x96, 0x18, 0x2A, 0x7A, 0x77, 0xDA, 0xA3, 0x36, 0xC5, 0x23, 0x5B, 0xA6, 0xD7, 0x33, 0x42, 0x1D,
    0x59, 0xDE, 0x36, 0xF3, 0xC9, 0xF4, 0x03, 0x36, 0x6A, 0x20, 0xD4, 0x16, 0x8D, 0x13, 0xD0, 0x8A,
    0x1C, 0x3D, 0x27, 0xBA, 0x55, 0x0E, 0xA8, 0xE3, 0x0E, 0x30, 0xFA, 0x13, 0xD1, 0x2D, 0x6A, 0x54,
    0x2D, 0xB8, 0x25, 0x8D, 0x0C, 0x08, 0xFE, 0x31, 0x02, 0x71, 0x6B, 0x80, 0x9B, 0x05, 0x3C, 0x40,
    0x37, 0x23, 0xD4, 0x21, 0x8E, 0x3D, 0x7E, 0x35, 0xD2, 0x8D, 0x16, 0x35, 0xA1, 0x24, 0xF4, 0xB3,
    0x44, 0x1D, 0x40, 0xDF, 0x64, 0x8F, 0xD0, 0xAE, 0x40, 0x0E, 0x6F, 0x98, 0x3F, 0x95, 0x86, 0x79,
    0x72, 0x47, 0x21, 0x4F, 0x99, 0x14, 0xCD, 0x0E, 0xE7, 0xAF, 0x08, 0xE8, 0xA7, 0x95, 0xCF, 0xD7,
    0x76, 0xF2, 0x39, 0xB1, 0xFE, 0xAC, 0xA4, 0x7C, 0x76, 0x44, 0x70, 0x56, 0xF9, 0x24, 0x68, 0x22,
    0xBD, 0x3B, 0xF9, 0x24, 0x68, 0xB8, 0x07, 0xF2, 0x49, 0xD0, 0x0E, 0xE5, 0x33, 0x07, 0x68, 0x4E,
    0x3E, 0xA7, 0xBD, 0x7C, 0xF6, 0xA7, 0xE4, 0xD3, 0x98, 0xB3, 0x2B, 0x1C, 0xFD, 0x8E, 0x8D, 0xBF,
    0xAF, 0xC3, 0xAF, 0x12, 0x51, 0xF1, 0x37, 0x7F, 0x76, 0xD0, 0x65, 0x76, 0x46, 0x25, 0x93, 0xC9,
    0xDA, 0x70, 0x24, 0x72, 0xDE, 0x85, 0x60, 0x83, 0x82, 0xD0, 0x89, 0x91, 0xC0, 0x79, 0xD2, 0xA4,
    0x32, 0xB3, 0xFF, 0x30, 0x85, 0x93, 0x00, 0x0A, 0xDC, 0x1E, 0x42, 0xF6, 0xA3, 0x4E, 0xC6, 0x50,
    0xDA, 0x51, 0x34, 0x84, 0x4D, 0x4A, 0x99, 0x3C, 0x6B, 0x1F, 0x75, 0xA6, 0xBA, 0x4A, 0xA4, 0xD3,
    0x21, 0x2A, 0x7C, 0x6B, 0x19, 0x83, 0xF8, 0xDF, 0x50, 0x26, 0x06, 0x3C, 0xD5, 0x86, 0x3C, 0xCF,
    0xA3, 0xC2, 0x4B, 0xF4, 0x7C, 0x15, 0xC9, 0x9E, 0xB2, 0x78, 0x5A, 0x51, 0x9C, 0x59, 0xF4, 0x0B,
    0xAD, 0xA1, 0x38, 0x75, 0x18, 0x91, 0x3B, 0xA3, 0x34, 0xC0, 0x84, 0x52, 0x35, 0x94, 0x02, 0x45,
    0xEA, 0x4A, 0x0B, 0xA1, 0x44, 0x89, 0x3A, 0x60, 0x3D, 0x1C, 0xC0, 0x82, 0xC5, 0x56, 0xF9, 0x5A,
    0x27, 0xC5, 0xF1, 0xD4, 0x51, 0xAF, 0xEA, 0x9D, 0x85, 0x3C, 0xFB, 0xAD, 0x3C, 0x6B, 0x01, 0x6E,
    0x02, 0xC1, 0x2E, 0x23, 0x9B, 0x9F, 0xCF, 0xC6, 0xA7, 0x40, 0x43, 0x79, 0x94, 0x4B, 0xD3, 0x5C,
    0xB7, 0x1E, 0x18, 0x0E, 0xB0, 0x56, 0xA8, 0x5F, 0x4E, 0xF4, 0xE5, 0x02, 0x25, 0xB4, 0x10, 0xDC,
    0x2E, 0xB0, 0x79, 0xD1, 0x0A, 0x30, 0xE9, 0xDB, 0xF3, 0xD2, 0xF0, 0x2C, 0x87, 0x5C, 0x01, 0x91,
    0x6E, 0x69, 0x3F, 0xAE, 0x51, 0x90, 0x78, 0x83, 0x88, 0xCF, 0x73, 0xA8, 0xE0, 0xAE, 0xB1, 0x17,
    0xE7, 0x83, 0x20, 0x6F, 0x4B, 0x8F, 0x0D, 0xBA, 0xF3, 0x84, 0x15, 0x10, 0x7F, 0x93, 0x52, 0x41,
    0xCD, 0x33, 0xA7, 0x36, 0xE4, 0x28, 0x69, 0x92, 0xE6, 0x76, 0x62, 0x4B, 0x95, 0x04, 0xF9, 0x8D,
    0xFF, 0xBB, 0x93, 0x69, 0x23, 0xB8, 0xBC, 0x90, 0x9F, 0x5D, 0x1C, 0x29, 0x84, 0x2B, 0xF4, 0x62,
    0xC0, 0x04, 0x1A, 0x8D, 0x95, 0x42, 0x45, 0x17, 0x45, 0x6D, 0x41, 0x1D, 0x83, 0x86, 0x37, 0xAE,
    0x05, 0xC4, 0x56, 0x91, 0x2E, 0x17, 0x6C, 0x1D, 0xDC, 0x1E, 0x17, 0x8C, 0x32, 0xBB, 0x3A, 0x9B,
    0xD1, 0x82, 0x56, 0x0E, 0x22, 0x9B, 0xE7, 0x33, 0x5B, 0x1C, 0xA9, 0x2A, 0x68, 0xB7, 0xA3, 0xFE,
    0x72, 0xC3, 0xDF, 0x2D, 0x80, 0xB5, 0x59, 0x2A, 0x43, 0x39, 0x5E, 0x7F, 0xD4, 0x05, 0xC8, 0x53,
    0xAA, 0x7A, 0x42, 0x56, 0xD8, 0x3E, 0x9C, 0x45, 0x7B, 0xF8, 0x03, 0xFB, 0x4E, 0xC5, 0xD3, 0xAB,
    0x30, 0x6A, 0x0B, 0x14, 0xE4, 0x76, 0x81, 0xD5, 0x3A, 0xA4, 0xF3, 0x70, 0x10, 0x81, 0x8C, 0x9F,
    0x78, 0x55, 0x99, 0x60, 0xD1, 0x94, 0x43, 0xCE, 0x29, 0x00, 0x88, 0x2E, 0x30, 0x8A, 0x61, 0x8F,
    0x6E, 0x7B, 0xAA, 0x49, 0x2B, 0x4A, 0xAD, 0x6A, 0x8A, 0xE7, 0x6F, 0x1D, 0xA4, 0x67, 0x17, 0xDE,
    0x4F, 0x05, 0x03, 0x99, 0x6D, 0x90, 0x54, 0x13, 0xCF, 0x8B, 0xDC, 0x3D, 0x53, 0x49, 0x0D, 0x3B,
    0x02, 0x90, 0x3E, 0x1C, 0xB7, 0xE5, 0x2A, 0x50, 0x06, 0x16, 0x1D, 0x35, 0xC6, 0x5A, 0x3C, 0x83,
    0x45, 0xA7, 0x34, 0x1E, 0xD9, 0x10, 0x86, 0x54, 0x50, 0x45, 0x4D, 0x59, 0x47, 0xE4, 0x6C, 0x0E,
    0xE5, 0x23, 0x03, 0x09, 0x35, 0x92, 0xD5, 0xD0, 0x4B, 0xD2, 0x34, 0xCB, 0xD1, 0x47, 0xF3, 0x64,
    0xF9, 0x98, 0x79, 0x02, 0x05, 0xE3, 0x8F, 0x6C, 0x76, 0x5A, 0xEB, 0x42, 0xA5, 0x4B, 0x7D, 0xA9,
    0xFA, 0x90, 0x1A, 0xD1, 0xB2, 0x6F, 0x49, 0x8B, 0x27, 0xE5, 0xEA, 0x4C, 0xA0, 0x21, 0x54, 0x69,
    0x8B, 0x95, 0x40, 0x20, 0x46, 0x03, 0x54, 0xEA, 0xA4, 0x35, 0x19, 0x5B, 0x28, 0xE3, 0xFD, 0xEB,
    0x85, 0xCE, 0x34, 0x7F, 0xCE, 0x29, 0x58, 0xB3, 0x7B, 0xC9, 0x7B, 0xBA, 0x6E, 0xFC, 0x88, 0xA3,
    0x9D, 0xBD, 0xA2, 0xC3, 0xFD, 0xAA, 0x8E, 0x77, 0x0C, 0x51, 0xCB, 0x8B, 0xE7, 0xB1, 0xDC, 0x75,
    0x97, 0xE0, 0x40, 0x76, 0x94, 0x2A, 0x82, 0xD9, 0x5C, 0x82, 0xBE, 0xF4, 0x26, 0x19, 0x29, 0x21,
    0x60, 0x48, 0xD2, 0x5C, 0x90, 0x17, 0xE9, 0x22, 0x5A, 0x59, 0xA9, 0xD6, 0xB1, 0xFA, 0x31, 0xAF,
    0x1F, 0x51, 0xCB, 0x0F, 0x0C, 0x91, 0xE5, 0xF2, 0x6D, 0x2A, 0x95, 0x2E, 0xE9, 0x20, 0xB8, 0x42,
    0xD6, 0x46, 0x40, 0x5A, 0xF1, 0x44, 0xAB, 0x39, 0x72, 0xD5, 0x15, 0x3F, 0x44, 0x62, 0x9E, 0x98,
    0xF5, 0x22, 0xD8, 0x51, 0x03, 0xEC, 0xCE, 0xE4, 0x03, 0x98, 0x56, 0x35, 0x67, 0x93, 0xB0, 0x22,
    0x4B, 0x98, 0x00, 0xBA, 0x60, 0x09, 0x50, 0xA5, 0x49, 0x15, 0x55, 0x38, 0xB1, 0x55, 0x46, 0xE0,
    0x4D, 0x58, 0x40, 0xE4, 0x92, 0x05, 0xD7, 0x4E, 0x3F, 0x12, 0x9C, 0xD0, 0x1A, 0x85, 0x9D, 0x45,
    0xC4, 0xAD, 0xE3, 0x6F, 0x28, 0x42, 0x7E, 0xAB, 0x38, 0x1F, 0x48, 0xE3, 0x66, 0xCA, 0x55, 0xDA,
    0xA1, 0xDD, 0xA1, 0xC5, 0x12, 0x7C, 0x26, 0x65, 0x45, 0x16, 0x8C, 0x80, 0x2D, 0xCB, 0x17, 0xD1,
    0x70, 0x98, 0xAF, 0x7A, 0x98, 0x95, 0xAA, 0xE8, 0x1A, 0xFF, 0x9F, 0xAA, 0x5F, 0x2B, 0x1F, 0x5D,
    0x2E, 0x9F, 0x4F, 0x68, 0xA1, 0xA2, 0x2D, 0x72, 0x29, 0x6B, 0x99, 0x20, 0xF2, 0xB8, 0x06, 0x3B,
    0x29, 0x3A, 0x07, 0xB5, 0xD4, 0x2C, 0xF5, 0x03, 0xE5, 0x22, 0xC7, 0xDD, 0x82, 0xA2, 0xE2, 0x2C,
    0x20, 0x09, 0xF1, 0x80, 0x0E, 0xB9, 0x64, 0xE7, 0xE5, 0x69, 0x80, 0xDC, 0x00, 0x96, 0x18, 0x9C,
    0x83, 0x03, 0x65, 0xCB, 0x74, 0xDE, 0x49, 0xEC, 0x87, 0x72, 0x7B, 0x34, 0xBF, 0x32, 0xA8, 0x94,
    0xA3, 0x6D, 0x9E, 0x92, 0x73, 0xCE, 0x88, 0x53, 0x26, 0xC7, 0xCA, 0x4D, 0x47, 0x68, 0x23, 0x41,
    0x8D, 0x0B, 0xAD, 0x4E, 0xAD, 0x45, 0x01, 0x70, 0xBC, 0x8C, 0x2E, 0x98, 0xAA, 0x4E, 0x4E, 0x5D,
    0x86, 0x5E, 0x24, 0x68, 0x25, 0xA5, 0xB5, 0x59, 0x2E, 0x17, 0xFB, 0xA7, 0x8F, 0x0B, 0xD7, 0xCB,
    0xE9, 0xFE, 0xB2, 0xE5, 0x20, 0x6E, 0x46, 0xC9, 0x40, 0xC6, 0x2E, 0xFA, 0xC5, 0xC7, 0x41, 0xFB,
    0x75, 0xD2, 0xDC, 0xB8, 0x82, 0x8A, 0x96, 0xD1, 0x42, 0xF5, 0xC1, 0x9C, 0xA7, 0x9D, 0x48, 0x75,
    0xD8, 0x4B, 0xD5, 0xFE, 0x48, 0x38, 0x0B, 0xAA, 0x56, 0x74, 0xD6, 0xAE, 0x07, 0x6A, 0x84, 0xED,
    0x50, 0xB9, 0x1E, 0x7D, 0xDB, 0xA4, 0xBD, 0x27, 0xD6, 0x10, 0x64, 0xC0, 0x67, 0x8D, 0x29, 0x05,
    0x20, 0x68, 0xC9, 0x27, 0x27, 0x1F, 0x8D, 0x4A, 0x69, 0xD1, 0xF9, 0x56, 0x27, 0xDF, 0xF5, 0x35,
    0x43, 0x51, 0x8D, 0x37, 0xDE, 0x5F, 0xFA, 0x07, 0xB0, 0xD5, 0x1B, 0x21, 0xA5, 0x2E, 0x70, 0xDC,
    0xEF, 0xD4, 0x65, 0x02, 0x02, 0x1D, 0xDB, 0x72, 0xC8, 0xFA, 0xE5, 0x72, 0xB2, 0x7F, 0xFA, 0xB8,
    0x70, 0xB7, 0x32, 0x1F, 0x5C, 0x3E, 0x1A, 0x70, 0xC1, 0xE4, 0x9E, 0x18, 0x0A, 0xDE, 0x88, 0x2E,
    0xB1, 0xA7, 0x05, 0x66, 0x64, 0xF4, 0xE4, 0xAB, 0x01, 0x58, 0x57, 0xE2, 0x43, 0x19, 0x49, 0xF2,
    0x93, 0x03, 0x7E, 0x6B, 0x00, 0x56, 0x1B, 0x24, 0x1C, 0x96, 0x83, 0xDF, 0x7D, 0x25, 0xD8, 0xEE,
    0xAC, 0xA9, 0x9A, 0xCB, 0x5B, 0xEB, 0xD6, 0x76, 0x07, 0x85, 0xCE, 0x3E, 0x2A, 0x0F, 0x6F, 0xDA,
    0x2D, 0xFD, 0x7B, 0xA4, 0x02, 0x22, 0xE5, 0x29, 0x52, 0xD5, 0x0E, 0xA9, 0x3D, 0xCE, 0x37, 0x3E,
    0xCD, 0xDE, 0x2F, 0xC3, 0x50, 0xDD, 0x30, 0x88, 0x28, 0xE0, 0x5F, 0x37, 0xCB, 0xCD, 0x81, 0xA5,
    0x56, 0x6F, 0x3A, 0x2E, 0x86, 0xDB, 0x49, 0xC8, 0xA2, 0x9B, 0x20, 0xAB, 0xBE, 0x10, 0x32, 0xD1,
    0x41, 0x7F, 0x22, 0xBA, 0x59, 0x16, 0x87, 0xD8, 0x2A, 0xC5, 0x83, 0x01, 0x01, 0xC8, 0x68, 0x3E,
    0xC0, 0x8E, 0x53, 0x1B, 0x2D, 0xFB, 0xBB, 0xA5, 0x0D, 0xF4, 0x89, 0x2C, 0xAB, 0x78, 0x45, 0xC5,
    0x15, 0xA9, 0x5E, 0x52, 0x6F, 0xC2, 0x11, 0xB9, 0xB8, 0x3D, 0xDA, 0xE0, 0xA7, 0xC2, 0xDB, 0xCC,
    0x84, 0xFB, 0x0A, 0xD0, 0x3D, 0xDA, 0xFB, 0x61, 0xFB, 0x15, 0x69, 0x03, 0x8F, 0x38, 0x47, 0xBC,
    0x39, 0x83, 0x8F, 0xC4, 0x9B, 0x95, 0x03, 0x84, 0xFD, 0x53, 0x19, 0x1A, 0xE9, 0x84, 0xF1, 0xAA,
    0x1A, 0x13, 0xEC, 0x59, 0xF1, 0x3D, 0x45, 0x41, 0x11, 0x21, 0x6B, 0x3F, 0xCD, 0x8A, 0x2B, 0x2E,
    0x6A, 0x82, 0x0B, 0x8F, 0x13, 0x4D, 0x83, 0x51, 0xFD, 0x0C, 0x15, 0x7D, 0x42, 0xB8, 0x3F, 0x82,
    0xF9, 0x2F, 0x04, 0x4A, 0x08, 0xA2, 0x90, 0x44, 0xB0, 0x28, 0xDB, 0x09, 0xF1, 0x39, 0xFF, 0xBC,
    0xC5, 0x18, 0xFD, 0x52, 0xC4, 0xCA, 0xCE, 0xA2, 0xD4, 0x84, 0xE7, 0x87, 0xF5, 0xC2, 0xE4, 0x43,
    0x5D, 0x38, 0x20, 0x30, 0x16, 0x4F, 0x67, 0xA5, 0xF4, 0xF0, 0xF9, 0xD7, 0xBD, 0xD7, 0x0F, 0x6D,
    0x8E, 0xAB, 0x00, 0x2B, 0x60, 0xF7, 0x32, 0x06, 0xE7, 0x83, 0x26, 0x9C, 0x4D, 0x25, 0x64, 0x26,
    0xF7, 0x2D, 0xC8, 0x65, 0x4C, 0x3A, 0x59, 0x94, 0x19, 0x48, 0x1A, 0xE8, 0x46, 0x86, 0x16, 0x07,
    0x1D, 0x64, 0xF1, 0x2E, 0xBE, 0x46, 0x2D, 0xBE, 0x4E, 0xF8, 0x9A, 0xD4, 0x02, 0x97, 0xDC, 0x2E,
    0x55, 0xC1, 0x3E, 0x2E, 0x8B, 0x9E, 0x2B, 0xB5, 0xD0, 0x5B, 0xFB, 0x29, 0xB0, 0xBE, 0xA2, 0x65,
    0x1E, 0x11, 0x8E, 0x49, 0x31, 0x11, 0x09, 0x91, 0xD9, 0x9A, 0xF6, 0x67, 0xEA, 0xC1, 0xAA, 0xD5,
    0x4C, 0x97, 0x23, 0xAD, 0x15, 0x2E, 0x19, 0xC6, 0xEF, 0x31, 0x3C, 0x34, 0x42, 0x71, 0x13, 0x4D,
    0x28, 0x90, 0x25, 0x37, 0x3B, 0x6E, 0xD7, 0xB8, 0x50, 0xBB, 0x75, 0xE8, 0x50, 0x0A, 0x5F, 0x98,
    0xF6, 0x27, 0xC4, 0xEC, 0x3A, 0xEA, 0xCE, 0xD7, 0x77, 0x5C, 0x9C, 0xB6, 0x54, 0x3D, 0xEB, 0xB4,
    0x6D, 0xF7, 0x65, 0x0C, 0xF3, 0xAF, 0xDF, 0xB8, 0xBC, 0xBC, 0x69, 0xAD, 0x4A, 0x19, 0xD8, 0xA9,
    0x7E, 0xCC, 0x79, 0x86, 0x1E, 0x04, 0x2D, 0xCC, 0x9A, 0x07, 0xA6, 0x10, 0xD3, 0xA3, 0x16, 0x75,
    0x94, 0xC2, 0x9D, 0x27, 0xC6, 0x88, 0xD4, 0x18, 0x0E, 0x01, 0x59, 0x76, 0xB1, 0x0C, 0x06, 0xC7,
    0x25, 0xE4, 0x60, 0x5C, 0xE2, 0x6B, 0xDC, 0xC0, 0x96, 0x1C, 0x61, 0xF5, 0x64, 0xB5, 0x74, 0x3B,
    0x16, 0x03, 0x7D, 0x08, 0x65, 0x30, 0x2A, 0xC7, 0x3D, 0x0B, 0xAC, 0x3C, 0xAF, 0x12, 0xCE, 0xCB,
    0xD5, 0x10, 0xF0, 0xE9, 0x62, 0x2F, 0x4A, 0xDF, 0xE6, 0x77, 0x3A, 0x67, 0x0A, 0xA4, 0x54, 0xA4,
    0xE9, 0x93, 0xDB, 0x24, 0xFA, 0xE6, 0x8F, 0x37, 0x75, 0x6B, 0x74, 0x75, 0x78, 0x73, 0xE7, 0x38,
    0x1D, 0x36, 0x67, 0x5A, 0x76, 0xC0, 0xC6, 0xF4, 0x89, 0x69, 0x75, 0x63, 0x6A, 0x81, 0xF7, 0x37,
    0x26, 0xC7, 0xF1, 0x33, 0xF9, 0xAD, 0x99, 0x41, 0x42, 0x05, 0x34, 0x44, 0xA0, 0xFE, 0x43, 0x75,
    0x7A, 0xA7, 0x1F, 0x72, 0xD8, 0x67, 0xB2, 0x23, 0x59, 0x1F, 0x7F, 0x76, 0x14, 0x57, 0x80, 0xAD,
    0x35, 0x73, 0x85, 0x16, 0x89, 0x53, 0xDB, 0x9F, 0x56, 0x8D, 0xB6, 0x0D, 0xB4, 0x0A, 0x1F, 0xD2,
    0xD8, 0x4C, 0xBD, 0xA1, 0x70, 0x1F, 0x48, 0x2F, 0x30, 0x66, 0xF2, 0xAC, 0x5A, 0xA8, 0xFC, 0x90,
    0x67, 0x67, 0x9A, 0xF4, 0xA4, 0x68, 0xB6, 0xF6, 0xF5, 0x83, 0xB4, 0xCD, 0x96, 0x81, 0xDA, 0xBC,
    0x9C, 0xDA, 0x95, 0x71, 0x3E, 0x04, 0xD5, 0xBF, 0x4A, 0xE0, 0xB6, 0x36, 0xB4, 0xFB, 0x36, 0xA4,
    0xBB, 0x36, 0x0C, 0xD7, 0xDA, 0x60, 0xCC, 0xEB, 0xCB, 0x92, 0x94, 0xA0, 0x05, 0x95, 0xDC, 0x15,
    0x0C, 0x52, 0xCC, 0xD9, 0x85, 0x7F, 0xEF, 0xA0, 0x93, 0xB5, 0x51, 0x3B, 0x5F, 0x05, 0x94, 0x86,
    0x1F, 0xA5, 0x81, 0x20, 0xF3, 0x50, 0x9D, 0x89, 0x9C, 0xCF, 0x62, 0xF3, 0x9A, 0x59, 0xA6, 0x82,
    0x67, 0xFB, 0x70, 0xF4, 0x65, 0x60, 0x26, 0x50, 0xB6, 0x09, 0x8D, 0x9F, 0xA4, 0x15, 0xDE, 0x18,
    0x62, 0xA6, 0x49, 0xD5, 0xFE, 0x18, 0xC1, 0xE5, 0x2F, 0x33, 0x29, 0xE8, 0xA5, 0xF4, 0xA0, 0x93,
    0xD2, 0xC3, 0x4E, 0x4A, 0x8F, 0x5A, 0x29, 0x3D, 0x6E, 0xA5, 0xF4, 0xB8, 0xC9, 0x50, 0x69, 0xE1,
    0xF4, 0x72, 0x5A, 0x2E, 0xDD, 0x5D, 0xFA, 0xA4, 0xA8, 0x69, 0xE4, 0x00, 0xD0, 0x10, 0x28, 0xDB,
    0xA5, 0xFA, 0x59, 0x57, 0xFC, 0x50, 0x1B, 0x1F, 0xCA, 0x40, 0x43, 0x65, 0xCA, 0x51, 0x51, 0x91,
    0x2B, 0x2C, 0x5B, 0x0A, 0xB3, 0x34, 0x5E, 0x15, 0x6E, 0x35, 0x6B, 0x31, 0xA5, 0x2B, 0x1D, 0x63,
    0xE7, 0xC1, 0x59, 0x30, 0xE6, 0xE4, 0x44, 0x37, 0x26, 0x9D, 0xAE, 0x91, 0x8E, 0xC0, 0x02, 0xB3,
    0x0E, 0x64, 0xA3, 0xC3, 0x54, 0xB9, 0x06, 0x8F, 0x66, 0x19, 0x6D, 0x37, 0x96, 0x8B, 0x26, 0xC1,
    0xE1, 0xEC, 0xE7, 0xBF, 0xF9, 0x47, 0x43, 0x16, 0xA4, 0x9A, 0x84, 0xE8, 0x2A, 0xC4, 0x00, 0xB6,
    0x4A, 0x45, 0x13, 0xCD, 0xF4, 0x94, 0xF5, 0xC1, 0x64, 0x00, 0x35, 0xE4, 0x74, 0x06, 0x9D, 0x9B,
    0x15, 0x5D, 0xA9, 0x6A, 0x22, 0xBA, 0xE1, 0x86, 0x6E, 0x0B, 0x74, 0x9B, 0x3D, 0xBA, 0x5D, 0xBA,
    0xA1, 0x2B, 0x07, 0xA0, 0x8B, 0x71, 0xBD, 0x34, 0x7F, 0x26, 0x3D, 0x6F, 0x1F, 0x68, 0xED, 0xC9,
    0xDB, 0x52, 0x5B, 0xAA, 0xF4, 0x77, 0xF9, 0x4B, 0xE8, 0x5F, 0x81, 0x32, 0x23, 0xF5, 0xD3, 0xE6,
    0xF3, 0x50, 0xAD, 0x7C, 0x73, 0x5E, 0x4C, 0x00, 0xB2, 0x4C, 0x1E, 0xD8, 0x55, 0x0E, 0x10, 0xB1,
    0x88, 0xBA, 0xC5, 0xDE, 0xD0, 0x43, 0xBB, 0x78, 0x08, 0x54, 0xAE, 0xB6, 0x43, 0xE9, 0x4A, 0x2F,
    0x30, 0x16, 0x15, 0x9D, 0x3A, 0xF0, 0x64, 0xF8, 0x73, 0xFE, 0x8E, 0xB0, 0xD6, 0x4F, 0x64, 0x6C,
    0x92, 0xFC, 0x20, 0xCA, 0x27, 0x12, 0xC7, 0x39, 0x9B, 0xCA, 0xFD, 0x30, 0x68, 0x01, 0x6A, 0xA6,
    0x31, 0x1C, 0xEA, 0xFC, 0x92, 0x6A, 0x00, 0xC1, 0x18, 0xE7, 0xAF, 0x0A, 0xAE, 0xDD, 0xD4, 0xAE,
    0x37, 0x39, 0x17, 0x0A, 0xA3, 0xB7, 0x99, 0xBD, 0x1E, 0x75, 0xC3, 0x3A, 0x03, 0x55, 0xD3, 0x2A,
    0x10, 0xEC, 0x6F, 0xB8, 0x3A, 0x81, 0xED, 0xD2, 0xDD, 0xE4, 0xB4, 0xFF, 0x92, 0xB7, 0x6F, 0x31,
    0x8D, 0xE3, 0xDB, 0x83, 0xA3, 0xDB, 0x43, 0xAE, 0x1D, 0x40, 0x9E, 0x10, 0xC8, 0xB7, 0xD7, 0xAC,
    0x7D, 0x74, 0xDD, 0x19, 0x52, 0x4C, 0x98, 0xC3, 0xB2, 0xF8, 0xA1, 0x27, 0x10, 0x86, 0x91, 0x13,
    0x33, 0xD5, 0xD8, 0xDA, 0xCD, 0xE7, 0xE5, 0x72, 0x0E, 0x0E, 0x24, 0x3A, 0xB4, 0xC5, 0x1D, 0xA8,
    0x87, 0xA1, 0xD4, 0xF3, 0x3D, 0x01, 0xBA, 0xD6, 0x10, 0x76, 0xFA, 0x5A, 0xBB, 0x5B, 0x37, 0x6C,
    0x27, 0x42, 0x37, 0xD7, 0x30, 0x3A, 0xBE, 0x3D, 0x3E, 0xBA, 0x9D, 0x32, 0x87, 0xC1, 0xA7, 0xFF,
    0xC7, 0xA4, 0x79, 0xFC, 0xB6, 0x88, 0x38, 0x5A, 0x07, 0xB6, 0x59, 0x95, 0xBB, 0xA1, 0x97, 0xBE,
    0x93, 0x55, 0x5F, 0xEA, 0xA0, 0xAA, 0x43, 0x8D, 0x5E, 0xB8, 0x92, 0xBD, 0xCB, 0xD4, 0x33, 0x57,
    0x69, 0xA5, 0x13, 0x55, 0x1A, 0x86, 0x5D, 0xFA, 0xEF, 0x9C, 0x6C, 0x5A, 0x1D, 0x06, 0x96, 0xB5,
    0x69, 0xA0, 0x31, 0xD7, 0x26, 0xD3, 0x4B, 0x3B, 0xB8, 0xD1, 0xAB, 0xCC, 0x0D, 0x3F, 0x66, 0x4F,
    0xF3, 0x23, 0x04, 0x1A, 0x18, 0x46, 0x50, 0x36, 0x30, 0x16, 0xE1, 0xE3, 0x88, 0xA9, 0x4D, 0x44,
    0x98, 0xB0, 0x1E, 0x39, 0x7F, 0x12, 0x16, 0xD1, 0xAC, 0x41, 0x58, 0x96, 0x11, 0xE1, 0xF0, 0xC8,
    0x69, 0x2D, 0x23, 0xEE, 0xD1, 0x5D, 0xC9, 0xF9, 0xCB, 0x5E, 0x42, 0x4F, 0x17, 0x0A, 0x27, 0xBA,
    0x89, 0x5E, 0x8D, 0xDA, 0xF1, 0xD4, 0xC9, 0x7F, 0x7F, 0x24, 0xFF, 0x77, 0x69, 0xE7, 0x7A, 0xEE,
    0xE9, 0xEC, 0x2F, 0x40, 0x19, 0x8C, 0x03, 0x17, 0x94, 0x8B, 0x2A, 0xAE, 0x72, 0x8D, 0x3C, 0xA8,
    0x7F, 0xDF, 0x13, 0x0C, 0xD7, 0x61, 0x9F, 0x5B, 0x1D, 0x43, 0x0E, 0xED, 0xC9, 0x1F, 0xED, 0x53,
    0xFC, 0xC8, 0xC9, 0x06, 0x09, 0xE0, 0x5C, 0x4B, 0xEC, 0xAB, 0xF6, 0xA1, 0xED, 0x64, 0x7A, 0x8B,
    0x04, 0x48, 0x3F, 0x18, 0x58, 0x3E, 0xFE, 0xDA, 0xF2, 0xAB, 0x4A, 0x0F, 0x04, 0x80, 0x93, 0x95,
    0x7E, 0x63, 0x6B, 0x9D, 0x12, 0x52, 0x47, 0x05, 0xD9, 0x46, 0xEE, 0x34, 0x57, 0xBA, 0x90, 0x2E,
    0x75, 0x87, 0x88, 0x60, 0xAB, 0x47, 0xE4, 0xE0, 0xEE, 0xCA, 0x1C, 0xDE, 0x9D, 0x2F, 0x01, 0x96,
    0xDA, 0xDD, 0x1D, 0x9F, 0xBC, 0x3B, 0xFB, 0xE2, 0xBB, 0x5F, 0xE7, 0x69, 0x05, 0xBD, 0xC5, 0x85,
    0xAA, 0x66, 0x20, 0x9C, 0x97, 0x45, 0x7C, 0xB9, 0x28, 0xA3, 0x19, 0x19, 0x1D, 0xE5, 0x1E, 0x82,
    0xA5, 0x04, 0x3F, 0x5B, 0xE6, 0x63, 0x80, 0x0E, 0x72, 0x18, 0xCE, 0xE7, 0x52, 0x45, 0xE7, 0x2D,
    0x08, 0x4D, 0xD6, 0x88, 0xF4, 0x88, 0x38, 0x65, 0x8D, 0x9C, 0xF0, 0xC7, 0x53, 0x7F, 0xA1, 0x3C,
    0x37, 0x41, 0x92, 0x0A, 0x70, 0x31, 0x69, 0xDB, 0x25, 0xD0, 0xCF, 0x72, 0x91, 0x15, 0x91, 0x88,
    0x11, 0xE2, 0x53, 0x38, 0xB6, 0x3B, 0xEF, 0xAE, 0x78, 0xBB, 0x2B, 0x25, 0xAE, 0x34, 0x87, 0x57,
    0xD8, 0x9D, 0x6C, 0xBB, 0xD2, 0xB9, 0x88, 0xBA, 0x5B, 0x26, 0x2A, 0xFA, 0xD6, 0x21, 0x71, 0x38,
    0x24, 0x8B, 0x93, 0xDD, 0x57, 0x85, 0x93, 0xA9, 0xB7, 0xF9, 0x73, 0x7E, 0x14, 0xA4, 0xDE, 0x51,
    0x17, 0xDD, 0x68, 0xD0, 0xE8, 0x68, 0x38, 0xA7, 0x87, 0xF3, 0x20, 0xBA, 0x88, 0xBF, 0x8E, 0xAF,
    0x73, 0x7B, 0x28, 0xFC, 0xCE, 0x71, 0xED, 0x9C, 0x55, 0x4A, 0xBF, 0xAF, 0x15, 0xA1, 0xAD, 0x70,
    0xA1, 0xE2, 0xEA, 0xA0, 0xD8, 0xAD, 0x88, 0xBF, 0x5C, 0xB2, 0x17, 0xD0, 0xB0, 0x82, 0xE3, 0x26,
    0x3F, 0x60, 0xBE, 0xC8, 0xF3, 0x49, 0x07, 0x36, 0xEE, 0x5B, 0x75, 0xBF, 0x0D, 0x1A, 0xF1, 0x60,
    0x60, 0x6A, 0xA1, 0x9B, 0xCA, 0xAA, 0x42, 0xBB, 0x7A, 0x92, 0x2D, 0xE7, 0x6C, 0x99, 0x9D, 0x8A,
    0xFE, 0xCF, 0xAB, 0xDD, 0xA1, 0x18, 0x92, 0x8C, 0x29, 0x58, 0xD4, 0x5D, 0x41, 0xBF, 0x32, 0x31,
    0x85, 0x69, 0x7B, 0xC0, 0xEC, 0x1E, 0x18, 0xD7, 0xEE, 0xEF, 0x1E, 0x08, 0xAF, 0x59, 0x36, 0x0B,
    0x5F, 0x76, 0x06, 0xB0, 0xCF, 0xD4, 0x9A, 0x0C, 0xCB, 0x41, 0xA0, 0x3E, 0xAE, 0xB8, 0xD3, 0xA8,
    0x18, 0xA3, 0x26, 0x54, 0x6A, 0x2D, 0x6A, 0x0D, 0x55, 0xD2, 0x8B, 0x96, 0xD4, 0x54, 0x61, 0xA8,
    0xA0, 0xE1, 0x9A, 0x48, 0x35, 0x83, 0x25, 0x0D, 0x8A, 0x55, 0xD9, 0xEB, 0xE4, 0xFC, 0xC9, 0xC8,
    0x6C, 0x26, 0x9D, 0x97, 0xBA, 0xA6, 0x65, 0xF6, 0x0E, 0x5A, 0x61, 0x7B, 0x92, 0x29, 0x9B, 0x33,
    0xE6, 0xA3, 0xA9, 0x33, 0x55, 0x4E, 0x74, 0x35, 0x2E, 0xE7, 0x12, 0x6D, 0x74, 0xC6, 0xE2, 0xF7,
    0xB4, 0xD5, 0xA5, 0xBE, 0xE6, 0x7C, 0xAB, 0x4A, 0x62, 0x60, 0x55, 0xB7, 0x1C, 0xE5, 0xCE, 0xF8,
    0x2A, 0x1E, 0xCE, 0x5D, 0x17, 0xAB, 0xF8, 0xBD, 0xB5, 0x33, 0xA5, 0x5D, 0x72, 0x46, 0xDC, 0x7E,
    0x49, 0x22, 0x7C, 0x89, 0x99, 0x37, 0x63, 0xFC, 0x27, 0x53, 0xC8, 0x5C, 0x10, 0x9E, 0xE6, 0x23,
    0x93, 0xCA, 0x1F, 0x52, 0x2C, 0xB4, 0xD2, 0xAC, 0xE0, 0x53, 0xAE, 0xEA, 0x03, 0x7A, 0x0C, 0xE6,
    0x01, 0x8A, 0x11, 0x8F, 0x9C, 0xEF, 0xCC, 0xCA, 0x49, 0x11, 0x02, 0xC3, 0x44, 0x2B, 0x31, 0xE9,
    0x11, 0x76, 0xCC, 0x30, 0x72, 0x05, 0x06, 0xB5, 0x5A, 0xC4, 0x71, 0x99, 0xBC, 0xF5, 0x92, 0x62,
    0xC2, 0x56, 0xF3, 0x5B, 0xD0, 0x38, 0xDF, 0xA5, 0xB7, 0xC5, 0x7E, 0x9E, 0x4D, 0xAB, 0xBA, 0x83,
    0x14, 0x8D, 0x75, 0x2D, 0x87, 0x5F, 0xF1, 0x9A, 0xC9, 0xF4, 0x14, 0xD4, 0x6F, 0x47, 0x2C, 0x4F,
    0xB0, 0xCB, 0x60, 0x3D, 0x84, 0x37, 0xB1, 0x4B, 0x9A, 0xD4, 0xE9, 0x56, 0x05, 0x08, 0x3D, 0x0F,
    0x2E, 0xB6, 0x14, 0x51, 0x1F, 0xCB, 0xFC, 0xC7, 0xBF, 0x88, 0xD0, 0x9A, 0x4C, 0x91, 0x2D, 0xB3,
    0x1A, 0x7D, 0x99, 0x38, 0xAE, 0x89, 0xF2, 0xAA, 0x1B, 0xCF, 0xD3, 0x95, 0x77, 0x4D, 0x7B, 0x9E,
    0x05, 0xCE, 0x2F, 0x26, 0x27, 0x18, 0x4C, 0xFE, 0xF5, 0xE9, 0xF8, 0xA1, 0xF4, 0xD0, 0xB8, 0x57,
    0xC1, 0x69, 0x17, 0xE3, 0x3D, 0xCD, 0x0F, 0xA4, 0x47, 0x54, 0x88, 0xA8, 0x1D, 0xA9, 0x5E, 0x3A,
    0x2C, 0x7D, 0x14, 0x85, 0x21, 0xFF, 0xD2, 0x5F, 0xE9, 0x8B, 0x68, 0x0C, 0xC1, 0x42, 0xFE, 0x65,
    0x11, 0xC0, 0x62, 0x95, 0xA3, 0xF7, 0x15, 0xD5, 0xC9, 0x84, 0xFF, 0xED, 0xB9, 0x11, 0xEA, 0xC3,
    0x47, 0xEC, 0x61, 0xA1, 0x32, 0xEF, 0x50, 0x37, 0xDD, 0xE7, 0x7F, 0x8F, 0x76, 0xA8, 0xB2, 0x66,
    0x98, 0x93, 0x6B, 0x20, 0xE3, 0xBE, 0x09, 0xE2, 0xA3, 0x01, 0x83, 0xF0, 0xDF, 0x45, 0x29, 0x11,
    0x2B, 0xEA, 0x9C, 0xBF, 0xBB, 0xDA, 0x94, 0xB2, 0x5D, 0xE7, 0xAB, 0xB7, 0x69, 0x30, 0x55, 0xDB,
    0x04, 0x58, 0xDD, 0x62, 0xAC, 0x23, 0xDA, 0x3D, 0xC0, 0x85, 0x69, 0x5E, 0x83, 0x91, 0x4E, 0x47,
    0x02, 0x2E, 0x8D, 0x98, 0x38, 0xD0, 0x32, 0xBF, 0x0D, 0xBB, 0xBB, 0xA6, 0x8A, 0x64, 0x12, 0xF4,
    0x66, 0x12, 0xF3, 0xE8, 0x51, 0xE3, 0x8D, 0x6F, 0xEE, 0x18, 0x64, 0xA8, 0xCB, 0xC0, 0x16, 0x1D,
    0x27, 0xC1, 0xAC, 0xA9, 0xA6, 0xE5, 0x32, 0xBD, 0x50, 0x5A, 0xF5, 0xAC, 0xD5, 0x4A, 0xB1, 0x08,
    0x94, 0xA7, 0xFD, 0xEF, 0x3D, 0x29, 0x5E, 0x66, 0x2E, 0x02, 0x9C, 0x04, 0x16, 0x1E, 0x2C, 0x5B,
    0x4A, 0x5F, 0x5F, 0xFE, 0x5D, 0x64, 0xE3, 0x88, 0x27, 0x27, 0xD7, 0x79, 0xF2, 0xDA, 0xCB, 0xD4,
    0xCC, 0xD1, 0x18, 0x37, 0xF6, 0xBD, 0x31, 0x1A, 0xD3, 0x3A, 0x7D, 0xAA, 0x5E, 0x2A, 0xB8, 0x76,
    0x5D, 0x85, 0xD8, 0xD7, 0xE8, 0xE8, 0xCA, 0x19, 0x13, 0xB5, 0xC4, 0xE0, 0xEF, 0x8B, 0x06, 0xFE,
    0xAD, 0x12, 0x5C, 0x21, 0x77, 0x79, 0x9B, 0x2C, 0xA8, 0xA0, 0xF5, 0x4E, 0x3B, 0x1A, 0xCF, 0x7C,
    0x07, 0xA5, 0x3D, 0xA7, 0xA5, 0x75, 0xEB, 0xA8, 0xDB, 0xD5, 0x8D, 0xA6, 0x57, 0x30, 0x9C, 0xAF,
    0x70, 0x4C, 0x35, 0xFE, 0x21, 0xB7, 0xDE, 0x28, 0xC1, 0xCF, 0x9B, 0xCB, 0x37, 0x51, 0x81, 0x88,
    0xEC, 0x0C, 0xB7, 0x5D, 0x31, 0x98, 0x7F, 0xE9, 0xCD, 0x2B, 0x2A, 0xF9, 0xCB, 0x73, 0x78, 0xB4,
    0x15, 0xA2, 0x99, 0xC7, 0x56, 0x17, 0x72, 0x15, 0xEA, 0x8D, 0x70, 0x38, 0x07, 0xB2, 0x46, 0xB9,
    0x97, 0x34, 0xB8, 0x37, 0x8E, 0x93, 0x53, 0x2D, 0x47, 0x11, 0x1F, 0x3E, 0xEC, 0xB8, 0x9C, 0xAC,
    0x0A, 0xCC, 0x7F, 0x34, 0xD9, 0x63, 0xF2, 0xBF, 0xEC, 0x43, 0x92, 0xEC, 0xEC, 0x27, 0x5C, 0xE4,
    0x90, 0x6B, 0x29, 0xD8, 0x56, 0xF2, 0x0B, 0x9C, 0x48, 0x72, 0x1D, 0x4E, 0x24, 0xCD, 0x93, 0x40,
    0xDA, 0x68, 0x5A, 0x33, 0x1D, 0x25, 0x83, 0xCF, 0xAB, 0x52, 0xAF, 0x66, 0x21, 0x9D, 0x43, 0x71,
    0x25, 0x9D, 0x48, 0x48, 0xFB, 0x94, 0x87, 0x93, 0x9A, 0x4E, 0xA4, 0xB8, 0xA1, 0x9B, 0x24, 0xFE,
    0x2D, 0x09, 0x5E, 0xF4, 0x5B, 0x3A, 0x91, 0x82, 0xFF, 0xA1, 0x13, 0x29, 0xF8, 0x9C, 0xD4, 0xCF,
    0xB7, 0xEA, 0x44, 0xB2, 0xEA, 0xC8, 0xB2, 0xEA, 0x44, 0xD2, 0x7C, 0x4A, 0xD3, 0xAF, 0x7A, 0xBF,
    0x5F, 0x92, 0x30, 0x49, 0x27, 0x0E, 0xF4, 0xFE, 0x7D, 0x38, 0x32, 0x46, 0x78, 0x88, 0xA6, 0xC5,
    0x43, 0xE4, 0x1D, 0x79, 0x88, 0xCC, 0x91, 0x87, 0xE8, 0x84, 0x0F, 0xE3, 0xD8, 0x43, 0x94, 0x38,
    0x0F, 0xD1, 0x6D, 0x07, 0x72, 0xFF, 0xA7, 0x5E, 0x58, 0x66, 0x53, 0xAE, 0xDE, 0xD4, 0xE5, 0x43,
    0x7D, 0xB3, 0xBE, 0xA3, 0xAE, 0xE5, 0xB3, 0x86, 0x79, 0xFB, 0x63, 0xF6, 0x1F, 0x49, 0x14, 0x17,
    0x0F, 0x52, 0x0F, 0xFE, 0xB6, 0x9A, 0xF5, 0x8B, 0x07, 0x38, 0xCB, 0x75, 0x26, 0xFE, 0x3B, 0x75,
    0x73, 0xF8, 0xB9, 0xC6, 0x78, 0xD5, 0xCB, 0xBA, 0x74, 0xF2, 0x1B, 0x33, 0x25, 0x0A, 0xB0, 0xD6,
    0xB0, 0x9B, 0xD5, 0x4C, 0x17, 0x48, 0x88, 0xC4, 0x0F, 0x0E, 0x08, 0x68, 0x77, 0x8E, 0x15, 0x0E,
    0x03, 0x95, 0xC1, 0x9A, 0x93, 0x2E, 0x16, 0x75, 0x88, 0x94, 0x20, 0x8E, 0x14, 0x5D, 0x93, 0xC8,
    0x39, 0x8F, 0x6B, 0x8E, 0x08, 0x87, 0xCA, 0xA7, 0x6B, 0x71, 0xE6, 0x95, 0xFC, 0xE0, 0x8A, 0x66,
    0x4F, 0x4F, 0xBC, 0x82, 0x71, 0x5A, 0xAF, 0x0C, 0x0B, 0x8F, 0xAD, 0xCD, 0xB2, 0xCC, 0x3B, 0xA7,
    0xBE, 0x93, 0xA5, 0x78, 0xB5, 0xF4, 0x39, 0x91, 0x87, 0x33, 0x9B, 0x7F, 0xC7, 0x64, 0x09, 0x96,
    0xBC, 0xE4, 0x31, 0xB4, 0xAE, 0x28, 0xEF, 0x54, 0xA8, 0x90, 0x55, 0x36, 0x93, 0x33, 0xD7, 0xAB,
    0x74, 0x2A, 0x33, 0xA2, 0x32, 0x94, 0x4A, 0x1C, 0x13, 0x62, 0x03, 0x1C, 0x3F, 0x72, 0x97, 0xC9,
    0x92, 0x76, 0x97, 0x17, 0xFA, 0x94, 0xEE, 0x2F, 0x2B, 0x6F, 0xFA, 0xFF, 0x1E, 0xF3, 0xF2, 0x69,
    0xC7, 0x7C, 0x7A, 0xEA, 0x31, 0xEF, 0xF6, 0xB3, 0xD7, 0xD9, 0x86, 0xCE, 0x64, 0x50, 0xA5, 0x1F,
    0xBB, 0xE4, 0x79, 0xDA, 0x7E, 0x1A, 0x1A, 0xFA, 0x83, 0xCD, 0x50, 0xBA, 0xCA, 0x9B, 0x63, 0x57,
    0xF9, 0x66, 0x96, 0x64, 0x0B, 0x45, 0xE2, 0xCA, 0x59, 0xD0, 0x17, 0xD3, 0x6A, 0x12, 0x9E, 0x4B,
    0x63, 0x5B, 0x13, 0xC6, 0xBE, 0xE0, 0xEF, 0x0E, 0x1B, 0xCF, 0x48, 0x16, 0xF3, 0xB2, 0x8C, 0x0B,
    0x65, 0xC1, 0xAC, 0xCB, 0x5A, 0xCF, 0xAE, 0x9B, 0x4F, 0xC2, 0x41, 0x17, 0x80, 0xF7, 0x34, 0xF1,
    0x55, 0x69, 0xC6, 0x23, 0x9A, 0x78, 0x93, 0xCE, 0xFE, 0x5F, 0x71, 0xAD, 0x9F, 0xAA, 0x2D, 0xB6,
    0x12, 0x8C, 0xBA, 0xE8, 0x7F, 0xB8, 0xDF, 0x7F, 0x11, 0x1D, 0xEC, 0xBF, 0x60, 0xB3, 0x4B, 0xE4,
    0xC3, 0x8A, 0x20, 0x4A, 0x5B, 0xC4, 0x82, 0x14, 0xBB, 0xF0, 0xDC, 0x79, 0xE9, 0xCB, 0x25, 0xFD,
    0x54, 0x33, 0x37, 0x34, 0x63, 0x8C, 0xDE, 0x10, 0xED, 0x9E, 0xB9, 0x21, 0xA5, 0xD7, 0xBA, 0x94,
    0xDE, 0x2B, 0x7F, 0x16, 0x69, 0xF3, 0x47, 0x7A, 0x7C, 0xE4, 0x81, 0xF8, 0x53, 0xF8, 0x1A, 0x1F,
    0xC3, 0x84, 0x84, 0x9B, 0x0C, 0x13, 0x21, 0x7E, 0x0C, 0xCB, 0x5C, 0x7A, 0xE0, 0x23, 0x8F, 0x21,
    0xFE, 0x4F, 0xF8, 0x76, 0x44, 0x7A, 0xA2, 0x21, 0x7E, 0x22, 0x23, 0x47, 0xFB, 0x3E, 0xDE, 0xA5,
    0xF4, 0x7A, 0x17, 0x5C, 0xF9, 0x32, 0xD2, 0x68, 0x7F, 0x54, 0x06, 0xA6, 0xC9, 0x62, 0x85, 0xDD,
    0x25, 0xD5, 0x1E, 0x06, 0x64, 0x9D, 0x09, 0x3C, 0x18, 0x17, 0x2E, 0xF4, 0x6D, 0x03, 0xF5, 0x88,
    0x78, 0x21, 0x0D, 0x37, 0xB7, 0xF9, 0x04, 0x9B, 0x35, 0x08, 0x4B, 0xC2, 0x34, 0xF8, 0x87, 0x6A,
    0x18, 0x90, 0x25, 0x26, 0xBF, 0x64, 0x94, 0x6A, 0x62, 0xE9, 0xE9, 0xAF, 0x74, 0x6F, 0xC6, 0x0E,
    0x5D, 0x07, 0xF5, 0xB2, 0x91, 0xA8, 0x3A, 0xD8, 0x48, 0x54, 0xD3, 0x5F, 0x31, 0x43, 0x36, 0xB8,
    0x8C, 0x4B, 0xD5, 0x45, 0xEF, 0x89, 0x64, 0x7B, 0x76, 0x69, 0xD4, 0xB0, 0x46, 0x35, 0xBF, 0x74,
    0xEA, 0x98, 0x46, 0xDC, 0x90, 0x2C, 0xD2, 0xD2, 0xDA, 0x22, 0xD8, 0xF0, 0x6C, 0x8D, 0x45, 0xAE,
    0x1B, 0x48, 0x78, 0x08, 0x80, 0x6F, 0x30, 0xE0, 0xD0, 0x23, 0xD1, 0x14, 0x1A, 0x34, 0x6E, 0x19,
    0x41, 0x11, 0xF4, 0xAB, 0x32, 0xBB, 0x12, 0x0D, 0x49, 0xBC, 0x03, 0x86, 0xE9, 0x5D, 0xB2, 0xBF,
    0xDF, 0x7E, 0x97, 0xA8, 0x72, 0xE6, 0xA5, 0x1F, 0xA9, 0xF3, 0x99, 0x99, 0xC2, 0x7D, 0x96, 0xDF,
    0x14, 0x00, 0xBF, 0x55, 0x78, 0x1B, 0xAF, 0x7B, 0x09, 0xBE, 0x1F, 0x99, 0xF6, 0xDE, 0x9C, 0xC2,
    0x11, 0x88, 0x6F, 0xC3, 0x89, 0x9D, 0x22, 0x44, 0x3C, 0x82, 0x6B, 0x8D, 0xB1, 0x9C, 0xF8, 0x89,
    0xC0, 0x46, 0xC8, 0x51, 0x31, 0x63, 0x45, 0xD9, 0x7B, 0x13, 0xF0, 0x21, 0xE6, 0xDC, 0x85, 0x43,
    0xBF, 0xD3, 0x8F, 0xE9, 0x0F, 0x26, 0xE8, 0xF0, 0x99, 0x0F, 0xD4, 0x3C, 0x62, 0x17, 0x49, 0x13,
    0x89, 0x7A, 0xC0, 0x2C, 0xA1, 0x0C, 0x9E, 0x7F, 0x56, 0x81, 0xA6, 0x3D, 0xA1, 0x3A, 0xE8, 0x98,
    0x93, 0xE4, 0x6B, 0xF6, 0x26, 0x7E, 0xF8, 0xBE, 0x26, 0x94, 0xDA, 0x3C, 0xB2, 0x4A, 0x79, 0x81,
    0xA9, 0xCA, 0x3F, 0x82, 0x8D, 0xCE, 0x8B, 0x44, 0x04, 0x38, 0x6F, 0xE1, 0xDF, 0x36, 0xF1, 0xB4,
    0x86, 0xC1, 0xB3, 0xCD, 0x3A, 0xAB, 0x56, 0x1B, 0x4E, 0x5D, 0x38, 0x2B, 0x91, 0xAF, 0x75, 0x0E,
    0xA5, 0xA8, 0x49, 0x79, 0x06, 0xA3, 0xF5, 0xF1, 0xEA, 0x82, 0x50, 0xC3, 0x49, 0x75, 0xB1, 0x5D,
    0x0D, 0xBF, 0xCD, 0x7A, 0x56, 0x43, 0x21, 0xE9, 0xD6, 0x52, 0xED, 0x1A, 0x7B, 0xD7, 0xAC, 0x23,
    0x68, 0x1A, 0x53, 0x69, 0x5E, 0x1B, 0x94, 0x8E, 0x6E, 0x7C, 0xF2, 0xED, 0xC5, 0x99, 0x53, 0x2B,
    0xE8, 0xF1, 0x13, 0xBB, 0xE6, 0xC5, 0xBD, 0xA6, 0x81, 0x43, 0x68, 0xA1, 0x6C, 0x49, 0x5E, 0xAD,
    0x5A, 0x76, 0x51, 0x2E, 0x37, 0x11, 0x74, 0x94, 0xFC, 0xFE, 0x63, 0xA7, 0x74, 0x26, 0x5B, 0x26,
    0x03, 0x06, 0x06, 0x41, 0x2B, 0x8C, 0x08, 0x7A, 0x3D, 0x71, 0x4A, 0x48, 0xB3, 0x3F, 0xE9, 0xD5,
    0x40, 0xBB, 0xAC, 0xB4, 0x1E, 0x4B, 0x0D, 0x04, 0x5C, 0x67, 0x97, 0x28, 0xFB, 0x71, 0xEB, 0x0C,
    0x8A, 0x79, 0x33, 0x1E, 0x3D, 0xEB, 0x4C, 0xC4, 0xCC, 0xA5, 0x1C, 0xA2, 0xD1, 0x7F, 0x84, 0xEC,
    0x63, 0xA9, 0x4D, 0x38, 0x88, 0xB3, 0x7F, 0x38, 0x79, 0xB8, 0x6D, 0x0C, 0x0A, 0xCB, 0xED, 0xEC,
    0x30, 0xB1, 0xD9, 0x82, 0xFC, 0x76, 0xF3, 0x78, 0x2A, 0x82, 0x2F, 0xE6, 0xD7, 0xE9, 0x19, 0x52,
    0xD1, 0x63, 0x86, 0x4C, 0x13, 0xE6, 0xA2, 0x49, 0x6B, 0x13, 0x86, 0xBC, 0xE1, 0x78, 0x86, 0x94,
    0xEA, 0x02, 0x49, 0xD8, 0x67, 0x0E, 0xD6, 0x6C, 0x74, 0x7D, 0xB7, 0x4B, 0xCA, 0x7B, 0x34, 0x60,
    0xDB, 0x5C, 0xC5, 0xDC, 0x04, 0x7A, 0xB1, 0x45, 0xB8, 0x02, 0xCD, 0x74, 0xE7, 0xEE, 0x38, 0xA5,
    0x42, 0x11, 0xA3, 0xE4, 0x71, 0xE7, 0x3C, 0x7D, 0x52, 0xB6, 0x6E, 0x68, 0x44, 0x1E, 0x75, 0x87,
    0x6A, 0xB9, 0x8E, 0x93, 0x23, 0x94, 0xA8, 0x16, 0x15, 0xB2, 0xFD, 0x7F, 0xA3, 0xCE, 0x52, 0x88,
    0x5C, 0xE2, 0xA2, 0x21, 0x3B, 0xD3, 0xEB, 0xBE, 0x48, 0xCD, 0x28, 0x8B, 0xD8, 0x58, 0xF5, 0x9E,
    0x08, 0xB2, 0xC7, 0x7C, 0x00, 0x95, 0x45, 0xAD, 0x5B, 0x25, 0x04, 0xD6, 0x3C, 0x20, 0x80, 0x67,
    0x34, 0xA9, 0x75, 0x50, 0xD0, 0x31, 0x94, 0x96, 0x39, 0x9B, 0xAE, 0xBA, 0x2D, 0x88, 0xEC, 0xFE,
    0xDE, 0xD9, 0xE5, 0x7B, 0xDC, 0x3F, 0xCA, 0xF7, 0xE8, 0x8E, 0xF2, 0x3D, 0x00, 0x17, 0xF1, 0x02,
    0x60, 0x06, 0x88, 0x11, 0x32, 0x62, 0xA6, 0x13, 0x58, 0x7D, 0x52, 0xAB, 0xCB, 0x81, 0xA9, 0x17,
    0x14, 0x1E, 0x3A, 0x95, 0x4F, 0x39, 0x4D, 0xB3, 0x2D, 0x7B, 0xE0, 0x44, 0xE3, 0xC6, 0xD5, 0x08,
    0xBA, 0xBF, 0x34, 0x2C, 0xEC, 0xAE, 0x35, 0x4B, 0x83, 0x02, 0x4E, 0x1D, 0x6B, 0xA8, 0x56, 0x43,
    0x07, 0xD7, 0x83, 0x55, 0x5F, 0xFF, 0xD1, 0xA1, 0xE3, 0x1F, 0x39, 0x8E, 0x01, 0xB7, 0x16, 0x0C,
    0x6B, 0x42, 0xCA, 0x62, 0x68, 0xC9, 0x93, 0xC0, 0x3F, 0xFE, 0xC0, 0xE6, 0x84, 0x1F, 0xD9, 0x3D,
    0x44, 0x3F, 0x6B, 0xCC, 0x96, 0x52, 0x40, 0xEC, 0x2F, 0x17, 0xE8, 0x27, 0x87, 0xBC, 0xEF, 0xD2,
    0x17, 0xD4, 0xED, 0x9F, 0xAD, 0xDB, 0xC9, 0x0E, 0x72, 0x80, 0x18, 0xEF, 0x0F, 0x87, 0x35, 0x07,
    0x86, 0x03, 0x15, 0x9F, 0xDA, 0x2E, 0x77, 0x6E, 0xEF, 0x91, 0x7B, 0x75, 0x5C, 0x3A, 0x11, 0x65,
    0x12, 0x3E, 0x86, 0x34, 0x88, 0x11, 0x8F, 0x7F, 0xDB, 0xF9, 0xD8, 0xFA, 0xD5, 0xFD, 0x12, 0x4C,
    0xDB, 0xAE, 0x5B, 0xEE, 0xA7, 0x10, 0x04, 0x2F, 0x78, 0xC4, 0xA6, 0xA7, 0xCA, 0x91, 0x37, 0xB3,
    0xA9, 0xFE, 0x7C, 0x73, 0xD7, 0x7D, 0xEF, 0x1D, 0x14, 0x85, 0x84, 0x54, 0x1B, 0x80, 0x79, 0x36,
    0xF1, 0x8C, 0xED, 0x31, 0x99, 0xEE, 0xF4, 0xA0, 0x5B, 0x48, 0x79, 0x9F, 0x79, 0x6E, 0x31, 0x70,
    0xF6, 0x41, 0xC4, 0xA0, 0x3F, 0xB5, 0x67, 0x96, 0xAE, 0x2E, 0x69, 0xBF, 0x8C, 0xA8, 0x2D, 0x65,
    0x01, 0xB9, 0x62, 0x37, 0xD1, 0x02, 0x72, 0x98, 0x6C, 0xCE, 0x1D, 0xA5, 0xB9, 0x43, 0x5E, 0xB3,
    0x6E, 0x4B, 0x2C, 0xBE, 0xF7, 0x0B, 0x29, 0x11, 0x54, 0x04, 0x7B, 0x16, 0x3B, 0xAE, 0xB0, 0x64,
    0x99, 0xAE, 0x09, 0x29, 0x71, 0x24, 0xFF, 0xF8, 0x7C, 0x15, 0xCC, 0xD9, 0xCC, 0xA7, 0x36, 0x2D,
    0x7C, 0x46, 0xAA, 0x6A, 0xC9, 0x5E, 0x27, 0x74, 0xA9, 0xE8, 0x19, 0x34, 0x04, 0xD3, 0xF1, 0xCB,
    0x70, 0x4B, 0x7C, 0x53, 0x20, 0xE8, 0x55, 0xD1, 0xDD, 0xB7, 0x31, 0x39, 0x41, 0xCA, 0x7D, 0x34,
    0x29, 0x37, 0x78, 0x9C, 0x3B, 0xAE, 0x40, 0x1B, 0x5C, 0xDD, 0x9A, 0x1B, 0xFA, 0x61, 0x7F, 0x8E,
    0x95, 0xEC, 0x55, 0x6E, 0x56, 0xCE, 0x18, 0x2B, 0xB1, 0xC2, 0xDA, 0x29, 0xC0, 0x8C, 0x1B, 0xF6,
    0x2B, 0xCD, 0x88, 0x98, 0xFA, 0x28, 0x8C, 0x6C, 0x92, 0x52, 0x41, 0x55, 0x5E, 0xCC, 0xAF, 0x6B,
    0xFE, 0x73, 0x5B, 0x72, 0xCB, 0x31, 0xC9, 0x73, 0x25, 0x6B, 0x98, 0xA0, 0xFC, 0x52, 0x3E, 0x2D,
    0x12, 0x57, 0x5D, 0xA0, 0x05, 0x57, 0x2E, 0x94, 0x70, 0xC6, 0x76, 0x55, 0xCB, 0x66, 0x39, 0x69,
    0x09, 0xF6, 0x25, 0x21, 0x9A, 0x99, 0xF5, 0xA1, 0x35, 0x2E, 0xBF, 0xA9, 0xD3, 0xEA, 0x4F, 0x43,
    0x32, 0x3D, 0x13, 0x48, 0x66, 0x42, 0x52, 0x1F, 0x43, 0x12, 0x6F, 0x79, 0xE7, 0xD9, 0xB0, 0x1A,
    0xD2, 0xDF, 0xE3, 0xCE, 0x78, 0x96, 0xFA, 0xCF, 0xF9, 0x53, 0x80, 0x52, 0xFE, 0xCE, 0xA0, 0x44,
    0x8B, 0x77, 0x9A, 0xBB, 0x87, 0xE1, 0x5A, 0xC9, 0x99, 0x68, 0x88, 0x19, 0x43, 0x1D, 0xF7, 0x57,
    0x58, 0x9B, 0x69, 0x1E, 0x9A, 0xF8, 0xBF, 0x86, 0x65, 0x9A, 0xE9, 0x0C, 0xF6, 0xF2, 0xAF, 0xBF,
    0xCC, 0xBD, 0x50, 0x9E, 0x5D, 0x88, 0x56, 0xC4, 0xD4, 0xFE, 0xB8, 0x71, 0x49, 0xF6, 0xC7, 0xB4,
    0xF6, 0x5C, 0x77, 0x17, 0xE9, 0x7E, 0x61, 0x19, 0x8E, 0xA2, 0x25, 0xC2, 0x5C, 0x0B, 0x66, 0x8E,
    0x50, 0xEE, 0x20, 0xF6, 0xB8, 0x0C, 0x70, 0xDE, 0xFA, 0x76, 0xD9, 0x84, 0xE9, 0x4D, 0x1E, 0x26,
    0x2E, 0xB4, 0x70, 0x4D, 0x90, 0x33, 0x97, 0xFF, 0x8E, 0x92, 0x2F, 0x0C, 0x53, 0xC6, 0x06, 0x66,
    0x7E, 0x7D, 0x62, 0x75, 0xC7, 0x9D, 0xDB, 0x89, 0x5D, 0x6F, 0x6C, 0x68, 0xD8, 0x42, 0xC2, 0x84,
    0x48, 0x59, 0xA7, 0xDA, 0xFC, 0x54, 0x95, 0xDE, 0x6E, 0x0B, 0x77, 0x76, 0xC3, 0x83, 0x3B, 0x5E,
    0x75, 0xF4, 0x60, 0x77, 0xF2, 0xC1, 0xD8, 0x6C, 0x1A, 0x51, 0x9D, 0x08, 0xB4, 0x75, 0xB8, 0x53,
    0x35, 0x66, 0x07, 0x97, 0x0D, 0x48, 0x3F, 0xBB, 0x96, 0xF4, 0x22, 0xBD, 0x02, 0x64, 0xA0, 0xEC,
    0x9B, 0x33, 0xFF, 0x69, 0x72, 0x62, 0xC0, 0x84, 0x98, 0x52, 0x03, 0xC7, 0xC6, 0xB7, 0xB4, 0x21,
    0x70, 0x71, 0xA4, 0x8C, 0x32, 0x16, 0x93, 0xCE, 0x07, 0xC1, 0x74, 0xA2, 0x49, 0xD2, 0x2C, 0x01,
    0x6C, 0xC5, 0xDB, 0x3F, 0xD4, 0xB8, 0xF4, 0xBA, 0xCF, 0xD9, 0x86, 0x70, 0xB3, 0xEC, 0x75, 0xDF,
    0xF5, 0x77, 0xDE, 0x36, 0x30, 0xA4, 0x47, 0x40, 0xB5, 0x2B, 0x7B, 0xD7, 0x07, 0xE3, 0x1B, 0x1E,
    0xAC, 0x4F, 0x32, 0xD7, 0xE2, 0x68, 0xAC, 0xB6, 0x07, 0xE5, 0xEF, 0x25, 0xB7, 0x1E, 0x3E, 0x20,
    0xE3, 0x78, 0xE1, 0xED, 0xCE, 0x24, 0x0F, 0x45, 0x4A, 0x1E, 0xD5, 0x26, 0xFB, 0x51, 0x0E, 0xAE,
    0x91, 0x32, 0xD3, 0x62, 0x56, 0xCB, 0x67, 0xD6, 0x35, 0x15, 0x28, 0xA1, 0x48, 0x00, 0x03, 0x24,
    0xB1, 0xEA, 0x00, 0x4A, 0x74, 0x69, 0x21, 0x8B, 0xD0, 0x13, 0x0B, 0x61, 0x4C, 0x99, 0xBC, 0x02,
    0x2C, 0xCC, 0x1F, 0x48, 0xD6, 0x98, 0x24, 0xA8, 0x8E, 0x1B, 0x97, 0xE7, 0x72, 0xFA, 0xC1, 0x2F,
    0x27, 0x6B, 0xC6, 0xBF, 0xC7, 0xBE, 0xA9, 0x0F, 0x29, 0x46, 0xC2, 0x4C, 0x27, 0x8D, 0x45, 0xD7,
    0x79, 0x6E, 0x98, 0x5B, 0x08, 0x28, 0x44, 0xD9, 0xC9, 0xD2, 0x5F, 0xEB, 0xB9, 0x7A, 0x24, 0xD1,
    0x63, 0x77, 0x5E, 0x4D, 0x9A, 0x90, 0xE5, 0x92, 0x14, 0x7E, 0x81, 0x5A, 0x68, 0xAB, 0xA6, 0x9C,
    0xF8, 0x41, 0x5B, 0xCC, 0xA4, 0x75, 0xC5, 0x69, 0xE3, 0x5C, 0xB3, 0x61, 0x63, 0x26, 0x1F, 0x79,
    0x9A, 0x61, 0xA9, 0xD9, 0xAC, 0x8E, 0xC6, 0x68, 0x42, 0xAD, 0x6E, 0xEB, 0x64, 0x19, 0x71, 0xE7,
    0xB2, 0x39, 0x35, 0xC1, 0xF2, 0x68, 0x3B, 0xEE, 0xF5, 0x27, 0x95, 0x2C, 0x69, 0x0E, 0x27, 0x85,
    0x47, 0x59, 0x58, 0xD2, 0x44, 0x9A, 0x87, 0xC4, 0xCC, 0x43, 0xC4, 0xD0, 0x1C, 0x81, 0x0B, 0x18,
    0xC0, 0x3D, 0x53, 0x25, 0x6F, 0xD5, 0x12, 0x63, 0x3A, 0x9B, 0xBD, 0xA7, 0x7A, 0xB5, 0x7C, 0x13,
    0x72, 0xCE, 0xBD, 0x34, 0x70, 0xB8, 0xDE, 0xB9, 0xBE, 0x2F, 0x1F, 0x7E, 0x92, 0x51, 0x24, 0xC5,
    0xC3, 0xC1, 0x87, 0x6B, 0x8F, 0x06, 0x76, 0xD0, 0x4B, 0x27, 0xC3, 0x8E, 0xC0, 0xC6, 0x70, 0xE8,
    0xF1, 0x55, 0x18, 0x88, 0x1D, 0xEB, 0xFB, 0x39, 0x20, 0x7E, 0x75, 0xC6, 0xAD, 0xC3, 0x2E, 0x83,
    0x5D, 0x58, 0x47, 0x1E, 0xC0, 0xD9, 0x96, 0x58, 0xA5, 0x40, 0x31, 0xB2, 0xDE, 0xC5, 0x28, 0x7D,
    0xD3, 0x38, 0xAB, 0x7F, 0xF7, 0xBE, 0x99, 0x2F, 0xDA, 0x99, 0xBF, 0xC7, 0xA8, 0x71, 0x18, 0x39,
    0xA8, 0x99, 0x10, 0xEB, 0x30, 0xCA, 0x36, 0x8C, 0xAC, 0xCB, 0x85, 0x75, 0xD9, 0xC6, 0xBB, 0x41,
    0x1A, 0xBD, 0x53, 0x4F, 0x12, 0xEA, 0x70, 0x37, 0x48, 0xAD, 0x4B, 0x12, 0xAB, 0x98, 0x55, 0x87,
    0x13, 0xEC, 0xA6, 0x26, 0xE9, 0xA6, 0x5B, 0xA2, 0x45, 0x68, 0xEF, 0x8E, 0xA6, 0xE2, 0x3A, 0x2B,
    0x97, 0x54, 0xF1, 0xB3, 0x35, 0x25, 0x33, 0x70, 0x94, 0xF3, 0xD4, 0x4E, 0x80, 0x67, 0x84, 0xF1,
    0x59, 0xEE, 0x5D, 0x50, 0x5D, 0xF0, 0x2D, 0x17, 0x9D, 0x0B, 0xA2, 0x2A, 0x6B, 0x1D, 0x77, 0xDB,
    0xB7, 0x6E, 0xB1, 0x38, 0xFB, 0x17, 0xE6, 0x9E, 0xC0, 0x16, 0x76, 0x8E, 0xA0, 0x57, 0x18, 0x86,
    0x64, 0xF8, 0x6A, 0xF0, 0x5E, 0x36, 0xB7, 0xA9, 0x30, 0x0F, 0x77, 0xF9, 0x93, 0xC7, 0x98, 0x7D,
    0x17, 0x6F, 0x27, 0xEE, 0x8A, 0xBB, 0x2D, 0x69, 0x6F, 0xB9, 0xB4, 0x2B, 0xFF, 0x22, 0xCB, 0xBB,
    0x8B, 0x04, 0xD1, 0xFB, 0x20, 0x7E, 0xEF, 0x22, 0x5D, 0xE3, 0x5D, 0x7C, 0xE3, 0x6F, 0xBC, 0x1A,
    0x0E, 0xCF, 0x7E, 0x44, 0xA2, 0xF2, 0x1D, 0xF5, 0x81, 0x72, 0x57, 0xFF, 0xF7, 0xE9, 0x16, 0x7D,
    0x34, 0xD0, 0x7A, 0x98, 0xCC, 0x37, 0x42, 0xA1, 0x1B, 0x1F, 0xAF, 0x57, 0x88, 0xFF, 0x03, 0x5E,
    0xB9, 0xF7, 0xB1, 0xBE, 0x21, 0x0E, 0xD4, 0x17, 0x5F, 0xC9, 0x0C, 0xB8, 0x11, 0xBB, 0xE0, 0x69,
    0xB0, 0x4B, 0x1C, 0x76, 0xDE, 0xCD, 0xD8, 0xB9, 0x27, 0xF9, 0x76, 0x2B, 0x87, 0x1D, 0x65, 0x96,
    0xD8, 0x05, 0x8A, 0x5D, 0x55, 0xD2, 0x8B, 0xD6, 0x41, 0x6C, 0x23, 0xE4, 0xA0, 0xFE, 0xE6, 0xE7,
    0x8C, 0x0C, 0x52, 0x3F, 0x24, 0xAA, 0x90, 0x43, 0x35, 0x81, 0x35, 0x94, 0x9B, 0x9A, 0x5D, 0x54,
    0xB1, 0xF8, 0x81, 0x6A, 0xF0, 0x7A, 0x33, 0x12, 0xBE, 0x0C, 0x74, 0xCD, 0x17, 0x42, 0x67, 0x16,
    0xE8, 0x40, 0xD1, 0xE6, 0x4B, 0x81, 0x6E, 0x00, 0x74, 0xE5, 0xBB, 0x8B, 0x17, 0xE8, 0xAD, 0xD5,
    0x99, 0x34, 0xC1, 0xCD, 0x41, 0x5D, 0xED, 0xDE, 0xC2, 0xB4, 0x38, 0x58, 0x92, 0x6E, 0xE1, 0xAA,
    0xB5, 0xCB, 0xF5, 0x54, 0x7A, 0xE8, 0xCD, 0x8E, 0x17, 0xBD, 0x98, 0xBF, 0x70, 0x8A, 0xAA, 0xC0,
    0xC3, 0x83, 0x14, 0xC4, 0xF7, 0x07, 0xE6, 0x69, 0xC7, 0xF0, 0x0C, 0x88, 0x9D, 0xE6, 0xD9, 0x70,
    0x60, 0x77, 0x53, 0xBC, 0xCF, 0xA4, 0x1A, 0xF5, 0x1D, 0x62, 0xF1, 0xE3, 0x1A, 0x11, 0x8C, 0xD2,
    0x9F, 0xF0, 0xF6, 0x07, 0xC4, 0x32, 0x7F, 0x58, 0xFB, 0xD2, 0xF2, 0x32, 0xEC, 0x46, 0xA4, 0xE8,
    0x0E, 0x66, 0x8E, 0xEB, 0x10, 0x5E, 0xA1, 0xB8, 0xC6, 0x9E, 0x28, 0x19, 0xA7, 0x21, 0xAE, 0x81,
    0xB9, 0x74, 0x1B, 0xEA, 0x2A, 0x18, 0x01, 0x0A, 0xD3, 0x1B, 0x27, 0x83, 0xE4, 0xBD, 0x60, 0x4C,
    0xEA, 0x18, 0x96, 0x53, 0xF6, 0x70, 0x30, 0x23, 0x12, 0xF9, 0xC6, 0xCC, 0xC4, 0x88, 0xB7, 0xA5,
    0x1F, 0xB4, 0x66, 0x2C, 0xC0, 0xF6, 0x85, 0xFB, 0x7F, 0x08, 0x5F, 0xF2, 0xC7, 0xB5, 0xC1, 0x9E,
    0x31, 0x10, 0xFB, 0xF8, 0x71, 0xA3, 0xDA, 0x83, 0x6F, 0xAF, 0x90, 0xB1, 0x8B, 0xA1, 0x79, 0xD2,
    0x51, 0xB1, 0x61, 0x47, 0x66, 0x07, 0xCA, 0x42, 0x21, 0x9E, 0x77, 0x0E, 0x6F, 0xB7, 0xA3, 0x59,
    0x49, 0xB7, 0xBE, 0xAB, 0xC6, 0x9C, 0x8E, 0xB1, 0x69, 0x66, 0x70, 0x38, 0x8C, 0x18, 0xF0, 0xEC,
    0x51, 0x8F, 0x18, 0xC0, 0x1C, 0x37, 0x81, 0xCD, 0xC5, 0xCC, 0xCD, 0xD3, 0x07, 0xD2, 0x4D, 0xE9,
    0x44, 0xEF, 0xCB, 0xF8, 0x87, 0x1F, 0x89, 0x31, 0x17, 0x35, 0x59, 0x5C, 0x56, 0x26, 0x7D, 0x7B,
    0x78, 0x59, 0x90, 0xB8, 0x8C, 0xEB, 0x21, 0xAD, 0xFD, 0xE1, 0x6E, 0xD0, 0xCD, 0x26, 0xFC, 0xA4,
    0x8B, 0xDF, 0x17, 0x5E, 0xFE, 0xF7, 0x65, 0x26, 0x42, 0x50, 0xDC, 0x37, 0x0F, 0xD0, 0x54, 0xA6,
    0x92, 0x05, 0x96, 0x9C, 0x3A, 0x1E, 0xF9, 0xA6, 0x27, 0x31, 0x57, 0x2B, 0x7D, 0xAB, 0x18, 0x03,
    0x48, 0xCE, 0x8D, 0xC9, 0x4D, 0x4E, 0xBA, 0xCB, 0x49, 0x75, 0xA6, 0xE1, 0xFB, 0x48, 0xD4, 0x64,
    0x3E, 0xBB, 0xF0, 0x2F, 0xAE, 0x0F, 0xA9, 0xDC, 0xAB, 0xBB, 0xE8, 0xE8, 0xEB, 0xE5, 0x72, 0x51,
    0x95, 0x72, 0xB3, 0xCF, 0x20, 0xB1, 0x14, 0x84, 0x70, 0x73, 0xCF, 0x68, 0x74, 0x8B, 0x4E, 0x56,
    0x30, 0x9B, 0x68, 0x70, 0xEB, 0x8E, 0x3E, 0x4B, 0x11, 0x2F, 0x28, 0x63, 0x99, 0xA6, 0xB9, 0xEA,
    0x2B, 0xE6, 0xA6, 0x4D, 0xFE, 0x95, 0x91, 0xAB, 0x85, 0xA2, 0x74, 0x7D, 0xBF, 0xF5, 0x6F, 0xBF,
    0x01, 0xB0, 0x38, 0x7A, 0x53, 0x8F, 0xF3, 0xD4, 0x71, 0x90, 0x98, 0x22, 0xED, 0x4D, 0x6C, 0x63,
    0x5E, 0x9C, 0x78, 0x55, 0x82, 0x18, 0x1E, 0x6D, 0xA0, 0x3B, 0xE5, 0x72, 0x29, 0x11, 0x72, 0xD8,
    0x89, 0x7D, 0xED, 0x31, 0x33, 0x0F, 0xBE, 0xC9, 0x3A, 0xE2, 0x66, 0x10, 0xA0, 0xC8, 0x25, 0x6D,
    0xD4, 0x8D, 0x01, 0xA8, 0xF0, 0x01, 0xB3, 0xF0, 0x11, 0xED, 0x34, 0x77, 0x61, 0x69, 0x07, 0x7C,
    0xDD, 0x1B, 0xFD, 0x0B, 0x3A, 0x99, 0xD3, 0x6E, 0x0B, 0xCC, 0xD4, 0xAB, 0x15, 0x51, 0x2D, 0x66,
    0x1C, 0x63, 0xA7, 0xDA, 0xF9, 0x70, 0x79, 0xC7, 0x03, 0x54, 0x42, 0x8C, 0x0D, 0xE3, 0x4E, 0x4F,
    0xE9, 0x2F, 0xA7, 0x66, 0xD6, 0xD7, 0x7F, 0x18, 0x96, 0x24, 0x62, 0x7D, 0xC6, 0xE5, 0x18, 0x2B,
    0xF7, 0x70, 0xC9, 0x93, 0x67, 0xF9, 0x71, 0xB6, 0xBD, 0x75, 0x69, 0xFB, 0xCB, 0xBB, 0x4E, 0xB4,
    0xB4, 0x54, 0xD5, 0xA2, 0xBE, 0xA1, 0x48, 0x5F, 0x5B, 0x76, 0xEA, 0x44, 0x69, 0x98, 0xE7, 0x68,
    0xCE, 0xF8, 0xC5, 0x27, 0x6E, 0xFA, 0xC6, 0x07, 0x27, 0xEE, 0xED, 0x02, 0xCD, 0x4D, 0x27, 0xB4,
    0xD4, 0x5B, 0xDD, 0x83, 0x98, 0x47, 0x6E, 0x17, 0x1C, 0x4A, 0x6E, 0x17, 0xAF, 0x31, 0x7B, 0x58,
    0x2C, 0xF9, 0xC5, 0xDE, 0xC5, 0xB5, 0xB7, 0x1D, 0xF0, 0x5D, 0x4C, 0x33, 0x5C, 0xB3, 0xD3, 0x92,
    0x01, 0x97, 0x2E, 0x4E, 0x30, 0x62, 0xF4, 0x65, 0x7F, 0x42, 0x48, 0x31, 0xE7, 0xF6, 0xD7, 0x6A,
    0x41, 0x6B, 0x38, 0x48, 0xDD, 0x6F, 0xF6, 0xA9, 0x51, 0xC7, 0x9E, 0x56, 0xED, 0x43, 0xB4, 0x7B,
    0x1D, 0x23, 0x91, 0x88, 0xDC, 0xDB, 0x28, 0xDA, 0xED, 0x45, 0x03, 0xA7, 0x4E, 0xDC, 0x6B, 0x17,
    0x0B, 0xDD, 0x5F, 0x6D, 0xFF, 0x8F, 0x93, 0xCC, 0xBD, 0xC9, 0xE6, 0xE0, 0x24, 0xDF, 0x6D, 0x69,
    0x38, 0x71, 0xC2, 0x77, 0x43, 0x0C, 0xFA, 0x1A, 0xCE, 0xC6, 0xDF, 0x44, 0xE2, 0xDD, 0xC5, 0x9A,
    0x50, 0x93, 0x62, 0x38, 0xF5, 0x1E, 0x94, 0x67, 0x00, 0xB6, 0x73, 0x5F, 0x53, 0xC7, 0x88, 0x66,
    0x9D, 0x76, 0x62, 0xE6, 0x0D, 0xDF, 0x14, 0xB0, 0x67, 0x8F, 0x89, 0x1D, 0xD3, 0x62, 0xC6, 0x31,
    0xFE, 0x62, 0x5E, 0xBF, 0xFE, 0xCE, 0xA4, 0x41, 0xE1, 0x4E, 0x95, 0xAC, 0xEB, 0x2E, 0xA9, 0xDF,
    0xFB, 0x40, 0xC8, 0x51, 0x24, 0x76, 0x9F, 0x91, 0x9E, 0x08, 0x18, 0xA2, 0x65, 0x23, 0xDB, 0xB8,
    0xAD, 0x46, 0x4B, 0xEA, 0x6D, 0x0F, 0x15, 0x86, 0xF8, 0x50, 0xB6, 0x25, 0x18, 0x1F, 0xFA, 0xF4,
    0x5C, 0xEA, 0xAD, 0xDB, 0x06, 0x77, 0x93, 0xCB, 0xEF, 0x7F, 0x01, 0x2D, 0x4F, 0x3B, 0x4E, 0x04,
    0x31, 0x14, 0x73, 0x26, 0x2B, 0xB6, 0x88, 0xF8, 0x14, 0xF4, 0xB9, 0x01, 0xB9, 0x00, 0x90, 0x74,
    0x5B, 0x6C, 0xC1, 0x35, 0xB8, 0x45, 0x46, 0xDA, 0x82, 0x2B, 0x51, 0x0C, 0x3B, 0x81, 0x13, 0x8C,
    0x44, 0x41, 0x9B, 0x23, 0x4C, 0xF1, 0x24, 0x22, 0x91, 0x8C, 0x09, 0x12, 0xB2, 0x1B, 0xCB, 0x96,
    0x65, 0xEF, 0x50, 0xB4, 0xEC, 0x57, 0x93, 0x4D, 0xC2, 0x2D, 0xAA, 0xAE, 0x46, 0x5C, 0x3A, 0x03,
    0x66, 0x81, 0x66, 0x50, 0x5B, 0x43, 0x3C, 0xAE, 0x2E, 0xB9, 0xA4, 0xB6, 0xF0, 0x6A, 0xC8, 0xEA,
    0x48, 0x79, 0x54, 0xF3, 0x18, 0xB9, 0x45, 0xB6, 0x99, 0xCD, 0xC3, 0x3D, 0x65, 0xF7, 0x4E, 0x26,
    0xC7, 0xA4, 0x18, 0xE0, 0xEC, 0x77, 0x99, 0x1C, 0xEC, 0xA1, 0xE8, 0x1A, 0x47, 0xFF, 0xB1, 0x2A,
    0x01, 0xF8, 0xC2, 0x70, 0x56, 0x62, 0xD2, 0x74, 0x31, 0x02, 0x88, 0xD9, 0xF2, 0x94, 0xA7, 0x7B,
    0xFD, 0x99, 0x1E, 0xFC, 0x31, 0x51, 0x86, 0x06, 0xDC, 0x0D, 0x8B, 0x59, 0x39, 0x34, 0x9F, 0xE6,
    0xDE, 0x78, 0x12, 0xF8, 0x31, 0x8E, 0xCD, 0x2E, 0xFB, 0x1F, 0x81, 0xAB, 0x40, 0x9F, 0x05, 0x3C,
    0x03, 0xF5, 0x9F, 0xBA, 0x92, 0x85, 0x5C, 0xC9, 0x60, 0x0F, 0x2D, 0x7E, 0x55, 0x1B, 0x7A, 0x40,
    0xBA, 0x33, 0x75, 0x94, 0x7D, 0xF6, 0x7F, 0xFA, 0x06, 0x97, 0xB8, 0xC2, 0xB5, 0xF4, 0x3B, 0x3A,
    0x2B, 0x61, 0xB5, 0x82, 0x41, 0xEC, 0xE8, 0xF1, 0x86, 0x79, 0x17, 0x8B, 0xCD, 0xBF, 0x8D, 0x53,
    0x31, 0x8E, 0xD5, 0x30, 0x10, 0x9D, 0x1F, 0x4B, 0xB8, 0x70, 0xE1, 0x23, 0xE4, 0x08, 0xBE, 0x00,
    0x7C, 0xFB, 0x26, 0x1C, 0x81, 0x0B, 0x20, 0x92, 0x9E, 0x82, 0xEB, 0x50, 0x2C, 0x1B, 0x4B, 0x14,
    0xDB, 0xA6, 0xA3, 0x24, 0xD2, 0xD2, 0xD1, 0x18, 0x29, 0x12, 0x46, 0x4A, 0x62, 0xDE, 0x8C, 0x9D,
    0xBF, 0x20, 0xB6, 0x20, 0x3F, 0x33, 0x8E, 0x93, 0x37, 0xCF, 0xE3, 0xE7, 0xF7, 0x7D, 0xF9, 0x55,
    0xCA, 0xF7, 0x52, 0xC2, 0x50, 0x4A, 0x79, 0x8D, 0xF8, 0x82, 0x58, 0x79, 0x82, 0xEB, 0x6B, 0x1D,
    0x7E, 0xD6, 0x61, 0xA3, 0x3B, 0x5A, 0xBB, 0x45, 0x47, 0x1B, 0x5C, 0xF4, 0x8B, 0x4F, 0x7E, 0xB1,
    0xA3, 0x5A, 0xEC, 0xC6, 0x3F, 0x7D, 0x7E, 0xA1, 0x57, 0xD4, 0xAD, 0x66, 0xB3, 0xBB, 0xD9, 0x54,
    0xBE, 0x24, 0x35, 0x9B, 0x68, 0xE9, 0x4A, 0x74, 0xC7, 0x5F, 0x01, 0x72, 0xF4, 0x56, 0xCD, 0x36,
    0x7C, 0xEC, 0xB6, 0x7E, 0xF6, 0x8F, 0x45, 0x15, 0xF0, 0x3C, 0x16, 0xCA, 0x26, 0x2A, 0x7C, 0x2B,
    0xEF, 0xC1, 0x55, 0x62, 0xF9, 0xB0, 0xE9, 0xE4, 0xC3, 0xB5, 0x4B, 0x3A, 0xBE, 0xA4, 0xD5, 0x8E,
    0x0E, 0x4C, 0x91, 0x99, 0xFB, 0x30, 0x3D, 0x80, 0x7C, 0x9A, 0xA7, 0x87, 0x5D, 0x65, 0x17, 0x7B,
    0xC2, 0x12, 0x57, 0x61, 0xA7, 0x95, 0x19, 0x88, 0xEC, 0xCC, 0x29, 0x9E, 0xA9, 0xE7, 0xE4, 0x46,
    0x24, 0x1F, 0x38, 0xE1, 0xC6, 0x66, 0x76, 0x4E, 0x9B, 0x24, 0xA2, 0x1D, 0xEF, 0x09, 0x23, 0x5D,
    0x38, 0x75, 0x19, 0x49, 0xAD, 0x9C, 0xD2, 0x99, 0x34, 0x27, 0xB3, 0xFC, 0x0F, 0x7B, 0x4B, 0x8D,
    0x55, 0x40, 0xC2, 0x4D, 0xFD, 0x78, 0x92, 0x57, 0x2C, 0x13, 0x4B, 0x2B, 0x8A, 0xD5, 0x8D, 0xAD,
    0x97, 0x3F, 0x0B, 0xE2, 0xAD, 0xC0, 0x85, 0xB3, 0x27, 0x66, 0x97, 0x82, 0x59, 0x0A, 0xB4, 0xD4,
    0xB6, 0x02, 0xA9, 0x95, 0x3D, 0xD4, 0x96, 0x6E, 0x05, 0x6D, 0x17, 0xF4, 0xE6, 0x1B, 0x99, 0x92,
    0x69, 0x2A, 0x19, 0x75, 0xAB, 0x2B, 0x65, 0x41, 0xF5, 0x67, 0x84, 0x05, 0x15, 0x4F, 0x71, 0xF0,
    0x61, 0x12, 0xC4, 0xC8, 0x60, 0x47, 0x66, 0xBE, 0xAC, 0x53, 0xEC, 0x93, 0xC6, 0xA9, 0xB8, 0xD5,
    0xEC, 0xF5, 0xB9, 0xBE, 0x67, 0x04, 0xD1, 0x54, 0x77, 0xEB, 0x4A, 0x6A, 0x1D, 0xA3, 0x0F, 0x6E,
    0x49, 0x49, 0xE3, 0xD4, 0xED, 0x97, 0x72, 0x03, 0xF9, 0x80, 0x96, 0x1A, 0x48, 0x2F, 0x50, 0xA4,
    0x76, 0x48, 0xF4, 0x89, 0x28, 0x9F, 0x20, 0x33, 0x93, 0x1D, 0x1B, 0x88, 0xDE, 0xD1, 0x25, 0x9F,
    0x20, 0x8C, 0x3E, 0xDC, 0x53, 0x5B, 0x6F, 0xEE, 0xD3, 0x09, 0x22, 0x74, 0x7F, 0x82, 0x58, 0x1C,
    0x3A, 0xDA, 0x33, 0xBD, 0x38, 0x42, 0x1F, 0x0D, 0xA6, 0x66, 0xAF, 0x0C, 0xA6, 0xEC, 0xC4, 0x81,
    0xEB, 0xE8, 0xA0, 0x01, 0x07, 0xB3, 0xC5, 0x61, 0xF4, 0x88, 0x21, 0x32, 0xC8, 0x2E, 0x74, 0x8F,
    0x73, 0x66, 0xD4, 0x01, 0x65, 0x55, 0xDA, 0xC4, 0x00, 0x2E, 0xDA, 0x91, 0x3C, 0x8E, 0xD1, 0x8B,
    0x21, 0x32, 0xA9, 0x1F, 0x59, 0x84, 0x3D, 0x58, 0x79, 0x8F, 0x18, 0x18, 0xC4, 0xD3, 0x65, 0x67,
    0xA3, 0x00, 0xA4, 0xB3, 0xDA, 0x74, 0xD6, 0xD5, 0x64, 0x50, 0x38, 0x70, 0x30, 0x08, 0x12, 0xCF,
    0x12, 0x62, 0xAD, 0x09, 0xD6, 0x9A, 0xE0, 0x2C, 0x85, 0xEE, 0xA0, 0xD0, 0x42, 0x3E, 0x52, 0xF9,
    0x6B, 0x86, 0x92, 0x1E, 0xC2, 0x24, 0xC6, 0x43, 0x5A, 0x3E, 0x65, 0x6C, 0x6B, 0x10, 0xDE, 0x49,
    0x1C, 0x05, 0x04, 0xD6, 0x34, 0x89, 0x75, 0x52, 0x1B, 0xDF, 0xCF, 0x51, 0x0D, 0x55, 0x33, 0x23,
    0x7E, 0x18, 0xE8, 0xE6, 0x12, 0x31, 0x4C, 0xF5, 0x8E, 0x58, 0xBC, 0x6A, 0x28, 0xCD, 0x35, 0xBB,
    0x56, 0x23, 0xC6, 0x27, 0x6B, 0xF3, 0xDF, 0xA1, 0x1E, 0x5A, 0x83, 0x89, 0xC1, 0x9F, 0xAC, 0x5B,
    0x61, 0xFF, 0xAC, 0xE4, 0x9F, 0x5D, 0xA9, 0xC2, 0xE8, 0x37, 0x63, 0x60, 0xD0, 0x3F, 0xC0, 0xC0,
    0xFD, 0x83, 0x81, 0xE9, 0xBF, 0x03, 0xC3, 0xFE, 0x0F, 0x0C, 0xFA, 0xF5, 0x0C, 0xDC, 0x97, 0x1F,
    0x30, 0x7F, 0xA9, 0x65, 0xF8, 0xC3, 0x7D, 0xC0, 0x1E, 0x48, 0xFC, 0xFF, 0xFF, 0xF7, 0xFF, 0xFF,
    0xFF, 0x07, 0x43, 0xF3, 0x27, 0x30, 0x30, 0x7D, 0x60, 0x60, 0xB0, 0x67, 0x60, 0x60, 0xFE, 0xC0,
    0x00, 0x00, 0x5D, 0x90, 0xC1, 0xAD, 0x83, 0x40, 0x0C, 0x44, 0x67, 0x41, 0xCA, 0x97, 0x92, 0x03,
    0x05, 0x44, 0x11, 0x25, 0x50, 0x02, 0xDB, 0x19, 0x94, 0xF0, 0x8B, 0xC8, 0x29, 0x4D, 0x04, 0xA5,
    0x02, 0x4A, 0xC8, 0x21, 0x05, 0x20, 0x7D, 0x0E, 0x48, 0x01, 0xE6, 0x8F, 0x0D, 0x24, 0x51, 0x7C,
    0xD8, 0x27, 0xB3, 0xE3, 0xF1, 0xB0, 0x80, 0xAA, 0x8C, 0x76, 0xA2, 0xB2, 0x23, 0x23, 0xC7, 0x37,
    0xF6, 0x17, 0x9E, 0xFD, 0x6E, 0xF4, 0x33, 0x18, 0x8E, 0x53, 0x62, 0x20, 0x6F, 0x03, 0xF0, 0x43,
    0xFE, 0xF5, 0x92, 0x0F, 0xC9, 0xB3, 0x93, 0x51, 0x8B, 0x4A, 0xB8, 0x46, 0x94, 0x02, 0x81, 0xE2,
    0x8E, 0x30, 0x01, 0x79, 0x0B, 0x9B, 0xC9, 0x1B, 0xA4, 0x2B, 0x86, 0x17, 0x8A, 0xDA, 0xA1, 0x0C,
    0x76, 0x57, 0x45, 0x57, 0x6A, 0x34, 0xCC, 0x48, 0x69, 0x7B, 0xEA, 0x62, 0xB6, 0x8C, 0xA4, 0x21,
    0xE7, 0x68, 0x48, 0xF8, 0x3B, 0xE3, 0xAB, 0x0A, 0xAA, 0x5A, 0x13, 0x92, 0xCD, 0x06, 0xD5, 0x8E,
    0x0F, 0xC3, 0x95, 0xE6, 0x96, 0xBA, 0x06, 0xF9, 0xE4, 0x41, 0x95, 0xF7, 0xA0, 0xDD, 0xF4, 0xDD,
    0x89, 0x82, 0x86, 0xD6, 0xC3, 0xA8, 0x0E, 0x9D, 0x23, 0xBB, 0x7B, 0xA3, 0xA9, 0xDE, 0x96, 0x93,
    0xD6, 0x97, 0x35, 0x3E, 0x9F, 0x2D, 0xAE, 0xDB, 0x7B, 0x6B, 0x16, 0xC5, 0xFA, 0x71, 0x93, 0x94,
    0xCD, 0x92, 0x50, 0x38, 0xC9, 0xA6, 0x73, 0x8B, 0x6C, 0x40, 0xA0, 0xBD, 0x60, 0x3C, 0xEA, 0x8F,
    0x83, 0xBC, 0xBB, 0xC5, 0xA0, 0xDE, 0x42, 0xFF, 0x03, 0xC5, 0x54, 0x41, 0x8A, 0xD4, 0x40, 0x14,
    0x7D, 0xD5, 0x61, 0x8C, 0x90, 0x45, 0xAD, 0xA5, 0x85, 0x3E, 0x42, 0xB6, 0xAE, 0x4C, 0xC4, 0x85,
    0x5B, 0x6F, 0xD2, 0x47, 0x48, 0xC0, 0x0B, 0x0C, 0x78, 0x81, 0x59, 0x7A, 0x8A, 0x4E, 0xD0, 0x03,
    0x18, 0xF0, 0x02, 0x11, 0x66, 0x6F, 0xC4, 0xA0, 0x69, 0x3A, 0xA9, 0xEF, 0x7F, 0xBF, 0xA7, 0xBA,
    0x99, 0x21, 0x4B, 0xC1, 0x40, 0x7E, 0xC8, 0xAF, 0xF7, 0xDF, 0x7F, 0x55, 0xF5, 0xAA, 0x5C, 0xB8,
    0x05, 0x52, 0x99, 0x80, 0x9D, 0x04, 0xE0, 0x66, 0x2F, 0xE0, 0xBF, 0x86, 0x4D, 0x60, 0x98, 0xE1,
    0x9A, 0x8F, 0x13, 0x1A, 0x39, 0x0D, 0x5E, 0x44, 0x3A, 0xE9, 0x76, 0xF2, 0x6E, 0x82, 0x0F, 0x45,
    0x0B, 0xBF, 0x2C, 0x5A, 0x76, 0x1A, 0x80, 0x42, 0x6A, 0x80, 0xF5, 0x1B, 0x32, 0x65, 0xD2, 0x03,
    0x39, 0x53, 0xA1, 0x01, 0x92, 0x23, 0x51, 0xDF, 0x66, 0x05, 0xA4, 0x5A, 0x38, 0xFA, 0xC5, 0x49,
    0xAD, 0x5C, 0xB3, 0xE2, 0x14, 0xE3, 0x1A, 0x15, 0xA0, 0x4F, 0x22, 0x8F, 0x1E, 0x85, 0x3B, 0x19,
    0x28, 0xA5, 0xA5, 0x34, 0x05, 0x54, 0xFF, 0x27, 0x15, 0xEE, 0x74, 0x56, 0x77, 0x26, 0xB1, 0xA0,
    0xB0, 0x6B, 0xC8, 0x3B, 0xCD, 0xF9, 0x81, 0xDA, 0x15, 0xA8, 0x48, 0x62, 0x9A, 0x92, 0xC0, 0x36,
    0x8E, 0xE8, 0x8C, 0xB5, 0x7C, 0xE1, 0x88, 0x20, 0x8E, 0xEC, 0x74, 0x79, 0x90, 0x8D, 0x31, 0xD8,
    0xAF, 0x0D, 0x48, 0x04, 0x5B, 0x99, 0x11, 0x58, 0x9E, 0xA4, 0x46, 0x6F, 0x8D, 0x2C, 0x6F, 0xCD,
    0x9F, 0x08, 0xC2, 0xE5, 0x69, 0xF8, 0x7B, 0x0D, 0x4C, 0xB9, 0xF7, 0xD6, 0xBF, 0x3C, 0x6F, 0x2A,
    0xDB, 0x92, 0x19, 0x26, 0xCD, 0xF7, 0x56, 0x64, 0xDB, 0x30, 0x1A, 0xAC, 0x5E, 0x83, 0x65, 0x6C,
    0x8C, 0x6A, 0x15, 0xE6, 0xA9, 0x07, 0x61, 0x15, 0x96, 0x93, 0xC2, 0xAD, 0xC3, 0xE0, 0x3F, 0x84,
    0xE2, 0x97, 0x78, 0xEB, 0x82, 0x4F, 0x11, 0x68, 0xC1, 0x98, 0x93, 0x29, 0xF2, 0x58, 0x48, 0x87,
    0x58, 0x9A, 0xF5, 0x51, 0xB9, 0x91, 0x1A, 0x83, 0x89, 0xB5, 0x76, 0x79, 0x1D, 0x67, 0x5B, 0x94,
    0xBA, 0x8F, 0x05, 0xAA, 0xA0, 0x92, 0x2A, 0xC1, 0x41, 0xA5, 0x95, 0x81, 0x00, 0xDA, 0xB2, 0xD5,
    0x16, 0xFE, 0xBB, 0x86, 0xEC, 0xA7, 0x86, 0xE4, 0xB7, 0x36, 0x4B, 0x4E, 0x23, 0x9D, 0xC0, 0x66,
    0xB4, 0x03, 0x1A, 0xDB, 0x86, 0x3E, 0x86, 0x1B, 0xE5, 0xDC, 0xF7, 0xC8, 0x16, 0x75, 0x6C, 0xD0,
    0x85, 0xEE, 0xD4, 0xCA, 0x5F, 0x44, 0x86, 0xBC, 0xCF, 0x65, 0xCA, 0xA6, 0xA2, 0x4E, 0xA4, 0x73,
    0x73, 0xA1, 0x0C, 0x25, 0x2E, 0x9F, 0x3A, 0x95, 0x6E, 0x33, 0x2B, 0xE4, 0xA4, 0x10, 0x2D, 0xF8,
    0xAC, 0x05, 0x2C, 0xAF, 0xA4, 0x43, 0xD5, 0x23, 0xE5, 0x82, 0x34, 0x35, 0x8A, 0x00, 0xFF, 0x75,
    0x70, 0xD3, 0x01, 0xF9, 0x9B, 0x92, 0xD3, 0xD5, 0x09, 0xFC, 0xC3, 0x0F, 0xDC, 0xDB, 0x01, 0x87,
    0xD7, 0xF0, 0x7F, 0x5A, 0xE8, 0x39, 0x3D, 0xDB, 0xD2, 0x8E, 0x7B, 0x8D, 0xFB, 0x9D, 0x2C, 0x9B,
    0x99, 0x36, 0x1A, 0x1B, 0xEC, 0xA5, 0x7F, 0x0E, 0x77, 0xB8, 0xFA, 0x49, 0x2F, 0x83, 0x12, 0xB7,
    0x3B, 0x39, 0x5E, 0x20, 0x95, 0xF4, 0x2F, 0x2C, 0xFB, 0xE0, 0xAC, 0xAB, 0x29, 0xAB, 0xDA, 0x9C,
    0x4C, 0xDF, 0x85, 0x6B, 0x58, 0x73, 0xF2, 0x53, 0xC8, 0x8A, 0xFD, 0xF3, 0xF6, 0x41, 0xC0, 0x4B,
    0x7D, 0xB7, 0x9A, 0xD9, 0xEA, 0xE9, 0xDC, 0xAA, 0xA3, 0x33, 0x09, 0x65, 0x7A, 0x7E, 0x15, 0x75,
    0x24, 0xF5, 0x3D, 0xB7, 0x8D, 0x8A, 0x72, 0x6E, 0xDE, 0x33, 0x11, 0xBD, 0x58, 0xF6, 0xBC, 0x8F,
    0x52, 0xDB, 0xC7, 0x8A, 0x54, 0x99, 0x4D, 0x86, 0xED, 0x4E, 0x0C, 0x3F, 0x18, 0x28, 0x3A, 0x21,
    0x83, 0x67, 0x45, 0x21, 0x47, 0x2B, 0xAE, 0x59, 0x3C, 0x1A, 0x58, 0x29, 0xB7, 0xD4, 0xBC, 0x9F,
    0x98, 0xEB, 0x38, 0x77, 0xD7, 0xC8, 0x3D, 0xF8, 0x26, 0xC4, 0x78, 0x9A, 0xE5, 0x55, 0x5C, 0xAB,
    0xE4, 0xC2, 0xCC, 0xC3, 0x17, 0xFE, 0x02, 0x0D, 0xCD, 0xB1, 0x09, 0x02, 0x41, 0x10, 0x40, 0xD1,
    0x7F, 0x37, 0x20, 0x08, 0x2B, 0x93, 0x5E, 0x60, 0xB8, 0x60, 0xE8, 0x15, 0x30, 0xE0, 0x95, 0xB2,
    0x60, 0x0B, 0x57, 0xC0, 0x96, 0x60, 0x31, 0xC6, 0x3A, 0xA1, 0x81, 0xC5, 0x4C, 0x01, 0xC2, 0xB8,
    0xC1, 0x8B, 0x5F, 0x66, 0xE6, 0x13, 0x78, 0x0F, 0xB7, 0x06, 0x97, 0x2F, 0x2C, 0xE1, 0x14, 0xAB,
    0x1C, 0x55, 0x10, 0xF1, 0x36, 0x6F, 0x51, 0xA6, 0x6E, 0xB8, 0x2B, 0xF5, 0x21, 0x2E, 0x2B, 0xC1,
    0x8E, 0x71, 0x46, 0x39, 0xB9, 0xF8, 0xA1, 0x12, 0x22, 0xD8, 0xBC, 0x35, 0x9D, 0x7A, 0x11, 0x77,
    0x7A, 0x34, 0xAA, 0xAD, 0x88, 0x56, 0xB8, 0x7F, 0xA0, 0xFC, 0xC6, 0xF0, 0x1A, 0xAE, 0x63, 0xCC,
    0x3F,
};

static const EpdGlyph lexica_19_italicGlyphs[] = {
    { 0, 0, 0, 0, 0, 0, 0 }, // 
    { 0, 0, 11, 0, 0, 0, 0 }, //  
    { 10, 27, 11, 1, 27, 68, 0 }, // !
    { 10, 9, 13, 3, 27, 23, 68 }, // "
    { 24, 27, 25, 1, 27, 162, 91 }, // #
    { 22, 33, 24, 1, 30, 182, 253 }, // $
    { 35, 27, 40, 3, 27, 237, 435 }, // %
    { 25, 27, 27, 0, 27, 169, 672 }, // &
    { 4, 9, 8, 3, 27, 9, 841 }, // '
    { 13, 33, 12, 1, 27, 108, 850 }, // (
    { 14, 33, 12, -3, 27, 116, 958 }, // )
    { 12, 13, 17, 4, 27, 39, 1074 }, // *
    { 21, 20, 25, 1, 20, 105, 1113 }, // +
    { 7, 10, 8, -2, 5, 18, 1218 }, // ,
    { 13, 3, 15, 1, 11, 10, 1236 }, // -
    { 7, 5, 8, -1, 5, 9, 1246 }, // .
    { 20, 27, 15, -2, 27, 135, 1255 }, // /
    { 22, 27, 26, 2, 27, 149, 1390 }, // 0
    { 13, 27, 16, 3, 27, 88, 1539 }, // 1
    { 23, 27, 22, -1, 27, 156, 1627 }, // 2
    { 21, 27, 23, 1, 27, 142, 1783 }, // 3
    { 24, 27, 25, 0, 27, 162, 1925 }, // 4
    { 23, 27, 23, 0, 27, 156, 2087 }, // 5
    { 20, 27, 24, 2, 27, 135, 2243 }, // 6
    { 22, 27, 21, 1, 27, 149, 2378 }, // 7
    { 21, 27, 24, 1, 27, 142, 2527 }, // 8
    { 20, 27, 24, 3, 27, 135, 2669 }, // 9
    { 9, 20, 8, -1, 20, 45, 2804 }, // :
    { 10, 25, 8, -2, 20, 63, 2849 }, // ;
    { 20, 20, 24, 1, 20, 100, 2912 }, // <
    { 21, 10, 26, 2, 15, 53, 3012 }, // =
    { 19, 20, 24, 3, 20, 95, 3065 }, // >
    { 18, 27, 21, 3, 27, 122, 3160 }, // ?
    { 28, 27, 31, 2, 27, 189, 3282 }, // @
    { 26, 27, 25, -3, 27, 176, 3471 }, // A
    { 24, 27, 25, 0, 27, 162, 3647 }, // B
    { 24, 27, 26, 2, 27, 162, 3809 }, // C
    { 26, 27, 27, 0, 27, 176, 3971 }, // D
    { 25, 27, 22, 0, 27, 169, 4147 }, // E
    { 24, 27, 22, 0, 27, 162, 4316 }, // F
    { 24, 27, 28, 2, 27, 162, 4478 }, // G
    { 28, 27, 27, 0, 27, 189, 4640 }, // H
    { 17, 27, 16, 0, 27, 115, 4829 }, // I
    { 22, 27, 20, -1, 27, 149, 4944 }, // J
    { 27, 27, 25, 0, 27, 183, 5093 }, // K
    { 20, 27, 21, 0, 27, 135, 5276 }, // L
    { 33, 27, 33, 0, 27, 223, 5411 }, // M
    { 28, 27, 27, 0, 27, 189, 5634 }, // N
    { 26, 27, 29, 2, 27, 176, 5823 }, // O
    { 24, 27, 24, 0, 27, 162, 5999 }, // P
    { 26, 30, 30, 2, 27, 195, 6161 }, // Q
    { 24, 27, 24, 0, 27, 162, 6356 }, // R
    { 22, 27, 24, 1, 27, 149, 6518 }, // S
    { 23, 27, 22, 2, 27, 156, 6667 }, // T
    { 26, 27, 27, 2, 27, 176, 6823 }, // U
    { 24, 27, 23, 3, 27, 162, 6999 }, // V
    { 34, 27, 33, 3, 27, 230, 7161 }, // W
    { 31, 27, 25, -3, 27, 210, 7391 }, // X
    { 24, 27, 24, 3, 27, 162, 7601 }, // Y
    { 27, 27, 24, -1, 27, 183, 7763 }, // Z
    { 16, 33, 13, -1, 27, 132, 7946 }, // [
    { 15, 27, 21, 3, 27, 102, 8078 }, // <backslash>
    { 16, 33, 13, -3, 27, 132, 8180 }, // ]
    { 19, 14, 22, 1, 26, 67, 8312 }, // ^
    { 16, 3, 16, -2, 0, 12, 8379 }, // _
    { 6, 6, 11, 5, 29, 9, 8391 }, // `
    { 19, 20, 21, 0, 20, 95, 8400 }, // a
    { 21, 27, 22, 0, 27, 142, 8495 }, // b
    { 19, 20, 20, 1, 20, 95, 8637 }, // c
    { 22, 27, 22, 1, 27, 149, 8732 }, // d
    { 20, 20, 21, 1, 20, 100, 8881 }, // e
    { 14, 28, 13, 1, 28, 98, 8981 }, // f
    { 22, 28, 22, -1, 20, 154, 9079 }, // g
    { 20, 27, 22, 0, 27, 135, 9233 }, // h
    { 11, 28, 11, 1, 28, 77, 9368 }, // i
    { 18, 35, 10, -7, 29, 158, 9445 }, // j
    { 20, 27, 19, 0, 27, 135, 9603 }, // k
    { 9, 27, 10, 1, 27, 61, 9738 }, // l
    { 32, 20, 33, 0, 20, 160, 9799 }, // m
    { 20, 20, 22, 0, 20, 100, 9959 }, // n
    { 19, 20, 22, 1, 20, 95, 10059 }, // o
    { 23, 26, 22, -2, 20, 150, 10154 }, // p
    { 21, 26, 22, 1, 20, 137, 10304 }, // q
    { 16, 20, 14, 0, 20, 80, 10441 }, // r
    { 18, 20, 19, 0, 20, 90, 10521 }, // s
    { 12, 25, 13, 1, 25, 75, 10611 }, // t
    { 20, 20, 21, 1, 20, 100, 10686 }, // u
    { 19, 20, 18, 1, 20, 95, 10786 }, // v
    { 27, 20, 26, 1, 20, 135, 10881 }, // w
    { 23, 20, 18, -3, 20, 115, 11016 }, // x
    { 22, 26, 17, -3, 20, 143, 11131 }, // y
    { 20, 20, 18, -1, 20, 100, 11274 }, // z
    { 15, 33, 13, 0, 27, 124, 11374 }, // {
    { 4, 33, 11, 3, 27, 33, 11498 }, // |
    { 15, 33, 13, -3, 27, 124, 11531 }, // }
    { 20, 5, 21, 0, 13, 25, 11655 }, // ~
    { 0, 0, 11, 0, 0, 0, 0 }, //  
    { 10, 27, 11, 0, 21, 68, 0 }, // ¡
    { 19, 26, 19, 0, 23, 124, 68 }, // ¢
    { 24, 27, 23, 0, 27, 162, 192 }, // £
    { 19, 19, 26, 4, 22, 91, 354 }, // ¤
    { 26, 27, 24, 1, 27, 176, 445 }, // ¥
    { 4, 33, 11, 3, 27, 33, 621 }, // ¦
    { 24, 34, 21, -2, 27, 204, 654 }, // §
    { 13, 4, 17, 5, 27, 13, 858 }, // ¨
    { 29, 28, 32, 2, 28, 203, 871 }, // ©
    { 12, 12, 14, 2, 28, 36, 1074 }, // ª
    { 20, 17, 22, 1, 19, 85, 1110 }, // «
    { 21, 12, 26, 2, 16, 63, 1195 }, // ¬
    { 13, 3, 15, 1, 11, 10, 1258 }, // ­
    { 29, 28, 32, 2, 28, 203, 1268 }, // ®
    { 13, 3, 15, 4, 27, 10, 1471 }, // ¯
    { 12, 11, 14, 3, 27, 33, 1481 }, // °
    { 20, 20, 26, 2, 20, 100, 1514 }, // ±
    { 14, 15, 15, 2, 31, 53, 1614 }, // ²
    { 13, 15, 16, 3, 31, 49, 1667 }, // ³
    { 8, 6, 11, 4, 29, 12, 1716 }, // ´
    { 23, 26, 22, -2, 20, 150, 1728 }, // µ
    { 21, 33, 21, 2, 27, 174, 1878 }, // ¶
    { 6, 5, 9, 2, 12, 8, 2052 }, // ·
    { 8, 9, 12, -1, 2, 18, 2060 }, // ¸
    { 8, 15, 10, 4, 31, 30, 2078 }, // ¹
    { 12, 12, 15, 3, 28, 36, 2108 }, // º
    { 20, 17, 22, 0, 19, 85, 2144 }, // »
    { 27, 27, 33, 3, 26, 183, 2229 }, // ¼
    { 27, 27, 32, 3, 27, 183, 2412 }, // ½
    { 30, 28, 36, 3, 27, 210, 2595 }, // ¾
    { 18, 27, 21, -1, 20, 122, 2805 }, // ¿
    { 26, 35, 25, -3, 35, 228, 2927 }, // À
    { 26, 35, 25, -3, 35, 228, 3155 }, // Á
    { 26, 35, 25, -3, 35, 228, 3383 }, // Â
    { 27, 34, 25, -3, 34, 230, 3611 }, // Ã
    { 26, 34, 25, -3, 34, 221, 3841 }, // Ä
    { 26, 34, 25, -3, 34, 221, 4062 }, // Å
    { 44, 27, 39, -3, 27, 297, 4283 }, // Æ
    { 24, 34, 26, 2, 27, 204, 4580 }, // Ç
    { 25, 35, 22, 0, 35, 219, 4784 }, // È
    { 25, 35, 22, 0, 35, 219, 5003 }, // É
    { 25, 35, 22, 0, 35, 219, 5222 }, // Ê
    { 25, 34, 22, 0, 34, 213, 5441 }, // Ë
    { 17, 35, 16, 0, 35, 149, 5654 }, // Ì
    { 18, 35, 16, 0, 35, 158, 5803 }, // Í
    { 19, 35, 16, 0, 35, 167, 5961 }, // Î
    { 19, 34, 16, 0, 34, 162, 6128 }, // Ï
    { 27, 27, 28, 0, 27, 183, 6290 }, // Ð
    { 28, 34, 27, 0, 34, 238, 6473 }, // Ñ
    { 26, 36, 29, 2, 36, 234, 6711 }, // Ò
    { 26, 36, 29, 2, 36, 234, 6945 }, // Ó
    { 26, 35, 29, 2, 35, 228, 7179 }, // Ô
    { 26, 35, 29, 2, 35, 228, 7407 }, // Õ
    { 26, 35, 29, 2, 35, 228, 7635 }, // Ö
    { 17, 18, 23, 3, 19, 77, 7863 }, // ×
    { 29, 27, 29, 0, 27, 196, 7940 }, // Ø
    { 26, 36, 27, 2, 36, 234, 8136 }, // Ù
    { 26, 36, 27, 2, 36, 234, 8370 }, // Ú
    { 26, 35, 27, 2, 35, 228, 8604 }, // Û
    { 26, 35, 27, 2, 35, 228, 8832 }, // Ü
    { 24, 35, 24, 3, 35, 210, 9060 }, // Ý
    { 23, 27, 23, 0, 27, 156, 9270 }, // Þ
    { 23, 27, 24, 0, 27, 156, 9426 }, // ß
    { 19, 29, 21, 0, 29, 138, 9582 }, // à
    { 19, 29, 21, 0, 29, 138, 9720 }, // á
    { 20, 28, 21, 0, 28, 140, 9858 }, // â
    { 21, 27, 21, 0, 27, 142, 9998 }, // ã
    { 20, 28, 21, 0, 28, 140, 10140 }, // ä
    { 19, 31, 21, 0, 31, 148, 10280 }, // å
    { 34, 20, 34, 0, 20, 170, 10428 }, // æ
    { 19, 27, 20, 1, 20, 129, 10598 }, // ç
    { 20, 29, 21, 1, 29, 145, 10727 }, // è
    { 20, 29, 21, 1, 29, 145, 10872 }, // é
    { 20, 28, 21, 1, 28, 140, 11017 }, // ê
    { 20, 28, 21, 1, 28, 140, 11157 }, // ë
    { 9, 28, 10, 1, 28, 63, 11297 }, // ì
    { 12, 28, 10, 1, 28, 84, 11360 }, // í
    { 14, 28, 10, 0, 28, 98, 11444 }, // î
    { 13, 28, 10, 1, 28, 91, 11542 }, // ï
    { 21, 27, 23, 0, 27, 142, 11633 }, // ð
    { 22, 27, 22, 0, 27, 149, 11775 }, // ñ
    { 19, 29, 22, 1, 29, 138, 11924 }, // ò
    { 19, 29, 22, 1, 29, 138, 12062 }, // ó
    { 19, 28, 22, 1, 28, 133, 12200 }, // ô
    { 20, 27, 22, 1, 27, 135, 12333 }, // õ
    { 19, 28, 22, 1, 28, 133, 12468 }, // ö
    { 20, 19, 25, 2, 20, 95, 12601 }, // ÷
    { 23, 21, 22, -1, 21, 121, 12696 }, // ø
    { 20, 29, 21, 1, 29, 145, 12817 }, // ù
    { 20, 28, 21, 1, 28, 140, 12962 }, // ú
    { 20, 28, 21, 1, 28, 140, 13102 }, // û
    { 20, 28, 21, 1, 28, 140, 13242 }, // ü
    { 22, 35, 17, -3, 29, 193, 13382 }, // ý
    { 23, 33, 22, -2, 27, 190, 13575 }, // þ
    { 22, 34, 17, -3, 28, 187, 13765 }, // ÿ
    { 26, 33, 25, -3, 33, 215, 0 }, // Ā
    { 20, 27, 21, 0, 27, 135, 215 }, // ā
    { 26, 34, 25, -3, 34, 221, 350 }, // Ă
    { 20, 28, 21, 0, 28, 140, 571 }, // ă
    { 26, 33, 25, -3, 27, 215, 711 }, // Ą
    { 19, 26, 21, 0, 20, 124, 926 }, // ą
    { 24, 36, 26, 2, 36, 216, 1050 }, // Ć
    { 19, 29, 20, 1, 29, 138, 1266 }, // ć
    { 24, 35, 26, 2, 35, 210, 1404 }, // Ĉ
    { 19, 28, 20, 1, 28, 133, 1614 }, // ĉ
    { 24, 35, 26, 2, 35, 210, 1747 }, // Ċ
    { 19, 27, 20, 1, 27, 129, 1957 }, // ċ
    { 24, 35, 26, 2, 35, 210, 2086 }, // Č
    { 19, 28, 20, 1, 28, 133, 2296 }, // č
    { 26, 34, 27, 0, 34, 221, 2429 }, // Ď
    { 28, 27, 24, 1, 27, 189, 2650 }, // ď
    { 27, 27, 29, 1, 27, 183, 2839 }, // Đ
    { 25, 27, 24, 1, 27, 169, 3022 }, // đ
    { 25, 33, 22, 0, 33, 207, 3191 }, // Ē
    { 20, 27, 21, 1, 27, 135, 3398 }, // ē
    { 25, 34, 22, 0, 34, 213, 3533 }, // Ĕ
    { 20, 28, 21, 1, 28, 140, 3746 }, // ĕ
    { 25, 34, 22, 0, 34, 213, 3886 }, // Ė
    { 20, 27, 21, 1, 27, 135, 4099 }, // ė
    { 25, 33, 22, 0, 27, 207, 4234 }, // Ę
    { 20, 26, 21, 1, 20, 130, 4441 }, // ę
    { 25, 34, 22, 0, 34, 213, 4571 }, // Ě
    { 20, 28, 21, 1, 28, 140, 4784 }, // ě
    { 24, 35, 28, 2, 35, 210, 4924 }, // Ĝ
    { 22, 36, 22, -1, 28, 198, 5134 }, // ĝ
    { 24, 35, 28, 2, 35, 210, 5332 }, // Ğ
    { 22, 36, 22, -1, 28, 198, 5542 }, // ğ
    { 24, 35, 28, 2, 35, 210, 5740 }, // Ġ
    { 22, 35, 22, -1, 27, 193, 5950 }, // ġ
    { 24, 37, 28, 2, 27, 222, 6143 }, // Ģ
    { 22, 38, 22, -1, 30, 209, 6365 }, // ģ
    { 28, 35, 27, 0, 35, 245, 6574 }, // Ĥ
    { 20, 35, 22, 0, 35, 175, 6819 }, // ĥ
    { 31, 27, 28, 0, 27, 210, 6994 }, // Ħ
    { 20, 27, 23, 1, 27, 135, 7204 }, // ħ
    { 20, 34, 16, 0, 34, 170, 7339 }, // Ĩ
    { 15, 27, 10, 0, 27, 102, 7509 }, // ĩ
    { 19, 33, 16, 0, 33, 157, 7611 }, // Ī
    { 13, 27, 10, 1, 27, 88, 7768 }, // ī
    { 19, 34, 16, 0, 34, 162, 7856 }, // Ĭ
    { 14, 27, 10, 1, 27, 95, 8018 }, // ĭ
    { 17, 33, 16, 0, 27, 141, 8113 }, // Į
    { 15, 35, 11, -3, 29, 132, 8254 }, // į
    { 17, 34, 16, 0, 34, 145, 8386 }, // İ
    { 9, 20, 10, 1, 20, 45, 8531 }, // ı
    { 37, 27, 37, 0, 27, 250, 8576 }, // Ĳ
    { 21, 35, 21, 1, 29, 184, 8826 }, // ĳ
    { 27, 35, 20, -1, 35, 237, 9010 }, // Ĵ
    { 22, 34, 10, -7, 28, 187, 9247 }, // ĵ
    { 27, 37, 25, 0, 27, 250, 9434 }, // Ķ
    { 20, 37, 19, 0, 27, 185, 9684 }, // ķ
    { 20, 20, 19, 0, 20, 100, 9869 }, // ĸ
    { 20, 35, 21, 0, 35, 175, 9969 }, // Ĺ
    { 13, 35, 10, 1, 35, 114, 10144 }, // ĺ
    { 20, 37, 21, 0, 27, 185, 10258 }, // Ļ
    { 12, 37, 10, -2, 27, 111, 10443 }, // ļ
    { 22, 27, 21, 0, 27, 149, 10554 }, // Ľ
    { 14, 27, 10, 1, 27, 95, 10703 }, // ľ
    { 20, 27, 21, 0, 27, 135, 10798 }, // Ŀ
    { 14, 27, 15, 1, 27, 95, 10933 }, // ŀ
    { 21, 27, 23, 0, 27, 142, 11028 }, // Ł
    { 12, 27, 11, 0, 27, 81, 11170 }, // ł
    { 28, 35, 27, 0, 35, 245, 11251 }, // Ń
    { 20, 28, 22, 0, 28, 140, 11496 }, // ń
    { 28, 37, 27, 0, 27, 259, 11636 }, // Ņ
    { 20, 30, 22, 0, 20, 150, 11895 }, // ņ
    { 28, 34, 27, 0, 34, 238, 12045 }, // Ň
    { 21, 27, 22, 0, 27, 142, 12283 }, // ň
    { 25, 27, 29, 3, 27, 169, 12425 }, // ŉ
    { 28, 33, 27, 0, 27, 231, 12594 }, // Ŋ
    { 20, 26, 22, 0, 20, 130, 12825 }, // ŋ
    { 26, 34, 29, 2, 34, 221, 12955 }, // Ō
    { 19, 27, 22, 1, 27, 129, 13176 }, // ō
    { 26, 35, 29, 2, 35, 228, 13305 }, // Ŏ
    { 20, 28, 22, 1, 28, 140, 13533 }, // ŏ
    { 26, 35, 29, 2, 35, 228, 13673 }, // Ő
    { 21, 28, 22, 1, 28, 147, 13901 }, // ő
    { 43, 27, 42, 2, 27, 291, 14048 }, // Œ
    { 34, 20, 36, 1, 20, 170, 14339 }, // œ
    { 24, 35, 24, 0, 35, 210, 14509 }, // Ŕ
    { 16, 28, 14, 0, 28, 112, 14719 }, // ŕ
    { 24, 37, 24, 0, 27, 222, 14831 }, // Ŗ
    { 20, 30, 14, -4, 20, 150, 15053 }, // ŗ
    { 24, 34, 24, 0, 34, 204, 15203 }, // Ř
    { 18, 27, 14, 0, 27, 122, 15407 }, // ř
    { 22, 36, 24, 1, 36, 198, 15529 }, // Ś
    { 18, 29, 19, 0, 29, 131, 15727 }, // ś
    { 22, 35, 24, 1, 35, 193, 15858 }, // Ŝ
    { 18, 28, 19, 0, 28, 126, 16051 }, // ŝ
    { 22, 34, 24, 1, 27, 187, 16177 }, // Ş
    { 18, 27, 19, 0, 20, 122, 16364 }, // ş
    { 22, 35, 24, 1, 35, 193, 16486 }, // Š
    { 19, 28, 19, 0, 28, 133, 16679 }, // š
    { 23, 34, 22, 2, 27, 196, 16812 }, // Ţ
    { 14, 32, 13, -1, 25, 112, 17008 }, // ţ
    { 23, 34, 22, 2, 34, 196, 17120 }, // Ť
    { 16, 29, 13, 1, 29, 116, 17316 }, // ť
    { 23, 27, 22, 2, 27, 156, 17432 }, // Ŧ
    { 13, 25, 13, 0, 25, 82, 17588 }, // ŧ
    { 26, 35, 27, 2, 35, 228, 17670 }, // Ũ
    { 20, 27, 21, 1, 27, 135, 17898 }, // ũ
    { 26, 34, 27, 2, 34, 221, 18033 }, // Ū
    { 20, 27, 21, 1, 27, 135, 18254 }, // ū
    { 26, 35, 27, 2, 35, 228, 18389 }, // Ŭ
    { 20, 28, 21, 1, 28, 140, 18617 }, // ŭ
    { 26, 38, 27, 2, 38, 247, 18757 }, // Ů
    { 20, 31, 21, 1, 31, 155, 19004 }, // ů
    { 26, 35, 27, 2, 35, 228, 19159 }, // Ű
    { 20, 28, 21, 1, 28, 140, 19387 }, // ű
    { 26, 33, 27, 2, 27, 215, 19527 }, // Ų
    { 20, 26, 21, 1, 20, 130, 19742 }, // ų
    { 34, 35, 33, 3, 35, 298, 19872 }, // Ŵ
    { 27, 28, 26, 1, 28, 189, 20170 }, // ŵ
    { 24, 35, 24, 3, 35, 210, 20359 }, // Ŷ
    { 22, 34, 17, -3, 28, 187, 20569 }, // ŷ
    { 24, 34, 24, 3, 34, 204, 20756 }, // Ÿ
    { 27, 35, 24, -1, 35, 237, 20960 }, // Ź
    { 20, 28, 18, -1, 28, 140, 21197 }, // ź
    { 27, 34, 24, -1, 34, 230, 21337 }, // Ż
    { 20, 27, 18, -1, 27, 135, 21567 }, // ż
    { 27, 34, 24, -1, 34, 230, 21702 }, // Ž
    { 21, 27, 18, -1, 27, 142, 21932 }, // ž
    { 14, 28, 13, 1, 28, 98, 22074 }, // ſ
    { 7, 6, 0, 4, 29, 11, 0 }, // ̀
    { 8, 6, 0, 4, 29, 12, 11 }, // ́
    { 14, 5, 0, 3, 28, 18, 23 }, // ̂
    { 16, 4, 0, 3, 27, 16, 41 }, // ̃
    { 12, 3, 0, 4, 27, 9, 57 }, // ̄
    { 13, 5, 0, 4, 27, 17, 66 }, // ̆
    { 5, 4, 0, 4, 27, 5, 83 }, // ̇
    { 14, 4, 0, 3, 27, 14, 88 }, // ̈
    { 7, 8, 6, 2, 30, 14, 102 }, // ̉
    { 10, 9, 0, 4, 31, 23, 116 }, // ̊
    { 14, 5, 0, 2, 28, 18, 139 }, // ̋
    { 14, 5, 0, 4, 27, 18, 157 }, // ̌
    { 12, 8, 13, 0, 25, 24, 175 }, // ̛
    { 6, 5, 8, -1, -3, 8, 199 }, // ̣
    { 8, 9, 0, -3, -1, 18, 207 }, // ̦
    { 9, 9, 0, -3, 2, 21, 225 }, // ̧
    { 8, 7, 0, -2, 0, 14, 246 }, // ̨
    { 11, 3, 13, 1, 11, 9, 0 }, // ‐
    { 17, 3, 20, 1, 11, 13, 9 }, // –
    { 29, 3, 32, 1, 11, 22, 22 }, // —
    { 8, 10, 9, 3, 27, 20, 44 }, // ‘
    { 8, 10, 9, 3, 27, 20, 64 }, // ’
    { 8, 10, 9, -2, 5, 20, 84 }, // ‚
    { 14, 10, 16, 3, 27, 35, 104 }, // “
    { 14, 10, 16, 3, 27, 35, 139 }, // ”
    { 14, 10, 16, -2, 5, 35, 174 }, // „
    { 20, 27, 21, 2, 27, 135, 209 }, // †
    { 22, 27, 21, 0, 27, 149, 344 }, // ‡
    { 15, 13, 18, 1, 16, 49, 493 }, // •
    { 24, 5, 28, 0, 5, 30, 542 }, // …
    { 50, 27, 56, 3, 27, 338, 572 }, // ‰
    { 12, 17, 14, 1, 19, 51, 910 }, // ‹
    { 12, 17, 14, 0, 19, 51, 961 }, // ›
    { 23, 27, 18, -2, 27, 156, 1012 }, // ⁄
    { 14, 15, 16, 3, 31, 53, 0 }, // ⁴
    { 28, 32, 24, -2, 27, 224, 0 }, // ₫
    { 28, 27, 28, 0, 27, 189, 224 }, // €
    { 19, 28, 24, 2, 27, 133, 0 }, // ∂
    { 19, 34, 30, 5, 27, 162, 133 }, // ∏
    { 20, 34, 30, 4, 27, 170, 295 }, // ∑
    { 20, 4, 25, 1, 12, 20, 465 }, // −
    { 23, 27, 18, -2, 27, 156, 485 }, // ∕
    { 6, 6, 9, 1, 13, 9, 641 }, // ∙
    { 20, 34, 20, 1, 27, 170, 650 }, // √
    { 28, 12, 31, 1, 16, 84, 820 }, // ∞
    { 14, 34, 12, -1, 27, 119, 904 }, // ∫
    { 20, 13, 24, 2, 17, 65, 1023 }, // ≈
    { 20, 20, 26, 3, 20, 100, 1088 }, // ≠
    { 19, 20, 26, 2, 20, 95, 1188 }, // ≤
    { 19, 20, 27, 4, 20, 95, 1283 }, // ≥
    { 17, 28, 21, 2, 28, 119, 0 }, // �
};

static const EpdUnicodeInterval lexica_19_italicIntervals[] = {
    { 0xD, 0xD, 0x0 },
    { 0x20, 0x7E, 0x1 },
    { 0xA0, 0xFF, 0x60 },
    { 0x100, 0x17F, 0xC0 },
    { 0x300, 0x304, 0x140 },
    { 0x306, 0x30C, 0x145 },
    { 0x31B, 0x31B, 0x14C },
    { 0x323, 0x323, 0x14D },
    { 0x326, 0x328, 0x14E },
    { 0x2010, 0x2010, 0x151 },
    { 0x2013, 0x2014, 0x152 },
    { 0x2018, 0x201A, 0x154 },
    { 0x201C, 0x201E, 0x157 },
    { 0x2020, 0x2022, 0x15A },
    { 0x2026, 0x2026, 0x15D },
    { 0x2030, 0x2030, 0x15E },
    { 0x2039, 0x203A, 0x15F },
    { 0x2044, 0x2044, 0x161 },
    { 0x2074, 0x2074, 0x162 },
    { 0x20AB, 0x20AC, 0x163 },
    { 0x2202, 0x2202, 0x165 },
    { 0x220F, 0x220F, 0x166 },
    { 0x2211, 0x2212, 0x167 },
    { 0x2215, 0x2215, 0x169 },
    { 0x2219, 0x221A, 0x16A },
    { 0x221E, 0x221E, 0x16C },
    { 0x222B, 0x222B, 0x16D },
    { 0x2248, 0x2248, 0x16E },
    { 0x2260, 0x2260, 0x16F },
    { 0x2264, 0x2265, 0x170 },
    { 0xFFFD, 0xFFFD, 0x172 },
};

static const EpdFontGroup lexica_19_italicGroups[] = {
    { 0, 5182, 11680, 96, 0 },
    { 5182, 5016, 13952, 96, 96 },
    { 10198, 6517, 22172, 128, 192 },
    { 16715, 211, 260, 17, 320 },
    { 16926, 540, 1168, 17, 337 },
    { 17466, 56, 53, 1, 354 },
    { 17522, 215, 413, 2, 355 },
    { 17737, 558, 1378, 13, 357 },
    { 18295, 106, 119, 1, 370 },
};

static const EpdFontData lexica_19_italic = {
    lexica_19_italicBitmaps,
    lexica_19_italicGlyphs,
    lexica_19_italicIntervals,
    31,
    49,
    38,
    -12,
    true,
    lexica_19_italicGroups,
    9,
};
