/**
 * generated by fontconvert.py
 * name: lexica_17_italic
 * size: 17
 * mode: 2-bit  compressed: true
 * Command used: fontconvert.py lexica_17_italic 17 ../builtinFonts/source/lexica-ultralegible/LexicaUltralegible-Italic.ttf --2bit --compress
 */
#pragma once
#include "EpdFontData.h"

static const uint8_t lexica_17_italicBitmaps[20759] = {
    0x9D, 0x5A, 0x4D, 0x8F, 0xDD, 0xC8, 0x75, 0x2D, 0x92, 0x4E, 0x13, 0x31, 0x91, 0x30, 0xCB, 0x40,
    0x42, 0xCC, 0x4D, 0x56, 0x0A, 0x6C, 0x6E, 0xBD, 0x18, 0xAB, 0x38, 0x36, 0x90, 0x6D, 0xFC, 0x0F,
    0xBC, 0xC9, 0x26, 0x63, 0x04, 0xDA, 0x07, 0x52, 0x93, 0x8E, 0x17, 0xB3, 0x74, 0xFF, 0x03, 0xCF,
    0x42, 0x01, 0x66, 0xDE, 0x18, 0xE8, 0x2C, 0xB5, 0x50, 0x3F, 0xD2, 0x9E, 0x85, 0x17, 0x5E, 0x0C,
    0x93, 0xFC, 0x00, 0x33, 0xB1, 0x00, 0x0F, 0xD4, 0x40, 0xC4, 0x89, 0x69, 0x0F, 0xD5, 0x22, 0x59,
    0x39, 0xE7, 0x14, 0xDF, 0x47, 0x77, 0x4B, 0x33, 0xB2, 0xA5, 0xD7, 0xC5, 0xEE, 0xF7, 0xC8, 0xAA,
    0x5B, 0xF7, 0xE3, 0xDC, 0x73, 0x6F, 0x3D, 0x93, 0xB6, 0x26, 0x6D, 0x4C, 0xD6, 0x98, 0xBC, 0xE2,
    0xCB, 0x16, 0xC6, 0x1A, 0x53, 0x1A, 0xF3, 0xC8, 0x98, 0xA7, 0xC6, 0x4C, 0xC6, 0x8C, 0xC6, 0x0C,
    0xC6, 0xF4, 0x26, 0xE8, 0x4D, 0xD8, 0x19, 0x53, 0x18, 0xFF, 0x2F, 0xC5, 0xBD, 0xED, 0xFA, 0xC2,
    0xEF, 0x4F, 0x73, 0xBE, 0x1E, 0x66, 0x87, 0xD7, 0x3B, 0xA9, 0xF9, 0xF6, 0x5F, 0x1A, 0x13, 0xF5,
    0x49, 0xC3, 0x31, 0xE5, 0xD8, 0x71, 0x8C, 0xFD, 0xD8, 0xE2, 0x29, 0x93, 0xB4, 0x59, 0x65, 0x52,
    0x87, 0x7F, 0x55, 0xA6, 0xF1, 0xCE, 0xF9, 0xF3, 0x7A, 0x53, 0x60, 0x46, 0x48, 0x61, 0x32, 0x3F,
    0x16, 0xF7, 0x31, 0xE6, 0xC5, 0x29, 0x47, 0xCA, 0x05, 0x09, 0x2F, 0x20, 0x23, 0x6E, 0x5F, 0x4C,
    0x8D, 0x71, 0x36, 0xEF, 0xB9, 0xCD, 0xF2, 0x21, 0x65, 0x86, 0xB0, 0xE6, 0x22, 0xE0, 0xF8, 0x34,
    0x80, 0xD4, 0x66, 0x0A, 0xFD, 0xD8, 0x73, 0x8C, 0x7A, 0x49, 0x8E, 0x4D, 0x98, 0x40, 0x43, 0x6B,
    0xCC, 0x89, 0x7B, 0x86, 0xF9, 0x9C, 0x2B, 0x8C, 0xBB, 0x74, 0x5D, 0x34, 0xC7, 0x3F, 0x1D, 0x92,
    0x3E, 0xFE, 0xEE, 0xB3, 0xB4, 0x4B, 0xB0, 0xC7, 0x2E, 0xC5, 0xD0, 0x63, 0x17, 0xC9, 0xF8, 0x37,
    0x10, 0xDF, 0xFD, 0x0C, 0x4F, 0xB9, 0x05, 0x2A, 0xC8, 0x1C, 0xE6, 0x0D, 0x6A, 0x3C, 0x66, 0xFE,
    0xC5, 0x61, 0x9A, 0x7F, 0xCF, 0x31, 0x77, 0x9F, 0x60, 0xE8, 0xA2, 0x21, 0x08, 0xBA, 0xA8, 0x2F,
    0xC3, 0x36, 0xEE, 0xED, 0x27, 0x4D, 0xDA, 0xE5, 0x5F, 0x34, 0x75, 0x93, 0x40, 0x4E, 0x13, 0x38,
    0x37, 0xF2, 0x59, 0x6C, 0x3C, 0x95, 0x0E, 0x39, 0xFC, 0x39, 0x87, 0x1C, 0xEF, 0x27, 0x1D, 0x6F,
    0x30, 0xB4, 0x45, 0xBC, 0xB8, 0x86, 0x76, 0x48, 0xDB, 0xB4, 0xE3, 0x5E, 0x73, 0x28, 0x30, 0x80,
    0x2D, 0xEE, 0xE3, 0xCA, 0x5D, 0xE0, 0xDA, 0x25, 0x2D, 0x15, 0x11, 0x53, 0x81, 0x30, 0x5C, 0xD6,
    0x50, 0x55, 0xE9, 0x95, 0x33, 0x33, 0xAE, 0xB1, 0x9B, 0xA4, 0x04, 0x53, 0xB7, 0x51, 0x7F, 0xB2,
    0x68, 0xAD, 0xC6, 0x52, 0x50, 0xDC, 0xEA, 0xCE, 0xA9, 0x87, 0x32, 0x1C, 0x43, 0xDE, 0x32, 0xC5,
    0x1D, 0xAD, 0x1C, 0x0E, 0x30, 0x13, 0x0C, 0x1E, 0xD3, 0x50, 0x4F, 0x79, 0x3B, 0xAE, 0x13, 0xD5,
    0x9E, 0x34, 0x9C, 0xEA, 0x14, 0x9F, 0xC4, 0x3D, 0x1D, 0x22, 0x72, 0x75, 0x6B, 0x22, 0x6C, 0x9F,
    0x4A, 0xC3, 0xC3, 0x26, 0xE3, 0x34, 0x09, 0xB5, 0x02, 0x6B, 0xE0, 0xEF, 0xD0, 0x9D, 0xE3, 0x9D,
    0x68, 0x0C, 0x27, 0x4E, 0xC7, 0x49, 0x12, 0x2D, 0x11, 0x77, 0x9C, 0xC8, 0x4F, 0x13, 0x8D, 0x25,
    0x7C, 0x20, 0x70, 0x5E, 0x58, 0xCA, 0x55, 0xBA, 0x26, 0xEE, 0xC2, 0xE5, 0x07, 0x5D, 0xDA, 0x26,
    0x7D, 0x32, 0x64, 0x4D, 0xD6, 0x44, 0x93, 0x2D, 0xB0, 0x2B, 0xB7, 0xA5, 0x3F, 0x96, 0x13, 0x64,
    0x30, 0xF9, 0xC0, 0x31, 0xED, 0xF5, 0xCE, 0x68, 0x6C, 0x75, 0x82, 0x29, 0xB2, 0xA5, 0x1E, 0x1D,
    0xA6, 0x71, 0xAD, 0x6D, 0x4C, 0x3D, 0x9A, 0xAC, 0x7B, 0xFA, 0xF4, 0x21, 0xFE, 0xBD, 0xF3, 0x6D,
    0x83, 0x15, 0xA1, 0x2F, 0x6C, 0x25, 0x2F, 0xF8, 0xE0, 0x64, 0x42, 0xBD, 0x01, 0x81, 0xE8, 0xF4,
    0x15, 0xDF, 0xB6, 0xDC, 0xDC, 0xC1, 0xDD, 0x6F, 0xBF, 0x9E, 0xEA, 0xD3, 0xFB, 0xD4, 0x36, 0x0C,
    0x01, 0x77, 0xE4, 0xB3, 0x06, 0xEA, 0x8A, 0xA1, 0x87, 0xCE, 0xC0, 0xB7, 0xE8, 0x6A, 0xA3, 0x5E,
    0xAF, 0x9D, 0x60, 0xA4, 0x18, 0x70, 0x44, 0x2C, 0xCC, 0xB5, 0xDB, 0x75, 0x6D, 0xBF, 0xF0, 0xC4,
    0x4F, 0x62, 0xC9, 0x93, 0x6B, 0x21, 0x3A, 0xC4, 0x37, 0xCC, 0x5F, 0x7F, 0xD3, 0xD8, 0x87, 0x26,
    0x5D, 0xA6, 0xC0, 0x4D, 0xD1, 0x52, 0xA4, 0xFF, 0x6B, 0xB2, 0xD4, 0x7C, 0x2D, 0xA9, 0x4C, 0x60,
    0xB4, 0xD0, 0x5B, 0x0C, 0x0C, 0x8D, 0x5E, 0xC3, 0x7B, 0x9B, 0x65, 0xF3, 0xC1, 0x5B, 0x3C, 0x81,
    0x98, 0xEC, 0xB3, 0x3E, 0xED, 0xA3, 0x36, 0xAE, 0x52, 0xF3, 0x4D, 0xF3, 0xD0, 0xDC, 0xDB, 0x7C,
    0x58, 0xBB, 0x09, 0x6E, 0x8B, 0x80, 0x6C, 0xF9, 0x9F, 0x41, 0x0B, 0xB7, 0x54, 0x70, 0x2A, 0x12,
    0x19, 0x70, 0x1C, 0xB0, 0x4F, 0x79, 0x85, 0x5C, 0x42, 0x1A, 0x22, 0x9C, 0xAC, 0x77, 0xD0, 0xCC,
    0x72, 0x48, 0x85, 0x60, 0x72, 0xB8, 0x83, 0x4E, 0x53, 0xEE, 0x1E, 0x0F, 0x0F, 0x77, 0x68, 0x81,
    0x66, 0xF7, 0xF8, 0xA9, 0xE2, 0x36, 0x80, 0x69, 0x89, 0x15, 0x85, 0x29, 0xAF, 0xE0, 0x67, 0x0E,
    0x6E, 0x10, 0x39, 0x78, 0x52, 0xE2, 0x8A, 0x60, 0x4A, 0x5F, 0xC0, 0x5D, 0xB3, 0x4F, 0x5B, 0x33,
    0xDB, 0xF7, 0x7B, 0x0C, 0xDF, 0x1B, 0x30, 0x20, 0x64, 0xE6, 0x12, 0x8B, 0xCF, 0xF4, 0xA0, 0x69,
    0x0B, 0x70, 0xC3, 0x90, 0xFD, 0x08, 0x43, 0xFA, 0x8B, 0x71, 0x6B, 0xE2, 0xDF, 0xF4, 0xA5, 0x89,
    0xBE, 0xE8, 0x2D, 0x1C, 0x91, 0xAE, 0x03, 0x0C, 0xEA, 0x02, 0x67, 0x12, 0x77, 0x0E, 0xA3, 0x38,
    0xBA, 0x72, 0x4E, 0xC1, 0xCD, 0x13, 0x9A, 0x28, 0xEB, 0x7F, 0x48, 0x6D, 0x76, 0xF0, 0xB2, 0xD5,
    0x84, 0xC7, 0x1E, 0xE4, 0x5F, 0xA7, 0xD2, 0x85, 0x8C, 0x8E, 0xA5, 0x8F, 0x8D, 0x2E, 0xA5, 0xDC,
    0x65, 0x8C, 0x20, 0xC4, 0x07, 0xFA, 0xFC, 0x39, 0xA6, 0xD6, 0x72, 0x70, 0x62, 0x79, 0xB3, 0x21,
    0xF6, 0x7E, 0x4D, 0xE3, 0x6E, 0xDF, 0x5E, 0x35, 0x46, 0xF1, 0xCB, 0xF0, 0x5F, 0x35, 0x0C, 0x5C,
    0xD2, 0x2D, 0xD4, 0x4F, 0xA0, 0x0F, 0x13, 0x59, 0xD0, 0x52, 0x6B, 0xA1, 0xE3, 0xAF, 0x99, 0xEE,
    0xAB, 0x69, 0x80, 0x44, 0x7B, 0xB0, 0x57, 0x1B, 0xB8, 0x00, 0x31, 0xB3, 0x93, 0x63, 0x74, 0x07,
    0xE8, 0x33, 0x84, 0xBE, 0x26, 0x9A, 0x4D, 0xDE, 0x21, 0x34, 0x93, 0xFE, 0xA4, 0xF5, 0x46, 0x88,
    0xF7, 0xB6, 0xCA, 0x1B, 0x13, 0x9E, 0x3B, 0x02, 0xA0, 0x44, 0xE7, 0x62, 0xB1, 0xD6, 0x2D, 0x8B,
    0x9D, 0x99, 0x65, 0xAC, 0xAC, 0xF9, 0x67, 0x0E, 0x5B, 0xBE, 0xA7, 0x2D, 0xD9, 0x36, 0x5C, 0xE0,
    0xC4, 0x35, 0x51, 0x83, 0x4B, 0x3E, 0x58, 0x7C, 0xF2, 0x90, 0x48, 0x91, 0x76, 0x94, 0x6A, 0xB4,
    0xDA, 0x80, 0x66, 0x8E, 0x7E, 0x47, 0xD9, 0xD3, 0x4F, 0xB8, 0xBA, 0x95, 0x20, 0x84, 0x28, 0xE6,
    0x91, 0x76, 0x85, 0x25, 0x28, 0x87, 0xE3, 0xC4, 0x45, 0x71, 0x03, 0x33, 0x88, 0x02, 0xDC, 0x32,
    0x83, 0x14, 0x7E, 0xE4, 0x4E, 0xA5, 0x89, 0xAD, 0xD9, 0xBB, 0xA8, 0x9C, 0x6C, 0x1D, 0x3D, 0x3C,
    0xCA, 0xE3, 0x98, 0x7E, 0x00, 0xCA, 0x48, 0x26, 0xF9, 0x66, 0xF3, 0xA1, 0xD7, 0x3C, 0xE3, 0x90,
    0x81, 0xEF, 0xEF, 0x0E, 0x86, 0xF7, 0x0A, 0x13, 0x7E, 0x01, 0xF1, 0x22, 0xDE, 0x1B, 0xCF, 0x41,
    0x5D, 0x01, 0xEB, 0xA1, 0x96, 0xC2, 0xC7, 0x82, 0xB4, 0x74, 0x3C, 0x9C, 0x30, 0x48, 0x60, 0xC9,
    0xAC, 0xC1, 0x4D, 0xB6, 0x4A, 0xFB, 0x80, 0x00, 0x05, 0xBF, 0x82, 0xF9, 0xFB, 0xD5, 0x13, 0x4C,
    0x0D, 0xFD, 0x27, 0x94, 0xD2, 0x5E, 0x01, 0xEE, 0x21, 0x43, 0x1B, 0x8D, 0xE6, 0xCF, 0xBC, 0xDE,
    0xD3, 0x43, 0x04, 0xFC, 0x3D, 0xF2, 0x85, 0xCD, 0xA1, 0xFA, 0x92, 0x4E, 0x53, 0xD2, 0xF3, 0x6B,
    0x26, 0xEA, 0x9A, 0x6A, 0xDE, 0xF2, 0x2E, 0xBA, 0x52, 0x73, 0xB1, 0x0E, 0x52, 0x3D, 0x80, 0xB3,
    0x30, 0xB5, 0xC9, 0x5B, 0x98, 0x15, 0xFA, 0x1F, 0x28, 0x38, 0x66, 0x7C, 0xF0, 0x52, 0x2B, 0xBA,
    0x89, 0x7B, 0x9E, 0xBE, 0xBE, 0xD9, 0x9C, 0x4B, 0x01, 0x5C, 0x30, 0xE7, 0x82, 0x96, 0xA6, 0xA4,
    0xDA, 0x42, 0x01, 0xF3, 0xE1, 0x43, 0x0A, 0x52, 0xEE, 0x3F, 0xA4, 0x4E, 0xE2, 0xE1, 0xFA, 0x87,
    0xC5, 0xEA, 0xA8, 0xB2, 0x6A, 0x32, 0xEC, 0xBC, 0x54, 0x4E, 0x5A, 0x7B, 0xD2, 0x80, 0xBC, 0xC1,
    0xCC, 0x84, 0x27, 0x5E, 0x39, 0x79, 0x47, 0x01, 0x15, 0x03, 0x50, 0xC6, 0xFD, 0x30, 0x11, 0x5D,
    0x17, 0xC5, 0xC2, 0xE5, 0xC4, 0x9C, 0x30, 0x32, 0x10, 0x11, 0xE9, 0x2F, 0x4D, 0xDD, 0x40, 0xC2,
    0x8C, 0x3A, 0x4D, 0x10, 0xB5, 0x50, 0xD2, 0x76, 0x37, 0x74, 0x35, 0xD5, 0x55, 0x72, 0xFB, 0x88,
    0x80, 0xBA, 0x48, 0x97, 0xF3, 0x85, 0xFB, 0x1D, 0xE8, 0x6F, 0x05, 0xFD, 0xBC, 0xE2, 0x54, 0x03,
    0xA6, 0xFA, 0x78, 0xA6, 0x68, 0xB5, 0xA7, 0x3B, 0x96, 0x40, 0x5E, 0xD2, 0xA7, 0xB6, 0x9C, 0xE0,
    0x82, 0xBF, 0x5D, 0xAC, 0x7F, 0x7A, 0x25, 0x52, 0x1F, 0xF0, 0x8A, 0x67, 0xC9, 0x44, 0xAD, 0xF5,
    0x94, 0x05, 0x5B, 0xB8, 0x53, 0xEF, 0x14, 0x71, 0xD8, 0xAB, 0xB4, 0x47, 0x05, 0x05, 0x7B, 0x1D,
    0x00, 0x3D, 0x0D, 0x53, 0xBE, 0x6E, 0x7D, 0x68, 0xDE, 0xF4, 0x2F, 0x93, 0x8E, 0x90, 0x0D, 0x31,
    0x66, 0xAF, 0xF9, 0xFB, 0x8D, 0xFF, 0xE2, 0x8A, 0xEA, 0xCF, 0x7A, 0x8E, 0x51, 0xAB, 0x3F, 0x8D,
    0xF9, 0xD6, 0x7E, 0x29, 0xAA, 0x3C, 0x91, 0xF2, 0x31, 0xDC, 0x85, 0x7F, 0x05, 0x9E, 0x7B, 0xC0,
    0x91, 0xA9, 0x99, 0x9C, 0x72, 0xD6, 0xDD, 0x0E, 0x24, 0x4A, 0x9F, 0x88, 0xF9, 0xB7, 0x62, 0x54,
    0xF7, 0x98, 0xDC, 0x09, 0xB0, 0x9A, 0x9D, 0x2B, 0x06, 0xD5, 0x7B, 0x1B, 0xC0, 0x08, 0x43, 0xAB,
    0xD7, 0xF0, 0x3A, 0xB9, 0x6E, 0xDC, 0xF2, 0x57, 0x7C, 0xEF, 0xBE, 0x62, 0x5C, 0x50, 0x42, 0x8B,
    0xF8, 0xD9, 0x33, 0x3F, 0xBB, 0xD8, 0x03, 0x4D, 0xE4, 0xC5, 0xC9, 0xBB, 0x95, 0x11, 0x50, 0xA4,
    0x04, 0xBF, 0x04, 0x7B, 0xCE, 0x64, 0xF9, 0x94, 0xE0, 0xF1, 0x6F, 0xB5, 0x12, 0xE6, 0x82, 0x45,
    0xFA, 0xD4, 0xD5, 0x13, 0x80, 0x06, 0x48, 0x6F, 0x96, 0x47, 0x3E, 0xD4, 0x67, 0xEF, 0xA4, 0x50,
    0x0E, 0xA5, 0x27, 0x02, 0x72, 0xDA, 0xDA, 0x87, 0x33, 0x43, 0x9F, 0x38, 0x1A, 0x7E, 0x70, 0x10,
    0x9A, 0x9A, 0xCA, 0x08, 0xF8, 0xBD, 0xBF, 0x4A, 0x73, 0xDE, 0x7D, 0x48, 0x2C, 0x28, 0xA3, 0x5D,
    0x08, 0x81, 0x86, 0xE9, 0x07, 0x00, 0x29, 0x26, 0x83, 0x44, 0x70, 0xE2, 0xCE, 0xE8, 0xB4, 0xD6,
    0xF5, 0x8F, 0xE0, 0x2F, 0xEE, 0x45, 0x9F, 0x9B, 0x77, 0xA2, 0x11, 0x14, 0xD7, 0x3C, 0x8C, 0x3B,
    0xE4, 0x53, 0xF3, 0x24, 0x6D, 0x92, 0x26, 0x2D, 0x9E, 0xA4, 0x55, 0xCA, 0x4B, 0x56, 0x64, 0x48,
    0xAD, 0xB8, 0xD8, 0x82, 0x74, 0xB9, 0xA9, 0xAB, 0x53, 0x30, 0xE5, 0x57, 0xEE, 0xD5, 0x64, 0xEE,
    0x27, 0xEE, 0x97, 0x50, 0x69, 0x1E, 0x2C, 0x80, 0x17, 0x9F, 0x1F, 0xD7, 0x30, 0xA3, 0x9A, 0x0A,
    0xF3, 0x7D, 0xDA, 0x69, 0x39, 0x17, 0xDE, 0xC8, 0x11, 0x0F, 0x78, 0xAA, 0x38, 0xF4, 0xFA, 0x21,
    0x2D, 0xDA, 0x41, 0x69, 0x38, 0xFB, 0xAC, 0x2C, 0x37, 0xED, 0x27, 0xB3, 0x62, 0x05, 0xDC, 0x7A,
    0x51, 0x72, 0xD9, 0x2A, 0x66, 0x6B, 0x29, 0xAB, 0x94, 0x52, 0x4A, 0xCD, 0x45, 0xE0, 0x6A, 0x55,
    0x0A, 0x10, 0xBC, 0x94, 0x2F, 0x80, 0x4F, 0x1C, 0x43, 0x8D, 0xDC, 0x7D, 0xD6, 0x72, 0xD1, 0xB4,
    0xCD, 0x88, 0xCA, 0x1D, 0xC3, 0x3C, 0xED, 0x19, 0xE7, 0xC4, 0x45, 0x61, 0xBD, 0x25, 0x31, 0x37,
    0x76, 0xF3, 0xB1, 0xF3, 0x25, 0x45, 0xC3, 0xC9, 0x71, 0xB7, 0xA2, 0x95, 0x50, 0x81, 0x51, 0xC0,
    0xC5, 0xCC, 0x66, 0x2B, 0x26, 0x4C, 0x67, 0xC2, 0x85, 0x90, 0x14, 0xC9, 0xB7, 0x38, 0x4E, 0xD4,
    0x32, 0x72, 0x0D, 0x99, 0xB5, 0x13, 0xB8, 0xD6, 0xC2, 0x95, 0x52, 0x00, 0xA9, 0x40, 0xC6, 0xFB,
    0xCC, 0x4F, 0x33, 0x25, 0x45, 0x1E, 0xB4, 0xCF, 0x37, 0x58, 0x9D, 0x49, 0xA0, 0x60, 0xBA, 0x7B,
    0x26, 0xEB, 0xBA, 0x33, 0xAA, 0x04, 0x08, 0x8F, 0x5F, 0x5F, 0xC0, 0x95, 0x40, 0x23, 0x61, 0x44,
    0x6A, 0xB9, 0x0F, 0x20, 0x43, 0x7C, 0x16, 0x49, 0x69, 0x89, 0xD4, 0x28, 0xE8, 0xF5, 0x0E, 0xEF,
    0xB1, 0xCD, 0xC3, 0xE2, 0x2E, 0x31, 0xDF, 0x1E, 0xAB, 0xC3, 0x9D, 0xD4, 0xC6, 0x23, 0xAA, 0x10,
    0x38, 0x10, 0xCF, 0x94, 0x27, 0x74, 0xCF, 0xA9, 0x8D, 0x92, 0xF2, 0xF8, 0x94, 0x0B, 0xFD, 0xD0,
    0xAF, 0xAC, 0xDC, 0xCA, 0x6E, 0x6A, 0x26, 0x00, 0x90, 0x1B, 0xAF, 0x9F, 0x8E, 0x46, 0x81, 0x1C,
    0x8B, 0xCC, 0x31, 0x93, 0x29, 0x53, 0x3F, 0xBB, 0x31, 0x14, 0xB3, 0x8E, 0xE4, 0xC1, 0xF4, 0xE1,
    0x68, 0x60, 0xB6, 0x88, 0x55, 0x79, 0x80, 0x36, 0x77, 0xAA, 0x59, 0x5A, 0x4A, 0xCF, 0xD1, 0x56,
    0x7B, 0xFD, 0xC4, 0x93, 0x78, 0x06, 0x6C, 0xFB, 0xBC, 0x66, 0x3E, 0xD1, 0xE2, 0xA5, 0xBB, 0x52,
    0x02, 0x17, 0x1F, 0xA0, 0xCA, 0x60, 0x74, 0x44, 0x6F, 0x75, 0x8D, 0x7D, 0xD4, 0x07, 0x0E, 0xE2,
    0xF3, 0xB6, 0x67, 0x22, 0x7E, 0x84, 0xBD, 0x36, 0xC6, 0x67, 0x45, 0x8E, 0xCB, 0xCA, 0x1A, 0x56,
    0x4D, 0x2A, 0x19, 0xAE, 0xFA, 0x7C, 0xA3, 0x56, 0x9F, 0x6B, 0x41, 0xB9, 0x18, 0x93, 0x76, 0xE5,
    0xE5, 0x69, 0xF4, 0x56, 0x25, 0x79, 0x8A, 0x3F, 0x4E, 0x9E, 0xC7, 0x92, 0xC7, 0x7B, 0xD1, 0xF0,
    0xC7, 0xCB, 0x73, 0x8B, 0x7E, 0xAD, 0xFE, 0x13, 0xDC, 0xF6, 0x9F, 0x62, 0xF5, 0x9F, 0xE8, 0xAB,
    0xFD, 0x07, 0x98, 0x88, 0x99, 0xE1, 0xD6, 0xB6, 0x08, 0x34, 0x52, 0x1A, 0x8E, 0xA0, 0x09, 0x95,
    0xF1, 0x3C, 0x01, 0xE1, 0x46, 0xEC, 0xA9, 0xAB, 0x74, 0xC0, 0x6A, 0x15, 0xDD, 0xDE, 0x01, 0xE1,
    0xAE, 0xDC, 0x03, 0x9A, 0x6A, 0xCE, 0x09, 0x45, 0x67, 0xDF, 0xF0, 0x93, 0xE2, 0x21, 0x3E, 0xC7,
    0x18, 0x2D, 0x76, 0xF4, 0x73, 0xA5, 0x91, 0xD4, 0x50, 0xED, 0x55, 0xB4, 0x78, 0x1D, 0xCD, 0x66,
    0xA5, 0xA4, 0xA2, 0xA5, 0x93, 0x78, 0x8F, 0x22, 0xD9, 0x2B, 0xC9, 0x0D, 0xFE, 0xD2, 0x4B, 0x59,
    0x49, 0xAF, 0x7D, 0x40, 0x57, 0x72, 0xA7, 0x56, 0xFB, 0x59, 0x2F, 0x99, 0x3A, 0x05, 0x14, 0xE0,
    0x2D, 0x64, 0x80, 0x05, 0x27, 0xFD, 0xDC, 0x5B, 0x1E, 0xEF, 0x16, 0x17, 0xE3, 0xF2, 0x8E, 0x6B,
    0x76, 0xAB, 0xED, 0xD6, 0x11, 0xE4, 0xAD, 0xD3, 0xEF, 0x26, 0xDE, 0x4D, 0xB9, 0xDB, 0xD0, 0x3D,
    0xF7, 0x18, 0x70, 0x34, 0x98, 0x35, 0xF7, 0xC8, 0xE8, 0xA2, 0x23, 0x32, 0x80, 0xD8, 0xF1, 0x11,
    0x77, 0xED, 0x77, 0x2C, 0xE4, 0xC0, 0xA6, 0xB2, 0x43, 0x61, 0x52, 0xED, 0xAC, 0x5D, 0x7A, 0xB7,
    0xBA, 0x63, 0x3C, 0xF5, 0x00, 0xC7, 0xE2, 0xC4, 0x96, 0x73, 0x92, 0xBA, 0x99, 0xEC, 0x8A, 0x9C,
    0x5F, 0x01, 0x5C, 0x3F, 0xF3, 0x46, 0xF5, 0xE1, 0x94, 0x0B, 0x2A, 0x6B, 0x96, 0xEA, 0xA1, 0x18,
    0x0D, 0x79, 0x78, 0xAD, 0x44, 0xB7, 0x18, 0x7A, 0xF2, 0x0C, 0xFA, 0x85, 0xB9, 0x52, 0x36, 0x0B,
    0x26, 0x56, 0xBC, 0xE1, 0x4B, 0xBE, 0x1D, 0xD1, 0xBF, 0x31, 0xBE, 0x50, 0xAE, 0x7B, 0x9F, 0x2A,
    0x58, 0xB8, 0x81, 0x44, 0x51, 0x0E, 0x89, 0x3D, 0x3A, 0x8A, 0xD2, 0x68, 0x9D, 0x66, 0xFD, 0x05,
    0x1F, 0x61, 0x41, 0x6C, 0xCE, 0x6A, 0xC7, 0xB8, 0x81, 0xEE, 0x27, 0x27, 0x3B, 0x6C, 0xC7, 0x9A,
    0xC3, 0x9E, 0x76, 0x91, 0x32, 0xEF, 0x94, 0x15, 0x1C, 0x0A, 0xAD, 0xBD, 0xC6, 0x0E, 0xCA, 0x4A,
    0xF6, 0xCA, 0x3A, 0x68, 0xEC, 0x68, 0x76, 0xC6, 0xA5, 0x06, 0x1F, 0xA8, 0x39, 0xED, 0xC9, 0x48,
    0x25, 0x34, 0xF1, 0xAA, 0x8C, 0xED, 0xAF, 0x4C, 0xD8, 0xE5, 0x96, 0xCF, 0x40, 0x41, 0xA8, 0x8B,
    0x4A, 0x66, 0xE7, 0xF5, 0x67, 0x06, 0xDC, 0x4D, 0x35, 0x7E, 0xA8, 0xE2, 0x45, 0xD7, 0xB8, 0x9F,
    0x21, 0x15, 0x78, 0xFD, 0x7F, 0xA3, 0x54, 0x18, 0xF3, 0x22, 0xFF, 0x39, 0xAE, 0x43, 0x5E, 0xD8,
    0xEF, 0x8E, 0xF8, 0x2C, 0xAF, 0x6A, 0x08, 0x9A, 0xF4, 0x59, 0x35, 0xF3, 0xDA, 0x65, 0xBF, 0x98,
    0x20, 0x73, 0xDA, 0xA6, 0x9F, 0x0C, 0x89, 0xAE, 0xBF, 0xEA, 0x20, 0x39, 0x30, 0xEF, 0xD7, 0x84,
    0xBD, 0xBC, 0x49, 0x1D, 0x92, 0x2D, 0x64, 0x4E, 0x9C, 0xF4, 0x56, 0x24, 0x0B, 0x77, 0x61, 0x77,
    0x20, 0xC8, 0xA4, 0x4A, 0x4D, 0xB1, 0xE9, 0x42, 0x1F, 0x9E, 0xBC, 0x0F, 0x4F, 0xDE, 0x87, 0x67,
    0xEF, 0xC3, 0xA5, 0x4A, 0x87, 0xDA, 0xFA, 0x38, 0x42, 0x75, 0xC1, 0x38, 0x52, 0xB2, 0x82, 0x3D,
    0xD7, 0x4B, 0xCB, 0x38, 0x42, 0xB2, 0x87, 0x50, 0x00, 0xE5, 0x9E, 0x97, 0x41, 0x88, 0x1C, 0xF7,
    0xE1, 0xE8, 0xE3, 0x68, 0x4A, 0x15, 0x47, 0xB3, 0x0F, 0xA0, 0x2D, 0xCB, 0x46, 0x18, 0xD6, 0xC7,
    0x91, 0x7D, 0xA0, 0x38, 0xCA, 0x6B, 0xC5, 0x11, 0xE9, 0x10, 0x29, 0xA9, 0xD2, 0x01, 0xF4, 0x28,
    0x31, 0x62, 0xD5, 0x30, 0x27, 0xCA, 0xF6, 0xB5, 0xC7, 0x9F, 0x4B, 0x8F, 0x3F, 0x70, 0x32, 0x3C,
    0x97, 0x78, 0xFC, 0x51, 0x46, 0x08, 0x26, 0xD9, 0x70, 0x96, 0xE9, 0x66, 0xD9, 0x6E, 0x96, 0xF1,
    0x66, 0x59, 0x6F, 0x96, 0x73, 0x4C, 0x1C, 0x03, 0x8D, 0xD0, 0x77, 0x41, 0x0F, 0xE0, 0xA7, 0x49,
    0xCF, 0x3B, 0x33, 0x65, 0x73, 0xF9, 0x3C, 0x72, 0x31, 0x7C, 0x37, 0x61, 0x52, 0x7E, 0xCE, 0x58,
    0xBB, 0x91, 0xBF, 0x2A, 0x79, 0x03, 0x35, 0xB6, 0x39, 0xF7, 0x02, 0xD7, 0xAA, 0x62, 0x31, 0x4B,
    0x2D, 0xBF, 0xB9, 0x91, 0xDF, 0x77, 0x59, 0x9E, 0xB1, 0x5A, 0x17, 0x90, 0x36, 0x5E, 0x56, 0x94,
    0x8E, 0xE5, 0x4A, 0xC9, 0xD5, 0xE6, 0xEC, 0x4F, 0xC7, 0xE7, 0x93, 0x8F, 0xD4, 0x1E, 0xA0, 0x9C,
    0x89, 0x67, 0x1D, 0x43, 0xC8, 0x8E, 0x1E, 0x09, 0x4C, 0xA4, 0x88, 0xF2, 0xF9, 0x91, 0x73, 0x46,
    0xDA, 0x29, 0x76, 0x5D, 0xA8, 0x0B, 0xA5, 0x40, 0xA8, 0x35, 0x8A, 0xB9, 0x0F, 0x8B, 0x09, 0xAB,
    0x68, 0xC0, 0xD6, 0x5B, 0xFA, 0x64, 0x3A, 0x24, 0x1D, 0x24, 0x85, 0xA9, 0xB7, 0xD0, 0x44, 0xCE,
    0x72, 0xA1, 0x46, 0x89, 0x09, 0x0B, 0x38, 0x72, 0x7E, 0x14, 0xAF, 0x88, 0xED, 0x7C, 0xC6, 0x5E,
    0x2E, 0x55, 0x48, 0xBB, 0x05, 0x51, 0x7E, 0xD7, 0x9D, 0x65, 0x47, 0xF9, 0x26, 0xAC, 0x56, 0x31,
    0x91, 0xD7, 0xCE, 0x0E, 0xBC, 0xE8, 0xFC, 0x98, 0x17, 0x5D, 0xD3, 0x5B, 0x73, 0xD0, 0x5B, 0xEE,
    0xF5, 0x56, 0x84, 0x62, 0x47, 0xD1, 0xB2, 0xF1, 0xA5, 0x34, 0xD2, 0x35, 0xF4, 0xF6, 0x52, 0x7B,
    0x22, 0x5B, 0xD5, 0xFE, 0x52, 0x96, 0x8F, 0x18, 0xC5, 0x7C, 0x35, 0x93, 0x9F, 0xD5, 0xC3, 0x34,
    0xF6, 0x9B, 0xFB, 0x9E, 0x62, 0xC7, 0x05, 0xF9, 0x80, 0xAC, 0x49, 0xC3, 0x06, 0xBE, 0xF7, 0x69,
    0x32, 0x86, 0x53, 0xF4, 0xEC, 0x00, 0x99, 0xE2, 0x95, 0x6A, 0x2E, 0x44, 0xC4, 0xAD, 0x80, 0x1E,
    0x68, 0x72, 0xF5, 0x3E, 0x55, 0x5D, 0xC7, 0xAA, 0x0D, 0xF2, 0x3D, 0x7E, 0x08, 0x49, 0x22, 0x5F,
    0x9F, 0x95, 0x84, 0x2B, 0x26, 0xCA, 0x26, 0x71, 0x1F, 0xEF, 0x7A, 0x9F, 0x77, 0x3D, 0xF7, 0xC0,
    0xC3, 0x7E, 0xBC, 0xB7, 0x71, 0x9B, 0x8F, 0xAE, 0xA7, 0x73, 0x73, 0x9C, 0xCE, 0x7D, 0xD3, 0x63,
    0x3C, 0xB4, 0x3E, 0x7C, 0x0F, 0xF7, 0x38, 0xA9, 0xA7, 0xDD, 0x4D, 0x77, 0x59, 0x9D, 0xA6, 0xBA,
    0xE9, 0x34, 0xC7, 0xFC, 0x61, 0x7B, 0x60, 0x11, 0xE1, 0x74, 0x9D, 0x53, 0xC5, 0x6A, 0xB1, 0xFA,
    0x3E, 0xE5, 0xAA, 0xD9, 0x2E, 0x55, 0x8A, 0xF2, 0x29, 0xD0, 0xA7, 0xA8, 0x4C, 0x49, 0x2A, 0x57,
    0x9A, 0x52, 0xB2, 0xD2, 0x22, 0xE5, 0x9A, 0xAC, 0x7C, 0xBA, 0xDA, 0x6A, 0x4F, 0x5B, 0x2D, 0xB1,
    0x68, 0x1F, 0xB5, 0xA4, 0xAE, 0x45, 0xF4, 0x6C, 0xCB, 0xE2, 0x24, 0x17, 0x77, 0x4A, 0x7C, 0x8D,
    0x51, 0x93, 0x18, 0x2E, 0xAA, 0x2E, 0x6B, 0xD5, 0x92, 0xA5, 0x8A, 0xC9, 0x52, 0xB5, 0xB8, 0x7D,
    0x1D, 0x37, 0x47, 0xDD, 0x0D, 0x19, 0x1C, 0xB7, 0xEB, 0xED, 0x2E, 0x6E, 0xDE, 0x48, 0xEA, 0x46,
    0x52, 0x8B, 0x59, 0xA8, 0x19, 0x81, 0xB1, 0x96, 0x57, 0x52, 0xCF, 0xC9, 0x6F, 0x54, 0xC5, 0xFF,
    0x76, 0xD8, 0x17, 0x7E, 0x91, 0x8C, 0x29, 0x43, 0x63, 0x94, 0xB2, 0x97, 0x55, 0x49, 0x8E, 0xCE,
    0xE3, 0x74, 0xB5, 0x55, 0x6D, 0x18, 0x5C, 0xDC, 0x63, 0xC4, 0x20, 0xC3, 0x35, 0x06, 0x4D, 0x99,
    0xC9, 0xCC, 0x7F, 0x5D, 0x41, 0x5A, 0xB0, 0xF2, 0x9F, 0x54, 0x31, 0xCB, 0x6C, 0xFB, 0x0F, 0x95,
    0x5A, 0xB5, 0x36, 0xAD, 0x32, 0xA6, 0xB3, 0x8B, 0xB4, 0x62, 0x6D, 0x0B, 0x50, 0xAC, 0x28, 0x7A,
    0x30, 0xA6, 0x98, 0xCC, 0x94, 0x51, 0x9F, 0xB2, 0x20, 0x29, 0x51, 0x35, 0xFD, 0x2B, 0xAB, 0x7E,
    0x08, 0xFE, 0x63, 0x42, 0x33, 0xAE, 0xEF, 0x43, 0x3C, 0x9B, 0x17, 0xE9, 0x4F, 0xB0, 0x1F, 0x8B,
    0xF4, 0xF0, 0x53, 0xE2, 0xD3, 0x85, 0x49, 0x59, 0xD4, 0x02, 0xB0, 0x53, 0x82, 0x92, 0x1D, 0x05,
    0x9A, 0xC6, 0x22, 0x15, 0x2C, 0xBE, 0xCE, 0x54, 0x53, 0x89, 0x07, 0x13, 0x7B, 0x5A, 0x86, 0x80,
    0xA4, 0x6D, 0x11, 0x6D, 0x3E, 0x94, 0x68, 0x18, 0x26, 0x67, 0x4A, 0xED, 0xCB, 0x4A, 0x75, 0xCF,
    0xB0, 0x4B, 0x35, 0x38, 0xFF, 0xCB, 0xB7, 0xD5, 0x5E, 0x79, 0xCF, 0x73, 0x3E, 0x8E, 0xA5, 0x9F,
    0xB5, 0xC1, 0xB6, 0x22, 0xB3, 0x2F, 0x62, 0x19, 0xD4, 0xFA, 0xCC, 0xFD, 0x80, 0x93, 0x44, 0xB3,
    0xE2, 0x26, 0x1D, 0x55, 0xBC, 0xD9, 0x4E, 0xED, 0x80, 0xBA, 0x22, 0x52, 0x87, 0x8B, 0xDA, 0x01,
    0xC9, 0xA4, 0x8E, 0x09, 0x51, 0xC2, 0x17, 0xFB, 0xB4, 0xE9, 0x56, 0x9D, 0x92, 0x52, 0xCD, 0x17,
    0x66, 0xF9, 0x91, 0x96, 0x25, 0xFD, 0x50, 0x2F, 0x20, 0x15, 0xDF, 0x4C, 0xBA, 0x40, 0x1C, 0x5B,
    0xDE, 0xDA, 0x73, 0x19, 0x64, 0xC9, 0x46, 0xEC, 0x82, 0x72, 0xCC, 0x12, 0xDB, 0x29, 0x6A, 0xCA,
    0x7E, 0xDF, 0x24, 0x7C, 0x63, 0x14, 0x7C, 0x69, 0xD8, 0xA9, 0x31, 0xB6, 0x68, 0x9C, 0xCD, 0x9D,
    0xCD, 0xE6, 0xDC, 0xF7, 0xEB, 0xC6, 0x7D, 0x2D, 0x6F, 0xBC, 0xAB, 0x2C, 0xAF, 0x7F, 0xDB, 0x1D,
    0x75, 0xF7, 0x24, 0x0A, 0x6D, 0xB6, 0x6A, 0x2F, 0xD1, 0xDB, 0xF9, 0x97, 0xBD, 0xCD, 0x86, 0xE5,
    0x47, 0xAA, 0x08, 0x66, 0x15, 0xA0, 0x3C, 0x46, 0x00, 0xC0, 0xA7, 0xB0, 0x45, 0xFA, 0xFC, 0xCC,
    0x73, 0xC5, 0xCA, 0x77, 0x90, 0xED, 0x9A, 0x10, 0xEE, 0xAF, 0xAD, 0xE2, 0x8B, 0x75, 0x37, 0x6B,
    0xAD, 0xCF, 0xEE, 0x3C, 0x8F, 0x81, 0x18, 0xD5, 0x8A, 0xEC, 0xCE, 0x37, 0x98, 0x59, 0xE3, 0xA7,
    0xEB, 0xCF, 0xCD, 0xA9, 0xEC, 0x86, 0xC8, 0x48, 0xB0, 0xF7, 0x53, 0xDA, 0xB5, 0x59, 0x9D, 0xAD,
    0xF7, 0x27, 0xDD, 0x3A, 0xDF, 0xB0, 0xB6, 0x12, 0xA7, 0x75, 0xDD, 0xDD, 0x04, 0x9C, 0x50, 0x37,
    0xB6, 0x1E, 0xAD, 0x78, 0x73, 0xB8, 0xBB, 0x71, 0x36, 0xD7, 0x66, 0x8D, 0xC8, 0xBC, 0xF1, 0x73,
    0xF2, 0xF1, 0x2A, 0x5D, 0xFC, 0x06, 0xE9, 0xF2, 0x37, 0x6F, 0x94, 0xED, 0x7B, 0x0A, 0x72, 0xBC,
    0xD1, 0x68, 0x37, 0x55, 0xBB, 0x9F, 0xEA, 0xCE, 0x79, 0x25, 0x4A, 0x66, 0xA9, 0xEF, 0xE0, 0x6C,
    0xDF, 0xC7, 0x53, 0x6F, 0x40, 0xAD, 0x01, 0xBA, 0x47, 0x49, 0x58, 0x03, 0xCB, 0xC1, 0x8C, 0xD8,
    0xA8, 0x8E, 0x9C, 0xE2, 0x0E, 0xD2, 0xEB, 0x48, 0x08, 0x9F, 0x9D, 0x7A, 0xB2, 0x7F, 0x8F, 0x45,
    0x0D, 0x8B, 0x19, 0xFC, 0xBC, 0x03, 0xA1, 0x6C, 0x91, 0x36, 0x58, 0xF3, 0x84, 0x59, 0x2E, 0xA7,
    0xC1, 0xDC, 0xE5, 0x42, 0x67, 0x2E, 0x79, 0x46, 0x22, 0xE7, 0xCB, 0x57, 0x7E, 0x1A, 0xFC, 0xD0,
    0x29, 0xF3, 0x60, 0xDB, 0xFF, 0x76, 0xCA, 0x44, 0xFA, 0xC8, 0x13, 0xEF, 0x2D, 0x1D, 0x90, 0xF9,
    0x96, 0x20, 0x02, 0x7E, 0x7B, 0xB5, 0x20, 0x08, 0xDC, 0xE7, 0xA3, 0x39, 0x59, 0xDE, 0x1D, 0xD6,
    0xAC, 0x7F, 0x18, 0x4E, 0xAF, 0x1D, 0x3E, 0x98, 0x29, 0x7F, 0x06, 0x3A, 0x8C, 0x49, 0x59, 0x32,
    0x55, 0xC0, 0xA8, 0xBC, 0xC5, 0x44, 0x69, 0x47, 0xE9, 0xFB, 0xB8, 0xF3, 0x1D, 0x64, 0x1D, 0x44,
    0x6A, 0xD0, 0x49, 0x17, 0xB8, 0x24, 0x43, 0x4B, 0x04, 0x1B, 0xCE, 0x6B, 0x2B, 0x3B, 0x02, 0x1C,
    0xEE, 0x97, 0xF0, 0xF5, 0x87, 0x39, 0x4C, 0xF2, 0xE4, 0xC4, 0xF7, 0xEC, 0x09, 0xFC, 0x4C, 0xDB,
    0xF5, 0xA5, 0x53, 0x78, 0x36, 0x50, 0xDB, 0x5F, 0xF8, 0xD4, 0x73, 0x54, 0x51, 0x14, 0xD7, 0x28,
    0xB8, 0xDD, 0xC7, 0x1C, 0xA6, 0xFF, 0x47, 0x20, 0x3E, 0xC2, 0x2A, 0x61, 0x2F, 0x36, 0x14, 0xFD,
    0x67, 0x2F, 0xF6, 0x26, 0x95, 0x39, 0x7D, 0x5D, 0xB3, 0x1A, 0x7B, 0x27, 0x1A, 0xBA, 0xFF, 0xE4,
    0x99, 0xDB, 0xE5, 0x1F, 0x06, 0xE2, 0x56, 0x2D, 0x72, 0x99, 0xF7, 0x2A, 0xCC, 0x48, 0x7D, 0xF9,
    0x0B, 0xE1, 0x42, 0xA9, 0x21, 0xF5, 0x89, 0x5E, 0xA3, 0x3F, 0x68, 0xCA, 0x8B, 0xB5, 0x4C, 0xCB,
    0xD9, 0x68, 0x86, 0x2C, 0x84, 0x2F, 0x08, 0xE3, 0xCB, 0x76, 0x2E, 0x5B, 0x3E, 0x3B, 0x15, 0x89,
    0xE2, 0x81, 0x1E, 0xD3, 0x7C, 0xFD, 0x1C, 0x3A, 0x9C, 0x71, 0x3F, 0xDB, 0x5C, 0x9D, 0x94, 0x86,
    0xA9, 0xC0, 0x9E, 0x9C, 0xB7, 0x38, 0x06, 0x94, 0xE6, 0x67, 0xB7, 0x77, 0xAA, 0x8C, 0x3C, 0xEF,
    0xBB, 0xDD, 0xDD, 0xDA, 0x6B, 0x64, 0x84, 0x13, 0xA6, 0xF3, 0x2B, 0xB3, 0x66, 0xCA, 0xBD, 0xFF,
    0x5A, 0xE4, 0x3E, 0x0B, 0x52, 0xF1, 0x77, 0xCB, 0x07, 0xD7, 0x03, 0xF5, 0x28, 0x58, 0xAF, 0x85,
    0xC2, 0x8D, 0x60, 0xDD, 0x85, 0x02, 0xA4, 0x3F, 0xFB, 0x16, 0x16, 0x19, 0xBF, 0x03, 0xF4, 0x58,
    0x9E, 0x22, 0x5B, 0xE5, 0x13, 0x75, 0x3E, 0x89, 0x9F, 0xC7, 0xCC, 0x00, 0xC9, 0xC1, 0x0D, 0x78,
    0x78, 0x87, 0x21, 0xE6, 0x90, 0xB4, 0xAC, 0x23, 0x68, 0x54, 0x10, 0xC6, 0x05, 0xB5, 0xB7, 0xF1,
    0xCD, 0x07, 0xF7, 0xA0, 0x30, 0xE1, 0xE3, 0xC3, 0x1E, 0xB7, 0x26, 0xA6, 0xC4, 0x30, 0xFF, 0xC8,
    0x53, 0x47, 0x86, 0xAD, 0x9A, 0xCB, 0xA3, 0xF9, 0x4A, 0xE7, 0xBC, 0xFB, 0x52, 0xCE, 0xA9, 0x7A,
    0xBE, 0x81, 0x73, 0xF2, 0x78, 0x93, 0x94, 0x6D, 0xC0, 0xC0, 0x62, 0xA6, 0xD1, 0x99, 0xA4, 0x4E,
    0xE3, 0x75, 0xB0, 0xA4, 0x23, 0x0D, 0x19, 0x4F, 0x27, 0x4C, 0x3A, 0x94, 0xD7, 0x11, 0x93, 0xE5,
    0xB4, 0x3A, 0x38, 0xF4, 0x67, 0x4D, 0x99, 0xA7, 0x02, 0x8D, 0x3F, 0x90, 0x5B, 0x99, 0xE6, 0xCC,
    0xEC, 0x78, 0x6F, 0x77, 0x06, 0x75, 0x7C, 0x0C, 0xB5, 0x3F, 0xBB, 0xBA, 0x71, 0x7C, 0xE5, 0x1D,
    0xF0, 0x89, 0x6F, 0xFD, 0x33, 0x4D, 0xE9, 0x08, 0xE0, 0xC9, 0x8D, 0x9E, 0xF3, 0x0D, 0x6B, 0xBC,
    0x16, 0x3A, 0x5F, 0x83, 0xC2, 0xD3, 0x6D, 0x70, 0x8A, 0x7D, 0xD1, 0x7F, 0x4F, 0x9D, 0x9E, 0xE2,
    0xAD, 0x54, 0x48, 0x36, 0x3C, 0xC2, 0x7D, 0xC3, 0x31, 0xE2, 0xA9, 0x29, 0xFB, 0xDE, 0x3D, 0x32,
    0x5B, 0xF4, 0x39, 0x53, 0xE2, 0x6F, 0x59, 0x3F, 0xD3, 0xDB, 0x52, 0x96, 0x01, 0x29, 0x39, 0x6A,
    0xFA, 0xF9, 0xB4, 0x76, 0x3C, 0xF3, 0xA2, 0x5C, 0x19, 0x9A, 0x55, 0x3A, 0xE5, 0xCA, 0x3C, 0xD1,
    0xC6, 0xEC, 0xD1, 0x60, 0xDE, 0xF2, 0x00, 0x8F, 0x06, 0xBA, 0x71, 0xF0, 0xE7, 0x5F, 0x9F, 0x89,
    0x8A, 0xF0, 0x7B, 0x12, 0x19, 0x58, 0x4F, 0x17, 0xFC, 0xDE, 0xB9, 0xD8, 0x4D, 0xE1, 0xAB, 0x2B,
    0xF7, 0xE0, 0x72, 0x81, 0xA9, 0x51, 0x52, 0xD6, 0x90, 0x18, 0xD9, 0xBE, 0x94, 0xB9, 0x8D, 0x8D,
    0x95, 0xD5, 0x4F, 0x31, 0x23, 0xD1, 0x94, 0xA1, 0x5B, 0x80, 0x1C, 0x29, 0x5E, 0xA7, 0xF5, 0x92,
    0x11, 0x66, 0x83, 0x91, 0x1F, 0xF8, 0x4A, 0x0D, 0x05, 0xF2, 0x60, 0x75, 0x00, 0xDF, 0xAF, 0x17,
    0x7E, 0x0E, 0xC1, 0x2E, 0x28, 0x25, 0xAC, 0x32, 0xD0, 0xC5, 0x7E, 0x4F, 0x17, 0x7B, 0xF5, 0xA7,
    0xB9, 0xD8, 0xEA, 0x67, 0xB7, 0x5D, 0x6C, 0x45, 0x05, 0x8F, 0x7F, 0xC5, 0x0E, 0x15, 0xC4, 0x87,
    0x05, 0xA0, 0x71, 0x87, 0x6D, 0xC4, 0x6C, 0x6A, 0xC5, 0x9D, 0x55, 0x63, 0x4B, 0x8C, 0x53, 0x27,
    0x32, 0x64, 0x8C, 0xAA, 0x43, 0xD2, 0x0E, 0x0F, 0x1E, 0xE1, 0x5F, 0x4E, 0xFC, 0xFB, 0x0E, 0x7B,
    0xF3, 0x8F, 0x4A, 0xF6, 0xFE, 0x16, 0x2C, 0x52, 0xB7, 0xC9, 0x60, 0x78, 0xA6, 0x8B, 0xDD, 0x06,
    0xFA, 0x0A, 0x83, 0xBE, 0xC0, 0xA1, 0xEF, 0x6F, 0xF0, 0xEB, 0x1B, 0x01, 0x87, 0x70, 0x0D, 0x65,
    0xF6, 0xF6, 0x58, 0x80, 0x75, 0x60, 0x7D, 0x25, 0x6A, 0x7F, 0x40, 0x73, 0xF6, 0x3E, 0xD2, 0x4E,
    0x5E, 0xD4, 0x67, 0x5F, 0xE1, 0x4A, 0xC0, 0xD4, 0xE2, 0x09, 0xFC, 0xAE, 0xC3, 0x6A, 0x97, 0x57,
    0xBD, 0x00, 0x15, 0x08, 0x60, 0x59, 0x4D, 0x65, 0x6B, 0x4A, 0x60, 0x0B, 0x5E, 0x58, 0xEA, 0x87,
    0xF5, 0xDB, 0x28, 0x39, 0x0F, 0xD6, 0x4A, 0x0F, 0xA3, 0x69, 0xC7, 0x16, 0xDD, 0x52, 0x23, 0xC9,
    0xB9, 0x05, 0x93, 0x3F, 0xE8, 0xA6, 0xFD, 0x89, 0xE1, 0x7E, 0x30, 0xFA, 0x8E, 0x43, 0x3D, 0xF9,
    0x43, 0xD9, 0xE1, 0x6E, 0x1B, 0x0C, 0x30, 0xCE, 0x17, 0x4B, 0x45, 0x3A, 0x49, 0xEE, 0x14, 0x4D,
    0x6B, 0x27, 0xEC, 0xA8, 0x0B, 0xF6, 0x55, 0x71, 0x45, 0x48, 0xE5, 0x09, 0x35, 0x16, 0x1F, 0x59,
    0xF0, 0xE1, 0xFE, 0xEF, 0xEB, 0x39, 0x35, 0x94, 0x0A, 0xBF, 0xA8, 0x4E, 0x51, 0xB2, 0x95, 0xA4,
    0x84, 0x28, 0x75, 0xE1, 0x46, 0x55, 0x32, 0x00, 0xB7, 0x3A, 0xC1, 0x16, 0x8F, 0xD3, 0x8F, 0xDC,
    0x1E, 0x08, 0x8C, 0x17, 0x30, 0x38, 0x1C, 0x6F, 0x01, 0xC6, 0x6D, 0xB7, 0xFF, 0x8C, 0xDD, 0x9F,
    0x64, 0xF2, 0xDF, 0xAE, 0xD0, 0xD7, 0x17, 0x70, 0xDF, 0xEA, 0x52, 0xF2, 0x60, 0x0D, 0x3B, 0xE7,
    0x5A, 0x5D, 0x4A, 0x7E, 0x5B, 0x72, 0x38, 0x25, 0xC7, 0xBC, 0xA0, 0xA1, 0xB7, 0x3C, 0x40, 0x2B,
    0xD5, 0x4A, 0xBB, 0xE4, 0xE9, 0x87, 0xFB, 0x1D, 0x1B, 0xFE, 0xDF, 0xEB, 0x28, 0x54, 0xE9, 0x59,
    0x81, 0xE5, 0xCD, 0x96, 0xDB, 0xB0, 0xD4, 0x92, 0x16, 0xC8, 0x0B, 0x18, 0x28, 0x2B, 0x64, 0x16,
    0xD6, 0xCC, 0x3F, 0x62, 0x99, 0xFF, 0x09, 0x83, 0xFE, 0x97, 0xD4, 0xE5, 0xA7, 0xA4, 0x3D, 0x2F,
    0xAA, 0x95, 0xA6, 0xC7, 0xFB, 0x43, 0x39, 0x15, 0x91, 0xA7, 0x6A, 0xB1, 0x9D, 0xF2, 0xF8, 0x7D,
    0x82, 0x64, 0x1D, 0x1B, 0x4F, 0x65, 0xC7, 0xB0, 0x5A, 0x3A, 0xF8, 0x6E, 0xF0, 0x07, 0x30, 0x03,
    0x1B, 0xFD, 0x5F, 0x9F, 0x57, 0x36, 0xFA, 0x0F, 0xBC, 0x6B, 0x93, 0x9F, 0xF7, 0x5B, 0x94, 0x23,
    0xEF, 0xF6, 0x70, 0xAE, 0x3C, 0x00, 0x1D, 0xC9, 0x4F, 0x03, 0x88, 0x09, 0x0D, 0xBC, 0xEA, 0xD8,
    0x45, 0x82, 0x25, 0xA1, 0x67, 0xA8, 0x34, 0xEB, 0x8C, 0xDB, 0x97, 0xF1, 0x95, 0x78, 0x5E, 0xAE,
    0x1A, 0x2D, 0x6D, 0xC8, 0xDB, 0x93, 0x2E, 0xF6, 0xBC, 0xBD, 0x53, 0xF7, 0x85, 0xB9, 0x72, 0x12,
    0xF1, 0xAD, 0x8F, 0x68, 0xB2, 0x67, 0xEC, 0x62, 0xC5, 0xE2, 0x1D, 0x26, 0x7E, 0xC5, 0xF7, 0xB3,
    0xFF, 0x51, 0x31, 0x51, 0x4D, 0xAA, 0x0E, 0xE7, 0x5D, 0x5D, 0xE8, 0x2B, 0x42, 0xEB, 0xFB, 0xB2,
    0xA7, 0xBE, 0x83, 0xB9, 0x6F, 0x5E, 0xFA, 0x4E, 0x21, 0x56, 0xCB, 0x75, 0xE2, 0x49, 0xD7, 0xCD,
    0x88, 0x84, 0x59, 0x85, 0xE7, 0x55, 0x6B, 0xA5, 0x3F, 0xA6, 0xCA, 0x7E, 0x45, 0x58, 0xFF, 0xB4,
    0x79, 0x83, 0xCA, 0x6E, 0x7F, 0x2B, 0xE3, 0x8E, 0xCA, 0x2D, 0xD1, 0x45, 0x9D, 0xAF, 0xD4, 0x6C,
    0xC7, 0xAA, 0x2B, 0xB1, 0xD9, 0xD4, 0xED, 0x7A, 0x1A, 0x1C, 0xCC, 0x3B, 0x76, 0x99, 0xBD, 0xFD,
    0x5B, 0xF6, 0xF9, 0xE6, 0x31, 0x89, 0xE1, 0xC8, 0x39, 0x07, 0xAF, 0x87, 0x48, 0xFD, 0xA1, 0xE2,
    0x8D, 0x81, 0x51, 0x5E, 0x4F, 0x38, 0x02, 0xF4, 0xD6, 0x93, 0x8C, 0xFC, 0x88, 0x7D, 0x2B, 0x77,
    0xBD, 0x21, 0xC6, 0xF4, 0xF3, 0x19, 0xFE, 0x9E, 0x7C, 0x11, 0x72, 0xF1, 0xA5, 0xFF, 0x54, 0x38,
    0x32, 0xCC, 0x4E, 0xEA, 0x63, 0x36, 0xF2, 0x1A, 0x46, 0x32, 0x1F, 0x11, 0x74, 0x1D, 0xB9, 0xAD,
    0x6B, 0xE2, 0xD9, 0x7D, 0x03, 0xFC, 0x58, 0x9C, 0xC6, 0x4F, 0x77, 0xD4, 0xF8, 0xBE, 0x33, 0x1B,
    0xDF, 0x99, 0x24, 0xD5, 0xFC, 0x27, 0x13, 0x30, 0xC7, 0xC5, 0x6D, 0xE6, 0xDC, 0x79, 0x63, 0xDF,
    0xAD, 0x5D, 0xF1, 0x75, 0x13, 0xBF, 0x34, 0xFF, 0x0F, 0xD5, 0x5A, 0xBD, 0x6F, 0xDD, 0xD6, 0x15,
    0xBF, 0x24, 0x63, 0xB3, 0x31, 0x91, 0x5E, 0x0F, 0x46, 0x81, 0xDA, 0x40, 0xD9, 0x21, 0x43, 0x63,
    0xA0, 0xE1, 0x9A, 0x41, 0x36, 0x99, 0x64, 0xEC, 0x92, 0x25, 0x7B, 0x87, 0x2C, 0x75, 0x87, 0x2C,
    0x1D, 0x32, 0x58, 0x22, 0x91, 0x0C, 0x19, 0xBA, 0x68, 0xEB, 0x9A, 0x41, 0x05, 0x0A, 0x79, 0x50,
    0x46, 0x0F, 0xD2, 0x23, 0x8D, 0x0E, 0x1D, 0x32, 0x94, 0x41, 0xFF, 0x80, 0xB0, 0x88, 0x81, 0x16,
    0x12, 0x50, 0xB3, 0x28, 0x93, 0xD2, 0x0A, 0xC9, 0xDB, 0xDF, 0xEF, 0x1C, 0xBE, 0xF7, 0x64, 0xC9,
    0x46, 0x1C, 0xA0, 0x56, 0x14, 0xEA, 0xBD, 0xF3, 0x28, 0x7E, 0xDC, 0x7B, 0xBE, 0xBF, 0xEE, 0x35,
    0xB7, 0x8D, 0x71, 0xD9, 0xFC, 0xC1, 0xB9, 0x1E, 0x57, 0x8D, 0x69, 0x8D, 0xD7, 0x1A, 0xBF, 0x31,
    0x01, 0x3E, 0xB5, 0x09, 0x2B, 0x13, 0x55, 0xC6, 0x56, 0x26, 0xAE, 0x4C, 0x52, 0x98, 0x34, 0x33,
    0xA9, 0xE1, 0x27, 0x37, 0x66, 0x61, 0xCC, 0xC8, 0x77, 0xA2, 0x15, 0xB0, 0xF8, 0xFA, 0xAE, 0x31,
    0x26, 0x71, 0xB8, 0xE3, 0x16, 0xCE, 0x04, 0xC3, 0x46, 0x52, 0x84, 0xED, 0xC6, 0xCB, 0xC6, 0xD6,
    0x6F, 0x18, 0x0C, 0xF2, 0x3B, 0xDC, 0x2C, 0x3E, 0xC5, 0x10, 0x59, 0xCB, 0x71, 0x08, 0xBC, 0x86,
    0xA0, 0x06, 0x78, 0xAB, 0xC2, 0xDD, 0x3F, 0x57, 0x9F, 0x98, 0xF8, 0xCB, 0x0F, 0x07, 0x63, 0xDD,
    0xA3, 0xCE, 0x04, 0xCE, 0xE1, 0xE2, 0xFB, 0x8F, 0xE7, 0xD1, 0xCD, 0x8F, 0x09, 0x7E, 0x24, 0xB8,
    0xDE, 0x70, 0xDB, 0x80, 0xCE, 0x0D, 0x06, 0x4F, 0xDD, 0x73, 0x78, 0xA0, 0x33, 0x79, 0x41, 0x44,
    0x63, 0x81, 0x86, 0x53, 0x11, 0xC6, 0x0A, 0xE5, 0x8A, 0x25, 0xC4, 0xA0, 0x20, 0x5A, 0xA1, 0x09,
    0x5B, 0x5E, 0x0F, 0x04, 0xEA, 0x79, 0xD8, 0x08, 0x45, 0xB5, 0x3C, 0x2F, 0xEF, 0x2A, 0x7F, 0xEE,
    0xCB, 0x83, 0xEE, 0xA1, 0xC9, 0x40, 0xA0, 0xDB, 0xAB, 0x4D, 0x7A, 0xE4, 0x40, 0xED, 0xAB, 0xE6,
    0xC6, 0x94, 0x29, 0xFB, 0xDE, 0xF0, 0x76, 0xFC, 0xEA, 0x76, 0xEA, 0x3E, 0xAB, 0x2C, 0x06, 0x37,
    0x61, 0xEF, 0x8F, 0xC6, 0x36, 0x60, 0x16, 0x50, 0x48, 0xB2, 0x24, 0xC3, 0x6F, 0xC2, 0x31, 0xD7,
    0x40, 0x6E, 0x00, 0xA9, 0xD4, 0x84, 0x9D, 0x37, 0x9A, 0xD0, 0xED, 0x8D, 0x26, 0x2E, 0xDD, 0xA3,
    0x6C, 0x23, 0x9A, 0x82, 0x0A, 0xE2, 0x30, 0x59, 0x04, 0x74, 0xA2, 0x8E, 0xA8, 0x25, 0x75, 0xD0,
    0x81, 0xF5, 0x85, 0xDF, 0x83, 0x6E, 0xE3, 0x0D, 0x60, 0x2F, 0x65, 0x10, 0x75, 0x14, 0x46, 0xDC,
    0x50, 0x2A, 0x69, 0x41, 0xB6, 0x82, 0x19, 0xE0, 0xE6, 0x40, 0xAA, 0xFF, 0xD2, 0x91, 0x8A, 0x2F,
    0x48, 0x92, 0x25, 0x2B, 0x4D, 0xE4, 0xE4, 0xD4, 0x4D, 0x4B, 0x68, 0x38, 0xE8, 0x92, 0xF6, 0x88,
    0x30, 0x75, 0xAE, 0x5F, 0x42, 0x08, 0x6E, 0xCD, 0xBD, 0x84, 0xF0, 0x60, 0x7D, 0x2C, 0xD5, 0xE6,
    0xC9, 0x4B, 0x65, 0x23, 0xD3, 0x70, 0xE8, 0xE4, 0x98, 0x2C, 0x4E, 0x33, 0x8A, 0x60, 0x61, 0x5E,
    0xE2, 0xA3, 0xF2, 0x42, 0x29, 0x30, 0x97, 0x41, 0xD3, 0x4E, 0xD4, 0x86, 0x8F, 0xC7, 0x7F, 0x27,
    0x8A, 0xA0, 0x02, 0x58, 0x0C, 0x26, 0xEA, 0x8D, 0xD7, 0x1B, 0x7F, 0x30, 0x7E, 0xC7, 0x7F, 0x71,
    0x02, 0xE8, 0x39, 0x42, 0xE3, 0x2A, 0x62, 0x9D, 0x76, 0xA4, 0x3A, 0x12, 0x39, 0x7A, 0x4E, 0xC8,
    0x48, 0x55, 0x6C, 0x27, 0xC4, 0x49, 0xD1, 0xBE, 0x2E, 0xE7, 0x79, 0x16, 0xD7, 0x82, 0x53, 0xB1,
    0xC4, 0xCF, 0x13, 0x5C, 0x5F, 0x37, 0x77, 0xF3, 0xCC, 0xE1, 0x83, 0x13, 0xDC, 0x17, 0x69, 0x42,
    0x3B, 0x38, 0x5E, 0xE2, 0xF6, 0xC8, 0xAF, 0xB2, 0x20, 0xB2, 0xC4, 0x00, 0xE3, 0x84, 0x8D, 0xB7,
    0x03, 0x1C, 0x6C, 0x95, 0xB8, 0x6C, 0xD3, 0xC4, 0x50, 0xC1, 0x2A, 0x31, 0xB7, 0xFD, 0x31, 0x6C,
    0x6D, 0xB6, 0x11, 0xB4, 0x5E, 0x16, 0x15, 0x77, 0x61, 0x3D, 0xB0, 0x9D, 0xBB, 0x61, 0xCD, 0x9F,
    0x0F, 0xF8, 0x13, 0x2C, 0xFF, 0x9B, 0xEF, 0x6D, 0x10, 0xAF, 0xA8, 0xE0, 0x7B, 0x8D, 0xCD, 0x12,
    0x8C, 0x52, 0x27, 0x18, 0x33, 0xE5, 0x98, 0x61, 0x73, 0x79, 0x67, 0xA6, 0x98, 0x78, 0xEB, 0xEC,
    0x40, 0x4C, 0x70, 0x99, 0x31, 0x9B, 0xF1, 0xBC, 0x03, 0x9D, 0xA9, 0xED, 0x87, 0x62, 0xB5, 0x3F,
    0x69, 0x43, 0xD7, 0x26, 0x7F, 0x68, 0x37, 0x83, 0xE6, 0xAE, 0xAD, 0x53, 0x57, 0xC5, 0x5F, 0xC2,
    0x7C, 0x5B, 0x10, 0x9D, 0x54, 0x50, 0x8C, 0x3C, 0x03, 0xC9, 0x13, 0x74, 0x26, 0xE8, 0x21, 0x66,
    0x3B, 0x5F, 0x87, 0x45, 0xF3, 0x7A, 0x9A, 0x2D, 0x68, 0x29, 0x29, 0x4D, 0x04, 0x66, 0x03, 0x9C,
    0x2A, 0x70, 0x0E, 0xBA, 0xE7, 0xF5, 0x44, 0x74, 0x80, 0xCE, 0xDD, 0xDC, 0xDD, 0xDD, 0xFD, 0x24,
    0x87, 0x62, 0xB7, 0x02, 0x28, 0xB5, 0xE7, 0x01, 0x37, 0x77, 0xFF, 0x54, 0xBA, 0x41, 0x94, 0xE9,
    0x39, 0x58, 0xBB, 0xBB, 0xE3, 0x91, 0xB5, 0xCE, 0x15, 0xCA, 0xDA, 0x06, 0xAC, 0x35, 0xBD, 0xB0,
    0xD6, 0xF4, 0x7E, 0x0B, 0xD6, 0x1A, 0x20, 0x04, 0x2E, 0x9A, 0x69, 0xAF, 0x01, 0x6B, 0xC9, 0x7D,
    0xB0, 0xD6, 0xC0, 0xE3, 0xF0, 0x62, 0xBF, 0x45, 0xD6, 0x9A, 0x3E, 0x81, 0x10, 0xF0, 0x9E, 0xAD,
    0xC8, 0x5A, 0xBC, 0x00, 0xD6, 0x16, 0x3B, 0xDE, 0xCE, 0xA6, 0x1A, 0xF7, 0x93, 0xAC, 0xAD, 0x4F,
    0xB2, 0xB6, 0x5F, 0xB1, 0xF6, 0xE6, 0xEE, 0x4E, 0xE9, 0xBA, 0xD2, 0xB5, 0x61, 0x6F, 0x62, 0x97,
    0xE5, 0x7B, 0xD5, 0x7E, 0x50, 0x77, 0x7E, 0x83, 0x0F, 0x4E, 0xF0, 0x2F, 0x2E, 0xE2, 0xD6, 0x33,
    0x49, 0xBF, 0x73, 0xEF, 0x78, 0xB7, 0x28, 0xC1, 0xA9, 0x4A, 0xC0, 0xB3, 0x59, 0xB4, 0x3A, 0xEE,
    0x80, 0xC1, 0x27, 0xDF, 0xC8, 0x6B, 0xDF, 0x0D, 0x61, 0xBD, 0x79, 0x19, 0xA4, 0x98, 0x5B, 0x86,
    0xCA, 0xD9, 0x53, 0x9D, 0x21, 0x9A, 0x2D, 0x5A, 0x2D, 0xE4, 0x04, 0xF4, 0x20, 0x0A, 0xAF, 0x2C,
    0x22, 0xD7, 0xC6, 0x59, 0xF7, 0x32, 0x1E, 0x30, 0x1D, 0x87, 0xC5, 0xEB, 0xF8, 0x80, 0x44, 0xBF,
    0xBD, 0xE6, 0xB7, 0xFB, 0x41, 0x03, 0x75, 0x08, 0xE1, 0x95, 0xDB, 0xA0, 0x8B, 0xDA, 0xA4, 0x38,
    0x10, 0x2F, 0x3E, 0x60, 0x1C, 0x80, 0x03, 0xDA, 0x99, 0x98, 0xD9, 0xC0, 0xE1, 0x09, 0x3C, 0x4E,
    0x84, 0x0B, 0x61, 0x83, 0x0B, 0x51, 0x2D, 0x93, 0x0A, 0x00, 0xFF, 0x92, 0x0A, 0xBE, 0x31, 0x2D,
    0xE0, 0xD8, 0xCA, 0xCC, 0xB6, 0xBE, 0xCB, 0xEC, 0x54, 0xBA, 0x87, 0xB1, 0x9B, 0x92, 0x36, 0xC9,
    0x1F, 0x46, 0x6D, 0x2A, 0x76, 0x48, 0xB0, 0xB5, 0x02, 0x62, 0xF6, 0x83, 0x50, 0x19, 0x51, 0x77,
    0x40, 0x20, 0xDE, 0x3C, 0x2E, 0xB7, 0x23, 0xD7, 0xA4, 0x60, 0x2F, 0x40, 0xEA, 0xEA, 0x2D, 0x80,
    0xEA, 0xC0, 0xE4, 0xAE, 0x1A, 0x00, 0x0A, 0x82, 0xAC, 0xC7, 0xB5, 0x37, 0x29, 0x01, 0x62, 0xE3,
    0xA8, 0x8B, 0x0B, 0x82, 0x03, 0x0A, 0x72, 0x9F, 0x16, 0x35, 0xD0, 0x53, 0x0F, 0xE0, 0x89, 0x07,
    0x71, 0x83, 0x08, 0xF8, 0x1A, 0xC8, 0x3B, 0x23, 0x80, 0x44, 0x31, 0x30, 0x88, 0x48, 0xE9, 0xCF,
    0xB7, 0xA8, 0xDB, 0x07, 0x04, 0x03, 0x55, 0x9D, 0x20, 0xA3, 0x52, 0x62, 0x74, 0x63, 0xB3, 0xB4,
    0x4A, 0xEB, 0x14, 0xEA, 0x02, 0xA7, 0x50, 0x07, 0x05, 0x62, 0xC9, 0x5D, 0xB3, 0x71, 0xF5, 0xBE,
    0xF8, 0x87, 0x36, 0x68, 0xF3, 0xC6, 0xD5, 0x41, 0x1D, 0x56, 0x61, 0x15, 0x15, 0x36, 0xB3, 0x59,
    0x6C, 0xA8, 0x97, 0xB7, 0x8C, 0x3F, 0x01, 0xB3, 0xEA, 0x76, 0xD8, 0xEC, 0xFB, 0x6D, 0xAF, 0x9F,
    0xA0, 0x39, 0x88, 0x68, 0xC6, 0xE2, 0xBE, 0x96, 0xB6, 0x03, 0x2E, 0x0C, 0x64, 0xCA, 0x82, 0x41,
    0x49, 0x8D, 0x2C, 0x33, 0x11, 0x8D, 0x2C, 0x6A, 0xE1, 0x61, 0xE3, 0x3A, 0x65, 0x70, 0x85, 0x0E,
    0x4E, 0x3E, 0xDD, 0x3A, 0xE4, 0x26, 0x76, 0x1B, 0xAB, 0xDD, 0x52, 0x37, 0xEF, 0xF2, 0x75, 0x88,
    0x05, 0xE3, 0xA4, 0xF0, 0x8A, 0x3D, 0xFD, 0x26, 0x35, 0x58, 0xD4, 0x01, 0xC6, 0x8F, 0xF1, 0x10,
    0xB5, 0x41, 0x23, 0xA2, 0x36, 0x43, 0x62, 0x45, 0xAF, 0x19, 0x52, 0x5E, 0x88, 0xE0, 0x78, 0x64,
    0xC7, 0x16, 0x69, 0x16, 0x74, 0x16, 0x76, 0x6E, 0xDB, 0x4B, 0x1C, 0xA5, 0xA5, 0xB0, 0xBF, 0x6E,
    0x80, 0x46, 0xF0, 0xB7, 0x06, 0x53, 0xD9, 0xB7, 0x21, 0x56, 0x73, 0x0B, 0x21, 0xFF, 0x00, 0xC6,
    0xF5, 0x4F, 0x6F, 0xF0, 0x11, 0x5C, 0x83, 0x16, 0x46, 0x21, 0x2C, 0xB6, 0xE2, 0xC5, 0x63, 0x91,
    0x6C, 0x22, 0xF8, 0x6C, 0xAD, 0xF1, 0x81, 0x36, 0x02, 0x1F, 0xBA, 0x8B, 0x25, 0x3E, 0x78, 0x0C,
    0xF8, 0x1C, 0x10, 0x1F, 0x8F, 0xF8, 0x50, 0x87, 0x80, 0x0F, 0x47, 0x8A, 0xAA, 0xB8, 0xB8, 0x93,
    0x01, 0x9F, 0xC0, 0x01, 0x9F, 0xD1, 0x3E, 0x18, 0x2E, 0x79, 0x7D, 0x64, 0xF6, 0xC5, 0x55, 0xEF,
    0x4B, 0xC4, 0xE9, 0xA9, 0xDC, 0x3A, 0x0A, 0xF0, 0x19, 0x38, 0x23, 0xB9, 0xD8, 0x8B, 0x93, 0xA8,
    0x39, 0x45, 0xBE, 0xBB, 0x0D, 0x92, 0xE1, 0x20, 0x80, 0x05, 0x7C, 0xA7, 0xC9, 0x41, 0xE8, 0x75,
    0x58, 0xF0, 0xC0, 0x00, 0x12, 0x55, 0x9B, 0xAA, 0x6E, 0xB7, 0x24, 0x78, 0x60, 0x50, 0xF2, 0x21,
    0x6D, 0x24, 0xFE, 0xE3, 0x07, 0x5E, 0x8F, 0xE3, 0x2D, 0x54, 0x2B, 0x45, 0x2F, 0xF7, 0x39, 0xF9,
    0x2F, 0x4D, 0x0F, 0x04, 0xDF, 0x49, 0xDE, 0x6A, 0x63, 0x04, 0x18, 0xEB, 0xEA, 0x14, 0xCC, 0xF2,
    0x16, 0x08, 0xB2, 0x0C, 0x49, 0xA0, 0xF6, 0x9B, 0x86, 0x01, 0x25, 0xF8, 0x92, 0xFC, 0x00, 0xC3,
    0xE8, 0x95, 0x0B, 0x72, 0x0C, 0x73, 0x82, 0x65, 0x94, 0x35, 0x13, 0x12, 0xBF, 0x13, 0x4F, 0xC2,
    0x39, 0xA1, 0x50, 0x9C, 0x33, 0x36, 0x32, 0x67, 0x62, 0x84, 0x2B, 0x12, 0xB2, 0x6D, 0xAF, 0xBF,
    0x7E, 0xB3, 0xF6, 0x00, 0x97, 0x32, 0x4D, 0x51, 0xC8, 0x69, 0x3E, 0x8F, 0x38, 0x49, 0x4F, 0x15,
    0x77, 0xA0, 0x11, 0xC9, 0x18, 0xFC, 0x74, 0xCC, 0x94, 0xA9, 0x90, 0x04, 0x8C, 0xDF, 0x2D, 0x7C,
    0xC7, 0xB4, 0x08, 0x86, 0xE4, 0xB8, 0x6C, 0x61, 0x59, 0xF0, 0x08, 0xFD, 0x9C, 0xC8, 0x09, 0xD9,
    0x2B, 0x03, 0x54, 0x83, 0xD4, 0xFC, 0xC7, 0xF8, 0x85, 0x39, 0x75, 0x68, 0xC0, 0x94, 0x50, 0x6C,
    0x72, 0x19, 0x41, 0x3C, 0xA1, 0x3F, 0x0E, 0x92, 0x20, 0x0C, 0x92, 0x1A, 0x48, 0x42, 0x51, 0x31,
    0xE9, 0x4B, 0x8B, 0x49, 0xE6, 0x27, 0x03, 0xA7, 0x19, 0xCB, 0x5C, 0x32, 0x89, 0x5C, 0xC6, 0x02,
    0xEE, 0xD0, 0x5E, 0xC6, 0x96, 0x8A, 0xD8, 0xAA, 0x3B, 0x73, 0x84, 0xBE, 0xC0, 0x00, 0x83, 0xC7,
    0x35, 0x27, 0xB5, 0x35, 0x63, 0xB2, 0x6D, 0xF0, 0x20, 0x5E, 0x2C, 0xB3, 0x39, 0x05, 0x31, 0x9E,
    0x59, 0xA7, 0x5F, 0xA9, 0xC0, 0xC9, 0xAC, 0x72, 0x15, 0x3F, 0xBB, 0xE8, 0xF8, 0x7B, 0x82, 0x43,
    0x24, 0x09, 0x72, 0xCA, 0xAB, 0xDE, 0x48, 0xD6, 0x7B, 0xDB, 0xFE, 0xF6, 0x05, 0xC7, 0xFC, 0xA7,
    0xE6, 0x1A, 0x71, 0x68, 0xF6, 0x97, 0xE1, 0x30, 0xAC, 0x4B, 0x5C, 0xBF, 0x9C, 0x5D, 0xC9, 0x2E,
    0x36, 0xE6, 0x7E, 0x13, 0x30, 0xCD, 0xEA, 0x78, 0xAE, 0x50, 0xAF, 0x3C, 0xE5, 0xB8, 0x68, 0x3C,
    0x8F, 0x34, 0xA1, 0x13, 0x6D, 0xC9, 0x25, 0x37, 0xBE, 0x2F, 0xD5, 0xCE, 0x07, 0x02, 0x37, 0xE2,
    0xF5, 0xDD, 0xB4, 0xFF, 0x76, 0x9C, 0x6B, 0xC1, 0x59, 0x30, 0x7F, 0x91, 0x16, 0xCA, 0xF2, 0x41,
    0x33, 0x51, 0x96, 0x0A, 0x4E, 0xAF, 0xB9, 0x43, 0xE4, 0x88, 0x5A, 0x27, 0x55, 0x33, 0xB3, 0xA3,
    0xD5, 0x59, 0xE2, 0x96, 0x7E, 0xA7, 0x4C, 0x67, 0x65, 0xF2, 0x87, 0xE5, 0x59, 0xD8, 0xE6, 0xF3,
    0xCD, 0xB8, 0x2E, 0xE7, 0x33, 0x44, 0x3E, 0x64, 0x44, 0x34, 0xA7, 0xD1, 0x08, 0x82, 0x18, 0xB7,
    0xE7, 0x19, 0xAF, 0xD9, 0xC6, 0xD3, 0x84, 0x02, 0x24, 0xF8, 0xF3, 0x99, 0xE3, 0x7D, 0x33, 0x97,
    0x78, 0xDD, 0x0A, 0x4B, 0xC5, 0x2D, 0x39, 0xDC, 0xDD, 0x6B, 0x97, 0xE5, 0x87, 0xD2, 0x80, 0xFA,
    0x8C, 0x05, 0xDA, 0x2C, 0x02, 0x7B, 0x4C, 0xE4, 0x49, 0x6D, 0x2C, 0x2F, 0xE5, 0x85, 0x9E, 0x69,
    0x3D, 0xA3, 0xD5, 0xE6, 0xC4, 0xD3, 0x47, 0x40, 0x20, 0xE9, 0x98, 0x39, 0x22, 0x7F, 0x44, 0x80,
    0xC0, 0x28, 0xE1, 0xB6, 0xCE, 0xAC, 0xE3, 0x9E, 0x29, 0x9A, 0x66, 0x1F, 0xA6, 0xC4, 0x3E, 0x05,
    0xEA, 0xDD, 0x4A, 0xC9, 0x37, 0x66, 0x93, 0x22, 0xF2, 0x26, 0x83, 0x8C, 0x0D, 0x69, 0x84, 0xEF,
    0x0E, 0x89, 0x43, 0x2E, 0x75, 0xCE, 0x65, 0x14, 0xA0, 0xCC, 0x51, 0x84, 0xCA, 0x51, 0x09, 0x53,
    0xB6, 0x11, 0x5C, 0x93, 0x52, 0x35, 0xE9, 0x4E, 0x28, 0xFB, 0x49, 0x4F, 0xAA, 0x45, 0xAD, 0x16,
    0xBB, 0x46, 0x39, 0xF5, 0xEA, 0x29, 0xDB, 0x48, 0x84, 0x60, 0x4A, 0x14, 0xEA, 0xC1, 0x84, 0x74,
    0x8E, 0x1C, 0xF9, 0x89, 0xC2, 0x4D, 0x5C, 0xB1, 0x56, 0xFF, 0x2A, 0x03, 0x85, 0xFE, 0xB4, 0xBB,
    0xAB, 0xAC, 0x17, 0x38, 0x3D, 0x51, 0x54, 0x32, 0x39, 0x58, 0x71, 0xE6, 0x99, 0xFC, 0x39, 0x94,
    0x09, 0x35, 0xFB, 0x9D, 0xE5, 0x6C, 0xCC, 0x3B, 0x32, 0x85, 0x56, 0xA9, 0xDD, 0xFA, 0x75, 0xC5,
    0xEB, 0xBD, 0x0B, 0x8F, 0x7F, 0x22, 0x22, 0x16, 0xED, 0x0D, 0xFF, 0xCB, 0xA1, 0xE2, 0x07, 0x9C,
    0xEE, 0x35, 0xF3, 0x9B, 0x0B, 0x8E, 0xB9, 0x94, 0xC3, 0xCC, 0x6C, 0x56, 0x50, 0xAF, 0x9C, 0x39,
    0x2E, 0x1A, 0xE6, 0x5E, 0x26, 0x69, 0xB0, 0x28, 0xBA, 0x44, 0xE2, 0xBB, 0x12, 0xD8, 0x56, 0x47,
    0x8A, 0x1C, 0x8D, 0xDF, 0x9B, 0xD3, 0x8E, 0xA0, 0xC1, 0x2F, 0xD3, 0x4B, 0x66, 0x17, 0xFC, 0x12,
    0x05, 0x22, 0xC0, 0xE9, 0x6D, 0x3D, 0xA7, 0x64, 0x95, 0x4E, 0x9B, 0xCE, 0xA9, 0x59, 0x3A, 0xD3,
    0x57, 0x2A, 0x6D, 0x37, 0xDD, 0x0E, 0x9C, 0x68, 0x67, 0x66, 0x67, 0x73, 0x4D, 0xB3, 0xAF, 0x65,
    0x99, 0xC9, 0x7C, 0xEE, 0x3C, 0xE7, 0x8F, 0xC8, 0x9F, 0x9C, 0xD4, 0x4F, 0xCC, 0x32, 0x1B, 0x44,
    0x81, 0xEB, 0xD9, 0xF5, 0x93, 0x22, 0xE3, 0xF4, 0x0A, 0x88, 0x84, 0x0A, 0x43, 0x00, 0xF1, 0xD0,
    0x34, 0x4B, 0x80, 0x48, 0x43, 0x83, 0x54, 0xB3, 0x14, 0x82, 0x24, 0x91, 0x22, 0x08, 0x91, 0x83,
    0x88, 0x41, 0xFC, 0x58, 0xBA, 0x12, 0x7A, 0xB9, 0x14, 0x39, 0xF1, 0x12, 0xC4, 0x66, 0xCC, 0x6C,
    0xF6, 0xBA, 0xD1, 0xB6, 0x83, 0x00, 0xF9, 0xF7, 0xD4, 0xF1, 0x7D, 0xA1, 0x16, 0x3A, 0xF7, 0x89,
    0x94, 0xA7, 0x50, 0xC5, 0xE8, 0x78, 0x0F, 0xBA, 0x8C, 0x21, 0xE1, 0x4A, 0xD9, 0x09, 0x19, 0x38,
    0x28, 0xFC, 0x3C, 0x47, 0x9D, 0x64, 0xD8, 0x72, 0x4E, 0xD0, 0x45, 0x0E, 0xD7, 0x1D, 0x54, 0xB0,
    0x4C, 0xA9, 0x82, 0x8B, 0x94, 0x2A, 0x38, 0x89, 0xA6, 0x8F, 0x2A, 0x5C, 0x11, 0xEF, 0x40, 0x5D,
    0x08, 0x3A, 0x46, 0x09, 0xDB, 0x12, 0xFF, 0xA4, 0x22, 0x01, 0xA8, 0x13, 0x5B, 0x73, 0x03, 0x6E,
    0xFE, 0xF8, 0x1E, 0x90, 0xB0, 0xD2, 0x93, 0x04, 0xD4, 0x2C, 0xF1, 0x35, 0xF3, 0x73, 0xD2, 0xEE,
    0xEA, 0x7E, 0xDD, 0x36, 0x89, 0x1E, 0x48, 0x3C, 0xBA, 0x02, 0x81, 0x9E, 0x31, 0xC3, 0x5E, 0x28,
    0x4E, 0x07, 0xA1, 0x59, 0x7E, 0xF0, 0x19, 0x85, 0xEE, 0x5C, 0x3B, 0xB6, 0x65, 0x2A, 0xB4, 0x4F,
    0xF0, 0x49, 0xB8, 0x3E, 0xC6, 0x15, 0x70, 0xF3, 0x50, 0x3C, 0xEB, 0x4F, 0xED, 0xB3, 0xB2, 0x44,
    0xCD, 0xDF, 0x21, 0x8E, 0x06, 0xC4, 0x12, 0x08, 0xB3, 0xF5, 0x18, 0xB6, 0x3E, 0x7B, 0x46, 0xF8,
    0x0C, 0x96, 0x05, 0xA3, 0x19, 0xAD, 0x70, 0x67, 0x01, 0xDE, 0xE0, 0x27, 0x8F, 0xA5, 0x41, 0x9C,
    0xBE, 0x5F, 0x91, 0x41, 0x09, 0x82, 0x22, 0xD0, 0x88, 0x1D, 0x5B, 0x4B, 0x20, 0x46, 0xD0, 0x60,
    0xDB, 0x31, 0x27, 0x8F, 0xC5, 0xE8, 0x4F, 0x84, 0x21, 0xCD, 0x94, 0xE7, 0xBE, 0x60, 0xF2, 0xD4,
    0x74, 0x0D, 0x31, 0x8F, 0x2F, 0x94, 0x1A, 0x7C, 0x8F, 0x34, 0xF8, 0xA2, 0x8A, 0xC3, 0x3C, 0x91,
    0x04, 0x5F, 0x20, 0xDB, 0x93, 0xD1, 0xA2, 0x0C, 0xA3, 0x28, 0xC2, 0x28, 0x4A, 0x30, 0x8A, 0x16,
    0x8C, 0xA2, 0x06, 0xA3, 0xE8, 0x81, 0xE4, 0x1B, 0xDE, 0xA0, 0x05, 0x20, 0x61, 0xD0, 0xF1, 0x6E,
    0xD4, 0xF2, 0xC9, 0x58, 0x52, 0x9D, 0xB4, 0x60, 0xF0, 0x75, 0x8C, 0xAE, 0x11, 0x1B, 0x8E, 0x87,
    0xD4, 0x8E, 0x93, 0xC1, 0xD7, 0xB0, 0x50, 0xE4, 0xB1, 0xD0, 0x14, 0x66, 0xED, 0xA9, 0xE2, 0xEC,
    0x87, 0x81, 0xBF, 0x27, 0x78, 0xC6, 0x22, 0x00, 0x29, 0x18, 0xFD, 0x7E, 0x21, 0x26, 0x94, 0x66,
    0x3F, 0x04, 0xFC, 0xBD, 0xD1, 0x93, 0xBE, 0xEF, 0x23, 0xC0, 0xF8, 0x11, 0x23, 0xEB, 0x6D, 0x95,
    0xC5, 0x85, 0xC7, 0x3C, 0x2A, 0x62, 0x71, 0x50, 0x7C, 0x53, 0xA1, 0x5E, 0x79, 0xD6, 0x71, 0xF1,
    0x34, 0xFF, 0x67, 0x28, 0x4B, 0xD2, 0xC2, 0x1B, 0xE3, 0x26, 0xEC, 0xC3, 0x3E, 0x6E, 0xBC, 0x29,
    0x67, 0xDC, 0xC5, 0x10, 0x6C, 0x54, 0x00, 0x99, 0x7C, 0xC2, 0x9B, 0x79, 0x11, 0x0E, 0x71, 0x13,
    0xB7, 0x61, 0x9F, 0x56, 0x78, 0x16, 0xEF, 0xBC, 0x24, 0x4D, 0x09, 0x0F, 0xDA, 0x56, 0x49, 0xC2,
    0xF0, 0x51, 0x8D, 0xBC, 0xF6, 0x98, 0x63, 0xA3, 0x4A, 0xB6, 0x23, 0x57, 0x37, 0x24, 0x9F, 0xCD,
    0x71, 0x61, 0x12, 0x27, 0x95, 0x94, 0x62, 0x5B, 0xFB, 0x29, 0xDD, 0xBD, 0xDF, 0xA6, 0x59, 0xC8,
    0xDE, 0x52, 0xCA, 0x05, 0x91, 0xDB, 0xF0, 0x2C, 0x70, 0x44, 0x3D, 0x3C, 0x8B, 0xAD, 0x83, 0x46,
    0x7E, 0x90, 0xE1, 0xE6, 0xF8, 0xB9, 0x45, 0xB3, 0xB4, 0x9F, 0x77, 0xCC, 0x35, 0xEC, 0x3F, 0x6A,
    0x0E, 0x11, 0x61, 0x12, 0x24, 0x8E, 0xE1, 0x20, 0xC9, 0x3E, 0x17, 0x4D, 0x80, 0x32, 0x2E, 0xFA,
    0x8E, 0x93, 0x1C, 0xD3, 0x00, 0xEE, 0xC7, 0xCC, 0x5D, 0xCC, 0x55, 0xAF, 0x7C, 0xBC, 0xA4, 0x72,
    0x95, 0xB9, 0x69, 0xCF, 0x24, 0x14, 0x9F, 0xE5, 0xB5, 0x4F, 0x93, 0x92, 0xB8, 0x76, 0x91, 0x04,
    0xFD, 0x25, 0x23, 0x93, 0x34, 0xBB, 0x5A, 0x89, 0xE3, 0x0D, 0x65, 0x63, 0x1B, 0x2B, 0xB1, 0x9C,
    0x12, 0x8A, 0x2B, 0x8D, 0xE5, 0xB1, 0x44, 0xF3, 0x44, 0xE2, 0xB9, 0xAE, 0xDB, 0x50, 0x2A, 0xF9,
    0x1C, 0xD5, 0x35, 0xAE, 0x2F, 0x24, 0x67, 0x5A, 0xC8, 0x14, 0x93, 0x54, 0x3F, 0x5A, 0xBB, 0x00,
    0xC6, 0x20, 0xBB, 0xF6, 0xA0, 0xFC, 0x89, 0x46, 0x2C, 0xED, 0x5D, 0x97, 0xF3, 0x5A, 0x94, 0xBA,
    0x58, 0xF5, 0x4A, 0x49, 0xBD, 0x0A, 0x7E, 0xB3, 0xB7, 0xBD, 0xF8, 0xF8, 0x5F, 0x9B, 0xEB, 0x39,
    0x89, 0xCB, 0x12, 0xCF, 0x7F, 0x4F, 0x5A, 0x16, 0x7E, 0xFF, 0x83, 0xC0, 0xFF, 0xBE, 0x61, 0xAC,
    0x1E, 0x25, 0x36, 0x28, 0xD4, 0x2B, 0x4F, 0x3F, 0x2E, 0x20, 0xFF, 0xB5, 0x81, 0x28, 0xA1, 0x4D,
    0x0B, 0x5B, 0x2D, 0x93, 0xD5, 0x22, 0x7E, 0x71, 0x0A, 0x7F, 0xCE, 0x52, 0x66, 0xB9, 0xD4, 0xD3,
    0xC0, 0x21, 0x94, 0xEE, 0x2D, 0x5C, 0x09, 0x73, 0x02, 0x49, 0x10, 0x4A, 0x36, 0xBB, 0x3D, 0x49,
    0xEE, 0x85, 0xCA, 0xD6, 0x4A, 0x93, 0x86, 0x9E, 0xC7, 0x1B, 0x72, 0x8E, 0x39, 0x4A, 0x7D, 0xE0,
    0x64, 0xC2, 0xBC, 0x5D, 0x57, 0xC3, 0x27, 0xEB, 0xE6, 0x67, 0x94, 0x13, 0xE6, 0x64, 0x39, 0x31,
    0xAC, 0x0D, 0x77, 0xBD, 0x0E, 0x91, 0xAF, 0xDA, 0xA0, 0xA5, 0x3B, 0x66, 0xD3, 0x18, 0x7E, 0x0D,
    0x80, 0x89, 0x59, 0x38, 0xC9, 0x6A, 0x2A, 0xBB, 0xC4, 0x25, 0x99, 0x3E, 0x09, 0x08, 0x1B, 0x8C,
    0x04, 0xE3, 0x89, 0x7A, 0x7B, 0xBC, 0xEB, 0x5A, 0xA6, 0x65, 0x05, 0xC0, 0x43, 0x5D, 0x4B, 0x3E,
    0x35, 0xFA, 0x7A, 0xA9, 0x83, 0x8B, 0xD2, 0x2C, 0x3F, 0x84, 0x95, 0x91, 0xDB, 0x9B, 0x84, 0xCB,
    0xA5, 0x66, 0x65, 0x82, 0x46, 0x2A, 0x99, 0x8E, 0x2C, 0xBD, 0x10, 0xF9, 0x81, 0xBC, 0xF2, 0xFA,
    0x10, 0xBE, 0xC7, 0xEF, 0xE8, 0xA6, 0x82, 0xF6, 0xB2, 0x93, 0xBE, 0x7C, 0x24, 0xAD, 0x6E, 0x90,
    0xC3, 0x26, 0xF2, 0x28, 0x85, 0xFB, 0x28, 0x9E, 0x68, 0x09, 0x81, 0x09, 0xEE, 0x82, 0xCF, 0x60,
    0x28, 0x9B, 0x39, 0xEC, 0x95, 0xDF, 0x73, 0x5C, 0x49, 0x2E, 0x27, 0xA2, 0x53, 0x6E, 0x2F, 0x4B,
    0x67, 0xAD, 0x9C, 0x87, 0x15, 0x96, 0x36, 0x7B, 0x4A, 0x98, 0xD9, 0xA6, 0x53, 0xE6, 0xC2, 0xEA,
    0xD1, 0x44, 0x29, 0xE6, 0x5C, 0x43, 0x12, 0xAE, 0x2F, 0x89, 0xF5, 0x7E, 0xEB, 0x24, 0x16, 0xC0,
    0x1C, 0xFF, 0xB8, 0x45, 0x97, 0xB2, 0x49, 0x7A, 0xA8, 0x5B, 0x1E, 0x55, 0x0B, 0x5E, 0xB5, 0xA4,
    0xFB, 0xCF, 0x8F, 0x51, 0x71, 0x24, 0xEE, 0xDF, 0xBD, 0xB9, 0x3C, 0xBD, 0x29, 0x13, 0x5F, 0x5A,
    0xF1, 0xC8, 0x2D, 0x95, 0xC9, 0x56, 0xE7, 0x89, 0x81, 0x2C, 0xF9, 0x25, 0x62, 0x89, 0xCC, 0x40,
    0xDB, 0xB8, 0x3A, 0xBF, 0xC9, 0x3D, 0x77, 0xD4, 0xEA, 0x8A, 0x57, 0x7C, 0xE4, 0x8A, 0xF3, 0x9B,
    0x97, 0xEB, 0x54, 0x30, 0x59, 0x90, 0x2A, 0x40, 0xFE, 0x3D, 0x3F, 0x8E, 0x4B, 0x3F, 0x53, 0x1A,
    0x96, 0xD2, 0xCD, 0x94, 0x66, 0xA6, 0x00, 0xF9, 0x57, 0x6E, 0x44, 0xDD, 0xF9, 0xE0, 0x82, 0x91,
    0x7D, 0x46, 0xF6, 0xC4, 0xF5, 0xBA, 0x2B, 0xE5, 0x68, 0x42, 0x1E, 0x25, 0xDD, 0x50, 0xD8, 0x4D,
    0xE5, 0x7D, 0x6A, 0x12, 0x5D, 0x15, 0x62, 0xE5, 0x22, 0xED, 0x31, 0x3A, 0xB0, 0xC6, 0x5C, 0x67,
    0x17, 0xD4, 0x35, 0xD2, 0x0C, 0xC5, 0x6F, 0x8C, 0x54, 0x85, 0x8D, 0x0D, 0xE4, 0x5E, 0x8B, 0xD9,
    0xA3, 0x4C, 0xEA, 0xF9, 0x3C, 0xA7, 0xEE, 0x28, 0x64, 0x96, 0x04, 0x1C, 0x92, 0x2F, 0xB8, 0xDE,
    0x95, 0x1F, 0xB9, 0x5F, 0x4D, 0x7B, 0xC4, 0x64, 0x90, 0xD5, 0x29, 0x12, 0x98, 0x3C, 0xD6, 0x62,
    0x8E, 0x4D, 0x45, 0x60, 0x52, 0x12, 0x0D, 0xF8, 0xCB, 0x0A, 0xA9, 0xC9, 0x2B, 0xEA, 0x5E, 0xB5,
    0x70, 0x5D, 0xD7, 0xAC, 0xA7, 0xFC, 0x4C, 0xA6, 0x58, 0xBE, 0x07, 0xA7, 0xC2, 0xAC, 0x66, 0x2A,
    0x91, 0x16, 0xAD, 0xF7, 0xC7, 0x6C, 0x18, 0x5D, 0x4D, 0x9F, 0x53, 0x15, 0xF6, 0x3F, 0x3C, 0xAE,
    0x4C, 0x85, 0xD3, 0x9A, 0xCF, 0x57, 0x57, 0x7D, 0xBF, 0x83, 0xD5, 0xB0, 0xF6, 0x8C, 0x66, 0xE8,
    0xB6, 0x88, 0x98, 0x49, 0x67, 0x79, 0xE8, 0x0A, 0x7F, 0xD4, 0x5A, 0x35, 0xD2, 0x3D, 0x01, 0xBA,
    0xBE, 0x4A, 0x1F, 0x2A, 0x6D, 0x5F, 0xF6, 0x7B, 0xB6, 0xCF, 0x22, 0x29, 0x01, 0x43, 0x36, 0xB4,
    0x30, 0x91, 0x94, 0x4D, 0x41, 0x8A, 0xC7, 0xA5, 0x95, 0x7F, 0x2E, 0x97, 0xFE, 0x3A, 0xAA, 0x9F,
    0x03, 0x83, 0xFA, 0xD9, 0x18, 0xBC, 0xFB, 0xEE, 0xBB, 0xEF, 0x9C, 0xC5, 0xE0, 0xEA, 0x33, 0x30,
    0x90, 0x05, 0xC1, 0x98, 0x3A, 0xB8, 0xC0, 0xA3, 0x41, 0x77, 0xD6, 0x19, 0xBD, 0x38, 0xF2, 0xB9,
    0x84, 0xCC, 0x15, 0xDF, 0x46, 0x81, 0xFC, 0x7B, 0x5E, 0x93, 0x5B, 0x84, 0x0C, 0xCB, 0x55, 0xD8,
    0x5F, 0xEB, 0x72, 0x42, 0x3A, 0xDC, 0x1C, 0xBC, 0xDE, 0xEF, 0xFC, 0x0E, 0x95, 0x7E, 0x1B, 0x36,
    0x51, 0x6D, 0x2B, 0xFE, 0xC5, 0x45, 0x92, 0x21, 0x95, 0xA0, 0x8A, 0x7B, 0xC4, 0x93, 0x23, 0x42,
    0xE7, 0x77, 0x96, 0x4D, 0x86, 0x91, 0x9D, 0x85, 0x9B, 0x83, 0xEC, 0xCD, 0xE9, 0xF8, 0x09, 0x24,
    0x60, 0xC1, 0x66, 0x22, 0x59, 0x98, 0xD5, 0x8F, 0x6C, 0x6C, 0x5A, 0x6F, 0x16, 0x93, 0xC0, 0x09,
    0xCA, 0xFC, 0xE3, 0x1E, 0xF9, 0xC0, 0x68, 0xAE, 0x9B, 0xD7, 0x56, 0x14, 0x47, 0x4E, 0xBB, 0x04,
    0x57, 0xCA, 0x39, 0x42, 0x1D, 0xCC, 0xDF, 0x41, 0xBF, 0xCC, 0x59, 0x29, 0x34, 0x46, 0xE6, 0xE5,
    0x57, 0x96, 0xB5, 0xE7, 0xCE, 0xD8, 0xB2, 0x3B, 0x16, 0x9B, 0xD7, 0x11, 0x68, 0x73, 0xF9, 0xC6,
    0x73, 0x85, 0xFE, 0xFF, 0x9E, 0x03, 0x44, 0x6C, 0x6F, 0xB3, 0x61, 0x84, 0x7B, 0x7B, 0xE2, 0xD0,
    0x69, 0x7F, 0xB2, 0xE9, 0xCD, 0x7E, 0x8C, 0x77, 0x5E, 0x96, 0xA6, 0x06, 0xB7, 0x2A, 0x4C, 0x6F,
    0xC2, 0x19, 0xC1, 0x0F, 0xF9, 0xEE, 0x68, 0xEC, 0x11, 0xCD, 0xCB, 0x9E, 0xDD, 0xA4, 0x9E, 0x89,
    0x51, 0xC7, 0x0D, 0x00, 0xED, 0x0A, 0x70, 0x77, 0x02, 0x2A, 0x6F, 0x8A, 0x2E, 0xE1, 0x6A, 0xBF,
    0x65, 0xA6, 0x04, 0xE1, 0xF5, 0xBA, 0xB0, 0x6D, 0x62, 0x29, 0x49, 0xF2, 0xED, 0xFB, 0x46, 0x16,
    0x97, 0xC3, 0x6F, 0x10, 0x4D, 0xAE, 0x64, 0x4F, 0xB4, 0x7F, 0xBA, 0x1B, 0x8F, 0x8D, 0xF7, 0x15,
    0x8A, 0x29, 0xFF, 0x9B, 0x63, 0xAE, 0xE0, 0x64, 0x71, 0x05, 0x87, 0x68, 0xB9, 0x5F, 0xCC, 0xD6,
    0x52, 0x36, 0x45, 0xF4, 0x72, 0x6C, 0xDA, 0x54, 0x22, 0x1C, 0x80, 0x84, 0xEB, 0xF9, 0xA9, 0x4A,
    0x49, 0xF6, 0xF5, 0xA5, 0xE4, 0x8C, 0x24, 0x28, 0xF3, 0xAE, 0x10, 0x61, 0xCE, 0x77, 0x73, 0x19,
    0xEA, 0xD7, 0xB2, 0xA5, 0xDA, 0x4A, 0xC2, 0x1A, 0x49, 0x04, 0x6A, 0xB8, 0xAB, 0xA8, 0x15, 0xE7,
    0xCA, 0x76, 0xD0, 0x8A, 0xE8, 0x58, 0xB6, 0x20, 0x15, 0x50, 0xB2, 0x12, 0xAC, 0xC0, 0x8B, 0x27,
    0xFC, 0x5A, 0xF2, 0xF8, 0xBB, 0xBB, 0x8C, 0x17, 0x81, 0xC1, 0x73, 0xBB, 0x8C, 0x17, 0x31, 0x79,
    0x79, 0xD8, 0x69, 0xEF, 0xCF, 0x1E, 0x9E, 0xCD, 0x20, 0x5E, 0xDC, 0xBC, 0xCF, 0xEF, 0xAA, 0x5E,
    0x04, 0xD1, 0xDC, 0xB9, 0xC0, 0x7A, 0xC1, 0xB0, 0x46, 0xD7, 0xB3, 0x79, 0x37, 0xC3, 0x7C, 0x70,
    0x33, 0xDA, 0x0E, 0x9D, 0x60, 0x97, 0xAE, 0x96, 0xFA, 0xE6, 0xE3, 0x5B, 0xDE, 0x7D, 0xBF, 0x7B,
    0x45, 0x7A, 0xBD, 0x5B, 0xB2, 0x15, 0xB0, 0x37, 0xB2, 0x8B, 0x89, 0xBD, 0x5D, 0xDB, 0xC9, 0x36,
    0x16, 0x26, 0xDE, 0xDE, 0x57, 0x3D, 0xD0, 0x0D, 0x3F, 0xA7, 0x0D, 0xC5, 0xF0, 0x0D, 0xB6, 0xBA,
    0x8B, 0x32, 0xC1, 0x3E, 0x60, 0x4B, 0xD4, 0x7E, 0x26, 0x54, 0xFE, 0x8B, 0x4E, 0x16, 0x76, 0x0D,
    0x22, 0x90, 0xC3, 0x97, 0x74, 0x2F, 0x7B, 0xE0, 0xC4, 0xAD, 0x92, 0x3D, 0x93, 0x57, 0x23, 0x29,
    0xA3, 0xA4, 0xCD, 0x26, 0x7C, 0x0B, 0xD6, 0x9B, 0x02, 0x36, 0xCF, 0x68, 0xEE, 0x72, 0x63, 0x95,
    0xE5, 0xEE, 0x98, 0xD9, 0x36, 0x65, 0x4F, 0xA8, 0x80, 0xA5, 0x95, 0xCE, 0xB6, 0x29, 0xB5, 0x43,
    0xAE, 0x7B, 0xB7, 0x7C, 0x5A, 0x69, 0xC0, 0x7D, 0x2C, 0x11, 0xD7, 0x75, 0x93, 0x96, 0x5B, 0x52,
    0xE1, 0xB0, 0xDD, 0x7F, 0xE0, 0x8F, 0xA7, 0xB7, 0xA5, 0x62, 0xFB, 0x60, 0x65, 0x32, 0xED, 0x32,
    0xB9, 0xB8, 0x76, 0x5E, 0x93, 0x4B, 0xB5, 0x44, 0x25, 0x09, 0xBE, 0xE6, 0x72, 0x72, 0xB5, 0x38,
    0x47, 0xCA, 0x63, 0xEE, 0x98, 0x63, 0x28, 0x50, 0x70, 0x3A, 0x20, 0xBC, 0x68, 0xB6, 0x07, 0xD5,
    0x72, 0x49, 0x42, 0x02, 0xF2, 0x62, 0xE9, 0x45, 0x56, 0xC7, 0x16, 0x93, 0xC6, 0x9C, 0xC9, 0x6B,
    0x2A, 0x25, 0x1C, 0xCB, 0xBD, 0x94, 0x3A, 0x95, 0xC8, 0x5E, 0xEB, 0x8C, 0x35, 0x1D, 0x4B, 0xEA,
    0xB8, 0xE0, 0x1A, 0xF5, 0x87, 0xEC, 0x5D, 0x7D, 0xC4, 0x35, 0xEA, 0xCF, 0x18, 0x95, 0xFE, 0x8A,
    0x31, 0xA3, 0x47, 0xC5, 0xDC, 0x4F, 0x97, 0x0C, 0x2F, 0x18, 0x96, 0xD5, 0x95, 0xE8, 0x9A, 0x38,
    0x48, 0x46, 0xAC, 0xEB, 0xB2, 0x19, 0x58, 0xB6, 0x04, 0x3C, 0x34, 0x4F, 0x2C, 0x93, 0xE8, 0x5A,
    0xC9, 0xA9, 0x82, 0x36, 0x82, 0xF9, 0xA5, 0x39, 0x1C, 0x4D, 0x3E, 0x41, 0x70, 0x65, 0x0D, 0x0A,
    0x65, 0x51, 0x7D, 0xE4, 0x3A, 0x06, 0x77, 0x7B, 0xB1, 0x9A, 0x1C, 0xB8, 0x6F, 0x71, 0xC0, 0x3C,
    0x1E, 0x81, 0xDF, 0x03, 0xF5, 0xA0, 0x8B, 0xB8, 0x1F, 0x2D, 0x1A, 0xD8, 0xAA, 0x98, 0x90, 0xD5,
    0xDA, 0x2F, 0x90, 0xDF, 0xC6, 0x1F, 0x23, 0x60, 0x25, 0x19, 0x6A, 0xD1, 0xA7, 0x95, 0xCB, 0x27,
    0x36, 0x05, 0x9A, 0xFB, 0x9E, 0x8C, 0xD6, 0x2B, 0x90, 0x7F, 0x4F, 0x1D, 0xDF, 0x13, 0xC3, 0xFE,
    0x07, 0xD5, 0x5C, 0xBF, 0x93, 0xDD, 0xD6, 0x75, 0xBE, 0x00, 0xAC, 0x45, 0x42, 0x4C, 0x06, 0x2A,
    0x54, 0xD8, 0xD4, 0xC4, 0x48, 0x99, 0xD0, 0x33, 0x42, 0xEB, 0x42, 0x24, 0x20, 0xB9, 0x70, 0x91,
    0xC2, 0x6C, 0x5C, 0x27, 0x85, 0x0B, 0x65, 0x5C, 0xB0, 0x49, 0xA1, 0x42, 0xDA, 0x87, 0x89, 0x0A,
    0x97, 0xDE, 0xFF, 0x20, 0x9C, 0x0C, 0x33, 0x23, 0x3F, 0x16, 0xEB, 0xC2, 0x85, 0x67, 0xC2, 0x5D,
    0x40, 0x69, 0x5C, 0xB8, 0x08, 0x92, 0xFC, 0x01, 0xC1, 0x24, 0x9A, 0xB1, 0x66, 0x59, 0x08, 0x4C,
    0x5E, 0x6C, 0x70, 0x09, 0xE0, 0xE6, 0x7C, 0xDF, 0xB9, 0x78, 0x3F, 0x97, 0x2B, 0x52, 0xD1, 0x2E,
    0x1F, 0x1F, 0xDF, 0x3B, 0x78, 0x7C, 0x8B, 0x87, 0x7B, 0xCE, 0x77, 0xCF, 0x3D, 0xBF, 0xEE, 0xC1,
    0x33, 0xC6, 0x58, 0xDB, 0x1A, 0xD0, 0x46, 0xE8, 0x7C, 0x7E, 0x64, 0x2E, 0x7A, 0xC4, 0x38, 0xC5,
    0x64, 0x0B, 0xD0, 0x59, 0x07, 0x6A, 0x41, 0xFD, 0xA1, 0x17, 0x1A, 0x2C, 0x40, 0xA3, 0x16, 0x34,
    0xA9, 0x06, 0x9C, 0x58, 0x8C, 0x38, 0xD1, 0x9C, 0x0A, 0x1D, 0x4D, 0x29, 0x27, 0xF6, 0xF2, 0x3F,
    0x39, 0x11, 0x54, 0xAE, 0x95, 0xE5, 0x26, 0xA9, 0x41, 0xB3, 0x4A, 0xCE, 0x35, 0xA5, 0xB5, 0xB6,
    0x12, 0x0E, 0x84, 0xFA, 0xA4, 0x81, 0x5C, 0x3C, 0xA9, 0x31, 0x68, 0x5C, 0xCB, 0x89, 0x26, 0x6E,
    0xE4, 0x44, 0xF9, 0x62, 0x99, 0x63, 0x1C, 0xE3, 0xE3, 0xF4, 0x00, 0xC4, 0x9F, 0xCF, 0xF3, 0x6D,
    0x5E, 0x0F, 0xAC, 0xC8, 0x90, 0x5A, 0xE1, 0xC6, 0x3E, 0x1E, 0x85, 0x45, 0x19, 0xD3, 0xE7, 0x90,
    0xF2, 0x29, 0x48, 0x66, 0x8C, 0xF7, 0x53, 0x2B, 0xEC, 0x59, 0x6B, 0x42, 0xFB, 0x8F, 0x87, 0x26,
    0xAD, 0xCD, 0xC7, 0x60, 0x6C, 0x10, 0x7E, 0xBD, 0x5E, 0x18, 0x0E, 0x7A, 0xE1, 0x39, 0xE9, 0xCC,
    0xEC, 0x7C, 0xEC, 0xE4, 0x4A, 0x4F, 0x3A, 0x73, 0x30, 0xBE, 0x47, 0xD9, 0xEF, 0xCB, 0x3F, 0x63,
    0xFA, 0x00, 0x70, 0x94, 0xC7, 0x15, 0xAE, 0x66, 0x71, 0xCD, 0xA8, 0xDB, 0x73, 0xC4, 0xDA, 0xA0,
    0x36, 0x7E, 0x97, 0x54, 0x98, 0x68, 0x0C, 0x84, 0x91, 0x0F, 0x8E, 0xAE, 0x0B, 0xB6, 0xFD, 0x02,
    0x43, 0x1E, 0x6F, 0x17, 0xA0, 0x1F, 0x51, 0x70, 0x72, 0xE5, 0x8F, 0xF8, 0xC4, 0xB3, 0x15, 0x59,
    0x2C, 0x36, 0xD0, 0xB0, 0x2F, 0x83, 0x46, 0x7F, 0x19, 0x1A, 0xEF, 0x63, 0xAC, 0x24, 0x9F, 0x86,
    0x56, 0x24, 0x30, 0x0B, 0xB6, 0xC6, 0x85, 0xC9, 0x94, 0xF9, 0x10, 0xC4, 0x03, 0x1A, 0x26, 0x24,
    0x6F, 0x10, 0xC1, 0x98, 0x3B, 0x17, 0x2E, 0x4C, 0x13, 0xE9, 0xF7, 0xED, 0x88, 0xB7, 0x5F, 0xDA,
    0xC2, 0xA4, 0x82, 0x52, 0x6D, 0xCA, 0x42, 0xE4, 0xF5, 0x04, 0xCC, 0xF0, 0x28, 0xE0, 0x30, 0x2A,
    0x77, 0xCC, 0x4B, 0x25, 0x94, 0x32, 0x25, 0xCD, 0x38, 0x28, 0x05, 0xBB, 0x88, 0x16, 0xAB, 0x33,
    0xC1, 0xC6, 0xC7, 0x80, 0xDF, 0x1B, 0x4D, 0x38, 0x40, 0xE5, 0x7D, 0x7B, 0x06, 0xAB, 0x21, 0x18,
    0xE4, 0xD0, 0x9F, 0xCF, 0xC9, 0xD0, 0xB7, 0x40, 0x0E, 0x21, 0xC2, 0x30, 0x49, 0x90, 0x14, 0x3B,
    0x6C, 0x7B, 0x90, 0x38, 0xB1, 0x72, 0x4A, 0xA9, 0xF8, 0x66, 0x95, 0x9C, 0xFA, 0x27, 0x32, 0x55,
    0x13, 0x7F, 0x44, 0x83, 0x5C, 0x64, 0x0E, 0xF0, 0x89, 0xE4, 0xCA, 0xD2, 0x4F, 0x4C, 0xD2, 0x88,
    0x62, 0x44, 0x63, 0xB9, 0x50, 0x8B, 0x60, 0xEE, 0x3D, 0xE5, 0xB5, 0xDF, 0x20, 0xCD, 0xC8, 0x34,
    0x6D, 0x5B, 0xF8, 0xA4, 0xE7, 0x05, 0x4F, 0x5F, 0x0B, 0x04, 0x23, 0x40, 0x90, 0x75, 0xD0, 0x81,
    0x53, 0xFC, 0x2F, 0xCD, 0xAF, 0x13, 0xBC, 0xC4, 0xAC, 0xC9, 0x54, 0xAC, 0x3E, 0xD9, 0x7F, 0xD8,
    0x8A, 0x69, 0xA9, 0x90, 0x44, 0xC5, 0x35, 0x21, 0x16, 0x57, 0x38, 0x23, 0xA0, 0x8A, 0x79, 0x54,
    0x37, 0xD8, 0x0F, 0x79, 0xBC, 0xB5, 0xE7, 0x88, 0x85, 0xAD, 0x5C, 0xDC, 0xEB, 0x4B, 0xB8, 0x32,
    0x8C, 0x9B, 0xD6, 0xCB, 0xB5, 0x73, 0x0D, 0xB0, 0xDD, 0xCC, 0xBF, 0x03, 0x21, 0x3F, 0xA3, 0x91,
    0xF8, 0x43, 0xCB, 0xC1, 0x28, 0xC1, 0xC7, 0x5B, 0xA8, 0xA5, 0x76, 0xCC, 0xE1, 0x66, 0xE1, 0x31,
    0xB2, 0x79, 0x69, 0x71, 0x7D, 0xAF, 0xAC, 0x60, 0x6B, 0x93, 0x06, 0x2E, 0x42, 0xE0, 0x1A, 0xE9,
    0x1C, 0xE4, 0x52, 0x41, 0x07, 0xC3, 0x39, 0x51, 0xBF, 0x03, 0x05, 0xA8, 0xC1, 0x42, 0xFE, 0x2E,
    0x34, 0x6C, 0x21, 0x37, 0x00, 0x8E, 0x5A, 0xAC, 0xB3, 0xB8, 0x01, 0xCC, 0x49, 0x05, 0x9A, 0x15,
    0x74, 0x8F, 0x60, 0x3A, 0xEC, 0x01, 0xE7, 0x4C, 0x0C, 0xFE, 0x59, 0x29, 0x5C, 0xE9, 0xE0, 0x33,
    0x7B, 0xEE, 0x56, 0x62, 0x16, 0xA8, 0x9B, 0x88, 0x78, 0x38, 0x8C, 0xF9, 0xF1, 0x89, 0xAE, 0x93,
    0xFE, 0xB6, 0x1E, 0xBE, 0x6F, 0xE0, 0xFD, 0xBA, 0x37, 0xC1, 0xFA, 0xBF, 0xC1, 0x08, 0xDA, 0xC7,
    0xBF, 0x07, 0x0B, 0x83, 0x29, 0x39, 0xBA, 0x49, 0xE9, 0x9E, 0x08, 0xA5, 0x8C, 0x0B, 0x06, 0x04,
    0x4B, 0xF2, 0x91, 0x8B, 0x4E, 0x11, 0x45, 0x77, 0x80, 0xF9, 0xCC, 0xD4, 0xEF, 0xC0, 0xE7, 0xE5,
    0xC4, 0x15, 0x5E, 0x3C, 0x69, 0x42, 0x1C, 0x04, 0x5B, 0x1C, 0x24, 0x20, 0x3A, 0x24, 0x5B, 0x9F,
    0x1F, 0xAA, 0xB6, 0x41, 0xDD, 0x62, 0xAA, 0x5B, 0x7C, 0x76, 0x2C, 0xC8, 0xCB, 0xE5, 0xEE, 0xB5,
    0x18, 0x2C, 0xEC, 0x30, 0x96, 0x4F, 0x21, 0x05, 0x35, 0x5C, 0x11, 0x0E, 0x0E, 0xCE, 0x96, 0xF4,
    0x96, 0x95, 0xA8, 0x6A, 0xCC, 0xA0, 0x2B, 0x03, 0x35, 0x66, 0x00, 0x9E, 0x5E, 0x2F, 0xDF, 0x90,
    0x6F, 0x05, 0x8A, 0xEA, 0x02, 0x48, 0x82, 0xC6, 0x0D, 0x50, 0xCD, 0x2A, 0x91, 0xC9, 0xB3, 0x90,
    0x27, 0xE9, 0x4D, 0x7C, 0x7E, 0x2C, 0xEA, 0xA6, 0x83, 0x27, 0x76, 0x74, 0x81, 0x06, 0x14, 0xC3,
    0xFB, 0x71, 0x79, 0x57, 0xBE, 0x69, 0xED, 0x82, 0x94, 0xAA, 0xDE, 0x1B, 0x47, 0x81, 0xD8, 0x04,
    0x18, 0xF1, 0x52, 0xB8, 0x14, 0x2D, 0x05, 0x4B, 0xB1, 0x52, 0xA8, 0x14, 0x29, 0x05, 0x4A, 0x71,
    0x52, 0x98, 0x14, 0x25, 0x05, 0x49, 0x31, 0x52, 0x88, 0x1C, 0x42, 0x0E, 0xA0, 0x04, 0xCC, 0xA9,
    0x76, 0x9B, 0x9B, 0xF3, 0x4F, 0x2F, 0xB2, 0x71, 0xA9, 0x45, 0x58, 0x2C, 0x40, 0xC8, 0x3A, 0xC8,
    0xE6, 0xF3, 0x79, 0xA1, 0xBA, 0x4D, 0x94, 0x0C, 0x02, 0x13, 0x62, 0x86, 0xC7, 0xB0, 0x72, 0xDA,
    0x4A, 0xFD, 0x71, 0x3E, 0xE7, 0x88, 0x3A, 0xEE, 0x08, 0xB4, 0x56, 0x8B, 0x9B, 0x36, 0xDE, 0x2D,
    0xF1, 0xE7, 0x2E, 0xF4, 0x33, 0x0E, 0xC8, 0xE0, 0x46, 0x66, 0x01, 0xAB, 0xC3, 0x03, 0x23, 0x5C,
    0x45, 0x1E, 0xFE, 0xB6, 0xED, 0x16, 0xCA, 0xC6, 0x49, 0x55, 0x9E, 0xD9, 0x42, 0x56, 0x6B, 0x5A,
    0xC9, 0x98, 0x51, 0x23, 0xE8, 0x04, 0xAD, 0x80, 0x13, 0xB4, 0x90, 0xA7, 0xCD, 0x48, 0x44, 0x9A,
    0xA3, 0xDD, 0xD5, 0x8A, 0xD9, 0x14, 0x59, 0x42, 0x7B, 0xDC, 0x63, 0x30, 0xB9, 0x5E, 0x4A, 0xF9,
    0x6E, 0x18, 0xAE, 0xD6, 0x02, 0xC0, 0xC5, 0xCF, 0x18, 0xB5, 0xE9, 0xD4, 0x95, 0xC5, 0x9E, 0x23,
    0xD6, 0x06, 0xF2, 0xC5, 0x1E, 0x2B, 0xA9, 0x84, 0xE9, 0xCB, 0x86, 0x9D, 0xC0, 0xF7, 0x0A, 0x61,
    0x33, 0xEF, 0xAC, 0x09, 0x3F, 0x5B, 0xFB, 0x64, 0xDF, 0x15, 0xCD, 0x04, 0xF5, 0x74, 0x09, 0x12,
    0xFE, 0xF7, 0x1A, 0x10, 0xDB, 0x3B, 0x1C, 0x7C, 0xCD, 0x5F, 0x68, 0xE1, 0x53, 0x35, 0x62, 0x5F,
    0xAC, 0x72, 0x19, 0x5E, 0xF5, 0xB9, 0x68, 0xD4, 0x40, 0x03, 0x90, 0xA4, 0x67, 0xF3, 0x87, 0x0E,
    0x0D, 0x12, 0xB3, 0xE1, 0x29, 0x53, 0x17, 0xB8, 0xFC, 0xAD, 0x89, 0x9F, 0x1E, 0x0C, 0xE0, 0x7D,
    0x01, 0x65, 0x2D, 0x5C, 0xF0, 0x4C, 0x27, 0x43, 0xDF, 0xC2, 0x40, 0x30, 0x81, 0xB0, 0x61, 0xB7,
    0xE6, 0x42, 0x99, 0x32, 0x05, 0xCE, 0x85, 0x56, 0x53, 0xF4, 0xBD, 0xCF, 0xDA, 0xE5, 0x77, 0xF8,
    0xFA, 0x29, 0x04, 0xE7, 0x7A, 0x64, 0x7A, 0xE8, 0xE5, 0xD7, 0xB5, 0x28, 0x75, 0x24, 0xCD, 0x49,
    0x99, 0x08, 0xFB, 0xFD, 0x8C, 0xC2, 0xA4, 0xC5, 0x73, 0x03, 0x5D, 0x6F, 0x37, 0x6C, 0xCB, 0x5D,
    0xD8, 0x16, 0x7C, 0x75, 0xD8, 0x36, 0x9F, 0xDF, 0x17, 0xAE, 0xC0, 0x6A, 0xEE, 0x91, 0x62, 0x34,
    0xD0, 0xB8, 0x06, 0x48, 0x49, 0x85, 0x33, 0xB3, 0x4A, 0xE2, 0x19, 0x31, 0xA8, 0xF1, 0x02, 0xA1,
    0x50, 0x38, 0xCA, 0x68, 0xB9, 0x6F, 0xCF, 0xED, 0x3D, 0x84, 0x1E, 0x43, 0x0A, 0x77, 0x79, 0xF4,
    0x5D, 0x5C, 0xF0, 0xD7, 0x98, 0x6F, 0xFA, 0xAE, 0x2F, 0xE5, 0xCB, 0xA7, 0x32, 0xA2, 0xF7, 0xC0,
    0xBF, 0xBF, 0x01, 0xDE, 0xD1, 0x3B, 0xE2, 0x7C, 0xBB, 0xDB, 0x26, 0x3B, 0x1F, 0x1F, 0x19, 0x9B,
    0xA7, 0x70, 0xDD, 0x51, 0x2F, 0xDE, 0x3A, 0xE8, 0x04, 0xC6, 0x60, 0x21, 0x13, 0x17, 0xB4, 0x11,
    0x14, 0x14, 0x5A, 0x0A, 0x55, 0x0D, 0x41, 0xA2, 0x5A, 0x84, 0x88, 0x11, 0xE3, 0x65, 0x55, 0x30,
    0x22, 0x20, 0xE3, 0x84, 0x65, 0xF6, 0x5E, 0x6E, 0xFC, 0x07, 0x2B, 0x88, 0x4F, 0x4D, 0x08, 0x7F,
    0x2D, 0xD1, 0x60, 0x67, 0x92, 0x51, 0x3C, 0x74, 0xC8, 0x79, 0xD5, 0xD4, 0x3E, 0x68, 0xC2, 0x0A,
    0xB1, 0x56, 0xAA, 0x0E, 0x6B, 0x95, 0xF3, 0xDF, 0x38, 0xDA, 0x73, 0x64, 0xDF, 0x32, 0x12, 0x9A,
    0x3C, 0xC2, 0x92, 0xCF, 0x8E, 0xA1, 0x2E, 0x5C, 0x83, 0x83, 0xD9, 0x1B, 0x64, 0x5D, 0x52, 0xB3,
    0xBE, 0xDE, 0xA2, 0xC2, 0xBC, 0x16, 0x3A, 0x0B, 0x4B, 0x16, 0xF4, 0x13, 0x31, 0xED, 0xFE, 0x80,
    0xBA, 0x77, 0x50, 0xF1, 0xF1, 0xD7, 0x04, 0x46, 0x67, 0xFD, 0x91, 0x99, 0x56, 0xBD, 0x2B, 0x56,
    0x85, 0xCD, 0x2A, 0xED, 0x9B, 0x1E, 0xAC, 0x68, 0x21, 0x77, 0xF2, 0xC0, 0xA7, 0xDF, 0x70, 0x21,
    0x2E, 0x1D, 0xD8, 0xD1, 0x1E, 0x29, 0xB1, 0x72, 0x6F, 0x52, 0xFD, 0xDF, 0xC8, 0xF5, 0x15, 0x2C,
    0x28, 0xCD, 0x41, 0x71, 0x63, 0xA7, 0xD8, 0x41, 0xEC, 0x0A, 0x3A, 0x13, 0x97, 0xFD, 0x64, 0x3A,
    0xCC, 0x4C, 0x1D, 0x58, 0xA9, 0x1E, 0x6C, 0x54, 0x17, 0x36, 0xA8, 0x0F, 0xEB, 0x8D, 0x66, 0x2C,
    0x3C, 0xF8, 0x48, 0x7F, 0x2D, 0x72, 0x38, 0xF8, 0x31, 0xF1, 0xAE, 0x3C, 0xB4, 0xF4, 0x64, 0x11,
    0xB3, 0x0B, 0x38, 0x32, 0xA6, 0x83, 0x35, 0x27, 0xD8, 0x1D, 0x64, 0x96, 0x31, 0xD1, 0xC2, 0xC0,
    0x0B, 0xF0, 0xA0, 0x62, 0xA5, 0x0B, 0x27, 0x92, 0x08, 0xB4, 0x2B, 0xCE, 0x96, 0xE3, 0xA7, 0x9B,
    0x3E, 0x59, 0x26, 0x40, 0xFD, 0xDB, 0x4F, 0x8D, 0x37, 0x58, 0xD5, 0x8A, 0xCA, 0xB7, 0x79, 0x52,
    0xC9, 0x62, 0x89, 0x6B, 0x99, 0x96, 0xB8, 0x0E, 0x01, 0xBC, 0xB0, 0x18, 0x23, 0x55, 0x15, 0x22,
    0xAC, 0x15, 0x42, 0xD2, 0x9C, 0x49, 0x0F, 0x72, 0x1E, 0x5C, 0x73, 0x06, 0x72, 0x08, 0x72, 0x82,
    0xAB, 0xF7, 0xB8, 0x7A, 0xAF, 0xEA, 0x3A, 0x09, 0x53, 0x30, 0xDE, 0xC8, 0x8A, 0xD0, 0x12, 0x92,
    0x48, 0x0F, 0xB1, 0x55, 0x64, 0x4A, 0xCE, 0x1E, 0x0B, 0xAF, 0x0E, 0x49, 0x3D, 0x00, 0x49, 0x89,
    0x04, 0x1E, 0xF6, 0xDB, 0x48, 0x22, 0xA5, 0x6D, 0xF1, 0x04, 0x9A, 0x6B, 0x80, 0x8A, 0xEB, 0x8D,
    0x9B, 0x75, 0x24, 0xE3, 0x6A, 0x03, 0xD0, 0x62, 0x1B, 0xD0, 0xD9, 0x5A, 0x65, 0x15, 0x89, 0x23,
    0xB3, 0xC7, 0xDA, 0xBC, 0x71, 0xFA, 0xE3, 0xDC, 0x85, 0x25, 0xFD, 0xDB, 0x72, 0xE8, 0x05, 0x1F,
    0x6F, 0xC2, 0xA7, 0x96, 0xF4, 0x50, 0xF0, 0xE9, 0x44, 0x31, 0x85, 0x83, 0xA8, 0x0E, 0x81, 0x4F,
    0x34, 0xE1, 0x03, 0x92, 0x22, 0xA7, 0xDF, 0x02, 0x69, 0x85, 0x0F, 0x2A, 0xD7, 0xC0, 0xC7, 0x7B,
    0x60, 0x0A, 0x49, 0x11, 0x7F, 0x58, 0x4B, 0xC4, 0x21, 0x51, 0xCA, 0x9D, 0x50, 0x32, 0x85, 0x3F,
    0x37, 0x1F, 0x6C, 0x4C, 0x1D, 0x4A, 0xC1, 0x24, 0xB7, 0xC6, 0x07, 0x2E, 0x38, 0x22, 0x41, 0x8D,
    0x81, 0x30, 0x28, 0x09, 0x97, 0x21, 0x33, 0x63, 0x23, 0x9A, 0x8B, 0xB8, 0x5A, 0x56, 0x4B, 0xAA,
    0x29, 0x2C, 0x5A, 0x55, 0x4B, 0x66, 0xCB, 0x18, 0x0C, 0xFA, 0x7B, 0xCB, 0x3E, 0x40, 0xF0, 0xB7,
    0x70, 0xDB, 0x32, 0xE1, 0xD3, 0xB0, 0x02, 0x4F, 0xD9, 0xB1, 0xCD, 0x3F, 0x10, 0x36, 0x57, 0xF6,
    0x5D, 0xCC, 0x93, 0xB8, 0xD6, 0x1B, 0xA5, 0xD3, 0xA3, 0x13, 0xF7, 0xEA, 0xF5, 0x05, 0xCB, 0xE1,
    0xEB, 0xDC, 0x2C, 0x5F, 0x50, 0xD0, 0xA8, 0x56, 0x76, 0xDC, 0x6C, 0xB0, 0x4A, 0xE0, 0xC8, 0x0D,
    0x04, 0x7A, 0x5B, 0x8F, 0x57, 0x24, 0xB5, 0x8C, 0x28, 0xCF, 0x5B, 0xF3, 0x95, 0xBC, 0xE9, 0x60,
    0xB2, 0xDE, 0xDC, 0xEA, 0x21, 0x98, 0xC8, 0x25, 0x4F, 0xD5, 0x3A, 0x91, 0x89, 0xF3, 0xED, 0x9E,
    0x32, 0xCF, 0x9C, 0x65, 0x5D, 0x0B, 0xB2, 0x00, 0xF3, 0x83, 0x5C, 0x4E, 0x90, 0xCF, 0x82, 0xF3,
    0x11, 0x56, 0x1E, 0x6C, 0xCF, 0xEA, 0x3D, 0x10, 0xF1, 0x3B, 0xE6, 0xDB, 0x99, 0x79, 0x94, 0x3C,
    0x5E, 0x44, 0xB6, 0xF6, 0xC6, 0xFF, 0x9F, 0x94, 0xE0, 0x1E, 0x2F, 0x08, 0xE0, 0xCC, 0x1E, 0xB9,
    0xD7, 0x92, 0x97, 0x99, 0x96, 0xE5, 0x64, 0xE1, 0x96, 0x93, 0xEF, 0xAC, 0xDA, 0x64, 0xCF, 0x96,
    0x96, 0x6C, 0x54, 0x6E, 0xC1, 0x2C, 0x78, 0x3D, 0x68, 0x34, 0x6B, 0xC5, 0x96, 0x45, 0xF9, 0x4B,
    0x83, 0xB2, 0x98, 0xD6, 0x0A, 0xE9, 0x6E, 0xAC, 0x7B, 0x1D, 0xEE, 0x06, 0x21, 0xE5, 0x42, 0xEB,
    0xEF, 0x0F, 0x2F, 0x50, 0x3E, 0xF2, 0x50, 0xB8, 0xA2, 0x96, 0x43, 0xEC, 0x8E, 0xBB, 0xE4, 0xBA,
    0x1E, 0xCB, 0x25, 0x22, 0x39, 0xE5, 0x5D, 0xE7, 0x06, 0xAD, 0x84, 0xB9, 0xC8, 0x0C, 0x74, 0x7C,
    0xA4, 0x65, 0x59, 0xA5, 0xAF, 0x38, 0xDF, 0xD1, 0xDC, 0x2B, 0xC4, 0x24, 0x1D, 0xB2, 0xFE, 0x56,
    0xEF, 0x75, 0xFE, 0xC2, 0x5F, 0x04, 0x6D, 0xD0, 0x86, 0x4D, 0x54, 0xC3, 0xEA, 0xC4, 0x55, 0x52,
    0xA4, 0x39, 0xCC, 0xCC, 0xCC, 0x69, 0x15, 0x4C, 0x9D, 0xBE, 0x91, 0xCB, 0x52, 0xC5, 0x70, 0x6D,
    0x4D, 0xAE, 0x66, 0x53, 0x96, 0x55, 0x3A, 0x75, 0x83, 0x3D, 0xA2, 0xB6, 0xB1, 0x96, 0xB9, 0x70,
    0xAE, 0x81, 0xAA, 0x87, 0x13, 0xA9, 0x7E, 0x28, 0xC2, 0x51, 0x05, 0x11, 0x96, 0x50, 0x0D, 0x59,
    0x84, 0x83, 0x02, 0x62, 0x95, 0x53, 0x1D, 0xF1, 0x0D, 0xAA, 0x24, 0x4E, 0xA4, 0x5A, 0xC2, 0x18,
    0xCB, 0xB8, 0x77, 0xB5, 0xC2, 0x88, 0xA9, 0xC0, 0x89, 0x33, 0xBC, 0xC1, 0xDF, 0x4B, 0x9C, 0x39,
    0xCB, 0x21, 0x67, 0xB8, 0xF0, 0x54, 0xD8, 0x00, 0x89, 0xD3, 0x52, 0x62, 0x92, 0x04, 0xA5, 0x58,
    0x81, 0x3A, 0x94, 0x6F, 0x55, 0xD8, 0x88, 0xC3, 0x26, 0x1B, 0xDF, 0xF1, 0xB3, 0x2D, 0xC7, 0x3D,
    0xC0, 0xDE, 0xCA, 0x34, 0x40, 0xA3, 0x33, 0xE8, 0xF4, 0x21, 0x54, 0xFA, 0x04, 0xA4, 0x07, 0xAF,
    0x20, 0x22, 0x56, 0xD8, 0x78, 0xB0, 0xE0, 0xF2, 0x69, 0x5C, 0x05, 0xED, 0x44, 0x44, 0x61, 0x92,
    0x42, 0x98, 0x4A, 0x73, 0xB0, 0xA8, 0x15, 0xBE, 0x18, 0x55, 0x5F, 0x6E, 0x26, 0x2D, 0x3D, 0x05,
    0xA0, 0xF3, 0x1E, 0x0A, 0x5A, 0x3E, 0x30, 0x0E, 0xAC, 0x0B, 0x74, 0xB4, 0x8C, 0x3D, 0x03, 0x04,
    0x3E, 0x37, 0xB6, 0xA3, 0xFF, 0xEC, 0x88, 0xFC, 0x70, 0x61, 0xB8, 0xEC, 0x72, 0x5D, 0x52, 0x8D,
    0xF6, 0x14, 0x7C, 0xEE, 0xF3, 0x6E, 0x64, 0xBC, 0x71, 0xB3, 0x1D, 0x05, 0xBA, 0x58, 0xB0, 0xD8,
    0xAE, 0xD0, 0x2F, 0x93, 0xEB, 0x9B, 0xD4, 0x1E, 0x6E, 0x94, 0x0A, 0xC5, 0x50, 0x19, 0x07, 0xC9,
    0x0A, 0xA4, 0xA0, 0xC9, 0x39, 0x6A, 0xEC, 0x11, 0xEB, 0xF2, 0xA6, 0xD4, 0x2D, 0x34, 0x6E, 0x1D,
    0xF8, 0xB0, 0x0A, 0x31, 0x32, 0xBC, 0x52, 0x60, 0xF0, 0x1E, 0x78, 0xEB, 0x19, 0x9E, 0x46, 0x1B,
    0xD1, 0xD2, 0x08, 0xAD, 0xC8, 0x16, 0x3C, 0xCF, 0x8F, 0x36, 0x26, 0xB1, 0x19, 0x64, 0x32, 0x4A,
    0xA4, 0xB4, 0x24, 0xE1, 0x64, 0xE2, 0x6E, 0xA1, 0xA0, 0xC0, 0x2D, 0x6E, 0x0D, 0xDE, 0x96, 0xB5,
    0xF1, 0x94, 0x9B, 0xA1, 0x25, 0x66, 0xC5, 0xB7, 0x54, 0xA4, 0x0E, 0xC2, 0x66, 0x0D, 0x84, 0x45,
    0xB0, 0x37, 0x04, 0x0C, 0x1B, 0x24, 0xDA, 0x15, 0x8A, 0x89, 0xF0, 0x9F, 0xE2, 0x63, 0xEE, 0xDA,
    0x0B, 0xFD, 0xB2, 0x41, 0xC0, 0xFB, 0x33, 0xAC, 0xC0, 0x11, 0x60, 0x44, 0x2C, 0xD9, 0x0B, 0xBA,
    0x23, 0x07, 0x9E, 0x11, 0x57, 0x8C, 0x53, 0xB9, 0x37, 0xF2, 0x27, 0x19, 0x50, 0xA6, 0x22, 0xE3,
    0x14, 0xCD, 0xDC, 0xFE, 0xA2, 0x3E, 0x08, 0xB8, 0xCF, 0x09, 0xF2, 0x34, 0xB5, 0x68, 0x57, 0x9F,
    0x44, 0x3B, 0x35, 0x91, 0xAF, 0x42, 0x26, 0xAD, 0x04, 0x14, 0x2B, 0x4B, 0x52, 0xE2, 0x2F, 0x7F,
    0x11, 0xC3, 0x06, 0x0B, 0x07, 0xC1, 0x13, 0x54, 0x3F, 0x7E, 0x07, 0x66, 0xA1, 0x52, 0x31, 0x16,
    0x45, 0x0C, 0x83, 0x1E, 0x3F, 0xE9, 0xDD, 0xCE, 0x75, 0x9A, 0x63, 0xD9, 0x33, 0xA4, 0x21, 0xDB,
    0x10, 0xE5, 0x10, 0x4C, 0x9F, 0x38, 0x85, 0x02, 0x83, 0xCB, 0x82, 0x12, 0x19, 0x23, 0x89, 0x0B,
    0xC7, 0x8B, 0xBF, 0xEA, 0x23, 0x58, 0xB1, 0xB1, 0x10, 0x36, 0x82, 0x6F, 0x92, 0x0D, 0x65, 0xA1,
    0x9A, 0x36, 0x49, 0xCB, 0x69, 0x60, 0xBF, 0xD8, 0x89, 0xBC, 0x2F, 0x77, 0x6A, 0x0C, 0xCC, 0xB6,
    0x5D, 0x66, 0x77, 0xA9, 0xCB, 0xAC, 0x2F, 0x70, 0x99, 0xA8, 0x0D, 0x91, 0xB8, 0xFA, 0xD0, 0x1B,
    0x4E, 0x85, 0xDD, 0x24, 0xE3, 0x3A, 0x07, 0xF9, 0xE6, 0xF4, 0x4D, 0xAF, 0xC3, 0x2D, 0x7F, 0x71,
    0x41, 0xEC, 0x43, 0xD7, 0xB3, 0x66, 0xE6, 0x37, 0x5C, 0xCF, 0xF4, 0xFA, 0xC2, 0xC0, 0x54, 0x99,
    0xB8, 0x7B, 0x95, 0x72, 0x2F, 0xD5, 0x23, 0x59, 0xA9, 0x47, 0x31, 0x69, 0xCB, 0xE1, 0xD2, 0x2A,
    0x19, 0x67, 0x9A, 0x76, 0x83, 0x83, 0x64, 0x33, 0x38, 0x38, 0xA4, 0x43, 0x19, 0x88, 0xCC, 0x14,
    0x54, 0x04, 0xFA, 0x1C, 0x8B, 0x00, 0x3D, 0x13, 0xD3, 0xA0, 0x2D, 0x33, 0xCB, 0x05, 0xDE, 0x84,
    0xF5, 0x94, 0x59, 0x0A, 0xA7, 0x1F, 0x82, 0xD3, 0x4E, 0x3E, 0xF0, 0xB0, 0xF0, 0x24, 0xAB, 0x9C,
    0x99, 0xA0, 0x82, 0xB7, 0xC8, 0xAF, 0x10, 0x07, 0x6C, 0xAF, 0x65, 0x22, 0x7D, 0x26, 0x72, 0x1F,
    0x26, 0x32, 0xBF, 0xB7, 0x75, 0x3F, 0xAD, 0x7F, 0xF3, 0x95, 0xCD, 0xAF, 0x87, 0xD4, 0x98, 0xCB,
    0x50, 0xCC, 0x5F, 0xD8, 0xCA, 0xBB, 0xA8, 0x95, 0xCF, 0x5E, 0x52, 0xAE, 0x17, 0xD5, 0xDB, 0x77,
    0xE4, 0x55, 0x16, 0x61, 0x63, 0xC5, 0x01, 0x96, 0x45, 0x5C, 0xBF, 0xF3, 0x62, 0x72, 0x85, 0x2B,
    0xA8, 0x9B, 0x5D, 0x96, 0xD2, 0xE2, 0x8F, 0xF0, 0x1D, 0x89, 0xA2, 0xB2, 0xBF, 0x94, 0x51, 0x66,
    0xD8, 0xB9, 0xE1, 0xBE, 0x2F, 0xFC, 0x4F, 0x08, 0xA9, 0x71, 0x21, 0x53, 0x82, 0xFC, 0x43, 0xBF,
    0x31, 0x91, 0xEA, 0x13, 0x56, 0x57, 0x47, 0xF6, 0x4C, 0x92, 0x30, 0x8F, 0x4E, 0x98, 0x53, 0xAE,
    0x6B, 0xDD, 0x89, 0x6A, 0xDD, 0x9F, 0x99, 0xB1, 0xF5, 0x6C, 0x23, 0x9E, 0x2C, 0x59, 0x20, 0x6C,
    0xFC, 0xA7, 0xD6, 0xFC, 0x70, 0x57, 0x5B, 0x9F, 0x9A, 0x64, 0x30, 0x51, 0xBF, 0xE6, 0xB7, 0x55,
    0xFF, 0x0D, 0x03, 0x92, 0xA9, 0x28, 0xED, 0x7C, 0xF1, 0x86, 0x21, 0x98, 0xEC, 0x54, 0xA7, 0xC9,
    0x64, 0xAF, 0xC9, 0x64, 0xAF, 0xD9, 0xF9, 0xA0, 0xD9, 0xF9, 0x8C, 0x6B, 0xA0, 0xCC, 0xB4, 0x42,
    0x20, 0x4C, 0x22, 0xA1, 0x4D, 0x2A, 0x96, 0x06, 0x62, 0x77, 0xA8, 0x51, 0x21, 0xE8, 0xC2, 0x86,
    0x05, 0x90, 0xA0, 0xE5, 0x12, 0xE1, 0x5E, 0x71, 0xD8, 0xB2, 0x54, 0x2D, 0xCF, 0x3E, 0x66, 0x85,
    0x60, 0xD0, 0x84, 0xF6, 0x34, 0xE6, 0x2E, 0xE4, 0x4C, 0x13, 0xDA, 0xEC, 0x1E, 0x2B, 0x04, 0x69,
    0xC9, 0x84, 0x36, 0xB1, 0x4C, 0x68, 0x63, 0x6E, 0x54, 0x8B, 0x8D, 0x26, 0x1B, 0xDC, 0xA7, 0xD5,
    0x50, 0x56, 0x75, 0xC3, 0x4E, 0xD8, 0x6E, 0xCA, 0xB3, 0x40, 0x0D, 0xE0, 0x7F, 0x51, 0x03, 0x78,
    0xF6, 0xF5, 0x6A, 0x00, 0x3B, 0x39, 0xEE, 0x54, 0x03, 0x78, 0x7D, 0x40, 0x5A, 0x7F, 0xF8, 0xAE,
    0x50, 0xB8, 0x58, 0x3F, 0x38, 0x17, 0xEF, 0x02, 0xCE, 0xEC, 0x9A, 0x00, 0x5C, 0x3D, 0xB8, 0x19,
    0x43, 0x97, 0xAD, 0xC4, 0xEC, 0x5A, 0x67, 0xC4, 0x6B, 0x0C, 0x45, 0x7B, 0x0D, 0x15, 0x33, 0x8D,
    0x06, 0x93, 0x7E, 0xBD, 0x02, 0xF6, 0x5A, 0xEA, 0x30, 0xE3, 0xD0, 0x81, 0x59, 0x04, 0x96, 0x67,
    0xDC, 0xEF, 0xC8, 0x73, 0x65, 0x53, 0xF0, 0x68, 0xAD, 0x1A, 0xFA, 0xD1, 0x73, 0xE8, 0xBB, 0x5E,
    0x9B, 0x74, 0xE6, 0xFB, 0xDE, 0x13, 0x94, 0x34, 0xC8, 0x80, 0x04, 0x9B, 0xB9, 0x48, 0x06, 0x16,
    0x2A, 0xEC, 0xA8, 0x09, 0x65, 0x15, 0x73, 0xCD, 0x0E, 0x15, 0x86, 0x2C, 0xB0, 0x81, 0x20, 0x67,
    0xC2, 0x66, 0x36, 0xCC, 0x19, 0xF9, 0x50, 0x46, 0x9C, 0x32, 0x0C, 0xAF, 0x6C, 0x4D, 0xD5, 0x5F,
    0x6F, 0x4D, 0xB9, 0x12, 0xC3, 0xB0, 0x96, 0xEE, 0x98, 0x9F, 0xEA, 0xC1, 0xAA, 0xDA, 0x32, 0x75,
    0xFA, 0xFA, 0x73, 0x97, 0x7F, 0xE5, 0xF2, 0xE9, 0xA6, 0x64, 0x83, 0xEB, 0xE4, 0xB8, 0x75, 0xED,
    0x45, 0x1E, 0x33, 0x1F, 0x6D, 0xE4, 0x0D, 0x99, 0x06, 0xB9, 0x64, 0xE8, 0x39, 0x8F, 0x03, 0xF6,
    0x4A, 0x96, 0x5A, 0xAF, 0x7F, 0xAC, 0xF5, 0x7A, 0x49, 0x3B, 0x04, 0x83, 0x48, 0xEB, 0xF5, 0x6C,
    0xF8, 0xF1, 0x7A, 0x06, 0x1E, 0x54, 0x54, 0xC0, 0x0E, 0x4A, 0x37, 0x38, 0xD0, 0xFC, 0x0E, 0xB4,
    0x1A, 0x3D, 0xA8, 0x47, 0xEA, 0x77, 0xEC, 0xE2, 0x5A, 0xE0, 0xAF, 0x51, 0x8B, 0x33, 0x13, 0xB6,
    0x8E, 0x32, 0x49, 0xF3, 0x2C, 0x1A, 0x51, 0x22, 0x6C, 0x23, 0x9E, 0x21, 0xDC, 0x5E, 0xEF, 0xA2,
    0x7A, 0xA1, 0x96, 0x0C, 0x6D, 0xA0, 0xCA, 0xA7, 0x6D, 0xCC, 0xB8, 0x46, 0x31, 0xBD, 0x41, 0x27,
    0x0E, 0xF6, 0x1C, 0x43, 0xEC, 0x18, 0x84, 0x4D, 0xC6, 0x5D, 0x03, 0x6E, 0x1A, 0xC0, 0x6F, 0x03,
    0xCA, 0x22, 0x45, 0xB0, 0x15, 0x37, 0xF2, 0xC5, 0xB5, 0x06, 0xAA, 0x94, 0x0D, 0x54, 0x41, 0x8D,
    0x00, 0x31, 0x68, 0x11, 0x0E, 0xF8, 0x6C, 0x65, 0x51, 0x77, 0x6E, 0x6E, 0xE6, 0x7B, 0x8E, 0xD8,
    0x0B, 0xB7, 0x64, 0x5C, 0x05, 0x6C, 0x26, 0x7C, 0x8F, 0xCD, 0x6B, 0xBF, 0x81, 0xB0, 0xB3, 0xBF,
    0xAA, 0x27, 0x71, 0x82, 0xA6, 0x7B, 0x1D, 0xD4, 0xCD, 0xF8, 0xF5, 0xAF, 0x50, 0xCD, 0x80, 0xF5,
    0xF9, 0x0D, 0xC2, 0x38, 0xF4, 0xF0, 0x75, 0xBB, 0xBD, 0xC1, 0x57, 0x88, 0xE0, 0x81, 0x6D, 0x02,
    0xEB, 0x9A, 0x14, 0xC6, 0x90, 0x11, 0x20, 0x90, 0xF9, 0xED, 0xD9, 0x7C, 0x7E, 0x9F, 0xE8, 0x68,
    0x13, 0x02, 0x10, 0xE2, 0x3B, 0xA2, 0xA4, 0x4D, 0x25, 0x88, 0x70, 0xB5, 0x5F, 0xBE, 0x75, 0x31,
    0x90, 0x46, 0xA9, 0x76, 0x59, 0x48, 0xB1, 0xCB, 0x62, 0x0A, 0x1B, 0x06, 0x32, 0xF7, 0xAE, 0x50,
    0x37, 0x3F, 0xC2, 0x4A, 0x28, 0x8A, 0x93, 0xEB, 0xD7, 0x8C, 0x59, 0xD1, 0x9C, 0x4A, 0x30, 0xD1,
    0x62, 0x4A, 0x5F, 0x93, 0x76, 0x6A, 0x87, 0xCC, 0x5A, 0xB7, 0xE9, 0xEF, 0xB1, 0x1E, 0xC4, 0xB6,
    0x48, 0x7D, 0x07, 0x94, 0x9F, 0x9D, 0x83, 0x79, 0x20, 0xFD, 0x23, 0x0A, 0x04, 0xB4, 0x63, 0x76,
    0x4D, 0x08, 0x92, 0xB5, 0xB9, 0x87, 0x86, 0x72, 0xDB, 0x73, 0x1B, 0x4B, 0xF0, 0x4C, 0xCF, 0x2D,
    0x90, 0x49, 0x6D, 0x1E, 0xC2, 0x58, 0x8B, 0x0F, 0xF4, 0x3B, 0x00, 0x2B, 0xDF, 0xEB, 0x81, 0x2D,
    0x8E, 0xB2, 0x2C, 0x81, 0x4D, 0x4F, 0x53, 0xEC, 0x8E, 0x82, 0xD0, 0xA7, 0xD9, 0x94, 0x79, 0x3B,
    0x81, 0x81, 0xB6, 0x6B, 0xFE, 0x66, 0x47, 0x15, 0xFA, 0xD5, 0x90, 0x70, 0x09, 0xEC, 0x2D, 0x5B,
    0xCF, 0x99, 0x3E, 0x74, 0x04, 0x3F, 0x74, 0xF9, 0xDA, 0xDD, 0x55, 0x68, 0x14, 0xB6, 0xAB, 0x0E,
    0x71, 0x8D, 0x31, 0x7E, 0xB2, 0xDB, 0xFC, 0x71, 0xC4, 0x5C, 0x64, 0x40, 0xFF, 0xE4, 0xB1, 0xA5,
    0x5F, 0x9B, 0xB1, 0x7F, 0x92, 0x93, 0x0C, 0x36, 0x46, 0x32, 0x35, 0xE0, 0x3D, 0x90, 0x4D, 0x49,
    0xB3, 0xDC, 0xEF, 0xA9, 0x8B, 0xE3, 0x5C, 0x92, 0x82, 0x80, 0x68, 0x88, 0x48, 0x4F, 0x31, 0x7B,
    0x31, 0x73, 0x2E, 0x6E, 0xF4, 0xD4, 0x5A, 0x87, 0xF4, 0xFB, 0xE9, 0x4A, 0x7A, 0x55, 0xDD, 0xDD,
    0xD1, 0x36, 0xBC, 0x8C, 0x19, 0xC9, 0x6C, 0x2A, 0x60, 0xD6, 0xAE, 0x1C, 0x59, 0xE8, 0xD6, 0xD2,
    0xD1, 0x7A, 0xE8, 0x50, 0x7B, 0x0B, 0xF1, 0x3B, 0x7F, 0x18, 0x0B, 0x1F, 0x9E, 0x7B, 0xD4, 0xFD,
    0xE2, 0xB0, 0xBD, 0x24, 0xC3, 0xBB, 0x20, 0xA9, 0xDA, 0x3F, 0x99, 0xD7, 0xCA, 0x54, 0xDC, 0x95,
    0xDD, 0x28, 0x56, 0xE9, 0x27, 0x5A, 0xA6, 0x3A, 0xDD, 0x8C, 0xA4, 0x6A, 0x03, 0x3C, 0x0C, 0x00,
    0x31, 0x3E, 0x2B, 0x67, 0xE3, 0xB4, 0x87, 0x1E, 0x5E, 0xB0, 0x17, 0xF1, 0xA2, 0x15, 0x40, 0x3E,
    0xDE, 0x5C, 0x46, 0xD4, 0x8F, 0x96, 0xA4, 0x9B, 0x12, 0xAD, 0xF5, 0x56, 0x98, 0x9B, 0xE6, 0x2F,
    0x70, 0xD9, 0xCF, 0x38, 0xEA, 0x33, 0x4E, 0xA1, 0x2A, 0xE2, 0xC9, 0x9E, 0xAB, 0xDA, 0xDF, 0x98,
    0x0F, 0x4C, 0xF6, 0x03, 0x09, 0x5D, 0xFE, 0xA3, 0x62, 0x20, 0xE4, 0x75, 0xDF, 0xBC, 0xAA, 0xB9,
    0xA4, 0x8E, 0x78, 0x95, 0x53, 0x11, 0xF9, 0x82, 0x00, 0x9F, 0xE6, 0x7B, 0xC6, 0xDD, 0xCB, 0xC7,
    0x62, 0x40, 0x07, 0x49, 0x89, 0x85, 0xC5, 0xE0, 0xF3, 0x55, 0xAA, 0xCE, 0x86, 0x24, 0xDE, 0x48,
    0x14, 0x68, 0xAF, 0xA7, 0x36, 0xC4, 0x2D, 0xA6, 0x2E, 0x9A, 0x90, 0xD6, 0x34, 0x5D, 0x16, 0x55,
    0x42, 0x2D, 0xD7, 0x22, 0xC8, 0x6B, 0x67, 0x28, 0x90, 0xA2, 0x71, 0xA1, 0x8A, 0xEC, 0x43, 0x8B,
    0x2F, 0xC8, 0x75, 0xDE, 0xD6, 0x59, 0xBA, 0xAB, 0xDA, 0x86, 0xEF, 0x80, 0xCB, 0xAD, 0x49, 0x4B,
    0x47, 0x98, 0x98, 0x46, 0xCC, 0x4D, 0x07, 0x64, 0x45, 0xDE, 0xBB, 0x94, 0x9B, 0xF5, 0x59, 0x91,
    0x0C, 0x73, 0x19, 0xB2, 0x0D, 0xBC, 0x55, 0x13, 0xEB, 0x77, 0x33, 0xB8, 0xAF, 0x22, 0x5A, 0x24,
    0x63, 0xD9, 0xA8, 0x49, 0xEC, 0x26, 0xAB, 0x14, 0xF2, 0x26, 0x1E, 0x70, 0x8B, 0xEE, 0xAE, 0x60,
    0x11, 0xD5, 0x7B, 0x83, 0x43, 0xAA, 0xED, 0x71, 0xD1, 0xEF, 0x5A, 0x33, 0x7B, 0xAF, 0xBF, 0x12,
    0x0C, 0x5E, 0x40, 0xB6, 0x66, 0x4B, 0xB6, 0xE1, 0x9B, 0x90, 0x2D, 0x60, 0x1A, 0xDA, 0x2D, 0xBB,
    0xE7, 0xD1, 0x82, 0xFE, 0x26, 0xD6, 0xF3, 0xAC, 0x79, 0x39, 0x11, 0xAB, 0xCB, 0x45, 0x94, 0xF5,
    0xF8, 0xA7, 0x6E, 0x5B, 0x05, 0x1A, 0x25, 0xD6, 0xCB, 0x0B, 0x6A, 0xE4, 0x57, 0xD3, 0x2E, 0x0A,
    0xD8, 0x3D, 0x84, 0xDF, 0x65, 0xA7, 0x1D, 0xDD, 0xF0, 0x66, 0x5B, 0xDF, 0xAB, 0x9A, 0x7D, 0xDE,
    0xFB, 0x13, 0xFF, 0x3B, 0xAA, 0x6B, 0x76, 0x19, 0x70, 0xBC, 0xB5, 0xAD, 0x04, 0x84, 0x08, 0x01,
    0x4F, 0xA7, 0x56, 0x06, 0x28, 0x39, 0xC3, 0xDA, 0x18, 0x07, 0x14, 0x91, 0x52, 0x6D, 0xD0, 0xE8,
    0x82, 0x61, 0x87, 0x8F, 0x1D, 0x09, 0x21, 0xC0, 0x0B, 0x2D, 0x2F, 0x8D, 0x6B, 0x79, 0x29, 0x3B,
    0x2D, 0x03, 0x5A, 0x47, 0x6F, 0xCD, 0xED, 0xFC, 0x17, 0x9B, 0xDD, 0x96, 0xA6, 0xBF, 0xF2, 0x1D,
    0xA8, 0xA5, 0x5F, 0xD1, 0x61, 0x7F, 0xC9, 0x01, 0x79, 0x81, 0x60, 0x5C, 0x55, 0x34, 0xBE, 0x45,
    0x9A, 0xAC, 0x87, 0xC1, 0x5B, 0xAD, 0x03, 0x62, 0x98, 0x73, 0xBC, 0xFC, 0xF2, 0x4C, 0xC7, 0x5B,
    0xB7, 0x8A, 0x93, 0x45, 0x1C, 0x2E, 0xE8, 0x42, 0xC0, 0x6B, 0xF2, 0x60, 0xC8, 0x94, 0x6A, 0xD5,
    0x59, 0xAA, 0xAC, 0x68, 0xEC, 0x9B, 0x1F, 0xE9, 0xAE, 0xB2, 0xAA, 0xC8, 0xD1, 0x41, 0xB1, 0x6C,
    0x08, 0x1A, 0x08, 0x91, 0xC6, 0x6E, 0xDB, 0x77, 0x91, 0xED, 0x1D, 0xAE, 0xDC, 0x75, 0xC2, 0xC2,
    0x40, 0xB7, 0xB4, 0xAB, 0x5F, 0x67, 0xDF, 0x15, 0x64, 0xBE, 0x4D, 0x64, 0x32, 0xBB, 0xE0, 0xEB,
    0x7B, 0xE3, 0x7D, 0x46, 0xAD, 0x3B, 0x35, 0xEC, 0xFA, 0x92, 0x1A, 0xF6, 0x17, 0xF2, 0x1E, 0x1B,
    0xBF, 0xFD, 0x37, 0x21, 0xB7, 0x8F, 0x9C, 0xD5, 0x6D, 0xC5, 0xF9, 0xC7, 0xE7, 0xC5, 0xAA, 0xA7,
    0xB0, 0xBA, 0xEC, 0x9E, 0xA3, 0xF5, 0x36, 0xF6, 0x75, 0xB9, 0xD7, 0xBA, 0x12, 0x62, 0x3B, 0xC8,
    0xF3, 0x86, 0xFD, 0x14, 0x27, 0x30, 0xF1, 0xBF, 0x35, 0xDE, 0x9F, 0xD9, 0x56, 0x9E, 0xC1, 0x56,
    0x37, 0x83, 0x3C, 0xCF, 0x51, 0xA5, 0xF0, 0x79, 0x27, 0x4B, 0x8D, 0xD6, 0xB7, 0xD9, 0xC8, 0xAD,
    0x76, 0xAC, 0x30, 0xBF, 0x89, 0x16, 0x17, 0x64, 0x63, 0x7E, 0xBF, 0x79, 0x47, 0x4F, 0xD8, 0x6A,
    0xEB, 0x91, 0xBA, 0x6D, 0x6D, 0x3C, 0xD2, 0xBE, 0x23, 0x6D, 0x3B, 0xD2, 0x2D, 0xFD, 0x84, 0x9B,
    0xFA, 0xEC, 0x39, 0xCA, 0xB9, 0xB9, 0xEF, 0x3A, 0x8E, 0x74, 0x73, 0x5F, 0xB7, 0xF7, 0xB5, 0xE5,
    0xE9, 0x94, 0x43, 0x8C, 0xC4, 0xAC, 0xA4, 0x66, 0x94, 0xBC, 0xCD, 0x28, 0xAB, 0xE1, 0x3B, 0x52,
    0xEB, 0xBA, 0x65, 0x00, 0x68, 0xC9, 0xBD, 0xF0, 0xD0, 0x1E, 0xF3, 0x73, 0x09, 0x72, 0x8E, 0xC7,
    0x6D, 0x6E, 0xA7, 0x8D, 0x6C, 0x36, 0x25, 0xB9, 0x5A, 0xC9, 0xB4, 0x91, 0x9D, 0x99, 0xA9, 0xE2,
    0xE5, 0x6A, 0x25, 0x19, 0xD0, 0xE2, 0x0D, 0xA4, 0x87, 0xE0, 0xE1, 0x04, 0x2C, 0x9C, 0xC2, 0x86,
    0xCE, 0xB8, 0xD9, 0xFA, 0x18, 0x5D, 0x07, 0xF6, 0x7F, 0x04, 0xBE, 0xF1, 0x07, 0xD0, 0xD4, 0x5B,
    0xBC, 0x63, 0x25, 0xD3, 0x8E, 0x16, 0xBB, 0x78, 0x6E, 0xB9, 0x64, 0xEF, 0x10, 0x8B, 0xF1, 0x49,
    0xAC, 0x1D, 0x47, 0xBF, 0xB8, 0x4E, 0xC4, 0xEE, 0xB0, 0x44, 0x98, 0xBD, 0xDF, 0x31, 0x44, 0xA1,
    0x03, 0xD1, 0x00, 0xE9, 0xD3, 0x3D, 0x47, 0xEC, 0x20, 0x3F, 0x80, 0x75, 0x60, 0x35, 0x6F, 0x98,
    0x6E, 0x32, 0xDC, 0xA8, 0xF2, 0x5C, 0x25, 0x6C, 0x12, 0x45, 0x2F, 0x23, 0x7E, 0x75, 0x7B, 0xF1,
    0x27, 0xF4, 0xD6, 0x4C, 0x5E, 0xE2, 0xF7, 0x19, 0xD1, 0x7C, 0xC9, 0x3E, 0x14, 0xBB, 0x9B, 0xC2,
    0xEC, 0x21, 0x9C, 0x6A, 0xD9, 0x00, 0xA2, 0x37, 0xC2, 0x0C, 0x37, 0xEF, 0x3A, 0xC2, 0xFF, 0x6A,
    0x16, 0xAE, 0xC6, 0xEF, 0x3A, 0xD0, 0xFD, 0x30, 0xA6, 0xB5, 0xCE, 0x68, 0xA1, 0xD9, 0xF2, 0x81,
    0x28, 0xC5, 0xDC, 0x89, 0xAB, 0xD7, 0x61, 0x31, 0x9B, 0x18, 0xB7, 0x42, 0x66, 0x18, 0x6D, 0xCC,
    0x24, 0x8B, 0xEA, 0x90, 0xDE, 0xFD, 0xF3, 0xE2, 0xFA, 0x96, 0xF5, 0xCB, 0x22, 0x12, 0x2F, 0x11,
    0x49, 0x0B, 0xF6, 0x7A, 0x5D, 0x80, 0xC8, 0x6C, 0x0D, 0x91, 0xD1, 0xE8, 0xDD, 0xFC, 0x60, 0xC2,
    0x32, 0x60, 0x50, 0x44, 0x24, 0x06, 0x46, 0xF3, 0xCB, 0x78, 0xCC, 0x46, 0x4C, 0xF4, 0x1E, 0x79,
    0x4C, 0x7E, 0x9D, 0x23, 0xBD, 0x6D, 0x36, 0xEE, 0x6B, 0x9C, 0xEE, 0xF0, 0x57, 0xBD, 0xFA, 0xFA,
    0x68, 0x74, 0xDA, 0xC1, 0xB1, 0x8E, 0xC6, 0x33, 0xA0, 0xF1, 0x5F, 0x12, 0x6F, 0x8E, 0xCC, 0x02,
    0x3E, 0x9A, 0xAA, 0x0A, 0x2C, 0x2A, 0x04, 0x98, 0x24, 0x8D, 0xCF, 0x75, 0x55, 0x46, 0x4E, 0xAB,
    0x34, 0xA2, 0x32, 0xDE, 0xA0, 0xCC, 0x45, 0x8D, 0xFE, 0xF9, 0x66, 0x7E, 0xF3, 0x02, 0xAD, 0x13,
    0xE9, 0x2D, 0x92, 0x6B, 0xCB, 0x63, 0x56, 0x94, 0x2C, 0xE2, 0x41, 0x73, 0x70, 0x69, 0x2B, 0xC7,
    0x90, 0x25, 0xC6, 0x52, 0x12, 0xED, 0x42, 0x7F, 0xF6, 0xE0, 0xE7, 0x45, 0x88, 0x66, 0xE2, 0xEC,
    0x47, 0xA8, 0x67, 0xCE, 0x44, 0x41, 0x8A, 0x04, 0x4D, 0x3D, 0x27, 0x71, 0x91, 0xA1, 0x1C, 0xD0,
    0xCB, 0xB1, 0x30, 0x33, 0xAF, 0x8B, 0xE5, 0x62, 0x66, 0x16, 0xB4, 0x31, 0x7E, 0xF1, 0x61, 0x16,
    0x36, 0xF1, 0xDF, 0x09, 0x43, 0xB3, 0xB8, 0x8A, 0x3F, 0x41, 0xE0, 0x2C, 0xC7, 0x9F, 0xE1, 0x66,
    0x0C, 0x81, 0xE7, 0xE7, 0x68, 0x0B, 0x15, 0x84, 0xFE, 0x1E, 0xA5, 0xBC, 0x13, 0x13, 0x97, 0x15,
    0xF7, 0xAB, 0x63, 0x16, 0x90, 0x3B, 0x6E, 0x7A, 0x40, 0xA8, 0x98, 0xFB, 0xD8, 0x8D, 0x6E, 0x4B,
    0x65, 0xB5, 0x4B, 0x8A, 0x5C, 0xE2, 0x1F, 0xD1, 0x41, 0x67, 0x25, 0x03, 0x4B, 0x28, 0x82, 0x77,
    0xDF, 0xDF, 0xBC, 0x25, 0xE5, 0x90, 0x1D, 0x48, 0x87, 0x32, 0xC1, 0x5E, 0x2F, 0xF8, 0x37, 0x92,
    0x00, 0x49, 0x0E, 0x15, 0xB4, 0x99, 0x19, 0x9B, 0xA8, 0xC9, 0xBC, 0xDF, 0xB7, 0x71, 0x95, 0x05,
    0xFF, 0xDD, 0xA6, 0x45, 0x16, 0xFC, 0xAB, 0x7C, 0x9A, 0x45, 0x9F, 0xB5, 0xA7, 0xC2, 0xE7, 0x7B,
    0x6D, 0x6F, 0xD2, 0xD4, 0x7B, 0xD2, 0x99, 0xF4, 0xD0, 0x13, 0xD5, 0x94, 0x50, 0xED, 0x59, 0x83,
    0xED, 0x21, 0x59, 0x35, 0x92, 0x24, 0x88, 0xED, 0x14, 0x95, 0xB1, 0xCB, 0xFA, 0x47, 0xA1, 0x91,
    0x9A, 0x06, 0xB4, 0x25, 0x27, 0xEA, 0xD9, 0x82, 0xBA, 0x33, 0x2C, 0xCB, 0x2D, 0x6B, 0x0F, 0xCC,
    0x4D, 0x89, 0x96, 0x1E, 0x9F, 0xF7, 0xEA, 0xEA, 0xDD, 0xBB, 0x31, 0xEF, 0xE4, 0xCD, 0xB8, 0x87,
    0x27, 0x12, 0x45, 0x8D, 0xC7, 0x7B, 0xB3, 0xB8, 0x12, 0xDA, 0x98, 0x49, 0x1C, 0x94, 0xCD, 0xEB,
    0xB9, 0x89, 0x3E, 0x50, 0x74, 0xAB, 0x5D, 0x87, 0xED, 0xEA, 0xE7, 0x11, 0x9E, 0x17, 0xD6, 0x5E,
    0x1A, 0x4F, 0x4E, 0x0D, 0x6A, 0x96, 0x0D, 0x6A, 0x15, 0x27, 0xCE, 0x6D, 0x0C, 0xAE, 0x21, 0xC9,
    0x9B, 0x89, 0xBD, 0x5E, 0x9B, 0xDD, 0x32, 0xED, 0xDC, 0x12, 0x74, 0x53, 0xC3, 0x8E, 0x6C, 0xFC,
    0x84, 0x07, 0x44, 0x4A, 0x0A, 0x19, 0x84, 0xB3, 0x1E, 0x7F, 0x82, 0x1E, 0xA6, 0xDF, 0x22, 0x10,
    0xFE, 0x97, 0x0A, 0x2E, 0xA5, 0x70, 0xBB, 0x57, 0xE1, 0xB2, 0xE4, 0x15, 0x2C, 0xCB, 0x53, 0xD1,
    0xD4, 0xDB, 0x70, 0x93, 0x13, 0xCF, 0x1F, 0x0D, 0xF9, 0x5C, 0x33, 0x99, 0xDB, 0x14, 0xAB, 0x5C,
    0xD2, 0xC4, 0x2D, 0x46, 0xB3, 0xF7, 0xA0, 0xEA, 0x4F, 0x67, 0xB8, 0x1F, 0xFA, 0x18, 0x57, 0x91,
    0xBB, 0x9A, 0x94, 0x3F, 0xDE, 0xFE, 0x81, 0x19, 0x8B, 0x7B, 0x56, 0x40, 0x07, 0x73, 0x73, 0x3E,
    0x3F, 0xE6, 0x55, 0x54, 0xDF, 0x33, 0x7A, 0x16, 0x2D, 0xB9, 0x8F, 0x17, 0x7F, 0xAC, 0xB5, 0xF7,
    0x7E, 0x65, 0x0B, 0xCA, 0x6A, 0x9A, 0x52, 0xD7, 0x8B, 0x91, 0x5E, 0xF6, 0x71, 0x76, 0x3E, 0x97,
    0xE0, 0x6D, 0xC6, 0xC1, 0xF1, 0xF3, 0x2B, 0x3A, 0xF8, 0xF2, 0x1E, 0xEF, 0x61, 0xCA, 0xAD, 0x36,
    0xBB, 0x1B, 0x4A, 0x94, 0xD6, 0x59, 0xDC, 0x9B, 0xCF, 0xCB, 0xDA, 0x35, 0x78, 0xAC, 0xFD, 0x4C,
    0xC8, 0x8B, 0x7F, 0x94, 0x9D, 0xCD, 0x1F, 0x60, 0xF8, 0x0E, 0xD7, 0x5C, 0xBC, 0xCC, 0xAD, 0x51,
    0x7B, 0x07, 0xDB, 0xA5, 0x77, 0xDA, 0x5E, 0x21, 0x62, 0xFE, 0x11, 0xF6, 0xDC, 0x7C, 0xDE, 0xA6,
    0xB7, 0x91, 0x67, 0xC7, 0xC5, 0x7E, 0x23, 0x46, 0xAB, 0xED, 0xF5, 0xEC, 0x5F, 0x2E, 0xA7, 0x1B,
    0x89, 0xA2, 0x6B, 0x82, 0xCD, 0x67, 0xF2, 0x22, 0x83, 0x9E, 0x9B, 0xE5, 0x6D, 0x2B, 0xEE, 0x6E,
    0x19, 0xEE, 0xFF, 0xCB, 0xEB, 0x7B, 0xEB, 0x55, 0x0F, 0xBD, 0x31, 0xE6, 0xC2, 0x7B, 0x2F, 0x9E,
    0x57, 0x40, 0xF9, 0x3F, 0xED, 0x59, 0xBF, 0xAF, 0xE4, 0x56, 0x19, 0xBD, 0xB6, 0x95, 0x67, 0x29,
    0x96, 0x70, 0x1A, 0x8A, 0xEC, 0x4A, 0x98, 0x82, 0x8A, 0x22, 0xFE, 0x07, 0x48, 0x3C, 0x88, 0x92,
    0x26, 0x05, 0x3D, 0x4D, 0x0A, 0x04, 0xC5, 0xB6, 0x14, 0xC9, 0xB3, 0x25, 0xFE, 0x81, 0xF7, 0x27,
    0x50, 0x84, 0x82, 0xD9, 0x62, 0x29, 0xB7, 0xD8, 0xF7, 0xEC, 0x54, 0x14, 0x69, 0x1C, 0x89, 0x1E,
    0x2B, 0x5A, 0x09, 0xB4, 0x4F, 0x22, 0x46, 0x4C, 0x94, 0xD9, 0xB7, 0xB6, 0x2F, 0xE7, 0x9C, 0xEF,
    0xDA, 0x6F, 0xDE, 0x6E, 0xB2, 0xA1, 0x01, 0x09, 0xC4, 0xEC, 0xBC, 0x7B, 0xAF, 0x77, 0x3C, 0xBE,
    0xDF, 0x77, 0xBE, 0x5F, 0xE7, 0xBB, 0xE3, 0x1C, 0x5F, 0xBF, 0xD0, 0xE8, 0x26, 0x9B, 0x8E, 0x1A,
    0xD3, 0x83, 0x73, 0xF7, 0xBD, 0xF7, 0x83, 0x8B, 0x30, 0xFA, 0xC6, 0x65, 0x18, 0xFF, 0xE4, 0x5C,
    0xF5, 0xD4, 0xB5, 0xBD, 0x73, 0x7E, 0xE7, 0x8A, 0xD1, 0xC5, 0xF8, 0x4A, 0x76, 0xE0, 0xDB, 0x25,
    0x47, 0x97, 0x0F, 0x98, 0x26, 0x57, 0x76, 0x8E, 0x1F, 0x54, 0x8D, 0x4D, 0x4E, 0x53, 0xCD, 0xE9,
    0xE8, 0x5A, 0xA7, 0x3B, 0xAF, 0x38, 0x1D, 0xDC, 0xC2, 0x7D, 0x46, 0x5D, 0xE1, 0xBB, 0xFC, 0xAC,
    0xE8, 0x74, 0x27, 0xBE, 0xCB, 0xAF, 0x7B, 0xE7, 0xCA, 0x9E, 0x8F, 0x74, 0xF9, 0x91, 0xDB, 0xB9,
    0xD4, 0x5F, 0x7B, 0x3C, 0xDD, 0x79, 0x3F, 0x53, 0xC6, 0xFB, 0xFE, 0xC2, 0x85, 0xD7, 0xC7, 0x1C,
    0x22, 0x89, 0x1E, 0x1F, 0x38, 0x66, 0xA3, 0x8B, 0x5A, 0xEF, 0x7B, 0x97, 0x43, 0xEE, 0x9D, 0xAB,
    0x6F, 0xFC, 0x53, 0x17, 0x2D, 0xAE, 0xEA, 0x82, 0xA4, 0xD9, 0xC0, 0xAD, 0x73, 0x5C, 0x8E, 0xAE,
    0x6C, 0x38, 0x56, 0x3B, 0x8D, 0x12, 0x09, 0x23, 0x6E, 0xC0, 0x88, 0x1B, 0xF0, 0xFF, 0xB8, 0x01,
    0x5A, 0x41, 0xC0, 0x62, 0x88, 0xB1, 0x73, 0xB6, 0xB4, 0xD8, 0x23, 0xF6, 0x92, 0xE5, 0xC1, 0xF3,
    0x55, 0x06, 0xF7, 0x9E, 0x4D, 0x1F, 0x9D, 0xC2, 0x19, 0x1F, 0xA1, 0xB6, 0x4B, 0xFC, 0x98, 0x68,
    0x6A, 0x92, 0x83, 0x54, 0x4F, 0x46, 0xED, 0x83, 0x77, 0x90, 0x24, 0xC8, 0xE4, 0xF2, 0x9E, 0x6F,
    0xEE, 0xCB, 0x09, 0x78, 0x60, 0xC5, 0x09, 0xEF, 0x20, 0x46, 0x10, 0x88, 0x13, 0xDE, 0x14, 0x92,
    0x53, 0xAD, 0x15, 0xB1, 0xE4, 0x34, 0x6B, 0x8A, 0x26, 0x7D, 0xC6, 0x9D, 0xA1, 0x77, 0x8E, 0x4D,
    0xCA, 0x83, 0xAB, 0xF9, 0x74, 0x61, 0x02, 0x71, 0xBC, 0x84, 0x7C, 0x00, 0xF3, 0xDA, 0x8B, 0x62,
    0x61, 0x1C, 0xE4, 0x01, 0xBD, 0x93, 0x45, 0xD2, 0xC1, 0x15, 0x7E, 0x97, 0xF5, 0xAE, 0x98, 0x29,
    0x4C, 0xB9, 0x13, 0x28, 0x2E, 0x8C, 0x45, 0x13, 0xC6, 0x73, 0xC7, 0x8F, 0x2E, 0xB5, 0xB1, 0x8D,
    0xD3, 0x3A, 0x9E, 0x4B, 0x92, 0x73, 0x09, 0x52, 0xCB, 0x5B, 0xEA, 0x1D, 0x24, 0x71, 0xD5, 0xCD,
    0x0B, 0xCA, 0xE4, 0x3F, 0x27, 0x18, 0x4B, 0x3C, 0x6E, 0x40, 0xBA, 0x37, 0x77, 0xF7, 0xB6, 0x75,
    0xDE, 0xCF, 0xDB, 0x3A, 0xF9, 0xEA, 0x70, 0x7B, 0x93, 0xE0, 0x0F, 0xAF, 0x73, 0xF7, 0xCD, 0xAF,
    0xD2, 0x2F, 0xC4, 0x09, 0x3A, 0x1F, 0x38, 0x52, 0x08, 0xAC, 0x61, 0xE4, 0x7D, 0x0B, 0x0F, 0xFB,
    0xE5, 0x7E, 0xDF, 0xD2, 0xE0, 0x51, 0xAB, 0xC7, 0x01, 0x9E, 0x9A, 0x76, 0xD6, 0x06, 0x3B, 0xE2,
    0x99, 0x51, 0xAE, 0x04, 0x32, 0x2C, 0xB2, 0x9C, 0x9C, 0x91, 0x00, 0x53, 0x1B, 0x57, 0x0D, 0xD2,
    0x4D, 0x6B, 0xA0, 0xB8, 0xAE, 0x93, 0x45, 0xEE, 0xAE, 0x75, 0x1E, 0x66, 0x7E, 0xB7, 0x1A, 0x6C,
    0xE6, 0x1F, 0x41, 0x4F, 0xCD, 0x0D, 0x12, 0x6F, 0x1E, 0xCB, 0xBF, 0x9C, 0x26, 0x91, 0x27, 0xC0,
    0x01, 0x47, 0xE9, 0x2F, 0x07, 0x90, 0x78, 0x5C, 0x57, 0x4D, 0xEC, 0xCD, 0x32, 0x8C, 0x90, 0x4C,
    0x16, 0x84, 0x5B, 0xA4, 0x88, 0x3C, 0x21, 0x88, 0xC8, 0xA9, 0x47, 0xBB, 0xDD, 0x55, 0xCF, 0x5A,
    0xDF, 0x44, 0xFE, 0xD9, 0x7E, 0xFF, 0x5B, 0x53, 0x5D, 0xC1, 0x3C, 0x02, 0x80, 0x9B, 0x1D, 0x1D,
    0x98, 0xEB, 0xF0, 0x3A, 0x6B, 0xEE, 0xED, 0x02, 0x54, 0xE9, 0xD8, 0xBA, 0x80, 0x54, 0xC4, 0xC1,
    0x80, 0x72, 0x35, 0x7D, 0xCF, 0x70, 0x7A, 0xDB, 0xB9, 0x5B, 0x98, 0xDC, 0x86, 0x92, 0x0B, 0x20,
    0xC5, 0xCA, 0x18, 0xC2, 0x28, 0xA1, 0xAB, 0x19, 0x2C, 0xF1, 0x7E, 0xEF, 0x37, 0x84, 0xA2, 0x79,
    0x03, 0x08, 0xA9, 0x66, 0xC5, 0xA7, 0xE8, 0x37, 0x78, 0xEA, 0xDD, 0x8A, 0x4E, 0x34, 0x6F, 0xE0,
    0x30, 0x2B, 0x05, 0x6C, 0x8A, 0x7E, 0x83, 0x06, 0xB7, 0x06, 0x64, 0x78, 0x6B, 0x00, 0x86, 0xB7,
    0x06, 0x5C, 0x78, 0x6B, 0x80, 0x85, 0xB7, 0xAE, 0xA8, 0xEC, 0xF7, 0x17, 0xA6, 0x25, 0xC5, 0xED,
    0x0D, 0x93, 0x44, 0xCB, 0xE0, 0x78, 0x1D, 0x03, 0x8B, 0x3A, 0xA7, 0xA3, 0xB9, 0x60, 0xED, 0xA2,
    0x17, 0xE3, 0xEA, 0x6F, 0x86, 0x30, 0x7D, 0xFD, 0x9D, 0x3B, 0xF9, 0xF3, 0x76, 0x75, 0xB6, 0xFC,
    0xD8, 0xF4, 0xC7, 0x36, 0x9F, 0x1F, 0xB8, 0x82, 0x60, 0xD7, 0x5F, 0x1D, 0x04, 0x04, 0x3C, 0x0A,
    0x7E, 0xC7, 0xDC, 0x08, 0xBD, 0xCA, 0x60, 0xFB, 0x5E, 0x49, 0xB4, 0x54, 0xB8, 0x53, 0xA3, 0x56,
    0x41, 0x8F, 0x55, 0x6C, 0xA1, 0x8C, 0x98, 0x23, 0x12, 0x16, 0x7D, 0xCA, 0x05, 0x8A, 0xBD, 0x56,
    0x52, 0x22, 0xFE, 0x78, 0x9B, 0x25, 0x06, 0xD9, 0x03, 0x77, 0x78, 0xDD, 0x06, 0x4B, 0xA5, 0x5E,
    0xB7, 0x31, 0x79, 0xF9, 0x18, 0xBA, 0x37, 0xD4, 0xF5, 0x9C, 0x42, 0xE1, 0xF3, 0xFA, 0xE9, 0xBA,
    0x2A, 0xBB, 0xA0, 0xBB, 0x32, 0xB0, 0xA1, 0x69, 0x30, 0xF0, 0xA3, 0xCA, 0x14, 0x23, 0x96, 0x61,
    0xB5, 0xB3, 0xA7, 0x6A, 0xFF, 0xC5, 0x05, 0x94, 0xDC, 0xBC, 0xFA, 0x45, 0x34, 0xAD, 0x6E, 0xB1,
    0xAE, 0xCC, 0xEE, 0x4E, 0xD9, 0x29, 0xB1, 0x15, 0xA4, 0x4E, 0x0E, 0x21, 0x5B, 0xCA, 0xE8, 0x56,
    0x1E, 0x82, 0x4B, 0x21, 0x27, 0x65, 0xE6, 0x67, 0xA9, 0x10, 0x72, 0xEE, 0xFB, 0x01, 0x2B, 0x7E,
    0x44, 0x4F, 0xE8, 0xB4, 0x2A, 0x0C, 0x11, 0xE6, 0x70, 0x13, 0x1E, 0x85, 0xC3, 0xFC, 0xD8, 0x7F,
    0xE2, 0xBF, 0x58, 0x6C, 0xD5, 0xD5, 0xFE, 0x60, 0xF1, 0xDF, 0x64, 0xCB, 0x6E, 0xB5, 0x57, 0x30,
    0xA0, 0xAB, 0x2D, 0xC1, 0xD2, 0xB4, 0xD2, 0x1E, 0xD7, 0xD2, 0xFD, 0x1D, 0xB7, 0x6A, 0xBE, 0xEA,
    0xBD, 0x6A, 0x6D, 0x3A, 0x4F, 0xA6, 0x31, 0xEA, 0x8F, 0xB4, 0x44, 0x05, 0xD2, 0x0C, 0x51, 0xA4,
    0x2B, 0x66, 0x69, 0xCA, 0x48, 0xA7, 0x9E, 0xA9, 0x65, 0x7C, 0x87, 0x9C, 0x2A, 0x1D, 0x69, 0xD5,
    0xC1, 0x6D, 0x49, 0x9F, 0x16, 0x5D, 0x67, 0xEA, 0xC6, 0xBC, 0x2A, 0xB1, 0x2A, 0x67, 0x62, 0x55,
    0x41, 0x97, 0xF3, 0x30, 0x5F, 0x05, 0x8D, 0x2E, 0xEF, 0xBA, 0xDF, 0x8A, 0x78, 0xC0, 0xF6, 0xCD,
    0xD6, 0xF0, 0xCC, 0x83, 0x83, 0xE7, 0xC1, 0x5C, 0x31, 0xB7, 0x4E, 0x8F, 0x78, 0x6A, 0xC6, 0x72,
    0xAD, 0x15, 0xFE, 0xEF, 0x3C, 0x38, 0x77, 0x78, 0xDC, 0x04, 0xE9, 0xF0, 0xC0, 0xA2, 0x81, 0x92,
    0xF0, 0x33, 0x64, 0x52, 0xAB, 0x96, 0x1A, 0x52, 0xDE, 0x0E, 0x15, 0x2E, 0x29, 0x37, 0xEF, 0xFC,
    0x9A, 0xDB, 0x77, 0x2A, 0xB1, 0x1C, 0xFE, 0x8A, 0xDB, 0xAB, 0x09, 0xB7, 0xE7, 0xC7, 0xAC, 0x37,
    0xB5, 0x2D, 0x68, 0xA5, 0xDD, 0x43, 0xA6, 0x1A, 0xD5, 0x77, 0x54, 0x6C, 0xE8, 0x7E, 0xB4, 0xFF,
    0x06, 0x80, 0x95, 0xC5, 0x00, 0xF5, 0xE1, 0xB2, 0x36, 0x64, 0xAB, 0xC5, 0x96, 0x40, 0xB4, 0xAE,
    0x95, 0x8A, 0x08, 0x6A, 0x1B, 0xDC, 0x11, 0xEE, 0xB1, 0x00, 0xBE, 0xD9, 0x72, 0xE7, 0x5C, 0x74,
    0x02, 0x85, 0x53, 0xDE, 0x29, 0x58, 0x4A, 0x2E, 0x7B, 0x99, 0xA9, 0x6C, 0xE2, 0x63, 0x3A, 0x0A,
    0x2D, 0x08, 0x7A, 0x4C, 0xB6, 0xE5, 0x21, 0x39, 0xC8, 0x5E, 0x35, 0x36, 0x89, 0x27, 0x99, 0xAC,
    0xE5, 0x26, 0x13, 0x83, 0x15, 0xDB, 0x40, 0x95, 0x59, 0x06, 0x9B, 0xB9, 0xC9, 0x55, 0xDE, 0xBD,
    0x2D, 0xBC, 0x7A, 0x57, 0x15, 0xDD, 0x25, 0xBD, 0x9B, 0x31, 0xF4, 0x00, 0x4B, 0x28, 0x01, 0x43,
    0x96, 0x6D, 0x73, 0x25, 0x92, 0xD1, 0xB0, 0xB0, 0xD6, 0x3B, 0x64, 0x51, 0x86, 0xB6, 0x47, 0x3D,
    0xF4, 0x0A, 0xB1, 0xCC, 0xE3, 0xCA, 0xD4, 0x42, 0xD4, 0x46, 0x7E, 0xD8, 0x12, 0x4B, 0xBA, 0xE5,
    0xA6, 0x31, 0x20, 0x83, 0x85, 0xE1, 0xB2, 0x2E, 0x78, 0x4F, 0x35, 0x07, 0x47, 0x5D, 0x11, 0xD9,
    0xF0, 0x70, 0x4B, 0x45, 0x34, 0x70, 0x65, 0x58, 0x20, 0x9F, 0x1B, 0x12, 0xB5, 0x0B, 0x38, 0x9C,
    0x43, 0xE0, 0x6C, 0x80, 0xEA, 0x14, 0x57, 0x18, 0x30, 0x3A, 0x85, 0xC0, 0x44, 0xFD, 0x8F, 0xD9,
    0x18, 0x4D, 0x41, 0x7B, 0x18, 0xD7, 0x74, 0x87, 0x81, 0x4D, 0xF3, 0x44, 0x81, 0x59, 0x17, 0x9D,
    0x05, 0x24, 0xB4, 0x86, 0xB1, 0x4D, 0x67, 0x12, 0xAA, 0x26, 0x50, 0x09, 0xD3, 0x37, 0xDF, 0xB4,
    0xED, 0x82, 0xAE, 0xC5, 0x4A, 0x44, 0xCA, 0x35, 0x36, 0xD7, 0xB8, 0x5B, 0x03, 0x2E, 0x7A, 0x18,
    0x72, 0x4B, 0xEC, 0x57, 0xF7, 0xBE, 0x65, 0x81, 0x45, 0xF8, 0x56, 0xD5, 0x7D, 0xFD, 0x5C, 0xEC,
    0xBE, 0x91, 0x24, 0x1C, 0xEE, 0x3F, 0xA7, 0xD1, 0xA2, 0x2F, 0x99, 0xAE, 0x27, 0x17, 0xBF, 0x80,
    0x2D, 0x22, 0x96, 0x86, 0x5D, 0xD1, 0x01, 0x95, 0x84, 0xF6, 0x84, 0x96, 0x09, 0x15, 0x4D, 0x46,
    0xE3, 0x8E, 0x96, 0x99, 0x72, 0xAA, 0xC8, 0xCC, 0xDD, 0x65, 0x1C, 0xA0, 0x83, 0x2E, 0xA0, 0x82,
    0x2E, 0xA0, 0x81, 0xB1, 0xA6, 0x4A, 0x17, 0x9C, 0x75, 0x01, 0xA0, 0xAB, 0x40, 0x96, 0x74, 0xE1,
    0xA6, 0xC0, 0x9C, 0xA6, 0x8D, 0xCC, 0xBC, 0x14, 0xCF, 0xB1, 0xCD, 0x67, 0x8F, 0x2C, 0x9E, 0xB3,
    0xE0, 0x17, 0x79, 0xC8, 0x63, 0x1F, 0x47, 0x24, 0xC1, 0x97, 0xF2, 0xC9, 0x4A, 0x75, 0x4E, 0x54,
    0x22, 0xB0, 0xB9, 0xD3, 0x57, 0x6E, 0x3C, 0x41, 0x8F, 0xA9, 0x95, 0x82, 0x59, 0xE5, 0x5D, 0x3C,
    0x2B, 0x69, 0x1D, 0x44, 0x40, 0x46, 0x8B, 0x93, 0x59, 0x51, 0xB9, 0xC8, 0xF9, 0xAF, 0xE4, 0xEC,
    0xED, 0xCA, 0xE7, 0x01, 0x45, 0xAD, 0x67, 0x41, 0xA7, 0x42, 0x26, 0xB5, 0xBC, 0xDB, 0xAA, 0x90,
    0x90, 0x5B, 0x74, 0x62, 0x18, 0x1D, 0x73, 0x5F, 0xD1, 0x73, 0xD3, 0xBC, 0x57, 0xD5, 0x1E, 0x68,
    0x8F, 0x7C, 0x6C, 0x77, 0x0A, 0xD5, 0xE4, 0x40, 0x91, 0x27, 0x4A, 0x5C, 0x69, 0x53, 0xCA, 0x1B,
    0xDD, 0xB1, 0xD4, 0x19, 0x4D, 0x5C, 0xD2, 0xE0, 0xFE, 0x7A, 0x81, 0x9C, 0xD8, 0x38, 0x1E, 0x2D,
    0x35, 0xCB, 0x51, 0xC8, 0x75, 0x7F, 0xE5, 0x95, 0x05, 0xE1, 0x45, 0xBF, 0x3B, 0x67, 0xDB, 0xF0,
    0x91, 0xD5, 0x21, 0x95, 0xA0, 0xC5, 0x6A, 0x41, 0x71, 0x44, 0x1F, 0xB0, 0x20, 0x06, 0xFD, 0xDF,
    0x8F, 0x2C, 0xCE, 0x0A, 0x6F, 0xA3, 0x0C, 0x7F, 0x24, 0x24, 0xA9, 0x78, 0x70, 0x6C, 0x0E, 0xF6,
    0xFE, 0x5D, 0xCC, 0x62, 0xF1, 0x16, 0xE3, 0x29, 0xCC, 0x0B, 0x48, 0x14, 0x62, 0x27, 0xC6, 0xE0,
    0x33, 0x11, 0xF8, 0x5C, 0xFC, 0xDD, 0x48, 0x89, 0xF8, 0xBA, 0xC6, 0xAA, 0x31, 0xB6, 0xCE, 0x2C,
    0x56, 0x05, 0xAE, 0x5E, 0xCB, 0xA1, 0x5B, 0x01, 0x7A, 0xE5, 0x4C, 0x4E, 0x6E, 0xB1, 0x28, 0xD1,
    0xB5, 0x96, 0xC2, 0x04, 0x45, 0xD5, 0x47, 0x40, 0xB3, 0x14, 0x77, 0xC8, 0x44, 0xC9, 0x5C, 0x2B,
    0x83, 0x9F, 0xED, 0xC0, 0xD7, 0xD2, 0x81, 0xDF, 0x7B, 0x41, 0x45, 0x5A, 0xCA, 0xFE, 0xDD, 0x53,
    0x91, 0x19, 0x8B, 0xF2, 0x4D, 0x3A, 0x26, 0xBC, 0x32, 0xB8, 0x64, 0x65, 0x71, 0x27, 0xCF, 0x04,
    0x7A, 0xE7, 0x9B, 0x0F, 0xCA, 0xAA, 0x93, 0x12, 0x80, 0x82, 0x1F, 0x32, 0x65, 0xB4, 0x31, 0xC8,
    0x49, 0x75, 0x0D, 0xA2, 0x58, 0xFA, 0x7F, 0xC0, 0xF1, 0x97, 0x9F, 0x0C, 0x7A, 0x36, 0x2D, 0x19,
    0x4D, 0xF5, 0xAD, 0x0F, 0x95, 0xF2, 0xB3, 0x37, 0x5E, 0x76, 0xB6, 0x8C, 0xB6, 0x03, 0xED, 0x5C,
    0xB8, 0xFC, 0x02, 0x08, 0x5B, 0x0F, 0x02, 0xE3, 0xE7, 0x23, 0xB1, 0x4F, 0x2E, 0x8C, 0x05, 0x58,
    0xB5, 0xCF, 0xFB, 0x95, 0xDA, 0xAE, 0x54, 0x04, 0xB0, 0x81, 0xBD, 0x02, 0x36, 0x70, 0xD5, 0x6A,
    0x17, 0x69, 0x24, 0xE4, 0x95, 0x48, 0x1F, 0x41, 0x2D, 0x3A, 0x31, 0xA1, 0x8E, 0x8E, 0xD3, 0x36,
    0x39, 0x8A, 0xAF, 0x6F, 0x52, 0x64, 0x65, 0xBF, 0x8B, 0xFD, 0x8D, 0x7F, 0x40, 0xB7, 0x98, 0x4B,
    0x5A, 0xF7, 0xE2, 0x7B, 0x78, 0xDE, 0xCF, 0xF0, 0xCF, 0x9D, 0x93, 0x1D, 0x96, 0x8F, 0x3A, 0xD2,
    0xA1, 0xDB, 0x0A, 0x19, 0x5E, 0x51, 0x7B, 0xF1, 0x0E, 0xD2, 0xD3, 0xF1, 0x5D, 0x24, 0xE4, 0xE5,
    0x09, 0xBA, 0x80, 0x72, 0x22, 0x4B, 0x9B, 0xD8, 0xB6, 0x1D, 0x55, 0xC3, 0x11, 0xF5, 0xC9, 0x08,
    0x50, 0x93, 0x11, 0xF2, 0x26, 0x03, 0x86, 0x94, 0x43, 0xD6, 0x67, 0x82, 0x1C, 0xF5, 0xA9, 0x4B,
    0x16, 0x48, 0xE1, 0xC4, 0x83, 0x2B, 0xFF, 0x00, 0x64, 0xFB, 0xE3, 0x6A, 0x4B, 0x67, 0xC8, 0xFE,
    0x0A, 0xF7, 0x0E, 0xB5, 0xB6, 0x58, 0x50, 0x96, 0x53, 0xDE, 0x16, 0x60, 0x3C, 0x53, 0x79, 0x6E,
    0x0D, 0xAF, 0x6B, 0xC3, 0x0B, 0x6D, 0x03, 0xCC, 0x9B, 0x1D, 0xA2, 0x79, 0x75, 0xC2, 0xC8, 0xCA,
    0x50, 0x28, 0x3B, 0xC2, 0x6B, 0x16, 0x5E, 0xB3, 0x18, 0xC2, 0xAC, 0xD8, 0x98, 0x38, 0x46, 0x1A,
    0xE3, 0xA3, 0x55, 0x4E, 0x7E, 0x9A, 0x8D, 0xBC, 0xB3, 0x50, 0x2C, 0xAA, 0x80, 0x44, 0x88, 0x9A,
    0x99, 0xD5, 0x3F, 0xF6, 0xCF, 0x98, 0x54, 0x6A, 0xAF, 0xCE, 0xDC, 0x78, 0xC2, 0x87, 0x82, 0xE4,
    0xA4, 0x2F, 0x4C, 0xE4, 0x7E, 0x89, 0xDF, 0x05, 0xE6, 0x4F, 0xC0, 0xF0, 0x41, 0xC1, 0x9A, 0xDD,
    0x5E, 0x03, 0xF4, 0x99, 0x9A, 0x8D, 0x16, 0x09, 0xD9, 0x00, 0xD9, 0xD2, 0x01, 0x11, 0x90, 0xD2,
    0x6E, 0xE9, 0xA0, 0xCE, 0xBA, 0x92, 0xE9, 0x02, 0xC3, 0x2E, 0x19, 0x1F, 0x35, 0xE4, 0x81, 0x76,
    0xD9, 0xF3, 0x9F, 0x1F, 0xC9, 0x4B, 0x29, 0xC4, 0x62, 0x0C, 0x09, 0x76, 0xDA, 0xC4, 0x50, 0x42,
    0xAC, 0xC5, 0x6C, 0xFB, 0xFF, 0x37, 0x76, 0xDF, 0xDA, 0xD8, 0x19, 0x3E, 0x56, 0x01, 0x2D, 0x75,
    0x68, 0x69, 0xDD, 0x9C, 0x79, 0x63, 0x00, 0xE7, 0x7F, 0xBE, 0x9B, 0xDB, 0x68, 0xC4, 0x46, 0xE0,
    0x4F, 0xCF, 0x0C, 0x2E, 0x5F, 0xEE, 0xDC, 0xFE, 0xBB, 0x7B, 0xB8, 0xAD, 0x7C, 0xD9, 0x91, 0x8A,
    0x19, 0xD3, 0xB2, 0xA9, 0xE9, 0xFC, 0xC1, 0x2B, 0x49, 0x5A, 0x09, 0xB0, 0x54, 0xE5, 0xAB, 0xB5,
    0xC5, 0xE3, 0x9C, 0xE3, 0xAF, 0x35, 0xFE, 0xA8, 0xB8, 0xFD, 0xB4, 0x3A, 0x7E, 0x3B, 0x6B, 0xD0,
    0x81, 0x4D, 0x25, 0xEE, 0xF0, 0x6F, 0x63, 0x0D, 0x41, 0x45, 0x69, 0xB8, 0xE2, 0x14, 0xD4, 0xFB,
    0xE0, 0x55, 0xD5, 0x24, 0xBB, 0x14, 0x93, 0x5E, 0x1A, 0x74, 0xA9, 0x0F, 0xB2, 0xC3, 0x7F, 0x88,
    0x6C, 0x58, 0x79, 0xD9, 0xA8, 0x4D, 0xB6, 0x1D, 0x60, 0x95, 0xDD, 0x4B, 0x34, 0x77, 0x3D, 0xCC,
    0xD4, 0xEA, 0xE2, 0x35, 0x87, 0x5B, 0xB9, 0xB2, 0x5F, 0x08, 0xF1, 0x70, 0x9A, 0x63, 0x69, 0x41,
    0x49, 0xBA, 0xDB, 0xAA, 0x70, 0xB7, 0x9D, 0x86, 0xAD, 0x1C, 0xBB, 0x0D, 0x7D, 0x3D, 0x2C, 0xB3,
    0xAE, 0xD2, 0x71, 0x0D, 0x8F, 0xA2, 0x5F, 0x25, 0xA9, 0x77, 0xF2, 0x34, 0x05, 0x79, 0xF0, 0x2F,
    0xD8, 0x46, 0x39, 0x81, 0x56, 0x59, 0xBB, 0xCC, 0xAA, 0x0B, 0xFC, 0x14, 0xEE, 0x1A, 0xFA, 0xFA,
    0x64, 0x93, 0x2D, 0xDF, 0x64, 0x2B, 0x9F, 0xED, 0x1F, 0x8D, 0xAB, 0xA6, 0x66, 0x47, 0x12, 0x2E,
    0xB1, 0x56, 0x19, 0x22, 0xBF, 0xA1, 0xF0, 0xB4, 0x78, 0x61, 0x19, 0xAD, 0xB1, 0xD5, 0x70, 0x07,
    0xBC, 0x15, 0xBA, 0x15, 0xB8, 0xAB, 0xA0, 0xC9, 0xE1, 0x35, 0x50, 0xD1, 0xB2, 0x31, 0xF3, 0x41,
    0xE9, 0x8F, 0x25, 0xAB, 0x15, 0xEC, 0x8B, 0x0A, 0x2B, 0xC7, 0x44, 0x77, 0xD9, 0x45, 0x7F, 0x20,
    0x87, 0x51, 0x37, 0x8A, 0xC7, 0xAA, 0xF4, 0xA8, 0x64, 0xB9, 0x7B, 0x74, 0x48, 0x3F, 0xC8, 0x2F,
    0x31, 0x17, 0x60, 0x15, 0x7B, 0x40, 0x82, 0x9C, 0x7F, 0x15, 0x32, 0xCA, 0x12, 0x4E, 0x3B, 0xBC,
    0x25, 0xCD, 0x54, 0xC5, 0xB1, 0x75, 0xE5, 0x9F, 0x7B, 0xC0, 0x53, 0x5F, 0xFB, 0x9F, 0x2E, 0x8F,
    0xE8, 0x09, 0x53, 0xC4, 0x7C, 0x44, 0x07, 0x2B, 0xC3, 0xA9, 0x71, 0x16, 0x8E, 0x56, 0x9A, 0x13,
    0xE3, 0x87, 0xF3, 0x91, 0xAD, 0xD7, 0x7B, 0xF5, 0x15, 0xB5, 0x47, 0x47, 0x7E, 0xE9, 0xFD, 0x6F,
    0x90, 0x56, 0x20, 0x0E, 0xF6, 0xCB, 0xD0, 0x7C, 0xCE, 0x76, 0x60, 0x3E, 0x2B, 0xDF, 0x92, 0xD9,
    0xE0, 0x5D, 0xB6, 0x4A, 0x3C, 0x4F, 0x2A, 0x86, 0x5E, 0x8C, 0x22, 0xAC, 0xD6, 0x05, 0xC9, 0x65,
    0x70, 0xEF, 0xB1, 0x6D, 0x1C, 0x1C, 0x1B, 0x7E, 0x34, 0x35, 0x83, 0xA6, 0x9C, 0xB5, 0x38, 0xEF,
    0xDF, 0xA5, 0x3A, 0xF9, 0x67, 0x07, 0xF5, 0xB4, 0x7F, 0x51, 0xEE, 0x02, 0x9F, 0x62, 0x1A, 0x4E,
    0x27, 0x59, 0x8B, 0xA7, 0xF2, 0x75, 0x67, 0x24, 0x8B, 0x9B, 0xDC, 0x40, 0x24, 0xF7, 0xB8, 0x50,
    0xBE, 0x7D, 0x2B, 0x6A, 0x9F, 0x9F, 0xFA, 0xBA, 0xA0, 0x0C, 0xA6, 0x6A, 0x5F, 0x67, 0xA6, 0x07,
    0x87, 0xEF, 0x90, 0x77, 0x78, 0x9E, 0x25, 0xDF, 0x30, 0xBB, 0xB4, 0x6C, 0x6B, 0xE1, 0x77, 0xB9,
    0x3A, 0xAF, 0x8A, 0xA7, 0x43, 0xD1, 0x97, 0x6C, 0x3A, 0xD3, 0xCF, 0xD8, 0x90, 0x15, 0x08, 0x92,
    0xBC, 0xFB, 0x10, 0x80, 0xE5, 0x9F, 0xB0, 0x53, 0xCD, 0x3F, 0x15, 0xF1, 0xF8, 0x9B, 0x0E, 0xD3,
    0xD5, 0x6B, 0x83, 0x61, 0x91, 0x69, 0xFA, 0x47, 0xC0, 0xE4, 0xDD, 0x96, 0x3E, 0xF8, 0x03, 0x3B,
    0xF7, 0x39, 0xE3, 0xE9, 0x42, 0xCD, 0x6A, 0x06, 0x17, 0x18, 0x00, 0x59, 0x71, 0x60, 0x2F, 0xF2,
    0x54, 0x8E, 0x28, 0x56, 0xA5, 0x2E, 0x29, 0xD3, 0xF9, 0x0D, 0x5D, 0x3D, 0x12, 0x29, 0x2A, 0xE9,
    0xD0, 0x11, 0x8B, 0x00, 0xE4, 0x94, 0xA7, 0x6C, 0x09, 0x48, 0x47, 0x04, 0x09, 0x03, 0x08, 0x51,
    0x84, 0x84, 0x3F, 0x90, 0xE8, 0x76, 0x99, 0x7F, 0xC8, 0x16, 0x9E, 0xCA, 0xDC, 0xDF, 0x22, 0xCF,
    0x35, 0x2B, 0x9B, 0x52, 0xFE, 0xD2, 0x90, 0xF4, 0x2B, 0xF1, 0xBD, 0xAD, 0x46, 0xE5, 0xC2, 0x6A,
    0x36, 0x20, 0xDD, 0x1F, 0xD1, 0x7D, 0xA2, 0x51, 0x77, 0xEF, 0xD3, 0x3D, 0x29, 0xA3, 0x5C, 0x8C,
    0x4E, 0x2C, 0x9A, 0xC6, 0x1F, 0x47, 0x58, 0x66, 0xE3, 0x63, 0x4D, 0xAA, 0xD7, 0x64, 0x07, 0xF0,
    0xCA, 0x41, 0xB4, 0xB2, 0x0D, 0x79, 0xE4, 0x8D, 0xC0, 0xA4, 0xF2, 0x9D, 0xFD, 0x15, 0xF6, 0x4B,
    0xC5, 0xDA, 0x1D, 0x32, 0x7B, 0xF8, 0x30, 0xFE, 0x70, 0xEF, 0xF7, 0xBF, 0x5F, 0xCF, 0xB6, 0xC2,
    0x59, 0xDE, 0x74, 0x7B, 0xA2, 0x64, 0x71, 0x6E, 0x31, 0x6E, 0xCC, 0xD9, 0x7E, 0x36, 0x48, 0x4F,
    0xAA, 0x8D, 0xC5, 0xF3, 0x29, 0x9B, 0x0F, 0x9C, 0xBE, 0x09, 0x4C, 0xC6, 0x82, 0x6B, 0xAB, 0xC7,
    0xED, 0x49, 0x14, 0x2F, 0x27, 0x1E, 0xF1, 0x96, 0xB6, 0x35, 0x77, 0x79, 0xA2, 0xF1, 0xB1, 0xB5,
    0xEB, 0xCE, 0xCE, 0xD1, 0xB6, 0xC7, 0x9C, 0x96, 0xED, 0xC9, 0xB2, 0x27, 0xBD, 0x8C, 0xFE, 0xC8,
    0xBF, 0x47, 0x37, 0x8D, 0xA8, 0x46, 0x66, 0xBF, 0xAD, 0xD8, 0xAF, 0x2A, 0x8D, 0x65, 0xF4, 0xF0,
    0x2B, 0x8A, 0xFE, 0xCE, 0x03, 0xFE, 0x3A, 0x7F, 0x42, 0x0E, 0x65, 0x79, 0x2F, 0xC7, 0x5B, 0x59,
    0x8E, 0x41, 0x8E, 0x0F, 0x6D, 0x4D, 0xCB, 0x95, 0x9B, 0x55, 0xE3, 0x8B, 0xB3, 0x0B, 0xC5, 0xAF,
    0xFD, 0xD7, 0x6C, 0xC8, 0x55, 0xE1, 0xD8, 0xAD, 0x79, 0xF5, 0x87, 0x89, 0x6E, 0xFB, 0xA9, 0xEB,
    0xE4, 0xC7, 0x1C, 0xC3, 0xC4, 0x3A, 0xC4, 0xD0, 0x22, 0x0A, 0x92, 0xD9, 0xA4, 0x9A, 0x64, 0x85,
    0xC8, 0xA6, 0xD8, 0xE8, 0x8E, 0x17, 0x69, 0x66, 0xB2, 0x4D, 0x8C, 0xFA, 0xA5, 0xC6, 0x45, 0x32,
    0xFB, 0x79, 0xE9, 0xF4, 0x77, 0xA5, 0x7E, 0xA5, 0x59, 0xD6, 0xA0, 0xFE, 0x2B, 0x32, 0x48, 0xAD,
    0x58, 0xAD, 0x83, 0x54, 0x32, 0xF2, 0x7A, 0x57, 0x9D, 0xEA, 0xEE, 0xF0, 0xF2, 0xE1, 0xE1, 0xFD,
    0xE7, 0x88, 0x62, 0x6F, 0x0D, 0x59, 0xA7, 0x33, 0x15, 0x1D, 0xA8, 0xE8, 0x34, 0x45, 0xF9, 0x48,
    0xE7, 0x28, 0x3A, 0x37, 0xB1, 0x13, 0x14, 0xF6, 0xAA, 0x6B, 0x87, 0x5A, 0xF1, 0x99, 0xF5, 0x76,
    0x64, 0x72, 0x69, 0x87, 0x25, 0x3A, 0x29, 0xF9, 0x27, 0x1D, 0x8A, 0x21, 0x6E, 0xC4, 0x30, 0x14,
    0x44, 0x9F, 0x63, 0x55, 0x06, 0x0B, 0x4C, 0x8A, 0x96, 0xF8, 0x08, 0x39, 0x41, 0xD6, 0x39, 0x42,
    0x0F, 0x11, 0x50, 0x58, 0x18, 0xD0, 0x55, 0x72, 0x94, 0x85, 0xD5, 0x92, 0xD2, 0x80, 0x56, 0xF1,
    0x11, 0x22, 0xF5, 0x02, 0x96, 0x7A, 0x80, 0x0D, 0x30, 0x08, 0x48, 0xF2, 0xEB, 0x74, 0x66, 0xC0,
    0xCC, 0xE8, 0xB5, 0x7C, 0xE3, 0x71, 0xBD, 0x09, 0xB4, 0x6A, 0xD5, 0x8B, 0x9D, 0x3C, 0x3C, 0x41,
    0xD7, 0x17, 0x12, 0xED, 0x6F, 0xF2, 0xF5, 0x66, 0x16, 0x1D, 0x9C, 0x3C, 0x82, 0x1F, 0xA5, 0xFE,
    0x2A, 0x36, 0xCE, 0xF7, 0x0F, 0x2F, 0xAB, 0x97, 0xA5, 0xA1, 0xB9, 0x16, 0xC9, 0x7F, 0x46, 0x27,
    0xBD, 0xD9, 0xA8, 0x44, 0xAA, 0x2B, 0x83, 0xA8, 0x2D, 0xE7, 0x9D, 0xE1, 0xCC, 0x38, 0x8D, 0x51,
    0x47, 0x3D, 0x9D, 0x42, 0xC9, 0x69, 0xC6, 0xAF, 0x74, 0x23, 0x83, 0x3D, 0x92, 0x4B, 0x9E, 0xF9,
    0xA4, 0x75, 0xA8, 0xD5, 0xA3, 0xD3, 0x8E, 0xFD, 0x49, 0x5C, 0x6C, 0xE0, 0x95, 0xC6, 0x9B, 0xE4,
    0x1E, 0xC1, 0xEC, 0xA8, 0x04, 0xEA, 0x46, 0x31, 0xA3, 0x67, 0xCC, 0x7C, 0x1F, 0xA3, 0x48, 0x90,
    0x9D, 0x92, 0x2E, 0x1C, 0x76, 0xF0, 0x92, 0x99, 0x25, 0x3B, 0x99, 0xE8, 0x6B, 0xFE, 0xF5, 0x86,
    0x9A, 0xD0, 0x1B, 0x19, 0xC3, 0xF2, 0x7C, 0xA1, 0x4C, 0xC7, 0x5D, 0x44, 0x47, 0x45, 0x77, 0xEB,
    0x66, 0x17, 0xFF, 0x00, 0xDD, 0x5B, 0xBD, 0x92, 0xDC, 0x58, 0x15, 0x3E, 0x92, 0xD6, 0x23, 0xD6,
    0xAA, 0x42, 0x1B, 0xB0, 0x55, 0x30, 0x2E, 0x50, 0xBA, 0xDE, 0x02, 0xEB, 0x01, 0x00, 0x4B, 0x5B,
    0xFB, 0x02, 0x13, 0xE0, 0x9C, 0x60, 0x03, 0x53, 0x04, 0x4E, 0x09, 0xF0, 0x48, 0x2C, 0x2F, 0x30,
    0x8F, 0xE0, 0x60, 0x48, 0x9C, 0x38, 0x71, 0xE0, 0xC0, 0xD3, 0x6A, 0x12, 0x12, 0x02, 0x44, 0x15,
    0x0F, 0xA0, 0xA2, 0x1C, 0xD9, 0xC1, 0x8A, 0xA2, 0x29, 0xB4, 0x5E, 0xFD, 0x70, 0xCE, 0x77, 0xAE,
    0xBA, 0xAF, 0xBA, 0xDB, 0xBB, 0x6B, 0x60, 0xFA, 0xC7, 0x53, 0x33, 0xA7, 0x7B, 0xD4, 0xEA, 0xBE,
    0xE7, 0x7E, 0xDF, 0xB9, 0xE7, 0xEF, 0xDE, 0x26, 0xA2, 0xB0, 0x26, 0xFE, 0x49, 0x16, 0x22, 0xB3,
    0x46, 0xE4, 0x20, 0xD2, 0xED, 0x5A, 0x96, 0xDE, 0x42, 0x64, 0x50, 0x8B, 0x8C, 0xE6, 0x9D, 0xDC,
    0x98, 0xF7, 0x72, 0x23, 0xCD, 0x58, 0xF6, 0x54, 0xF0, 0x8D, 0x2D, 0xFF, 0xC7, 0x37, 0x8A, 0xE4,
    0xCF, 0x4A, 0x52, 0x8A, 0x4A, 0x91, 0xC9, 0x9C, 0xEF, 0xA5, 0x62, 0x18, 0x86, 0x39, 0x0D, 0x22,
    0x5D, 0x48, 0x8F, 0x3F, 0x3C, 0x2A, 0x65, 0xD0, 0xB0, 0xE4, 0x1B, 0x29, 0xAC, 0xF8, 0x46, 0x7E,
    0x63, 0x91, 0xCA, 0x38, 0xB4, 0xE5, 0xE7, 0xB7, 0x90, 0x83, 0x08, 0x67, 0x58, 0x3D, 0xD7, 0xEB,
    0x27, 0xC3, 0x05, 0x51, 0x3C, 0xB0, 0x7E, 0xC3, 0xAB, 0x9E, 0x95, 0x66, 0x2D, 0x5C, 0x28, 0xC1,
    0x57, 0x45, 0x24, 0xFC, 0xA6, 0x5F, 0xF3, 0xFD, 0xD9, 0x30, 0x90, 0x3F, 0xFC, 0xE1, 0x9C, 0xE2,
    0x92, 0x1E, 0x8A, 0xAA, 0x1D, 0xCF, 0xC0, 0x69, 0x79, 0x0A, 0x5E, 0xCB, 0xB3, 0x88, 0x1A, 0xCA,
    0x5E, 0xF7, 0x0D, 0x7F, 0xD2, 0x3F, 0x1A, 0x3A, 0xE9, 0x3F, 0x59, 0xD8, 0x0A, 0x3C, 0x1C, 0xC7,
    0xD4, 0xE1, 0x87, 0xE5, 0x35, 0xFE, 0x99, 0xA9, 0x42, 0x73, 0x79, 0xF5, 0x89, 0x48, 0x0A, 0x20,
    0xC3, 0x5C, 0xE4, 0x1D, 0xBC, 0xFA, 0x8B, 0xF5, 0x19, 0x1D, 0x18, 0xE4, 0x8E, 0x0C, 0xE2, 0xC9,
    0xB4, 0x3C, 0xB9, 0x44, 0x11, 0xC4, 0x12, 0xE2, 0x4B, 0x5B, 0xF5, 0x6B, 0xC6, 0xFB, 0x27, 0x36,
    0xAA, 0x6E, 0x8B, 0x87, 0xA0, 0x14, 0x70, 0x9B, 0xF7, 0xF1, 0xBC, 0xC3, 0xA5, 0x24, 0x93, 0xB1,
    0x9C, 0x2E, 0x04, 0xEE, 0x17, 0xEE, 0xC5, 0xA6, 0xD5, 0x28, 0xC6, 0x06, 0x64, 0x83, 0xB2, 0xC2,
    0x6C, 0x70, 0x36, 0x40, 0x1B, 0xA4, 0x0D, 0xD4, 0x06, 0x6B, 0x03, 0xB6, 0xA2, 0x6D, 0xE0, 0x36,
    0x78, 0x1B, 0xC0, 0x0D, 0xE2, 0x06, 0x72, 0x83, 0xB9, 0x82, 0x4E, 0x8A, 0x3A, 0x29, 0xEC, 0xA4,
    0xB8, 0x93, 0x02, 0x4F, 0x8A, 0x3C, 0xD9, 0xD6, 0x7E, 0x06, 0x9D, 0x16, 0xAA, 0x8B, 0xC8, 0x18,
    0xB6, 0x73, 0xB5, 0x9C, 0x8A, 0x5F, 0xE1, 0x2A, 0xD4, 0xEC, 0x44, 0x05, 0xBF, 0x8E, 0xE6, 0xDB,
    0x56, 0x0A, 0xC8, 0x51, 0x76, 0x40, 0x8F, 0xF2, 0xB3, 0x24, 0x48, 0x19, 0x12, 0x8A, 0x94, 0x23,
    0x90, 0xA4, 0x2C, 0x29, 0x4D, 0xCA, 0x93, 0x12, 0xA5, 0x4C, 0x29, 0x55, 0xCA, 0x95, 0x92, 0x65,
    0xB3, 0x75, 0xC3, 0x40, 0x9D, 0xEA, 0xC3, 0x7C, 0xA5, 0xAD, 0xD3, 0xB8, 0xB5, 0xD2, 0xF5, 0x99,
    0x8C, 0x58, 0xBC, 0x3B, 0x74, 0xA9, 0x54, 0xCB, 0x54, 0x8A, 0x62, 0xC8, 0x9B, 0xA9, 0xF0, 0x72,
    0xA0, 0x44, 0x15, 0xE9, 0xCA, 0x4D, 0x11, 0x7D, 0x51, 0x2A, 0x51, 0xFA, 0x5F, 0x00, 0x6B, 0xBB,
    0x8C, 0x74, 0x79, 0x7D, 0x44, 0x2B, 0xBE, 0xDA, 0x10, 0x2B, 0xEF, 0xCC, 0x39, 0x3B, 0x5E, 0xBE,
    0x9C, 0x47, 0xA2, 0x03, 0x3C, 0x2A, 0x46, 0xBE, 0x2B, 0xE2, 0xE7, 0x22, 0x9E, 0x13, 0x00, 0x27,
    0x57, 0xEC, 0x55, 0xB0, 0xA3, 0xD9, 0x4C, 0xB4, 0x60, 0xEC, 0x6F, 0xA4, 0x37, 0xD2, 0x1D, 0xF9,
    0xBC, 0x93, 0x0B, 0x17, 0x84, 0x77, 0x70, 0xBA, 0xE0, 0x99, 0xA8, 0x89, 0x00, 0xD6, 0x23, 0x28,
    0xBF, 0xFE, 0xA3, 0xEE, 0x78, 0x74, 0x84, 0xEF, 0x0C, 0x53, 0x51, 0xF9, 0x23, 0x7E, 0x77, 0xDF,
    0x93, 0xD3, 0x33, 0xD2, 0x5E, 0x15, 0x54, 0x1B, 0x33, 0xC1, 0xF2, 0xC2, 0xEA, 0x32, 0x4C, 0xE5,
    0xBB, 0x64, 0xCA, 0x69, 0x56, 0xB8, 0x03, 0x76, 0xF5, 0x67, 0x5B, 0xDC, 0xD9, 0x71, 0x67, 0x54,
    0xEA, 0xC0, 0x01, 0xB3, 0xF8, 0xB0, 0x6D, 0x2E, 0x6C, 0xDF, 0x49, 0x97, 0x3A, 0x61, 0x0F, 0x32,
    0x84, 0x9D, 0xA8, 0xDB, 0x6C, 0xD7, 0x15, 0x7D, 0x44, 0xB2, 0x82, 0x5A, 0xDC, 0x59, 0x20, 0x3D,
    0x4B, 0x06, 0xB9, 0x33, 0x68, 0x0E, 0x3C, 0x25, 0x23, 0x47, 0xD4, 0xF4, 0x4B, 0x2C, 0x0C, 0x19,
    0x29, 0x35, 0xD3, 0x73, 0x26, 0xC6, 0xE6, 0xD6, 0x5E, 0x49, 0x6E, 0x13, 0x61, 0xC5, 0xC9, 0x6D,
    0x2D, 0x5C, 0xCA, 0xAE, 0xB8, 0x0A, 0x69, 0x95, 0xEA, 0xC2, 0x03, 0x19, 0x4E, 0xA8, 0xD9, 0x4E,
    0x44, 0x83, 0x97, 0x67, 0x0F, 0x8E, 0x88, 0x88, 0xF7, 0x96, 0x41, 0x03, 0x90, 0x21, 0x83, 0xF1,
    0xAA, 0x6F, 0x24, 0x22, 0x69, 0x46, 0x0E, 0x77, 0xB3, 0x68, 0x4E, 0xC0, 0x41, 0x6C, 0x61, 0xE7,
    0x2C, 0xAC, 0x95, 0x52, 0xAD, 0x78, 0xB2, 0x7E, 0xCE, 0x90, 0x7A, 0x1E, 0xE3, 0xEA, 0x40, 0x86,
    0x9C, 0xC9, 0xAC, 0x9E, 0xD4, 0xE3, 0xFC, 0xBC, 0x72, 0x9C, 0xE3, 0x0F, 0x26, 0xCC, 0x54, 0x7B,
    0x5D, 0x22, 0x41, 0x15, 0x00, 0xBA, 0x01, 0x81, 0xBA, 0x2F, 0x10, 0x54, 0x6B, 0xBF, 0xD9, 0x74,
    0xCA, 0xCA, 0x86, 0xA1, 0x83, 0xF9, 0x28, 0x69, 0x49, 0xC8, 0x16, 0x46, 0x8E, 0x27, 0xB0, 0xDF,
    0x4C, 0xBF, 0xC3, 0xA3, 0x2D, 0xEE, 0xCA, 0x7B, 0x3B, 0x06, 0x96, 0x15, 0x75, 0xF3, 0x09, 0x01,
    0x6E, 0xE5, 0x32, 0x45, 0x0B, 0xA5, 0x88, 0xDF, 0x96, 0x75, 0x3B, 0xA5, 0xE8, 0x78, 0x83, 0xC4,
    0xDB, 0x05, 0xF6, 0x3D, 0x07, 0x8B, 0x6F, 0x0C, 0xEC, 0x31, 0xCF, 0x99, 0xCD, 0x87, 0x25, 0x83,
    0xF2, 0xF8, 0xF1, 0xE3, 0x1C, 0x05, 0x10, 0x6A, 0x1D, 0x61, 0x86, 0xD4, 0x5C, 0x51, 0x5B, 0x61,
    0x82, 0xED, 0x4A, 0xBA, 0xFD, 0xE3, 0xC7, 0xD2, 0xC2, 0x90, 0x79, 0xB1, 0xEC, 0xC7, 0x52, 0x4C,
    0x51, 0xD2, 0x54, 0x52, 0x03, 0x94, 0x4A, 0x4D, 0x69, 0xE2, 0xB9, 0xAE, 0x07, 0xC8, 0x97, 0x18,
    0x10, 0x14, 0xF0, 0xEC, 0x86, 0x7C, 0x1B, 0xBC, 0x5A, 0xE9, 0x65, 0xF3, 0x75, 0xA9, 0xD7, 0x9D,
    0x82, 0xC7, 0x89, 0x64, 0xF0, 0xE2, 0xE5, 0x90, 0x33, 0x78, 0xF1, 0x9C, 0xB5, 0x08, 0x2A, 0x8E,
    0x19, 0x5E, 0x1D, 0xE5, 0x2C, 0x64, 0x86, 0x75, 0x02, 0xC1, 0xF3, 0xBB, 0x48, 0xC6, 0x22, 0xCF,
    0x20, 0x3C, 0xD7, 0x74, 0xA6, 0x63, 0x68, 0x9F, 0xB4, 0x0C, 0x0F, 0xA3, 0x41, 0x71, 0x3F, 0xD1,
    0xE0, 0xEE, 0xB2, 0x9A, 0x83, 0x86, 0x78, 0x76, 0x57, 0x5F, 0xD2, 0x59, 0xA2, 0x90, 0xA1, 0x5B,
    0xAD, 0x15, 0x86, 0x17, 0xAB, 0x10, 0x30, 0x49, 0x96, 0x0F, 0x12, 0x72, 0x19, 0xCD, 0x95, 0xE5,
    0xE7, 0x16, 0xF9, 0xE8, 0xCF, 0xC3, 0xE5, 0xCC, 0x27, 0xAD, 0xA8, 0x6B, 0xC4, 0xDB, 0x45, 0x55,
    0x16, 0x75, 0x32, 0x7C, 0x02, 0x9F, 0xF4, 0x3C, 0xEA, 0x51, 0x91, 0x5D, 0x1E, 0x38, 0x80, 0xC5,
    0xCB, 0x85, 0x7C, 0xDA, 0x82, 0xC2, 0x97, 0x9B, 0x36, 0xBC, 0x89, 0x58, 0xF9, 0x66, 0xC4, 0xEE,
    0xDD, 0xBB, 0x77, 0xB6, 0x89, 0xD8, 0x07, 0x6F, 0xB6, 0x50, 0x4F, 0xEB, 0x04, 0xD5, 0xD6, 0xA8,
    0xA8, 0xD3, 0x8E, 0x3F, 0xB9, 0x58, 0xB5, 0x1F, 0xFC, 0x7F, 0x63, 0x82, 0xD1, 0x1F, 0x81, 0xC2,
    0x6D, 0xFA, 0xD5, 0xE6, 0x32, 0x03, 0xA8, 0x06, 0x55, 0x03, 0xAB, 0xC1, 0xD5, 0x00, 0x6B, 0x90,
    0x35, 0xD0, 0xEA, 0x20, 0x06, 0xD6, 0xF1, 0x41, 0xE1, 0x35, 0xF8, 0x1A, 0x80, 0x0D, 0xC2, 0xA3,
    0xF3, 0x34, 0x25, 0xA6, 0x51, 0xD8, 0x3C, 0x98, 0x6A, 0x47, 0x71, 0x1E, 0x67, 0xA1, 0x48, 0x1B,
    0xA8, 0x27, 0xFE, 0xE1, 0x7B, 0x2B, 0x9F, 0xE6, 0xB6, 0x56, 0x0B, 0x6F, 0xB9, 0xD0, 0xB4, 0xB1,
    0xA7, 0x05, 0xFD, 0x4C, 0x50, 0xF4, 0x16, 0xE1, 0xD6, 0x9E, 0x10, 0xC8, 0x51, 0x76, 0x40, 0x0F,
    0xC1, 0xA2, 0x09, 0x04, 0x11, 0x18, 0x22, 0x50, 0x04, 0x78, 0x6A, 0xE8, 0x52, 0x03, 0x9C, 0x0B,
    0x83, 0x8D, 0x91, 0xE9, 0x4A, 0x7D, 0x50, 0xA5, 0x5C, 0x19, 0xB2, 0x2C, 0x7F, 0xA2, 0x1A, 0xAA,
    0x5F, 0x90, 0x98, 0xB4, 0xEA, 0x6B, 0xC5, 0xA9, 0xFA, 0xE8, 0xB9, 0x24, 0x52, 0xFE, 0x57, 0xEF,
    0x10, 0x5D, 0x3F, 0xB3, 0x80, 0xD2, 0x2E, 0xAB, 0x76, 0xEB, 0xA5, 0x84, 0xF7, 0x0E, 0x94, 0x28,
    0xDB, 0xAF, 0x9F, 0x2A, 0x58, 0xCF, 0x97, 0x7E, 0xFD, 0x14, 0xDD, 0xAB, 0xE2, 0x4F, 0xE9, 0xB8,
    0xAE, 0x62, 0xF0, 0xF4, 0xA1, 0xB1, 0xCB, 0x03, 0x76, 0xF4, 0x74, 0x1F, 0x1F, 0x3E, 0xA8, 0xCC,
    0xAD, 0x42, 0x12, 0xB8, 0x44, 0x64, 0xF7, 0xE8, 0xF8, 0x2A, 0x74, 0xC9, 0x32, 0xAC, 0x33, 0x19,
    0xC2, 0x39, 0x5B, 0x0F, 0x66, 0xBB, 0xE5, 0xE5, 0x3E, 0xFD, 0x52, 0xF0, 0xF8, 0x9C, 0xB5, 0x0B,
    0xE4, 0x83, 0x28, 0xFC, 0x9D, 0x18, 0xDB, 0xE9, 0xB4, 0xFA, 0x00, 0x69, 0x8A, 0xF1, 0x9C, 0x8E,
    0x8D, 0xA3, 0xA8, 0x0A, 0xD1, 0x93, 0x94, 0xA1, 0x7B, 0xCE, 0xDD, 0x99, 0x8A, 0x60, 0xB1, 0x6D,
    0x45, 0x18, 0x27, 0x67, 0x73, 0xD4, 0x1C, 0x02, 0x47, 0xEA, 0x85, 0x87, 0x15, 0xF2, 0xEA, 0xC5,
    0x36, 0x9C, 0xD8, 0xB1, 0x67, 0x9E, 0x8A, 0x3F, 0x5C, 0x97, 0x78, 0xAE, 0x6D, 0x8E, 0x6B, 0xBF,
    0xC9, 0xA9, 0xCF, 0xFA, 0x85, 0xAC, 0xDE, 0xCD, 0xDE, 0x74, 0xDF, 0xB9, 0x20, 0x71, 0xEA, 0x49,
    0x87, 0x24, 0xE1, 0xAA, 0x43, 0xFE, 0x3E, 0xEE, 0x2F, 0x01, 0xAD, 0xFC, 0xB9, 0x8D, 0xBA, 0x65,
    0xF9, 0x13, 0x58, 0x05, 0x54, 0x81, 0x54, 0xA0, 0x94, 0x29, 0x0A, 0x98, 0xA2, 0x98, 0x00, 0x89,
    0x52, 0xD5, 0x70, 0x56, 0x28, 0x5F, 0x1F, 0x0F, 0x97, 0x5C, 0x54, 0x2D, 0x08, 0xCB, 0x93, 0x2B,
    0x95, 0xA4, 0xA6, 0x9F, 0x2E, 0x64, 0x5C, 0x76, 0x9A, 0xFE, 0x7C, 0xDC, 0xBD, 0xA2, 0xB8, 0xA3,
    0x84, 0xC7, 0x6D, 0xA5, 0xC3, 0xCB, 0x40, 0xF2, 0x2F, 0xDB, 0x1F, 0xFF, 0xFA, 0x95, 0x6C, 0x3D,
    0xF2, 0x38, 0xFA, 0xCB, 0x20, 0xB1, 0x3D, 0x25, 0x18, 0x25, 0xDB, 0x81, 0xC2, 0x76, 0xE3, 0xBB,
    0xD4, 0xDA, 0x33, 0xAA, 0xF5, 0x11, 0x3B, 0x37, 0xCE, 0x42, 0x8A, 0x2D, 0xAF, 0x35, 0x8D, 0x69,
    0xB5, 0x83, 0xA1, 0xF4, 0xB8, 0x7A, 0x7C, 0x32, 0x6A, 0xBB, 0x54, 0xF8, 0x1C, 0x9B, 0x55, 0xAD,
    0xF9, 0xD5, 0x89, 0x9A, 0x59, 0x8E, 0x43, 0xB1, 0xF7, 0x4D, 0x4A, 0xF3, 0x0B, 0x1F, 0x7C, 0x22,
    0xE1, 0x9C, 0xF5, 0xE9, 0xC5, 0xC3, 0xBD, 0x62, 0x4A, 0xE3, 0x05, 0x25, 0x15, 0x71, 0x5E, 0x1E,
    0xD4, 0xB2, 0x65, 0xEC, 0x35, 0x52, 0xA0, 0x3A, 0x2D, 0x4C, 0xBD, 0x83, 0x79, 0x77, 0x30, 0xEF,
    0x0E, 0xC6, 0xD2, 0xC1, 0xBC, 0x3B, 0x58, 0x4F, 0x2B, 0xD2, 0x81, 0x74, 0x1B, 0x8D, 0xAD, 0xF2,
    0x6A, 0x50, 0xCB, 0x9D, 0x11, 0x8A, 0xDB, 0x24, 0xE7, 0x99, 0x71, 0x49, 0xE8, 0x75, 0xB2, 0x5D,
    0xE3, 0x0C, 0x2F, 0x05, 0x83, 0x0C, 0xB9, 0xF7, 0xC9, 0xF0, 0x62, 0xDD, 0xDF, 0x60, 0x5D, 0x69,
    0x17, 0x05, 0x9B, 0x3B, 0xE6, 0xB9, 0x5E, 0x37, 0xB6, 0xCE, 0x2A, 0x16, 0xAF, 0x86, 0x74, 0xB4,
    0xF5, 0xB0, 0x64, 0x15, 0x83, 0x8A, 0x35, 0xF4, 0x2B, 0x8E, 0xFD, 0x7E, 0xCD, 0x7A, 0xF8, 0x55,
    0x22, 0x04, 0x25, 0xC2, 0x50, 0x22, 0xF4, 0x48, 0x31, 0x9E, 0xB3, 0x52, 0x05, 0xDB, 0x3A, 0xBF,
    0x31, 0xE8, 0x8B, 0x85, 0x34, 0x3B, 0x84, 0xB6, 0x2F, 0x27, 0x1A, 0xDC, 0xD9, 0x62, 0xEB, 0x77,
    0xCC, 0x52, 0x43, 0x8D, 0xE0, 0xC3, 0x55, 0xF8, 0x83, 0xE5, 0xB5, 0xEE, 0x58, 0x39, 0x08, 0xD4,
    0x75, 0x2E, 0x36, 0x1A, 0xEB, 0x07, 0x06, 0xF9, 0xDB, 0x97, 0x63, 0xD7, 0x85, 0xFA, 0x99, 0xE9,
    0xB3, 0x4E, 0x5A, 0x5F, 0x39, 0xBA, 0xAC, 0x40, 0x3A, 0xD2, 0x4B, 0x85, 0xDA, 0x41, 0x33, 0x53,
    0x97, 0x9B, 0xA4, 0xF4, 0x86, 0x1F, 0x85, 0x5A, 0xB1, 0x36, 0x60, 0x1B, 0xB4, 0x15, 0x6E, 0x52,
    0xBC, 0x49, 0x01, 0x57, 0x7F, 0xDE, 0xA9, 0x13, 0xEF, 0xD4, 0x8B, 0x77, 0xEA, 0x14, 0x3B, 0x55,
    0xA3, 0x53, 0x3F, 0xD9, 0x92, 0xE2, 0x4E, 0x0A, 0x3C, 0x29, 0xF2, 0xA4, 0xD0, 0x93, 0x62, 0x4F,
    0x0A, 0x3E, 0x29, 0xFA, 0x06, 0xFE, 0x11, 0x7F, 0x43, 0x80, 0x6D, 0xF4, 0xEF, 0x59, 0x36, 0xD4,
    0x8D, 0xEE, 0xD4, 0xEE, 0xE7, 0xBE, 0x75, 0x8D, 0x21, 0x77, 0x0A, 0x4B, 0xAB, 0xF0, 0xCB, 0x13,
    0x03, 0x51, 0x04, 0xA6, 0x08, 0x54, 0x11, 0xB8, 0x22, 0x90, 0x45, 0x60, 0x8B, 0x40, 0x17, 0x5A,
    0x56, 0x39, 0x81, 0x30, 0x65, 0x4C, 0x29, 0x33, 0x9C, 0x59, 0xA4, 0x3D, 0xB5, 0xAA, 0x0A, 0x38,
    0x21, 0xA1, 0x0B, 0x51, 0x39, 0xAA, 0x91, 0x79, 0xBF, 0x83, 0x74, 0xFD, 0x5F, 0x6B, 0x8C, 0x1D,
    0x11, 0xA5, 0x1B, 0xCD, 0xBE, 0x16, 0xB0, 0xFD, 0x2A, 0x98, 0xEB, 0x4E, 0x39, 0xDA, 0x87, 0xC1,
    0x5F, 0x45, 0xF7, 0xE4, 0x5F, 0xD8, 0xF8, 0x6C, 0x51, 0x9C, 0x65, 0xE8, 0x28, 0x7D, 0x98, 0x1E,
    0xB8, 0x0F, 0x53, 0x37, 0x85, 0xF3, 0x4D, 0x2C, 0xAD, 0xF3, 0x15, 0x91, 0x35, 0xD1, 0xE6, 0xBF,
    0xA9, 0x34, 0x76, 0xC3, 0x4E, 0x9C, 0xFF, 0x58, 0xC2, 0x4C, 0xCF, 0x7A, 0x79, 0xAF, 0xA5, 0xE1,
    0xEC, 0xCF, 0xA3, 0x72, 0xEB, 0x22, 0x09, 0xCA, 0x55, 0x7F, 0xFA, 0xA8, 0x38, 0xBA, 0xC6, 0x4A,
    0x63, 0x37, 0x1C, 0x69, 0x22, 0xAB, 0x31, 0x08, 0x3E, 0x4D, 0x5D, 0xDA, 0x9B, 0x3C, 0xDA, 0xD1,
    0xA6, 0x56, 0xDF, 0xBE, 0xD2, 0xD8, 0x57, 0xF6, 0x65, 0xA2, 0xA5, 0x06, 0x1B, 0x3D, 0xDA, 0x88,
    0xC0, 0x60, 0x4A, 0xB0, 0xFB, 0xBA, 0x3F, 0x68, 0x22, 0x52, 0xB3, 0xAC, 0x4E, 0x6E, 0xA1, 0x04,
    0x74, 0x06, 0x14, 0x60, 0x5C, 0xD0, 0x0F, 0x7F, 0x63, 0xDC, 0x5E, 0x50, 0xC1, 0xF0, 0x31, 0x4E,
    0x4C, 0xAC, 0x74, 0xF7, 0xD8, 0x26, 0xC5, 0x2C, 0xF9, 0xD3, 0xE4, 0xD4, 0x01, 0xA7, 0xDE, 0x82,
    0x31, 0xBF, 0x20, 0x80, 0xCB, 0xC3, 0x6A, 0x27, 0x8D, 0x43, 0x49, 0xA1, 0xE3, 0xCE, 0xB4, 0xBB,
    0x66, 0xDA, 0x59, 0x33, 0xAD, 0xA2, 0x0A, 0xAD, 0x04, 0x33, 0xCD, 0x61, 0xE4, 0xED, 0x03, 0x2A,
    0x14, 0x39, 0xC8, 0x15, 0x36, 0xB0, 0x23, 0x9F, 0xED, 0x42, 0xB0, 0x1D, 0x60, 0xC1, 0xAC, 0xDF,
    0x85, 0x7D, 0xE6, 0x0E, 0xA7, 0x85, 0xC8, 0x9C, 0x82, 0x34, 0x1B, 0xEF, 0xEC, 0xE6, 0x4E, 0x52,
    0x2D, 0x06, 0x96, 0xA7, 0x09, 0x9D, 0x42, 0x6A, 0xDA, 0x70, 0x10, 0xB2, 0xB3, 0xD7, 0x4C, 0xB6,
    0xD3, 0xCB, 0x6E, 0x93, 0xCE, 0x80, 0x4D, 0x5D, 0x98, 0x41, 0xD5, 0x1D, 0xA3, 0xEA, 0x16, 0x4A,
    0x6B, 0x99, 0x87, 0x5F, 0x5B, 0x6B, 0x01, 0xAB, 0x20, 0x1E, 0x57, 0x41, 0xB4, 0xB9, 0x0A, 0x1E,
    0x7C, 0x39, 0x69, 0x29, 0xD6, 0xD6, 0x4A, 0x5D, 0x42, 0x7D, 0x57, 0x3B, 0x3E, 0xEF, 0x1F, 0x31,
    0xF6, 0x1F, 0x58, 0x7A, 0x77, 0x56, 0x94, 0x67, 0x32, 0xF6, 0x8F, 0xBD, 0x6B, 0xF0, 0xEC, 0x8D,
    0x83, 0x21, 0x4B, 0x41, 0x13, 0xC6, 0xE9, 0x39, 0x8E, 0x22, 0xF3, 0x4A, 0x6E, 0x6D, 0x6A, 0x8E,
    0xCA, 0xFC, 0x75, 0x7B, 0x06, 0x51, 0x5C, 0x4B, 0x92, 0xB1, 0x6B, 0x68, 0x8C, 0xEC, 0x0C, 0xF1,
    0xDE, 0x22, 0xC2, 0xDF, 0x35, 0x11, 0x97, 0x94, 0xA3, 0xF0, 0xFB, 0x54, 0x96, 0x41, 0x68, 0x1A,
    0x52, 0xEE, 0x90, 0x33, 0xF4, 0x1F, 0xD1, 0xED, 0xE3, 0xB5, 0xFE, 0x22, 0x7F, 0x8A, 0x16, 0x17,
    0x6B, 0x1E, 0x7C, 0x25, 0xB3, 0xBA, 0x99, 0x9E, 0xA6, 0xFB, 0x04, 0x7A, 0xEC, 0x21, 0x1F, 0xB3,
    0x37, 0xDF, 0x8C, 0xBC, 0x26, 0xDC, 0x9A, 0xD8, 0x3B, 0xFE, 0xE7, 0x56, 0xD3, 0xF3, 0x9F, 0x7B,
    0x75, 0x35, 0x6B, 0x71, 0xD8, 0x9C, 0x2E, 0xD6, 0xC6, 0xA5, 0x3E, 0xBF, 0x33, 0xEE, 0x87, 0x69,
    0x22, 0xE3, 0x2D, 0xB4, 0x21, 0x26, 0x91, 0xC1, 0xAF, 0xD1, 0x18, 0xAB, 0x24, 0xB5, 0x09, 0xAB,
    0x10, 0xCD, 0x31, 0x49, 0x70, 0xA2, 0xB9, 0x36, 0xC7, 0x22, 0xB4, 0xC7, 0x62, 0x34, 0xC8, 0xD0,
    0x26, 0x43, 0x4D, 0x96, 0x99, 0x36, 0x99, 0x36, 0xCA, 0x66, 0xA4, 0x27, 0x0E, 0x64, 0x88, 0x1E,
    0xBC, 0x14, 0x80, 0x01, 0x6A, 0x53, 0x52, 0x3A, 0xAC, 0x6E, 0x8C, 0x96, 0x6C, 0x00, 0x7B, 0xA5,
    0xA2, 0x5F, 0x4F, 0xC3, 0x34, 0x80, 0x26, 0xF3, 0x75, 0x89, 0xEB, 0x9E, 0xC0, 0xE5, 0x4B, 0x43,
    0x9A, 0x33, 0xEA, 0x28, 0x67, 0x64, 0xE2, 0x54, 0xE0, 0x01, 0x46, 0xD2, 0x5A, 0x4B, 0xA4, 0x82,
    0x38, 0x17, 0xD4, 0xAE, 0x44, 0xC0, 0x4A, 0x5A, 0xBE, 0xC0, 0xFA, 0x5C, 0xA9, 0x99, 0x04, 0x72,
    0xC8, 0x23, 0x66, 0x78, 0x5F, 0x0D, 0xD2, 0xCC, 0xFE, 0x67, 0xCD, 0x9E, 0xF9, 0xD3, 0xC9, 0x91,
    0x56, 0xD1, 0xCB, 0xEB, 0x26, 0x62, 0x3C, 0x37, 0x77, 0xAA, 0xCA, 0xE1, 0xF6, 0xCC, 0x3A, 0xEB,
    0xA8, 0x05, 0x8A, 0x57, 0x5A, 0x87, 0xEE, 0xD7, 0x4C, 0xE8, 0xE0, 0x20, 0x47, 0x1A, 0x8F, 0x74,
    0xFD, 0xBB, 0xDD, 0xF2, 0x24, 0xCA, 0x33, 0xD2, 0xF6, 0xEF, 0xF4, 0x84, 0xDC, 0xF5, 0xA2, 0xFE,
    0xD4, 0x8E, 0x92, 0xA6, 0xB8, 0x30, 0x9B, 0x87, 0xE7, 0xCB, 0x33, 0x14, 0x0F, 0x6D, 0x7F, 0xE2,
    0x36, 0x68, 0xE7, 0x0E, 0x35, 0xF0, 0x1C, 0x72, 0xD3, 0xD8, 0x55, 0x44, 0xB5, 0xBD, 0x8B, 0x95,
    0x65, 0xD6, 0x98, 0xA9, 0x2B, 0xD0, 0x2D, 0x06, 0xB8, 0x63, 0xC7, 0x17, 0x20, 0xE7, 0xDA, 0xF7,
    0xC5, 0x02, 0x43, 0x51, 0xA1, 0xDD, 0x5F, 0x05, 0x1A, 0xBE, 0x66, 0xA6, 0x0F, 0x9D, 0x9E, 0xB2,
    0x69, 0xF1, 0x9A, 0x8C, 0xCC, 0x76, 0x29, 0xED, 0x2E, 0xAE, 0x10, 0xB2, 0x92, 0xCC, 0x1A, 0x17,
    0x3F, 0x0C, 0x25, 0x1F, 0x8C, 0xDB, 0x05, 0xBF, 0xD9, 0xD8, 0x81, 0xCE, 0xE5, 0x30, 0xF8, 0x6D,
    0x63, 0x39, 0xFA, 0x15, 0x92, 0x48, 0xE0, 0x8D, 0x86, 0x5C, 0xF0, 0xED, 0x45, 0xBD, 0xB8, 0x52,
    0x70, 0x8D, 0x04, 0xC6, 0x22, 0xCF, 0x51, 0x22, 0xAB, 0x46, 0x57, 0xA4, 0x60, 0x1B, 0x79, 0x0E,
    0xDD, 0xCE, 0xA1, 0x5A, 0x06, 0x20, 0xB3, 0x94, 0x75, 0xA3, 0xE4, 0xB5, 0x6C, 0x14, 0xC7, 0xC3,
    0xDF, 0x05, 0x9E, 0x5E, 0x2D, 0xD5, 0xCF, 0xAD, 0xB2, 0x74, 0xCC, 0x0B, 0xCD, 0xC1, 0x44, 0xB1,
    0x84, 0x23, 0x47, 0x5D, 0xAD, 0x57, 0xBF, 0x46, 0xA1, 0x93, 0x33, 0xAD, 0xF8, 0x87, 0xE6, 0x5F,
    0xDD, 0x5C, 0xF7, 0x4B, 0x0B, 0xFB, 0x54, 0xB0, 0xEF, 0x80, 0x7D, 0xFA, 0x75, 0xD8, 0x5F, 0xFD,
    0xAF, 0xD8, 0x8F, 0x27, 0xBB, 0x42, 0x55, 0x29, 0x9A, 0xA4, 0x7C, 0x66, 0x07, 0x59, 0x8F, 0x06,
    0x89, 0x43, 0xF9, 0x16, 0x4C, 0xCC, 0x0F, 0xD9, 0xFE, 0x03, 0xAB, 0x2D, 0xA0, 0x8E, 0xC6, 0x9C,
    0x85, 0x7B, 0x06, 0x5A, 0x6A, 0x59, 0x0B, 0x6E, 0xBA, 0xD7, 0xB5, 0xB0, 0xC0, 0x6A, 0x88, 0x06,
    0x3D, 0x61, 0x58, 0x20, 0x85, 0x7D, 0xC6, 0x31, 0xF6, 0xC8, 0xA1, 0xF7, 0x31, 0xA1, 0x58, 0x4F,
    0x5A, 0x3C, 0xE9, 0xC9, 0x5A, 0xEA, 0x6A, 0xFE, 0x51, 0x09, 0xA0, 0xE1, 0xD4, 0x07, 0x00, 0xFD,
    0xE2, 0x5A, 0x81, 0x5E, 0xF5, 0xF4, 0x8E, 0xD8, 0x9D, 0xAF, 0xEF, 0xFE, 0xAD, 0xF6, 0x3C, 0xA6,
    0x0F, 0x7E, 0x69, 0x45, 0xCF, 0x7D, 0x7B, 0x9C, 0x69, 0x6E, 0x63, 0x52, 0x1A, 0x5B, 0x9A, 0xFC,
    0xC6, 0xB1, 0xBE, 0x7E, 0xA6, 0x8B, 0xD1, 0xF4, 0x0A, 0x94, 0xA8, 0xEF, 0xAF, 0x7D, 0xD8, 0x0C,
    0x69, 0x65, 0x86, 0x2F, 0xC9, 0x49, 0xD7, 0xA8, 0x11, 0xD0, 0x79, 0xFE, 0xD2, 0x9D, 0x03, 0x39,
    0x9C, 0x73, 0x06, 0x95, 0x83, 0xAD, 0x77, 0x70, 0x5B, 0x0B, 0x38, 0xDE, 0x42, 0x18, 0x72, 0x5A,
    0xF4, 0x48, 0x3A, 0xD8, 0xA5, 0x62, 0xAC, 0x09, 0x55, 0x62, 0xEF, 0xC0, 0xA7, 0x5F, 0xB3, 0xD9,
    0x4F, 0xF6, 0x66, 0x7F, 0x6B, 0x7D, 0x4B, 0x15, 0xA5, 0x75, 0x94, 0x8F, 0xFD, 0xFD, 0x29, 0x06,
    0xE7, 0xF2, 0x19, 0x19, 0x36, 0x16, 0x04, 0xBB, 0x44, 0x33, 0x6D, 0xB6, 0xAC, 0x58, 0xD4, 0x8E,
    0x53, 0x39, 0xFA, 0x2B, 0x53, 0x8A, 0x72, 0x1E, 0x24, 0xFC, 0x5C, 0x0A, 0x85, 0xDF, 0xCB, 0x1E,
    0xF9, 0x9F, 0x19, 0x8E, 0xE0, 0x2F, 0xFC, 0x79, 0xC1, 0x17, 0xB9, 0xD9, 0x3D, 0x44, 0x45, 0xEF,
    0xB5, 0x63, 0x17, 0x0B, 0x3C, 0x23, 0xA2, 0x8A, 0x21, 0x9E, 0xE2, 0xCB, 0x06, 0x38, 0x6C, 0xFC,
    0xE2, 0x20, 0xA1, 0xDA, 0x68, 0x51, 0xE7, 0xDA, 0xEF, 0x5D, 0x7D, 0x5D, 0x41, 0x9F, 0xEB, 0xF5,
    0x1D, 0xE2, 0xC6, 0x15, 0x55, 0xD2, 0xB1, 0x41, 0x27, 0x2F, 0x10, 0x21, 0x11, 0x40, 0x50, 0x65,
    0x05, 0xD6, 0x2E, 0xC0, 0xCD, 0x76, 0x3D, 0x94, 0x28, 0xCD, 0xEB, 0xCD, 0xE6, 0x03, 0xC4, 0x1D,
    0x35, 0x44, 0x86, 0x36, 0x73, 0x35, 0xF9, 0x8A, 0x44, 0xB0, 0xF1, 0x15, 0x89, 0x3D, 0x19, 0x2B,
    0x39, 0x17, 0x92, 0x41, 0x85, 0xBD, 0xAC, 0x9F, 0x04, 0x01, 0xE4, 0x61, 0x20, 0xB7, 0x7C, 0x86,
    0x2F, 0x0D, 0x1F, 0x34, 0xBC, 0x71, 0xF9, 0x43, 0xFB, 0xDB, 0x8A, 0xE5, 0xAD, 0x6A, 0xFF, 0x78,
    0xFE, 0x07, 0x55, 0x52, 0x31, 0x72, 0xDB, 0x30, 0x10, 0x3C, 0x0A, 0x33, 0x61, 0x81, 0x02, 0x3F,
    0x08, 0xFA, 0x14, 0xC2, 0x07, 0xE4, 0x00, 0xFE, 0x8E, 0x5F, 0x90, 0x22, 0x31, 0x90, 0x3A, 0x8D,
    0x9F, 0x90, 0xC2, 0x15, 0xDD, 0xBA, 0x48, 0xE1, 0x88, 0xC8, 0x0B, 0x8C, 0x99, 0x7C, 0x80, 0x33,
    0x4A, 0x97, 0x06, 0x9E, 0xA0, 0xE0, 0x24, 0x94, 0x90, 0x3B, 0x80, 0x22, 0x2D, 0x52, 0x5C, 0x1D,
    0xC1, 0xC3, 0xDE, 0xDE, 0x1E, 0xDE, 0x75, 0x77, 0x7D, 0x0E, 0x39, 0xFB, 0x9B, 0xAE, 0xBB, 0xEF,
    0x73, 0x1E, 0xE9, 0xC1, 0x18, 0xAF, 0xAF, 0x18, 0xE2, 0x15, 0xE7, 0xBF, 0x26, 0x32, 0xCF, 0x9D,
    0x80, 0x2D, 0x58, 0xD7, 0x7B, 0xEB, 0x15, 0x70, 0x2F, 0xA3, 0x8A, 0x72, 0x68, 0x3D, 0x37, 0x12,
    0xAE, 0xE0, 0x03, 0x08, 0xA7, 0x06, 0x3D, 0xA8, 0xC0, 0x3D, 0xE5, 0xED, 0xE0, 0x11, 0x9A, 0x78,
    0xC5, 0xFC, 0x47, 0xEE, 0xA2, 0xD8, 0x0C, 0x5B, 0x16, 0xEC, 0x97, 0xD8, 0x3F, 0x27, 0xFB, 0x9C,
    0x14, 0x1B, 0xF8, 0x8F, 0x24, 0x0F, 0x47, 0xF5, 0xE7, 0x28, 0x0F, 0x53, 0xEB, 0x47, 0x61, 0xA2,
    0x64, 0x61, 0xD7, 0xFA, 0x6F, 0x02, 0xF8, 0xE7, 0xA4, 0x0E, 0x93, 0x3E, 0x1C, 0xE5, 0xCF, 0x89,
    0xFB, 0x24, 0xAE, 0xE3, 0x5B, 0xE6, 0x77, 0xDC, 0x3D, 0x0A, 0x00, 0x78, 0x8F, 0x0F, 0xDC, 0x12,
    0x7C, 0x27, 0x98, 0x16, 0x18, 0x01, 0x34, 0x2A, 0xF5, 0x96, 0xE0, 0xE6, 0xE1, 0x6F, 0x67, 0x80,
    0x45, 0x5C, 0x6F, 0x07, 0x82, 0x80, 0xC0, 0x3D, 0x82, 0x58, 0x40, 0x3A, 0x04, 0x65, 0x08, 0x68,
    0xBF, 0x5E, 0x60, 0x65, 0x7F, 0x5A, 0xD8, 0x81, 0x0D, 0x67, 0x2E, 0x1E, 0x2E, 0x68, 0x84, 0x03,
    0x86, 0x25, 0xA7, 0x96, 0xE0, 0x4D, 0xD7, 0x77, 0xF7, 0xAF, 0x69, 0x3E, 0x5D, 0xD2, 0x4C, 0x55,
    0x64, 0xD0, 0x67, 0x91, 0xAE, 0x8A, 0x5C, 0x95, 0xF2, 0x4B, 0xA5, 0xBD, 0x83, 0x36, 0x27, 0x10,
    0xF9, 0x08, 0x2A, 0x67, 0xDA, 0x6C, 0x5E, 0x3F, 0xB4, 0x46, 0xDF, 0x28, 0x87, 0x72, 0xB7, 0x78,
    0x2B, 0xE8, 0x8D, 0x75, 0xD6, 0xE7, 0x32, 0xA8, 0x1A, 0xD7, 0xF5, 0xA6, 0xBF, 0x9B, 0xDB, 0xC6,
    0x12, 0x79, 0x9C, 0x75, 0x62, 0xFF, 0xFF, 0x4E, 0x00, 0xC7, 0x1A, 0x5B, 0xD0, 0x66, 0x33, 0xD6,
    0xF8, 0x09, 0x9B, 0x6B, 0x63, 0x8D, 0x47, 0xD4, 0x53, 0x14, 0xCD, 0x71, 0x31, 0x6E, 0xCE, 0xB1,
    0xB0, 0xEE, 0x9D, 0x60, 0xE1, 0xDC, 0xA4, 0x39, 0xC6, 0x5A, 0xA5, 0x37, 0xBA, 0x50, 0x03, 0x6E,
    0xFE, 0x05, 0x4D, 0x2E, 0x04, 0xFA, 0xBA, 0x74, 0x50, 0x8A, 0xDC, 0xB6, 0xA7, 0xDE, 0xEB, 0xDF,
    0xD5, 0x28, 0x11, 0x44, 0xD8, 0xC3, 0x9E, 0xBC, 0x49, 0xD2, 0xB1, 0x38, 0x16, 0xB1, 0x7C, 0x50,
    0xB0, 0x79, 0x49, 0x20, 0x0D, 0xF9, 0x83, 0x1D, 0xBD, 0xC4, 0x12, 0x6B, 0x58, 0xD7, 0xF7, 0xB0,
    0xE4, 0x37, 0x13, 0x2C, 0x3C, 0x68, 0xF1, 0xC2, 0x8F, 0x26, 0x37, 0xE7, 0xBA, 0xE4, 0x87, 0x4A,
    0x55, 0x0F, 0x8F, 0xA0, 0x3C, 0x58, 0x03, 0x27, 0x60, 0xD8, 0x64, 0x79, 0xD3, 0x86, 0x7E, 0x98,
    0x85, 0xDD, 0x63, 0x17, 0x48, 0xD3, 0x8C, 0x34, 0xC8, 0x8A, 0x34, 0x65, 0x2C, 0xA4, 0xCA, 0x67,
    0x3E, 0x10, 0x83, 0x0C, 0xB4, 0x01, 0x19, 0xA6, 0xF2, 0x56, 0xF8, 0x96, 0xF3, 0x50, 0x8F, 0x01,
    0x2B, 0xCE, 0xF0, 0xE2, 0x49, 0x35, 0xB5, 0x4E, 0x62, 0x5F, 0x1C, 0xAA, 0x29, 0xC5, 0x92, 0x72,
    0x1A, 0x88, 0x63, 0x49, 0x29, 0xE7, 0xB2, 0x19, 0xD7, 0x14, 0x51, 0x53, 0xDC, 0x9A, 0x52, 0x26,
    0x59, 0x67, 0x58, 0xA7, 0x57, 0x4B, 0xD4, 0x89, 0xD5, 0x59, 0xFD, 0x07, 0x63, 0x60, 0xB0, 0x67,
    0x60, 0x60, 0xF8, 0xCF, 0xC0, 0xC0, 0xFC, 0x8F, 0x81, 0x81, 0x1F, 0x88, 0xF5, 0x6B, 0x19, 0x18,
    0xF6, 0xD4, 0x30, 0x30, 0x7D, 0xD9, 0xC3, 0xC0, 0x7D, 0xE1, 0x07, 0x83, 0xBC, 0xC3, 0x0F, 0x06,
    0xFB, 0xFF, 0xFF, 0x1B, 0x80, 0xD8, 0x81, 0x81, 0xE9, 0x03, 0x50, 0xDD, 0x03, 0x20, 0xBE, 0xC0,
    0x00, 0x00, 0x35, 0x90, 0xBD, 0x15, 0x82, 0x40, 0x10, 0x84, 0x07, 0x2E, 0x20, 0xB8, 0x80, 0x02,
    0x0C, 0x48, 0xCD, 0x2C, 0x01, 0x9A, 0xB0, 0x09, 0x13, 0x3B, 0x10, 0x4A, 0xB0, 0x04, 0x63, 0x12,
    0x2B, 0x50, 0x28, 0xC1, 0xC0, 0x5C, 0x4A, 0x20, 0x20, 0x40, 0x1F, 0xB0, 0xCE, 0x78, 0xB8, 0x8F,
    0xF7, 0xED, 0xED, 0x32, 0xFB, 0x73, 0x07, 0x00, 0x69, 0x4B, 0xEC, 0x8F, 0x4F, 0x20, 0x32, 0x9B,
    0x7F, 0x9C, 0x98, 0x41, 0x8E, 0x95, 0x51, 0x73, 0x3E, 0x51, 0x66, 0xC3, 0x8D, 0xE1, 0x67, 0x26,
    0xAD, 0xD8, 0x4D, 0x88, 0x27, 0xF8, 0x09, 0x6E, 0x80, 0x1B, 0x91, 0xF4, 0x3A, 0xF8, 0x4E, 0x4C,
    0x1F, 0x70, 0xBD, 0xBA, 0x06, 0x26, 0x9D, 0xE8, 0x1F, 0xCA, 0xF3, 0xF3, 0x3D, 0x72, 0x26, 0xC7,
    0xC8, 0x5A, 0xC4, 0x76, 0x25, 0x61, 0xF6, 0xAA, 0x80, 0xEC, 0x9D, 0x55, 0x08, 0x76, 0xA8, 0xEB,
    0xFA, 0x82, 0xC6, 0xCC, 0x7A, 0xFE, 0x14, 0x69, 0xC7, 0xA5, 0x20, 0x93, 0x10, 0xE5, 0x4B, 0xA3,
    0x1D, 0xAD, 0x8A, 0x17, 0xC0, 0xF1, 0x58, 0x42, 0x9D, 0xB1, 0x85, 0x66, 0xC8, 0x76, 0xBA, 0x15,
    0x3C, 0xAB, 0x59, 0x96, 0xD1, 0x29, 0xBC, 0x87, 0xFE, 0xAB, 0x9B, 0x83, 0xD0, 0x4C, 0x73, 0xCB,
    0xA0, 0x58, 0x93, 0x7F, 0x49, 0x19, 0x5C, 0x5E, 0xC0, 0x75, 0xD0, 0xE2, 0x29, 0x87, 0xA4, 0x03,
    0xCA, 0x56, 0xAB, 0x5C, 0x55, 0xC2, 0xE7, 0x1A, 0xA5, 0xD9, 0x68, 0xBF, 0x2F, 0xC5, 0x54, 0x31,
    0x92, 0xD3, 0x40, 0x10, 0xEC, 0x95, 0xC0, 0x2A, 0x50, 0xB0, 0x39, 0x17, 0x28, 0xA5, 0x48, 0xF4,
    0x02, 0x90, 0x2E, 0x26, 0x25, 0xE7, 0x09, 0xF7, 0x81, 0xAB, 0xDB, 0xFD, 0xC1, 0xF1, 0x08, 0x48,
    0x48, 0xF8, 0x00, 0xE7, 0xD5, 0x0F, 0xF0, 0x13, 0x14, 0x90, 0x9F, 0x03, 0x07, 0x76, 0x95, 0xAC,
    0xA1, 0x67, 0xCE, 0x92, 0x0E, 0xC5, 0x54, 0xE1, 0x92, 0xBB, 0x24, 0x4D, 0x6F, 0x4F, 0xEF, 0xCC,
    0x68, 0x21, 0x5F, 0x00, 0xC8, 0xD8, 0x12, 0xA4, 0xE7, 0x6D, 0x35, 0x10, 0xDC, 0x48, 0x40, 0x03,
    0x94, 0xE3, 0xE7, 0x88, 0x24, 0x8F, 0x5D, 0x26, 0x3F, 0x64, 0x57, 0x1C, 0x91, 0x7A, 0xDF, 0xA3,
    0xEE, 0xEB, 0x0E, 0x7E, 0xDF, 0xB4, 0x28, 0xF7, 0x24, 0x15, 0x33, 0xE4, 0x97, 0xBB, 0x16, 0x45,
    0x5F, 0x47, 0xF8, 0x5D, 0xD5, 0xA1, 0xEA, 0xFC, 0x1E, 0x4D, 0xCC, 0xCF, 0x4E, 0xE0, 0x44, 0x28,
    0x5F, 0x6B, 0x22, 0xF7, 0x4D, 0x33, 0x8A, 0x74, 0x0B, 0x30, 0xE4, 0xFF, 0x2F, 0x7C, 0x05, 0x36,
    0x71, 0xE5, 0x2A, 0x59, 0x29, 0x22, 0xC1, 0xEF, 0xA0, 0xBB, 0x23, 0x64, 0x5A, 0x24, 0x58, 0x91,
    0x02, 0x2B, 0x07, 0x96, 0x83, 0x61, 0x2D, 0x5F, 0x7E, 0xD0, 0xF2, 0x59, 0x38, 0x4D, 0x60, 0x8F,
    0x16, 0x30, 0x8A, 0x91, 0x6D, 0xD9, 0x38, 0x49, 0x99, 0xA8, 0xC9, 0x5B, 0x22, 0x5B, 0xB9, 0xB6,
    0x41, 0xD8, 0x1B, 0x04, 0x05, 0x65, 0xBC, 0x53, 0x80, 0xE5, 0xCA, 0x8E, 0x98, 0x64, 0xB8, 0x0D,
    0xC5, 0x5A, 0x13, 0xE0, 0x6E, 0xA1, 0x98, 0x01, 0x94, 0xFD, 0x42, 0x69, 0x2C, 0xB8, 0xC5, 0xEC,
    0x38, 0xB7, 0xF5, 0xA5, 0xFA, 0x40, 0x15, 0x17, 0xCA, 0x79, 0x49, 0x91, 0x3F, 0x4F, 0x61, 0x94,
    0x60, 0x94, 0x57, 0x74, 0x9E, 0xBA, 0xD0, 0xD5, 0xFA, 0xF0, 0x3A, 0x4E, 0x9C, 0xAA, 0x9B, 0xA4,
    0xCC, 0x4F, 0xD3, 0x4E, 0x9A, 0xCD, 0xEC, 0xCE, 0xE0, 0x61, 0xB6, 0x39, 0x83, 0xD3, 0x7C, 0xD9,
    0x01, 0xE9, 0xA0, 0x70, 0x64, 0xE2, 0x34, 0x68, 0xF6, 0x87, 0x9C, 0x5B, 0x68, 0x0A, 0x85, 0x8F,
    0x74, 0x5A, 0xDD, 0x33, 0x85, 0xFF, 0x45, 0x28, 0x1F, 0x09, 0x85, 0x30, 0x59, 0x2E, 0xCC, 0xE3,
    0x14, 0x20, 0x2A, 0xF7, 0x9D, 0x4F, 0x5B, 0x5E, 0xAD, 0x97, 0xBE, 0x94, 0x7D, 0x23, 0x03, 0xAF,
    0x74, 0x2D, 0x72, 0x7D, 0x1E, 0xD0, 0x1C, 0x71, 0x37, 0x40, 0x67, 0x74, 0x40, 0x7D, 0x44, 0x48,
    0xAC, 0x3C, 0xC6, 0x27, 0x4E, 0x25, 0xBD, 0x97, 0x43, 0x36, 0xB6, 0x2E, 0x45, 0xFB, 0x28, 0x54,
    0xDE, 0x87, 0x88, 0xCA, 0x73, 0x47, 0x97, 0x6D, 0xFC, 0xCB, 0xFF, 0x07, 0xE0, 0xF6, 0x3D, 0x0B,
    0x7E, 0x4B, 0xE7, 0xEC, 0x57, 0xCD, 0x0D, 0xBA, 0x4F, 0x5A, 0x42, 0x89, 0x3E, 0x36, 0x32, 0xA6,
    0x76, 0xBB, 0x91, 0x11, 0x6F, 0x71, 0x65, 0xDD, 0xBC, 0xFC, 0x8A, 0x13, 0xEB, 0xCF, 0xAF, 0xAA,
    0x8E, 0x89, 0x13, 0x82, 0x9F, 0x2E, 0x9D, 0xF1, 0x02, 0x2F, 0xF5, 0xCB, 0xC6, 0x9B, 0xB8, 0x9A,
    0xB6, 0x30, 0x0F, 0x52, 0x7A, 0x1A, 0xA4, 0x30, 0xB5, 0x78, 0x1E, 0xC5, 0xF5, 0xAC, 0x69, 0x30,
    0xD7, 0x76, 0x94, 0xDA, 0xFD, 0x6A, 0xF7, 0x2C, 0xB5, 0x53, 0xF9, 0x1B, 0xAD, 0xBE, 0x74, 0xC8,
    0x84, 0x35, 0x0F, 0x3C, 0x51, 0x2A, 0xF9, 0x4D, 0x15, 0x5D, 0x61, 0xC7, 0x4B, 0xD0, 0xE3, 0x65,
    0x23, 0x27, 0xDE, 0x5E, 0x89, 0xBE, 0x0D, 0x24, 0x93, 0xAD, 0xC3, 0x51, 0xDA, 0x28, 0xB5, 0xE9,
    0xEF, 0x69, 0x37, 0xEB, 0xA3, 0x35, 0x50, 0x57, 0xDD, 0xA8, 0x9E, 0x4B, 0xDA, 0xDB, 0x4C, 0xD4,
    0xCD, 0xC6, 0xD6, 0xA6, 0x4E, 0x43, 0x91, 0xA2, 0x07, 0xBE, 0x39, 0xAB, 0x71, 0x32, 0xEC, 0x18,
    0x3B, 0xCD, 0x0E, 0x57, 0xCA, 0x7F, 0x00, 0x65, 0x92, 0xB1, 0x6D, 0xC3, 0x30, 0x10, 0x45, 0xBF,
    0xE5, 0xC2, 0x85, 0x0A, 0x8E, 0xE0, 0x01, 0x5C, 0x68, 0x84, 0xE3, 0x46, 0xD9, 0x40, 0xB6, 0x37,
    0x49, 0x1B, 0x37, 0x59, 0xC0, 0x82, 0x35, 0x82, 0xB2, 0x81, 0x8A, 0x0C, 0xA0, 0x42, 0x85, 0x60,
    0x18, 0x62, 0x3E, 0xFF, 0x89, 0x48, 0x80, 0xB8, 0x38, 0xC2, 0x02, 0xF9, 0xEF, 0xDD, 0xFF, 0x87,
    0x2A, 0xE1, 0x6D, 0x44, 0x48, 0x55, 0x1A, 0xD0, 0x3C, 0xF7, 0xEB, 0x05, 0x16, 0xEB, 0x11, 0x38,
    0x23, 0xF4, 0x40, 0xA7, 0xFA, 0xC2, 0x91, 0x9F, 0x13, 0x7F, 0x5B, 0x3D, 0xAD, 0xB7, 0xC7, 0x07,
    0xAA, 0x19, 0x06, 0xEC, 0x27, 0xB4, 0xAA, 0x1D, 0x70, 0x98, 0x78, 0x17, 0x87, 0x31, 0xD7, 0x7A,
    0xD8, 0xB1, 0x86, 0x7E, 0xB7, 0xE4, 0xCA, 0xBB, 0x14, 0xE1, 0x2D, 0x34, 0x5E, 0x23, 0x6F, 0xF1,
    0x79, 0xED, 0x75, 0x00, 0x45, 0x7E, 0x1B, 0xA2, 0x4A, 0xFB, 0x0C, 0x15, 0x66, 0x32, 0xB1, 0x58,
    0xE4, 0xDF, 0x33, 0xBF, 0xE7, 0x26, 0x99, 0x07, 0x02, 0x89, 0x56, 0x60, 0x9C, 0x45, 0x28, 0x22,
    0x11, 0x88, 0x38, 0x88, 0xB1, 0x38, 0x85, 0x20, 0xC4, 0x20, 0x04, 0x11, 0x08, 0x40, 0xFD, 0xD5,
    0xDE, 0xBB, 0xD3, 0x12, 0x22, 0x27, 0x3E, 0x69, 0x9E, 0x95, 0x9A, 0x4F, 0x6C, 0xEE, 0xBA, 0x92,
    0x1C, 0x2D, 0x2D, 0xF5, 0x60, 0x69, 0x0E, 0xFD, 0x69, 0x7D, 0xFF, 0xA3, 0x9B, 0x6F, 0x5A, 0x64,
    0x73, 0xC3, 0xE1, 0x9F, 0xAE, 0x5C, 0x7C, 0xB1, 0x79, 0x2E, 0x91, 0xEA, 0x86, 0x4A, 0x65, 0xBD,
    0xB4, 0xEC, 0xD9, 0x73, 0xB4, 0x47, 0x0F, 0xE5, 0x71, 0x57, 0x20, 0x5F, 0xAB, 0x12, 0xB9, 0x26,
    0x8F, 0xE4, 0xBE, 0x65, 0x52, 0x3C, 0x92, 0x9E, 0x07, 0x92, 0x26, 0x3F, 0xC6, 0xEC, 0xC5, 0xED,
    0x73, 0x90, 0x1B, 0xA1, 0x97, 0x1F, 0x3A, 0xF2, 0x13, 0x79, 0x72, 0xBC, 0x68, 0x84, 0x26, 0x2A,
    0x1E, 0x73, 0x67, 0xCC, 0xBD, 0x39, 0xFB, 0x14, 0xAD, 0xFB, 0xD3, 0xB9, 0x43, 0x2F, 0xF7, 0x48,
    0x47, 0xB6, 0x32, 0x0B, 0x12, 0xBB, 0xDB, 0x32, 0xF5, 0xF5, 0x81, 0x2F, 0x10, 0xB7, 0x41, 0x2B,
    0xC4, 0xA4, 0x44, 0xDC, 0x6E, 0x6B, 0xD4, 0xA1, 0x38, 0x50, 0x4C, 0x10, 0x6E, 0xEE, 0x9C, 0x4F,
    0xCA, 0x69, 0xA1, 0xA8, 0x57, 0x62, 0x2C, 0x49, 0x16, 0xD3, 0xC5, 0x4E, 0x37, 0x05, 0x14, 0x06,
    0x5F, 0x2E, 0x2A, 0x6E, 0xC1, 0x96, 0x6C, 0x4B, 0x0C, 0x3E, 0x81, 0xA1, 0x84, 0x5C, 0x72, 0xF6,
    0x48, 0xEC, 0xDB, 0x53, 0x31, 0x1F, 0x03, 0xC7, 0x19, 0x3F, 0xFB, 0xFF, 0xFF, 0xFF, 0x9F, 0x0B,
    0x0C, 0x0C, 0x32, 0x1F, 0x18, 0x18, 0x6C, 0x6E, 0x30, 0x30, 0xCC, 0x39, 0xC1, 0xC0, 0xD0, 0x73,
    0x88, 0x81, 0x89, 0xE7, 0x90, 0x03, 0x1B, 0xCF, 0x81, 0x03, 0x3C, 0x3C, 0x07, 0x02, 0x54, 0x78,
    0x0E, 0x28, 0x28, 0xF0, 0x1C, 0xE0, 0x68, 0xE0, 0x39, 0xC0, 0x05, 0xC4, 0xCC, 0x0C, 0x3C, 0x07,
    0xD8, 0x1C, 0x78, 0x0E, 0xF0, 0x34, 0x40, 0xC4, 0x13, 0x80, 0xF8, 0x00, 0x07, 0xCF, 0x41, 0x07,
    0x56, 0x9E, 0xC3, 0x0C, 0xCC, 0x3C, 0x27, 0x19, 0x18, 0x7B, 0x40, 0x66, 0x3C, 0x60, 0x60, 0xD0,
    0x01, 0x99, 0xFB, 0x1F, 0x68, 0x3E, 0x00,
};

static const EpdGlyph lexica_17_italicGlyphs[] = {
    { 0, 0, 0, 0, 0, 0, 0 }, // U+000D
    { 0, 0, 159, 0, 0, 0, 0 }, // U+0020
    { 10, 24, 161, 0, 24, 60, 0 }, // !
    { 9, 8, 189, 3, 24, 18, 60 }, // "
    { 21, 24, 359, 1, 24, 126, 78 }, // #
    { 19, 30, 346, 1, 27, 143, 204 }, // $
    { 32, 24, 567, 2, 24, 192, 347 }, // %
    { 22, 24, 392, 0, 24, 132, 539 }, // &
    { 4, 8, 109, 3, 24, 8, 671 }, // '
    { 11, 30, 171, 1, 24, 83, 679 }, // (
    { 12, 30, 171, -2, 24, 90, 762 }, // )
    { 11, 11, 249, 3, 24, 31, 852 }, // *
    { 19, 18, 351, 1, 18, 86, 883 }, // +
    { 7, 9, 118, -2, 4, 16, 969 }, // ,
    { 12, 3, 211, 1, 10, 9, 985 }, // -
    { 6, 5, 118, -1, 5, 8, 994 }, // .
    { 18, 24, 210, -2, 24, 108, 1002 }, // /
    { 20, 24, 371, 2, 24, 120, 1110 }, // 0
    { 11, 24, 228, 3, 24, 66, 1230 }, // 1
    { 21, 24, 320, -1, 24, 126, 1296 }, // 2
    { 19, 24, 329, 1, 24, 114, 1422 }, // 3
    { 21, 24, 360, 0, 24, 126, 1536 }, // 4
    { 20, 24, 326, 0, 24, 120, 1662 }, // 5
    { 18, 24, 343, 2, 24, 108, 1782 }, // 6
    { 20, 24, 304, 1, 24, 120, 1890 }, // 7
    { 18, 24, 350, 1, 24, 108, 2010 }, // 8
    { 18, 24, 341, 3, 24, 108, 2118 }, // 9
    { 9, 18, 118, -1, 18, 41, 2226 }, // :
    { 10, 23, 119, -2, 18, 58, 2267 }, // ;
    { 18, 18, 347, 1, 18, 81, 2325 }, // <
    { 18, 10, 373, 2, 14, 45, 2406 }, // =
    { 18, 18, 347, 2, 18, 81, 2451 }, // >
    { 16, 24, 299, 3, 24, 96, 2532 }, // ?
    { 25, 24, 444, 2, 24, 150, 2628 }, // @
    { 23, 24, 355, -2, 24, 138, 2778 }, // A
    { 22, 24, 354, 0, 24, 132, 2916 }, // B
    { 23, 24, 375, 1, 24, 138, 3048 }, // C
    { 23, 24, 382, 0, 24, 138, 3186 }, // D
    { 22, 24, 320, 0, 24, 132, 3324 }, // E
    { 21, 24, 309, 0, 24, 126, 3456 }, // F
    { 23, 24, 404, 1, 24, 138, 3582 }, // G
    { 25, 24, 393, 0, 24, 150, 3720 }, // H
    { 16, 24, 235, 0, 24, 96, 3870 }, // I
    { 20, 24, 288, -1, 24, 120, 3966 }, // J
    { 24, 24, 353, 0, 24, 144, 4086 }, // K
    { 18, 24, 307, 0, 24, 108, 4230 }, // L
    { 30, 24, 467, 0, 24, 180, 4338 }, // M
    { 25, 24, 393, 0, 24, 150, 4518 }, // N
    { 24, 24, 413, 1, 24, 144, 4668 }, // O
    { 22, 24, 338, 0, 24, 132, 4812 }, // P
    { 23, 28, 424, 2, 25, 161, 4944 }, // Q
    { 22, 24, 346, 0, 24, 132, 5105 }, // R
    { 19, 24, 345, 1, 24, 114, 5237 }, // S
    { 21, 24, 316, 2, 24, 126, 5351 }, // T
    { 23, 24, 393, 2, 24, 138, 5477 }, // U
    { 21, 24, 336, 3, 24, 126, 5615 }, // V
    { 30, 24, 478, 3, 24, 180, 5741 }, // W
    { 27, 24, 354, -2, 24, 162, 5921 }, // X
    { 21, 24, 339, 3, 24, 126, 6083 }, // Y
    { 24, 24, 347, -1, 24, 144, 6209 }, // Z
    { 14, 30, 180, -1, 24, 105, 6353 }, // [
    { 13, 24, 294, 3, 24, 78, 6458 }, // <backslash>
    { 15, 30, 180, -3, 24, 113, 6536 }, // ]
    { 17, 13, 313, 1, 24, 56, 6649 }, // ^
    { 15, 3, 234, -2, 0, 12, 6705 }, // _
    { 6, 5, 154, 4, 25, 8, 6717 }, // `
    { 17, 18, 295, 0, 18, 77, 6725 }, // a
    { 19, 24, 315, 0, 24, 114, 6802 }, // b
    { 18, 18, 281, 0, 18, 81, 6916 }, // c
    { 21, 24, 315, 0, 24, 126, 6997 }, // d
    { 19, 18, 307, 0, 18, 86, 7123 }, // e
    { 13, 25, 181, 1, 25, 82, 7209 }, // f
    { 20, 25, 315, -1, 18, 125, 7291 }, // g
    { 18, 24, 311, 0, 24, 108, 7416 }, // h
    { 10, 25, 153, 1, 25, 63, 7524 }, // i
    { 16, 32, 146, -6, 26, 128, 7587 }, // j
    { 18, 24, 276, 0, 24, 108, 7715 }, // k
    { 9, 24, 147, 0, 24, 54, 7823 }, // l
    { 28, 18, 479, 0, 18, 126, 7877 }, // m
    { 18, 18, 312, 0, 18, 81, 8003 }, // n
    { 18, 18, 310, 0, 18, 81, 8084 }, // o
    { 20, 24, 315, -1, 18, 120, 8165 }, // p
    { 20, 24, 315, 0, 18, 120, 8285 }, // q
    { 14, 18, 200, 0, 18, 63, 8405 }, // r
    { 16, 18, 271, 0, 18, 72, 8468 }, // s
    { 11, 22, 184, 1, 22, 61, 8540 }, // t
    { 18, 18, 306, 1, 18, 81, 8601 }, // u
    { 17, 18, 252, 1, 18, 77, 8682 }, // v
    { 24, 18, 373, 1, 18, 108, 8759 }, // w
    { 21, 18, 262, -3, 18, 95, 8867 }, // x
    { 20, 24, 247, -3, 18, 120, 8962 }, // y
    { 18, 18, 265, -1, 18, 81, 9082 }, // z
    { 14, 30, 182, 0, 24, 105, 9163 }, // {
    { 4, 30, 164, 3, 24, 30, 9268 }, // |
    { 14, 30, 182, -3, 24, 105, 9298 }, // }
    { 18, 5, 305, 0, 12, 23, 9403 }, // ~
    { 0, 0, 159, 0, 0, 0, 0 }, // U+00A0
    { 9, 24, 160, 0, 18, 54, 0 }, // U+00A1
    { 17, 24, 279, 0, 21, 102, 54 }, // U+00A2
    { 21, 24, 332, 0, 24, 126, 156 }, // U+00A3
    { 18, 18, 377, 3, 21, 81, 282 }, // U+00A4
    { 23, 24, 339, 1, 24, 138, 363 }, // U+00A5
    { 4, 30, 164, 3, 24, 30, 501 }, // U+00A6
    { 22, 30, 298, -2, 24, 165, 531 }, // U+00A7
    { 12, 4, 242, 4, 25, 12, 696 }, // U+00A8
    { 25, 25, 461, 2, 25, 157, 708 }, // U+00A9
    { 11, 11, 206, 2, 25, 31, 865 }, // U+00AA
    { 18, 15, 319, 1, 16, 68, 896 }, // U+00AB
    { 19, 11, 378, 2, 14, 53, 964 }, // U+00AC
    { 12, 3, 211, 1, 10, 9, 1017 }, // U+00AD
    { 25, 25, 461, 2, 25, 157, 1026 }, // U+00AE
    { 11, 3, 216, 4, 24, 9, 1183 }, // U+00AF
    { 10, 10, 203, 3, 25, 25, 1192 }, // U+00B0
    { 18, 18, 370, 2, 18, 81, 1217 }, // U+00B1
    { 12, 14, 218, 2, 28, 42, 1298 }, // U+00B2
    { 11, 14, 223, 3, 28, 39, 1340 }, // U+00B3
    { 7, 5, 154, 4, 25, 9, 1379 }, // U+00B4
    { 20, 24, 314, -1, 18, 120, 1388 }, // U+00B5
    { 19, 30, 296, 2, 24, 143, 1508 }, // U+00B6
    { 6, 5, 133, 1, 12, 8, 1651 }, // U+00B7
    { 8, 9, 167, -1, 2, 18, 1659 }, // U+00B8
    { 7, 14, 146, 4, 28, 25, 1677 }, // U+00B9
    { 10, 10, 217, 3, 24, 25, 1702 }, // U+00BA
    { 18, 15, 315, 0, 16, 68, 1727 }, // U+00BB
    { 24, 24, 467, 3, 24, 144, 1795 }, // U+00BC
    { 24, 24, 455, 3, 24, 144, 1939 }, // U+00BD
    { 28, 24, 513, 2, 24, 168, 2083 }, // U+00BE
    { 16, 25, 299, -1, 18, 100, 2251 }, // U+00BF
    { 23, 32, 355, -2, 32, 184, 2351 }, // U+00C0
    { 23, 32, 355, -2, 32, 184, 2535 }, // U+00C1
    { 23, 31, 355, -2, 31, 179, 2719 }, // U+00C2
    { 23, 31, 355, -2, 31, 179, 2898 }, // U+00C3
    { 23, 31, 355, -2, 31, 179, 3077 }, // U+00C4
    { 23, 30, 355, -2, 30, 173, 3256 }, // U+00C5
    { 39, 24, 559, -2, 24, 234, 3429 }, // U+00C6
    { 23, 31, 375, 1, 24, 179, 3663 }, // U+00C7
    { 22, 32, 320, 0, 32, 176, 3842 }, // U+00C8
    { 22, 32, 320, 0, 32, 176, 4018 }, // U+00C9
    { 22, 31, 320, 0, 31, 171, 4194 }, // U+00CA
    { 22, 31, 320, 0, 31, 171, 4365 }, // U+00CB
    { 16, 32, 235, 0, 32, 128, 4536 }, // U+00CC
    { 16, 32, 235, 0, 32, 128, 4664 }, // U+00CD
    { 17, 31, 235, 0, 31, 132, 4792 }, // U+00CE
    { 17, 31, 235, 0, 31, 132, 4924 }, // U+00CF
    { 24, 24, 402, 0, 24, 144, 5056 }, // U+00D0
    { 25, 31, 393, 0, 31, 194, 5200 }, // U+00D1
    { 24, 32, 413, 1, 32, 192, 5394 }, // U+00D2
    { 24, 32, 413, 1, 32, 192, 5586 }, // U+00D3
    { 24, 32, 413, 1, 32, 192, 5778 }, // U+00D4
    { 24, 31, 413, 1, 31, 186, 5970 }, // U+00D5
    { 24, 32, 413, 1, 32, 192, 6156 }, // U+00D6
    { 16, 16, 336, 2, 17, 64, 6348 }, // U+00D7
    { 26, 24, 411, 0, 24, 156, 6412 }, // U+00D8
    { 23, 32, 393, 2, 32, 184, 6568 }, // U+00D9
    { 23, 32, 393, 2, 32, 184, 6752 }, // U+00DA
    { 23, 32, 393, 2, 32, 184, 6936 }, // U+00DB
    { 23, 32, 393, 2, 32, 184, 7120 }, // U+00DC
    { 21, 32, 339, 3, 32, 168, 7304 }, // U+00DD
    { 20, 24, 330, 0, 24, 120, 7472 }, // U+00DE
    { 21, 24, 343, 0, 24, 126, 7592 }, // U+00DF
    { 17, 26, 295, 0, 26, 111, 7718 }, // U+00E0
    { 17, 26, 295, 0, 26, 111, 7829 }, // U+00E1
    { 18, 25, 295, 0, 25, 113, 7940 }, // U+00E2
    { 19, 24, 295, 0, 24, 114, 8053 }, // U+00E3
    { 18, 25, 295, 0, 25, 113, 8167 }, // U+00E4
    { 17, 28, 295, 0, 28, 119, 8280 }, // U+00E5
    { 30, 18, 493, 0, 18, 135, 8399 }, // U+00E6
    { 18, 25, 281, 0, 18, 113, 8534 }, // U+00E7
    { 19, 26, 307, 0, 26, 124, 8647 }, // U+00E8
    { 19, 26, 307, 0, 26, 124, 8771 }, // U+00E9
    { 19, 25, 307, 0, 25, 119, 8895 }, // U+00EA
    { 19, 25, 307, 0, 25, 119, 9014 }, // U+00EB
    { 8, 25, 141, 1, 25, 50, 9133 }, // U+00EC
    { 11, 25, 141, 1, 25, 69, 9183 }, // U+00ED
    { 13, 25, 141, 0, 25, 82, 9252 }, // U+00EE
    { 13, 25, 141, 0, 25, 82, 9334 }, // U+00EF
    { 19, 24, 322, 0, 24, 114, 9416 }, // U+00F0
    { 19, 24, 312, 0, 24, 114, 9530 }, // U+00F1
    { 18, 26, 310, 0, 26, 117, 9644 }, // U+00F2
    { 18, 26, 310, 0, 26, 117, 9761 }, // U+00F3
    { 18, 25, 310, 0, 25, 113, 9878 }, // U+00F4
    { 19, 24, 310, 0, 24, 114, 9991 }, // U+00F5
    { 18, 25, 310, 0, 25, 113, 10105 }, // U+00F6
    { 19, 17, 351, 1, 18, 81, 10218 }, // U+00F7
    { 21, 19, 311, -1, 19, 100, 10299 }, // U+00F8
    { 18, 26, 306, 1, 26, 117, 10399 }, // U+00F9
    { 18, 25, 306, 1, 25, 113, 10516 }, // U+00FA
    { 18, 25, 306, 1, 25, 113, 10629 }, // U+00FB
    { 18, 25, 306, 1, 25, 113, 10742 }, // U+00FC
    { 20, 31, 247, -3, 25, 155, 10855 }, // U+00FD
    { 20, 30, 316, -1, 24, 150, 11010 }, // U+00FE
    { 20, 31, 247, -3, 25, 155, 11160 }, // U+00FF
    { 23, 30, 355, -2, 30, 173, 0 }, // U+0100
    { 18, 24, 295, 0, 24, 108, 173 }, // U+0101
    { 23, 31, 355, -2, 31, 179, 281 }, // U+0102
    { 18, 25, 295, 0, 25, 113, 460 }, // U+0103
    { 23, 30, 355, -2, 24, 173, 573 }, // U+0104
    { 17, 24, 295, 0, 18, 102, 746 }, // U+0105
    { 23, 32, 375, 1, 32, 184, 848 }, // U+0106
    { 18, 26, 281, 0, 26, 117, 1032 }, // U+0107
    { 23, 32, 375, 1, 32, 184, 1149 }, // U+0108
    { 18, 25, 281, 0, 25, 113, 1333 }, // U+0109
    { 23, 31, 375, 1, 31, 179, 1446 }, // U+010A
    { 18, 24, 281, 0, 24, 108, 1625 }, // U+010B
    { 23, 31, 375, 1, 31, 179, 1733 }, // U+010C
    { 18, 25, 281, 0, 25, 113, 1912 }, // U+010D
    { 23, 31, 382, 0, 31, 179, 2025 }, // U+010E
    { 26, 24, 337, 0, 24, 156, 2204 }, // U+010F
    { 24, 24, 414, 1, 24, 144, 2360 }, // U+0110
    { 23, 24, 341, 0, 24, 138, 2504 }, // U+0111
    { 22, 30, 320, 0, 30, 165, 2642 }, // U+0112
    { 19, 24, 307, 0, 24, 114, 2807 }, // U+0113
    { 22, 31, 320, 0, 31, 171, 2921 }, // U+0114
    { 19, 25, 307, 0, 25, 119, 3092 }, // U+0115
    { 22, 31, 320, 0, 31, 171, 3211 }, // U+0116
    { 19, 24, 307, 0, 24, 114, 3382 }, // U+0117
    { 22, 30, 320, 0, 24, 165, 3496 }, // U+0118
    { 19, 24, 307, 0, 18, 114, 3661 }, // U+0119
    { 22, 31, 320, 0, 31, 171, 3775 }, // U+011A
    { 19, 25, 307, 0, 25, 119, 3946 }, // U+011B
    { 23, 32, 404, 1, 32, 184, 4065 }, // U+011C
    { 20, 32, 315, -1, 25, 160, 4249 }, // U+011D
    { 23, 31, 404, 1, 31, 179, 4409 }, // U+011E
    { 20, 32, 315, -1, 25, 160, 4588 }, // U+011F
    { 23, 31, 404, 1, 31, 179, 4748 }, // U+0120
    { 20, 31, 315, -1, 24, 155, 4927 }, // U+0121
    { 23, 33, 404, 1, 24, 190, 5082 }, // U+0122
    { 20, 34, 315, -1, 27, 170, 5272 }, // U+0123
    { 25, 31, 393, 0, 31, 194, 5442 }, // U+0124
    { 18, 31, 311, 0, 31, 140, 5636 }, // U+0125
    { 27, 24, 402, 0, 24, 162, 5776 }, // U+0126
    { 18, 24, 329, 1, 24, 108, 5938 }, // U+0127
    { 18, 31, 235, 0, 31, 140, 6046 }, // U+0128
    { 14, 24, 141, 0, 24, 84, 6186 }, // U+0129
    { 17, 30, 235, 0, 30, 128, 6270 }, // U+012A
    { 12, 24, 141, 1, 24, 72, 6398 }, // U+012B
    { 17, 31, 235, 0, 31, 132, 6470 }, // U+012C
    { 12, 25, 141, 1, 25, 75, 6602 }, // U+012D
    { 16, 30, 235, 0, 24, 120, 6677 }, // U+012E
    { 13, 32, 153, -2, 26, 104, 6797 }, // U+012F
    { 16, 31, 235, 0, 31, 124, 6901 }, // U+0130
    { 8, 18, 141, 1, 18, 36, 7025 }, // U+0131
    { 33, 24, 523, 0, 24, 198, 7061 }, // U+0132
    { 19, 32, 299, 1, 26, 152, 7259 }, // U+0133
    { 24, 32, 288, -1, 32, 192, 7411 }, // U+0134
    { 19, 31, 146, -6, 25, 148, 7603 }, // U+0135
    { 24, 33, 353, 0, 24, 198, 7751 }, // U+0136
    { 18, 33, 276, 0, 24, 149, 7949 }, // U+0137
    { 18, 18, 276, 0, 18, 81, 8098 }, // U+0138
    { 18, 32, 307, 0, 32, 144, 8179 }, // U+0139
    { 13, 32, 147, 0, 32, 104, 8323 }, // U+013A
    { 18, 33, 307, 0, 24, 149, 8427 }, // U+013B
    { 11, 33, 147, -2, 24, 91, 8576 }, // U+013C
    { 19, 24, 307, 0, 24, 114, 8667 }, // U+013D
    { 14, 24, 147, 0, 24, 84, 8781 }, // U+013E
    { 18, 24, 307, 0, 24, 108, 8865 }, // U+013F
    { 13, 24, 210, 0, 24, 78, 8973 }, // U+0140
    { 19, 24, 324, 0, 24, 114, 9051 }, // U+0141
    { 11, 24, 155, 0, 24, 66, 9165 }, // U+0142
    { 25, 32, 393, 0, 32, 200, 9231 }, // U+0143
    { 18, 25, 312, 0, 25, 113, 9431 }, // U+0144
    { 25, 33, 393, 0, 24, 207, 9544 }, // U+0145
    { 18, 27, 312, 0, 18, 122, 9751 }, // U+0146
    { 25, 31, 393, 0, 31, 194, 9873 }, // U+0147
    { 19, 25, 312, 0, 25, 119, 10067 }, // U+0148
    { 22, 24, 421, 3, 24, 132, 10186 }, // U+0149
    { 25, 30, 393, 0, 24, 188, 10318 }, // U+014A
    { 18, 24, 312, 0, 18, 108, 10506 }, // U+014B
    { 24, 31, 413, 1, 31, 186, 10614 }, // U+014C
    { 18, 24, 310, 0, 24, 108, 10800 }, // U+014D
    { 24, 31, 413, 1, 31, 186, 10908 }, // U+014E
    { 18, 25, 310, 0, 25, 113, 11094 }, // U+014F
    { 24, 32, 413, 1, 32, 192, 11207 }, // U+0150
    { 19, 26, 310, 0, 26, 124, 11399 }, // U+0151
    { 39, 24, 606, 1, 24, 234, 11523 }, // U+0152
    { 32, 18, 516, 0, 18, 144, 11757 }, // U+0153
    { 22, 32, 346, 0, 32, 176, 11901 }, // U+0154
    { 14, 25, 200, 0, 25, 88, 12077 }, // U+0155
    { 22, 33, 346, 0, 24, 182, 12165 }, // U+0156
    { 18, 27, 200, -4, 18, 122, 12347 }, // U+0157
    { 22, 31, 346, 0, 31, 171, 12469 }, // U+0158
    { 16, 25, 200, 0, 25, 100, 12640 }, // U+0159
    { 19, 32, 345, 1, 32, 152, 12740 }, // U+015A
    { 16, 26, 271, 0, 26, 104, 12892 }, // U+015B
    { 19, 32, 345, 1, 32, 152, 12996 }, // U+015C
    { 16, 25, 271, 0, 25, 100, 13148 }, // U+015D
    { 19, 31, 345, 1, 24, 148, 13248 }, // U+015E
    { 16, 25, 271, 0, 18, 100, 13396 }, // U+015F
    { 19, 31, 345, 1, 31, 148, 13496 }, // U+0160
    { 17, 25, 271, 0, 25, 107, 13644 }, // U+0161
    { 21, 31, 316, 2, 24, 163, 13751 }, // U+0162
    { 13, 29, 184, -1, 22, 95, 13914 }, // U+0163
    { 21, 31, 316, 2, 31, 163, 14009 }, // U+0164
    { 15, 26, 184, 1, 26, 98, 14172 }, // U+0165
    { 21, 24, 316, 2, 24, 126, 14270 }, // U+0166
    { 12, 22, 184, 0, 22, 66, 14396 }, // U+0167
    { 23, 31, 393, 2, 31, 179, 14462 }, // U+0168
    { 18, 24, 306, 1, 24, 108, 14641 }, // U+0169
    { 23, 31, 393, 2, 31, 179, 14749 }, // U+016A
    { 18, 24, 306, 1, 24, 108, 14928 }, // U+016B
    { 23, 31, 393, 2, 31, 179, 15036 }, // U+016C
    { 18, 25, 306, 1, 25, 113, 15215 }, // U+016D
    { 23, 35, 393, 2, 35, 202, 15328 }, // U+016E
    { 18, 28, 306, 1, 28, 126, 15530 }, // U+016F
    { 23, 32, 393, 2, 32, 184, 15656 }, // U+0170
    { 18, 26, 306, 1, 26, 117, 15840 }, // U+0171
    { 23, 30, 393, 2, 24, 173, 15957 }, // U+0172
    { 18, 24, 306, 1, 18, 108, 16130 }, // U+0173
    { 30, 31, 478, 3, 31, 233, 16238 }, // U+0174
    { 24, 25, 373, 1, 25, 150, 16471 }, // U+0175
    { 21, 31, 339, 3, 31, 163, 16621 }, // U+0176
    { 20, 31, 247, -3, 25, 155, 16784 }, // U+0177
    { 21, 31, 339, 3, 31, 163, 16939 }, // U+0178
    { 24, 32, 347, -1, 32, 192, 17102 }, // U+0179
    { 18, 25, 265, -1, 25, 113, 17294 }, // U+017A
    { 24, 31, 347, -1, 31, 186, 17407 }, // U+017B
    { 18, 24, 265, -1, 24, 108, 17593 }, // U+017C
    { 24, 31, 347, -1, 31, 186, 17701 }, // U+017D
    { 19, 25, 265, -1, 25, 119, 17887 }, // U+017E
    { 13, 25, 181, 1, 25, 82, 18006 }, // U+017F
    { 28, 28, 412, 1, 28, 196, 0 }, // U+01A0
    { 23, 22, 323, 0, 22, 127, 196 }, // U+01A1
    { 28, 28, 402, 1, 28, 196, 323 }, // U+01AF
    { 22, 22, 320, 1, 22, 121, 519 }, // U+01B0
    { 47, 31, 729, 0, 31, 365, 640 }, // U+01C4
    { 42, 25, 647, 0, 25, 263, 1005 }, // U+01C5
    { 38, 25, 579, 0, 25, 238, 1268 }, // U+01C6
    { 38, 24, 595, 0, 24, 228, 1506 }, // U+01C7
    { 29, 32, 453, 0, 26, 232, 1734 }, // U+01C8
    { 19, 32, 293, 0, 26, 152, 1966 }, // U+01C9
    { 43, 24, 681, 0, 24, 258, 2118 }, // U+01CA
    { 35, 32, 539, 0, 26, 280, 2376 }, // U+01CB
    { 30, 32, 458, 0, 26, 240, 2656 }, // U+01CC
    { 23, 31, 355, -2, 31, 179, 2896 }, // U+01CD
    { 19, 25, 295, 0, 25, 119, 3075 }, // U+01CE
    { 23, 31, 393, 2, 31, 179, 3194 }, // U+01D3
    { 18, 25, 306, 1, 25, 113, 3373 }, // U+01D4
    { 23, 31, 404, 1, 31, 179, 3486 }, // U+01E6
    { 20, 32, 315, -1, 25, 160, 3665 }, // U+01E7
    { 24, 30, 413, 1, 24, 180, 3825 }, // U+01EA
    { 18, 24, 310, 0, 18, 108, 4005 }, // U+01EB
    { 47, 24, 729, 0, 24, 282, 4113 }, // U+01F1
    { 41, 24, 647, 0, 24, 246, 4395 }, // U+01F2
    { 37, 24, 579, 0, 24, 222, 4641 }, // U+01F3
    { 23, 38, 355, -2, 38, 219, 4863 }, // U+01FA
    { 19, 36, 295, 0, 36, 171, 5082 }, // U+01FB
    { 39, 32, 559, -2, 32, 312, 5253 }, // U+01FC
    { 30, 26, 493, 0, 26, 195, 5565 }, // U+01FD
    { 26, 32, 411, 0, 32, 208, 5760 }, // U+01FE
    { 21, 26, 311, -1, 26, 137, 5968 }, // U+01FF
    { 19, 33, 345, 1, 24, 157, 6105 }, // U+0218
    { 16, 27, 271, 0, 18, 108, 6262 }, // U+0219
    { 21, 33, 316, 2, 24, 174, 6370 }, // U+021A
    { 14, 31, 184, -2, 22, 109, 6544 }, // U+021B
    { 25, 31, 393, 0, 31, 194, 6653 }, // U+021E
    { 18, 31, 311, 0, 31, 140, 6847 }, // U+021F
    { 6, 5, 2, 4, 25, 8, 0 }, // U+0300
    { 8, 5, 2, 3, 25, 10, 8 }, // U+0301
    { 12, 5, 2, 3, 26, 15, 18 }, // U+0302
    { 14, 4, 2, 3, 25, 14, 33 }, // U+0303
    { 12, 3, 2, 3, 24, 9, 47 }, // U+0304
    { 11, 5, 2, 4, 25, 14, 56 }, // U+0306
    { 4, 4, 2, 4, 25, 4, 70 }, // U+0307
    { 12, 4, 2, 3, 25, 12, 74 }, // U+0308
    { 6, 7, 89, 2, 27, 11, 86 }, // U+0309
    { 9, 8, 2, 4, 28, 18, 97 }, // U+030A
    { 13, 5, 2, 2, 25, 17, 115 }, // U+030B
    { 12, 5, 2, 4, 25, 15, 132 }, // U+030C
    { 11, 7, 184, 0, 22, 20, 147 }, // U+031B
    { 6, 5, 116, -1, -2, 8, 167 }, // U+0323
    { 7, 8, 0, -3, -1, 14, 175 }, // U+0326
    { 9, 9, 0, -3, 2, 21, 189 }, // U+0327
    { 8, 6, 2, -2, 0, 12, 210 }, // U+0328
    { 23, 32, 355, -2, 24, 184, 0 }, // U+1EA0
    { 17, 25, 295, 0, 18, 107, 184 }, // U+1EA1
    { 23, 33, 355, -2, 33, 190, 291 }, // U+1EA2
    { 17, 27, 295, 0, 27, 115, 481 }, // U+1EA3
    { 28, 35, 355, -2, 35, 245, 596 }, // U+1EA4
    { 23, 31, 295, 0, 31, 179, 841 }, // U+1EA5
    { 27, 35, 355, -2, 35, 237, 1020 }, // U+1EA6
    { 21, 30, 295, 0, 30, 158, 1257 }, // U+1EA7
    { 26, 36, 355, -2, 36, 234, 1415 }, // U+1EA8
    { 20, 32, 295, 0, 32, 160, 1649 }, // U+1EA9
    { 25, 38, 355, -2, 38, 238, 1809 }, // U+1EAA
    { 20, 32, 295, 0, 32, 160, 2047 }, // U+1EAB
    { 23, 39, 355, -2, 31, 225, 2207 }, // U+1EAC
    { 18, 32, 295, 0, 25, 144, 2432 }, // U+1EAD
    { 23, 38, 355, -2, 38, 219, 2576 }, // U+1EAE
    { 18, 33, 295, 0, 33, 149, 2795 }, // U+1EAF
    { 23, 38, 355, -2, 38, 219, 2944 }, // U+1EB0
    { 18, 33, 295, 0, 33, 149, 3163 }, // U+1EB1
    { 23, 40, 355, -2, 40, 230, 3312 }, // U+1EB2
    { 18, 34, 295, 0, 34, 153, 3542 }, // U+1EB3
    { 25, 37, 355, -2, 37, 232, 3695 }, // U+1EB4
    { 20, 32, 295, 0, 32, 160, 3927 }, // U+1EB5
    { 23, 39, 355, -2, 31, 225, 4087 }, // U+1EB6
    { 18, 32, 295, 0, 25, 144, 4312 }, // U+1EB7
    { 22, 32, 320, 0, 24, 176, 4456 }, // U+1EB8
    { 19, 25, 307, 0, 18, 119, 4632 }, // U+1EB9
    { 22, 33, 320, 0, 33, 182, 4751 }, // U+1EBA
    { 19, 27, 307, 0, 27, 129, 4933 }, // U+1EBB
    { 22, 31, 320, 0, 31, 171, 5062 }, // U+1EBC
    { 19, 24, 307, 0, 24, 114, 5233 }, // U+1EBD
    { 26, 35, 320, 0, 35, 228, 5347 }, // U+1EBE
    { 24, 31, 307, 0, 31, 186, 5575 }, // U+1EBF
    { 25, 35, 320, 0, 35, 219, 5761 }, // U+1EC0
    { 22, 30, 307, 0, 30, 165, 5980 }, // U+1EC1
    { 23, 36, 320, 0, 36, 207, 6145 }, // U+1EC2
    { 21, 32, 307, 0, 32, 168, 6352 }, // U+1EC3
    { 23, 38, 320, 0, 38, 219, 6520 }, // U+1EC4
    { 21, 32, 307, 0, 32, 168, 6739 }, // U+1EC5
    { 22, 39, 320, 0, 31, 215, 6907 }, // U+1EC6
    { 19, 32, 307, 0, 25, 152, 7122 }, // U+1EC7
    { 16, 33, 235, 0, 33, 132, 7274 }, // U+1EC8
    { 11, 27, 141, 1, 27, 75, 7406 }, // U+1EC9
    { 16, 32, 235, 0, 24, 128, 7481 }, // U+1ECA
    { 12, 32, 153, -1, 25, 96, 7609 }, // U+1ECB
    { 24, 31, 413, 1, 24, 186, 7705 }, // U+1ECC
    { 18, 25, 310, 0, 18, 113, 7891 }, // U+1ECD
    { 24, 34, 413, 1, 34, 204, 8004 }, // U+1ECE
    { 18, 27, 310, 0, 27, 122, 8208 }, // U+1ECF
    { 27, 36, 413, 1, 36, 243, 8330 }, // U+1ED0
    { 24, 31, 310, 0, 31, 186, 8573 }, // U+1ED1
    { 26, 35, 413, 1, 35, 228, 8759 }, // U+1ED2
    { 22, 30, 310, 0, 30, 165, 8987 }, // U+1ED3
    { 24, 37, 413, 1, 37, 222, 9152 }, // U+1ED4
    { 21, 32, 310, 0, 32, 168, 9374 }, // U+1ED5
    { 24, 38, 413, 1, 38, 228, 9542 }, // U+1ED6
    { 21, 32, 310, 0, 32, 168, 9770 }, // U+1ED7
    { 24, 39, 413, 1, 32, 234, 9938 }, // U+1ED8
    { 18, 32, 310, 0, 25, 144, 10172 }, // U+1ED9
    { 28, 32, 412, 1, 32, 224, 10316 }, // U+1EDA
    { 23, 26, 323, 0, 26, 150, 10540 }, // U+1EDB
    { 28, 32, 412, 1, 32, 224, 10690 }, // U+1EDC
    { 23, 26, 323, 0, 26, 150, 10914 }, // U+1EDD
    { 28, 33, 412, 1, 33, 231, 11064 }, // U+1EDE
    { 23, 27, 323, 0, 27, 156, 11295 }, // U+1EDF
    { 28, 31, 412, 1, 31, 217, 11451 }, // U+1EE0
    { 23, 24, 323, 0, 24, 138, 11668 }, // U+1EE1
    { 28, 35, 412, 1, 28, 245, 11806 }, // U+1EE2
    { 23, 29, 323, 0, 22, 167, 12051 }, // U+1EE3
    { 23, 31, 393, 2, 24, 179, 12218 }, // U+1EE4
    { 18, 25, 306, 1, 18, 113, 12397 }, // U+1EE5
    { 23, 34, 393, 2, 34, 196, 12510 }, // U+1EE6
    { 18, 27, 306, 1, 27, 122, 12706 }, // U+1EE7
    { 28, 32, 402, 1, 32, 224, 12828 }, // U+1EE8
    { 22, 25, 320, 1, 25, 138, 13052 }, // U+1EE9
    { 28, 32, 402, 1, 32, 224, 13190 }, // U+1EEA
    { 22, 26, 320, 1, 26, 143, 13414 }, // U+1EEB
    { 28, 34, 402, 1, 34, 238, 13557 }, // U+1EEC
    { 22, 27, 320, 1, 27, 149, 13795 }, // U+1EED
    { 28, 31, 402, 1, 31, 217, 13944 }, // U+1EEE
    { 22, 24, 320, 1, 24, 132, 14161 }, // U+1EEF
    { 28, 35, 402, 1, 28, 245, 14293 }, // U+1EF0
    { 22, 29, 320, 1, 22, 160, 14538 }, // U+1EF1
    { 21, 32, 339, 3, 32, 168, 14698 }, // U+1EF2
    { 20, 31, 247, -3, 25, 155, 14866 }, // U+1EF3
    { 21, 32, 339, 3, 24, 168, 15021 }, // U+1EF4
    { 20, 26, 247, -3, 18, 130, 15189 }, // U+1EF5
    { 21, 33, 339, 3, 33, 174, 15319 }, // U+1EF6
    { 20, 33, 247, -3, 27, 165, 15493 }, // U+1EF7
    { 21, 31, 339, 3, 31, 163, 15658 }, // U+1EF8
    { 20, 30, 247, -3, 24, 150, 15821 }, // U+1EF9
    { 10, 3, 188, 1, 10, 8, 0 }, // U+2010
    { 15, 3, 282, 1, 10, 12, 8 }, // U+2013
    { 26, 3, 463, 1, 10, 20, 20 }, // U+2014
    { 7, 9, 135, 3, 24, 16, 40 }, // U+2018
    { 6, 9, 135, 3, 24, 14, 56 }, // U+2019
    { 6, 9, 135, -1, 4, 14, 70 }, // U+201A
    { 12, 9, 224, 3, 24, 27, 84 }, // U+201C
    { 12, 9, 223, 3, 24, 27, 111 }, // U+201D
    { 12, 9, 223, -1, 4, 27, 138 }, // U+201E
    { 18, 24, 307, 2, 24, 108, 165 }, // U+2020
    { 20, 24, 307, 0, 24, 120, 273 }, // U+2021
    { 13, 12, 253, 1, 15, 39, 393 }, // U+2022
    { 22, 5, 396, 0, 5, 28, 432 }, // U+2026
    { 45, 24, 797, 3, 24, 270, 460 }, // U+2030
    { 11, 15, 201, 1, 16, 42, 730 }, // U+2039
    { 11, 15, 197, 0, 16, 42, 772 }, // U+203A
    { 21, 24, 252, -2, 24, 126, 814 }, // U+2044
    { 13, 14, 225, 2, 28, 46, 0 }, // U+2074
    { 24, 28, 341, -1, 24, 168, 0 }, // U+20AB
    { 25, 24, 395, 0, 24, 150, 168 }, // U+20AC
    { 18, 25, 337, 1, 24, 113, 0 }, // U+2202
    { 17, 30, 431, 5, 24, 128, 113 }, // U+220F
    { 18, 30, 432, 4, 24, 135, 241 }, // U+2211
    { 18, 3, 351, 1, 10, 14, 376 }, // U+2212
    { 21, 24, 252, -2, 24, 126, 390 }, // U+2215
    { 5, 5, 134, 1, 12, 7, 516 }, // U+2219
    { 18, 30, 291, 1, 24, 135, 523 }, // U+221A
    { 24, 11, 442, 2, 15, 66, 658 }, // U+221E
    { 13, 30, 173, -1, 24, 98, 724 }, // U+222B
    { 17, 12, 343, 2, 15, 51, 822 }, // U+2248
    { 18, 19, 373, 2, 18, 86, 873 }, // U+2260
    { 17, 18, 369, 2, 18, 77, 959 }, // U+2264
    { 17, 18, 389, 3, 18, 77, 1036 }, // U+2265
    { 22, 25, 332, 1, 25, 138, 0 }, // U+FB00
    { 19, 25, 299, 1, 25, 119, 138 }, // U+FB01
    { 19, 25, 328, 1, 25, 119, 257 }, // U+FB02
    { 28, 25, 449, 1, 25, 175, 376 }, // U+FB03
    { 29, 25, 479, 1, 25, 182, 551 }, // U+FB04
    { 15, 25, 296, 2, 25, 94, 0 }, // U+FFFD
};

static const EpdUnicodeInterval lexica_17_italicIntervals[] = {
    { 0xD, 0xD, 0x0 },
    { 0x20, 0x7E, 0x1 },
    { 0xA0, 0xFF, 0x60 },
    { 0x100, 0x17F, 0xC0 },
    { 0x1A0, 0x1A1, 0x140 },
    { 0x1AF, 0x1B0, 0x142 },
    { 0x1C4, 0x1CE, 0x144 },
    { 0x1D3, 0x1D4, 0x14F },
    { 0x1E6, 0x1E7, 0x151 },
    { 0x1EA, 0x1EB, 0x153 },
    { 0x1F1, 0x1F3, 0x155 },
    { 0x1FA, 0x1FF, 0x158 },
    { 0x218, 0x21B, 0x15E },
    { 0x21E, 0x21F, 0x162 },
    { 0x300, 0x304, 0x164 },
    { 0x306, 0x30C, 0x169 },
    { 0x31B, 0x31B, 0x170 },
    { 0x323, 0x323, 0x171 },
    { 0x326, 0x328, 0x172 },
    { 0x1EA0, 0x1EF9, 0x175 },
    { 0x2010, 0x2010, 0x1CF },
    { 0x2013, 0x2014, 0x1D0 },
    { 0x2018, 0x201A, 0x1D2 },
    { 0x201C, 0x201E, 0x1D5 },
    { 0x2020, 0x2022, 0x1D8 },
    { 0x2026, 0x2026, 0x1DB },
    { 0x2030, 0x2030, 0x1DC },
    { 0x2039, 0x203A, 0x1DD },
    { 0x2044, 0x2044, 0x1DF },
    { 0x2074, 0x2074, 0x1E0 },
    { 0x20AB, 0x20AC, 0x1E1 },
    { 0x2202, 0x2202, 0x1E3 },
    { 0x220F, 0x220F, 0x1E4 },
    { 0x2211, 0x2212, 0x1E5 },
    { 0x2215, 0x2215, 0x1E7 },
    { 0x2219, 0x221A, 0x1E8 },
    { 0x221E, 0x221E, 0x1EA },
    { 0x222B, 0x222B, 0x1EB },
    { 0x2248, 0x2248, 0x1EC },
    { 0x2260, 0x2260, 0x1ED },
    { 0x2264, 0x2265, 0x1EE },
    { 0xFB00, 0xFB04, 0x1F0 },
    { 0xFFFD, 0xFFFD, 0x1F5 },
};

static const EpdFontGroup lexica_17_italicGroups[] = {
    { 0, 4473, 10181, 96, 0 },
    { 4473, 3816, 12073, 96, 96 },
    { 8289, 4803, 19347, 128, 192 },
    { 13092, 2805, 7360, 36, 320 },
    { 15897, 203, 250, 17, 356 },
    { 16100, 2926, 16844, 90, 373 },
    { 19026, 506, 1017, 17, 463 },
    { 19532, 54, 56, 1, 480 },
    { 19586, 203, 336, 2, 481 },
    { 19789, 522, 1265, 13, 483 },
    { 20311, 355, 775, 5, 496 },
    { 20666, 93, 100, 1, 501 },
};

static const EpdKernClassEntry lexica_17_italicKernLeftClasses[] = {
    { 0x0028, 1 }, // (
    { 0x002C, 2 }, // ,
    { 0x002D, 3 }, // -
    { 0x002E, 2 }, // .
    { 0x002F, 4 }, // /
    { 0x0030, 5 }, // 0
    { 0x0031, 6 }, // 1
    { 0x0032, 7 }, // 2
    { 0x0034, 8 }, // 4
    { 0x0035, 9 }, // 5
    { 0x0036, 10 }, // 6
    { 0x0037, 11 }, // 7
    { 0x0038, 12 }, // 8
    { 0x0039, 13 }, // 9
    { 0x0041, 14 }, // A
    { 0x0042, 15 }, // B
    { 0x0043, 16 }, // C
    { 0x0044, 17 }, // D
    { 0x0045, 18 }, // E
    { 0x0046, 19 }, // F
    { 0x0047, 20 }, // G
    { 0x0049, 21 }, // I
    { 0x004A, 22 }, // J
    { 0x004B, 23 }, // K
    { 0x004C, 24 }, // L
    { 0x004F, 17 }, // O
    { 0x0050, 25 }, // P
    { 0x0051, 26 }, // Q
    { 0x0052, 27 }, // R
    { 0x0053, 28 }, // S
    { 0x0054, 29 }, // T
    { 0x0055, 30 }, // U
    { 0x0056, 31 }, // V
    { 0x0057, 32 }, // W
    { 0x0058, 33 }, // X
    { 0x0059, 34 }, // Y
    { 0x005A, 35 }, // Z
    { 0x0061, 36 }, // a
    { 0x0062, 37 }, // b
    { 0x0063, 38 }, // c
    { 0x0065, 39 }, // e
    { 0x0066, 40 }, // f
    { 0x0067, 41 }, // g
    { 0x0068, 42 }, // h
    { 0x006A, 43 }, // j
    { 0x006B, 44 }, // k
    { 0x006C, 45 }, // l
    { 0x006D, 42 }, // m
    { 0x006E, 42 }, // n
    { 0x006F, 37 }, // o
    { 0x0070, 37 }, // p
    { 0x0071, 46 }, // q
    { 0x0072, 47 }, // r
    { 0x0073, 48 }, // s
    { 0x0074, 49 }, // t
    { 0x0075, 50 }, // u
    { 0x0076, 51 }, // v
    { 0x0077, 52 }, // w
    { 0x0078, 53 }, // x
    { 0x0079, 51 }, // y
    { 0x007A, 54 }, // z
    { 0x00C0, 14 }, // U+00C0
    { 0x00C1, 14 }, // U+00C1
    { 0x00C2, 14 }, // U+00C2
    { 0x00C3, 14 }, // U+00C3
    { 0x00C4, 14 }, // U+00C4
    { 0x00C5, 14 }, // U+00C5
    { 0x00C6, 18 }, // U+00C6
    { 0x00C7, 16 }, // U+00C7
    { 0x00C8, 18 }, // U+00C8
    { 0x00C9, 18 }, // U+00C9
    { 0x00CA, 18 }, // U+00CA
    { 0x00CB, 18 }, // U+00CB
    { 0x00CC, 21 }, // U+00CC
    { 0x00CD, 21 }, // U+00CD
    { 0x00CE, 21 }, // U+00CE
    { 0x00CF, 21 }, // U+00CF
    { 0x00D0, 17 }, // U+00D0
    { 0x00D2, 17 }, // U+00D2
    { 0x00D3, 17 }, // U+00D3
    { 0x00D4, 17 }, // U+00D4
    { 0x00D5, 17 }, // U+00D5
    { 0x00D6, 17 }, // U+00D6
    { 0x00D8, 17 }, // U+00D8
    { 0x00D9, 30 }, // U+00D9
    { 0x00DA, 30 }, // U+00DA
    { 0x00DB, 30 }, // U+00DB
    { 0x00DC, 30 }, // U+00DC
    { 0x00DD, 34 }, // U+00DD
    { 0x00E0, 42 }, // U+00E0
    { 0x00E1, 42 }, // U+00E1
    { 0x00E2, 42 }, // U+00E2
    { 0x00E3, 42 }, // U+00E3
    { 0x00E4, 42 }, // U+00E4
    { 0x00E5, 42 }, // U+00E5
    { 0x00E6, 39 }, // U+00E6
    { 0x00E7, 38 }, // U+00E7
    { 0x00E8, 39 }, // U+00E8
    { 0x00E9, 39 }, // U+00E9
    { 0x00EA, 39 }, // U+00EA
    { 0x00EB, 39 }, // U+00EB
    { 0x00F0, 17 }, // U+00F0
    { 0x00F1, 42 }, // U+00F1
    { 0x00F2, 37 }, // U+00F2
    { 0x00F3, 37 }, // U+00F3
    { 0x00F4, 37 }, // U+00F4
    { 0x00F5, 37 }, // U+00F5
    { 0x00F6, 37 }, // U+00F6
    { 0x00F8, 37 }, // U+00F8
    { 0x00F9, 50 }, // U+00F9
    { 0x00FA, 50 }, // U+00FA
    { 0x00FB, 50 }, // U+00FB
    { 0x00FC, 50 }, // U+00FC
    { 0x00FD, 51 }, // U+00FD
    { 0x00FE, 37 }, // U+00FE
    { 0x00FF, 51 }, // U+00FF
    { 0x0100, 14 }, // U+0100
    { 0x0101, 42 }, // U+0101
    { 0x0102, 14 }, // U+0102
    { 0x0103, 42 }, // U+0103
    { 0x0104, 14 }, // U+0104
    { 0x0105, 42 }, // U+0105
    { 0x0106, 16 }, // U+0106
    { 0x0107, 38 }, // U+0107
    { 0x0108, 16 }, // U+0108
    { 0x0109, 38 }, // U+0109
    { 0x010A, 16 }, // U+010A
    { 0x010B, 38 }, // U+010B
    { 0x010C, 16 }, // U+010C
    { 0x010D, 38 }, // U+010D
    { 0x010E, 17 }, // U+010E
    { 0x010F, 55 }, // U+010F
    { 0x0111, 40 }, // U+0111
    { 0x0112, 18 }, // U+0112
    { 0x0113, 39 }, // U+0113
    { 0x0114, 18 }, // U+0114
    { 0x0115, 39 }, // U+0115
    { 0x0116, 18 }, // U+0116
    { 0x0117, 39 }, // U+0117
    { 0x0118, 18 }, // U+0118
    { 0x0119, 39 }, // U+0119
    { 0x011A, 18 }, // U+011A
    { 0x011B, 39 }, // U+011B
    { 0x011C, 20 }, // U+011C
    { 0x011D, 41 }, // U+011D
    { 0x011E, 20 }, // U+011E
    { 0x011F, 41 }, // U+011F
    { 0x0120, 20 }, // U+0120
    { 0x0121, 41 }, // U+0121
    { 0x0122, 20 }, // U+0122
    { 0x0123, 41 }, // U+0123
    { 0x0125, 42 }, // U+0125
    { 0x0127, 42 }, // U+0127
    { 0x0128, 21 }, // U+0128
    { 0x012A, 21 }, // U+012A
    { 0x012C, 21 }, // U+012C
    { 0x012E, 21 }, // U+012E
    { 0x0130, 21 }, // U+0130
    { 0x0132, 22 }, // U+0132
    { 0x0133, 43 }, // U+0133
    { 0x0134, 22 }, // U+0134
    { 0x0135, 43 }, // U+0135
    { 0x0136, 23 }, // U+0136
    { 0x0137, 44 }, // U+0137
    { 0x0138, 44 }, // U+0138
    { 0x0139, 24 }, // U+0139
    { 0x013A, 56 }, // U+013A
    { 0x013B, 24 }, // U+013B
    { 0x013C, 56 }, // U+013C
    { 0x013E, 55 }, // U+013E
    { 0x013F, 24 }, // U+013F
    { 0x0140, 57 }, // U+0140
    { 0x0141, 24 }, // U+0141
    { 0x0142, 56 }, // U+0142
    { 0x0144, 42 }, // U+0144
    { 0x0146, 42 }, // U+0146
    { 0x0148, 42 }, // U+0148
    { 0x014C, 17 }, // U+014C
    { 0x014D, 37 }, // U+014D
    { 0x014E, 17 }, // U+014E
    { 0x014F, 37 }, // U+014F
    { 0x0150, 17 }, // U+0150
    { 0x0151, 37 }, // U+0151
    { 0x0152, 18 }, // U+0152
    { 0x0153, 39 }, // U+0153
    { 0x0154, 27 }, // U+0154
    { 0x0155, 47 }, // U+0155
    { 0x0156, 27 }, // U+0156
    { 0x0157, 47 }, // U+0157
    { 0x0158, 27 }, // U+0158
    { 0x0159, 47 }, // U+0159
    { 0x015A, 28 }, // U+015A
    { 0x015B, 48 }, // U+015B
    { 0x015C, 28 }, // U+015C
    { 0x015D, 48 }, // U+015D
    { 0x015E, 28 }, // U+015E
    { 0x015F, 48 }, // U+015F
    { 0x0160, 28 }, // U+0160
    { 0x0161, 48 }, // U+0161
    { 0x0162, 29 }, // U+0162
    { 0x0163, 49 }, // U+0163
    { 0x0164, 29 }, // U+0164
    { 0x0165, 55 }, // U+0165
    { 0x0166, 29 }, // U+0166
    { 0x0167, 49 }, // U+0167
    { 0x0168, 30 }, // U+0168
    { 0x0169, 50 }, // U+0169
    { 0x016A, 30 }, // U+016A
    { 0x016B, 50 }, // U+016B
    { 0x016C, 30 }, // U+016C
    { 0x016D, 50 }, // U+016D
    { 0x016E, 30 }, // U+016E
    { 0x016F, 50 }, // U+016F
    { 0x0170, 30 }, // U+0170
    { 0x0171, 50 }, // U+0171
    { 0x0172, 30 }, // U+0172
    { 0x0173, 50 }, // U+0173
    { 0x0176, 34 }, // U+0176
    { 0x0177, 51 }, // U+0177
    { 0x0178, 34 }, // U+0178
    { 0x0179, 35 }, // U+0179
    { 0x017A, 54 }, // U+017A
    { 0x017B, 35 }, // U+017B
    { 0x017C, 54 }, // U+017C
    { 0x017D, 35 }, // U+017D
    { 0x017E, 54 }, // U+017E
    { 0x017F, 40 }, // U+017F
    { 0x01A0, 58 }, // U+01A0
    { 0x01A1, 59 }, // U+01A1
    { 0x01AF, 60 }, // U+01AF
    { 0x01B0, 61 }, // U+01B0
    { 0x01C4, 35 }, // U+01C4
    { 0x01C5, 54 }, // U+01C5
    { 0x01C6, 54 }, // U+01C6
    { 0x01C7, 22 }, // U+01C7
    { 0x01C8, 43 }, // U+01C8
    { 0x01C9, 43 }, // U+01C9
    { 0x01CA, 22 }, // U+01CA
    { 0x01CB, 43 }, // U+01CB
    { 0x01CC, 43 }, // U+01CC
    { 0x01CD, 14 }, // U+01CD
    { 0x01CE, 42 }, // U+01CE
    { 0x01D3, 30 }, // U+01D3
    { 0x01D4, 50 }, // U+01D4
    { 0x01E6, 20 }, // U+01E6
    { 0x01E7, 41 }, // U+01E7
    { 0x01EA, 17 }, // U+01EA
    { 0x01EB, 37 }, // U+01EB
    { 0x01F1, 35 }, // U+01F1
    { 0x01F2, 54 }, // U+01F2
    { 0x01F3, 54 }, // U+01F3
    { 0x01FA, 14 }, // U+01FA
    { 0x01FB, 42 }, // U+01FB
    { 0x01FC, 18 }, // U+01FC
    { 0x01FD, 39 }, // U+01FD
    { 0x01FE, 17 }, // U+01FE
    { 0x01FF, 37 }, // U+01FF
    { 0x0218, 28 }, // U+0218
    { 0x0219, 48 }, // U+0219
    { 0x021A, 29 }, // U+021A
    { 0x021B, 49 }, // U+021B
    { 0x021F, 42 }, // U+021F
    { 0x1EA0, 14 }, // U+1EA0
    { 0x1EA1, 42 }, // U+1EA1
    { 0x1EA2, 14 }, // U+1EA2
    { 0x1EA4, 14 }, // U+1EA4
    { 0x1EA5, 42 }, // U+1EA5
    { 0x1EA6, 14 }, // U+1EA6
    { 0x1EA7, 42 }, // U+1EA7
    { 0x1EA8, 14 }, // U+1EA8
    { 0x1EA9, 42 }, // U+1EA9
    { 0x1EAA, 14 }, // U+1EAA
    { 0x1EAB, 42 }, // U+1EAB
    { 0x1EAC, 14 }, // U+1EAC
    { 0x1EAD, 42 }, // U+1EAD
    { 0x1EAE, 14 }, // U+1EAE
    { 0x1EAF, 42 }, // U+1EAF
    { 0x1EB0, 14 }, // U+1EB0
    { 0x1EB1, 42 }, // U+1EB1
    { 0x1EB2, 14 }, // U+1EB2
    { 0x1EB3, 42 }, // U+1EB3
    { 0x1EB4, 14 }, // U+1EB4
    { 0x1EB5, 42 }, // U+1EB5
    { 0x1EB6, 14 }, // U+1EB6
    { 0x1EB7, 42 }, // U+1EB7
    { 0x1EB8, 18 }, // U+1EB8
    { 0x1EB9, 39 }, // U+1EB9
    { 0x1EBA, 18 }, // U+1EBA
    { 0x1EBB, 39 }, // U+1EBB
    { 0x1EBC, 18 }, // U+1EBC
    { 0x1EBD, 39 }, // U+1EBD
    { 0x1EBE, 18 }, // U+1EBE
    { 0x1EC0, 18 }, // U+1EC0
    { 0x1EC2, 18 }, // U+1EC2
    { 0x1EC4, 18 }, // U+1EC4
    { 0x1EC6, 18 }, // U+1EC6
    { 0x1EC7, 39 }, // U+1EC7
    { 0x1EC8, 21 }, // U+1EC8
    { 0x1ECA, 21 }, // U+1ECA
    { 0x1ECC, 17 }, // U+1ECC
    { 0x1ECD, 37 }, // U+1ECD
    { 0x1ECE, 17 }, // U+1ECE
    { 0x1ECF, 37 }, // U+1ECF
    { 0x1ED0, 17 }, // U+1ED0
    { 0x1ED2, 17 }, // U+1ED2
    { 0x1ED4, 17 }, // U+1ED4
    { 0x1ED6, 17 }, // U+1ED6
    { 0x1ED7, 37 }, // U+1ED7
    { 0x1ED8, 17 }, // U+1ED8
    { 0x1ED9, 37 }, // U+1ED9
    { 0x1EDA, 58 }, // U+1EDA
    { 0x1EDB, 59 }, // U+1EDB
    { 0x1EDC, 58 }, // U+1EDC
    { 0x1EDD, 59 }, // U+1EDD
    { 0x1EDE, 58 }, // U+1EDE
    { 0x1EDF, 59 }, // U+1EDF
    { 0x1EE0, 58 }, // U+1EE0
    { 0x1EE1, 59 }, // U+1EE1
    { 0x1EE2, 58 }, // U+1EE2
    { 0x1EE3, 59 }, // U+1EE3
    { 0x1EE8, 60 }, // U+1EE8
    { 0x1EE9, 61 }, // U+1EE9
    { 0x1EEA, 60 }, // U+1EEA
    { 0x1EEB, 61 }, // U+1EEB
    { 0x1EEC, 60 }, // U+1EEC
    { 0x1EED, 61 }, // U+1EED
    { 0x1EEE, 60 }, // U+1EEE
    { 0x1EEF, 61 }, // U+1EEF
    { 0x1EF0, 60 }, // U+1EF0
    { 0x1EF1, 61 }, // U+1EF1
    { 0x1EF2, 34 }, // U+1EF2
    { 0x1EF3, 51 }, // U+1EF3
    { 0x1EF4, 34 }, // U+1EF4
    { 0x1EF5, 51 }, // U+1EF5
    { 0x1EF6, 34 }, // U+1EF6
    { 0x1EF7, 51 }, // U+1EF7
    { 0x1EF8, 34 }, // U+1EF8
    { 0x1EF9, 51 }, // U+1EF9
    { 0x2013, 3 }, // U+2013
    { 0x2014, 3 }, // U+2014
    { 0x2019, 62 }, // U+2019
    { 0x201A, 2 }, // U+201A
    { 0x201D, 62 }, // U+201D
    { 0x201E, 2 }, // U+201E
    { 0x2026, 2 }, // U+2026
    { 0x20AB, 40 }, // U+20AB
    { 0xFB00, 40 }, // U+FB00
    { 0xFB02, 56 }, // U+FB02
    { 0xFB04, 56 }, // U+FB04
};

static const EpdKernClassEntry lexica_17_italicKernRightClasses[] = {
    { 0x0025, 1 }, // %
    { 0x0029, 2 }, // )
    { 0x002C, 3 }, // ,
    { 0x002D, 4 }, // -
    { 0x002E, 3 }, // .
    { 0x002F, 5 }, // /
    { 0x0030, 6 }, // 0
    { 0x0031, 7 }, // 1
    { 0x0032, 8 }, // 2
    { 0x0034, 9 }, // 4
    { 0x0037, 10 }, // 7
    { 0x0038, 11 }, // 8
    { 0x0039, 12 }, // 9
    { 0x0041, 13 }, // A
    { 0x0043, 14 }, // C
    { 0x0047, 14 }, // G
    { 0x0049, 15 }, // I
    { 0x004A, 16 }, // J
    { 0x004F, 14 }, // O
    { 0x0051, 14 }, // Q
    { 0x0053, 17 }, // S
    { 0x0054, 18 }, // T
    { 0x0055, 19 }, // U
    { 0x0056, 20 }, // V
    { 0x0057, 21 }, // W
    { 0x0058, 22 }, // X
    { 0x0059, 23 }, // Y
    { 0x005A, 24 }, // Z
    { 0x0061, 25 }, // a
    { 0x0063, 26 }, // c
    { 0x0064, 26 }, // d
    { 0x0065, 26 }, // e
    { 0x0066, 27 }, // f
    { 0x0067, 28 }, // g
    { 0x0068, 29 }, // h
    { 0x0069, 30 }, // i
    { 0x006A, 31 }, // j
    { 0x006B, 29 }, // k
    { 0x006C, 32 }, // l
    { 0x006D, 33 }, // m
    { 0x006E, 33 }, // n
    { 0x006F, 26 }, // o
    { 0x0070, 34 }, // p
    { 0x0071, 26 }, // q
    { 0x0072, 33 }, // r
    { 0x0073, 35 }, // s
    { 0x0074, 36 }, // t
    { 0x0075, 37 }, // u
    { 0x0076, 38 }, // v
    { 0x0077, 39 }, // w
    { 0x0078, 40 }, // x
    { 0x0079, 38 }, // y
    { 0x007A, 41 }, // z
    { 0x00B0, 42 }, // U+00B0
    { 0x00C0, 13 }, // U+00C0
    { 0x00C1, 13 }, // U+00C1
    { 0x00C2, 13 }, // U+00C2
    { 0x00C3, 13 }, // U+00C3
    { 0x00C4, 13 }, // U+00C4
    { 0x00C5, 13 }, // U+00C5
    { 0x00C6, 43 }, // U+00C6
    { 0x00C7, 14 }, // U+00C7
    { 0x00CC, 15 }, // U+00CC
    { 0x00CD, 15 }, // U+00CD
    { 0x00CE, 15 }, // U+00CE
    { 0x00CF, 15 }, // U+00CF
    { 0x00D2, 14 }, // U+00D2
    { 0x00D3, 14 }, // U+00D3
    { 0x00D4, 14 }, // U+00D4
    { 0x00D5, 14 }, // U+00D5
    { 0x00D6, 14 }, // U+00D6
    { 0x00D8, 14 }, // U+00D8
    { 0x00D9, 19 }, // U+00D9
    { 0x00DA, 19 }, // U+00DA
    { 0x00DB, 19 }, // U+00DB
    { 0x00DC, 19 }, // U+00DC
    { 0x00DD, 44 }, // U+00DD
    { 0x00E0, 25 }, // U+00E0
    { 0x00E1, 25 }, // U+00E1
    { 0x00E2, 25 }, // U+00E2
    { 0x00E3, 25 }, // U+00E3
    { 0x00E4, 25 }, // U+00E4
    { 0x00E5, 25 }, // U+00E5
    { 0x00E6, 25 }, // U+00E6
    { 0x00E7, 26 }, // U+00E7
    { 0x00E8, 26 }, // U+00E8
    { 0x00E9, 26 }, // U+00E9
    { 0x00EA, 26 }, // U+00EA
    { 0x00EB, 26 }, // U+00EB
    { 0x00EC, 30 }, // U+00EC
    { 0x00ED, 30 }, // U+00ED
    { 0x00EE, 30 }, // U+00EE
    { 0x00EF, 30 }, // U+00EF
    { 0x00F0, 26 }, // U+00F0
    { 0x00F1, 33 }, // U+00F1
    { 0x00F2, 26 }, // U+00F2
    { 0x00F3, 26 }, // U+00F3
    { 0x00F4, 26 }, // U+00F4
    { 0x00F5, 26 }, // U+00F5
    { 0x00F6, 26 }, // U+00F6
    { 0x00F8, 26 }, // U+00F8
    { 0x00F9, 37 }, // U+00F9
    { 0x00FA, 37 }, // U+00FA
    { 0x00FB, 37 }, // U+00FB
    { 0x00FC, 37 }, // U+00FC
    { 0x00FD, 38 }, // U+00FD
    { 0x00FF, 38 }, // U+00FF
    { 0x0100, 13 }, // U+0100
    { 0x0101, 25 }, // U+0101
    { 0x0102, 13 }, // U+0102
    { 0x0103, 25 }, // U+0103
    { 0x0104, 13 }, // U+0104
    { 0x0105, 25 }, // U+0105
    { 0x0106, 14 }, // U+0106
    { 0x0107, 26 }, // U+0107
    { 0x0108, 14 }, // U+0108
    { 0x0109, 26 }, // U+0109
    { 0x010A, 14 }, // U+010A
    { 0x010B, 26 }, // U+010B
    { 0x010C, 14 }, // U+010C
    { 0x010D, 26 }, // U+010D
    { 0x010F, 26 }, // U+010F
    { 0x0111, 26 }, // U+0111
    { 0x0113, 26 }, // U+0113
    { 0x0115, 26 }, // U+0115
    { 0x0117, 26 }, // U+0117
    { 0x0119, 26 }, // U+0119
    { 0x011B, 26 }, // U+011B
    { 0x011C, 14 }, // U+011C
    { 0x011D, 28 }, // U+011D
    { 0x011E, 14 }, // U+011E
    { 0x011F, 28 }, // U+011F
    { 0x0120, 14 }, // U+0120
    { 0x0121, 28 }, // U+0121
    { 0x0122, 14 }, // U+0122
    { 0x0123, 28 }, // U+0123
    { 0x0125, 29 }, // U+0125
    { 0x0127, 29 }, // U+0127
    { 0x0128, 15 }, // U+0128
    { 0x0129, 30 }, // U+0129
    { 0x012A, 15 }, // U+012A
    { 0x012B, 30 }, // U+012B
    { 0x012C, 15 }, // U+012C
    { 0x012D, 30 }, // U+012D
    { 0x012E, 15 }, // U+012E
    { 0x012F, 30 }, // U+012F
    { 0x0130, 15 }, // U+0130
    { 0x0131, 30 }, // U+0131
    { 0x0132, 15 }, // U+0132
    { 0x0133, 30 }, // U+0133
    { 0x0134, 16 }, // U+0134
    { 0x0135, 31 }, // U+0135
    { 0x0137, 29 }, // U+0137
    { 0x0138, 29 }, // U+0138
    { 0x013A, 32 }, // U+013A
    { 0x013C, 32 }, // U+013C
    { 0x013E, 32 }, // U+013E
    { 0x0140, 32 }, // U+0140
    { 0x0142, 32 }, // U+0142
    { 0x0144, 33 }, // U+0144
    { 0x0146, 33 }, // U+0146
    { 0x0148, 33 }, // U+0148
    { 0x014C, 14 }, // U+014C
    { 0x014D, 26 }, // U+014D
    { 0x014E, 14 }, // U+014E
    { 0x014F, 26 }, // U+014F
    { 0x0150, 14 }, // U+0150
    { 0x0151, 26 }, // U+0151
    { 0x0152, 14 }, // U+0152
    { 0x0153, 26 }, // U+0153
    { 0x0155, 33 }, // U+0155
    { 0x0157, 33 }, // U+0157
    { 0x0159, 33 }, // U+0159
    { 0x015A, 17 }, // U+015A
    { 0x015B, 35 }, // U+015B
    { 0x015C, 17 }, // U+015C
    { 0x015D, 35 }, // U+015D
    { 0x015E, 17 }, // U+015E
    { 0x015F, 35 }, // U+015F
    { 0x0160, 17 }, // U+0160
    { 0x0161, 35 }, // U+0161
    { 0x0162, 45 }, // U+0162
    { 0x0163, 36 }, // U+0163
    { 0x0164, 45 }, // U+0164
    { 0x0165, 36 }, // U+0165
    { 0x0166, 45 }, // U+0166
    { 0x0167, 36 }, // U+0167
    { 0x0168, 19 }, // U+0168
    { 0x0169, 37 }, // U+0169
    { 0x016A, 19 }, // U+016A
    { 0x016B, 37 }, // U+016B
    { 0x016C, 19 }, // U+016C
    { 0x016D, 37 }, // U+016D
    { 0x016E, 19 }, // U+016E
    { 0x016F, 37 }, // U+016F
    { 0x0170, 19 }, // U+0170
    { 0x0171, 37 }, // U+0171
    { 0x0172, 19 }, // U+0172
    { 0x0173, 37 }, // U+0173
    { 0x0176, 44 }, // U+0176
    { 0x0177, 38 }, // U+0177
    { 0x0178, 44 }, // U+0178
    { 0x0179, 24 }, // U+0179
    { 0x017A, 41 }, // U+017A
    { 0x017B, 24 }, // U+017B
    { 0x017C, 41 }, // U+017C
    { 0x017D, 24 }, // U+017D
    { 0x017E, 41 }, // U+017E
    { 0x017F, 27 }, // U+017F
    { 0x01A0, 14 }, // U+01A0
    { 0x01A1, 26 }, // U+01A1
    { 0x01C6, 26 }, // U+01C6
    { 0x01C9, 32 }, // U+01C9
    { 0x01CC, 33 }, // U+01CC
    { 0x01CD, 13 }, // U+01CD
    { 0x01CE, 25 }, // U+01CE
    { 0x01D3, 19 }, // U+01D3
    { 0x01D4, 37 }, // U+01D4
    { 0x01E6, 14 }, // U+01E6
    { 0x01E7, 28 }, // U+01E7
    { 0x01EA, 14 }, // U+01EA
    { 0x01EB, 26 }, // U+01EB
    { 0x01F3, 26 }, // U+01F3
    { 0x01FA, 13 }, // U+01FA
    { 0x01FB, 25 }, // U+01FB
    { 0x01FC, 43 }, // U+01FC
    { 0x01FD, 25 }, // U+01FD
    { 0x01FE, 14 }, // U+01FE
    { 0x01FF, 26 }, // U+01FF
    { 0x0218, 17 }, // U+0218
    { 0x0219, 35 }, // U+0219
    { 0x021A, 45 }, // U+021A
    { 0x021B, 36 }, // U+021B
    { 0x021F, 29 }, // U+021F
    { 0x1EA0, 13 }, // U+1EA0
    { 0x1EA1, 25 }, // U+1EA1
    { 0x1EA2, 13 }, // U+1EA2
    { 0x1EA3, 25 }, // U+1EA3
    { 0x1EA4, 13 }, // U+1EA4
    { 0x1EA5, 25 }, // U+1EA5
    { 0x1EA6, 13 }, // U+1EA6
    { 0x1EA7, 25 }, // U+1EA7
    { 0x1EA8, 13 }, // U+1EA8
    { 0x1EA9, 25 }, // U+1EA9
    { 0x1EAA, 13 }, // U+1EAA
    { 0x1EAB, 25 }, // U+1EAB
    { 0x1EAC, 13 }, // U+1EAC
    { 0x1EAD, 25 }, // U+1EAD
    { 0x1EAE, 13 }, // U+1EAE
    { 0x1EAF, 25 }, // U+1EAF
    { 0x1EB0, 13 }, // U+1EB0
    { 0x1EB1, 25 }, // U+1EB1
    { 0x1EB2, 13 }, // U+1EB2
    { 0x1EB3, 25 }, // U+1EB3
    { 0x1EB4, 13 }, // U+1EB4
    { 0x1EB5, 25 }, // U+1EB5
    { 0x1EB6, 13 }, // U+1EB6
    { 0x1EB7, 25 }, // U+1EB7
    { 0x1EB9, 26 }, // U+1EB9
    { 0x1EBB, 26 }, // U+1EBB
    { 0x1EBD, 26 }, // U+1EBD
    { 0x1EBF, 26 }, // U+1EBF
    { 0x1EC1, 26 }, // U+1EC1
    { 0x1EC3, 26 }, // U+1EC3
    { 0x1EC5, 26 }, // U+1EC5
    { 0x1EC7, 26 }, // U+1EC7
    { 0x1EC8, 15 }, // U+1EC8
    { 0x1EC9, 30 }, // U+1EC9
    { 0x1ECA, 15 }, // U+1ECA
    { 0x1ECB, 30 }, // U+1ECB
    { 0x1ECC, 14 }, // U+1ECC
    { 0x1ECD, 26 }, // U+1ECD
    { 0x1ECE, 14 }, // U+1ECE
    { 0x1ECF, 26 }, // U+1ECF
    { 0x1ED0, 14 }, // U+1ED0
    { 0x1ED1, 26 }, // U+1ED1
    { 0x1ED2, 14 }, // U+1ED2
    { 0x1ED3, 26 }, // U+1ED3
    { 0x1ED4, 14 }, // U+1ED4
    { 0x1ED5, 26 }, // U+1ED5
    { 0x1ED6, 14 }, // U+1ED6
    { 0x1ED7, 26 }, // U+1ED7
    { 0x1ED8, 14 }, // U+1ED8
    { 0x1ED9, 26 }, // U+1ED9
    { 0x1EDA, 14 }, // U+1EDA
    { 0x1EDB, 26 }, // U+1EDB
    { 0x1EDC, 14 }, // U+1EDC
    { 0x1EDD, 26 }, // U+1EDD
    { 0x1EDE, 14 }, // U+1EDE
    { 0x1EDF, 26 }, // U+1EDF
    { 0x1EE0, 14 }, // U+1EE0
    { 0x1EE1, 26 }, // U+1EE1
    { 0x1EE2, 14 }, // U+1EE2
    { 0x1EE3, 26 }, // U+1EE3
    { 0x1EE4, 19 }, // U+1EE4
    { 0x1EE5, 37 }, // U+1EE5
    { 0x1EE6, 19 }, // U+1EE6
    { 0x1EE7, 37 }, // U+1EE7
    { 0x1EE8, 19 }, // U+1EE8
    { 0x1EE9, 37 }, // U+1EE9
    { 0x1EEA, 19 }, // U+1EEA
    { 0x1EEB, 37 }, // U+1EEB
    { 0x1EEC, 19 }, // U+1EEC
    { 0x1EED, 37 }, // U+1EED
    { 0x1EEE, 19 }, // U+1EEE
    { 0x1EEF, 37 }, // U+1EEF
    { 0x1EF0, 19 }, // U+1EF0
    { 0x1EF1, 37 }, // U+1EF1
    { 0x1EF2, 44 }, // U+1EF2
    { 0x1EF3, 38 }, // U+1EF3
    { 0x1EF4, 44 }, // U+1EF4
    { 0x1EF5, 38 }, // U+1EF5
    { 0x1EF6, 44 }, // U+1EF6
    { 0x1EF7, 38 }, // U+1EF7
    { 0x1EF8, 44 }, // U+1EF8
    { 0x1EF9, 38 }, // U+1EF9
    { 0x2013, 4 }, // U+2013
    { 0x2014, 4 }, // U+2014
    { 0x2019, 46 }, // U+2019
    { 0x201A, 3 }, // U+201A
    { 0x201D, 46 }, // U+201D
    { 0x201E, 3 }, // U+201E
    { 0x2026, 3 }, // U+2026
    { 0x2030, 1 }, // U+2030
    { 0x20AB, 26 }, // U+20AB
    { 0x2202, 26 }, // U+2202
    { 0xFB00, 27 }, // U+FB00
    { 0xFB01, 27 }, // U+FB01
    { 0xFB02, 27 }, // U+FB02
    { 0xFB03, 27 }, // U+FB03
    { 0xFB04, 27 }, // U+FB04
};

static const int8_t lexica_17_italicKernMatrix[] = {
       0,    0,    0,    0,    0,    0,    0,    0,    0,   18,    0,    0,    0,    0,    0,    0,    0,    0,    0,    0,    0,    0,    0,    0,    0,    0,    0,    0,    0,    0,    0,    0,    0,    0,    0,    0,    0,    0,    0,    0,    0,    0,    0,    0,    0,    0,
       0,    0,    0,    0,    0,    0,    0,    0,    0,    0,    0,    0,    0,    0,    0,    0,    0,    0,    0,    0,    0,    0,    0,    0,    0,    0,    0,  -12,    0,    0,    0,    0,    0,    0,    0,    0,    0,    0,    0,    0,    0,    0,    0,    0,    0,    0,
       0,    0,    0,    0,    0,    0,  -27,  -18,   18,  -31,    0,    0,    0,    0,    0,    0,    0,    0,    0,    0,    0,    0,    0,    0,    0,    0,    0,    0,    0,    0,    0,    0,    0,    0,    0,    0,    0,    0,    0,    0,    0,    0,    0,    0,    0,    0,
       0,    0,    0,    0,  -44,    0,    0,    0,    0,    0,    0,    0,    0,    0,    0,    0,    0,    0,    0,    0,    0,    0,    0,    0,    0,    0,    0,    0,    0,    0,    0,    0,    0,    0,    0,    0,    0,    0,    0,    0,    0,    0,    0,    0,    0,    0,
       0,    0,    0,    0,    0,    0,    0,  -11,    0,    0,    0,    0,    0,    0,    0,    0,    0,    0,    0,    0,    0,    0,    0,    0,    0,    0,    0,    0,    0,    0,    0,    0,    0,    0,    0,    0,    0,    0,    0,    0,    0,    0,    0,    0,    0,    0,
       0,    9,    0,    0,    0,    0,    0,    0,    0,    0,    0,    0,    0,    0,    0,    0,    0,    0,    0,    0,    0,    0,    0,    0,    0,    0,    0,    0,    0,    0,    0,    0,    0,    0,    0,    0,    0,    0,    0,    0,    0,    0,    0,    0,    0,    0,
       0,    0,    0,    0,    0,    0,    0,    0,   -5,    0,    0,    0,    0,    0,    0,    0,    0,    0,    0,    0,    0,    0,    0,    0,    0,    0,    0,    0,    0,    0,    0,    0,    0,    0,    0,    0,    0,    0,    0,    0,    0,    0,    0,    0,    0,    0,
     -27,    0,    0,    0,    0,    0,    0,    0,    0,    0,    0,  -12,    0,    0,    0,    0,    0,    0,    0,    0,    0,    0,    0,    0,    0,    0,    0,    0,    0,    0,    0,    0,    0,    0,    0,    0,    0,    0,    0,    0,    0,  -43,    0,    0,    0,    0,
       0,    0,    0,    0,    0,    0,    0,    0,    0,    0,    0,   -9,    0,    0,    0,    0,    0,    0,    0,    0,    0,    0,    0,    0,    0,    0,    0,    0,    0,    0,    0,    0,    0,    0,    0,    0,    0,    0,    0,    0,    0,    0,    0,    0,    0,    0,
     -18,    0,    0,    0,    0,    0,  -13,  -11,    0,    0,    0,    0,    0,    0,    0,    0,    0,    0,    0,    0,    0,    0,    0,    0,    0,    0,    0,    0,    0,    0,    0,    0,    0,    0,    0,    0,    0,    0,    0,    0,    0,    0,    0,    0,    0,    0,
      18,    0,    0,  -31,    0,    0,   16,    0,  -27,   20,  -27,    0,    0,    0,    0,    0,    0,    0,    0,    0,    0,    0,    0,    0,    0,    0,    0,    0,    0,    0,    0,    0,    0,    0,    0,    0,    0,    0,    0,    0,    0,    0,    0,    0,    0,    0,
     -33,    0,    0,    0,    0,  -23,  -16,    0,    0,  -11,    0,  -28,    0,    0,    0,    0,    0,    0,    0,    0,    0,    0,    0,    0,    0,    0,    0,    0,    0,    0,    0,    0,    0,    0,    0,    0,    0,    0,    0,    0,    0,  -16,    0,    0,    0,    0,
       0,    0,    0,    0,    0,    0,    0,    0,  -13,  -11,  -13,    0,    0,    0,    0,    0,    0,    0,    0,    0,    0,    0,    0,    0,    0,    0,    0,    0,    0,    0,    0,    0,    0,    0,    0,    0,    0,    0,    0,    0,    0,    0,    0,    0,    0,    0,
       0,    0,    0,    0,    0,    0,    0,    0,    0,    0,    0,    0,   11,  -21,    0,    0,    0,  -37,  -16,  -38,  -27,    0,  -37,    0,    0,    0,    0,    0,    0,    0,    0,  -12,    0,    0,    0,  -15,  -14,  -23,  -25,   11,    0,    0,    0,  -37,  -37,    0,
       0,    0,    0,    0,    0,    0,    0,    0,    0,    0,    0,    0,  -11,    0,    0,    0,    0,    0,    0,  -11,    0,  -11,  -16,    0,   -8,    0,    0,    0,    0,    0,    0,    0,    0,    0,    0,    0,    0,    0,    0,    0,    0,    0,  -24,  -16,    0,    0,
       0,    0,    0,    0,    0,    0,    0,    0,    0,    0,    0,    0,    0,  -11,    0,    0,    0,    0,    0,    0,    0,    0,  -13,    0,    0,    0,    0,    0,    0,    0,    0,    0,    0,    0,    0,    0,    0,    0,    0,    0,    0,    0,  -24,  -13,    0,    0,
       0,    0,    0,    0,    0,    0,    0,    0,    0,    0,    0,    0,  -22,    0,  -16,    0,    0,  -22,    0,  -16,  -11,  -11,  -27,  -11,  -16,    0,    0,    0,    0,    0,    0,    0,    0,    0,    0,    0,    0,    0,    0,    0,  -11,    0,  -40,  -27,  -22,    0,
       0,    0,    0,    0,    0,    0,    0,    0,    0,    0,    0,    0,    0,  -11,    0,    0,    0,    0,    0,   10,   10,    0,    0,    0,    0,    0,    0,    0,    0,    0,    0,    0,    0,    0,    0,    0,    0,    0,    0,    0,    0,    0,    0,    0,    0,    0,
       0,    0,    0,    0,    0,    0,    0,    0,    0,    0,    0,    0,  -22,    0,    0,  -18,    0,   13,    0,    0,    0,    0,    0,    0,  -12,    0,    0,    0,    0,    0,    0,    0,    0,    0,    0,    0,    0,    0,    0,    0,    0,    0,  -65,    0,   13,    0,
       0,    0,    0,    0,    0,    0,    0,    0,    0,    0,    0,    0,    0,    0,    0,    0,    0,  -11,    0,  -16,    0,    0,  -27,    0,    0,    0,    0,    0,    0,    0,    0,    0,    0,    0,    0,    0,    0,    0,    0,    0,    0,    0,    0,  -27,  -11,    0,
       0,    0,    0,    0,    0,    0,    0,    0,    0,    0,    0,    0,    0,  -16,    0,    0,    0,    0,    0,    0,    0,    0,    0,    0,    0,    0,  -12,    0,    0,    0,    0,    0,    0,    0,    0,  -16,    0,    0,    0,    0,    0,    0,  -15,    0,    0,    0,
       0,    0,    0,    0,    0,    0,    0,    0,    0,    0,    0,    0,  -16,    0,    0,    0,    0,    0,    0,    0,    0,    0,    0,    0,    0,    0,    0,    0,    0,    0,    0,    0,    0,    0,    0,    0,    0,    0,    0,    0,    0,    0,    0,    0,    0,    0,
       0,    0,    0,    0,    0,    0,    0,    0,    0,    0,    0,    0,    0,  -27,    0,    0,    0,    0,    0,    0,    0,    0,    0,    0,    0,  -11,    0,    0,    0,    0,    0,    0,    0,    0,    0,    0,  -24,  -28,  -28,    0,    0,    0,    0,    0,    0,    0,
       0,    0,    0,    0,    0,    0,    0,    0,    0,    0,    0,    0,   16,  -21,    0,   16,    0,  -59,  -12,  -37,  -22,   16,  -48,    0,    0,    0,    0,    0,    0,  -11,    0,    0,    0,    0,    0,    0,    0,  -22,  -27,   16,    0,    0,    0,  -48,  -59,    0,
       0,    0,    0,    0,    0,    0,    0,    0,    0,    0,    0,    0,  -46,    0,    0,  -38,    0,    0,    0,    0,    0,  -16,  -11,  -11,  -16,    0,    0,    0,    0,    0,    0,    0,    0,    0,  -11,    0,    0,    0,    0,    0,    0,    0,  -83,  -11,    0,    0,
       0,    0,    0,    0,    0,    0,    0,    0,    0,    0,    0,    0,   16,    0,    0,    0,    0,    0,   -3,    0,    0,   11,  -22,    0,    0,    0,    0,    0,    0,    0,    0,    0,    0,    0,    0,    0,    0,    0,    0,   11,   11,    0,    0,  -22,    0,    0,
       0,    0,    0,    0,    0,    0,    0,    0,    0,    0,    0,    0,   10,  -12,    0,    0,    0,    0,    0,    0,    0,    0,   -9,    0,    0,    0,    0,  -11,    0,    0,    0,    0,    0,    0,    0,    0,  -11,    0,    0,    0,    0,    0,    0,   -9,    0,    0,
       0,    0,    0,    0,    0,    0,    0,    0,    0,    0,    0,    0,    0,    0,    0,    0,    0,    0,    0,    0,  -11,    0,   -8,    0,    0,    0,    0,    0,    0,    0,    0,    0,    0,    0,    0,    0,    0,    0,    0,    0,    0,    0,  -15,   -8,    0,    0,
       0,    0,    0,    0,    0,    0,    0,    0,    0,    0,    0,    0,  -37,  -22,    0,  -59,    0,   12,    0,   22,   16,    0,   11,    0,  -48,  -49,   11,  -44,    0,    0,    0,    0,  -37,  -37,  -33,    0,  -38,   -6,  -11,   -6,  -17,    0,  -71,   11,   12,    0,
       0,    0,    0,    0,    0,    0,    0,    0,    0,    0,    0,    0,  -16,    0,    0,    0,    0,    0,    0,    0,    0,    0,    0,    0,    0,    0,    0,    0,    0,    0,    0,    0,    0,    0,    0,    0,    0,    0,    0,    0,    0,    0,  -50,    0,    0,    0,
       0,    0,    0,    0,    0,    0,    0,    0,    0,    0,    0,    0,  -38,  -16,    0,  -22,    0,   22,    0,   11,   11,    0,   11,    0,  -22,  -27,    0,  -20,    0,    0,    0,    0,  -11,  -11,  -11,    0,    0,    0,    0,    0,    0,    0,  -53,   11,   22,    0,
       0,    0,    0,    0,    0,    0,    0,    0,    0,    0,    0,    0,  -27,  -11,    0,  -16,    0,   16,    0,   11,   11,    0,    0,    0,  -16,  -13,    0,  -16,    0,    0,    0,    0,    0,    0,    0,    0,    0,    0,    0,    0,    0,    0,  -50,    0,   16,    0,
       0,    0,    0,    0,    0,    0,    0,    0,    0,    0,    0,    0,    0,  -16,    0,    0,    0,    0,    0,    0,    0,    0,    0,    0,  -11,  -11,    0,  -11,    0,    0,    0,    0,    0,    0,    0,    0,  -16,  -11,    0,    0,    0,    0,    0,    0,    0,    0,
       0,    0,    0,    0,    0,    0,    0,    0,    0,    0,    0,    0,  -37,  -27,    0,  -32,    0,   11,    0,   11,    0,    0,    0,    0,  -43,  -49,    0,  -48,    0,    0,    0,    0,  -25,  -25,  -32,    0,  -22,    0,    0,  -11,  -11,    0,  -92,    0,   11,    0,
       0,    0,    0,    0,    0,    0,    0,    0,    0,    0,    0,    0,    0,  -16,    0,    0,    0,    0,    0,    0,    0,    0,    0,    0,    0,    0,    0,  -16,    0,    0,    0,    0,    0,    0,    0,  -16,    0,    0,    0,    0,    0,    0,    0,    0,    0,    0,
       0,    0,    0,    0,    0,    0,    0,    0,    0,    0,    0,    0,    0,    0,    0,    0,    0,  -48,    0,    0,    0,    0,  -32,    0,    0,    0,    0,    0,    0,    0,    0,    0,    0,    0,    0,    0,    0,    0,    0,    0,    0,    0,    0,    0,    0,    0,
       0,    0,    0,    0,    0,    0,    0,    0,    0,    0,    0,    0,    0,    0,    0,    0,    0,  -49,    0,  -27,  -13,  -11,  -49,    0,    0,    0,    0,    0,    0,    0,    0,    0,    0,    0,    0,    0,    0,    0,    0,    0,    0,    0,  -23,  -49,  -49,    0,
       0,    0,    0,    0,    0,    0,    0,    0,    0,    0,    0,    0,    0,    0,    0,    0,    0,  -27,    0,    0,  -16,    0,  -43,    0,    0,    0,    0,    0,    0,    0,    0,    0,    0,    0,    0,    0,    0,    0,    0,    0,    0,    0,   -7,  -43,  -27,    0,
       0,    0,    0,    0,    0,    0,    0,    0,    0,    0,    0,    0,    0,    0,    0,    0,    0,  -37,    0,  -22,  -16,  -11,  -43,    0,    0,    0,    0,    0,    0,    0,    0,    0,    0,    0,    0,    0,    0,    0,    0,    0,    0,    0,  -18,  -43,  -37,    0,
       0,    0,    0,    0,    0,    0,    0,    0,    0,    0,    0,    0,    0,    0,    0,    0,    0,   16,    0,    0,   11,    0,    0,    0,  -18,  -12,    0,    0,    0,    0,    0,    0,    0,    0,    0,    0,    0,    0,    0,    0,    0,    0,  -46,    0,   16,    0,
       0,    0,    0,    0,    0,    0,    0,    0,    0,    0,    0,    0,    0,    0,    0,    0,    0,  -37,    0,    0,    0,    0,  -27,    0,    0,    0,    0,    0,    0,    0,    0,    0,    0,    0,    0,    0,    0,    0,    0,    0,    0,    0,    0,  -27,  -37,    0,
       0,    0,    0,    0,    0,    0,    0,    0,    0,    0,    0,    0,    0,    0,    0,    0,    0,  -45,    0,  -12,  -16,    0,  -37,    0,    0,   -6,    0,   -8,    0,    0,    0,    0,    0,    0,    0,   -7,    0,    0,    0,    0,    0,    0,  -11,  -37,  -45,    0,
       0,    0,    0,    0,    0,    0,    0,    0,    0,    0,    0,    0,    0,    0,    0,    0,    0,    0,    0,    0,    0,    0,    0,    0,    0,    0,    0,    0,    0,    0,   14,    0,    0,    0,    0,    0,    0,    0,    0,    0,    0,    0,    0,    0,    0,    0,
       0,    0,    0,    0,    0,    0,    0,    0,    0,    0,    0,    0,   16,  -11,    0,    0,    0,    0,    0,    0,    0,    0,    0,    0,    0,   -8,    0,    0,    0,    0,    0,    0,    0,    0,    0,   -7,    0,    0,    0,    0,    0,    0,    0,    0,    0,    0,
       0,    0,   19,    0,    0,    0,    0,    0,    0,    0,    0,    0,    0,    0,    0,    0,    0,    0,    0,    0,    0,   11,    0,    0,    0,    0,    0,    0,    0,  -11,    0,    0,    0,   12,    0,    0,    0,    7,    0,    0,    0,    0,    7,    0,    0,    0,
       0,    0,    0,    0,    0,    0,    0,    0,    0,    0,    0,    0,    0,    0,    0,    0,    0,  -27,    0,    0,    0,    0,  -16,    0,    0,    0,    0,    0,    0,    0,    0,    0,    0,    0,    0,    0,    0,    0,    0,    0,    0,    0,    0,  -16,  -27,    0,
       0,    0,    0,    0,    0,    0,    0,    0,    0,    0,    0,    0,    0,    0,    0,  -45,    0,   -7,    0,    0,   16,    0,    0,    0,   -8,    0,   11,    0,    0,    0,    0,    0,    0,    0,    0,    9,    0,   15,   14,   12,    0,    0,  -68,    0,   -7,    0,
       0,    0,    0,    0,    0,    0,    0,    0,    0,    0,    0,    0,    0,    0,    0,   12,    0,  -33,    0,  -11,    0,    0,  -32,    0,    0,    0,    0,    0,    0,    0,    0,    0,    0,    0,    0,    0,    0,    0,    0,    0,    0,    0,   -4,  -32,  -33,    0,
       0,    0,    0,    0,    0,    0,    0,    0,    0,    0,    0,    0,   14,    0,    0,    0,    0,    0,    0,    0,    0,    0,  -16,    0,    0,    0,    0,    0,    0,    0,    0,    0,    0,    0,    0,    0,    0,    0,    0,    0,    0,    0,    0,  -16,    0,    0,
       0,    0,    0,    0,    0,    0,    0,    0,    0,    0,    0,    0,    0,    0,    0,    0,    0,  -45,    0,    0,    0,    0,  -22,    0,    0,    0,    0,    0,    0,    0,    0,    0,    0,    0,    0,    0,    0,    0,    0,    0,    0,    0,  -15,  -22,  -45,    0,
       0,    0,    0,    0,    0,    0,    0,    0,    0,    0,    0,    0,  -32,    0,    0,    0,    0,   -6,    0,    0,    0,  -11,    0,  -11,  -11,    0,   12,    0,    0,    0,    0,    0,    0,    0,   12,    0,    0,    6,    6,    0,    0,    0,  -57,    0,   -6,    0,
       0,    0,    0,    0,    0,    0,    0,    0,    0,    0,    0,    0,    0,    0,    0,    0,    0,  -11,    0,    0,    0,    0,    0,    0,    0,    0,    7,    0,    0,    0,    0,    0,    0,    0,    0,    0,    0,    6,    6,    0,    0,    0,  -57,    0,  -11,    0,
       0,    0,    0,    0,    0,    0,    0,    0,    0,    0,    0,    0,   11,    0,    0,    0,    0,   -6,    0,    0,    0,    0,  -11,    0,    0,    0,    0,    0,    0,    0,    0,    0,    0,    0,    0,    0,    0,    0,    0,    0,    0,    0,    0,  -11,   -6,    0,
       0,    0,    0,    0,    0,    0,    0,    0,    0,    0,    0,    0,    0,    0,    0,    0,    0,    0,    0,    0,    0,    0,  -11,    0,    0,    0,    0,    0,    0,    0,    0,    0,    0,    0,    0,    0,    0,    0,    0,    0,    0,    0,    0,  -11,    0,    0,
       0,    0,   19,    0,    0,    0,    0,    0,    0,    0,    0,    0,    0,   15,   23,    0,   17,   57,   23,   53,   53,   45,   51,   31,    0,    0,   28,    0,   23,   11,   23,   23,   17,   17,    0,   23,    0,   38,   30,   30,   23,    0,    7,   51,   57,   30,
       0,    0,   19,    0,    0,    0,    0,    0,    0,    0,    0,    0,    0,    0,    0,    0,    0,    0,    0,    0,    0,   11,    0,    0,    0,    0,    0,    0,    0,  -11,    0,    0,    0,    0,    0,    0,    0,    7,    0,    0,    0,    0,    7,    0,    0,    0,
       0,    0,    0,    0,    0,    0,    0,    0,    0,    0,    0,    0,    0,    0,    0,    0,    0,  -28,    0,    0,    0,    0,    0,    0,    0,    0,    0,    0,    0,    0,    0,    0,    0,    0,    0,    0,    0,    0,    0,    0,    0,    0,    0,    0,    0,    0,
       0,    0,  -38,    0,    0,    0,    0,    0,    0,    0,    0,    0,  -15,    0,    0,    0,    0,   23,    0,   15,   15,    7,    7,    0,    0,    0,    0,    0,    0,    0,    0,    0,    0,    0,    0,    0,    0,    0,    0,    0,    0,    0,  -30,    7,   23,    0,
       0,    0,  -38,    0,    0,    0,    0,    0,    0,    0,    0,    0,  -15,    0,    0,    0,   15,   15,    0,   15,   15,    0,    0,    0,    0,    0,    0,    0,    7,    7,    0,    7,    0,    0,    0,   15,    0,   23,   23,   15,    0,    0,  -23,    0,   15,    0,
       0,    0,  -38,    0,    0,    0,    0,    0,    0,    0,    0,    0,  -30,    0,    0,   -7,    0,   30,    0,   23,   23,    7,   15,    0,  -15,   -7,    0,   -8,    0,    0,    0,    0,    0,    0,    0,    0,   -7,    0,    0,    0,   -7,    0,  -38,   15,   30,    0,
       0,    0,  -23,    0,    0,    0,    0,    0,    0,    0,    0,    0,  -15,    0,    0,  -15,   15,   23,    0,   23,   23,    0,    0,    0,   -7,   -7,   15,   -7,    0,    0,    0,    0,    0,    0,   -7,   15,    0,   23,   23,   23,    0,    0,  -23,    0,   23,    0,
       0,    0,    0,    0,    0,    0,    0,    0,    0,    0,    0,    0,    0,    0,    0,    0,    0,    0,    0,    0,    0,    0,    0,    0,    0,    0,    0,    0,    0,    0,    0,    0,    0,    0,  -16,    0,    0,    0,    0,    0,    0,    0,    0,    0,    0,    0,
};

static const EpdLigaturePair lexica_17_italicLigaturePairs[] = {
    { 0x00660066, 0xFB00 }, // f f -> U+FB00
    { 0x00660069, 0xFB01 }, // f i -> U+FB01
    { 0x0066006C, 0xFB02 }, // f l -> U+FB02
    { 0xFB000069, 0xFB03 }, // U+FB00 i -> U+FB03
    { 0xFB00006C, 0xFB04 }, // U+FB00 l -> U+FB04
};

static const EpdFontData lexica_17_italic = {
    lexica_17_italicBitmaps,
    lexica_17_italicGlyphs,
    lexica_17_italicIntervals,
    43,
    44,
    34,
    -11,
    true,
    lexica_17_italicGroups,
    12,
    nullptr,
    lexica_17_italicKernLeftClasses,
    lexica_17_italicKernRightClasses,
    lexica_17_italicKernMatrix,
    349,
    331,
    62,
    46,
    lexica_17_italicLigaturePairs,
    5,
};
