/**
 * generated by fontconvert.py
 * name: lexica_19_bolditalic
 * size: 19
 * mode: 2-bit  compressed: true
 * Command used: fontconvert.py lexica_19_bolditalic 19 ../builtinFonts/source/lexica-ultralegible/LexicaUltralegible-BoldItalic.ttf --2bit --compress
 */
#pragma once
#include "EpdFontData.h"

static const uint8_t lexica_19_bolditalicBitmaps[25672] = {
    0xA5, 0x5B, 0x3D, 0x93, 0xE4, 0xC6, 0x79, 0x6E, 0x0C, 0x7C, 0x3B, 0x55, 0x9E, 0x00, 0x89, 0x59,
    0x65, 0x73, 0xAB, 0x8C, 0xFC, 0x6C, 0x0B, 0xFF, 0x80, 0x80, 0xA4, 0xC0, 0x81, 0x03, 0x32, 0xB0,
    0x62, 0x33, 0x70, 0x62, 0x25, 0xFB, 0x0B, 0xCE, 0x80, 0xCB, 0xA1, 0x03, 0xEF, 0x4F, 0x60, 0x40,
    0x57, 0xC9, 0x7B, 0xC1, 0xF9, 0x07, 0x50, 0x06, 0x28, 0x05, 0x0E, 0x3D, 0xA2, 0x02, 0x05, 0x0A,
    0x38, 0xB6, 0xD6, 0x55, 0x2A, 0x32, 0x38, 0x98, 0x07, 0xFB, 0xB0, 0x7B, 0x00, 0xDA, 0xEF, 0xF3,
    0x3C, 0xDD, 0x98, 0xD9, 0xBB, 0x39, 0xF1, 0x2C, 0xED, 0xED, 0xA0, 0xE7, 0x66, 0x80, 0xEE, 0xB7,
    0xDF, 0x7E, 0x3F, 0x9E, 0xF7, 0xE9, 0x5E, 0x97, 0xFB, 0xBD, 0x2B, 0xEC, 0x55, 0xFA, 0x2E, 0xBC,
    0x1A, 0x57, 0xFB, 0xCA, 0xB5, 0xDE, 0x39, 0x8F, 0xD7, 0x62, 0xAF, 0x29, 0xBC, 0x06, 0x7B, 0xF5,
    0xF6, 0x3A, 0xD8, 0x6B, 0x6F, 0xAF, 0xCE, 0x5E, 0x8D, 0xC3, 0xCF, 0x66, 0x74, 0x2E, 0xB3, 0xDB,
    0x4B, 0x7B, 0x14, 0x5D, 0xE0, 0x55, 0xD8, 0x7B, 0x7C, 0x86, 0xEF, 0xFC, 0x7F, 0xF8, 0x6E, 0x7D,
    0xFD, 0xCC, 0x77, 0xED, 0x7E, 0x7D, 0x35, 0x6D, 0xE7, 0x9B, 0xBA, 0x43, 0x47, 0x6D, 0xBF, 0x41,
    0x9F, 0xD6, 0xA6, 0x6C, 0xFD, 0x21, 0x65, 0xFF, 0x6B, 0xBB, 0x4F, 0xAD, 0xCF, 0xAD, 0xE7, 0xCF,
    0x7E, 0xA7, 0xB6, 0x8B, 0x6D, 0x76, 0xBE, 0x6D, 0x9C, 0x3D, 0x94, 0xCD, 0xF6, 0xF8, 0xD6, 0x57,
    0xB9, 0x5A, 0x97, 0xDB, 0x74, 0xDC, 0xCE, 0xBB, 0x02, 0xAD, 0x09, 0x59, 0x4E, 0x90, 0x1D, 0x3F,
    0xCB, 0xDA, 0xD6, 0x6C, 0xE7, 0xB5, 0x6D, 0xD9, 0xDA, 0x8D, 0xF6, 0x50, 0x6B, 0x6A, 0xC0, 0x43,
    0x50, 0x85, 0x2B, 0xC7, 0xD0, 0x0E, 0x54, 0x8B, 0xAB, 0x87, 0x84, 0xAD, 0x8D, 0x10, 0x9A, 0x8E,
    0x4D, 0x76, 0xDA, 0x5C, 0xF1, 0x16, 0xC8, 0xEE, 0x34, 0x34, 0x94, 0x6A, 0x3F, 0xA3, 0x89, 0xEB,
    0x5B, 0x1B, 0x3E, 0xF5, 0x87, 0xBF, 0x6D, 0xEF, 0x4C, 0xD8, 0xEE, 0xC7, 0xDF, 0xA9, 0xEC, 0xC6,
    0x4E, 0x22, 0x1F, 0x26, 0xCE, 0x60, 0x41, 0x93, 0x52, 0x1C, 0x3E, 0x77, 0x50, 0x2F, 0x0B, 0xBF,
    0xF4, 0xEC, 0xFB, 0xCA, 0x63, 0xC1, 0x30, 0x04, 0x27, 0xF9, 0x0B, 0x35, 0x9D, 0xCD, 0x24, 0xF9,
    0x2C, 0xEB, 0xEA, 0xC9, 0x15, 0x73, 0xDE, 0x58, 0x53, 0xFB, 0x67, 0x95, 0x7D, 0x57, 0x78, 0xFF,
    0xCC, 0x1E, 0xA0, 0xD6, 0x0E, 0x6E, 0x83, 0xA6, 0x62, 0x27, 0xB6, 0x7C, 0x2E, 0xF1, 0x4B, 0x85,
    0x91, 0x38, 0x5C, 0x6C, 0x92, 0x91, 0xCD, 0x25, 0x06, 0x2D, 0x7B, 0xCA, 0x61, 0xE3, 0xB6, 0x7B,
    0x8A, 0x30, 0xDA, 0x33, 0xB6, 0x66, 0x39, 0x46, 0x4F, 0x35, 0xC7, 0x76, 0x71, 0x5C, 0x87, 0xBA,
    0xC7, 0x0A, 0xE0, 0xE1, 0xB6, 0xB3, 0xAF, 0xF8, 0x28, 0xDF, 0x69, 0xF1, 0xF7, 0xBB, 0x65, 0x83,
    0xA1, 0x5D, 0xBB, 0xB4, 0xD3, 0x16, 0x9D, 0x63, 0x66, 0x43, 0x36, 0xB9, 0xBF, 0x61, 0x7F, 0x87,
    0x62, 0xC8, 0xCD, 0x0C, 0x6D, 0x8C, 0xAA, 0x3E, 0xD4, 0x98, 0x55, 0x7B, 0xEB, 0xFC, 0xE7, 0xD2,
    0xA4, 0x8D, 0x95, 0x72, 0xD1, 0x6D, 0xE2, 0x73, 0xE6, 0x65, 0x47, 0xF9, 0x68, 0x0F, 0xF3, 0x5D,
    0xD9, 0xE7, 0x83, 0x8D, 0xC5, 0x61, 0x8A, 0x9E, 0xEF, 0x4C, 0xCC, 0x62, 0xE0, 0xB7, 0x29, 0xEC,
    0x02, 0x16, 0xE6, 0xEC, 0xF6, 0xCC, 0xB4, 0x61, 0xB7, 0xD9, 0x57, 0x3B, 0x2C, 0xBE, 0x49, 0x7D,
    0x80, 0xBE, 0xA1, 0x51, 0xDA, 0x3D, 0xA6, 0x4A, 0x31, 0x2F, 0xEF, 0xA8, 0x8B, 0x16, 0x2B, 0x60,
    0xE2, 0x51, 0xDE, 0x9A, 0x12, 0x24, 0x5A, 0x88, 0xD4, 0xBF, 0x82, 0xD7, 0x98, 0x09, 0xD7, 0x3D,
    0x8D, 0xAF, 0x3C, 0x6D, 0x2A, 0x7D, 0xD8, 0xE9, 0xCE, 0x5F, 0xA0, 0xEF, 0x4D, 0x98, 0x8A, 0xC6,
    0xBD, 0xF0, 0xBE, 0xDF, 0x2D, 0x58, 0x9E, 0x26, 0x9B, 0xD0, 0x65, 0x57, 0x8C, 0x5C, 0xE2, 0xBA,
    0xCF, 0xFC, 0x17, 0xBE, 0xF7, 0xFB, 0xC2, 0xC3, 0x02, 0x9A, 0x92, 0xA6, 0xEA, 0xAC, 0x29, 0x4C,
    0x29, 0xB5, 0x29, 0xDB, 0x86, 0x35, 0x87, 0xCC, 0x6D, 0x39, 0x4B, 0x7F, 0x6F, 0xDD, 0x40, 0x7B,
    0x58, 0x8F, 0x9D, 0x0C, 0xDA, 0x3A, 0x5B, 0xEC, 0x59, 0x77, 0xE9, 0xAF, 0x33, 0x08, 0xA7, 0x7F,
    0x25, 0xFE, 0x1D, 0xF0, 0x8F, 0x16, 0x0E, 0x8F, 0x4F, 0x4D, 0xB8, 0x9D, 0xCD, 0x28, 0xF7, 0xFA,
    0xA8, 0x1D, 0xD7, 0x8F, 0x4D, 0x72, 0xFB, 0x4A, 0x8E, 0x9E, 0xDB, 0xDC, 0x8B, 0x59, 0xB7, 0xE0,
    0x55, 0x8F, 0xF0, 0x85, 0x37, 0x5F, 0xE5, 0x40, 0x9F, 0xE1, 0x3D, 0x70, 0x40, 0x38, 0x65, 0xB6,
    0x28, 0x80, 0x98, 0x42, 0x1C, 0x16, 0x8D, 0x81, 0x60, 0xC7, 0xFF, 0x34, 0xFC, 0x0F, 0x5D, 0x0A,
    0x66, 0x0E, 0xD7, 0x7B, 0xBD, 0x97, 0xD8, 0x53, 0x7C, 0xC5, 0xCF, 0xF0, 0x3D, 0xA4, 0x68, 0x15,
    0xB9, 0x12, 0x1A, 0xF6, 0x9E, 0x03, 0xA0, 0x6F, 0xCE, 0x67, 0x3E, 0x99, 0x4F, 0xF8, 0x78, 0xD1,
    0x53, 0xF2, 0x56, 0x18, 0x71, 0xE7, 0xFE, 0xAC, 0xE8, 0x5C, 0x6D, 0xE6, 0xE2, 0xFD, 0xF3, 0x06,
    0x4B, 0x61, 0xA6, 0xD0, 0x6D, 0xFD, 0x7D, 0xC5, 0xD8, 0xF9, 0xFC, 0xE0, 0xF2, 0xBF, 0xE8, 0xDD,
    0xA3, 0xD4, 0x86, 0xD9, 0x54, 0xC1, 0x42, 0xDE, 0xE5, 0xCA, 0xD0, 0xD2, 0xBD, 0x79, 0xFD, 0xE1,
    0x8D, 0xFF, 0xEA, 0xA6, 0x79, 0xF7, 0x7E, 0x92, 0x19, 0xEB, 0x93, 0xF9, 0xCE, 0xC2, 0xB9, 0xFD,
    0x66, 0x90, 0xAD, 0x72, 0xDE, 0x6D, 0x26, 0xB7, 0x1D, 0x5D, 0xD6, 0xBB, 0x62, 0xEF, 0xEA, 0xC6,
    0xBD, 0x7F, 0x73, 0xF3, 0x89, 0xB9, 0x52, 0x8F, 0x97, 0x0D, 0x64, 0xCE, 0x63, 0x51, 0xB4, 0x87,
    0xA6, 0x6A, 0x8F, 0x88, 0x6F, 0xBF, 0x35, 0x63, 0xE2, 0xAE, 0xE7, 0xDC, 0xA1, 0x36, 0x85, 0x7C,
    0x27, 0x47, 0xDA, 0xD2, 0xB1, 0x32, 0x5A, 0x27, 0x56, 0x5A, 0x5A, 0x0E, 0xB7, 0x24, 0x0C, 0x42,
    0xBA, 0x71, 0x47, 0x07, 0xCE, 0x97, 0xE3, 0x2D, 0xED, 0xB8, 0xDE, 0xB8, 0x61, 0x78, 0xFA, 0xFF,
    0xF6, 0xE5, 0x8F, 0xB7, 0xD0, 0x64, 0xE9, 0x5F, 0xB4, 0x1A, 0xCF, 0xBC, 0x85, 0xA8, 0xC5, 0x10,
    0xB6, 0x31, 0x0B, 0xF7, 0xE6, 0xC7, 0x36, 0xAB, 0x69, 0x87, 0x78, 0x6E, 0x71, 0xC0, 0x66, 0xB5,
    0xE4, 0xBE, 0x6D, 0xF2, 0xA5, 0x58, 0xCA, 0x2E, 0x5F, 0xCA, 0x39, 0x3F, 0xD8, 0x75, 0xCA, 0x06,
    0x5C, 0xB7, 0x93, 0x7D, 0x3A, 0xA5, 0x73, 0x39, 0x97, 0xE6, 0x61, 0xE5, 0x84, 0xC0, 0xDE, 0x4E,
    0x54, 0xCB, 0x58, 0x22, 0x21, 0xF4, 0xE6, 0x26, 0xE6, 0x4D, 0x19, 0x92, 0x8A, 0xFD, 0x9A, 0x2F,
    0x55, 0x29, 0x73, 0x44, 0xC2, 0x88, 0x8D, 0xD1, 0xE9, 0xB7, 0x9C, 0x63, 0x16, 0x0C, 0xCF, 0x62,
    0xC5, 0x25, 0x9E, 0xF1, 0xBD, 0xB9, 0x9D, 0xF5, 0xE0, 0x0F, 0x76, 0xDB, 0xFE, 0xF1, 0x53, 0xBB,
    0x15, 0x13, 0xC3, 0xFC, 0xE5, 0x39, 0xC1, 0x7B, 0xCE, 0x79, 0x50, 0x74, 0xB6, 0x98, 0x79, 0x8F,
    0x36, 0x8C, 0x90, 0x73, 0xAF, 0x90, 0x43, 0x5D, 0x29, 0x35, 0x41, 0x2A, 0x0F, 0x9D, 0x40, 0x44,
    0x64, 0xE0, 0x1C, 0xEE, 0x03, 0x8F, 0x37, 0xF9, 0xFE, 0x80, 0xDE, 0x4A, 0x8D, 0x32, 0x6B, 0x67,
    0x54, 0x6C, 0xD0, 0xAC, 0xAB, 0xB9, 0x06, 0x89, 0xE6, 0xB0, 0xE5, 0x2A, 0x58, 0x07, 0xBC, 0x51,
    0x41, 0x6D, 0xC7, 0xE0, 0x67, 0x3A, 0xE9, 0xB8, 0x34, 0xB3, 0x6E, 0x38, 0x70, 0x41, 0x97, 0x10,
    0xFC, 0xCC, 0xC0, 0x10, 0xA9, 0x3C, 0x43, 0x0E, 0xC3, 0x5F, 0x68, 0x64, 0xD7, 0x5C, 0xB9, 0x4F,
    0x62, 0x84, 0xCB, 0xD7, 0x6F, 0x7A, 0xAE, 0xDC, 0x68, 0xF3, 0x4A, 0x6C, 0x16, 0x97, 0x06, 0x3F,
    0x64, 0x33, 0x32, 0x88, 0x81, 0x8F, 0xF5, 0x51, 0xCD, 0x35, 0x47, 0x63, 0xE0, 0x47, 0x4E, 0xB6,
    0xEB, 0x33, 0x75, 0x5D, 0x84, 0x94, 0x2A, 0xD3, 0x39, 0xB8, 0x8F, 0x11, 0xA1, 0x2E, 0x47, 0xCC,
    0xDA, 0x52, 0x8F, 0x69, 0x82, 0x51, 0x90, 0xC3, 0x4E, 0xCC, 0x92, 0x3D, 0x3B, 0x68, 0x10, 0x63,
    0x6F, 0x65, 0x57, 0xA5, 0x54, 0x12, 0x53, 0x89, 0x97, 0x9A, 0x42, 0x0E, 0x9A, 0xF5, 0xD5, 0x49,
    0xE6, 0xCD, 0xD4, 0x94, 0x0B, 0xAD, 0xDB, 0x8F, 0x10, 0x75, 0xEB, 0xF7, 0xE8, 0x38, 0xF7, 0xDF,
    0x45, 0x53, 0xCF, 0x1B, 0x93, 0x24, 0x81, 0x55, 0x32, 0x58, 0x62, 0xE5, 0x73, 0xE1, 0x12, 0xE1,
    0x8C, 0x4A, 0x4D, 0x40, 0x19, 0x01, 0x64, 0x9C, 0x2C, 0x8B, 0x7C, 0xC8, 0xCC, 0x57, 0xF2, 0xCD,
    0xEE, 0xC4, 0x0D, 0xEA, 0x20, 0x83, 0x09, 0xA1, 0x49, 0x15, 0x34, 0x47, 0xF4, 0x38, 0xB8, 0xFA,
    0x1E, 0x8B, 0xA1, 0x75, 0xA4, 0x4A, 0x92, 0xB0, 0x70, 0xBF, 0x5C, 0x2A, 0xDA, 0x09, 0x33, 0x9B,
    0x4D, 0x8A, 0x19, 0xBF, 0xA2, 0xC9, 0x74, 0x17, 0x50, 0x4F, 0xE7, 0xFE, 0x10, 0xB3, 0xE0, 0xCD,
    0xFB, 0xD5, 0x5F, 0x71, 0xFD, 0x6B, 0x58, 0xEE, 0x25, 0x94, 0xD7, 0x95, 0xD4, 0x68, 0x41, 0x8D,
    0x4A, 0x04, 0xF5, 0x19, 0x72, 0x5F, 0xD0, 0x68, 0xF4, 0xD3, 0x49, 0x50, 0xA7, 0xA2, 0x6C, 0x9D,
    0xCD, 0xF2, 0xD9, 0x52, 0x99, 0x52, 0x92, 0xEA, 0x81, 0x8F, 0x67, 0xFE, 0x72, 0xA9, 0x38, 0x95,
    0x9E, 0x53, 0x99, 0x64, 0x3D, 0xCA, 0x5E, 0x15, 0x53, 0x59, 0x67, 0x1A, 0xB0, 0xD1, 0x6B, 0x0C,
    0xD7, 0xD5, 0x00, 0x4B, 0x5D, 0x79, 0x7A, 0x45, 0xE2, 0x36, 0xA9, 0x1C, 0x1D, 0xF6, 0xDE, 0x56,
    0x6E, 0xCB, 0x7E, 0x36, 0x82, 0x48, 0x35, 0x31, 0x0D, 0x65, 0xA3, 0xA7, 0xCC, 0xBC, 0x4E, 0x44,
    0x94, 0x13, 0xB3, 0xE2, 0xF8, 0xFB, 0x37, 0x37, 0x37, 0xF4, 0x81, 0x94, 0xAA, 0xDB, 0x71, 0xEE,
    0x19, 0xFD, 0xA0, 0xF4, 0xAB, 0x51, 0x26, 0x34, 0x4A, 0xDD, 0x92, 0x05, 0xE3, 0xC3, 0x0C, 0x6A,
    0x2E, 0x13, 0x8D, 0x62, 0xC3, 0x5B, 0xB6, 0x54, 0xBD, 0x6E, 0x09, 0xCF, 0x2F, 0x7C, 0x7E, 0x7A,
    0x6D, 0x88, 0xFC, 0x64, 0x88, 0x80, 0xA9, 0x1C, 0x65, 0x4E, 0x19, 0x61, 0x32, 0x82, 0x81, 0xC2,
    0x03, 0x97, 0x97, 0x96, 0xFF, 0x01, 0x65, 0xD2, 0xE3, 0x75, 0x30, 0x84, 0x00, 0x33, 0x9C, 0xE8,
    0x55, 0x5A, 0x85, 0x51, 0x20, 0x4E, 0xD9, 0xDE, 0x32, 0xC3, 0xB5, 0x65, 0x06, 0x5B, 0x35, 0xB3,
    0xC7, 0x9A, 0x69, 0xBD, 0x66, 0xD6, 0x6B, 0x01, 0xD4, 0x7A, 0xEA, 0xD3, 0xE2, 0x53, 0x65, 0xC2,
    0x50, 0xDB, 0x0D, 0xAD, 0x82, 0x5A, 0x9A, 0xE8, 0x25, 0x7B, 0xE8, 0xED, 0x8E, 0x61, 0xE7, 0x96,
    0x83, 0xA0, 0x46, 0x00, 0x30, 0xB7, 0x81, 0x30, 0xC2, 0x64, 0x13, 0xA8, 0x2D, 0xAE, 0x9A, 0xA4,
    0xB6, 0x14, 0x3B, 0x6F, 0xB0, 0x26, 0x5C, 0x2C, 0x61, 0x67, 0x8B, 0x0D, 0x56, 0x4C, 0xE5, 0x62,
    0xE1, 0x05, 0x4B, 0x8A, 0xA8, 0xE8, 0xF7, 0x5B, 0x02, 0x35, 0x9A, 0xFB, 0x05, 0x9D, 0x0B, 0x13,
    0xDD, 0x40, 0x27, 0x0C, 0x57, 0x39, 0x34, 0x5A, 0x2E, 0x41, 0x9F, 0xFC, 0x5C, 0x56, 0xF9, 0xA8,
    0x02, 0x76, 0xB2, 0xB9, 0xDA, 0x43, 0xFA, 0xB5, 0xF7, 0xF6, 0xC9, 0xA3, 0xCA, 0xC5, 0x1F, 0xAB,
    0x39, 0x32, 0x18, 0x81, 0x19, 0x8D, 0xF9, 0x99, 0x19, 0x84, 0xD9, 0x37, 0x0B, 0x91, 0xE4, 0xA3,
    0x10, 0xA0, 0x43, 0xB1, 0x52, 0xD3, 0x26, 0x11, 0x2A, 0xF5, 0x39, 0xBE, 0x3F, 0xF7, 0xB3, 0x28,
    0x1B, 0x65, 0xB6, 0x22, 0xF1, 0xB5, 0x0B, 0x48, 0xC2, 0xF2, 0xAC, 0x4B, 0xF0, 0x3D, 0x8C, 0x1C,
    0x9E, 0x0F, 0xE0, 0x24, 0xA8, 0xEF, 0x2E, 0xB8, 0xE2, 0x74, 0x04, 0xFA, 0x01, 0x96, 0xD0, 0xC3,
    0x26, 0x59, 0x5E, 0xA0, 0x84, 0x19, 0x1D, 0xC0, 0xBE, 0x5D, 0xAE, 0x61, 0x1A, 0x15, 0xDE, 0x8D,
    0xBC, 0x6B, 0x8F, 0xE5, 0x93, 0x3B, 0x8C, 0x21, 0xD0, 0x6D, 0x19, 0x19, 0x6A, 0x4F, 0xEB, 0x62,
    0x70, 0x50, 0x9A, 0x66, 0x38, 0x79, 0xF3, 0xFA, 0x43, 0x33, 0xE5, 0x9B, 0xEA, 0x74, 0x16, 0xFA,
    0xE4, 0x6D, 0xF7, 0x5F, 0x87, 0x89, 0xDA, 0x8C, 0x6E, 0x69, 0x7D, 0x15, 0x2E, 0x1A, 0xFC, 0x1A,
    0x83, 0xD3, 0x02, 0x89, 0xC1, 0x20, 0xF2, 0x05, 0x2E, 0x09, 0xCC, 0xB9, 0x90, 0x9F, 0x8D, 0x89,
    0xDD, 0x68, 0x88, 0xC8, 0xEC, 0x8F, 0x99, 0x99, 0x46, 0x43, 0x9B, 0xA1, 0x6D, 0x33, 0x7B, 0x48,
    0x9C, 0x0B, 0xAF, 0x99, 0xFA, 0x51, 0xD5, 0x5C, 0x95, 0x07, 0xF0, 0x73, 0xDF, 0xFA, 0x43, 0x3E,
    0x33, 0x86, 0xFF, 0x4B, 0xF0, 0x1D, 0xB9, 0x07, 0xB3, 0x8E, 0xE6, 0x4F, 0x05, 0xA5, 0x8C, 0x32,
    0x19, 0x3D, 0xB5, 0x64, 0xF7, 0xCA, 0x5F, 0x2B, 0x6E, 0x5B, 0x7F, 0xEA, 0x6A, 0x0D, 0x61, 0xF2,
    0xB7, 0xED, 0xC9, 0x35, 0x3D, 0x01, 0x24, 0xBA, 0x73, 0x0D, 0x5D, 0xCA, 0x0C, 0x3B, 0x05, 0xB5,
    0x62, 0xA4, 0x4B, 0xB6, 0x90, 0xBA, 0xD9, 0xC0, 0x77, 0xF3, 0xC3, 0xB6, 0x77, 0xEF, 0x7D, 0x94,
    0xF6, 0xD9, 0xDE, 0xD6, 0xE9, 0x7B, 0x63, 0x0E, 0x58, 0x58, 0x4D, 0x05, 0x57, 0xEA, 0xC7, 0xE5,
    0xC6, 0x7F, 0xB5, 0xB8, 0x27, 0x1F, 0xA4, 0x8B, 0x41, 0xB3, 0x27, 0x4F, 0xB6, 0xA3, 0x3D, 0xF3,
    0xE4, 0xC9, 0xAE, 0x37, 0x1B, 0xF9, 0xEC, 0x49, 0x36, 0xE6, 0x53, 0x32, 0x7D, 0x00, 0x97, 0xDE,
    0x0E, 0x25, 0x15, 0xD0, 0x17, 0x29, 0x3C, 0xA3, 0xC9, 0xBB, 0xF6, 0x7A, 0x77, 0xE7, 0x32, 0xD5,
    0x8D, 0xDB, 0x41, 0x75, 0x96, 0x62, 0x3F, 0xCA, 0x9C, 0x3F, 0x56, 0xC2, 0x5F, 0x28, 0xB4, 0xF2,
    0xD2, 0x65, 0xC8, 0x5D, 0x89, 0xF2, 0x53, 0xAA, 0x4F, 0xB7, 0x6A, 0x32, 0xE5, 0x92, 0x42, 0x4D,
    0x1D, 0xEB, 0x0A, 0xAC, 0x6C, 0xE2, 0x5F, 0x62, 0x82, 0xA9, 0xFF, 0x95, 0xE6, 0xF9, 0x53, 0xF9,
    0xDC, 0xF7, 0xD1, 0x94, 0x9E, 0xF8, 0x1B, 0xC9, 0x0B, 0x4B, 0x38, 0x0A, 0x74, 0xF4, 0x68, 0xB0,
    0x28, 0xA6, 0xB4, 0xCC, 0x00, 0x6A, 0x2C, 0x28, 0x7A, 0x85, 0xE9, 0x41, 0x86, 0x38, 0x26, 0x4C,
    0x61, 0x23, 0x55, 0x5B, 0x4F, 0x5C, 0xC4, 0x7A, 0x62, 0x04, 0x2C, 0x27, 0x02, 0x8A, 0x72, 0xA6,
    0x09, 0x33, 0x83, 0x78, 0xC0, 0x81, 0x42, 0x39, 0xAF, 0xF4, 0x2B, 0x94, 0xB3, 0x87, 0xEA, 0xE5,
    0xA6, 0xB5, 0x2E, 0x18, 0x99, 0x7A, 0xA0, 0x20, 0x44, 0x00, 0x1B, 0x84, 0x0D, 0x8B, 0x8F, 0x84,
    0x72, 0x74, 0x1B, 0x7F, 0x7F, 0x13, 0x42, 0x95, 0xAA, 0x67, 0x88, 0xA2, 0xF0, 0x1E, 0xB8, 0x02,
    0x02, 0x9E, 0x1A, 0x31, 0xAD, 0x41, 0x28, 0x17, 0xE2, 0x6A, 0x72, 0x02, 0x25, 0x24, 0x0B, 0x84,
    0x9A, 0x82, 0x4E, 0x68, 0x83, 0xDF, 0x3C, 0xB5, 0xE7, 0x4A, 0x75, 0x56, 0x4B, 0x94, 0xD6, 0x07,
    0x7B, 0x86, 0x1F, 0xB8, 0x18, 0x08, 0xF1, 0x71, 0xAF, 0x72, 0x7B, 0x0E, 0x73, 0x40, 0x4C, 0x44,
    0x1A, 0x05, 0x20, 0xCA, 0xC0, 0x56, 0x98, 0x20, 0x77, 0x78, 0x07, 0xC3, 0x57, 0x84, 0x67, 0xA4,
    0x71, 0x21, 0xB0, 0x45, 0xAB, 0x55, 0x26, 0x8F, 0x80, 0xE7, 0x37, 0x36, 0xC8, 0x30, 0xBF, 0x17,
    0xE2, 0x17, 0x38, 0x16, 0x22, 0x26, 0x83, 0x28, 0xCF, 0xA2, 0x2F, 0x1D, 0x08, 0x4A, 0xB1, 0xC2,
    0x45, 0xA8, 0xDD, 0x19, 0x56, 0xA0, 0xEB, 0x5B, 0x99, 0x02, 0xC4, 0x29, 0x25, 0x75, 0xA9, 0x5B,
    0xEB, 0xE5, 0x29, 0x34, 0x5F, 0x03, 0x47, 0x04, 0x5D, 0x0F, 0x02, 0x9D, 0xA3, 0x70, 0xE7, 0x94,
    0x10, 0x2C, 0x4D, 0x1B, 0x35, 0x29, 0x83, 0xC0, 0x44, 0x78, 0x80, 0x06, 0x41, 0x70, 0x22, 0xB8,
    0x44, 0x32, 0x40, 0xB1, 0x36, 0x64, 0x24, 0x5E, 0x7A, 0xE8, 0xDA, 0xBC, 0x99, 0xE0, 0xD6, 0x2A,
    0x57, 0x0F, 0xAD, 0x59, 0x88, 0xA0, 0x7D, 0x9A, 0xAE, 0x23, 0x5C, 0x09, 0x38, 0x70, 0x51, 0x30,
    0x13, 0x15, 0xF2, 0x69, 0x40, 0xB7, 0x11, 0x0D, 0x44, 0x3B, 0x3B, 0xBC, 0x86, 0x29, 0xA3, 0xEE,
    0xE4, 0xF9, 0x02, 0xA9, 0x01, 0xF7, 0x24, 0x6A, 0x36, 0x72, 0xE2, 0x54, 0x90, 0xEF, 0xA4, 0x39,
    0x68, 0xF9, 0x0E, 0x27, 0x90, 0xF8, 0x0C, 0x32, 0x2E, 0x1E, 0x34, 0x67, 0x65, 0x68, 0xD5, 0x04,
    0xC2, 0x49, 0x52, 0x37, 0xD1, 0x26, 0xCA, 0x13, 0xF3, 0x76, 0x71, 0x9E, 0xEF, 0x26, 0x75, 0xB4,
    0xE4, 0xD0, 0xF4, 0xB1, 0x09, 0x2B, 0xFD, 0x10, 0xC8, 0x9F, 0x97, 0xFA, 0xAD, 0xC0, 0x71, 0x35,
    0x29, 0x1F, 0x63, 0xE6, 0x46, 0x96, 0x52, 0x7B, 0xE1, 0x58, 0xCA, 0x19, 0xA6, 0x42, 0xBB, 0x36,
    0x5B, 0x5B, 0x6C, 0xCC, 0x6B, 0x38, 0xE4, 0xE6, 0x56, 0x76, 0xED, 0xDE, 0x6A, 0xD7, 0x16, 0x7B,
    0xC6, 0x1A, 0xB6, 0xE9, 0x87, 0x96, 0x00, 0xB5, 0x6F, 0x89, 0x50, 0x7B, 0x33, 0xD8, 0xF7, 0x9F,
    0xFA, 0x43, 0xCB, 0x7A, 0x65, 0x8F, 0x06, 0x88, 0x8E, 0xA5, 0x5C, 0x57, 0x32, 0x45, 0x5A, 0xB3,
    0x37, 0x65, 0x9A, 0x8B, 0x9A, 0x5D, 0x03, 0x94, 0x50, 0x75, 0x50, 0xC8, 0x4B, 0x69, 0xF0, 0xEF,
    0x99, 0x7F, 0x6E, 0xD3, 0x45, 0xD3, 0x85, 0x21, 0x62, 0xA2, 0x30, 0x41, 0x08, 0x00, 0x1B, 0xC4,
    0x8C, 0xE9, 0xF7, 0x93, 0x34, 0xA3, 0x56, 0x1A, 0xC7, 0x33, 0x0C, 0xEB, 0xA1, 0x2D, 0x17, 0x29,
    0xDD, 0x9E, 0xD9, 0x04, 0x96, 0x2F, 0x7D, 0xD0, 0x86, 0xB8, 0x62, 0xF7, 0x2A, 0xA2, 0xF4, 0xEC,
    0x5A, 0x01, 0xA8, 0x62, 0x48, 0xCA, 0xC8, 0x55, 0x1C, 0x8E, 0xE2, 0x78, 0x89, 0xB3, 0x8A, 0x15,
    0xC4, 0x29, 0x27, 0x59, 0x59, 0x14, 0x4B, 0x90, 0x4D, 0x8B, 0x40, 0x15, 0x66, 0x9E, 0xC1, 0xC3,
    0xBC, 0x33, 0x0F, 0x90, 0x7E, 0x72, 0x8F, 0xDB, 0xE5, 0xD3, 0xB0, 0x6A, 0xAA, 0x34, 0x86, 0x60,
    0x2C, 0x94, 0x7A, 0xA3, 0xCB, 0x21, 0xE0, 0xF5, 0x54, 0xA9, 0xB2, 0x0B, 0x30, 0x2A, 0x53, 0xA2,
    0xAC, 0x42, 0xAD, 0x4D, 0xEB, 0x80, 0x50, 0xEF, 0xB7, 0xFE, 0x47, 0xEA, 0xBD, 0x0C, 0x5E, 0x38,
    0x40, 0xB3, 0xAA, 0xFC, 0x43, 0xA1, 0x78, 0xB6, 0x5E, 0x3C, 0x6B, 0x66, 0xE5, 0x6F, 0x32, 0xB3,
    0xF1, 0xD4, 0xCC, 0x64, 0xEA, 0xC9, 0x6B, 0xA6, 0x6E, 0xC2, 0xFF, 0xA9, 0x78, 0xA6, 0x29, 0xAA,
    0x2B, 0x23, 0x8F, 0xEC, 0x14, 0x9F, 0xBF, 0x8A, 0xA5, 0xFE, 0xB4, 0x3A, 0x30, 0x9C, 0xAE, 0xA2,
    0x74, 0xB7, 0x51, 0x9E, 0x16, 0x4E, 0xB7, 0x28, 0x07, 0x96, 0xD0, 0xE2, 0x40, 0x91, 0x60, 0x4D,
    0x26, 0x4C, 0x22, 0xF8, 0x64, 0x81, 0x4A, 0x8A, 0x54, 0xF1, 0x6A, 0xD6, 0x29, 0x72, 0xF9, 0x25,
    0x13, 0x68, 0xA2, 0x58, 0x41, 0x3B, 0x50, 0xBD, 0xA4, 0x51, 0xD2, 0x93, 0xFF, 0xEF, 0x03, 0xCB,
    0x2A, 0xF4, 0xBE, 0xF0, 0xFE, 0x8C, 0x56, 0x2E, 0x1B, 0x9E, 0x25, 0x0E, 0x55, 0xC3, 0x42, 0xA4,
    0xA2, 0xCA, 0xB9, 0x1C, 0xF6, 0x25, 0x57, 0xA9, 0x9C, 0xB4, 0x6E, 0xC4, 0xE2, 0xA3, 0x7C, 0xB1,
    0x0D, 0xEF, 0xA9, 0x4C, 0xE9, 0x57, 0xEE, 0x2B, 0xED, 0x4A, 0xB9, 0x52, 0x6A, 0x7D, 0x4A, 0xAA,
    0x0C, 0xEB, 0x35, 0x09, 0x78, 0xA6, 0x0F, 0x25, 0x70, 0x2C, 0xE1, 0x22, 0x7D, 0xA3, 0x5A, 0xAB,
    0x5B, 0x23, 0x5D, 0x76, 0xC2, 0xAD, 0x14, 0x27, 0xD7, 0x58, 0x77, 0xC5, 0xCA, 0x74, 0x61, 0x84,
    0x9B, 0x5D, 0x60, 0xC0, 0x73, 0x3F, 0xA9, 0x2E, 0x2E, 0xC8, 0x87, 0x33, 0x96, 0xCF, 0x2A, 0x91,
    0xF9, 0xA6, 0x05, 0xF9, 0x82, 0x37, 0x9E, 0x6F, 0x50, 0x74, 0x00, 0xE8, 0xBE, 0x5A, 0x44, 0xA1,
    0xFA, 0x97, 0xA6, 0x8C, 0x05, 0x79, 0xFC, 0x85, 0xD5, 0x9B, 0x33, 0x80, 0x85, 0xBD, 0x29, 0xEF,
    0x7C, 0xBF, 0x31, 0x34, 0xE2, 0xEA, 0x6F, 0x50, 0x57, 0x7C, 0xE1, 0x9D, 0xFF, 0x39, 0x72, 0xE8,
    0x4F, 0x7C, 0x02, 0x70, 0x92, 0xFA, 0xCF, 0x7D, 0xEA, 0xFF, 0x1C, 0xD4, 0xD6, 0xE7, 0xD6, 0x98,
    0x4D, 0xEE, 0xFC, 0xDF, 0xF9, 0x0F, 0xE7, 0x1D, 0xB0, 0x7D, 0xE5, 0xFF, 0xCA, 0x20, 0x06, 0x2C,
    0xDC, 0xB7, 0x96, 0x7A, 0x30, 0x23, 0xF2, 0x2E, 0xD0, 0x9F, 0xAD, 0x97, 0x5D, 0x0B, 0x08, 0x8F,
    0xA5, 0x29, 0xF1, 0x06, 0xEA, 0xB7, 0x5F, 0x03, 0xAF, 0x60, 0x79, 0x26, 0x68, 0xDE, 0x90, 0xA3,
    0xA9, 0x13, 0x57, 0xA6, 0xBE, 0x9A, 0x60, 0xC3, 0xE5, 0x4C, 0x46, 0x48, 0x40, 0x3D, 0x95, 0x5B,
    0x12, 0x81, 0x20, 0xFC, 0x4F, 0x84, 0x8D, 0x35, 0x43, 0x44, 0xC7, 0xD9, 0xA6, 0x4A, 0x04, 0x54,
    0x73, 0x44, 0x1D, 0x66, 0x55, 0x10, 0x0F, 0x13, 0xEC, 0x50, 0x82, 0xF8, 0xFF, 0x44, 0x29, 0x86,
    0x55, 0xF1, 0xFB, 0x1C, 0xEA, 0xE8, 0x0C, 0xFB, 0xF1, 0xD1, 0xB6, 0x2F, 0x61, 0xFA, 0x4D, 0x39,
    0x94, 0xE0, 0x6B, 0x9A, 0x72, 0x62, 0xF0, 0xAC, 0x8A, 0xA9, 0x65, 0x31, 0x93, 0xCD, 0x36, 0x74,
    0xCE, 0x62, 0xBB, 0x97, 0x35, 0xA1, 0xC5, 0xA3, 0x10, 0x67, 0x5A, 0xDB, 0x0D, 0xD3, 0x12, 0x2C,
    0x09, 0xE2, 0x8C, 0x6A, 0x55, 0x12, 0x36, 0x47, 0x34, 0xC0, 0xFA, 0x50, 0x41, 0x4D, 0x15, 0x37,
    0xE7, 0x62, 0xF0, 0xBB, 0x4F, 0x38, 0x03, 0x83, 0x6F, 0x28, 0x0C, 0x27, 0xB2, 0x29, 0xED, 0x22,
    0xF8, 0xE6, 0x0B, 0x11, 0xF9, 0x34, 0xC7, 0xC2, 0x13, 0xBB, 0x58, 0x33, 0x89, 0xDD, 0x0F, 0x4C,
    0xC8, 0x49, 0x53, 0xCF, 0x6C, 0xFC, 0xD4, 0xCE, 0x64, 0x96, 0x6A, 0xC6, 0xC6, 0xBE, 0xE4, 0x90,
    0xFB, 0x82, 0xC8, 0x0A, 0x85, 0xE6, 0x33, 0x6E, 0x77, 0x88, 0x4A, 0x93, 0x28, 0x10, 0x69, 0x96,
    0xB4, 0x4D, 0x80, 0xBC, 0xD7, 0xC2, 0x2E, 0x11, 0xB4, 0x34, 0x6B, 0x06, 0x5E, 0x71, 0xE2, 0xF6,
    0x01, 0x4E, 0x4C, 0x84, 0x13, 0x13, 0xCC, 0x08, 0x79, 0xB3, 0xDF, 0x30, 0x6A, 0x1F, 0xE0, 0x16,
    0x35, 0xCC, 0x89, 0x73, 0x4F, 0xB5, 0xD7, 0xB3, 0xF5, 0x2B, 0x21, 0xB2, 0x54, 0x04, 0xB7, 0x31,
    0x5E, 0xFE, 0x2E, 0xF9, 0x34, 0xE8, 0x3A, 0x02, 0xB1, 0xB8, 0xA7, 0x92, 0xF9, 0x88, 0xC1, 0x96,
    0x96, 0xE8, 0xCA, 0x57, 0x5B, 0x9A, 0x13, 0x16, 0x6D, 0x56, 0x65, 0x42, 0xFA, 0x9E, 0x3A, 0x57,
    0x7E, 0x2D, 0x8E, 0xE1, 0x24, 0x68, 0x5F, 0x22, 0x58, 0x6B, 0xCB, 0x90, 0xB0, 0x35, 0xB3, 0xB1,
    0x62, 0x17, 0x52, 0x14, 0x28, 0xF4, 0x61, 0xD6, 0xBD, 0x7D, 0x69, 0xBF, 0xE5, 0xA4, 0x1D, 0x81,
    0x5C, 0x91, 0x3E, 0xD8, 0x0E, 0x95, 0x70, 0xE0, 0x36, 0x81, 0x27, 0xF5, 0x6D, 0x0B, 0xE1, 0x83,
    0x98, 0x3E, 0xD6, 0x95, 0x9D, 0xB4, 0xCF, 0x88, 0x72, 0xE5, 0xAF, 0xC3, 0x4C, 0x5D, 0xA1, 0x3C,
    0x11, 0xB7, 0xB6, 0x4C, 0x02, 0xDD, 0x27, 0xD8, 0xE9, 0xA7, 0x15, 0x5A, 0x06, 0x50, 0x6F, 0xAB,
    0x44, 0x50, 0x0F, 0xD3, 0xE6, 0x2A, 0xA5, 0xAF, 0xA1, 0xF9, 0xB0, 0x4A, 0x87, 0x0D, 0xAB, 0x0A,
    0x73, 0x7B, 0x80, 0xFA, 0xB0, 0x4A, 0x32, 0x0E, 0x71, 0x76, 0x86, 0xC0, 0x77, 0x0A, 0xBD, 0x99,
    0x18, 0x36, 0x38, 0xBF, 0x52, 0x7A, 0x3D, 0xAD, 0xFA, 0x29, 0x96, 0x48, 0xEE, 0x67, 0xCA, 0xB9,
    0x5B, 0x39, 0x05, 0x4B, 0x89, 0x89, 0xF4, 0x0D, 0x8D, 0x6D, 0xD2, 0xAC, 0x14, 0xCE, 0xAB, 0x95,
    0x45, 0xF6, 0xE0, 0x22, 0x4D, 0x1B, 0x33, 0x8C, 0xA5, 0xBD, 0x83, 0x43, 0x7F, 0xA7, 0xDA, 0x85,
    0xE8, 0x79, 0x60, 0x24, 0x9D, 0x5D, 0xA4, 0x66, 0x92, 0x95, 0x5B, 0xF2, 0xAA, 0x17, 0x0F, 0x11,
    0x42, 0x25, 0xAD, 0xD7, 0x6E, 0x9D, 0x78, 0xCC, 0x29, 0xF9, 0x0C, 0xA6, 0x02, 0x82, 0xB7, 0x9E,
    0xAC, 0xD8, 0x33, 0x8F, 0x28, 0x00, 0x70, 0x7A, 0xE2, 0x9B, 0x7D, 0x30, 0x0F, 0x19, 0x0B, 0x4D,
    0xA7, 0xF8, 0x36, 0xA2, 0x70, 0x71, 0x6F, 0x03, 0x92, 0x6F, 0x4B, 0xB2, 0x31, 0x21, 0x84, 0x8C,
    0x70, 0xCC, 0xF0, 0x67, 0x13, 0xBD, 0xFB, 0x6D, 0x12, 0xBD, 0x4A, 0x85, 0x91, 0x49, 0xC8, 0x0F,
    0xA9, 0x02, 0x28, 0x46, 0xB5, 0x2F, 0xB6, 0xDC, 0xDA, 0x61, 0x63, 0x5F, 0xEC, 0x58, 0x23, 0xEC,
    0x33, 0x6E, 0xEA, 0x76, 0xA1, 0xC9, 0xA9, 0x45, 0x96, 0x65, 0xF6, 0x49, 0xA9, 0x7D, 0x21, 0x0C,
    0x77, 0x5C, 0x61, 0x34, 0xF6, 0x05, 0xDC, 0x0D, 0xD1, 0x7C, 0xA4, 0x00, 0x98, 0xB2, 0x09, 0xE0,
    0x45, 0x97, 0x7B, 0xC5, 0x81, 0x76, 0x26, 0x7F, 0x50, 0x1B, 0x7E, 0x88, 0x95, 0xE5, 0x03, 0x18,
    0x01, 0x55, 0xFC, 0x09, 0xF1, 0x03, 0x64, 0xB7, 0x5B, 0x5B, 0x72, 0x6D, 0x9D, 0x06, 0xAA, 0xD0,
    0xD4, 0x8B, 0xB6, 0xC1, 0x98, 0x30, 0x40, 0x8F, 0x97, 0x32, 0x23, 0x12, 0x91, 0x7B, 0x44, 0x60,
    0x38, 0x6A, 0x31, 0x93, 0xAF, 0xCA, 0x17, 0x56, 0x66, 0xB9, 0x84, 0x43, 0x3A, 0x62, 0x7F, 0x1B,
    0x19, 0x2A, 0x75, 0x91, 0xF9, 0x9D, 0xB0, 0x19, 0xB5, 0xBC, 0xF3, 0x57, 0x9E, 0xCB, 0xD0, 0x6A,
    0x67, 0x3A, 0x50, 0x8F, 0x21, 0x81, 0x87, 0x0C, 0x1E, 0x81, 0x87, 0x98, 0x0C, 0xAF, 0xC5, 0x9C,
    0xC3, 0x0E, 0x0D, 0x88, 0x47, 0xC3, 0x1E, 0x03, 0x68, 0x2C, 0x1B, 0xA7, 0x45, 0x19, 0x5E, 0x01,
    0x57, 0x83, 0x85, 0x81, 0xD1, 0xB6, 0x08, 0xE9, 0x96, 0x84, 0x1A, 0x6C, 0xAB, 0x83, 0x6A, 0x71,
    0x7A, 0x03, 0x0D, 0xC2, 0xF4, 0x2A, 0x24, 0xC2, 0x3E, 0x5B, 0x7C, 0x85, 0xFC, 0xD7, 0x17, 0x77,
    0xE6, 0x50, 0xC8, 0x7F, 0xE5, 0xFF, 0xF8, 0xEF, 0x21, 0xB0, 0xF6, 0xF5, 0x7F, 0xFB, 0xEF, 0x43,
    0x89, 0xBD, 0xFF, 0x19, 0xF2, 0x2F, 0xDE, 0x7C, 0xEE, 0x3F, 0x04, 0xA4, 0xFE, 0x06, 0x19, 0x18,
    0x88, 0xFC, 0x85, 0xE5, 0xE8, 0x2B, 0xD8, 0xF5, 0xAB, 0x25, 0x61, 0x42, 0x28, 0x51, 0x32, 0x6A,
    0x6B, 0x04, 0x6F, 0x48, 0xDE, 0x0F, 0x09, 0x27, 0x54, 0x32, 0xC7, 0x30, 0xB6, 0x59, 0x41, 0x41,
    0x42, 0xC0, 0x77, 0x09, 0x67, 0x47, 0xA7, 0x50, 0x8E, 0x09, 0x7C, 0x06, 0x91, 0xF9, 0x31, 0xAC,
    0x92, 0x06, 0xA2, 0x03, 0x07, 0x06, 0x41, 0xBE, 0xA5, 0xED, 0x19, 0xA1, 0x9A, 0x32, 0x82, 0x9C,
    0x48, 0xE2, 0xFF, 0x4A, 0xAA, 0x0A, 0x45, 0xA0, 0xF8, 0x8F, 0x7D, 0x24, 0xCE, 0xAA, 0x50, 0xD3,
    0x05, 0x8A, 0xA5, 0x88, 0xB1, 0x5B, 0xD8, 0x90, 0xF7, 0xE8, 0xDE, 0xCD, 0x11, 0x1A, 0x87, 0x6E,
    0xF2, 0xB0, 0xFB, 0x0E, 0x8F, 0x0C, 0x7B, 0x27, 0x5E, 0xFC, 0xAD, 0x09, 0x55, 0x04, 0x42, 0xBB,
    0x8F, 0xD4, 0x6F, 0x27, 0x1E, 0x8B, 0x29, 0xA7, 0xD7, 0xFE, 0x09, 0x19, 0x62, 0x62, 0x54, 0xC5,
    0x4B, 0x14, 0xD3, 0xB3, 0xB2, 0x88, 0x25, 0x60, 0x98, 0x7C, 0x86, 0x64, 0xC9, 0xA7, 0x85, 0x6E,
    0xE1, 0x11, 0x58, 0xF9, 0x1D, 0x50, 0xD0, 0x20, 0xA7, 0xC1, 0xB6, 0xF4, 0xBE, 0xE4, 0x2E, 0xE9,
    0x01, 0xEC, 0xB0, 0xF3, 0xDF, 0x50, 0x2E, 0xED, 0x3A, 0x93, 0x66, 0x14, 0xA0, 0xAB, 0x9C, 0xA0,
    0x1A, 0xE5, 0x9A, 0xD4, 0xF4, 0x0F, 0x9C, 0xBF, 0x7B, 0x6B, 0x09, 0x9C, 0x3F, 0x4C, 0x7E, 0x0F,
    0x62, 0x40, 0x70, 0xFE, 0x90, 0x50, 0x43, 0xEB, 0x22, 0xF5, 0x22, 0xFA, 0x39, 0x80, 0x77, 0xE9,
    0xC9, 0x7A, 0x1B, 0x83, 0xE2, 0x0E, 0x41, 0x6F, 0xCD, 0x09, 0x67, 0xF5, 0xF6, 0xAF, 0xE7, 0xB0,
    0x34, 0xC3, 0xE9, 0xCA, 0x6C, 0xC2, 0x22, 0xEE, 0xDE, 0xF5, 0xEB, 0x93, 0x6A, 0x3C, 0xB6, 0x4B,
    0x68, 0xE7, 0xB0, 0x25, 0x2B, 0x8A, 0x1F, 0x55, 0xAE, 0xA7, 0x7E, 0xC9, 0xF4, 0x72, 0xCF, 0xEE,
    0xA6, 0x71, 0x3C, 0x92, 0x00, 0xBE, 0x5D, 0xA7, 0x19, 0x32, 0xB2, 0x81, 0xB4, 0xC2, 0x51, 0x87,
    0x40, 0xC2, 0x69, 0x08, 0x5E, 0x6A, 0x16, 0x2A, 0xAC, 0x33, 0xF6, 0x71, 0xB3, 0x56, 0x7B, 0x85,
    0xE4, 0xDE, 0x2A, 0xA7, 0xC3, 0x11, 0xA9, 0x82, 0xC0, 0x99, 0x8E, 0x97, 0x9B, 0x70, 0xAA, 0xA0,
    0x90, 0x94, 0xC4, 0x3F, 0x61, 0x73, 0x5D, 0xE1, 0x97, 0x9B, 0xA7, 0x99, 0x8F, 0x6B, 0xB6, 0x55,
    0xCF, 0x5D, 0xA4, 0x35, 0xB9, 0xC6, 0x32, 0x85, 0xB3, 0x8F, 0xB8, 0xDF, 0xFA, 0x91, 0x53, 0xBD,
    0x08, 0x3F, 0x34, 0xEE, 0xE2, 0xE9, 0x3B, 0xCC, 0x89, 0x97, 0x51, 0xA7, 0x2B, 0xBE, 0x45, 0x59,
    0x41, 0x63, 0xCD, 0x1B, 0x1A, 0x5B, 0x3B, 0x7E, 0xFC, 0x6C, 0x55, 0xC9, 0x7A, 0x69, 0x65, 0x41,
    0xEC, 0x60, 0x13, 0x82, 0xA8, 0x8A, 0xB5, 0x71, 0xB5, 0x7E, 0xB9, 0x42, 0x29, 0xA4, 0xF3, 0x02,
    0x9D, 0xE3, 0x60, 0x12, 0xCE, 0x1A, 0x70, 0xC9, 0x71, 0x2E, 0x43, 0x07, 0x83, 0xF2, 0x19, 0xBF,
    0xDC, 0x59, 0x72, 0x8F, 0x6F, 0x6E, 0x6E, 0x98, 0x8F, 0xBB, 0xD7, 0x2E, 0x1F, 0x38, 0x8B, 0x9A,
    0x16, 0x6A, 0x8B, 0x61, 0x6B, 0x9D, 0x3F, 0xFA, 0x4B, 0x19, 0xD0, 0x3E, 0x46, 0x89, 0x7A, 0x25,
    0x10, 0x6D, 0x80, 0x5B, 0x64, 0x8A, 0xCB, 0x90, 0x6C, 0xB7, 0xE4, 0x62, 0xAF, 0xEC, 0x7A, 0x41,
    0x7B, 0x6C, 0x55, 0x39, 0xFC, 0x17, 0x6A, 0x97, 0x19, 0x0E, 0x67, 0x4B, 0x50, 0xCE, 0x61, 0xB7,
    0xA3, 0x35, 0x4C, 0x32, 0xF1, 0x16, 0x6D, 0x8D, 0x8D, 0x30, 0x8D, 0x1A, 0xA9, 0xEE, 0xB6, 0x1E,
    0x5E, 0x2B, 0x19, 0x4F, 0xB6, 0xD4, 0xCB, 0x07, 0x25, 0xE3, 0xA3, 0x8F, 0x58, 0xF4, 0x2E, 0x2C,
    0x79, 0x19, 0x79, 0xCD, 0xC8, 0x79, 0x35, 0x88, 0x3C, 0x6F, 0xC5, 0xDC, 0x7A, 0xB2, 0x7A, 0xED,
    0xB4, 0x25, 0x55, 0xB1, 0xF3, 0xE2, 0x70, 0x61, 0x10, 0xE2, 0x50, 0x32, 0x32, 0x27, 0x39, 0x53,
    0x4E, 0xC1, 0xE0, 0x46, 0x34, 0xDB, 0x85, 0x92, 0xF1, 0x1E, 0x12, 0xB6, 0x7D, 0x0B, 0xF8, 0xD4,
    0x6B, 0x33, 0x8B, 0x3A, 0xD9, 0x78, 0x81, 0x59, 0x06, 0xBD, 0x95, 0x5E, 0x31, 0xCD, 0xDE, 0xE6,
    0x40, 0x6C, 0xD5, 0xF6, 0x3A, 0x04, 0x97, 0x33, 0xF5, 0x6D, 0x7F, 0x72, 0x1D, 0x02, 0xDC, 0xFE,
    0x57, 0xEC, 0xE0, 0x7C, 0x1D, 0x08, 0xC2, 0x3D, 0x63, 0x4C, 0xA5, 0x62, 0x13, 0x7A, 0x08, 0x7B,
    0x1F, 0x01, 0xC7, 0x64, 0x0F, 0x37, 0x54, 0x1F, 0x00, 0x18, 0x36, 0x3F, 0x60, 0x63, 0x00, 0x8F,
    0x07, 0x57, 0xAC, 0x6A, 0x19, 0x78, 0xC4, 0x20, 0xD2, 0x6D, 0xB0, 0x87, 0x5B, 0xE4, 0x85, 0xC2,
    0x13, 0x05, 0x86, 0x4A, 0x5E, 0x5B, 0x91, 0x82, 0xB4, 0x1D, 0x12, 0x32, 0x4E, 0xAC, 0x30, 0x38,
    0x57, 0x48, 0x59, 0xF0, 0x49, 0xEE, 0xCF, 0x72, 0xE7, 0xAF, 0x26, 0x7D, 0xF5, 0x75, 0x0C, 0x38,
    0x81, 0x5F, 0x23, 0x45, 0xE4, 0x29, 0x51, 0x7D, 0x2B, 0xC1, 0xCE, 0x69, 0x6B, 0x3E, 0x6A, 0xEB,
    0x92, 0x79, 0x7C, 0x83, 0x2A, 0x11, 0xF1, 0x44, 0x2C, 0x64, 0x7B, 0x72, 0x15, 0x72, 0x3C, 0xD5,
    0x99, 0x69, 0xEB, 0x8F, 0x1C, 0x91, 0xD0, 0x81, 0xDA, 0xEA, 0xC3, 0xC9, 0x89, 0x8D, 0xA2, 0x72,
    0x21, 0x6A, 0xFB, 0x11, 0x8E, 0x9D, 0xD4, 0xFA, 0xB8, 0x81, 0x54, 0x38, 0xA4, 0x10, 0x4E, 0x29,
    0x1C, 0xB9, 0x23, 0x59, 0x57, 0x39, 0xB9, 0x13, 0x8E, 0xEA, 0xC8, 0x22, 0x3D, 0xF6, 0xF7, 0x9F,
    0x08, 0x05, 0xF2, 0x18, 0xC7, 0x66, 0x25, 0xA5, 0x02, 0x33, 0xD5, 0x84, 0xFD, 0xDE, 0x33, 0xA4,
    0x94, 0x96, 0x85, 0xAB, 0x11, 0x56, 0xE6, 0x3D, 0x81, 0x9E, 0x69, 0xC7, 0xEA, 0xE5, 0x43, 0x1D,
    0xCB, 0x0B, 0x44, 0x44, 0xEA, 0xEF, 0x2E, 0xC1, 0x3B, 0x1B, 0x8C, 0x18, 0xA9, 0xE7, 0x21, 0x98,
    0x25, 0x6C, 0xBB, 0x2F, 0x8E, 0xD7, 0x43, 0x01, 0x0A, 0x62, 0x4F, 0xDE, 0xD9, 0x52, 0x69, 0x93,
    0x87, 0x53, 0x1C, 0x3A, 0x3B, 0xD8, 0x84, 0x32, 0xD8, 0xFB, 0x7F, 0xC4, 0x69, 0xA8, 0x3B, 0x19,
    0x4A, 0xBE, 0xBA, 0xD1, 0xC7, 0x2C, 0xA9, 0xC6, 0x6D, 0xD8, 0xE1, 0x10, 0xF7, 0xDB, 0x88, 0xA8,
    0x73, 0xC2, 0x34, 0xEE, 0xE2, 0x9F, 0x8E, 0xCF, 0x14, 0x6F, 0xB8, 0x5E, 0x70, 0xC0, 0x51, 0x90,
    0x0D, 0x6B, 0x6B, 0x40, 0xCD, 0x9F, 0x75, 0xC0, 0x65, 0x0B, 0xB0, 0x8C, 0x62, 0x35, 0x45, 0x49,
    0x00, 0xA8, 0xBC, 0x21, 0x52, 0x16, 0x50, 0x4E, 0x49, 0x23, 0xE8, 0x2A, 0xB0, 0x0C, 0xAC, 0xBC,
    0x10, 0x2A, 0xCF, 0x31, 0x60, 0x11, 0x21, 0x03, 0x83, 0x8E, 0x90, 0x05, 0xD0, 0x70, 0xE2, 0x19,
    0x21, 0xDA, 0x64, 0xC6, 0x6D, 0x4C, 0xBD, 0xF0, 0xFF, 0x64, 0x7E, 0x63, 0xB3, 0xB3, 0x24, 0x6B,
    0x33, 0x31, 0x8C, 0xB6, 0x36, 0xEB, 0x9B, 0xF5, 0xEC, 0x49, 0xCF, 0x70, 0x9A, 0x86, 0x9D, 0xCF,
    0xB7, 0x1D, 0x63, 0x81, 0xCE, 0xCB, 0x79, 0x5D, 0xC2, 0xA2, 0x59, 0xD9, 0xCA, 0x31, 0x9E, 0x30,
    0xE1, 0x85, 0xA7, 0x28, 0x8B, 0xE6, 0xFC, 0x8E, 0x6B, 0xB0, 0x93, 0xF3, 0xE4, 0xE5, 0xD1, 0x00,
    0x75, 0xA1, 0x6A, 0xCF, 0x52, 0xA3, 0x0F, 0x58, 0xD1, 0xA3, 0x01, 0xA2, 0xCF, 0xC7, 0xDC, 0x4C,
    0x27, 0x19, 0xAF, 0xA4, 0x01, 0x37, 0x5B, 0xAA, 0x37, 0xE1, 0xCE, 0x9B, 0xA1, 0x62, 0xDD, 0x68,
    0x5C, 0xCB, 0xAE, 0x84, 0x01, 0xBE, 0xDF, 0x8A, 0x79, 0xC8, 0x59, 0xEE, 0x10, 0x8F, 0x6D, 0xFC,
    0x17, 0xAA, 0x36, 0xBE, 0x0C, 0xBB, 0xF9, 0x4A, 0xD2, 0x74, 0xBA, 0x9D, 0x0F, 0x09, 0x29, 0x9E,
    0x26, 0x09, 0x04, 0xB0, 0x9C, 0xED, 0x97, 0x90, 0xB6, 0x20, 0xF6, 0x36, 0x19, 0x58, 0x43, 0x94,
    0xAA, 0x73, 0xC4, 0x58, 0x61, 0x70, 0x1E, 0x5F, 0x1B, 0x24, 0x30, 0x3E, 0x1D, 0x59, 0xFC, 0xA0,
    0xA6, 0x4E, 0x60, 0x44, 0x87, 0x14, 0xA5, 0xB4, 0x81, 0x45, 0xFB, 0x6D, 0x78, 0x44, 0xAC, 0x12,
    0x3B, 0x56, 0x2C, 0x24, 0x46, 0xA7, 0x23, 0xFF, 0xE5, 0xFD, 0xA7, 0x60, 0xEA, 0x81, 0x38, 0x7B,
    0x6D, 0x8E, 0x5A, 0xA2, 0x48, 0xA2, 0xA9, 0x82, 0x23, 0xF5, 0x2F, 0xBC, 0xFF, 0x69, 0x2C, 0x90,
    0x9F, 0x7B, 0xC2, 0x78, 0xB1, 0xE2, 0x34, 0x5B, 0xAB, 0x16, 0xAC, 0xDA, 0x1B, 0x70, 0xF0, 0x8A,
    0x65, 0x9F, 0x78, 0x18, 0xD9, 0xAF, 0x43, 0x91, 0xDB, 0x69, 0xCF, 0x8E, 0xB6, 0x6C, 0x56, 0x7F,
    0xC8, 0xC0, 0x7B, 0xD8, 0xB7, 0x66, 0xD7, 0x4E, 0x06, 0x4E, 0x7A, 0x0B, 0x36, 0x4E, 0x8B, 0xE6,
    0x31, 0x13, 0x1A, 0x35, 0xE9, 0x30, 0x58, 0x74, 0xC6, 0x9A, 0x4C, 0xDF, 0x2A, 0x31, 0xDA, 0x1B,
    0x19, 0x78, 0xBE, 0x66, 0x99, 0xE0, 0x5B, 0x2F, 0xE2, 0x8E, 0xCC, 0x6B, 0xBE, 0x35, 0xD0, 0xB7,
    0x0E, 0xC9, 0x89, 0x6F, 0x6D, 0xB0, 0x15, 0x5F, 0x9D, 0x7A, 0xD8, 0xDB, 0x7C, 0x2B, 0x8B, 0xBE,
    0x85, 0x03, 0x0D, 0x0B, 0x87, 0xC6, 0x42, 0xBE, 0xF7, 0x91, 0x2A, 0x83, 0x46, 0x67, 0x55, 0xC9,
    0x09, 0x9C, 0x84, 0xEB, 0x2B, 0xD6, 0xB3, 0x3B, 0x4E, 0x27, 0x8D, 0xA7, 0x57, 0x94, 0x31, 0x98,
    0x30, 0x3A, 0x81, 0xF9, 0x16, 0xC7, 0x6F, 0x9B, 0x76, 0xA4, 0x07, 0xCF, 0xAC, 0x3C, 0x2D, 0x57,
    0x4C, 0xE1, 0x44, 0xCC, 0x8E, 0xE1, 0x5A, 0x87, 0xDE, 0x74, 0xB0, 0xC6, 0x31, 0x69, 0xE1, 0xF0,
    0xE4, 0x4E, 0x95, 0x65, 0x19, 0x8E, 0x8A, 0xAC, 0x1B, 0x37, 0x3C, 0x14, 0xA5, 0x33, 0x0E, 0x91,
    0x09, 0x01, 0xCC, 0xAF, 0x39, 0x1C, 0xFC, 0x0F, 0xCE, 0xD0, 0x6A, 0x37, 0x23, 0x6C, 0x62, 0xB0,
    0x21, 0x43, 0x52, 0x7A, 0x72, 0x52, 0x2D, 0x27, 0xF2, 0x2C, 0xEE, 0x81, 0xE0, 0x99, 0xE7, 0xC2,
    0x7B, 0xFF, 0xE0, 0xB9, 0xD7, 0xF2, 0x5D, 0x1C, 0xF9, 0x3D, 0x9F, 0x64, 0xCF, 0x39, 0x90, 0x64,
    0xC6, 0x83, 0x7D, 0xA9, 0x44, 0x5B, 0x4B, 0x61, 0x0F, 0x12, 0xED, 0x15, 0x93, 0x7A, 0x75, 0x26,
    0xD1, 0x0E, 0x6A, 0x7A, 0x25, 0xDA, 0x5E, 0x89, 0x76, 0xE0, 0xC8, 0x04, 0x44, 0xAC, 0xA2, 0x5E,
    0x4B, 0xB4, 0xF3, 0x5A, 0xF5, 0x5B, 0x91, 0xA1, 0x7D, 0x94, 0xC3, 0xBA, 0xAF, 0x9A, 0x84, 0xA2,
    0x50, 0x55, 0x43, 0x38, 0xC0, 0x1B, 0x8E, 0xB7, 0x4D, 0xAA, 0x21, 0xB8, 0xC3, 0xF0, 0xC8, 0xC6,
    0xD9, 0xB7, 0x0D, 0x68, 0x69, 0xBB, 0x7C, 0x09, 0x56, 0x37, 0xEC, 0x4A, 0x41, 0x33, 0xFF, 0xEC,
    0x52, 0x6D, 0x9B, 0x1D, 0x42, 0x29, 0xF5, 0x0E, 0xB1, 0xAB, 0x3E, 0xC6, 0x2E, 0x15, 0x2D, 0x3F,
    0xA8, 0x02, 0xDA, 0x07, 0x9C, 0x59, 0xCF, 0xD6, 0xCC, 0xD6, 0xD5, 0xD5, 0xAD, 0xF5, 0xF2, 0x48,
    0x9D, 0xA6, 0x88, 0x52, 0x36, 0xF8, 0x1D, 0xC1, 0x41, 0x07, 0x9E, 0x29, 0x44, 0xD7, 0x8F, 0xB1,
    0xC7, 0x3E, 0x92, 0x5E, 0xFA, 0xDA, 0x8F, 0x30, 0x81, 0x61, 0x1B, 0x3D, 0xA0, 0xD2, 0x51, 0x81,
    0xF7, 0x7F, 0xF4, 0xE6, 0xF9, 0x42, 0xB2, 0x07, 0x7E, 0xC0, 0x0B, 0x5B, 0x40, 0xD8, 0xD8, 0x7E,
    0xEA, 0xBF, 0xBA, 0xFE, 0xD6, 0x18, 0xCF, 0xF8, 0xF9, 0x6B, 0xE6, 0x8B, 0x92, 0x76, 0x3A, 0xF1,
    0x10, 0x24, 0x32, 0x3E, 0x7C, 0xCC, 0x9C, 0x1C, 0x57, 0xF3, 0xB1, 0x6D, 0xF0, 0xB1, 0x86, 0xDE,
    0x55, 0x7D, 0x6B, 0xFE, 0x42, 0x60, 0x22, 0x83, 0x49, 0x37, 0x48, 0x98, 0x8F, 0x9E, 0x07, 0xD0,
    0x1B, 0x8F, 0xB9, 0x65, 0x7E, 0xAE, 0x49, 0xC6, 0x1B, 0x52, 0x6F, 0xC1, 0xDD, 0xE2, 0x3C, 0x18,
    0x08, 0x80, 0x91, 0x2C, 0xE0, 0x18, 0x02, 0x5C, 0xCB, 0x18, 0x07, 0x6B, 0xE2, 0xB6, 0x75, 0xCE,
    0x7D, 0xEA, 0x7C, 0xE2, 0x5C, 0x66, 0x9E, 0x01, 0x98, 0x59, 0x6A, 0xF3, 0x0C, 0x1F, 0x77, 0x25,
    0xE0, 0x69, 0xDA, 0x19, 0xD6, 0x99, 0x93, 0x2A, 0x1E, 0x05, 0x4C, 0xC3, 0xA9, 0xAD, 0x31, 0xFC,
    0x8D, 0xC2, 0x1E, 0x3E, 0xDB, 0x2B, 0x6C, 0x80, 0x4A, 0x41, 0x20, 0xC3, 0xA9, 0xEC, 0xCE, 0xB2,
    0x6E, 0xDD, 0xE7, 0x3C, 0x8E, 0x56, 0x5B, 0x3C, 0xED, 0x48, 0xAC, 0xD4, 0xCF, 0x3B, 0xD0, 0x29,
    0x43, 0x7B, 0xF5, 0x13, 0x30, 0xA1, 0x83, 0x2F, 0x70, 0xE4, 0xA2, 0xFC, 0xDF, 0xA5, 0xF8, 0x37,
    0x78, 0xE6, 0xCB, 0xA9, 0xF8, 0x77, 0xE8, 0xF3, 0xD5, 0x58, 0x7C, 0x49, 0xDD, 0x0E, 0x85, 0x68,
    0x81, 0xBE, 0x10, 0x8F, 0x62, 0x08, 0x9B, 0x34, 0x4A, 0x17, 0xDA, 0xA6, 0x14, 0x89, 0xCC, 0xBF,
    0xDB, 0x70, 0x3C, 0xA7, 0x2A, 0xCE, 0x81, 0xA9, 0x7D, 0x07, 0xC2, 0x90, 0x19, 0x4F, 0xA7, 0xA7,
    0x7E, 0xAE, 0xC4, 0x28, 0x36, 0x20, 0x10, 0x1F, 0x65, 0xB4, 0xF2, 0x41, 0xAE, 0xBB, 0x3F, 0x39,
    0xF3, 0xD9, 0x86, 0xE2, 0x29, 0xFE, 0x99, 0x42, 0xEF, 0x22, 0x12, 0x35, 0x1C, 0x4B, 0x3C, 0x61,
    0xF6, 0x45, 0xE0, 0xDA, 0xCB, 0x24, 0x3A, 0x96, 0x0A, 0x3E, 0x9C, 0xDE, 0x3E, 0x88, 0xC2, 0x39,
    0x90, 0xD1, 0x40, 0x22, 0xE0, 0x61, 0x33, 0x71, 0x82, 0xBD, 0xCE, 0x0D, 0x88, 0x1A, 0x81, 0x9E,
    0x58, 0x36, 0x13, 0xF7, 0x97, 0x83, 0x76, 0x13, 0x06, 0x0E, 0x54, 0xDC, 0x13, 0x5B, 0x15, 0x22,
    0xC0, 0x72, 0x1F, 0xE6, 0x17, 0x4E, 0x65, 0xCE, 0x6A, 0xC6, 0x10, 0x4B, 0x84, 0x19, 0xF6, 0x27,
    0xA4, 0xA6, 0x62, 0xD1, 0xE3, 0x76, 0x8E, 0x98, 0x86, 0x4D, 0x7F, 0x3C, 0xC4, 0xEA, 0xDA, 0x3B,
    0xB7, 0x92, 0x02, 0xD3, 0xC9, 0x91, 0xC3, 0x58, 0x5D, 0x3D, 0xBE, 0x21, 0x28, 0xB0, 0xDB, 0xF7,
    0x91, 0x79, 0xD3, 0x80, 0xFC, 0x40, 0x9C, 0xD5, 0x4E, 0x47, 0x40, 0x21, 0x69, 0x12, 0x72, 0xBB,
    0xCA, 0xCB, 0xFB, 0x9B, 0x9B, 0x07, 0xFB, 0x68, 0xE5, 0xFA, 0x57, 0x25, 0x3A, 0xD6, 0xDF, 0x49,
    0x8C, 0x44, 0x7F, 0xA2, 0x42, 0xF2, 0xF3, 0x7E, 0x45, 0xC6, 0x4E, 0x47, 0xE2, 0x79, 0x36, 0xFE,
    0x75, 0x50, 0x0C, 0x91, 0x76, 0x3A, 0x63, 0xDA, 0x44, 0xD6, 0x61, 0x89, 0xE7, 0xA0, 0x76, 0x2B,
    0xCE, 0x09, 0x97, 0x26, 0xD4, 0x98, 0x3B, 0xFF, 0xA0, 0x80, 0x0F, 0x97, 0x5F, 0x87, 0x72, 0x78,
    0x27, 0x8C, 0x82, 0xBE, 0xAE, 0x40, 0xA4, 0xF6, 0xBF, 0xDB, 0x3F, 0x8D, 0xCB, 0xFE, 0xB6, 0xEA,
    0x1E, 0x1B, 0xF6, 0x3C, 0xFA, 0x98, 0xAF, 0xD3, 0x12, 0x69, 0xB2, 0x4E, 0xAB, 0x1C, 0x63, 0x30,
    0x14, 0xEB, 0xA0, 0x23, 0x2C, 0x55, 0x28, 0xF5, 0x69, 0x25, 0xDA, 0x9E, 0x38, 0xAC, 0x40, 0xEE,
    0xE1, 0xB4, 0x96, 0x07, 0x4A, 0x43, 0x9F, 0x8F, 0xE5, 0x41, 0x43, 0x58, 0x77, 0xB1, 0x87, 0x61,
    0xCD, 0x13, 0x2B, 0x1D, 0xAF, 0x37, 0x16, 0x13, 0xC6, 0xD4, 0x82, 0x81, 0x7F, 0x3E, 0x31, 0x5A,
    0x96, 0xAF, 0x70, 0x2E, 0xBE, 0xB3, 0x92, 0xB6, 0x6E, 0x2E, 0x66, 0xB7, 0xC1, 0x9D, 0xFF, 0x07,
    0xE5, 0x5B, 0x3D, 0xB3, 0xDD, 0xC8, 0x71, 0x1D, 0x00, 0x26, 0x51, 0x36, 0xEC, 0x02, 0x83, 0x55,
    0x95, 0xCD, 0x17, 0x20, 0x51, 0x60, 0x53, 0x55, 0xC6, 0x1F, 0x50, 0x11, 0x10, 0x37, 0xD8, 0x40,
    0x81, 0x15, 0x68, 0x7F, 0x84, 0x99, 0xD0, 0xA1, 0x03, 0x53, 0xB8, 0xDE, 0x0D, 0x1D, 0xEC, 0x4B,
    0x1C, 0x9B, 0xC1, 0x06, 0x12, 0x15, 0x30, 0x75, 0x40, 0x12, 0x70, 0x29, 0x50, 0x8A, 0x92, 0x42,
    0x07, 0x42, 0xC9, 0x74, 0xD9, 0xE6, 0x06, 0x0B, 0x4B, 0xB0, 0x0D, 0x72, 0x01, 0xB4, 0xFB, 0x9C,
    0x1E, 0xE0, 0xDE, 0xFB, 0xBE, 0x28, 0x6F, 0x49, 0xC5, 0x47, 0xFA, 0x92, 0xC0, 0xDC, 0x87, 0x0B,
    0xCC, 0x74, 0xF7, 0xF4, 0x9C, 0xFE, 0x98, 0x86, 0x73, 0xDF, 0x77, 0x2E, 0x12, 0xE7, 0x12, 0x69,
    0x5C, 0x2A, 0xED, 0xC1, 0xD1, 0xF0, 0x3A, 0x7E, 0x4F, 0x47, 0xE7, 0x72, 0x3D, 0x8A, 0xC1, 0xB9,
    0x4A, 0x8F, 0x5A, 0x0F, 0x19, 0x5C, 0xA0, 0x47, 0x24, 0x3D, 0x8F, 0x44, 0x8F, 0x74, 0x3B, 0x3A,
    0x97, 0x69, 0x17, 0xB9, 0x76, 0x51, 0xF8, 0xC3, 0xB9, 0x40, 0x1F, 0x72, 0x2E, 0xEC, 0x71, 0x8E,
    0xF1, 0x3D, 0x14, 0xD9, 0x69, 0xBF, 0x22, 0xE8, 0x4D, 0x64, 0xD2, 0x7E, 0x44, 0x16, 0xED, 0x49,
    0x7E, 0x21, 0xFA, 0xFC, 0x67, 0x3F, 0x6D, 0xF5, 0xC9, 0x4C, 0x6F, 0x29, 0xA6, 0xBC, 0xD4, 0x81,
    0xA7, 0xDC, 0x61, 0xE8, 0xC2, 0x61, 0xF0, 0xBB, 0x38, 0xF7, 0x0F, 0x79, 0x7E, 0xC6, 0x2B, 0xD3,
    0x2D, 0xFD, 0x75, 0x9A, 0x9E, 0x97, 0xFA, 0x94, 0x28, 0x15, 0xDA, 0xB1, 0xD2, 0x91, 0x0A, 0x46,
    0xD1, 0xA1, 0x66, 0xBD, 0xE9, 0x81, 0x9C, 0x62, 0xF0, 0x0E, 0x24, 0x24, 0x2D, 0xCF, 0xA0, 0xCC,
    0xB9, 0x9B, 0xF2, 0x0A, 0x4D, 0x8D, 0x27, 0x5C, 0x4C, 0x62, 0xF8, 0xA4, 0xF2, 0x5F, 0xC8, 0x4B,
    0xF4, 0x50, 0x2D, 0x2E, 0x5B, 0x4A, 0x25, 0xC2, 0x45, 0xDA, 0x47, 0x3D, 0xF2, 0x31, 0xFD, 0x0B,
    0x9F, 0xC2, 0x37, 0x0B, 0x7B, 0xE4, 0xE0, 0x7C, 0xDA, 0x37, 0x18, 0x2E, 0x05, 0xAB, 0x68, 0x4A,
    0x6B, 0xF8, 0x40, 0x3E, 0x5B, 0x2F, 0xEC, 0x2C, 0x90, 0xD6, 0x3F, 0x7E, 0x1A, 0xEA, 0x70, 0x2A,
    0x89, 0x7A, 0x07, 0x82, 0x44, 0x85, 0x57, 0x59, 0x53, 0xBC, 0x64, 0xF3, 0x4D, 0x25, 0xF7, 0x3F,
    0x9C, 0xFF, 0xFC, 0xBE, 0x1E, 0xDF, 0x74, 0xC5, 0x3D, 0x39, 0x7D, 0xEE, 0x8A, 0x2F, 0x65, 0x59,
    0x38, 0xE4, 0x40, 0x59, 0x76, 0xCA, 0xCA, 0x17, 0x9C, 0x1B, 0xCC, 0x5A, 0x3A, 0xB9, 0x6C, 0xC4,
    0x7F, 0x7C, 0xE1, 0x9F, 0x29, 0xBF, 0xDB, 0x75, 0xBB, 0xC7, 0xEE, 0x8F, 0x36, 0xC9, 0x0D, 0xEC,
    0x73, 0xF6, 0xFD, 0xFF, 0x91, 0x8E, 0xF5, 0xA7, 0x7E, 0xDC, 0x7A, 0x82, 0xA0, 0xC6, 0x62, 0x06,
    0x37, 0x7D, 0x41, 0x41, 0x35, 0x99, 0x40, 0x86, 0xE0, 0x32, 0x50, 0x79, 0x27, 0xB2, 0xD3, 0x3B,
    0xF4, 0xAE, 0x06, 0x0A, 0x11, 0x49, 0x0B, 0x3D, 0x08, 0xA5, 0xAB, 0xC1, 0xBD, 0xFC, 0x27, 0x64,
    0xEC, 0xE4, 0x2B, 0xCC, 0x3E, 0x18, 0x04, 0xF7, 0x05, 0x35, 0x42, 0x67, 0x8E, 0x92, 0xCC, 0x78,
    0x87, 0x91, 0xA1, 0x7F, 0x50, 0x9E, 0xBE, 0x39, 0x96, 0x67, 0x41, 0xB1, 0x50, 0x4A, 0x0D, 0x27,
    0x91, 0xFA, 0x66, 0xD3, 0xE1, 0x8A, 0xF9, 0x60, 0xAA, 0xEA, 0xF6, 0xE2, 0x7F, 0xEE, 0xCC, 0xE7,
    0x8A, 0xFB, 0x12, 0xEA, 0x90, 0x8E, 0x82, 0xEE, 0x23, 0x6A, 0x17, 0x69, 0x6C, 0x41, 0xF7, 0x17,
    0xAA, 0x22, 0x50, 0x87, 0xD3, 0xB3, 0x5A, 0xA1, 0x34, 0xB6, 0xD6, 0x8C, 0xA6, 0xF9, 0xE2, 0x8C,
    0x99, 0x16, 0xF3, 0xCF, 0xAB, 0xD2, 0x27, 0x50, 0x52, 0xE9, 0x03, 0xED, 0x3A, 0xD0, 0x2B, 0x95,
    0x68, 0x23, 0x2E, 0x5F, 0xB0, 0x3C, 0x5A, 0xF0, 0x51, 0xC9, 0x2B, 0xC8, 0xC4, 0x0B, 0x21, 0xB6,
    0xC1, 0x95, 0x94, 0xD1, 0xC4, 0xC5, 0xA5, 0x15, 0x51, 0xA0, 0x5C, 0x9F, 0xCE, 0xDD, 0x72, 0xB8,
    0x78, 0x73, 0x0C, 0xD1, 0x14, 0xF2, 0x04, 0xC3, 0x15, 0x1B, 0xCD, 0x9E, 0x03, 0xDE, 0xFF, 0x00,
    0x94, 0xBB, 0xBC, 0xCC, 0x5D, 0xD5, 0x48, 0x23, 0x9D, 0x1D, 0xB5, 0x7E, 0xC7, 0x35, 0xAC, 0x90,
    0x17, 0x54, 0x52, 0x81, 0xC4, 0xBD, 0x8E, 0x2B, 0x1C, 0x9C, 0x80, 0xE2, 0x12, 0x47, 0x04, 0x76,
    0xF3, 0x26, 0xE9, 0x43, 0x39, 0x4D, 0xFA, 0x54, 0x75, 0x61, 0x8A, 0x86, 0x7C, 0xA7, 0x93, 0xE2,
    0xA6, 0xC2, 0x69, 0x77, 0xE5, 0xD3, 0xBB, 0xA1, 0xA8, 0xAE, 0x3E, 0x7C, 0x18, 0x61, 0xE0, 0xBB,
    0xD6, 0x14, 0x4F, 0x23, 0x4C, 0x50, 0x71, 0x74, 0xF1, 0x2E, 0xEE, 0xBC, 0xE5, 0x1E, 0xE2, 0xB9,
    0xE7, 0xEE, 0xA9, 0xEF, 0xC5, 0xF7, 0xE9, 0x47, 0xF0, 0xE3, 0xF9, 0xD1, 0x57, 0x5A, 0x3C, 0x65,
    0x9E, 0x4E, 0x15, 0x11, 0xA8, 0xBE, 0x7D, 0xAA, 0x12, 0x87, 0x3E, 0xAA, 0x40, 0x1F, 0xD5, 0x7A,
    0xBD, 0x2E, 0x6F, 0x42, 0xB0, 0x7A, 0x54, 0xAD, 0xB8, 0xFA, 0x93, 0x45, 0x25, 0xAB, 0x4A, 0x8E,
    0x7B, 0xFE, 0x6B, 0xC2, 0xD3, 0x03, 0x14, 0x3A, 0x96, 0xD6, 0xA4, 0xFD, 0x21, 0xBA, 0xAC, 0x16,
    0x20, 0xA4, 0xCE, 0x4B, 0x2E, 0x90, 0x5A, 0x57, 0x13, 0x22, 0x3E, 0xA1, 0x1C, 0xF4, 0x27, 0xCC,
    0xE3, 0x44, 0xAD, 0x2C, 0x96, 0x18, 0xFA, 0x97, 0x49, 0x84, 0x95, 0x9F, 0xCA, 0xDF, 0xDA, 0x5C,
    0x35, 0x98, 0x25, 0xBD, 0x54, 0x71, 0x80, 0x9E, 0x6A, 0x21, 0x23, 0x56, 0xCC, 0x9D, 0xC7, 0xFA,
    0xD9, 0x15, 0x5C, 0xE3, 0xE7, 0xCF, 0x9C, 0xCB, 0xAF, 0x75, 0xBE, 0xBF, 0xBB, 0xFD, 0xF8, 0xF1,
    0x23, 0xED, 0xA5, 0xC7, 0xA1, 0x22, 0xEC, 0x6C, 0x99, 0xFD, 0xE6, 0x53, 0xA9, 0x8F, 0x60, 0x2A,
    0x15, 0x3C, 0x31, 0x95, 0x62, 0x53, 0xB9, 0x04, 0x98, 0x4A, 0xB7, 0xA8, 0x14, 0x1F, 0x3E, 0xE4,
    0x5F, 0x77, 0x1F, 0x02, 0xBF, 0x75, 0x2A, 0x1D, 0x80, 0xB3, 0xC0, 0x5F, 0xAD, 0x4E, 0xA5, 0x5B,
    0xF2, 0x4E, 0xA7, 0xD2, 0x2D, 0xE9, 0x80, 0xA9, 0x5C, 0xB4, 0x5B, 0x9D, 0x4A, 0x7D, 0x00, 0x53,
    0xA9, 0x8F, 0x7F, 0xAA, 0x53, 0x89, 0x05, 0xF5, 0x7F, 0x98, 0x4A, 0x00, 0x84, 0x32, 0x51, 0xEA,
    0x1A, 0x2F, 0xB9, 0x86, 0xEA, 0x53, 0xA0, 0x90, 0x0A, 0x7B, 0x71, 0x45, 0x5B, 0x97, 0x55, 0x59,
    0x34, 0xB5, 0x76, 0xC5, 0x43, 0xBF, 0x57, 0x6D, 0x0D, 0x31, 0x96, 0xF8, 0x1D, 0xF7, 0xE1, 0xFE,
    0xF3, 0xA2, 0xBA, 0xFF, 0x58, 0x5E, 0x3E, 0x46, 0x7F, 0xD6, 0xEB, 0x99, 0xF3, 0xE5, 0x02, 0xDE,
    0x7F, 0xEE, 0x63, 0x0A, 0x2F, 0xEF, 0x21, 0xD6, 0xA3, 0x52, 0x66, 0x44, 0xC6, 0x60, 0x49, 0x26,
    0xF7, 0x41, 0xAC, 0x1C, 0x27, 0x4A, 0x4E, 0x06, 0xC5, 0x6A, 0x55, 0x3B, 0x4B, 0x97, 0x4D, 0xCA,
    0x6A, 0xA7, 0x5C, 0xFF, 0x7D, 0x99, 0xDB, 0xE4, 0x37, 0x84, 0xC3, 0x6C, 0x86, 0x08, 0x1A, 0x5D,
    0xA7, 0x5D, 0x38, 0xE4, 0x3D, 0x9F, 0x09, 0xEA, 0x96, 0x08, 0x08, 0x3B, 0x92, 0x11, 0xF3, 0x1A,
    0xA7, 0xDC, 0x66, 0x5D, 0xDD, 0xE8, 0xB3, 0xBB, 0x04, 0x2B, 0xBB, 0x56, 0x71, 0xA9, 0xF1, 0xAC,
    0x5A, 0x35, 0x2C, 0xAA, 0x7D, 0x99, 0xEA, 0x78, 0x07, 0xA1, 0x96, 0x11, 0x0D, 0x3D, 0x34, 0x12,
    0x4D, 0x82, 0x21, 0x60, 0x74, 0x4B, 0x00, 0x0D, 0x3A, 0x54, 0xA0, 0x61, 0xA3, 0x66, 0xC1, 0x1A,
    0x00, 0x90, 0xDA, 0x28, 0x00, 0x90, 0x1A, 0x7E, 0xC0, 0x9A, 0xB2, 0x52, 0x59, 0xA3, 0x32, 0x0D,
    0x80, 0x58, 0x83, 0xF2, 0x30, 0xC4, 0xB4, 0x3B, 0x8B, 0x42, 0xE3, 0x2E, 0x22, 0xE7, 0x68, 0x66,
    0x15, 0x40, 0x4C, 0xFD, 0xC3, 0x8C, 0x96, 0x89, 0xAC, 0xD6, 0xCF, 0x37, 0x99, 0xB7, 0x85, 0x47,
    0x68, 0xED, 0xB1, 0x93, 0x3A, 0x60, 0x56, 0xB0, 0x64, 0x8F, 0xFA, 0xD0, 0x98, 0xC2, 0xB4, 0x0F,
    0x7A, 0x2E, 0xA4, 0x4F, 0x3B, 0xFD, 0xB1, 0xCF, 0x5A, 0x95, 0x6C, 0x07, 0x05, 0x52, 0x98, 0xC4,
    0xB9, 0x29, 0x76, 0x38, 0x57, 0x90, 0xBA, 0xEA, 0x82, 0xDE, 0xBF, 0xA3, 0x87, 0x53, 0xD2, 0xF2,
    0x38, 0x2E, 0xBD, 0x00, 0x23, 0x2D, 0x21, 0x56, 0xE3, 0x0C, 0x05, 0x0C, 0xA7, 0x08, 0x0B, 0x74,
    0x82, 0x6B, 0x12, 0x4D, 0x09, 0xCE, 0x23, 0xF4, 0x33, 0xC6, 0x50, 0xAA, 0xA4, 0x29, 0x16, 0x33,
    0x86, 0x72, 0x29, 0x86, 0x72, 0x19, 0x86, 0x52, 0x35, 0x2B, 0xB0, 0xE4, 0x9B, 0xCA, 0xCE, 0x40,
    0xFF, 0x5D, 0x0D, 0x73, 0xC3, 0xA1, 0xB4, 0xAF, 0x1C, 0xB8, 0x02, 0x28, 0xD7, 0xFF, 0xFA, 0x45,
    0xFF, 0xC4, 0x00, 0xEA, 0xAA, 0xFC, 0xB5, 0x0B, 0x60, 0x69, 0x4B, 0xCE, 0x65, 0xF7, 0x41, 0x0E,
    0xEB, 0x08, 0x87, 0x20, 0x53, 0x73, 0xAF, 0xB3, 0xA8, 0x93, 0xAF, 0x90, 0x50, 0x7E, 0x43, 0x40,
    0xB0, 0x2E, 0x99, 0x70, 0x71, 0x0A, 0x94, 0x4A, 0xA8, 0xFE, 0x8F, 0xD5, 0x5C, 0xAB, 0x01, 0x1F,
    0xA8, 0x07, 0x89, 0x2E, 0x39, 0x18, 0xCC, 0xE2, 0x67, 0x8A, 0x64, 0xCA, 0xE6, 0xF6, 0x4F, 0x1F,
    0xAA, 0x3F, 0x9D, 0x75, 0x5C, 0xFC, 0xDE, 0xBB, 0x9B, 0x34, 0x4D, 0x33, 0x40, 0x4C, 0xFF, 0x8E,
    0x00, 0x04, 0xA9, 0xDC, 0xC3, 0x0A, 0xD3, 0x4B, 0xB0, 0x01, 0x7A, 0x09, 0x98, 0xA6, 0xA6, 0x82,
    0x93, 0x20, 0x03, 0x80, 0x4E, 0xED, 0x3C, 0x6D, 0xEC, 0x15, 0xB0, 0x27, 0x53, 0xAE, 0x77, 0xA8,
    0x0F, 0x58, 0xD1, 0x17, 0xF8, 0x27, 0xF4, 0x55, 0x48, 0x4C, 0x7B, 0x07, 0x71, 0xC1, 0x6A, 0x56,
    0x40, 0xCE, 0x1D, 0x1D, 0xC2, 0x88, 0xAE, 0xC2, 0x0E, 0x6E, 0x87, 0xB6, 0xAA, 0x75, 0x03, 0xE7,
    0x84, 0xDA, 0x89, 0x16, 0xF4, 0x81, 0x5F, 0x8C, 0xAA, 0x4C, 0xC7, 0x34, 0x52, 0x33, 0x6F, 0x07,
    0xEF, 0x45, 0x6F, 0xAD, 0xF6, 0x7A, 0xE7, 0x34, 0x1E, 0xD1, 0xAB, 0x82, 0xD4, 0xA0, 0xBD, 0x2A,
    0xFD, 0x49, 0x9F, 0xCC, 0x74, 0x5C, 0xE1, 0xD1, 0xD0, 0xEB, 0xD4, 0xDB, 0x45, 0x17, 0x87, 0xF6,
    0x1A, 0xCD, 0x35, 0xFC, 0xC0, 0x32, 0x1D, 0xB0, 0x20, 0x01, 0x17, 0x3A, 0x98, 0xF6, 0x6A, 0xBE,
    0xE2, 0x60, 0x6D, 0xD5, 0x05, 0xF4, 0x7D, 0xF0, 0x28, 0x64, 0x2D, 0x36, 0x58, 0x02, 0x81, 0xC4,
    0xE3, 0xEF, 0x96, 0x1F, 0x55, 0x4F, 0xF2, 0xA3, 0x40, 0x01, 0x7E, 0x94, 0x90, 0xF1, 0x0F, 0x1E,
    0x25, 0x73, 0x38, 0xC3, 0xFB, 0x56, 0x7E, 0x3E, 0x00, 0x01, 0xB8, 0x3D, 0x1D, 0xAC, 0x57, 0x05,
    0x02, 0xF6, 0xAA, 0x04, 0xA1, 0x57, 0xD5, 0x25, 0xF6, 0x0A, 0x25, 0xCA, 0xE1, 0x9C, 0xF7, 0x24,
    0x22, 0xF5, 0x08, 0x56, 0x10, 0x44, 0x08, 0xA1, 0x4D, 0x42, 0x5F, 0x42, 0x89, 0x3E, 0x81, 0xDB,
    0xFB, 0x31, 0x6E, 0x10, 0xE3, 0x08, 0x30, 0x43, 0x96, 0x88, 0x35, 0xE4, 0xFB, 0x96, 0xEA, 0x7F,
    0x46, 0x0F, 0x43, 0xE1, 0x9C, 0xE4, 0x42, 0x87, 0x88, 0x80, 0x29, 0xF8, 0xDA, 0x99, 0x3B, 0x16,
    0xD9, 0x3A, 0xAE, 0x9B, 0xD4, 0xFB, 0x3D, 0x2D, 0x25, 0x11, 0x34, 0xBA, 0x2C, 0x20, 0x0A, 0x80,
    0x93, 0x34, 0xC1, 0x63, 0x78, 0x2F, 0xF7, 0x14, 0x07, 0x00, 0xC8, 0x8B, 0xD2, 0x8D, 0x85, 0x5F,
    0x77, 0x98, 0x08, 0x2E, 0xFD, 0xA2, 0x8F, 0xC4, 0x5C, 0xB5, 0x2E, 0xFD, 0x6A, 0x32, 0xAC, 0x2D,
    0xFE, 0x6D, 0xA4, 0xA7, 0xE2, 0xE4, 0xBB, 0xE8, 0x32, 0x99, 0xA3, 0x19, 0x6B, 0x52, 0xA9, 0x4A,
    0x0C, 0xA0, 0x8B, 0x3E, 0x35, 0x8F, 0xAA, 0x6E, 0xED, 0x4B, 0x40, 0x43, 0xDC, 0x5A, 0x64, 0xE3,
    0xB0, 0x50, 0x49, 0x55, 0x41, 0xD8, 0xBE, 0x51, 0xDA, 0x40, 0xEC, 0x7C, 0xA4, 0x29, 0x9C, 0x78,
    0x9E, 0xB7, 0xEF, 0xCE, 0xCE, 0x76, 0x8F, 0xDD, 0xCF, 0x4F, 0xF0, 0xB1, 0x99, 0x22, 0xEA, 0xB6,
    0xCD, 0xAC, 0x39, 0x72, 0x33, 0xBF, 0xD2, 0xDE, 0x2F, 0x9B, 0xB7, 0x57, 0x2D, 0xDE, 0x53, 0x0E,
    0x4E, 0x1D, 0x0C, 0xD0, 0xA2, 0x76, 0xEB, 0x25, 0x70, 0x89, 0x56, 0x01, 0xF1, 0xC9, 0x4C, 0x27,
    0x4E, 0x1F, 0x3B, 0xB1, 0x00, 0xC4, 0xB9, 0xEF, 0xF1, 0x1C, 0x9A, 0x0C, 0xBD, 0x4C, 0x23, 0x8B,
    0x1A, 0x56, 0xAB, 0x53, 0x74, 0x16, 0xB3, 0x3C, 0x72, 0x97, 0x7D, 0x8C, 0x15, 0x60, 0x31, 0x83,
    0x2D, 0x6B, 0x52, 0x92, 0x4A, 0xAF, 0xC7, 0x3C, 0x6E, 0x76, 0x49, 0xF9, 0x05, 0xF2, 0x3F, 0x10,
    0x58, 0x24, 0xFF, 0x82, 0x26, 0x91, 0x9F, 0x98, 0x03, 0xF3, 0x21, 0x57, 0x90, 0x84, 0x74, 0xAE,
    0xE7, 0x90, 0x8B, 0x7D, 0x84, 0x91, 0x0A, 0x01, 0xF9, 0x88, 0x2E, 0x3A, 0xC7, 0x70, 0xEF, 0xE5,
    0x63, 0x6D, 0xE0, 0x95, 0x4A, 0x4F, 0xF7, 0x52, 0x21, 0x80, 0x91, 0xCB, 0x18, 0xD0, 0x0C, 0x8C,
    0x11, 0x75, 0x71, 0xC2, 0xFD, 0xF4, 0x92, 0x1A, 0xC6, 0x74, 0x9C, 0xA3, 0xB9, 0x92, 0xBD, 0x93,
    0xEC, 0xB9, 0x8F, 0xCD, 0x83, 0xCD, 0xA6, 0xA3, 0xF0, 0xA8, 0x33, 0x5E, 0x28, 0x8A, 0x9B, 0x9F,
    0xBF, 0x77, 0xBC, 0x3F, 0x33, 0xF2, 0x63, 0x0B, 0x6C, 0xB4, 0xAB, 0xCE, 0xB8, 0xF9, 0x92, 0xEC,
    0xA7, 0x0B, 0x1D, 0x63, 0x77, 0xFB, 0x73, 0x77, 0xDF, 0x5D, 0xF1, 0xF1, 0xDC, 0xAF, 0xEC, 0xAF,
    0xFC, 0xAF, 0x02, 0x58, 0x25, 0xB0, 0x8A, 0xC0, 0xCB, 0x60, 0x15, 0xC2, 0x2A, 0x85, 0x55, 0x0C,
    0xAB, 0x1C, 0x56, 0x41, 0xAC, 0x92, 0xF0, 0xA2, 0x58, 0x65, 0xB1, 0x0A, 0x63, 0x95, 0xC6, 0x2A,
    0x8E, 0x55, 0x1E, 0x5E, 0x20, 0xCE, 0x4B, 0xC4, 0x79, 0x91, 0x38, 0x2F, 0x13, 0xE7, 0x85, 0xE2,
    0xBC, 0x54, 0xDC, 0xA1, 0x58, 0xEA, 0x32, 0x29, 0x49, 0xD8, 0x8B, 0xA2, 0xF1, 0xD1, 0x20, 0x43,
    0xC4, 0x96, 0x51, 0xA4, 0xBB, 0x53, 0x26, 0xC3, 0xFF, 0x27, 0x79, 0x04, 0x03, 0x13, 0x28, 0xF1,
    0x9C, 0x30, 0x36, 0x5E, 0xD2, 0x79, 0xDF, 0xF8, 0x8B, 0xFE, 0x96, 0xF7, 0x69, 0x71, 0x9C, 0xD8,
    0x1C, 0xD7, 0x26, 0x02, 0xD3, 0x80, 0x68, 0x82, 0x17, 0xE6, 0xA2, 0x21, 0x6D, 0x0F, 0x9A, 0xB9,
    0x6A, 0xF6, 0xB7, 0x38, 0x63, 0x25, 0x32, 0xA6, 0x2F, 0xE4, 0xB6, 0xB8, 0x90, 0xDB, 0x9F, 0x1F,
    0x70, 0x9B, 0xBE, 0x91, 0xDB, 0xE8, 0xB7, 0x0E, 0x83, 0x7C, 0xCA, 0x92, 0x12, 0xA1, 0x6C, 0x51,
    0x20, 0x6D, 0xC5, 0xFA, 0x3D, 0x33, 0x07, 0x7B, 0x55, 0x5E, 0xAF, 0xB7, 0xE0, 0x7C, 0x9B, 0xFC,
    0xF8, 0xE0, 0x7B, 0x6A, 0x69, 0x28, 0x0F, 0x2D, 0xB2, 0x25, 0x3C, 0xB6, 0xFE, 0xC0, 0xF6, 0x57,
    0xB2, 0xDE, 0x95, 0xCA, 0x3F, 0x6F, 0x14, 0x14, 0xF2, 0x17, 0xDB, 0x5D, 0xB2, 0xA4, 0xEB, 0xF7,
    0x50, 0x3D, 0xF1, 0x95, 0x82, 0x44, 0x3A, 0xEF, 0xC6, 0x43, 0xB0, 0x2F, 0xEB, 0xC5, 0xED, 0xF9,
    0xB0, 0xF5, 0x67, 0x7C, 0xCC, 0x6E, 0xCF, 0x87, 0xF7, 0xF0, 0xB3, 0x83, 0xEF, 0x90, 0x81, 0x67,
    0x91, 0x8A, 0xEA, 0x59, 0x8C, 0x7D, 0x82, 0x10, 0x2C, 0x22, 0x93, 0x64, 0xD2, 0x64, 0xC2, 0xC9,
    0x8B, 0xE7, 0x38, 0x85, 0xE7, 0x53, 0x23, 0x33, 0x27, 0x19, 0x0F, 0xD5, 0xF2, 0x5A, 0xFB, 0x0C,
    0x05, 0xF1, 0x4D, 0x8B, 0xFC, 0x48, 0xF4, 0x8A, 0x29, 0x4E, 0xA7, 0x51, 0x97, 0x31, 0x90, 0xCB,
    0x61, 0xAE, 0xA6, 0x3A, 0x4C, 0x19, 0x31, 0xD3, 0xF5, 0x86, 0x06, 0x86, 0xFE, 0xF7, 0x40, 0x10,
    0xDC, 0x7F, 0xED, 0xAC, 0x85, 0x17, 0xA1, 0x9E, 0xC0, 0x13, 0xA6, 0xBF, 0x28, 0xD5, 0xC0, 0x4F,
    0x51, 0x2E, 0xE6, 0x72, 0xD4, 0xCC, 0xB7, 0xB8, 0x6F, 0x1B, 0xE7, 0xCB, 0x6E, 0x9F, 0xB3, 0x41,
    0xE0, 0x71, 0x60, 0x06, 0x53, 0x9B, 0xC4, 0xC4, 0xCF, 0xF5, 0xFA, 0xB9, 0x65, 0xEB, 0xF9, 0xC8,
    0x4F, 0x08, 0xFD, 0x3D, 0xEB, 0xC4, 0xF5, 0x6F, 0xF0, 0x13, 0xBC, 0xAA, 0xE6, 0x07, 0x1A, 0xDB,
    0x59, 0xD3, 0xAE, 0x29, 0xC7, 0x55, 0x06, 0xE3, 0x21, 0x7D, 0x46, 0x51, 0x60, 0x4D, 0x68, 0x90,
    0x16, 0x19, 0xC2, 0x1D, 0x34, 0x3E, 0x93, 0xDA, 0x6D, 0xB4, 0x1F, 0xE7, 0x40, 0xD7, 0xB8, 0xEF,
    0xA8, 0xB9, 0x90, 0x06, 0x9F, 0x04, 0x3D, 0x50, 0x78, 0xEF, 0x27, 0x78, 0x39, 0xA5, 0x47, 0x59,
    0xD8, 0x35, 0x0B, 0xF6, 0x06, 0x3F, 0xE1, 0x9D, 0xE5, 0xFD, 0xF9, 0xA1, 0x9B, 0x90, 0x73, 0xBD,
    0x7A, 0x27, 0x21, 0x11, 0xFA, 0x08, 0x70, 0x11, 0xCA, 0xF7, 0x8A, 0xE9, 0x60, 0x0C, 0x07, 0x82,
    0x3B, 0xED, 0x5B, 0x22, 0xB4, 0x76, 0xBE, 0xF1, 0x17, 0xFD, 0x2D, 0xEF, 0x11, 0xD3, 0x1F, 0x90,
    0xA2, 0xCD, 0xED, 0xB7, 0xFC, 0x78, 0xBF, 0xAA, 0x7B, 0xF0, 0xC3, 0x73, 0x7C, 0x32, 0xA1, 0x9B,
    0x02, 0xF7, 0x32, 0x61, 0xCC, 0xAF, 0xA7, 0x3B, 0xF5, 0xF2, 0xB9, 0x07, 0x32, 0x32, 0x47, 0xD6,
    0x2C, 0xAB, 0xD6, 0xD3, 0x5D, 0xC1, 0xA9, 0x63, 0xEC, 0x8F, 0x53, 0xC3, 0x44, 0xA5, 0x05, 0x78,
    0xC6, 0x08, 0xD9, 0x48, 0x65, 0xE5, 0x04, 0xC1, 0xDA, 0xED, 0x5A, 0x7E, 0x68, 0xBD, 0x17, 0xC0,
    0xB2, 0x02, 0x82, 0xA9, 0x56, 0x53, 0x03, 0xAA, 0x99, 0x59, 0x89, 0xF9, 0xCC, 0xE2, 0xFD, 0x77,
    0x6E, 0x6E, 0x04, 0x3F, 0xBA, 0x96, 0x34, 0xE7, 0xE5, 0x16, 0x5E, 0xA4, 0xC4, 0xE6, 0xEA, 0x2B,
    0x46, 0xD3, 0x3B, 0xED, 0xEB, 0xE6, 0x8F, 0xDC, 0xED, 0xDD, 0x05, 0x3A, 0x65, 0xC9, 0x73, 0x12,
    0x6E, 0x94, 0x5B, 0xE7, 0x9E, 0xF6, 0x75, 0xB3, 0x61, 0xDC, 0x6B, 0x13, 0x87, 0x32, 0x5D, 0x0A,
    0xFD, 0xB9, 0x73, 0x9E, 0x07, 0x63, 0xC2, 0xB8, 0x30, 0x36, 0xBC, 0x12, 0x99, 0x0E, 0x59, 0x9E,
    0xCC, 0x14, 0x89, 0x59, 0x32, 0x32, 0xE3, 0x07, 0x24, 0x3B, 0xC6, 0xCF, 0xC6, 0xD0, 0x43, 0xF7,
    0x14, 0x63, 0xDD, 0x43, 0x14, 0x2F, 0x9F, 0x6A, 0x1F, 0x76, 0xB6, 0x2B, 0xF6, 0xEB, 0xBB, 0xC5,
    0x91, 0x46, 0xF9, 0xAF, 0xF6, 0x3B, 0x41, 0x7E, 0x5F, 0x2E, 0xB5, 0xF5, 0x92, 0xC9, 0x63, 0xAE,
    0x6E, 0xCB, 0xEF, 0xC2, 0x80, 0x63, 0x92, 0x67, 0xFA, 0xCD, 0xB0, 0x08, 0x7A, 0xA5, 0x62, 0xAF,
    0x58, 0xFF, 0x4D, 0x2E, 0xDC, 0xFD, 0x28, 0xD8, 0x94, 0x85, 0x54, 0xCC, 0x5B, 0x2F, 0x58, 0x7B,
    0x6A, 0xC4, 0x99, 0xB0, 0xAF, 0xE7, 0xC8, 0xB2, 0x5A, 0x31, 0xDD, 0x8B, 0x11, 0x4D, 0x82, 0xBD,
    0x99, 0x06, 0x86, 0x5D, 0xD9, 0x80, 0x73, 0xA9, 0xBE, 0x1E, 0x36, 0x80, 0x32, 0x73, 0xF2, 0x72,
    0x5B, 0xB3, 0xB9, 0xAC, 0xA4, 0xFB, 0x58, 0x3E, 0x9C, 0xDD, 0x9F, 0x9B, 0x6C, 0xDB, 0xD5, 0xD9,
    0x34, 0x17, 0xFB, 0x9E, 0x79, 0x3C, 0x8F, 0x35, 0x8C, 0xB9, 0x3C, 0x74, 0xC9, 0x40, 0x0D, 0x81,
    0xAB, 0xA7, 0x9C, 0x0B, 0x26, 0x59, 0x01, 0x1B, 0x93, 0x0B, 0x89, 0x1B, 0x13, 0xE5, 0x8C, 0xAD,
    0x8B, 0xC8, 0x00, 0x84, 0x12, 0xC7, 0x20, 0xC0, 0x22, 0x75, 0x66, 0x4B, 0xEE, 0xC4, 0xFD, 0x1A,
    0x1B, 0x70, 0xFA, 0xC8, 0x2F, 0xB9, 0x41, 0xA7, 0xDC, 0x49, 0xAB, 0x0B, 0x53, 0x1F, 0x91, 0x3E,
    0xE7, 0xA3, 0x75, 0x5F, 0x20, 0xF8, 0xD8, 0x15, 0x83, 0xB6, 0xFA, 0x68, 0x31, 0x31, 0x08, 0x29,
    0xF3, 0x49, 0x27, 0x5C, 0x1F, 0x4D, 0x67, 0x1D, 0x3A, 0x43, 0xF2, 0xD5, 0x24, 0x9D, 0xB0, 0x9D,
    0x2D, 0x59, 0x54, 0x4C, 0x5B, 0x1B, 0x12, 0xCE, 0x26, 0xCB, 0x26, 0x41, 0x57, 0x08, 0x68, 0x9C,
    0xC7, 0xDD, 0x0A, 0x0E, 0x60, 0xDF, 0x1D, 0x66, 0x33, 0x6A, 0xF3, 0x38, 0x8B, 0xE1, 0xD0, 0x96,
    0x5F, 0x00, 0x6F, 0x5B, 0x08, 0x63, 0x9E, 0x53, 0x25, 0xB6, 0x9F, 0x42, 0xAF, 0x2A, 0x5B, 0x91,
    0xF4, 0x75, 0x0D, 0x97, 0x1C, 0x72, 0x50, 0x67, 0x1B, 0x01, 0xD6, 0x94, 0x70, 0x4E, 0x17, 0x73,
    0xB6, 0x85, 0x00, 0xAC, 0xB3, 0xBF, 0x10, 0x8C, 0xE9, 0xE7, 0x69, 0xC3, 0xD4, 0x90, 0xD0, 0x97,
    0x53, 0x5D, 0x38, 0x68, 0xAA, 0x99, 0x8D, 0x4C, 0x35, 0xF3, 0x3B, 0x63, 0xC5, 0x1C, 0x68, 0x5F,
    0x70, 0xC8, 0x16, 0xC6, 0xB7, 0x86, 0x2E, 0xC8, 0x13, 0x59, 0x8C, 0x94, 0xD1, 0x1C, 0xD5, 0x96,
    0x6B, 0x68, 0x36, 0x6A, 0x57, 0xFC, 0xF0, 0xDC, 0x2F, 0x87, 0x1E, 0x9B, 0xCF, 0x81, 0xAF, 0xAE,
    0x0B, 0xB5, 0xE1, 0x02, 0x98, 0x7C, 0xD7, 0x79, 0xBF, 0xE1, 0x27, 0xDE, 0x07, 0x0E, 0xFD, 0x7E,
    0x77, 0xD7, 0xD5, 0xFF, 0x2D, 0x86, 0x17, 0x20, 0x12, 0x70, 0x7B, 0xFA, 0x7E, 0xF1, 0x9E, 0xBF,
    0x40, 0xB9, 0x41, 0xB0, 0x77, 0x18, 0xF4, 0x9E, 0x64, 0x38, 0x59, 0xDC, 0xD5, 0x9F, 0x77, 0x94,
    0xDB, 0x1F, 0x58, 0x1A, 0xCB, 0x2C, 0x4D, 0xA8, 0x01, 0x74, 0xB9, 0x35, 0xDE, 0xFC, 0xAC, 0xB7,
    0xBC, 0x67, 0xBC, 0x07, 0x08, 0x00, 0x63, 0x35, 0x11, 0xC8, 0xCA, 0xD7, 0x4D, 0x35, 0x85, 0xD8,
    0xF1, 0xD2, 0x48, 0x3F, 0x95, 0x2F, 0xB9, 0x0D, 0xC6, 0x4D, 0xFC, 0xD1, 0xE7, 0xF5, 0x72, 0xAB,
    0x53, 0x40, 0xFE, 0x5E, 0x26, 0x6E, 0x72, 0xE9, 0xA5, 0xCF, 0xA4, 0x81, 0x09, 0xEA, 0x8B, 0x51,
    0x81, 0x20, 0x51, 0x40, 0x2D, 0xC3, 0x9D, 0xFB, 0xC3, 0x73, 0xD2, 0x79, 0x20, 0xA7, 0x71, 0xC9,
    0xD1, 0x97, 0xDC, 0x57, 0x3B, 0x30, 0x46, 0x16, 0x6F, 0xBA, 0xD5, 0x98, 0x4D, 0x44, 0xDC, 0x10,
    0xC6, 0x46, 0xB8, 0x7B, 0x88, 0xCD, 0x39, 0xDC, 0xB2, 0x83, 0x85, 0xB3, 0x1D, 0x42, 0x05, 0xE8,
    0xCF, 0x60, 0x17, 0x76, 0x21, 0x24, 0x97, 0x49, 0x99, 0x0C, 0x29, 0xEC, 0xA3, 0x2B, 0x5A, 0x6B,
    0x61, 0x3C, 0xD4, 0x50, 0x46, 0xB4, 0x04, 0x85, 0x70, 0xD7, 0x4D, 0xA9, 0xAF, 0x1A, 0x6E, 0x63,
    0x71, 0xEF, 0x15, 0x5E, 0x1B, 0xA7, 0x80, 0x41, 0x6A, 0xCC, 0x4A, 0x93, 0x11, 0x56, 0x12, 0xA2,
    0xFA, 0x42, 0xB8, 0x41, 0x69, 0x64, 0x55, 0x3E, 0x01, 0x56, 0xF9, 0x84, 0xFD, 0x1F, 0xFB, 0x52,
    0x9C, 0xB3, 0xA1, 0x5C, 0x3C, 0xFB, 0xE8, 0xE6, 0x28, 0x9E, 0xAD, 0xCD, 0x52, 0x5C, 0x0E, 0x0D,
    0xE8, 0xBA, 0xB6, 0x22, 0x07, 0x19, 0x22, 0xB3, 0x9B, 0xB0, 0xE2, 0xFA, 0x83, 0x59, 0x71, 0x36,
    0xFA, 0x43, 0xC2, 0x2D, 0x8E, 0x36, 0xE5, 0x9E, 0x6C, 0xE3, 0x9B, 0x8C, 0x7B, 0x83, 0xBB, 0x9C,
    0x4E, 0x45, 0x59, 0xD0, 0x0D, 0xA2, 0x0B, 0xA1, 0x3F, 0x54, 0x74, 0x84, 0xCC, 0x85, 0x58, 0x18,
    0xEE, 0xEB, 0x0F, 0x98, 0x47, 0xBD, 0xC2, 0x4C, 0xDE, 0xC8, 0xBF, 0xF4, 0xAB, 0x36, 0x20, 0xA0,
    0x46, 0x9D, 0x01, 0x14, 0xF5, 0xA5, 0xD8, 0xA6, 0xCB, 0xEA, 0xAB, 0x4C, 0xDB, 0xF2, 0x77, 0xDF,
    0xE2, 0x06, 0x3C, 0x29, 0xB7, 0x40, 0x2D, 0x31, 0xE7, 0x39, 0x1F, 0x8E, 0x22, 0xD8, 0xD6, 0x12,
    0xBF, 0xC6, 0xFB, 0xA3, 0xF7, 0x8E, 0x77, 0x3F, 0xF1, 0xB3, 0x77, 0x76, 0x4A, 0xCB, 0xDE, 0xB4,
    0x9C, 0xFE, 0x7F, 0x18, 0x58, 0x1E, 0x85, 0x6D, 0x72, 0x77, 0xFF, 0xF4, 0x32, 0x8B, 0xF8, 0xAE,
    0xF2, 0x1E, 0x75, 0x2C, 0x41, 0x4B, 0x27, 0xEC, 0xE4, 0xB9, 0x6C, 0xCA, 0xA7, 0x7D, 0xE3, 0x2F,
    0xFA, 0x5B, 0xAE, 0x4A, 0x6C, 0xBF, 0xAB, 0xF3, 0x6E, 0x7E, 0x50, 0xB0, 0x1C, 0xAE, 0xF4, 0x6C,
    0x39, 0x5F, 0x09, 0x77, 0xB9, 0x1F, 0xF4, 0x86, 0xDA, 0x33, 0xAB, 0xF5, 0x69, 0x62, 0x62, 0xDE,
    0xBE, 0xF6, 0x6C, 0xB7, 0xAF, 0x3D, 0xFB, 0xD5, 0x5A, 0x7B, 0xD6, 0x1F, 0xD5, 0x9E, 0x95, 0xFB,
    0xDA, 0xB3, 0xD4, 0xBC, 0x93, 0x2D, 0xF9, 0xD6, 0x1C, 0x34, 0x17, 0x46, 0xF8, 0x67, 0xCA, 0x18,
    0x2E, 0xA8, 0x3D, 0x3B, 0x93, 0x0B, 0x38, 0x73, 0x8B, 0xC8, 0xEB, 0xD2, 0x70, 0xD2, 0xEF, 0x0F,
    0x2C, 0x5B, 0xCE, 0xD3, 0x52, 0xA2, 0x01, 0x73, 0xCB, 0x4D, 0x48, 0x94, 0x6D, 0x22, 0x66, 0xD9,
    0x1B, 0x4C, 0x38, 0xFF, 0x42, 0x20, 0xA4, 0x1C, 0x37, 0x41, 0x0D, 0x70, 0xE7, 0x73, 0xC4, 0x5E,
    0x2B, 0x07, 0x94, 0xC9, 0x0C, 0x28, 0xC1, 0x5F, 0xD4, 0xBA, 0x6A, 0xB3, 0x9C, 0x9E, 0xAD, 0xB6,
    0x38, 0xCE, 0x77, 0x5A, 0x51, 0x19, 0x50, 0x78, 0x33, 0xC7, 0x83, 0xE5, 0x41, 0x16, 0xAB, 0xCB,
    0xA0, 0x89, 0x54, 0x73, 0xBC, 0xC3, 0xB6, 0x77, 0x62, 0x59, 0x94, 0x08, 0xD5, 0x1A, 0x23, 0xB3,
    0x53, 0x8C, 0x8B, 0xA0, 0x8D, 0xDF, 0xA2, 0x0D, 0xEA, 0x2A, 0x0B, 0x5F, 0x6A, 0xD6, 0x17, 0xB6,
    0xB5, 0x05, 0x2F, 0xC2, 0xBA, 0x9C, 0x26, 0xF0, 0x21, 0x4B, 0xC1, 0xF9, 0xB3, 0x50, 0x83, 0x1A,
    0x99, 0xB1, 0xC0, 0x85, 0xEA, 0x51, 0x58, 0x25, 0x9C, 0xEA, 0x5A, 0x31, 0xC7, 0x3F, 0x46, 0x90,
    0x37, 0x31, 0xC1, 0x5D, 0x4D, 0x11, 0x26, 0xB0, 0x1E, 0xB9, 0xA9, 0x81, 0xA5, 0x70, 0x6A, 0x41,
    0x30, 0x99, 0x28, 0xF7, 0x91, 0x86, 0x05, 0x1A, 0x86, 0xB1, 0xC9, 0x74, 0xB1, 0x66, 0xDD, 0xF8,
    0xBE, 0xE5, 0xD0, 0xDB, 0x35, 0x08, 0xAE, 0xB6, 0x89, 0x50, 0xE2, 0x5F, 0x00, 0xA5, 0x4E, 0x7C,
    0xA2, 0x87, 0x3B, 0x91, 0xC1, 0x03, 0x3D, 0xDF, 0xB4, 0x4A, 0x24, 0x8B, 0xBB, 0xFE, 0x35, 0x63,
    0x91, 0x87, 0x92, 0x6A, 0x25, 0x33, 0x35, 0x37, 0xB6, 0x6B, 0x75, 0x20, 0x26, 0xDE, 0xC2, 0x0C,
    0x84, 0x55, 0x2C, 0x55, 0x58, 0x3D, 0x2F, 0x2A, 0x03, 0xFD, 0x7F, 0x24, 0x30, 0x2C, 0x7B, 0xC8,
    0xB7, 0xB9, 0xF1, 0x31, 0x75, 0x79, 0xBD, 0xA8, 0xF5, 0x29, 0x13, 0x2B, 0x87, 0x1C, 0xB8, 0x78,
    0x58, 0xD5, 0xF6, 0x33, 0x9B, 0xB5, 0xBA, 0xB9, 0x4E, 0xD4, 0x72, 0x7D, 0x1B, 0x0C, 0xF9, 0x9A,
    0xC7, 0xEB, 0x43, 0xDB, 0x33, 0x4B, 0xD5, 0x44, 0xF4, 0x3A, 0x3F, 0xDD, 0xCE, 0x21, 0xAF, 0xD8,
    0xAF, 0xD7, 0x88, 0xDA, 0xD0, 0x97, 0xE5, 0xDA, 0x0E, 0x28, 0x90, 0xB1, 0xFE, 0x08, 0xD7, 0x9F,
    0xD3, 0x7B, 0xB3, 0x73, 0xF5, 0xD1, 0xB0, 0xFD, 0x6A, 0x77, 0x86, 0xCB, 0x75, 0xA1, 0x5F, 0xC7,
    0x0D, 0x3E, 0xF6, 0xDB, 0x83, 0x0F, 0x80, 0x6F, 0xAA, 0x0F, 0xBF, 0xF2, 0x5B, 0x49, 0x72, 0x90,
    0x7E, 0x05, 0x50, 0xD6, 0x2F, 0x4E, 0x64, 0xFE, 0x0E, 0x52, 0x2F, 0x25, 0x40, 0x96, 0xE9, 0x09,
    0xA0, 0x5B, 0xAE, 0x0E, 0xEF, 0x13, 0xBF, 0x6F, 0x6B, 0xFB, 0x6E, 0x48, 0x11, 0xD9, 0x67, 0xC8,
    0xD6, 0x2F, 0x8A, 0x88, 0xE9, 0x5A, 0xFC, 0x61, 0x78, 0x5F, 0x8F, 0xF4, 0xC9, 0x4F, 0x15, 0xC0,
    0xF4, 0xF6, 0xD7, 0xF5, 0x42, 0xA6, 0x89, 0xA6, 0xC8, 0x78, 0x11, 0x5D, 0x95, 0x9C, 0x36, 0x83,
    0xDB, 0x1C, 0xD4, 0xAF, 0x94, 0xC8, 0x7F, 0xDF, 0x64, 0x75, 0x61, 0xA5, 0x3C, 0x40, 0xF2, 0x45,
    0x86, 0x24, 0x54, 0x19, 0x9F, 0x7A, 0x73, 0x72, 0x49, 0x9A, 0x6E, 0x3D, 0x0F, 0x9E, 0xA4, 0xE7,
    0x28, 0x8C, 0xFB, 0xC2, 0x27, 0xC5, 0xB9, 0x2C, 0x98, 0x25, 0x24, 0xE4, 0xE7, 0x44, 0xFB, 0xD4,
    0x0C, 0xC3, 0xE7, 0x07, 0x26, 0x6A, 0xD9, 0xCC, 0xB6, 0x55, 0xE8, 0x84, 0x72, 0xE8, 0xA1, 0x5C,
    0x86, 0xB7, 0xB6, 0x09, 0x75, 0x25, 0xDE, 0x9E, 0xE1, 0x6E, 0xDE, 0x73, 0x77, 0x82, 0xCA, 0x4D,
    0x84, 0x01, 0x05, 0x8A, 0x23, 0xAD, 0x6E, 0xA6, 0xA9, 0x0F, 0xCE, 0x96, 0x2D, 0x3F, 0xE4, 0x51,
    0xB9, 0xFB, 0x13, 0x47, 0x57, 0xC4, 0x8C, 0x5D, 0xEF, 0x6C, 0xC7, 0xD2, 0xBF, 0x01, 0x90, 0xAF,
    0x61, 0xC7, 0x79, 0xBC, 0x9D, 0x7E, 0x33, 0xBC, 0x7D, 0x1B, 0xD4, 0xE6, 0xE6, 0x16, 0x59, 0x36,
    0xD5, 0x7C, 0x16, 0x56, 0xEA, 0x11, 0x6F, 0x97, 0xAB, 0xF0, 0xF6, 0x2D, 0x50, 0xFB, 0xCC, 0x8D,
    0x2B, 0x82, 0x45, 0xF2, 0xD1, 0x76, 0xDE, 0x30, 0x6D, 0xBC, 0x46, 0xB2, 0xD5, 0xF8, 0x2B, 0xEE,
    0x91, 0x74, 0x4C, 0x16, 0xA6, 0xE4, 0xF4, 0xE7, 0x83, 0x7C, 0xBF, 0x5A, 0x35, 0x15, 0x74, 0x2D,
    0x63, 0x2D, 0x03, 0xB6, 0xF6, 0x91, 0x79, 0xE8, 0x55, 0xED, 0x23, 0xEC, 0x22, 0xC3, 0xE9, 0x8A,
    0xE1, 0x6C, 0x21, 0xC9, 0x6A, 0xAE, 0x8A, 0xC2, 0x91, 0xCF, 0x3A, 0x33, 0xB0, 0x43, 0xC5, 0x28,
    0xD4, 0x9F, 0x1E, 0x0F, 0x0B, 0x79, 0xCF, 0x86, 0xB0, 0x30, 0x9B, 0x15, 0x21, 0x6B, 0xD4, 0x63,
    0x70, 0x2C, 0x16, 0xF1, 0xE9, 0xDE, 0xD0, 0xFC, 0x56, 0xA6, 0x76, 0x71, 0xC0, 0xA7, 0x4A, 0xB8,
    0x03, 0x5E, 0xFA, 0xBA, 0x5F, 0xF3, 0x36, 0x99, 0xEB, 0x9E, 0xB6, 0xBD, 0x17, 0x59, 0xFD, 0xD4,
    0x8A, 0x7D, 0xFC, 0x62, 0xB2, 0xD2, 0xA1, 0x8B, 0xEA, 0x86, 0x58, 0x09, 0x91, 0xE1, 0x44, 0xA7,
    0x37, 0x87, 0x58, 0xEE, 0x58, 0x72, 0x64, 0x72, 0x17, 0xEE, 0xC0, 0xF8, 0x6D, 0x18, 0x56, 0xBA,
    0xB4, 0x17, 0xEC, 0xC0, 0x1C, 0x6D, 0xBE, 0xC4, 0x6D, 0xD2, 0x66, 0x43, 0xDE, 0xE7, 0x53, 0x31,
    0xE0, 0xC0, 0xF7, 0xB8, 0x4B, 0xDA, 0xDF, 0x9D, 0x00, 0xEC, 0xF3, 0x67, 0x65, 0x44, 0xD0, 0xCA,
    0xEC, 0x95, 0x90, 0xD2, 0xAF, 0x16, 0x57, 0xFB, 0x2A, 0x3F, 0x4B, 0x4D, 0xB1, 0xF6, 0x9D, 0xE5,
    0x1E, 0xF1, 0x27, 0xBE, 0xA6, 0x5B, 0x29, 0xFB, 0xCB, 0x92, 0xAF, 0x2D, 0x0D, 0xA8, 0xE8, 0x50,
    0x74, 0xEE, 0x6C, 0xF3, 0x9E, 0x2E, 0x74, 0x97, 0xA3, 0xEC, 0xBC, 0x63, 0x59, 0x4E, 0x5B, 0x41,
    0x99, 0xDA, 0x1A, 0xE7, 0x86, 0xAF, 0xCA, 0xD8, 0x79, 0xC7, 0x17, 0x9F, 0x9C, 0x5E, 0xB7, 0x6D,
    0x87, 0x1A, 0x76, 0xE8, 0xC7, 0x7E, 0x87, 0xA0, 0x75, 0x96, 0xFC, 0x08, 0x0C, 0x67, 0x4F, 0x2C,
    0x8A, 0x88, 0x97, 0xF2, 0x29, 0x55, 0x7E, 0xA6, 0x71, 0x53, 0x12, 0x97, 0xE0, 0xDC, 0xFB, 0x28,
    0x58, 0x1C, 0xD2, 0x23, 0x76, 0x91, 0x5F, 0xAF, 0x56, 0x8A, 0x95, 0xAA, 0x50, 0xC7, 0x25, 0x46,
    0xE0, 0x37, 0x84, 0x38, 0x77, 0x16, 0xFD, 0x85, 0x8C, 0xFA, 0x74, 0x8E, 0x58, 0xEE, 0x8D, 0xD0,
    0x2F, 0xE2, 0x1E, 0x80, 0x05, 0x7E, 0x88, 0xFB, 0x16, 0x86, 0x7D, 0xAC, 0xF4, 0x2E, 0x90, 0xBE,
    0x01, 0xB5, 0x19, 0xAD, 0xA9, 0xFE, 0x84, 0x2A, 0x6F, 0x2C, 0x91, 0xBF, 0x31, 0x4C, 0xDF, 0x83,
    0x8F, 0xCF, 0x50, 0x1B, 0xA6, 0xA7, 0x17, 0x2F, 0x64, 0xF7, 0x8D, 0xEF, 0x59, 0x89, 0xC7, 0xCE,
    0xEF, 0xE2, 0x04, 0xC7, 0x2B, 0xF9, 0x01, 0xA3, 0x4E, 0x55, 0xD1, 0x82, 0x7B, 0x0F, 0x0C, 0x1A,
    0x9A, 0x7A, 0xE4, 0x79, 0x60, 0x4C, 0xC0, 0xB0, 0xAD, 0x86, 0x39, 0xDC, 0xD5, 0x23, 0x03, 0xD2,
    0x19, 0x15, 0x16, 0x85, 0x5A, 0xAC, 0xC9, 0xBF, 0xFB, 0x92, 0xF8, 0x22, 0x11, 0xBA, 0x73, 0x27,
    0x2B, 0xA6, 0x8F, 0xFB, 0x84, 0x42, 0x3A, 0x9F, 0xC3, 0xF4, 0x6B, 0x46, 0xED, 0x0F, 0x2C, 0xC3,
    0xD5, 0x6C, 0x51, 0xA6, 0xC7, 0xF4, 0x9F, 0x18, 0xA6, 0xCB, 0xEE, 0x3A, 0x51, 0x5B, 0x09, 0x17,
    0xA0, 0xF0, 0x9D, 0x81, 0x4B, 0x7C, 0xE8, 0xB7, 0x45, 0xDB, 0xD3, 0xC0, 0xEC, 0xCD, 0x72, 0x6C,
    0x6F, 0x22, 0xAB, 0x86, 0xE0, 0xAF, 0xD7, 0x88, 0xDA, 0x1B, 0x07, 0x19, 0x4D, 0x5F, 0xBC, 0xD1,
    0x6F, 0xDF, 0xFD, 0xF5, 0x1B, 0xEB, 0x1B, 0x25, 0x3B, 0xB3, 0x73, 0xE7, 0xCF, 0xC7, 0xBC, 0xE4,
    0xE5, 0xB6, 0x36, 0x03, 0xDF, 0x67, 0xB7, 0x5F, 0xAD, 0x79, 0x79, 0x04, 0x24, 0x7F, 0x05, 0x82,
    0x7E, 0x39, 0xD1, 0x18, 0x9A, 0x0B, 0xDB, 0x11, 0x4F, 0xD4, 0x9E, 0xBD, 0x4A, 0x80, 0x1B, 0x0A,
    0x17, 0x7D, 0xCA, 0x32, 0xF4, 0x4C, 0x82, 0x45, 0x86, 0x7C, 0x49, 0x46, 0xEC, 0x14, 0x16, 0x2D,
    0xDE, 0x5A, 0x92, 0xEF, 0x20, 0xE3, 0x32, 0x85, 0xC0, 0x43, 0x85, 0x1A, 0xF5, 0x57, 0x15, 0x52,
    0x14, 0x5B, 0x5E, 0x53, 0x6E, 0xC2, 0xD7, 0xA8, 0x58, 0xF8, 0xC6, 0xFA, 0xF2, 0x6F, 0xDF, 0xDC,
    0xD2, 0x3E, 0x5F, 0x3B, 0x26, 0xB7, 0x75, 0xD2, 0x32, 0xBD, 0x85, 0x2C, 0x48, 0x44, 0x7C, 0x8B,
    0x3D, 0xBE, 0xED, 0x88, 0x6C, 0x6F, 0xC0, 0xB7, 0x8C, 0x67, 0xC3, 0x64, 0x4E, 0x53, 0x40, 0xBB,
    0xF3, 0xA5, 0x8F, 0x13, 0x26, 0xBF, 0x75, 0x9B, 0xCA, 0x5C, 0x31, 0x49, 0x51, 0xF5, 0x5F, 0xDB,
    0x47, 0x7C, 0x6B, 0xD4, 0xE6, 0xEE, 0x20, 0x26, 0x3F, 0xEB, 0x23, 0x5E, 0x16, 0x93, 0xBF, 0x2D,
    0x6A, 0x9F, 0x41, 0xB6, 0xAB, 0x8F, 0xF8, 0xE1, 0x76, 0x7E, 0x83, 0x8F, 0xF8, 0xF6, 0x34, 0x21,
    0x77, 0x07, 0xCB, 0x36, 0x5C, 0xB3, 0x81, 0xD4, 0x80, 0xDC, 0x67, 0xCD, 0xDA, 0xAB, 0x37, 0xB5,
    0x6C, 0xE7, 0x9E, 0x2B, 0xB3, 0x9E, 0xD7, 0x57, 0xA7, 0x1C, 0xEC, 0x77, 0xBF, 0x66, 0x6E, 0xD5,
    0x6F, 0xE0, 0x26, 0x56, 0xD5, 0x33, 0x53, 0x58, 0x0C, 0x8C, 0xE9, 0x8A, 0xC1, 0x76, 0xAF, 0x06,
    0x7A, 0x61, 0xF9, 0x6B, 0x6A, 0x5F, 0x2E, 0xBE, 0x1C, 0xD9, 0xD7, 0x53, 0x88, 0xF9, 0x73, 0x66,
    0xFA, 0x2C, 0x73, 0x67, 0x4A, 0xE0, 0xDF, 0x55, 0xF0, 0xA5, 0x18, 0x7E, 0xBF, 0xF9, 0x4E, 0x3D,
    0xAF, 0xCE, 0xD7, 0x16, 0xAB, 0xE3, 0x4D, 0x29, 0xF2, 0xF1, 0xEA, 0x20, 0xBF, 0xBC, 0x05, 0x79,
    0x7E, 0x33, 0xC2, 0xCA, 0x3A, 0xD6, 0x26, 0x5E, 0xE5, 0xB0, 0xFB, 0x98, 0x5D, 0x7F, 0xD7, 0xDE,
    0x7F, 0xA8, 0xD6, 0x57, 0x54, 0x17, 0x5F, 0x80, 0xE9, 0xE8, 0x31, 0xE1, 0xC5, 0x3E, 0x61, 0xEE,
    0x94, 0x45, 0x06, 0x0D, 0x5E, 0x37, 0xE6, 0x36, 0x54, 0x6F, 0xE9, 0xC2, 0xDE, 0x8A, 0x16, 0x7A,
    0xFA, 0x77, 0x6C, 0xF8, 0x7E, 0xB9, 0xCA, 0x20, 0x84, 0x83, 0x48, 0x6C, 0x7E, 0xC2, 0x62, 0x69,
    0x62, 0x6B, 0xAC, 0x73, 0xC6, 0xCA, 0x8C, 0xBF, 0xB3, 0xBA, 0x95, 0xB2, 0x6E, 0xDD, 0xD9, 0x37,
    0xCB, 0x96, 0x2B, 0xDE, 0x2C, 0x73, 0x19, 0x5F, 0x6B, 0x75, 0x78, 0x43, 0x90, 0x40, 0x44, 0x0E,
    0x7D, 0xE3, 0x2F, 0xFA, 0x5B, 0xDE, 0x9B, 0x49, 0xFD, 0x5F, 0xE5, 0x5D, 0x31, 0x93, 0xDC, 0x46,
    0x76, 0x6E, 0xCC, 0x88, 0x9C, 0x2A, 0x4E, 0x80, 0x0B, 0xEC, 0xC0, 0x64, 0xD5, 0x21, 0x71, 0x44,
    0xBB, 0x8C, 0x3F, 0xE0, 0x32, 0x70, 0xA7, 0x40, 0xC1, 0x05, 0x52, 0x70, 0xCC, 0x2F, 0xD6, 0x05,
    0x9B, 0x38, 0x3C, 0x0B, 0x70, 0x29, 0x70, 0xE8, 0xFD, 0x09, 0x0E, 0xE8, 0x2A, 0x71, 0x19, 0x28,
    0x75, 0xD9, 0xBA, 0xC3, 0xDC, 0x39, 0x70, 0xE8, 0xB1, 0x2F, 0x74, 0x20, 0xD8, 0xB7, 0x2E, 0xBB,
    0xA4, 0x40, 0xB0, 0x04, 0x5B, 0x58, 0x0A, 0x83, 0xF6, 0x7B, 0xDF, 0xF7, 0x1A, 0xC0, 0xEC, 0xCE,
    0x2C, 0x57, 0x62, 0x49, 0xE4, 0x52, 0x5B, 0x5A, 0xF4, 0x70, 0x76, 0x06, 0x78, 0xFD, 0xBE, 0xD7,
    0xDD, 0xEF, 0x7D, 0xEF, 0x75, 0xCB, 0x39, 0xB7, 0xF0, 0xBE, 0x77, 0xCE, 0x2D, 0xC7, 0xA6, 0x93,
    0x66, 0xC5, 0xE6, 0xE0, 0x4F, 0xE4, 0x77, 0x0E, 0x9F, 0x1C, 0x1C, 0x3E, 0x89, 0x26, 0xF6, 0x5E,
    0x9B, 0x94, 0x4D, 0xC1, 0xC6, 0x7B, 0x9F, 0xEB, 0xE7, 0xBF, 0xF4, 0xA5, 0x7E, 0xFE, 0x77, 0xDA,
    0xAC, 0xFD, 0x3F, 0xFA, 0x8D, 0x73, 0x89, 0x7F, 0x53, 0x9B, 0xCC, 0x2F, 0xB4, 0x29, 0x76, 0x0B,
    0xBF, 0x95, 0xCF, 0x77, 0x91, 0xAF, 0x45, 0xA0, 0x46, 0x9B, 0x95, 0xFC, 0xFA, 0x46, 0x6E, 0xFC,
    0xC9, 0x99, 0x34, 0x89, 0xDC, 0x4B, 0x9A, 0x4C, 0x9B, 0xD6, 0x55, 0xDA, 0xC8, 0x87, 0xD1, 0x2C,
    0xE5, 0x7D, 0x57, 0xF4, 0xFA, 0x79, 0x69, 0x62, 0xDC, 0xB6, 0x4F, 0xF5, 0x59, 0xD9, 0xAE, 0x50,
    0x39, 0xB2, 0x01, 0xA2, 0xB8, 0xE9, 0x3A, 0xA8, 0x54, 0xEC, 0xC6, 0xEC, 0xE7, 0xCE, 0x4F, 0xD1,
    0x3B, 0x95, 0x24, 0x81, 0x36, 0x0A, 0x7C, 0x52, 0x1F, 0x22, 0x42, 0x9D, 0x27, 0xD2, 0x99, 0x07,
    0x22, 0x7F, 0x89, 0x5E, 0x6B, 0xC7, 0x4E, 0xE4, 0x7A, 0x17, 0xF7, 0x54, 0x81, 0xE4, 0x4F, 0xFF,
    0x99, 0x78, 0x97, 0xEE, 0x5C, 0x3A, 0xB8, 0xA2, 0x93, 0xA7, 0xBB, 0xAA, 0x77, 0xF2, 0x94, 0xCA,
    0x7F, 0x28, 0x77, 0xD3, 0x8F, 0xF4, 0xE8, 0x40, 0x27, 0xB7, 0x1F, 0xE4, 0x03, 0x72, 0xCF, 0xA2,
    0xD5, 0x07, 0xDF, 0x7D, 0xEC, 0xCE, 0xB4, 0x5D, 0x77, 0x0B, 0xE8, 0x6D, 0x35, 0xAC, 0x20, 0xDB,
    0x22, 0xA0, 0x50, 0x69, 0xDF, 0xE4, 0xE7, 0xC1, 0x90, 0xBB, 0x6B, 0x7E, 0x0C, 0x99, 0x00, 0x4D,
    0xC0, 0x26, 0x80, 0x13, 0xD0, 0x09, 0xF0, 0x18, 0x3E, 0x01, 0xA0, 0x80, 0x50, 0x80, 0x28, 0x60,
    0x14, 0x40, 0x0A, 0x28, 0x19, 0x4C, 0x01, 0xA7, 0x00, 0x54, 0x40, 0x2A, 0x40, 0x15, 0xB0, 0x32,
    0xB0, 0x9C, 0xA1, 0xE5, 0x0C, 0x2E, 0x67, 0x78, 0x39, 0x03, 0xCC, 0x19, 0x62, 0x6E, 0x84, 0x6C,
    0x39, 0xB8, 0x6A, 0x23, 0x4F, 0xF9, 0x91, 0x0A, 0x09, 0x24, 0xE4, 0x96, 0xAA, 0x8F, 0xBB, 0xFE,
    0xF4, 0x60, 0xF7, 0x5F, 0x1A, 0x7E, 0xDF, 0x78, 0x44, 0xFC, 0xF6, 0xC0, 0x88, 0x18, 0x38, 0x22,
    0xFA, 0x43, 0x23, 0x62, 0xCB, 0x11, 0x01, 0xFD, 0x1E, 0x1E, 0x11, 0xCF, 0xCE, 0xCE, 0x66, 0x23,
    0x62, 0x7B, 0xCD, 0x88, 0x50, 0xA1, 0x5A, 0x5A, 0x59, 0x4E, 0xA3, 0xC3, 0x7B, 0x6B, 0x4C, 0x03,
    0x22, 0x5B, 0x4F, 0xCB, 0x6B, 0xBF, 0x2D, 0xBD, 0xF6, 0x97, 0xF5, 0x5A, 0xA8, 0x5E, 0x7B, 0xE8,
    0xF5, 0x14, 0x92, 0x2D, 0x21, 0x58, 0x0C, 0x41, 0xD2, 0x8E, 0xCA, 0x6C, 0xA0, 0xD9, 0x1A, 0x62,
    0x6F, 0x09, 0xFB, 0x3B, 0xB4, 0x75, 0x8E, 0x94, 0x84, 0x62, 0x17, 0x1D, 0x71, 0xA9, 0x5D, 0x10,
    0x0A, 0xA3, 0xEC, 0xD8, 0xCF, 0x5D, 0x7F, 0xC1, 0x61, 0xA6, 0xF7, 0x97, 0xB9, 0x4F, 0xF1, 0x4C,
    0x3D, 0xC0, 0xAA, 0xFC, 0x33, 0xEF, 0x37, 0x0B, 0xE9, 0x70, 0xEC, 0xB7, 0x4B, 0xD1, 0xF4, 0xF2,
    0x42, 0x5F, 0x39, 0x97, 0x8B, 0xB4, 0x25, 0x85, 0xC2, 0x3D, 0x82, 0x4E, 0x39, 0x04, 0x0B, 0x53,
    0xDF, 0xF3, 0x9B, 0x42, 0xBE, 0xF7, 0x86, 0x9A, 0xB6, 0xFC, 0x96, 0x72, 0xB3, 0x6D, 0xE4, 0x75,
    0x50, 0x0C, 0x1F, 0x8A, 0x9D, 0xA9, 0x28, 0xD2, 0x87, 0x88, 0xA2, 0xA8, 0x48, 0xDA, 0xAF, 0xA8,
    0x0A, 0xD3, 0x00, 0x7A, 0xB9, 0xC4, 0x13, 0x63, 0x3C, 0x3E, 0xC3, 0x3D, 0xD1, 0xED, 0xA5, 0x77,
    0xC7, 0x47, 0x89, 0xCC, 0x2C, 0x25, 0xEE, 0xD7, 0x02, 0xC7, 0x5E, 0xE7, 0x7D, 0x41, 0x2A, 0x16,
    0x34, 0x07, 0xE9, 0x57, 0xBE, 0x3A, 0xB5, 0xFE, 0xB0, 0x1F, 0x15, 0x1E, 0xE4, 0x61, 0x2E, 0x80,
    0x20, 0x5C, 0x5B, 0xEB, 0xC8, 0xAF, 0x72, 0x31, 0x8A, 0x4F, 0xE5, 0x4D, 0xD5, 0xDA, 0x16, 0x26,
    0x9A, 0x87, 0xE9, 0x2B, 0x0D, 0xD2, 0xFE, 0x9E, 0x4D, 0x52, 0x36, 0x27, 0x6D, 0x38, 0x2E, 0x1A,
    0x88, 0xF3, 0x71, 0x87, 0x3E, 0x2C, 0xF5, 0xA1, 0xF7, 0x1F, 0xBB, 0x77, 0x5F, 0x33, 0xA4, 0xDE,
    0xE3, 0x40, 0xDB, 0xA0, 0xE3, 0x0D, 0xFA, 0xDD, 0xEB, 0x1B, 0xBF, 0xF1, 0x40, 0xAE, 0xDA, 0xBC,
    0x52, 0x48, 0x45, 0x1C, 0x4B, 0x34, 0x2C, 0x19, 0xBE, 0xF3, 0x86, 0x2B, 0x53, 0xF8, 0xC8, 0x35,
    0x3F, 0xB7, 0x14, 0xA9, 0x5F, 0x12, 0x29, 0x37, 0xCE, 0x3F, 0xBC, 0xF2, 0x1D, 0xFE, 0xF5, 0xD5,
    0x41, 0x4A, 0x1D, 0x07, 0x5D, 0x48, 0x76, 0x9C, 0x77, 0xFD, 0x49, 0xCF, 0x31, 0x55, 0x53, 0x87,
    0x39, 0x9D, 0x8A, 0xF9, 0x34, 0xF9, 0xDA, 0x20, 0xB5, 0xF8, 0xC0, 0xBD, 0x7B, 0x2A, 0xEA, 0xC0,
    0xA0, 0xAA, 0x3E, 0x1E, 0x20, 0x4A, 0x3B, 0x4E, 0x2C, 0x66, 0xBB, 0xEF, 0xBC, 0x2A, 0x48, 0x2D,
    0x77, 0x58, 0x8C, 0x22, 0xFF, 0x13, 0xA0, 0x52, 0xD0, 0xB1, 0x4B, 0xB8, 0x86, 0xD9, 0xD0, 0x3A,
    0x3E, 0xA6, 0x64, 0xD9, 0x3D, 0xA7, 0x2F, 0xA1, 0x5F, 0xC8, 0x08, 0x51, 0x46, 0xBD, 0x14, 0xC3,
    0x53, 0x81, 0x48, 0x45, 0x4D, 0x44, 0x82, 0x4A, 0x97, 0xCF, 0x16, 0xA2, 0xC9, 0x23, 0x54, 0x4E,
    0xDF, 0x47, 0xDA, 0x54, 0xE2, 0x50, 0xA0, 0x59, 0xAA, 0x1C, 0xDA, 0x6C, 0xD9, 0x6C, 0xF4, 0x23,
    0x2B, 0x34, 0xDD, 0x5A, 0x9A, 0xC8, 0xB7, 0xB1, 0xA8, 0x47, 0x7C, 0x88, 0x58, 0xEE, 0xBE, 0xF6,
    0xB5, 0xAC, 0xDD, 0x72, 0xEB, 0x4D, 0x8A, 0xE5, 0x3C, 0x97, 0x46, 0x1D, 0x9C, 0xCC, 0x9F, 0x69,
    0xFF, 0x20, 0xC3, 0x56, 0x1D, 0x02, 0xF5, 0x08, 0x2A, 0xE0, 0xA5, 0x2A, 0x0D, 0x4B, 0x6D, 0xEC,
    0x97, 0x35, 0xDB, 0x18, 0xCA, 0x4A, 0x06, 0xB6, 0xE9, 0x2E, 0x69, 0xB8, 0x5E, 0x65, 0xB5, 0xB5,
    0x22, 0xC0, 0x23, 0x69, 0x0B, 0x3C, 0xB3, 0xE8, 0x06, 0xCC, 0x91, 0xEA, 0x7E, 0x08, 0xFE, 0x43,
    0xB0, 0x4C, 0xFA, 0x99, 0xE7, 0xA9, 0x3E, 0x26, 0x55, 0xCF, 0xA2, 0x86, 0xCF, 0xB8, 0xA4, 0xA7,
    0xE3, 0xD0, 0x9B, 0xAA, 0xB3, 0x56, 0xAC, 0x55, 0x71, 0x16, 0x5D, 0x60, 0x78, 0x88, 0xB8, 0x31,
    0x5A, 0xD5, 0x94, 0x02, 0x37, 0xD0, 0xD7, 0x54, 0xE8, 0xE8, 0x5C, 0xD2, 0xC9, 0x4C, 0xAC, 0x95,
    0xE7, 0xA5, 0xB0, 0xA2, 0xE2, 0x3C, 0x35, 0xFF, 0xCE, 0x5F, 0xE4, 0xFC, 0x03, 0xE0, 0x5B, 0x9B,
    0x61, 0xC6, 0x54, 0x82, 0xB4, 0x67, 0x95, 0x2A, 0x3E, 0x51, 0xB7, 0xA8, 0xE7, 0xD0, 0x90, 0x87,
    0xA8, 0xDB, 0x43, 0x03, 0xDF, 0xF1, 0x3D, 0x5D, 0xA4, 0xE5, 0x33, 0xFA, 0x9C, 0x8D, 0x3A, 0x46,
    0xD6, 0xEA, 0xF3, 0xCB, 0x94, 0xAD, 0xAA, 0x59, 0x95, 0xAA, 0xDF, 0x03, 0x6E, 0x32, 0x4E, 0x00,
    0x9C, 0xDF, 0xA1, 0x8D, 0x60, 0xB4, 0x5B, 0xB7, 0x44, 0xE7, 0x36, 0x72, 0xAF, 0x5A, 0xC4, 0xD9,
    0x44, 0x6A, 0x09, 0xE2, 0x87, 0x57, 0xEA, 0x7B, 0xC5, 0xF4, 0xB7, 0x47, 0xF1, 0xF4, 0x79, 0x17,
    0xB4, 0xA2, 0x67, 0x21, 0x8C, 0x58, 0x73, 0x8E, 0x88, 0x43, 0x63, 0x3E, 0x6A, 0x07, 0xAD, 0x6B,
    0x5F, 0x16, 0xD4, 0x79, 0xF0, 0x2C, 0xD8, 0x3C, 0xC2, 0xC0, 0x58, 0xFB, 0x46, 0xDD, 0x2C, 0xA2,
    0x14, 0x11, 0x1C, 0xC3, 0x48, 0x3C, 0xB4, 0x13, 0x91, 0xC8, 0x10, 0x32, 0x80, 0x0C, 0x1F, 0xC0,
    0xB2, 0x09, 0xE8, 0x40, 0x7E, 0x34, 0x2A, 0x83, 0x3C, 0x18, 0x4A, 0x53, 0x9F, 0x9B, 0xC0, 0xF8,
    0x11, 0x17, 0x83, 0x25, 0xA0, 0x12, 0x40, 0xB1, 0x38, 0xEE, 0x60, 0x14, 0x7B, 0x64, 0x28, 0x79,
    0x1B, 0xA9, 0xC1, 0x7B, 0xAE, 0xE7, 0x66, 0xCC, 0xA1, 0x34, 0x0D, 0x7B, 0x1B, 0xE5, 0x36, 0xE4,
    0x23, 0x36, 0x0B, 0x2A, 0x67, 0x49, 0xE5, 0xCC, 0x9A, 0x9A, 0xD6, 0x51, 0x3B, 0xF3, 0x87, 0x5D,
    0x1C, 0x9A, 0x9C, 0x0F, 0x77, 0xB3, 0x39, 0x33, 0x4C, 0x9D, 0x87, 0x64, 0xA8, 0xD8, 0x20, 0x66,
    0x2A, 0xAF, 0x44, 0xAE, 0xD7, 0xC4, 0xAF, 0x97, 0xE6, 0xB6, 0xDD, 0x34, 0xB7, 0x3D, 0xF0, 0x39,
    0x2C, 0xB3, 0x14, 0x0C, 0x23, 0xBF, 0xE1, 0x83, 0xAA, 0xD9, 0x95, 0x0F, 0x9B, 0xCF, 0x70, 0x32,
    0xB7, 0xFD, 0x81, 0xE2, 0xF0, 0x09, 0xC0, 0xF4, 0x16, 0x7C, 0x68, 0x50, 0x86, 0x87, 0xA7, 0x0C,
    0xC4, 0x2C, 0x7C, 0x5D, 0xF5, 0x70, 0xED, 0x96, 0x03, 0x22, 0x89, 0x88, 0x48, 0x48, 0x47, 0x70,
    0xA7, 0xF5, 0xD1, 0xC8, 0xF5, 0x76, 0x02, 0x22, 0xEB, 0xCB, 0xE1, 0xE0, 0x74, 0xC5, 0xFB, 0xDF,
    0xC8, 0x45, 0xF8, 0x2E, 0xC0, 0x19, 0x9D, 0xB9, 0x40, 0x09, 0xCC, 0x1B, 0x7B, 0xF3, 0xDA, 0x85,
    0xE7, 0x36, 0x8E, 0x16, 0xFA, 0x69, 0x91, 0x79, 0x71, 0xE5, 0x78, 0x8D, 0xBE, 0xB6, 0x17, 0xF7,
    0x1D, 0x40, 0xF4, 0xA2, 0x3A, 0x9E, 0xCF, 0xD3, 0xFB, 0xCA, 0x1D, 0x75, 0x5C, 0x72, 0xAE, 0x2F,
    0xAF, 0xCC, 0xF5, 0x97, 0x75, 0x3C, 0x7C, 0x0D, 0x1D, 0x57, 0xE7, 0x33, 0x13, 0x8A, 0x77, 0xB6,
    0xDE, 0x77, 0x7C, 0x14, 0x79, 0x91, 0xAA, 0x99, 0xEB, 0xF5, 0x34, 0xF8, 0x70, 0x98, 0xC9, 0x83,
    0x5E, 0x4F, 0x1F, 0xF8, 0x32, 0x81, 0x46, 0xF1, 0xBC, 0xAB, 0x7A, 0x2D, 0x0F, 0xF8, 0x5C, 0xB2,
    0x74, 0xE7, 0x90, 0xAF, 0x85, 0xDE, 0x6A, 0xAC, 0xC5, 0xB9, 0x2A, 0xA3, 0x43, 0xA7, 0xB4, 0x8B,
    0x19, 0x1D, 0xB6, 0xCD, 0xEC, 0x8A, 0xF7, 0x2B, 0x4F, 0x2A, 0x8D, 0x0B, 0x20, 0x79, 0x96, 0x85,
    0x67, 0xFC, 0x5C, 0xF1, 0xFE, 0x19, 0x3F, 0xCF, 0xF7, 0xDC, 0xA2, 0x7D, 0xBD, 0x86, 0x47, 0x04,
    0xD7, 0x39, 0xF2, 0xE8, 0xF9, 0xDC, 0x75, 0x5E, 0xD3, 0x75, 0x1E, 0x6E, 0xEE, 0x3A, 0x7F, 0x27,
    0x33, 0x98, 0x11, 0x07, 0xCE, 0x78, 0x2A, 0xFA, 0xCC, 0x94, 0x38, 0xF2, 0xFF, 0xB5, 0x83, 0xE0,
    0x3F, 0xF2, 0x46, 0x1C, 0x1C, 0x5B, 0x66, 0x16, 0x0C, 0x1B, 0x0A, 0x48, 0xBE, 0x9A, 0x5C, 0x0A,
    0xE9, 0x0E, 0x82, 0x1C, 0x09, 0x3C, 0x06, 0xB9, 0xCF, 0xA9, 0x72, 0x67, 0x8B, 0x73, 0x06, 0x39,
    0xEE, 0x68, 0x90, 0x23, 0x72, 0x76, 0xE0, 0x2E, 0x7D, 0x5B, 0xA9, 0x3B, 0xE9, 0x9B, 0x4A, 0x19,
    0x4C, 0xDF, 0xC8, 0xA2, 0x77, 0xFF, 0xA9, 0xAF, 0x35, 0xBA, 0x11, 0x9F, 0x47, 0x1B, 0x71, 0xCF,
    0x34, 0xC8, 0x89, 0xD5, 0xBE, 0xF5, 0x4E, 0xD2, 0x6C, 0x45, 0x75, 0x65, 0xA2, 0x41, 0x8E, 0xCF,
    0xE1, 0x44, 0x7A, 0x18, 0xC1, 0x97, 0xF0, 0x79, 0xFC, 0xFB, 0x83, 0x86, 0x64, 0xE7, 0x84, 0x61,
    0x8D, 0xE7, 0x17, 0x24, 0x49, 0x7A, 0x9A, 0x1C, 0x68, 0x39, 0xB8, 0xE8, 0x1B, 0x7A, 0xCF, 0xD3,
    0xCF, 0xEF, 0x33, 0x56, 0xED, 0xD7, 0x1A, 0xC7, 0xF8, 0xB7, 0x07, 0x58, 0xC0, 0x0E, 0xC8, 0x8B,
    0xAB, 0x7F, 0xF1, 0x40, 0x3D, 0x7D, 0xE9, 0x69, 0x07, 0x67, 0xAB, 0xD5, 0x39, 0xC0, 0xB7, 0x89,
    0x72, 0x79, 0x4D, 0x3A, 0x5D, 0x6B, 0xB9, 0x8A, 0x6D, 0xC0, 0xD3, 0x17, 0xC7, 0x54, 0x24, 0xDD,
    0xC4, 0x88, 0x03, 0x21, 0x6B, 0xB9, 0xA4, 0xDB, 0xEB, 0xFD, 0x5F, 0xCB, 0xD7, 0x1F, 0x5C, 0x70,
    0x22, 0x49, 0x48, 0x3F, 0x09, 0x18, 0x3F, 0x53, 0x58, 0xD3, 0x6E, 0x65, 0xA4, 0x24, 0x6D, 0xB1,
    0x54, 0x55, 0xD1, 0x6B, 0x51, 0x89, 0xEF, 0xFE, 0x2D, 0x31, 0x21, 0x5E, 0xCB, 0x21, 0x52, 0x68,
    0x17, 0x5C, 0x46, 0xE5, 0x5B, 0xDD, 0x6C, 0xBA, 0xBA, 0xE6, 0xE7, 0x76, 0x42, 0x2A, 0x0E, 0xBF,
    0xFA, 0xF1, 0x9B, 0x0A, 0xE9, 0x0F, 0x15, 0x26, 0x41, 0xBF, 0x17, 0xFE, 0x12, 0x96, 0xB7, 0x0C,
    0x4C, 0xE7, 0x3E, 0xB2, 0xE4, 0x83, 0x9B, 0xC8, 0x93, 0xA9, 0x99, 0x7F, 0xE4, 0xB5, 0xC3, 0xD4,
    0xA5, 0xE8, 0x25, 0x69, 0x3C, 0x8A, 0xC4, 0x2B, 0xDF, 0x49, 0xF3, 0x5B, 0x8D, 0xEC, 0x2D, 0xC5,
    0x84, 0x3F, 0x3F, 0x74, 0x13, 0xF5, 0x1A, 0xF0, 0x70, 0xC5, 0x76, 0xF6, 0xAF, 0x05, 0x05, 0x2D,
    0xF8, 0xA5, 0x34, 0x8C, 0xC2, 0xC5, 0x47, 0x93, 0xF8, 0xD0, 0x46, 0x34, 0x23, 0x02, 0x79, 0x8D,
    0x78, 0xD7, 0x5F, 0xE5, 0xB7, 0x7C, 0xE0, 0x26, 0x36, 0xD3, 0x72, 0x55, 0x96, 0xE7, 0x59, 0xAC,
    0xFF, 0xCC, 0xFA, 0xBA, 0x85, 0xA2, 0xEE, 0x3E, 0x71, 0xF7, 0x4F, 0x8F, 0x8F, 0x5C, 0x75, 0x47,
    0x34, 0xCC, 0x4F, 0x11, 0xA4, 0x6F, 0x80, 0xB8, 0x3A, 0x14, 0x2A, 0x8D, 0xCE, 0xE5, 0xEA, 0x08,
    0x69, 0x87, 0xD9, 0xD2, 0x23, 0x4A, 0x3C, 0x5D, 0xA2, 0xD4, 0x5A, 0xF9, 0x0E, 0x9C, 0x22, 0xF9,
    0xCE, 0x02, 0xE0, 0x1A, 0x35, 0x37, 0xB6, 0x9D, 0xB5, 0x2D, 0x99, 0x06, 0xF9, 0xAC, 0xDE, 0x3A,
    0x82, 0xE7, 0x90, 0x83, 0x29, 0xD1, 0x56, 0x19, 0x92, 0x51, 0x1C, 0x4F, 0x71, 0x46, 0xB1, 0x4C,
    0x9C, 0xAC, 0xA7, 0x3F, 0x15, 0xC4, 0xAA, 0x7A, 0x13, 0xA7, 0x0B, 0xA0, 0x17, 0x6E, 0xCC, 0x32,
    0x25, 0x70, 0x36, 0xAA, 0xAF, 0x76, 0x7A, 0x8F, 0xBF, 0x94, 0x4F, 0xDF, 0xFB, 0xE0, 0x88, 0xA7,
    0x41, 0x04, 0x48, 0x4D, 0x90, 0x32, 0x99, 0x5F, 0x99, 0x96, 0xAA, 0x5A, 0x75, 0xA5, 0xC4, 0xEE,
    0xF5, 0x71, 0x5F, 0x7A, 0xD0, 0x36, 0x82, 0x08, 0x29, 0x94, 0x85, 0x1F, 0x56, 0xBE, 0x59, 0xEA,
    0x0B, 0xB9, 0x6E, 0xE5, 0xBA, 0x52, 0x02, 0xB6, 0x5E, 0x2B, 0xE4, 0x5B, 0x91, 0x74, 0xA9, 0x76,
    0xE0, 0x78, 0x85, 0x65, 0x68, 0x77, 0x52, 0x25, 0x68, 0xF3, 0x4C, 0x47, 0x97, 0x3E, 0x4A, 0xDE,
    0x54, 0x3E, 0x70, 0x50, 0x25, 0x8B, 0x2C, 0x55, 0x1B, 0x38, 0xA7, 0x3D, 0x95, 0x64, 0x54, 0x09,
    0x35, 0x29, 0xD6, 0xCA, 0xB6, 0xB3, 0xB6, 0x8D, 0xBD, 0xA9, 0x38, 0xA8, 0xE4, 0x12, 0x42, 0x91,
    0x21, 0xB3, 0x38, 0x88, 0x90, 0xD1, 0xB7, 0xF2, 0x9D, 0x09, 0xA1, 0x72, 0x0F, 0xA1, 0xD8, 0xC4,
    0xA1, 0x58, 0x97, 0x11, 0xDA, 0x5C, 0x8B, 0x10, 0x7C, 0xDF, 0xC5, 0xD9, 0x44, 0x61, 0xC1, 0xFE,
    0xE3, 0x60, 0xE3, 0x72, 0x4D, 0x8C, 0x34, 0xDE, 0xC3, 0x20, 0xFA, 0xA9, 0x62, 0x50, 0xE8, 0xC4,
    0xF5, 0x4C, 0xC7, 0x80, 0xF5, 0x0F, 0x62, 0x7A, 0xFF, 0xA6, 0x6F, 0x23, 0x25, 0x4D, 0x5B, 0x95,
    0xD2, 0xB7, 0x4B, 0xE4, 0xB5, 0x55, 0x32, 0x60, 0x10, 0x1D, 0x41, 0x62, 0x8E, 0xC1, 0x7A, 0x86,
    0xC1, 0x88, 0x84, 0x08, 0xB1, 0x5D, 0x68, 0x2E, 0x77, 0x17, 0x37, 0xE6, 0xD7, 0xAF, 0x5B, 0x99,
    0xCC, 0xDC, 0xBD, 0xD3, 0xC5, 0xEE, 0x90, 0x0D, 0x71, 0x90, 0xC6, 0x70, 0x82, 0x99, 0x70, 0x4D,
    0x71, 0x7D, 0x58, 0x0D, 0x8F, 0x8F, 0x93, 0xD2, 0x91, 0x65, 0xD2, 0x9A, 0xD1, 0x97, 0x00, 0x2B,
    0x4A, 0x2E, 0x14, 0x8A, 0x0D, 0x0E, 0x3E, 0xC3, 0x88, 0x78, 0xD2, 0x9B, 0x85, 0x12, 0x88, 0xFE,
    0xEE, 0x57, 0xFE, 0x83, 0xF0, 0xC0, 0x0C, 0xE1, 0x54, 0x86, 0x79, 0xBF, 0x20, 0x0F, 0x58, 0x9D,
    0x26, 0xE5, 0x8A, 0x84, 0xA5, 0xB2, 0x94, 0x9B, 0x93, 0xEE, 0x80, 0xF4, 0xE6, 0xA5, 0xA6, 0xDA,
    0x8D, 0x54, 0x7B, 0xF1, 0x10, 0x6C, 0x3F, 0x50, 0x80, 0xF4, 0x10, 0x1E, 0xB2, 0xE3, 0xA6, 0x7A,
    0xB1, 0x92, 0x82, 0xAD, 0x89, 0x0D, 0xA9, 0x21, 0x34, 0xFC, 0xC0, 0x98, 0x3C, 0xAB, 0x15, 0x43,
    0xCC, 0x4B, 0x39, 0x7C, 0x20, 0xC4, 0x6E, 0x95, 0x1E, 0xD7, 0x1C, 0x5F, 0x8D, 0xFD, 0xEE, 0x79,
    0x7E, 0x99, 0x7C, 0xA5, 0x40, 0x62, 0xBC, 0x43, 0x3C, 0x8A, 0xA2, 0x0A, 0xF9, 0x55, 0xC1, 0x54,
    0x20, 0xF2, 0xBE, 0x1B, 0xFC, 0x6A, 0x68, 0xAF, 0x03, 0x20, 0xC6, 0x2F, 0x05, 0x00, 0xDD, 0xBC,
    0x33, 0x75, 0x47, 0x4F, 0xDC, 0x43, 0x1D, 0x76, 0x58, 0xEB, 0x30, 0x75, 0xC9, 0x3D, 0x19, 0xF1,
    0x5D, 0x53, 0x4A, 0xF1, 0x0A, 0x6B, 0xEE, 0xFE, 0xE9, 0xE2, 0x83, 0xB4, 0x59, 0xF5, 0x71, 0x97,
    0xB4, 0xA2, 0xC5, 0x1A, 0x01, 0xE9, 0xC9, 0x85, 0xFB, 0xD6, 0x34, 0x08, 0x5D, 0x40, 0x15, 0xD0,
    0x04, 0xE4, 0xA2, 0x1E, 0x0E, 0x98, 0x32, 0x54, 0xB0, 0xE0, 0xA5, 0x3E, 0x60, 0xCA, 0x1B, 0xEB,
    0xFB, 0x64, 0xCF, 0x9C, 0x20, 0x06, 0xEB, 0x76, 0x6A, 0xB5, 0x10, 0x1D, 0xFB, 0x8C, 0x2E, 0x47,
    0xC8, 0x2D, 0xF4, 0xA1, 0x08, 0x22, 0x65, 0x8D, 0x4D, 0x3D, 0x56, 0x40, 0xAC, 0xF4, 0xE1, 0xC9,
    0xCE, 0x31, 0xC9, 0x30, 0xBB, 0xE0, 0xBD, 0xD5, 0x11, 0xF2, 0x82, 0x77, 0x86, 0x42, 0x50, 0x61,
    0x22, 0xF7, 0x5A, 0x3C, 0x55, 0xF9, 0x8E, 0x8E, 0x3C, 0x8A, 0x3B, 0x84, 0xE5, 0x2D, 0x9B, 0x86,
    0x74, 0xB7, 0xAF, 0x07, 0x15, 0x0D, 0x89, 0x14, 0xFD, 0x57, 0xD6, 0x40, 0x9C, 0xAD, 0x91, 0x2A,
    0x81, 0x1E, 0x7D, 0x2F, 0x38, 0x54, 0xF0, 0xCC, 0x70, 0xA1, 0x7F, 0xF5, 0xDE, 0x61, 0x63, 0x7C,
    0x99, 0x00, 0x88, 0x39, 0x69, 0x92, 0xC3, 0x77, 0x62, 0x4B, 0x6A, 0x4A, 0x5A, 0x8D, 0x23, 0xCB,
    0x73, 0xBD, 0xD4, 0x94, 0xE8, 0x66, 0xA9, 0x2B, 0x68, 0x29, 0x26, 0x14, 0xEB, 0x7F, 0x7A, 0x3B,
    0xB9, 0x99, 0x58, 0x0F, 0x97, 0x2F, 0xCE, 0x4C, 0x48, 0x6F, 0x80, 0xD3, 0x88, 0x58, 0xB9, 0xD3,
    0xDB, 0x40, 0x49, 0xC3, 0xCB, 0x3A, 0x8C, 0xAD, 0x90, 0xCA, 0x0A, 0xE3, 0x86, 0xA3, 0x8C, 0xF9,
    0xB9, 0xD6, 0x85, 0x11, 0x44, 0x4F, 0x2D, 0xB6, 0x95, 0xD5, 0xC6, 0x12, 0x47, 0x1E, 0x3A, 0x64,
    0xC1, 0x64, 0x58, 0xF1, 0xAD, 0x87, 0x1C, 0x88, 0x30, 0xED, 0x95, 0xBD, 0xEC, 0xC3, 0x90, 0xB4,
    0x65, 0xB6, 0x0C, 0x23, 0x1B, 0x37, 0xE4, 0x33, 0xE1, 0xAD, 0xE5, 0x8E, 0x76, 0xA7, 0x7F, 0xC0,
    0xDD, 0xB1, 0xDC, 0x89, 0x33, 0xBA, 0x85, 0xE2, 0x56, 0x7E, 0xA8, 0x7C, 0x89, 0xFE, 0x90, 0x11,
    0xA2, 0x12, 0x7D, 0x18, 0xC5, 0xE0, 0xE9, 0x6A, 0x1B, 0xC4, 0x0B, 0x26, 0x9C, 0xA3, 0x1D, 0xAC,
    0x73, 0xE5, 0x73, 0xB5, 0x54, 0xF3, 0xF2, 0xF7, 0x1B, 0xFB, 0x9B, 0x7D, 0xF2, 0x9A, 0x1F, 0x1D,
    0xF2, 0x72, 0xE7, 0x82, 0xD9, 0xCE, 0x8A, 0x75, 0x53, 0x95, 0x2E, 0xE5, 0x5B, 0x1D, 0xFE, 0x4C,
    0x73, 0xA2, 0xE1, 0x3A, 0xEE, 0xB8, 0x90, 0x3B, 0xAE, 0xE4, 0xE6, 0x4E, 0x69, 0x93, 0xE0, 0xA9,
    0x65, 0x02, 0xEF, 0x35, 0x4F, 0x21, 0x58, 0x4E, 0x2C, 0x83, 0x13, 0xA5, 0x9A, 0x4A, 0xE1, 0x5B,
    0xA9, 0x2A, 0xE1, 0x15, 0xF5, 0x2E, 0x70, 0x79, 0xDA, 0xDC, 0xFD, 0x10, 0x3A, 0x5F, 0x7B, 0x9B,
    0xEC, 0x6C, 0xB6, 0x1B, 0x08, 0xC9, 0xF9, 0x58, 0xAE, 0x67, 0x1E, 0x24, 0x53, 0xA1, 0x63, 0x4A,
    0x7C, 0x15, 0xAA, 0xF5, 0x76, 0x16, 0x4F, 0x36, 0x29, 0x66, 0xD7, 0xB3, 0xFC, 0x9A, 0x0A, 0xA6,
    0x71, 0x82, 0x9D, 0xDA, 0x40, 0xA0, 0x18, 0x5D, 0x38, 0xB6, 0xC6, 0x1B, 0x86, 0xC8, 0x2C, 0x84,
    0x66, 0x30, 0x8B, 0x59, 0xA6, 0x2F, 0x30, 0x97, 0x81, 0xBA, 0x74, 0x21, 0xA5, 0x66, 0x1C, 0xA6,
    0x19, 0xDE, 0xD8, 0xD2, 0xE4, 0xFE, 0x98, 0xF6, 0xB6, 0xEE, 0x29, 0x06, 0xBC, 0xA1, 0x12, 0xF3,
    0x51, 0xCA, 0xC1, 0xF6, 0x09, 0xD4, 0x10, 0xFB, 0x31, 0x51, 0x67, 0x54, 0xA0, 0xB7, 0x6A, 0x85,
    0x51, 0x3D, 0xF1, 0x66, 0x64, 0xBE, 0x96, 0x7B, 0xCC, 0x57, 0xA5, 0x13, 0x77, 0x99, 0x36, 0xD7,
    0x69, 0xA2, 0x1C, 0xFB, 0x7F, 0x64, 0x91, 0xB1, 0xDE, 0x1E, 0x70, 0xCE, 0x8F, 0xAD, 0x6A, 0x97,
    0xD7, 0xB3, 0xB0, 0xAA, 0x8D, 0x0F, 0x79, 0x58, 0x71, 0xE6, 0x1D, 0x42, 0x79, 0x8F, 0xB1, 0xC9,
    0x7E, 0x18, 0xE9, 0x5A, 0x0C, 0x91, 0x81, 0x85, 0x82, 0x99, 0x4E, 0x6A, 0x2D, 0x04, 0xC9, 0x38,
    0xE6, 0x23, 0x74, 0x50, 0xEB, 0xF6, 0x38, 0xAF, 0x21, 0xCB, 0x2D, 0xA2, 0x54, 0xCC, 0x00, 0x7E,
    0x69, 0x13, 0x08, 0x16, 0x43, 0x78, 0xDD, 0x1B, 0xD3, 0x60, 0x6E, 0x6D, 0xF8, 0xF7, 0xD6, 0x92,
    0xD4, 0x0D, 0xB4, 0x30, 0x58, 0x59, 0x44, 0x5B, 0x71, 0x39, 0xDB, 0xA0, 0xEB, 0x89, 0x21, 0x92,
    0x7A, 0x4A, 0xCF, 0xE1, 0x3C, 0x65, 0xD3, 0xB3, 0xDE, 0x12, 0xCF, 0x3D, 0x91, 0xD7, 0x2F, 0x57,
    0xF6, 0x3A, 0x3B, 0xE8, 0x6E, 0x9D, 0x84, 0x28, 0xD2, 0xEA, 0xF2, 0xB2, 0x66, 0xBF, 0xB5, 0xA0,
    0x3B, 0x84, 0xE2, 0xE1, 0x26, 0xF1, 0xDF, 0xB8, 0xBD, 0x4C, 0xC4, 0x30, 0x37, 0xC6, 0x79, 0xD6,
    0x39, 0x20, 0x34, 0x71, 0xE9, 0x11, 0xCA, 0x10, 0x1B, 0x0D, 0x72, 0x05, 0x25, 0x2D, 0xA6, 0x90,
    0x51, 0x5F, 0x61, 0xFA, 0xFB, 0x57, 0x0F, 0x1A, 0xE1, 0xE3, 0x90, 0x06, 0xC9, 0xA1, 0x11, 0x72,
    0xC5, 0x30, 0xE4, 0x98, 0x06, 0x18, 0xD3, 0x8F, 0x64, 0xC9, 0x86, 0xC8, 0xF0, 0x6F, 0x2A, 0x5D,
    0x2A, 0xA1, 0x80, 0xAA, 0x60, 0x07, 0x0D, 0xE8, 0xE0, 0x6E, 0xA1, 0x08, 0xE8, 0x00, 0x05, 0x8C,
    0x1A, 0x52, 0x25, 0xF3, 0x02, 0xBB, 0x1F, 0xB0, 0x6F, 0x94, 0x73, 0x3D, 0xEC, 0x33, 0x61, 0xF3,
    0x5C, 0x1B, 0x0B, 0x14, 0x6D, 0xAA, 0x76, 0x7F, 0x9F, 0x5F, 0xED, 0x8A, 0x7B, 0x69, 0x5D, 0x21,
    0xCF, 0x5E, 0x4D, 0x45, 0xA1, 0x8C, 0xAD, 0x18, 0xCD, 0x56, 0x58, 0x51, 0xCE, 0xF2, 0xA3, 0xC1,
    0xFF, 0x38, 0xB2, 0x66, 0xE3, 0x8B, 0x73, 0xC8, 0x01, 0x7F, 0xB1, 0xBD, 0xE4, 0x2F, 0x2E, 0x6F,
    0xEC, 0x2F, 0xDA, 0xA3, 0x66, 0x57, 0x24, 0x3B, 0xEC, 0xCA, 0x4A, 0x94, 0x6A, 0xE2, 0x5B, 0x2C,
    0x95, 0xA1, 0xCB, 0x87, 0xAA, 0xBE, 0xE8, 0x1C, 0x4B, 0x69, 0xF3, 0x2B, 0xF5, 0xA0, 0x05, 0x55,
    0xC2, 0xDA, 0x99, 0xC3, 0x0E, 0xE3, 0x6A, 0x74, 0x18, 0xCB, 0xA3, 0x0E, 0xA3, 0xFE, 0x16, 0x61,
    0xB0, 0xF8, 0xC7, 0x8E, 0xD5, 0xB9, 0xEA, 0x45, 0x68, 0x79, 0x44, 0xF3, 0xAA, 0xEB, 0x6A, 0xB2,
    0x66, 0x1A, 0x33, 0x6D, 0x79, 0xE9, 0x67, 0xD7, 0x61, 0xB4, 0x63, 0x33, 0x63, 0x5A, 0xF1, 0x61,
    0xEF, 0x7A, 0x73, 0x45, 0x59, 0xC9, 0xB0, 0xAF, 0xB0, 0xA3, 0x7A, 0xD7, 0x68, 0x79, 0x38, 0x15,
    0x93, 0xDF, 0x2E, 0x98, 0xBE, 0xD2, 0x3A, 0x97, 0xA9, 0x52, 0xB2, 0xC8, 0xE9, 0x1A, 0x17, 0x5A,
    0x03, 0x54, 0x63, 0x7E, 0xB9, 0xAB, 0xC4, 0x8E, 0x46, 0x2E, 0x16, 0xD5, 0xC4, 0xCA, 0x03, 0xB8,
    0x0C, 0xDC, 0x42, 0xB6, 0xD5, 0x3F, 0x15, 0xE0, 0x17, 0x48, 0x43, 0x79, 0x4C, 0xBA, 0x3A, 0x02,
    0xBA, 0x65, 0xF7, 0x32, 0xB4, 0x5D, 0xF4, 0x89, 0x3E, 0x5C, 0xE4, 0xF3, 0xBA, 0xAA, 0xF9, 0x46,
    0x2B, 0x61, 0x1A, 0x2F, 0x8F, 0xFF, 0x5C, 0x09, 0xB0, 0xDF, 0x29, 0xA7, 0xF2, 0xDB, 0x66, 0xE6,
    0xBF, 0xAE, 0x58, 0x2F, 0x7E, 0xD8, 0x7F, 0xA5, 0x19, 0x65, 0x97, 0x22, 0xED, 0xDE, 0xD1, 0x0C,
    0x9D, 0xD5, 0xE2, 0xA3, 0x30, 0x1F, 0xD5, 0x54, 0xCD, 0x37, 0x1A, 0xB7, 0x2B, 0xCC, 0xB5, 0xA9,
    0xCA, 0xD7, 0x64, 0xCA, 0x43, 0xD5, 0x85, 0x5E, 0xB7, 0xB8, 0xAA, 0xCF, 0x26, 0x82, 0xCA, 0x5F,
    0x45, 0x3B, 0xAB, 0xF6, 0x45, 0xB5, 0x73, 0x8C, 0x29, 0xB8, 0xEC, 0xDD, 0x17, 0xF9, 0xCA, 0xFF,
    0xDA, 0xD7, 0x2B, 0xFF, 0xBE, 0x6F, 0xD6, 0xFE, 0xAF, 0x34, 0xB4, 0x7E, 0x4B, 0x2F, 0x4B, 0x9D,
    0x49, 0x23, 0x30, 0xA9, 0x45, 0xFE, 0x0D, 0xB4, 0xF3, 0x5C, 0x33, 0x78, 0x03, 0x68, 0xFC, 0x42,
    0xBB, 0xF8, 0x16, 0x7C, 0xE6, 0x0A, 0xEE, 0x32, 0x8B, 0xC0, 0xF4, 0xA3, 0x60, 0x3F, 0xE4, 0x96,
    0x28, 0xFD, 0x63, 0x71, 0x19, 0x02, 0x39, 0x5C, 0x59, 0x30, 0x92, 0xA1, 0x77, 0x7F, 0x7E, 0xE0,
    0x81, 0xBA, 0x82, 0xF3, 0xCA, 0xB2, 0x2A, 0x10, 0x73, 0xB5, 0x95, 0x73, 0x5D, 0x1E, 0x59, 0xD3,
    0x54, 0x14, 0x09, 0x86, 0x3F, 0x94, 0xDF, 0xDD, 0x2C, 0x0E, 0x56, 0x7A, 0x2B, 0xD7, 0xAC, 0x7C,
    0x86, 0x99, 0xA8, 0x96, 0xB7, 0xB7, 0xEE, 0x1F, 0xE4, 0x16, 0x6F, 0x8E, 0x83, 0x54, 0x0B, 0xC7,
    0x9E, 0x49, 0x04, 0x03, 0x5E, 0x5D, 0x9F, 0x2E, 0x2B, 0xFA, 0xB0, 0xEF, 0xA8, 0xC6, 0xF5, 0xFE,
    0x8A, 0x6E, 0x8B, 0x98, 0x85, 0x15, 0xA1, 0x06, 0xE0, 0x5A, 0x96, 0x98, 0x91, 0x2B, 0x22, 0x1F,
    0x0E, 0x73, 0xED, 0xFE, 0x02, 0xFC, 0x74, 0x8F, 0x80, 0xB6, 0xF0, 0x2C, 0x13, 0x2B, 0x90, 0x5B,
    0x46, 0xEE, 0x1A, 0x02, 0x72, 0x23, 0x41, 0xA9, 0x6E, 0x90, 0x46, 0x5A, 0x91, 0xFF, 0x02, 0x2E,
    0xFB, 0xC2, 0xFF, 0x07, 0x7C, 0x76, 0x01, 0xC6, 0x6F, 0x13, 0x75, 0xAD, 0x36, 0xB0, 0x4E, 0x69,
    0xAB, 0x26, 0x53, 0x2F, 0xB4, 0xCC, 0x5A, 0x69, 0xD7, 0x9A, 0x97, 0x46, 0xDA, 0x21, 0x4F, 0xFB,
    0x4A, 0x2B, 0x01, 0x45, 0x5C, 0xDF, 0x32, 0xA0, 0x51, 0x71, 0xD4, 0xFD, 0xD1, 0x16, 0x19, 0xED,
    0x5A, 0x6D, 0x24, 0xB4, 0x88, 0x8D, 0xE1, 0x06, 0xA9, 0x38, 0x1D, 0x5B, 0x12, 0x12, 0xF4, 0x78,
    0xEE, 0xD0, 0x71, 0xD9, 0x8C, 0xAB, 0xE4, 0xC2, 0xDC, 0xFF, 0x7C, 0xDC, 0xB8, 0xF0, 0xF0, 0xF4,
    0x50, 0x36, 0xDD, 0x28, 0xE0, 0x2F, 0x42, 0x72, 0xFE, 0x12, 0x05, 0xDC, 0x82, 0x02, 0xAE, 0xE7,
    0xC4, 0xA3, 0xDC, 0x79, 0xAD, 0xC4, 0xE3, 0x61, 0xFA, 0x31, 0xDE, 0xA7, 0x1F, 0x49, 0x01, 0xCB,
    0x8A, 0xA7, 0xC1, 0x4A, 0x8B, 0x91, 0xFD, 0x1A, 0x6A, 0xFF, 0x92, 0x79, 0x99, 0xF3, 0x59, 0x58,
    0xB8, 0x98, 0x58, 0xD0, 0x12, 0x5B, 0x9B, 0x58, 0xF0, 0x42, 0x6F, 0x26, 0x04, 0xBC, 0x6E, 0x79,
    0xFE, 0x72, 0x71, 0x79, 0x91, 0x75, 0x57, 0x6C, 0xAC, 0xA1, 0xAD, 0xAD, 0xFB, 0xAC, 0xB3, 0x8A,
    0x92, 0xAD, 0x91, 0x3C, 0x36, 0x60, 0xAD, 0xF7, 0xEB, 0xED, 0xF7, 0x69, 0x64, 0x66, 0x35, 0x0A,
    0x78, 0xE2, 0xAE, 0xE2, 0x6E, 0x22, 0x62, 0x6D, 0x65, 0x93, 0x56, 0x39, 0x71, 0xE7, 0x68, 0x21,
    0x18, 0x8D, 0xC0, 0xAC, 0xC0, 0xCD, 0x4A, 0xD1, 0xD5, 0x35, 0x51, 0x43, 0x70, 0xB4, 0x04, 0x47,
    0x53, 0x70, 0xB4, 0x05, 0x47, 0x63, 0x70, 0xB4, 0x06, 0x47, 0x73, 0x70, 0xB4, 0x07, 0x47, 0x83,
    0x70, 0xB4, 0x08, 0xC6, 0xC6, 0xCE, 0x6C, 0xC2, 0x8C, 0xC2, 0xAC, 0x22, 0x98, 0x45, 0x11, 0x42,
    0xA7, 0x23, 0xED, 0xE5, 0x10, 0x0B, 0x9D, 0x7A, 0x24, 0xB7, 0x16, 0x9B, 0xC4, 0x6C, 0x2F, 0xAB,
    0x45, 0x81, 0x0E, 0xC7, 0x7E, 0x8A, 0x0E, 0xE8, 0x35, 0x9C, 0x17, 0x0C, 0xFF, 0xF2, 0xC4, 0x08,
    0x43, 0x78, 0x13, 0xD9, 0x8E, 0x0B, 0xB5, 0x89, 0x63, 0x09, 0xA4, 0x51, 0x20, 0xD5, 0x2E, 0x96,
    0x4F, 0xE5, 0x5A, 0x7A, 0x2E, 0x58, 0xAA, 0x78, 0xED, 0x39, 0x8B, 0x98, 0xB0, 0x45, 0xCD, 0x31,
    0x6B, 0x82, 0x35, 0xD2, 0xF6, 0x08, 0x42, 0x2B, 0xDF, 0xD0, 0xC6, 0xCA, 0x97, 0x63, 0x63, 0x5B,
    0xB3, 0xB1, 0xCD, 0xB5, 0xF3, 0x8F, 0xD1, 0x2A, 0xF7, 0xAA, 0x50, 0x50, 0x67, 0x79, 0xE4, 0x90,
    0x44, 0x35, 0xBA, 0x24, 0x33, 0xF6, 0xE5, 0xC5, 0xE6, 0x97, 0xCD, 0xD7, 0x9B, 0x5F, 0xC6, 0xD4,
    0x9F, 0xF9, 0x3B, 0x3F, 0x87, 0xC7, 0x41, 0x62, 0xC0, 0xD3, 0x29, 0xD1, 0x5E, 0x18, 0x1F, 0x17,
    0x48, 0x98, 0x6A, 0xDC, 0xAB, 0xE8, 0x42, 0xCD, 0xF1, 0x91, 0xFD, 0xA6, 0x63, 0x61, 0x40, 0x67,
    0xFE, 0x4A, 0xCE, 0xC2, 0x00, 0x05, 0xF2, 0x59, 0xA5, 0x3C, 0xA9, 0x0A, 0xDA, 0x2D, 0xB1, 0xFD,
    0xB3, 0x47, 0xB5, 0x7E, 0x35, 0x70, 0x3F, 0xA2, 0x4F, 0x69, 0x76, 0x19, 0x93, 0x11, 0x05, 0x0B,
    0xBE, 0x0A, 0xFA, 0x45, 0x4C, 0x17, 0x0D, 0xF3, 0xA6, 0xD8, 0xD1, 0x59, 0xEB, 0x2B, 0xE5, 0x03,
    0x7D, 0x57, 0x80, 0xAE, 0x6B, 0x32, 0x3C, 0x72, 0x9B, 0x82, 0xED, 0x2B, 0x05, 0xCC, 0x0F, 0x43,
    0x69, 0x21, 0xEB, 0x0C, 0xAD, 0xF0, 0x7D, 0x47, 0x69, 0x4B, 0x77, 0x68, 0x13, 0xF0, 0x62, 0x1E,
    0xFA, 0x58, 0x06, 0xFF, 0x1D, 0x52, 0x28, 0xA5, 0x91, 0x97, 0xD1, 0x7E, 0xAD, 0xDB, 0x09, 0x0A,
    0xF5, 0xD7, 0xA0, 0x52, 0xD4, 0xFF, 0x84, 0xD1, 0x72, 0xDF, 0x01, 0xCB, 0xDB, 0x59, 0x96, 0x5F,
    0xC1, 0x03, 0xAE, 0x3A, 0x90, 0x86, 0x3B, 0xAD, 0x30, 0xC8, 0xFC, 0xA7, 0xD8, 0x7E, 0xC0, 0xCC,
    0xB5, 0x07, 0x1D, 0x09, 0xFD, 0x3E, 0x60, 0x22, 0x86, 0xE9, 0x1A, 0xA5, 0xC2, 0xE1, 0x53, 0x19,
    0x04, 0x19, 0xE7, 0xAC, 0x63, 0xFB, 0x5E, 0x6F, 0x39, 0x20, 0x4B, 0xF1, 0xF8, 0x95, 0x88, 0x5D,
    0x10, 0x96, 0xDD, 0xB8, 0x3D, 0xE6, 0x58, 0x05, 0xD8, 0xCB, 0x02, 0x47, 0x09, 0x12, 0x52, 0x24,
    0x03, 0x49, 0x12, 0x95, 0x99, 0xEC, 0x22, 0x77, 0xF0, 0x64, 0x3D, 0xD7, 0x72, 0x99, 0x8D, 0x50,
    0x30, 0xF2, 0x44, 0xE0, 0x7C, 0x3E, 0x5A, 0x06, 0x57, 0xC0, 0x2B, 0x00, 0x66, 0x88, 0x39, 0x83,
    0xCC, 0x19, 0x66, 0xCE, 0x40, 0xB3, 0x7D, 0xD3, 0xC6, 0xE2, 0x49, 0x6B, 0xB8, 0x39, 0x03, 0xCE,
    0x19, 0x72, 0xCE, 0x30, 0xDB, 0x6F, 0x8B, 0x9D, 0xC5, 0x3E, 0xBD, 0x33, 0xF8, 0x9C, 0xE1, 0xE7,
    0x0C, 0x40, 0x67, 0x08, 0x3A, 0x83, 0x70, 0xC4, 0x30, 0x80, 0x18, 0x50, 0x1C, 0xC7, 0x95, 0x73,
    0x7F, 0xA7, 0xF5, 0x5D, 0xCB, 0x9D, 0x26, 0x7F, 0xE2, 0x61, 0xED, 0x83, 0x42, 0x7C, 0x8D, 0x55,
    0xF2, 0x4D, 0x9F, 0xBF, 0x4A, 0x68, 0xAA, 0xF6, 0x6D, 0x0B, 0x15, 0x10, 0x28, 0xB8, 0x32, 0xE2,
    0xC1, 0x15, 0x5F, 0x27, 0xDE, 0x7E, 0x06, 0x43, 0xC3, 0x43, 0x36, 0x22, 0xC2, 0xA0, 0x67, 0x49,
    0x89, 0x37, 0xE4, 0xAE, 0x6B, 0x52, 0xBC, 0x50, 0x0E, 0xD0, 0x99, 0x4A, 0xA0, 0x6C, 0xFE, 0xCF,
    0xC2, 0x4E, 0xA3, 0x8D, 0x0B, 0x48, 0xA1, 0xEB, 0x44, 0x87, 0xD2, 0x8C, 0xAF, 0xDD, 0x81, 0xD7,
    0xF3, 0xAD, 0x75, 0x61, 0x8F, 0x36, 0xE6, 0xB0, 0xCE, 0xB6, 0xF6, 0xAB, 0x32, 0xA7, 0x25, 0x27,
    0xB1, 0x18, 0x8D, 0x68, 0x36, 0x21, 0xA1, 0xF6, 0x21, 0xFB, 0x65, 0xDD, 0xB5, 0x2E, 0xBA, 0xF0,
    0xDA, 0xE4, 0xBA, 0x08, 0xA4, 0x90, 0xA8, 0xEA, 0xC7, 0x23, 0x41, 0x14, 0x3D, 0x32, 0x07, 0x49,
    0x4F, 0x25, 0xE0, 0xAE, 0x70, 0x51, 0x6F, 0x9F, 0x20, 0xEA, 0x55, 0x49, 0x0B, 0xDC, 0x20, 0xDC,
    0x4B, 0x9E, 0x70, 0x21, 0xCA, 0xD2, 0x5D, 0xE2, 0x2B, 0x56, 0x8A, 0x2D, 0x75, 0x5A, 0x28, 0x95,
    0x48, 0x5E, 0x68, 0x55, 0x93, 0x7D, 0xB4, 0x4C, 0x87, 0xF0, 0x2A, 0xDB, 0x8D, 0xAF, 0x7A, 0xAB,
    0x32, 0xC9, 0xB1, 0x22, 0xD7, 0x46, 0x50, 0xAC, 0xED, 0x95, 0x47, 0x15, 0xF0, 0x1F, 0xAA, 0xB0,
    0x9F, 0xCA, 0x87, 0x9E, 0xDA, 0xDE, 0x3B, 0x56, 0x3B, 0x6B, 0xCC, 0xFC, 0xD9, 0x58, 0x1F, 0xB0,
    0x22, 0x6B, 0xAE, 0xD8, 0x9F, 0x8C, 0x5B, 0x51, 0x58, 0xE2, 0xBC, 0xA4, 0xE6, 0xE2, 0x3D, 0xAA,
    0x99, 0xAA, 0x5A, 0x3E, 0x6F, 0xE7, 0xB8, 0xF4, 0x7A, 0xE0, 0xD6, 0x44, 0xCB, 0x73, 0x29, 0x80,
    0x99, 0x55, 0x7E, 0x0F, 0x67, 0xBA, 0xC6, 0x16, 0x3A, 0x64, 0x1B, 0xEE, 0x4A, 0xD3, 0xB2, 0x12,
    0x38, 0xEF, 0x18, 0x10, 0x9A, 0x46, 0xD4, 0x5E, 0x2D, 0x90, 0x13, 0xDC, 0x2E, 0xFD, 0x33, 0xF9,
    0xC2, 0x66, 0x19, 0xD4, 0x86, 0x7B, 0x22, 0xF2, 0x3F, 0x85, 0x01, 0x63, 0xEB, 0xDB, 0x8F, 0xD8,
    0xE4, 0x56, 0x04, 0x53, 0x70, 0x9B, 0x59, 0x46, 0x4A, 0x2D, 0xF1, 0x63, 0xC6, 0x05, 0xCE, 0x8F,
    0xED, 0xB9, 0x6A, 0xD4, 0x5A, 0x22, 0xE5, 0x00, 0xBA, 0x60, 0x33, 0x88, 0xE8, 0x11, 0x2B, 0x15,
    0xA1, 0xF6, 0x02, 0xDC, 0x12, 0x52, 0xC6, 0x97, 0xE3, 0xF7, 0x3B, 0xB9, 0xCC, 0x68, 0x95, 0x20,
    0xA6, 0xC7, 0x15, 0xF8, 0x8F, 0xD5, 0xFD, 0xB2, 0xB2, 0x3B, 0x95, 0xF2, 0x09, 0xC6, 0x00, 0x8F,
    0x73, 0x58, 0x1F, 0x48, 0x1B, 0x1F, 0xE2, 0xA7, 0x8A, 0x29, 0x6D, 0xDC, 0xDE, 0x66, 0x35, 0xDA,
    0x3C, 0xEE, 0x66, 0x04, 0x80, 0xF1, 0xE4, 0xC1, 0x25, 0x0F, 0x4D, 0x3D, 0xAB, 0x17, 0xB4, 0xC4,
    0xDB, 0xFA, 0xF1, 0x4C, 0xC1, 0xD4, 0x30, 0x55, 0x0C, 0x1D, 0xC3, 0xF0, 0x99, 0xE6, 0x71, 0x54,
    0x33, 0xF5, 0x4C, 0x45, 0x1B, 0xFB, 0x78, 0xF3, 0x14, 0x57, 0xB1, 0x57, 0x7F, 0x76, 0xD9, 0x8C,
    0x8B, 0x7C, 0x92, 0xAE, 0xA8, 0x27, 0x81, 0xAB, 0x2D, 0xDC, 0x8E, 0x72, 0x64, 0x07, 0x03, 0xB1,
    0xFA, 0xC2, 0xDB, 0x26, 0x6E, 0x21, 0xDC, 0x1A, 0x65, 0x6B, 0xCF, 0x0B, 0x6E, 0xB7, 0xD9, 0xD8,
    0xCC, 0x1B, 0x4A, 0x46, 0xEF, 0x5C, 0x5D, 0xDD, 0x5E, 0x1A, 0xAE, 0x47, 0x19, 0x29, 0xBD, 0x2D,
    0x4B, 0xE2, 0x1E, 0x1E, 0xF6, 0x25, 0x4F, 0x74, 0x71, 0x5C, 0x8D, 0x80, 0xB0, 0x44, 0xAE, 0x5B,
    0xE8, 0x8A, 0xB1, 0xD3, 0x09, 0xB8, 0xBA, 0xD0, 0x40, 0xF6, 0x4F, 0xF2, 0x20, 0x67, 0x0D, 0xC9,
    0x77, 0xE3, 0x9E, 0xCB, 0xC8, 0x87, 0x34, 0xBF, 0xE7, 0x06, 0xD9, 0x3A, 0x14, 0x0E, 0x47, 0x15,
    0xC6, 0x8C, 0x15, 0x97, 0xFA, 0x3E, 0xFA, 0x48, 0xA5, 0xD7, 0xE0, 0xB2, 0xE8, 0x65, 0xA1, 0x14,
    0x17, 0x24, 0xD5, 0xB2, 0x5E, 0xB2, 0x9C, 0xDB, 0x05, 0x8D, 0x82, 0xFB, 0x85, 0x82, 0xA3, 0xB4,
    0x68, 0x02, 0x93, 0xC3, 0x18, 0xB4, 0x35, 0xEE, 0x31, 0x3E, 0x50, 0x46, 0xF7, 0x28, 0xB7, 0x58,
    0x4C, 0xEF, 0xB6, 0x0C, 0x75, 0x8D, 0x3B, 0x51, 0xC1, 0xC9, 0xB9, 0xA8, 0xF4, 0x0E, 0x95, 0xB1,
    0x54, 0x43, 0x8C, 0xB0, 0x2F, 0x36, 0x85, 0x8B, 0x50, 0x91, 0x61, 0xEE, 0xDC, 0xCF, 0xF4, 0xC8,
    0x94, 0x0E, 0xB2, 0x7D, 0xEA, 0x3B, 0xF5, 0x04, 0xDA, 0x55, 0x08, 0xD5, 0x72, 0x59, 0x47, 0x40,
    0x18, 0x45, 0xEF, 0x4C, 0x3B, 0xEC, 0x8B, 0x61, 0xDC, 0x1E, 0x23, 0x41, 0xB7, 0xFA, 0x6F, 0xAD,
    0xEE, 0x75, 0x3E, 0x2B, 0x17, 0x8F, 0x6F, 0x9D, 0xA2, 0x7F, 0x39, 0x1D, 0x9B, 0x92, 0xF2, 0xC8,
    0x1F, 0x06, 0xF3, 0x3F, 0xD1, 0x61, 0xD0, 0x2F, 0x0E, 0x9F, 0x2C, 0xF2, 0x28, 0x1F, 0xC3, 0x5F,
    0x78, 0x88, 0x50, 0x3A, 0x44, 0xD3, 0x15, 0x5B, 0xD4, 0xEE, 0xA0, 0x77, 0xB3, 0x42, 0x68, 0xDE,
    0x54, 0x4F, 0xDD, 0x9B, 0xF2, 0xA1, 0x7D, 0xA8, 0xDF, 0x41, 0xFF, 0x70, 0xE4, 0x3A, 0xF8, 0x62,
    0xAD, 0xED, 0x87, 0x22, 0x06, 0x01, 0x84, 0x57, 0x59, 0x93, 0x7F, 0xCA, 0x70, 0xE1, 0x74, 0xCA,
    0xA0, 0xD0, 0xDB, 0x58, 0x75, 0xE3, 0x49, 0x20, 0x7B, 0x51, 0xCE, 0xB7, 0x65, 0xB5, 0x6E, 0xB2,
    0xDA, 0xA5, 0xE2, 0x19, 0x5F, 0x8C, 0x04, 0xB5, 0x6E, 0xBC, 0xFF, 0x41, 0x51, 0xDA, 0xBE, 0xB8,
    0x6A, 0xAA, 0xE7, 0xBC, 0x5F, 0xDE, 0x7D, 0x02, 0x72, 0x11, 0x13, 0xC6, 0x7A, 0x67, 0xA7, 0xEE,
    0xD0, 0x25, 0x0A, 0xEC, 0xC6, 0x35, 0x2C, 0xDA, 0xCC, 0xCE, 0x0D, 0x1E, 0xC3, 0x87, 0x00, 0x39,
    0x22, 0xE4, 0x08, 0x91, 0x23, 0x46, 0xA1, 0x18, 0x69, 0x1D, 0x4E, 0xEE, 0x09, 0x1B, 0xEF, 0x3B,
    0x37, 0x02, 0x65, 0x48, 0x05, 0xA8, 0x0C, 0xAB, 0x00, 0xD6, 0x58, 0xBD, 0x2E, 0x0D, 0xF1, 0x72,
    0x04, 0xCC, 0x11, 0x31, 0x47, 0xC8, 0xB8, 0x79, 0x7F, 0xEB, 0x16, 0x07, 0x0F, 0x97, 0xD0, 0xE5,
    0x6D, 0xE3, 0x96, 0x43, 0x42, 0x63, 0x46, 0x1D, 0x1B, 0xA7, 0x64, 0xCA, 0x53, 0xBB, 0x57, 0x68,
    0x04, 0xA4, 0xE6, 0x2B, 0x9B, 0xA3, 0xEC, 0xC7, 0x7C, 0x9A, 0x34, 0x55, 0x70, 0xED, 0x0F, 0x6F,
    0x43, 0x6C, 0x67, 0x05, 0x3C, 0xE3, 0x6E, 0xC4, 0xDA, 0x8D, 0x89, 0xAE, 0x90, 0xDA, 0x59, 0x05,
    0x54, 0x36, 0x37, 0xDC, 0x48, 0x9A, 0x1D, 0xAA, 0xE2, 0xD8, 0x97, 0x21, 0xE6, 0x7A, 0xF9, 0x67,
    0x7B, 0x7C, 0xFD, 0xCF, 0xF9, 0x91, 0x88, 0x81, 0xE5, 0x9B, 0x06, 0x68, 0x3B, 0x67, 0x3F, 0x22,
    0x9C, 0x78, 0x72, 0xA0, 0x52, 0x71, 0x8D, 0x3A, 0x2E, 0xAF, 0x04, 0x99, 0xD7, 0x60, 0x03, 0x94,
    0xA1, 0x5C, 0xEE, 0x55, 0xC3, 0x93, 0xAB, 0xE5, 0x8A, 0xED, 0x81, 0xAA, 0xC1, 0x9A, 0x11, 0xB0,
    0x22, 0xA3, 0x84, 0x04, 0x72, 0xD8, 0x8C, 0x1B, 0x43, 0x30, 0xF7, 0x0B, 0x95, 0xA0, 0x0D, 0x8A,
    0x89, 0x3E, 0xC4, 0x00, 0x96, 0xCB, 0x1B, 0x09, 0x0E, 0xA4, 0xD8, 0x84, 0x0D, 0x00, 0x4E, 0xF0,
    0xC0, 0x3A, 0xF5, 0xEF, 0xD0, 0xA3, 0x9D, 0x05, 0xB6, 0xF2, 0x76, 0x2C, 0xD5, 0x76, 0x3A, 0x14,
    0xE8, 0xD0, 0xCF, 0x2D, 0x45, 0x54, 0x9E, 0x08, 0xD5, 0x60, 0xCE, 0xEC, 0x43, 0x48, 0x15, 0x37,
    0xB2, 0x64, 0x24, 0xCA, 0xA9, 0xA6, 0x4A, 0xA4, 0x66, 0xF9, 0x04, 0x00, 0xE2, 0xFD, 0xA9, 0xCE,
    0x12, 0x07, 0xD0, 0x3C, 0xF5, 0x9F, 0x9C, 0xEE, 0xC1, 0x6B, 0xC8, 0x1E, 0x8E, 0x28, 0x18, 0x59,
    0xFF, 0x37, 0xEB, 0xFF, 0x78, 0x49, 0x78, 0xB2, 0x52, 0xF7, 0xE2, 0x6A, 0xB4, 0x20, 0xF0, 0xA9,
    0x7F, 0x76, 0x4A, 0x87, 0x6D, 0x3B, 0x96, 0x59, 0xED, 0x37, 0x41, 0x8D, 0xF1, 0x75, 0x6A, 0x1C,
    0x6E, 0xAA, 0xC6, 0x17, 0x31, 0xF0, 0x22, 0x94, 0x6A, 0xEF, 0x95, 0xB0, 0xB6, 0x37, 0x32, 0xF0,
    0xC4, 0xB6, 0xC8, 0x97, 0x27, 0x53, 0x15, 0x51, 0x66, 0x4A, 0xCA, 0x4F, 0xCE, 0xAF, 0x27, 0x1E,
    0x71, 0xB6, 0x4C, 0x87, 0xBC, 0x14, 0x77, 0x4E, 0xA0, 0xDA, 0x72, 0x3B, 0x55, 0x5B, 0xA2, 0x59,
    0xEE, 0x15, 0x5D, 0xAE, 0x40, 0x67, 0x1B, 0x93, 0x0D, 0x2A, 0xDB, 0xB3, 0xDA, 0x72, 0x60, 0xB5,
    0xE5, 0x6E, 0xEE, 0xAC, 0x6B, 0x63, 0xEC, 0x95, 0x16, 0x70, 0x74, 0xE8, 0x2B, 0x92, 0xF6, 0x1D,
    0x3D, 0xF4, 0x96, 0x8C, 0x42, 0xA3, 0x4E, 0xF9, 0x1A, 0x84, 0xE7, 0x27, 0xDA, 0x2D, 0x96, 0x17,
    0x84, 0x82, 0xC3, 0x50, 0x1D, 0xF7, 0x47, 0x56, 0x66, 0x58, 0x84, 0x69, 0x7A, 0x3B, 0xD6, 0xEA,
    0x1E, 0xDE, 0x96, 0x88, 0xBC, 0xC6, 0x12, 0xBB, 0x40, 0x96, 0x20, 0xE5, 0x57, 0x46, 0xCA, 0x97,
    0x37, 0x21, 0xE5, 0x13, 0x5C, 0xB5, 0xFC, 0xA4, 0x27, 0x3B, 0x15, 0x21, 0x33, 0xFF, 0x99, 0x1D,
    0x28, 0x88, 0xA2, 0x66, 0x1C, 0x4F, 0xB3, 0x2B, 0x90, 0x0F, 0xB1, 0xAA, 0xC7, 0x70, 0x14, 0x27,
    0xF7, 0x66, 0xDB, 0xD9, 0x77, 0xBE, 0x79, 0xBD, 0x20, 0xB8, 0xB2, 0x91, 0xE3, 0xC0, 0xC9, 0x26,
    0x2F, 0x0B, 0x82, 0x7B, 0xA7, 0x60, 0x70, 0xE3, 0x6E, 0xDD, 0x4F, 0xE5, 0x76, 0x0B, 0xDB, 0xAF,
    0x91, 0x0E, 0xEE, 0x75, 0x1C, 0x13, 0xD7, 0x9C, 0x6C, 0x72, 0xFA, 0x4A, 0x8D, 0x8F, 0x90, 0xCB,
    0xAF, 0x06, 0x3B, 0x07, 0x03, 0x4E, 0x55, 0x8F, 0xA8, 0x77, 0xD9, 0xC6, 0xDB, 0x59, 0xC3, 0x37,
    0xA3, 0x70, 0x70, 0xC5, 0x30, 0x2F, 0x05, 0x78, 0x0D, 0x86, 0xD0, 0x62, 0x18, 0x29, 0x67, 0x96,
    0x2F, 0xB9, 0xEA, 0x2D, 0xED, 0xDC, 0x80, 0x60, 0x83, 0x57, 0xBE, 0x93, 0x59, 0xD5, 0xD7, 0x66,
    0xFC, 0xD6, 0x2B, 0x81, 0x64, 0x94, 0x3B, 0xB8, 0xDD, 0x0D, 0xAA, 0xFC, 0xD3, 0x36, 0xA1, 0x87,
    0x50, 0x20, 0xB3, 0xFC, 0x2F, 0x60, 0x16, 0x07, 0x1C, 0x59, 0x73, 0xEF, 0xF1, 0xBD, 0xC7, 0xAF,
    0xD7, 0xF4, 0xE7, 0x3E, 0x82, 0x53, 0xB9, 0x18, 0x16, 0x7E, 0xCA, 0x24, 0x65, 0x3B, 0x4C, 0x2E,
    0xBE, 0xA9, 0x40, 0x71, 0xFC, 0xF8, 0x39, 0x47, 0x21, 0x10, 0x33, 0x47, 0xD0, 0x1C, 0x51, 0x0B,
    0x29, 0x77, 0xE2, 0x76, 0xC3, 0x42, 0x84, 0x84, 0x8D, 0x76, 0x9F, 0xF8, 0x19, 0x80, 0x86, 0xA0,
    0x41, 0x68, 0x18, 0x1A, 0x88, 0x01, 0xC5, 0xE7, 0x03, 0x50, 0x1F, 0x01, 0x00, 0xFE, 0xD3, 0x73,
    0x01, 0x18, 0x46, 0x00, 0x3A, 0x16, 0x32, 0x4F, 0x00, 0x78, 0x00, 0x00, 0xAE, 0xCE, 0x98, 0x3B,
    0x9F, 0x9F, 0x84, 0xE3, 0x4F, 0xCA, 0x39, 0x00, 0x1D, 0x1D, 0xB9, 0x53, 0x37, 0xB2, 0x07, 0xC6,
    0x1D, 0x19, 0x4F, 0x6B, 0x85, 0x15, 0x85, 0xED, 0x8E, 0x09, 0xBE, 0x72, 0xF9, 0x75, 0x06, 0x46,
    0xF9, 0x4D, 0x06, 0x86, 0xC6, 0xA5, 0x1E, 0x49, 0xAC, 0x1E, 0x03, 0xE3, 0x14, 0xB4, 0x1D, 0x8B,
    0x80, 0xB8, 0xD5, 0x81, 0x12, 0x62, 0xAB, 0x00, 0x23, 0x0D, 0x23, 0x66, 0x6D, 0xA3, 0xF2, 0xAC,
    0xB2, 0xDE, 0xB6, 0x2B, 0x87, 0x1D, 0xCB, 0x2E, 0x6C, 0x5A, 0xD6, 0xF1, 0xF3, 0xC1, 0xF1, 0x13,
    0x52, 0xEC, 0x2B, 0x2D, 0x0E, 0x8E, 0xF4, 0xAD, 0x56, 0x0E, 0xE8, 0x56, 0x1F, 0xB5, 0xC1, 0x0A,
    0xD5, 0x2C, 0x95, 0x55, 0x11, 0x6E, 0x2A, 0xCD, 0x23, 0xE7, 0x9A, 0x6F, 0xD3, 0xFA, 0x44, 0x2D,
    0x20, 0xE1, 0x0B, 0x05, 0x47, 0xC9, 0x10, 0xCD, 0xD6, 0x54, 0x4D, 0x3C, 0xF8, 0x5C, 0xB0, 0x2A,
    0x9A, 0xF4, 0xC2, 0xE7, 0xEA, 0x88, 0x36, 0xD9, 0xFF, 0x8A, 0x29, 0x37, 0xF2, 0xA2, 0xF8, 0x1F,
    0x94, 0xA5, 0x17, 0x8D, 0x0C, 0xEE, 0xB7, 0x94, 0xF4, 0x6D, 0xFC, 0xAF, 0xFD, 0xDB, 0x5A, 0x95,
    0xFB, 0xB9, 0x48, 0xFA, 0xB6, 0x96, 0xC3, 0x7C, 0xE1, 0x23, 0x7F, 0xA2, 0x06, 0xF8, 0x95, 0x68,
    0xAA, 0xA0, 0x73, 0x1F, 0xD9, 0x6E, 0xC0, 0x3E, 0xB2, 0x03, 0xA6, 0x5B, 0xEE, 0x64, 0xCF, 0x90,
    0xD8, 0x46, 0x8C, 0xB6, 0x8D, 0x2C, 0x93, 0xA8, 0x9B, 0xAA, 0xE1, 0xC0, 0x96, 0xDC, 0x56, 0x91,
    0x79, 0x3B, 0xA6, 0x19, 0x3B, 0x98, 0xFB, 0xBD, 0x0C, 0xD0, 0x78, 0x46, 0xA6, 0x79, 0xE7, 0x0B,
    0x1F, 0x1C, 0x79, 0x92, 0xE1, 0x45, 0xC7, 0x53, 0x0B, 0xDF, 0x3D, 0x5D, 0x5C, 0xB3, 0x03, 0x47,
    0x75, 0xB0, 0xD5, 0x54, 0x64, 0x43, 0xE3, 0x56, 0x55, 0x6C, 0xB5, 0x1C, 0xA3, 0x89, 0x51, 0x12,
    0x5B, 0x34, 0x32, 0xEF, 0x8A, 0x66, 0x44, 0x0F, 0xC8, 0x60, 0x8A, 0x1A, 0x3E, 0xDB, 0xA8, 0x3A,
    0xDA, 0xEA, 0xE4, 0x37, 0x4A, 0x79, 0xB7, 0x3E, 0xD5, 0x93, 0xA0, 0xB3, 0xFF, 0x1B, 0xD2, 0x7F,
    0x52, 0xB3, 0xFD, 0xB2, 0x4F, 0xFF, 0x59, 0x07, 0xE4, 0x57, 0x5D, 0xFA, 0x31, 0x8E, 0x10, 0x6C,
    0x53, 0x0E, 0xC2, 0x26, 0xA5, 0x1E, 0xB6, 0x19, 0xD5, 0xB0, 0xB1, 0xB6, 0xB4, 0x7D, 0x76, 0x34,
    0xDC, 0x6C, 0x18, 0x8B, 0x4E, 0x52, 0x2B, 0xD0, 0xAE, 0x19, 0xEC, 0x91, 0xAF, 0xFC, 0x6A, 0x60,
    0x38, 0xA8, 0x7D, 0xD5, 0xBD, 0xFD, 0x47, 0xE6, 0x18, 0x1E, 0xC4, 0xD0, 0x65, 0xD8, 0x09, 0xD5,
    0xE0, 0x1C, 0x43, 0x8E, 0xD6, 0xCA, 0xF6, 0x82, 0xB1, 0xD8, 0x97, 0x69, 0xD8, 0x98, 0xF5, 0xDF,
    0x19, 0xB6, 0x7A, 0xD7, 0x2C, 0xA0, 0xFA, 0x1C, 0xDA, 0xF6, 0x5F, 0xD9, 0xB9, 0xB7, 0x30, 0xE0,
    0xCC, 0x1B, 0xB9, 0x68, 0x47, 0x65, 0xF7, 0x6E, 0xE4, 0xC3, 0xA6, 0x98, 0x74, 0x73, 0xF4, 0xCC,
    0xA3, 0xEB, 0x62, 0xAA, 0xB0, 0x6D, 0x29, 0x14, 0xBB, 0x85, 0x43, 0xAE, 0x77, 0x96, 0xFA, 0x44,
    0x81, 0x44, 0x5B, 0x20, 0x7B, 0xB1, 0x49, 0x9A, 0xE7, 0x4C, 0xAC, 0x35, 0x0D, 0xA7, 0x06, 0xD5,
    0x6F, 0x7B, 0xE1, 0xB1, 0x37, 0x3F, 0xCC, 0x6E, 0x6A, 0xE8, 0x48, 0xE6, 0x36, 0xAC, 0xA3, 0x6A,
    0x99, 0xE1, 0x6D, 0x99, 0x7E, 0x6F, 0x31, 0x12, 0xD3, 0x67, 0xD0, 0x3C, 0x39, 0x1E, 0xE5, 0x71,
    0xF2, 0x89, 0x13, 0x88, 0x83, 0x60, 0x76, 0xE8, 0x4D, 0x33, 0x3B, 0xE3, 0x68, 0x15, 0x54, 0x00,
    0xC2, 0x9E, 0xC9, 0x86, 0x8C, 0xBA, 0xE2, 0x42, 0x1E, 0x26, 0xAA, 0x2A, 0xEC, 0x7F, 0xFD, 0x0B,
    0x9C, 0xB0, 0x12, 0xC9, 0x30, 0x83, 0xF4, 0xEF, 0x73, 0x87, 0xE5, 0xFB, 0x3C, 0x1D, 0x16, 0x6F,
    0xDA, 0x47, 0x5E, 0x2B, 0xA4, 0x27, 0x02, 0x32, 0x0B, 0x7B, 0x90, 0x36, 0xFB, 0x95, 0xC9, 0xA1,
    0x0E, 0xD2, 0xE6, 0xC5, 0x6B, 0xE7, 0x40, 0xA6, 0x92, 0x72, 0x6B, 0xED, 0xDC, 0x51, 0xA3, 0x86,
    0x6D, 0x5B, 0x74, 0x88, 0x50, 0x92, 0x31, 0xEB, 0x5E, 0xCF, 0x7C, 0xD0, 0xF1, 0xDC, 0xFD, 0xA3,
    0x7F, 0xDE, 0xB9, 0xE9, 0x08, 0x2B, 0x55, 0xEF, 0xD6, 0xCD, 0xA8, 0xD5, 0xF5, 0x4D, 0xFF, 0x3C,
    0xEE, 0xB3, 0x9C, 0xDA, 0xC1, 0xDA, 0x1D, 0x59, 0xD2, 0x30, 0xCF, 0xED, 0xE5, 0x83, 0xB6, 0x37,
    0xAC, 0x50, 0x0E, 0x0F, 0xE9, 0xED, 0x9A, 0xCD, 0x0E, 0xC0, 0x7F, 0xC8, 0x93, 0x4E, 0x51, 0x46,
    0xAE, 0x92, 0x8D, 0x16, 0x8C, 0x37, 0x38, 0xF5, 0xAE, 0xAD, 0xC8, 0xBD, 0x0E, 0x6F, 0xAC, 0xAC,
    0xF6, 0xFD, 0xD9, 0xD9, 0xD9, 0x5E, 0xED, 0x3F, 0x0F, 0xF8, 0x2C, 0x26, 0xAD, 0x96, 0x6E, 0x4E,
    0x2E, 0x5F, 0xAD, 0x7A, 0xAC, 0xF7, 0x8F, 0x2D, 0xF9, 0x9E, 0xA0, 0xC8, 0xF9, 0xCC, 0x9C, 0x81,
    0x76, 0xBA, 0xF2, 0x9D, 0xC3, 0xA5, 0xBD, 0x2F, 0x03, 0xBF, 0x6A, 0xC3, 0x0D, 0x63, 0x69, 0x13,
    0x46, 0x79, 0x38, 0x03, 0xCA, 0xAC, 0x31, 0x1C, 0x77, 0x90, 0x7E, 0xAF, 0x46, 0x61, 0x56, 0x27,
    0x87, 0xAA, 0x91, 0x6F, 0x98, 0x47, 0x49, 0x27, 0xCF, 0x7B, 0xF2, 0xC3, 0x89, 0xE5, 0x08, 0x26,
    0xC1, 0x33, 0x38, 0xC3, 0x8A, 0xC2, 0xF7, 0x08, 0x60, 0xF8, 0x9F, 0x3B, 0x64, 0x76, 0x9E, 0x11,
    0xDE, 0xB3, 0x7C, 0x09, 0x61, 0x0D, 0xBE, 0xF2, 0xAC, 0x19, 0xDC, 0x04, 0xED, 0x1D, 0xA5, 0x26,
    0x0B, 0x9E, 0xD0, 0x57, 0xB2, 0x68, 0x0B, 0xE8, 0xC6, 0xAC, 0x5B, 0xBB, 0x72, 0x34, 0x40, 0x42,
    0x99, 0x3B, 0x2B, 0x83, 0xC5, 0xA2, 0xF5, 0x70, 0x3C, 0xED, 0x63, 0x7E, 0xE4, 0xC7, 0x21, 0xBE,
    0xD7, 0x5D, 0xE1, 0x7B, 0x2F, 0x1D, 0x3C, 0xF0, 0xFF, 0xED, 0x5A, 0xBF, 0xAF, 0xE5, 0x56, 0x11,
    0xF6, 0x0F, 0x65, 0x2D, 0xC5, 0x85, 0x29, 0x88, 0x84, 0x78, 0x85, 0xFF, 0x00, 0x24, 0xFC, 0x0F,
    0x20, 0x7C, 0x23, 0x8A, 0x14, 0x14, 0x49, 0xC1, 0xF6, 0x14, 0x54, 0xDB, 0x6C, 0x43, 0xEF, 0x2B,
    0x51, 0x50, 0x66, 0x2B, 0x5A, 0x52, 0x2C, 0x12, 0xBC, 0x2D, 0x96, 0x82, 0x12, 0xE2, 0x2B, 0xF1,
    0x0F, 0xDC, 0x40, 0x49, 0x91, 0xAB, 0xF0, 0x90, 0x50, 0x52, 0x60, 0x81, 0x25, 0xFC, 0x12, 0xDB,
    0xC3, 0xCC, 0xF7, 0xCD, 0x39, 0xF6, 0x5B, 0x36, 0x6F, 0xB7, 0x01, 0x21, 0x91, 0x27, 0xBD, 0x7B,
    0x8E, 0x7D, 0x6D, 0x9F, 0x99, 0x6F, 0xE6, 0xCC, 0x7C, 0x33, 0xBE, 0x49, 0x82, 0xBF, 0xEB, 0x03,
    0xC7, 0x4C, 0x8E, 0x9C, 0xE4, 0xE2, 0x67, 0x0A, 0xE1, 0x98, 0x34, 0x36, 0x49, 0x7B, 0x11, 0x59,
    0x74, 0xD2, 0xE9, 0x28, 0x93, 0x5D, 0x67, 0x7F, 0x97, 0x24, 0xA9, 0x6D, 0x5C, 0xF1, 0xCD, 0xE7,
    0xBD, 0x8C, 0x7A, 0xA9, 0x88, 0xDE, 0x3C, 0xDB, 0x25, 0x93, 0x1E, 0xE8, 0x4D, 0xA5, 0x5D, 0xD7,
    0xEB, 0x35, 0x95, 0x9C, 0x92, 0xA4, 0x15, 0x7F, 0xA6, 0x4D, 0xEC, 0x1F, 0x47, 0xDD, 0x12, 0x26,
    0xB3, 0x7F, 0xD5, 0x63, 0xB2, 0xBE, 0x38, 0xB1, 0xEF, 0x31, 0xB1, 0x25, 0xFA, 0xC5, 0xD6, 0x1B,
    0x6D, 0x71, 0x5B, 0x6F, 0xB0, 0x3B, 0x0F, 0x2A, 0xD2, 0xD9, 0x9E, 0x75, 0x49, 0x7A, 0x53, 0xA6,
    0x12, 0x79, 0x0E, 0x01, 0x21, 0xF2, 0x68, 0x2A, 0xD9, 0xE4, 0x6C, 0x93, 0x9A, 0x4A, 0x99, 0x7E,
    0xAB, 0x03, 0x60, 0x6B, 0x0D, 0x1C, 0x2E, 0x18, 0x3A, 0x5C, 0x99, 0xF0, 0x86, 0x42, 0x35, 0x00,
    0x16, 0x47, 0x2A, 0xAE, 0x22, 0xE8, 0xE7, 0xCC, 0x67, 0x5F, 0x54, 0xD3, 0x55, 0x20, 0xC0, 0xD1,
    0x54, 0x55, 0x99, 0x73, 0x1B, 0x66, 0x0C, 0xFD, 0xC4, 0x61, 0x0C, 0x83, 0x3D, 0x4B, 0xE5, 0x29,
    0xF5, 0x59, 0xFA, 0x5D, 0xAD, 0xF7, 0x29, 0x08, 0x1D, 0x40, 0xF9, 0xCC, 0x94, 0x6B, 0x28, 0x6E,
    0x49, 0x61, 0x53, 0xA2, 0x9C, 0x5C, 0xC9, 0x93, 0x28, 0x68, 0xFA, 0x1A, 0xE6, 0xAB, 0x45, 0x6F,
    0x1D, 0x4C, 0xCE, 0x45, 0x2F, 0x1B, 0x4C, 0x79, 0x93, 0xE0, 0x62, 0x93, 0xB3, 0x4E, 0xCE, 0xFA,
    0xF5, 0x2D, 0x15, 0xCB, 0xEC, 0xAC, 0x4D, 0xEC, 0x2C, 0xE4, 0x32, 0x49, 0x15, 0xC0, 0x03, 0xCE,
    0x6E, 0x13, 0x7D, 0x26, 0xBE, 0x86, 0xC1, 0xEC, 0x2C, 0xCC, 0x53, 0xC1, 0xA8, 0x0B, 0xBF, 0x86,
    0x9D, 0x9A, 0xD5, 0x27, 0x76, 0x16, 0x56, 0x6B, 0x61, 0xB9, 0xC9, 0xCD, 0x6C, 0xEA, 0xA9, 0xEA,
    0x3C, 0x03, 0xD3, 0xC8, 0x44, 0x33, 0x9A, 0x65, 0x2B, 0x40, 0xDE, 0xC9, 0xA7, 0x02, 0xED, 0x5A,
    0xE2, 0x0D, 0x83, 0x1A, 0x3C, 0x34, 0x28, 0x8D, 0xF3, 0x2D, 0xB9, 0x89, 0xA0, 0x24, 0xD5, 0xBC,
    0x1F, 0xEA, 0x89, 0xC6, 0x84, 0xE1, 0x15, 0x89, 0x4C, 0x6F, 0xD1, 0xDB, 0x54, 0x33, 0x45, 0xF4,
    0xA8, 0x43, 0xA6, 0xC0, 0x14, 0x72, 0xB4, 0xF3, 0x25, 0x4E, 0x98, 0x46, 0x1C, 0xEC, 0xBC, 0x69,
    0x53, 0xAA, 0x8A, 0xAA, 0x8B, 0x29, 0xD8, 0x2E, 0x1C, 0x66, 0x68, 0xA9, 0x83, 0x69, 0xAE, 0xCA,
    0x98, 0xFF, 0x76, 0x6B, 0x6A, 0x82, 0x75, 0xF2, 0x37, 0x1B, 0x5A, 0x8A, 0xD9, 0x70, 0xBF, 0x54,
    0xB2, 0x74, 0xA3, 0x19, 0xEA, 0xD2, 0x0D, 0x9B, 0xA8, 0x49, 0xBE, 0xA4, 0x72, 0xD9, 0xEC, 0x29,
    0xDF, 0x0F, 0xF6, 0x83, 0xE7, 0xC9, 0xB4, 0xBB, 0xB4, 0x76, 0x5D, 0xF9, 0x57, 0xCA, 0xEE, 0x20,
    0x49, 0xF7, 0x17, 0xBE, 0xFA, 0x4F, 0x5D, 0xF7, 0x26, 0xA1, 0x68, 0xBA, 0x44, 0x43, 0x18, 0x5B,
    0x6E, 0x8F, 0x96, 0x1B, 0x1D, 0x47, 0x03, 0x87, 0x03, 0x77, 0xFD, 0xA0, 0x0A, 0x3E, 0x13, 0xF3,
    0x5D, 0x3F, 0x32, 0x0C, 0x06, 0xEE, 0x27, 0xB8, 0x77, 0x06, 0x13, 0xE6, 0x66, 0x25, 0x9B, 0x41,
    0xFA, 0xCA, 0x30, 0x80, 0xDB, 0x71, 0x5F, 0x0F, 0xEE, 0x8D, 0xB3, 0xDF, 0x96, 0x85, 0x23, 0xDC,
    0x06, 0xBF, 0xB4, 0xA3, 0x8A, 0x01, 0xE4, 0xEC, 0x5E, 0x63, 0x17, 0xC1, 0x17, 0xF5, 0x74, 0x0A,
    0x77, 0x80, 0x1F, 0xEA, 0x0A, 0x05, 0x76, 0x45, 0x69, 0xDB, 0x52, 0xD7, 0xAC, 0x7D, 0xCD, 0x23,
    0xBC, 0xA8, 0x03, 0xB4, 0xE6, 0x9F, 0x1A, 0x81, 0x78, 0x1B, 0xAC, 0x56, 0xCB, 0x89, 0xB7, 0xC1,
    0x7F, 0x35, 0x48, 0xF0, 0x36, 0x3B, 0xB2, 0xF3, 0xBC, 0x4D, 0x17, 0xBD, 0x36, 0x74, 0x64, 0x83,
    0x45, 0xCE, 0xA9, 0xB8, 0xEA, 0x88, 0x79, 0x99, 0x1F, 0xF5, 0xD8, 0xFB, 0x21, 0x22, 0xEA, 0xC7,
    0xD3, 0x10, 0x1F, 0x37, 0x8B, 0x65, 0x92, 0xF4, 0x9B, 0xE1, 0xFB, 0x9F, 0x22, 0x4A, 0xD0, 0x6B,
    0x9B, 0xE0, 0x26, 0x67, 0x68, 0xE2, 0xA6, 0x58, 0x78, 0x53, 0x12, 0x4C, 0x90, 0x24, 0x3F, 0x32,
    0x97, 0xA0, 0x05, 0xDC, 0x3F, 0xA2, 0x01, 0x92, 0x64, 0xC3, 0x3F, 0x49, 0x22, 0xFC, 0x2E, 0x10,
    0xD0, 0x4F, 0x5D, 0x01, 0xC0, 0x0D, 0xC9, 0x4F, 0x8E, 0x3D, 0x44, 0x3D, 0x39, 0xF4, 0xD9, 0xF5,
    0x35, 0xB6, 0xC5, 0x39, 0x58, 0x65, 0x8D, 0xC0, 0xEB, 0x62, 0x63, 0xC4, 0x5D, 0x95, 0x3E, 0x45,
    0xD8, 0xED, 0xAA, 0x88, 0x7A, 0x65, 0x8B, 0x3B, 0xE8, 0x0A, 0xD4, 0x39, 0x62, 0x9E, 0x89, 0x6C,
    0x90, 0x57, 0x80, 0x3C, 0x22, 0x7E, 0xDE, 0x03, 0xFE, 0xE9, 0xF5, 0x53, 0xC7, 0x3B, 0x23, 0xF8,
    0x3B, 0xB8, 0xEF, 0xA0, 0x3D, 0xEC, 0xC1, 0x8E, 0xDB, 0xE8, 0xC1, 0xD3, 0xE4, 0x51, 0x88, 0x91,
    0xC5, 0x92, 0x87, 0xD0, 0xA8, 0x92, 0xD6, 0x0C, 0xF6, 0x15, 0x44, 0x18, 0xE2, 0xBC, 0xF5, 0x4B,
    0x6A, 0xD3, 0x62, 0xF5, 0xAC, 0xA7, 0x97, 0xE6, 0x0E, 0x67, 0x3B, 0x6F, 0x5B, 0x67, 0x9B, 0x3F,
    0xDC, 0xE6, 0xAA, 0x69, 0x37, 0x41, 0x88, 0xA3, 0xCA, 0x3A, 0xF7, 0x63, 0x01, 0x9B, 0x59, 0xC8,
    0x96, 0xA1, 0x44, 0xDC, 0xC2, 0x99, 0xA1, 0xC2, 0xBC, 0x92, 0x1B, 0xCD, 0x4E, 0x6F, 0x5E, 0x3F,
    0x53, 0xA5, 0x1A, 0x61, 0x7A, 0x34, 0x3C, 0x34, 0xB6, 0x00, 0x78, 0x83, 0xA3, 0x63, 0xD2, 0x48,
    0x91, 0x62, 0x98, 0x39, 0x4A, 0x64, 0x3C, 0x43, 0xFB, 0xA8, 0x22, 0x5F, 0x60, 0xE5, 0x02, 0xAB,
    0x1C, 0x60, 0x12, 0xC5, 0x1C, 0x97, 0x98, 0xAD, 0x14, 0xF2, 0x06, 0x88, 0xF4, 0x86, 0x6E, 0x42,
    0xDF, 0xEF, 0x34, 0xAF, 0xAC, 0x2A, 0xE6, 0xF5, 0xF5, 0x13, 0xE0, 0xBB, 0x16, 0xF4, 0x51, 0xCB,
    0x64, 0x6B, 0xC9, 0xB9, 0x9E, 0x6A, 0x16, 0x88, 0xA9, 0x76, 0xEE, 0x6E, 0xB6, 0x79, 0x2D, 0x21,
    0xC3, 0x5C, 0x18, 0xD7, 0x13, 0x6E, 0xD0, 0x36, 0xCE, 0x4F, 0x0C, 0xF3, 0x9E, 0x25, 0xBB, 0x39,
    0x60, 0xB3, 0xCD, 0x2B, 0xA6, 0x3A, 0x9F, 0x1F, 0x92, 0xE0, 0xAF, 0xB5, 0x47, 0x8C, 0x7D, 0xBE,
    0x82, 0x11, 0x56, 0xC6, 0x87, 0x84, 0x89, 0x25, 0x0F, 0x36, 0x46, 0x46, 0x3D, 0xC7, 0x4D, 0x90,
    0x87, 0x1D, 0xA1, 0x1E, 0x5B, 0x84, 0xB9, 0x02, 0x52, 0xC6, 0xF9, 0x88, 0xA5, 0x3D, 0x03, 0x30,
    0x63, 0x61, 0x7B, 0x0D, 0xAE, 0xD6, 0x87, 0x78, 0x1E, 0x58, 0x49, 0x2D, 0x78, 0x86, 0xCF, 0x35,
    0x34, 0x1C, 0xE9, 0x8B, 0x95, 0x7C, 0x2E, 0xE2, 0xBB, 0xB1, 0xE4, 0xFE, 0x84, 0x5B, 0xE6, 0xCC,
    0xD2, 0xE4, 0x47, 0x3D, 0x80, 0x16, 0x44, 0xFE, 0x07, 0xFB, 0x9C, 0xD4, 0x1D, 0x82, 0x0F, 0x5E,
    0x02, 0x5C, 0xC3, 0x36, 0x81, 0x10, 0x36, 0x01, 0xB0, 0x76, 0x0D, 0x51, 0xD5, 0xBB, 0x02, 0xA4,
    0x11, 0xC3, 0x6D, 0x12, 0x90, 0x24, 0x74, 0x95, 0x6C, 0x13, 0x02, 0xA8, 0x4F, 0x25, 0x7A, 0xCD,
    0xEA, 0xD0, 0x05, 0x07, 0x0B, 0x94, 0x04, 0x0F, 0x23, 0x62, 0x5D, 0x80, 0xAB, 0x0F, 0x58, 0x45,
    0xA0, 0x82, 0x80, 0xF6, 0x54, 0xC0, 0x62, 0x3C, 0xA1, 0x91, 0x60, 0x7F, 0xD3, 0x16, 0xC6, 0xB7,
    0x09, 0x2C, 0x4F, 0xD7, 0x3A, 0x12, 0x13, 0xCB, 0x9D, 0x00, 0xA4, 0xDA, 0x31, 0x12, 0xFC, 0x3D,
    0x12, 0x77, 0x9D, 0x5E, 0x5C, 0x25, 0x09, 0x09, 0x4F, 0x1C, 0x9D, 0x54, 0xD6, 0xC0, 0x67, 0xF8,
    0x8D, 0x6F, 0xCF, 0x86, 0x8F, 0x68, 0xC9, 0x17, 0x1B, 0xEE, 0x11, 0xFB, 0xCE, 0xB6, 0xC4, 0xC4,
    0x84, 0x93, 0x84, 0xC1, 0xDD, 0x29, 0x23, 0xF4, 0x26, 0xB3, 0x90, 0x83, 0xE9, 0xF9, 0xC2, 0x68,
    0xC0, 0xC0, 0xFC, 0x7F, 0x61, 0xFE, 0x3F, 0xEF, 0xF2, 0xBF, 0x0D, 0x35, 0x69, 0x80, 0x82, 0x68,
    0x94, 0x07, 0xF9, 0xFF, 0x60, 0x00, 0xEE, 0x68, 0x80, 0xC9, 0x40, 0x7E, 0x6A, 0xE6, 0xD2, 0x90,
    0x64, 0x91, 0x41, 0xDD, 0xC2, 0x06, 0x0D, 0x34, 0x8A, 0xAD, 0xA5, 0x30, 0xB3, 0x57, 0x21, 0x83,
    0x8C, 0x9B, 0x50, 0xD9, 0x73, 0x08, 0x55, 0x32, 0xF6, 0x57, 0xDC, 0xA6, 0x55, 0xA0, 0x39, 0x37,
    0x44, 0xEB, 0xE2, 0x8A, 0xD8, 0xBA, 0x4D, 0x48, 0xA0, 0x1E, 0xB8, 0x46, 0x57, 0x0B, 0x64, 0x44,
    0x61, 0xCC, 0xF0, 0x20, 0xF0, 0x68, 0x09, 0x36, 0x06, 0x43, 0x91, 0x25, 0x1C, 0x2D, 0x70, 0xD6,
    0x60, 0x76, 0x08, 0x2A, 0x64, 0x73, 0x3C, 0xFA, 0x87, 0x05, 0xE7, 0x03, 0xFD, 0x2B, 0xD5, 0xA3,
    0x13, 0x0D, 0x87, 0xA5, 0x3E, 0x91, 0x53, 0x1D, 0x8E, 0x14, 0x29, 0x39, 0xBB, 0xC3, 0x0E, 0xF6,
    0x70, 0x19, 0x9A, 0xC5, 0x77, 0x95, 0x1E, 0xF5, 0x03, 0xC2, 0xA3, 0x39, 0x9E, 0xC2, 0xD7, 0x4E,
    0x7E, 0x04, 0x92, 0xD5, 0xCE, 0xDD, 0xEC, 0x21, 0x43, 0x97, 0x6A, 0x66, 0x78, 0x72, 0x41, 0xC8,
    0xAB, 0x55, 0x9F, 0xFD, 0x63, 0x08, 0x54, 0x5B, 0xA8, 0x94, 0xA1, 0x1E, 0xA9, 0xBA, 0x19, 0x00,
    0x28, 0x9A, 0x7A, 0x8D, 0xE9, 0x23, 0x17, 0xA5, 0x89, 0xC6, 0xBC, 0xE0, 0xCF, 0x72, 0x71, 0xE2,
    0xDC, 0x82, 0x24, 0x9C, 0x1B, 0x64, 0x08, 0x57, 0xF1, 0x54, 0x31, 0x8C, 0xD9, 0x52, 0x48, 0x7D,
    0x70, 0x3E, 0x96, 0x0E, 0xC7, 0x3B, 0xA4, 0x5A, 0xF5, 0x59, 0xE2, 0xB4, 0xD8, 0xF8, 0x58, 0x15,
    0xF3, 0x2E, 0xA6, 0x6E, 0x97, 0x0A, 0xB1, 0x02, 0x46, 0xB1, 0x6B, 0xDD, 0x22, 0x29, 0x18, 0xD4,
    0xE4, 0xE6, 0xD8, 0xD9, 0x62, 0x67, 0x08, 0xB5, 0xC2, 0x1A, 0xC2, 0x95, 0x9B, 0x00, 0x6E, 0xF3,
    0x4F, 0xE0, 0xDF, 0xCD, 0x11, 0x7C, 0x64, 0xF6, 0x4F, 0x30, 0x05, 0xEC, 0x1F, 0xC9, 0x59, 0x33,
    0xD5, 0x0E, 0xF3, 0x0D, 0xF0, 0x14, 0x68, 0x9F, 0x5A, 0xF5, 0xBC, 0x6C, 0x83, 0xDA, 0x7D, 0xDA,
    0x70, 0x76, 0xBF, 0xAE, 0x16, 0x19, 0x0B, 0xFA, 0xB6, 0x21, 0x5C, 0x06, 0xFF, 0x36, 0x7D, 0x0E,
    0x01, 0x5B, 0xA7, 0xBB, 0x71, 0x6A, 0xDE, 0x85, 0xA5, 0x03, 0xA4, 0x66, 0x6E, 0xC7, 0x13, 0x7E,
    0x8F, 0x30, 0x78, 0xDC, 0x65, 0xCB, 0x18, 0xA1, 0xD2, 0x67, 0x91, 0x9A, 0xE4, 0x12, 0x29, 0x4B,
    0xBE, 0x11, 0xA4, 0x42, 0x62, 0x9A, 0x2E, 0xF6, 0xAC, 0xB7, 0xBC, 0xBC, 0x98, 0x77, 0xBB, 0x18,
    0x10, 0xD7, 0x17, 0xCF, 0x6C, 0xF9, 0xF8, 0x72, 0x3F, 0xFF, 0x7D, 0xE3, 0x07, 0x1E, 0x1E, 0x7A,
    0xC1, 0xFE, 0x51, 0xA0, 0xCD, 0x25, 0xCE, 0x24, 0x4C, 0x2C, 0x0D, 0x54, 0x4C, 0x14, 0x07, 0x1A,
    0xC9, 0xD4, 0xB2, 0x4A, 0x8F, 0xC6, 0x0C, 0x40, 0xE5, 0x46, 0x25, 0x0D, 0xA6, 0xC2, 0xBE, 0x35,
    0x64, 0x4A, 0x14, 0x0F, 0x2C, 0x13, 0x72, 0x6C, 0x09, 0x06, 0x90, 0x66, 0x61, 0x09, 0x71, 0x62,
    0x94, 0xA0, 0x7D, 0xF9, 0x6D, 0x37, 0x7B, 0x21, 0xA1, 0x08, 0x31, 0x94, 0x18, 0xCB, 0x99, 0x13,
    0xDA, 0x55, 0xE3, 0x45, 0xB3, 0xDA, 0xA6, 0xD2, 0x58, 0xDC, 0x2E, 0xD9, 0x96, 0x32, 0x88, 0xD6,
    0x9B, 0xCF, 0xDD, 0x13, 0xAB, 0x00, 0x5A, 0x2D, 0x12, 0x6A, 0x75, 0xC7, 0xA2, 0x75, 0x87, 0x2E,
    0xD5, 0x0F, 0xEC, 0xE2, 0x7C, 0xF5, 0xC8, 0xE9, 0x15, 0xB0, 0x5E, 0xE0, 0xCF, 0xF0, 0x1B, 0xF2,
    0xE1, 0x5E, 0xC4, 0x52, 0x7F, 0x70, 0xEE, 0x31, 0xDB, 0xF9, 0x73, 0x88, 0x55, 0x46, 0x5F, 0xBD,
    0x64, 0x11, 0x5F, 0x06, 0x1B, 0x27, 0x55, 0x6F, 0x3E, 0xE2, 0xB6, 0x3F, 0x63, 0x2C, 0xE5, 0xF7,
    0x58, 0xB7, 0x96, 0xEF, 0x31, 0x18, 0x09, 0xC5, 0xEB, 0x16, 0xEE, 0x14, 0x99, 0x90, 0x20, 0x15,
    0xE9, 0x94, 0xB5, 0x28, 0xD9, 0x6B, 0xA5, 0x94, 0xD0, 0xC6, 0x9A, 0xA4, 0x2F, 0x94, 0x2A, 0x2C,
    0x44, 0x2C, 0x4A, 0x71, 0xCC, 0x7D, 0xBB, 0xDB, 0x6D, 0x36, 0xB2, 0xDD, 0x60, 0xF9, 0xE1, 0x08,
    0x4F, 0xEE, 0xC4, 0xA3, 0x61, 0xFA, 0x2B, 0x63, 0x88, 0xA9, 0x60, 0xD1, 0xEE, 0x63, 0xD2, 0xD2,
    0xD1, 0xC9, 0x8A, 0x2E, 0x4F, 0xDD, 0xDE, 0x7B, 0xA9, 0xDB, 0xA4, 0x42, 0x4A, 0xCB, 0x4A, 0xCF,
    0x60, 0x00, 0xA7, 0xCB, 0xE4, 0xC6, 0x2A, 0xF8, 0x2B, 0x8F, 0xA4, 0x88, 0x1B, 0xE9, 0x63, 0xFD,
    0x7C, 0x10, 0xBB, 0x04, 0xFA, 0xD5, 0x5F, 0x8C, 0x97, 0x2D, 0xE6, 0x04, 0x1D, 0xE8, 0x9E, 0x66,
    0x0C, 0xB0, 0x86, 0xE7, 0xFA, 0x34, 0x36, 0x12, 0x5A, 0x68, 0x52, 0xCB, 0xDA, 0xD9, 0xAE, 0xBF,
    0xB1, 0x9A, 0x31, 0x79, 0xF3, 0x09, 0x0A, 0xFD, 0x72, 0x86, 0x0D, 0xF3, 0xB5, 0x1B, 0x43, 0xD1,
    0xE5, 0xFA, 0x98, 0x21, 0x68, 0xD6, 0xF4, 0xF0, 0xA5, 0x06, 0x34, 0xAE, 0x3F, 0xB1, 0x03, 0x30,
    0xB2, 0xFE, 0x1F, 0x58, 0xFD, 0x0F, 0xAC, 0xFD, 0x07, 0x56, 0xFE, 0x17, 0xD6, 0xFD, 0x67, 0x2F,
    0xF6, 0x7D, 0xF0, 0x8A, 0xDF, 0xEB, 0x7D, 0xAF, 0xF6, 0xBD, 0xD6, 0x47, 0xA5, 0xCF, 0x41, 0xBF,
    0xE8, 0x59, 0xEE, 0x7B, 0x8D, 0xEF, 0x15, 0xBE, 0xD7, 0xF7, 0x88, 0x88, 0x83, 0xD5, 0xF6, 0x56,
    0xE6, 0xA0, 0xB2, 0x3F, 0x85, 0xBA, 0xDE, 0xAB, 0xFA, 0x50, 0xD3, 0x7B, 0x45, 0x9F, 0xFE, 0x72,
    0x67, 0xA9, 0xFE, 0xE3, 0xF5, 0x35, 0x2D, 0xC5, 0x7C, 0x7F, 0x86, 0x8A, 0x96, 0xE0, 0xB1, 0x93,
    0x2F, 0xAC, 0xF2, 0x59, 0xE4, 0x73, 0x8B, 0x72, 0x7F, 0x72, 0x73, 0x72, 0x67, 0x72, 0x5B, 0x72,
    0xC7, 0xB2, 0xBA, 0x67, 0x71, 0xCF, 0xDA, 0x9E, 0xA5, 0x3D, 0x2B, 0x7B, 0x16, 0xF6, 0xAC, 0xEB,
    0x43, 0x59, 0x9F, 0xB1, 0xF4, 0xC8, 0x84, 0x21, 0x5E, 0x7E, 0xBE, 0x24, 0x5E, 0xF5, 0x3A, 0xFB,
    0x45, 0xC9, 0x9F, 0x7C, 0xB9, 0xD0, 0x94, 0xBC, 0x07, 0xEB, 0xE9, 0xE0, 0xE3, 0x05, 0xDB, 0x6B,
    0x35, 0xAB, 0x8B, 0xDE, 0x58, 0xA8, 0x56, 0x71, 0x16, 0xAC, 0x9F, 0x98, 0xBF, 0x67, 0x37, 0xDE,
    0x27, 0xB1, 0xA6, 0xD3, 0x9E, 0x1A, 0xAD, 0x21, 0x36, 0x2A, 0xB0, 0x13, 0x36, 0x83, 0x8C, 0xBD,
    0xA9, 0xA5, 0x51, 0x0F, 0xC2, 0x0F, 0xAA, 0xC3, 0x37, 0x9F, 0x69, 0x0A, 0x65, 0xA5, 0x6D, 0x83,
    0x62, 0xD1, 0xB1, 0x4D, 0xC7, 0x26, 0x9D, 0x0E, 0x16, 0x13, 0x8F, 0xEA, 0x8E, 0xCF, 0xC5, 0xAA,
    0x0B, 0x77, 0x75, 0xD1, 0x6D, 0x0D, 0xF9, 0x7E, 0xA2, 0x57, 0x2B, 0xCF, 0xCD, 0x91, 0x4B, 0x0F,
    0xAD, 0xD9, 0xFC, 0x23, 0x6C, 0x8F, 0x2F, 0x24, 0x46, 0x72, 0xCF, 0x81, 0x1F, 0xBE, 0xA8, 0xE5,
    0x5B, 0x07, 0x7C, 0x39, 0x97, 0xAB, 0x09, 0xF5, 0xEE, 0x0A, 0xDE, 0xB8, 0x90, 0x2B, 0xE6, 0x72,
    0x7B, 0x25, 0x73, 0x61, 0x9A, 0x4E, 0x2C, 0x14, 0x48, 0x6F, 0x2D, 0xF9, 0x68, 0xCA, 0xDB, 0x3E,
    0x2F, 0x28, 0x11, 0xCE, 0x8D, 0xDB, 0x51, 0x25, 0x3D, 0x81, 0xA8, 0x9F, 0x20, 0xEB, 0x31, 0x67,
    0xED, 0x2C, 0xF2, 0xBE, 0xDE, 0x7E, 0x75, 0x4B, 0x26, 0x53, 0xAF, 0x5E, 0x4F, 0x24, 0x3F, 0x34,
    0x6F, 0x6D, 0xA6, 0x42, 0x71, 0x66, 0x55, 0xD9, 0x02, 0xE4, 0x0A, 0x88, 0xA7, 0x2C, 0x29, 0x1F,
    0xFC, 0x22, 0x34, 0x08, 0xDD, 0x26, 0xA1, 0xF9, 0x79, 0xA0, 0x4D, 0xCE, 0x6C, 0x7C, 0x0E, 0x29,
    0xB2, 0xB9, 0x26, 0xD8, 0x51, 0xEF, 0x9C, 0x51, 0xC6, 0xF7, 0x2B, 0x4C, 0xDE, 0x8A, 0xB7, 0x3B,
    0x5B, 0xBA, 0xAF, 0xB7, 0x3A, 0xBD, 0xD1, 0xE9, 0xDD, 0x4D, 0x0E, 0x0B, 0x86, 0x7E, 0xF6, 0x06,
    0xA7, 0xB5, 0x37, 0xB5, 0xA8, 0xEF, 0xB0, 0xF9, 0x86, 0x16, 0x54, 0x43, 0xB5, 0x9C, 0x34, 0xA6,
    0x1C, 0x50, 0x97, 0x2D, 0xB1, 0xA9, 0xC9, 0x9E, 0xA4, 0x12, 0x19, 0x66, 0xCF, 0x8E, 0xBC, 0xB9,
    0xBF, 0x70, 0x27, 0x1C, 0x18, 0xBB, 0xF7, 0x21, 0x3C, 0xF3, 0x88, 0xFE, 0x98, 0x49, 0xF3, 0xAD,
    0xF7, 0x62, 0x16, 0x6E, 0x05, 0x3A, 0x08, 0x4A, 0x7F, 0xAF, 0x57, 0x1F, 0xDB, 0xDE, 0x57, 0x07,
    0x38, 0x81, 0x10, 0x9C, 0x58, 0x74, 0xB1, 0x2E, 0x65, 0x43, 0x93, 0xAD, 0x01, 0xB6, 0x33, 0xD1,
    0xCD, 0xB4, 0x7D, 0xA3, 0x0A, 0xB7, 0xF2, 0x33, 0x94, 0xA3, 0x16, 0xB7, 0x4B, 0x50, 0xB0, 0x94,
    0xBD, 0x8D, 0x1A, 0x19, 0xAA, 0x81, 0xB4, 0x3D, 0x3C, 0x24, 0x50, 0x21, 0x70, 0x4F, 0xC8, 0x7A,
    0xB5, 0x7E, 0xD5, 0xAD, 0xFA, 0xEF, 0x76, 0xAB, 0x42, 0x4F, 0x2A, 0x24, 0xF5, 0xAD, 0x83, 0x15,
    0x7A, 0x52, 0xF1, 0x20, 0x32, 0xE3, 0xAF, 0x7A, 0x52, 0xAF, 0xE8, 0x49, 0x55, 0xBB, 0x5E, 0xED,
    0x7E, 0x5E, 0xAF, 0xDB, 0xBC, 0x59, 0x5E, 0xD6, 0x63, 0xFA, 0x3F, 0xEE, 0x37, 0xE1, 0xEF, 0xEB,
    0xC1, 0x77, 0x02, 0x03, 0xBE, 0x0B, 0x62, 0x68, 0x8E, 0x38, 0xCE, 0x4A, 0xEB, 0xEE, 0xFD, 0xBB,
    0x72, 0x57, 0xEC, 0x57, 0xA7, 0x44, 0x9E, 0x90, 0xE7, 0x06, 0xEB, 0xE5, 0x63, 0x75, 0xBE, 0x33,
    0x2E, 0xDD, 0x69, 0x7F, 0x5D, 0x22, 0x21, 0x80, 0x2E, 0xF7, 0x72, 0xE0, 0xF6, 0xCB, 0x38, 0xF0,
    0x1F, 0xEF, 0x70, 0xE0, 0xEA, 0xF5, 0x38, 0x70, 0xFE, 0x1F, 0xE2, 0xC0, 0x26, 0x01, 0xD4, 0x6A,
    0xCF, 0x11, 0x42, 0xB2, 0x16, 0x56, 0x0A, 0xED, 0xCB, 0x0B, 0x82, 0xCC, 0x43, 0xF2, 0x29, 0xF2,
    0x9A, 0xFE, 0x1D, 0x83, 0xF5, 0xC3, 0x7C, 0x8A, 0x9F, 0x1D, 0xCE, 0xB4, 0xDE, 0x84, 0xDA, 0xF1,
    0xB4, 0xFF, 0x01, 0x2E, 0x1D, 0x4A, 0xCF, 0x5D, 0x85, 0x58, 0xED, 0xCE, 0xB7, 0xBB, 0xDA, 0x53,
    0x36, 0x04, 0xB6, 0x26, 0x72, 0x7C, 0xAF, 0xF4, 0x9A, 0x7F, 0xFD, 0xF6, 0x1A, 0x80, 0x01, 0xF8,
    0x14, 0xEA, 0xDD, 0x38, 0x87, 0x45, 0x7D, 0x01, 0xA4, 0x2E, 0x46, 0xD6, 0x74, 0x2B, 0x94, 0xED,
    0xF2, 0x61, 0x8B, 0x20, 0x5B, 0xAB, 0xBB, 0xDD, 0x05, 0xE8, 0xDD, 0xB6, 0xC9, 0xE5, 0x8B, 0x5D,
    0xF0, 0xF9, 0x53, 0x94, 0xA0, 0x95, 0x77, 0xE3, 0x55, 0xB2, 0x56, 0x61, 0x9E, 0x19, 0xC9, 0x72,
    0x09, 0x34, 0x38, 0xD4, 0xDB, 0x9B, 0xDF, 0x4F, 0xFB, 0x75, 0xA7, 0xC7, 0x92, 0x6C, 0x7A, 0xC4,
    0x4E, 0x6F, 0x78, 0x19, 0xE7, 0x7A, 0xCC, 0xE1, 0xD5, 0x15, 0x6D, 0x89, 0x90, 0xB2, 0xF8, 0xFC,
    0x98, 0x14, 0x48, 0x02, 0x54, 0xB1, 0x52, 0x01, 0xE9, 0xB5, 0xAC, 0x46, 0x33, 0x09, 0x2F, 0xF8,
    0x4C, 0x8C, 0xA0, 0x4A, 0x7B, 0x79, 0xC1, 0x1A, 0xB1, 0xF1, 0x1B, 0x23, 0x69, 0x3B, 0xBE, 0xCA,
    0x08, 0xEA, 0x6C, 0xE9, 0x43, 0xDF, 0xC9, 0x8F, 0xF9, 0x36, 0x4E, 0xFE, 0x2E, 0xB1, 0x9D, 0x6B,
    0x52, 0x72, 0xB4, 0x77, 0xC6, 0x37, 0x57, 0xB2, 0xBC, 0x6D, 0x99, 0xFF, 0x80, 0xF6, 0xE6, 0xE8,
    0xE6, 0x57, 0xA6, 0x92, 0x3E, 0xF7, 0x4D, 0x46, 0x2B, 0xC9, 0x54, 0xF8, 0x5D, 0x63, 0x1D, 0x26,
    0xAD, 0x66, 0x91, 0xD5, 0x5B, 0xD1, 0x64, 0xE2, 0xBD, 0x5D, 0x7E, 0xCC, 0x9E, 0x68, 0xD5, 0xA3,
    0x97, 0x7F, 0x8E, 0xF8, 0x68, 0x6F, 0x89, 0xC5, 0xB8, 0x91, 0x32, 0x73, 0x41, 0x73, 0xDA, 0xFA,
    0x07, 0xBA, 0x48, 0xDA, 0xDF, 0xAA, 0x90, 0x7F, 0x0D, 0x62, 0x07, 0x05, 0xDD, 0xF9, 0xDC, 0x72,
    0x79, 0x2C, 0xFF, 0xEF, 0xEA, 0xFF, 0xE8, 0x70, 0x2F, 0x08, 0x8F, 0xE5, 0x49, 0x71, 0x80, 0x95,
    0x56, 0x8B, 0x77, 0x7D, 0xB0, 0x08, 0x8D, 0xA9, 0xBB, 0xA4, 0xE7, 0x36, 0x3C, 0x22, 0x27, 0xEA,
    0xB9, 0x14, 0x5B, 0x71, 0x04, 0x2B, 0x44, 0xD7, 0x5F, 0x47, 0xCB, 0xAE, 0xFD, 0xFB, 0x46, 0xB2,
    0x8F, 0x99, 0x3A, 0x90, 0x92, 0xD1, 0x43, 0xA9, 0xDC, 0xFC, 0xA4, 0xBA, 0xB6, 0x67, 0x8E, 0x96,
    0x47, 0x8F, 0xAD, 0xE4, 0x33, 0xCA, 0x29, 0xA9, 0xD0, 0x34, 0x6E, 0xA5, 0xB3, 0x4A, 0x8F, 0x31,
    0x52, 0x69, 0x6D, 0x8D, 0x90, 0x65, 0x97, 0x58, 0xF3, 0xD5, 0xA8, 0xA1, 0x31, 0x3B, 0x7B, 0x1F,
    0xAD, 0x39, 0x83, 0x14, 0x3C, 0xB6, 0xD8, 0x11, 0xD1, 0x4A, 0x6E, 0x8B, 0x6F, 0x98, 0x1A, 0xAE,
    0xD0, 0x77, 0x09, 0xCA, 0x21, 0xBE, 0xF6, 0x26, 0x20, 0xDC, 0xC2, 0x5B, 0xB3, 0x6E, 0xFB, 0xFB,
    0x1A, 0x3C, 0xE1, 0xD7, 0xA6, 0xD8, 0x27, 0x28, 0x88, 0xDC, 0x94, 0x60, 0x41, 0xC6, 0x36, 0x6E,
    0x4B, 0x2B, 0x7F, 0x55, 0x0F, 0x4D, 0x9C, 0xC7, 0x4E, 0x86, 0x5A, 0xD2, 0x55, 0xC6, 0x66, 0x2D,
    0x27, 0xEB, 0xB3, 0xB5, 0x67, 0xE5, 0xE0, 0xAB, 0xBC, 0x6D, 0x4C, 0x5C, 0xD9, 0xCA, 0xA5, 0xB1,
    0x92, 0x59, 0xED, 0x76, 0x0A, 0x45, 0x07, 0x1E, 0xB9, 0xC0, 0xA7, 0xB4, 0xA0, 0xE8, 0x4C, 0x8F,
    0xEF, 0xDC, 0x79, 0x0B, 0x00, 0xD9, 0x0B, 0x68, 0xD2, 0xC6, 0x75, 0xB5, 0x26, 0xD7, 0x98, 0xB5,
    0x18, 0xC2, 0xFD, 0xAD, 0x51, 0x99, 0x6F, 0x1F, 0x58, 0xDC, 0x22, 0x4F, 0xEB, 0xE5, 0x0B, 0x69,
    0xEA, 0x04, 0xFF, 0x45, 0x58, 0x87, 0xEB, 0x96, 0xF1, 0x60, 0xC4, 0xEF, 0x33, 0x66, 0x5C, 0x8C,
    0xFD, 0xA7, 0xCC, 0xEA, 0xB7, 0x16, 0xFD, 0x8D, 0x54, 0x74, 0x73, 0x2B, 0x47, 0x2D, 0xA3, 0x1A,
    0xAB, 0xE1, 0x48, 0x0E, 0x48, 0x61, 0xAC, 0x99, 0x8C, 0x87, 0xF6, 0xEB, 0xE6, 0x38, 0x57, 0x3B,
    0x47, 0xEB, 0x2E, 0xDB, 0x06, 0xC4, 0x67, 0xEA, 0x51, 0x1F, 0xCE, 0x47, 0xB5, 0x1E, 0xC2, 0xA3,
    0x18, 0xB8, 0xCF, 0xC6, 0x48, 0xA6, 0x92, 0x4D, 0xFF, 0xE3, 0xE3, 0x1B, 0x35, 0xC7, 0x1B, 0x0C,
    0xE1, 0xB9, 0xB5, 0xF1, 0x55, 0xF8, 0x5B, 0x24, 0x49, 0xFC, 0x82, 0x62, 0xB0, 0xC7, 0x4D, 0x5A,
    0x81, 0xB5, 0xB3, 0xEE, 0x2C, 0x13, 0xF2, 0x33, 0x99, 0x6C, 0x1B, 0x81, 0xCB, 0x18, 0xFF, 0xB5,
    0x0C, 0x10, 0xC1, 0x4B, 0x7F, 0x13, 0x7A, 0x55, 0xC5, 0x1A, 0x88, 0x00, 0xAA, 0xCE, 0x7A, 0x0E,
    0xEF, 0x52, 0x4C, 0x8B, 0x86, 0x71, 0x86, 0xBB, 0xFA, 0xC0, 0xC1, 0x77, 0x2B, 0x1D, 0x7E, 0xDD,
    0x5E, 0xA0, 0x78, 0x73, 0xD2, 0xF9, 0xE9, 0xBE, 0x2B, 0xFF, 0x92, 0x37, 0x06, 0xDB, 0xB6, 0xF3,
    0x8E, 0x6D, 0x19, 0x86, 0x63, 0x78, 0x99, 0xB5, 0xED, 0xC8, 0x5A, 0x92, 0x7F, 0xAF, 0xC4, 0x9D,
    0xAB, 0x38, 0x87, 0xBB, 0x2B, 0xC3, 0x0B, 0x6F, 0xE7, 0x19, 0xE0, 0xFC, 0x77, 0x02, 0x0D, 0xE5,
    0xAB, 0xC7, 0xDD, 0x4F, 0x53, 0xD2, 0x50, 0xF1, 0x63, 0xD5, 0x22, 0x80, 0xF4, 0xE8, 0x83, 0x10,
    0x27, 0x09, 0xEF, 0xE0, 0x2A, 0x80, 0x57, 0x20, 0x09, 0x84, 0xAA, 0xC0, 0x78, 0xAF, 0x7E, 0x3C,
    0x97, 0xEB, 0x03, 0x85, 0xC6, 0x07, 0xF8, 0x28, 0x88, 0x28, 0x84, 0x6D, 0xC3, 0xCF, 0x6D, 0xFC,
    0x37, 0x1A, 0x2C, 0x82, 0x3E, 0xF0, 0xB7, 0x33, 0xDC, 0x96, 0xF6, 0x51, 0xC6, 0x7C, 0x94, 0x42,
    0xE0, 0x53, 0x28, 0x3C, 0x21, 0x2C, 0x3F, 0x2E, 0xEE, 0x3D, 0xC0, 0xA4, 0x7C, 0xEA, 0xFC, 0xEB,
    0xD0, 0xB1, 0x58, 0xFD, 0x03, 0xC1, 0xAC, 0x9D, 0x50, 0x95, 0x6E, 0x93, 0x2C, 0x6C, 0xE2, 0xDF,
    0xDD, 0xFF, 0x63, 0x06, 0x9A, 0xC8, 0xFA, 0x01, 0x05, 0x7F, 0x75, 0x03, 0xEB, 0xB4, 0x0B, 0xCD,
    0xD3, 0xCD, 0xB4, 0x0F, 0x47, 0x2A, 0x13, 0x5E, 0x38, 0x36, 0x3E, 0xEA, 0x3D, 0x80, 0xAB, 0x5D,
    0x3C, 0x0D, 0xF9, 0x2F, 0x7A, 0xE2, 0x38, 0xF9, 0x38, 0x7A, 0xE6, 0x1E, 0xF0, 0xE8, 0xF0, 0x32,
    0x31, 0xF3, 0xD1, 0xF6, 0x70, 0x14, 0x47, 0x28, 0x4E, 0x14, 0xCB, 0xC5, 0x69, 0x67, 0x96, 0x25,
    0x41, 0xAC, 0x7E, 0x76, 0x71, 0x26, 0x8A, 0xA3, 0x5E, 0x0D, 0xAE, 0xFD, 0x0E, 0x7E, 0x56, 0x03,
    0xD0, 0x6B, 0x0F, 0x04, 0x87, 0x7B, 0x7E, 0xE9, 0xC1, 0x5A, 0x82, 0x55, 0x04, 0x7D, 0x6C, 0xFF,
    0x49, 0x9C, 0xFB, 0xD1, 0x58, 0x17, 0xBA, 0xDE, 0xF6, 0x9A, 0xC1, 0xDB, 0xDC, 0x17, 0x36, 0xBB,
    0xD9, 0xE9, 0xCE, 0x6D, 0x62, 0x7D, 0x41, 0xF6, 0x03, 0x33, 0xB4, 0x03, 0xD9, 0x0D, 0x64, 0xBB,
    0xEC, 0x95, 0x4D, 0x33, 0x76, 0xB1, 0xED, 0x2D, 0xCD, 0x82, 0xFE, 0xF5, 0x9C, 0xFC, 0x0B, 0x1D,
    0x50, 0x31, 0x52, 0x04, 0x21, 0x10, 0xEC, 0xBD, 0xB3, 0xDC, 0x80, 0x60, 0x13, 0x23, 0x13, 0x72,
    0x13, 0x7E, 0x20, 0x64, 0x06, 0x7E, 0xC9, 0x2A, 0x78, 0x82, 0x8F, 0x30, 0x32, 0xB9, 0x17, 0xE8,
    0xE2, 0x0F, 0xF6, 0x09, 0x58, 0xE5, 0x03, 0x08, 0x08, 0x36, 0xD8, 0xA3, 0x6D, 0xAE, 0x6A, 0x7A,
    0x6A, 0x66, 0x1A, 0x1A, 0x7A, 0x9E, 0xC1, 0xC0, 0xBC, 0x56, 0xD7, 0xE6, 0x03, 0x36, 0x21, 0x6E,
    0x13, 0xB7, 0x99, 0xD9, 0x76, 0xC4, 0x02, 0xE0, 0x4B, 0x98, 0x19, 0x00, 0xC7, 0x0D, 0x20, 0x9B,
    0xBA, 0x97, 0x03, 0xEE, 0x98, 0x88, 0xE9, 0x1B, 0x56, 0x6D, 0x89, 0xC1, 0x92, 0x84, 0xFF, 0x61,
    0xC7, 0x13, 0x6C, 0x81, 0x27, 0x53, 0x24, 0xC3, 0x2A, 0x0C, 0xE6, 0x29, 0xDD, 0x7F, 0xF8, 0x6D,
    0x69, 0xAE, 0xBA, 0xBA, 0x90, 0x79, 0xD6, 0x1C, 0x6B, 0x83, 0xC9, 0xAE, 0xFA, 0xE6, 0x35, 0x37,
    0xD9, 0x26, 0x17, 0x7C, 0x89, 0x39, 0x56, 0x09, 0x0A, 0xA3, 0x1E, 0x33, 0xB7, 0x23, 0x12, 0x2B,
    0xD3, 0xC4, 0xA4, 0xBF, 0x9E, 0x3B, 0xCC, 0x8E, 0x53, 0x87, 0x65, 0xF6, 0xAC, 0xAB, 0x69, 0xFD,
    0x3C, 0x42, 0x85, 0x5A, 0x0D, 0x45, 0x49, 0x77, 0xDE, 0xE0, 0xAA, 0xAD, 0x58, 0x6B, 0xAC, 0x27,
    0xFE, 0xB2, 0x18, 0xBE, 0x32, 0xB8, 0x26, 0x35, 0xAF, 0x1A, 0xCB, 0x1E, 0x77, 0x9C, 0x79, 0xF3,
    0xA4, 0x0B, 0xF0, 0x4D, 0x69, 0x49, 0x4A, 0x78, 0x7C, 0x57, 0x2B, 0xEB, 0x71, 0x70, 0xF9, 0xF3,
    0xC2, 0xC4, 0x9B, 0x8D, 0x2E, 0xF7, 0xBB, 0x90, 0x60, 0x8A, 0x3F, 0xE2, 0x75, 0xED, 0xF1, 0xEA,
    0x0F, 0x33, 0x96, 0x34, 0x16, 0x27, 0x29, 0x5F, 0x6F, 0x51, 0x26, 0x66, 0xC7, 0xB0, 0xFC, 0x01,
    0x0F, 0xC0, 0x1B, 0x50, 0xF5, 0x52, 0x9A, 0x2E, 0x05, 0x4B, 0xBD, 0xB3, 0xC5, 0x89, 0xED, 0x38,
    0x31, 0xD9, 0x63, 0x1C, 0x8F, 0x8A, 0x61, 0x45, 0x4B, 0x49, 0xFF, 0xED, 0x9C, 0xCF, 0x6E, 0xE4,
    0xC6, 0x11, 0x87, 0x9B, 0x1C, 0xAF, 0x08, 0x2C, 0x0F, 0x73, 0x89, 0x0F, 0x91, 0x0E, 0xBC, 0x06,
    0x0A, 0x10, 0x3E, 0x41, 0x40, 0xDA, 0x39, 0xE4, 0xBA, 0x07, 0x3F, 0x84, 0xB1, 0x97, 0x7D, 0x81,
    0x24, 0x9C, 0xCD, 0x25, 0x87, 0x5C, 0xF4, 0x08, 0x3E, 0xEC, 0x41, 0xDA, 0x8B, 0xAF, 0x39, 0xAC,
    0xDD, 0x0C, 0xFC, 0x02, 0x83, 0xBC, 0x40, 0x26, 0xC8, 0x06, 0x01, 0x36, 0x07, 0x0F, 0x8C, 0x41,
    0xCC, 0xB5, 0x49, 0x76, 0xBA, 0xAA, 0x7E, 0xD5, 0x43, 0xCE, 0x3F, 0xC9, 0x89, 0x11, 0x69, 0x24,
    0x09, 0xD0, 0xF4, 0x68, 0x86, 0xE2, 0x74, 0x55, 0x7D, 0xAC, 0xAA, 0xAE, 0x6A, 0x8E, 0x31, 0x26,
    0x72, 0x9D, 0xF1, 0x3F, 0x13, 0xD7, 0xD3, 0x90, 0xC8, 0x30, 0x75, 0x8E, 0x86, 0x5C, 0x86, 0x4A,
    0x06, 0xE7, 0x5C, 0x49, 0xC7, 0x7F, 0xEB, 0x66, 0x74, 0xFC, 0xDF, 0x69, 0x48, 0xDD, 0x57, 0xAE,
    0x36, 0x26, 0x73, 0xBF, 0xA2, 0xA1, 0x70, 0x31, 0x0D, 0x55, 0x17, 0xBB, 0xB9, 0x3F, 0xBE, 0x89,
    0xDC, 0xC2, 0xC4, 0x6E, 0x49, 0x43, 0xE2, 0x7F, 0xDD, 0xD2, 0x9F, 0xF8, 0xDD, 0x6B, 0x3F, 0x64,
    0xFE, 0x5C, 0x7E, 0x28, 0x68, 0x58, 0x19, 0x4B, 0x83, 0x3F, 0x98, 0x87, 0x89, 0x7F, 0xDD, 0x54,
    0x2D, 0x1D, 0xEF, 0x87, 0x29, 0x9F, 0xB6, 0xCD, 0xE9, 0xB3, 0x8A, 0xAE, 0xA2, 0x79, 0x14, 0x3C,
    0xC3, 0x1D, 0x3F, 0x71, 0xC3, 0x43, 0xCA, 0x93, 0xF5, 0x9F, 0x34, 0xA3, 0x21, 0x93, 0x01, 0x7F,
    0xE1, 0x3D, 0x1C, 0xF9, 0xE4, 0x13, 0x43, 0xF2, 0xD0, 0x5C, 0xFD, 0x84, 0x5A, 0x16, 0xB4, 0x67,
    0x39, 0x9D, 0x9F, 0xF6, 0xDB, 0xCC, 0x8B, 0x7B, 0xE6, 0xFF, 0x65, 0xC6, 0x7A, 0x21, 0xD1, 0x5F,
    0xF8, 0xC7, 0x13, 0x7A, 0x97, 0xA7, 0xEC, 0xDF, 0xFA, 0x47, 0xE6, 0x4C, 0xDE, 0x99, 0xBC, 0x37,
    0x55, 0xE3, 0xE7, 0x67, 0x6C, 0x6B, 0xBC, 0x3A, 0xAD, 0xFB, 0xDC, 0x9F, 0x8D, 0x0E, 0x69, 0x59,
    0xC4, 0xC6, 0x9F, 0xBE, 0xF7, 0x07, 0xF8, 0x73, 0x56, 0xAB, 0xF1, 0x9C, 0xD3, 0x05, 0x3D, 0x16,
    0x2D, 0xAB, 0x99, 0x0D, 0x51, 0xF5, 0xEB, 0xE7, 0xF2, 0xBA, 0x1C, 0x43, 0xD3, 0x16, 0x21, 0x26,
    0x6E, 0x25, 0xA6, 0x6A, 0x45, 0x50, 0x0C, 0x22, 0x53, 0xBE, 0xE4, 0xC1, 0xCE, 0xF6, 0x28, 0xE9,
    0x48, 0xED, 0x6D, 0x59, 0x07, 0x2C, 0x71, 0x24, 0x53, 0x9E, 0xF0, 0x1C, 0x27, 0x22, 0x05, 0xAB,
    0x60, 0xCA, 0x6A, 0x39, 0xDF, 0x94, 0xFC, 0x76, 0xAD, 0xFC, 0x4C, 0x6D, 0xD7, 0xAA, 0xC5, 0x15,
    0xDF, 0xBC, 0xC3, 0x13, 0x2B, 0x47, 0x7F, 0x01, 0xF3, 0x26, 0xEE, 0xF7, 0x57, 0xFC, 0x42, 0xE1,
    0x16, 0xB0, 0xD8, 0x5F, 0xC5, 0xB6, 0xD3, 0x5E, 0xC4, 0x35, 0xA7, 0xAF, 0xCC, 0x73, 0x73, 0xCD,
    0x0F, 0xEC, 0x1C, 0x2C, 0x1D, 0x6C, 0x1D, 0xAC, 0x1D, 0xEC, 0x1D, 0x2C, 0xAE, 0x36, 0x0F, 0x56,
    0x0F, 0x76, 0x0F, 0x96, 0x0F, 0xB6, 0x0F, 0xD6, 0x0F, 0xF6, 0x57, 0x02, 0x8C, 0x32, 0x60, 0x94,
    0x02, 0xA3, 0x1C, 0x18, 0x25, 0xC1, 0x28, 0x0B, 0x06, 0x34, 0xB0, 0x89, 0xE4, 0x09, 0x88, 0x90,
    0xFF, 0xE6, 0x27, 0xA0, 0x82, 0x26, 0xCC, 0x5C, 0xD0, 0x84, 0x47, 0x9E, 0xE0, 0x27, 0x18, 0x9D,
    0x8A, 0xAC, 0x82, 0xCA, 0x58, 0x40, 0xF9, 0x32, 0xCB, 0xFC, 0xA3, 0x2B, 0x11, 0x71, 0x0E, 0x7F,
    0xB1, 0x82, 0xBA, 0x5B, 0x79, 0xF9, 0x2F, 0x0E, 0xFF, 0x6B, 0xEB, 0x43, 0x0A, 0x66, 0xAE, 0x94,
    0x2C, 0x65, 0x4B, 0xE9, 0x02, 0x5F, 0x46, 0x09, 0x33, 0x81, 0x31, 0x50, 0x06, 0xCE, 0x0C, 0x48,
    0x03, 0x6B, 0x06, 0xB4, 0x19, 0xF0, 0x66, 0x40, 0x9C, 0x01, 0x73, 0x06, 0xD4, 0x19, 0x70, 0x67,
    0x40, 0x9E, 0x01, 0x7B, 0x66, 0x83, 0xBE, 0x58, 0x5D, 0x47, 0xB2, 0x89, 0xDF, 0xA7, 0x13, 0x99,
    0x85, 0x57, 0x95, 0x9A, 0xB5, 0x3E, 0xBF, 0x90, 0x89, 0x2C, 0x31, 0xCD, 0x3F, 0xCA, 0x3F, 0xE5,
    0x6D, 0xE4, 0x1E, 0x69, 0x0B, 0xB4, 0x45, 0xA2, 0xDE, 0x49, 0x37, 0x44, 0x0D, 0xD7, 0xAE, 0xE8,
    0x32, 0x67, 0x2F, 0x0C, 0xBE, 0x80, 0x57, 0x01, 0xDF, 0xC5, 0x70, 0x1D, 0x64, 0x4B, 0xB8, 0x02,
    0x56, 0xA0, 0x0A, 0x50, 0x09, 0x53, 0x8A, 0x54, 0x20, 0x4A, 0x80, 0x12, 0x9E, 0x80, 0x93, 0xD0,
    0x04, 0x98, 0xC0, 0x12, 0x50, 0x02, 0x49, 0x00, 0x09, 0x1C, 0x01, 0x23, 0x50, 0x34, 0x82, 0x08,
    0xB8, 0xD2, 0xD9, 0x96, 0x6A, 0x51, 0x7D, 0x33, 0x87, 0xEB, 0x42, 0xD8, 0xF1, 0x4C, 0x55, 0x72,
    0x89, 0xB9, 0xF9, 0x6B, 0x58, 0x78, 0x85, 0x93, 0xFC, 0xFA, 0x11, 0xA6, 0x1D, 0x30, 0xA5, 0x7D,
    0x29, 0x62, 0xC1, 0x87, 0x88, 0x86, 0x0B, 0x0C, 0x34, 0x8F, 0x0F, 0x04, 0x95, 0xEA, 0x65, 0xCF,
    0xB3, 0x5B, 0x0C, 0x0C, 0x50, 0x7D, 0xDF, 0xF1, 0x6B, 0x7F, 0x26, 0xC1, 0xFD, 0x85, 0x5D, 0xD5,
    0x77, 0x1C, 0xA6, 0xB3, 0xF7, 0xF1, 0x0A, 0xBE, 0x4E, 0x7C, 0x95, 0xE8, 0x73, 0xD2, 0x9C, 0x28,
    0x63, 0x1B, 0x3F, 0x9F, 0x6A, 0xE2, 0xA3, 0xD6, 0xAF, 0x61, 0xF3, 0x85, 0xBC, 0x2C, 0x81, 0x71,
    0xEA, 0x24, 0x2E, 0x9E, 0x5F, 0x9A, 0xD7, 0x37, 0xE1, 0x4A, 0xB1, 0x52, 0xAA, 0x14, 0x2A, 0x65,
    0x4A, 0x91, 0x02, 0x51, 0x0A, 0x94, 0xF2, 0xA4, 0x38, 0x29, 0x4D, 0x0A, 0x93, 0xB2, 0x04, 0x94,
    0x94, 0x24, 0x05, 0x49, 0x39, 0x52, 0x8C, 0x94, 0x22, 0x40, 0xA4, 0x0C, 0x29, 0x42, 0x4A, 0x90,
    0x02, 0xA4, 0xFC, 0xAC, 0xF1, 0x39, 0xE9, 0xCB, 0x2F, 0x78, 0xD2, 0x3D, 0x9F, 0xC4, 0x2B, 0xBE,
    0x8F, 0xEC, 0x7C, 0xA7, 0xE4, 0xBF, 0x58, 0x3B, 0xA7, 0x84, 0x55, 0x9E, 0xB3, 0x01, 0xEC, 0xB7,
    0x3D, 0x89, 0x35, 0xF3, 0x62, 0x3E, 0x7D, 0x6D, 0x9E, 0xCF, 0xEE, 0x4C, 0xE2, 0xF4, 0x85, 0x5E,
    0xF6, 0xB3, 0x61, 0x26, 0x14, 0xB9, 0xAF, 0x9B, 0x61, 0x1E, 0x74, 0x5D, 0x1A, 0x74, 0xCF, 0xEC,
    0x6D, 0x0E, 0xAF, 0x7B, 0x74, 0x71, 0xA3, 0x6B, 0x1D, 0x5D, 0xFA, 0x84, 0xBF, 0xF5, 0x7D, 0x3D,
    0xDE, 0xE4, 0x65, 0x48, 0x83, 0x24, 0x4A, 0x71, 0x90, 0x92, 0x18, 0xB5, 0x37, 0x44, 0x1D, 0xDB,
    0xA2, 0x69, 0x9D, 0x1C, 0x5A, 0x75, 0x26, 0xE5, 0x48, 0x1D, 0x9A, 0x87, 0x5B, 0x64, 0xDB, 0x63,
    0x17, 0x72, 0xF2, 0x4A, 0x7C, 0x4A, 0xDA, 0x88, 0x13, 0x4A, 0xFA, 0xA4, 0x93, 0xB3, 0x38, 0x51,
    0xA3, 0x45, 0x96, 0x7E, 0xD6, 0x97, 0x0F, 0x8A, 0xC5, 0x27, 0x32, 0x6D, 0x66, 0x84, 0xBD, 0x8E,
    0x4C, 0x24, 0xE5, 0x69, 0xE7, 0xAC, 0x9B, 0x4D, 0x87, 0xE2, 0xAF, 0x5A, 0xCF, 0x54, 0xEC, 0x3E,
    0xA2, 0x63, 0x24, 0x08, 0x15, 0xAC, 0xC5, 0x13, 0x77, 0x61, 0xEE, 0x16, 0x6B, 0x4F, 0x30, 0x83,
    0x02, 0x22, 0x54, 0xF0, 0xAB, 0x15, 0x52, 0xA0, 0x5C, 0xAF, 0x39, 0xC0, 0x13, 0x5D, 0x3D, 0x52,
    0x73, 0x3D, 0x35, 0x91, 0x24, 0x3B, 0x2C, 0x7A, 0xC6, 0x8A, 0xCE, 0xDA, 0xF5, 0xA2, 0x04, 0x17,
    0xE6, 0xF3, 0xF2, 0x68, 0xA9, 0x31, 0x3A, 0xDA, 0x90, 0x93, 0x96, 0xB0, 0xA3, 0x8E, 0x66, 0xB8,
    0x78, 0x40, 0xC9, 0x62, 0xF3, 0x27, 0x6D, 0xE4, 0xB8, 0xA4, 0x4B, 0x50, 0xAB, 0x41, 0xA9, 0xC7,
    0x3D, 0x4C, 0x5F, 0x93, 0x75, 0x32, 0x6B, 0x99, 0xC4, 0x7C, 0x7D, 0x3D, 0x72, 0xC2, 0x2B, 0xBA,
    0x8A, 0x2F, 0x8F, 0x96, 0x9A, 0x6C, 0x11, 0xB1, 0x57, 0xB1, 0x5D, 0xB2, 0x92, 0x39, 0x48, 0x56,
    0xDC, 0x66, 0x2C, 0xEB, 0xC9, 0x67, 0xD1, 0xCE, 0xE8, 0x3F, 0x7D, 0xA4, 0x64, 0x48, 0x49, 0xD2,
    0x98, 0xDF, 0xD0, 0xA4, 0x3F, 0xE6, 0x25, 0x16, 0x67, 0xC3, 0x89, 0x3F, 0x61, 0x74, 0x69, 0xAA,
    0x71, 0x18, 0xF2, 0xD7, 0x5E, 0x35, 0x20, 0xC3, 0xDD, 0x5D, 0x32, 0x1E, 0xA3, 0xC8, 0xFF, 0x23,
    0x0F, 0x3E, 0xA6, 0xF8, 0xF2, 0xC3, 0x33, 0x60, 0x68, 0x3D, 0x1F, 0x14, 0xE0, 0x17, 0x32, 0xCC,
    0x69, 0xDE, 0xCE, 0x6B, 0xB9, 0x12, 0xB7, 0x61, 0x45, 0x1D, 0x28, 0xD8, 0x48, 0x25, 0x22, 0x92,
    0x21, 0x16, 0x8B, 0x4D, 0xC4, 0x80, 0x83, 0x81, 0xCD, 0xCC, 0x43, 0x3A, 0xEA, 0xB3, 0x4C, 0x25,
    0xDE, 0x65, 0xCA, 0xD7, 0x70, 0xD8, 0x39, 0x07, 0x2B, 0x03, 0xB3, 0x30, 0x3B, 0x6C, 0xDF, 0xA9,
    0x9E, 0xAD, 0x1C, 0x0D, 0xA8, 0x90, 0x8F, 0x48, 0x60, 0x4B, 0xC5, 0x7C, 0xC6, 0x9C, 0x25, 0xF0,
    0x67, 0xEF, 0x78, 0xE2, 0xCE, 0x9F, 0xE6, 0xED, 0x99, 0x2B, 0x33, 0x32, 0xD9, 0xCC, 0x2B, 0x2C,
    0x72, 0xB5, 0x4C, 0xC5, 0x0E, 0x1E, 0x65, 0x3A, 0xA2, 0x03, 0x79, 0xF4, 0x96, 0xFA, 0x29, 0x19,
    0xFC, 0x9D, 0x97, 0x20, 0x67, 0x3D, 0x4C, 0x79, 0xE2, 0xB1, 0xE3, 0x6B, 0x2C, 0xDF, 0x42, 0x26,
    0x9B, 0xAF, 0xF3, 0x02, 0xF1, 0xCF, 0xC3, 0x47, 0x79, 0x3D, 0x9B, 0xEB, 0xCA, 0xE4, 0x42, 0x2E,
    0xD3, 0x46, 0x86, 0x5D, 0xFD, 0x9D, 0x4C, 0x12, 0xD0, 0x6A, 0x9F, 0x92, 0x8E, 0xD5, 0xDE, 0xBC,
    0xFA, 0x8A, 0x58, 0xE4, 0x18, 0xAD, 0xA9, 0x7E, 0xB3, 0xC1, 0x93, 0x1D, 0x68, 0xF0, 0xDC, 0x86,
    0x95, 0x6D, 0x99, 0x72, 0x67, 0x6C, 0x55, 0xD4, 0x06, 0x47, 0x78, 0x5B, 0x72, 0xEE, 0x77, 0x3E,
    0x4B, 0x9B, 0xFB, 0x65, 0xA1, 0x8A, 0xDE, 0x9B, 0xF0, 0x11, 0x53, 0xE7, 0xFA, 0xFD, 0x9E, 0xF1,
    0xB6, 0xAE, 0xB7, 0x67, 0xE3, 0x46, 0x9B, 0x36, 0x3A, 0xC2, 0xF2, 0x9E, 0xB5, 0xF8, 0x65, 0x0C,
    0xBF, 0x2C, 0x3D, 0xB6, 0x5C, 0x0B, 0x4B, 0x52, 0x48, 0x4C, 0xDD, 0xBA, 0xB0, 0x74, 0x20, 0xA2,
    0x6A, 0x24, 0xCB, 0x87, 0x11, 0x6D, 0x61, 0x54, 0x81, 0xAA, 0x41, 0x35, 0xA3, 0xDA, 0x51, 0x0D,
    0x09, 0xD1, 0xD4, 0x94, 0x6A, 0x4B, 0xB5, 0xE2, 0x68, 0x94, 0x4A, 0xB4, 0x8C, 0xE9, 0x46, 0x1C,
    0x83, 0x49, 0xD5, 0xA6, 0x6A, 0xCD, 0x30, 0xEE, 0x9B, 0x16, 0x2C, 0xBB, 0xE1, 0x6C, 0x37, 0xAA,
    0x24, 0x68, 0x0F, 0xAD, 0x5B, 0x68, 0x50, 0xA3, 0x28, 0x2C, 0x8F, 0xD0, 0x42, 0xAB, 0x47, 0x9D,
    0x81, 0x4A, 0x5C, 0x56, 0xAC, 0x2D, 0xB4, 0xFE, 0x66, 0x2D, 0xB4, 0x18, 0xD3, 0xC8, 0xD1, 0x2D,
    0x70, 0x62, 0xDC, 0x09, 0x5A, 0x68, 0x42, 0x0E, 0xCB, 0xC9, 0xD6, 0x13, 0x7A, 0xB6, 0xE5, 0xD9,
    0x94, 0x4B, 0xDB, 0x15, 0x3A, 0x0A, 0x4B, 0x4A, 0x93, 0x01, 0x4F, 0xE1, 0xCA, 0x55, 0xA6, 0xC6,
    0x54, 0xC5, 0xCB, 0x71, 0x03, 0x0D, 0x58, 0xA1, 0x7D, 0xE6, 0x97, 0xAC, 0x48, 0x89, 0xE6, 0xDC,
    0x3C, 0xB3, 0x22, 0xC0, 0xC4, 0xFD, 0x41, 0x96, 0x2C, 0x5D, 0xE4, 0x1E, 0x18, 0x47, 0xBB, 0x9B,
    0x63, 0x42, 0x01, 0x97, 0x89, 0x72, 0x0E, 0x61, 0x20, 0x07, 0xE0, 0x54, 0xF0, 0xFB, 0xD2, 0x1C,
    0xEB, 0xAF, 0x6D, 0x8E, 0x01, 0x18, 0xF0, 0x22, 0xB8, 0x80, 0x16, 0xC0, 0x02, 0x56, 0x80, 0xCA,
    0xD8, 0xA5, 0x8D, 0x3D, 0x1B, 0x94, 0x87, 0x01, 0x8C, 0x00, 0x11, 0x10, 0x02, 0x40, 0x94, 0x8F,
    0x01, 0x1E, 0x49, 0xA8, 0x25, 0x2E, 0xC7, 0x9D, 0x31, 0x69, 0x8C, 0xFD, 0x56, 0xC2, 0xF5, 0xC4,
    0x7B, 0x3C, 0xE9, 0xBF, 0x48, 0x57, 0xCC, 0xEA, 0x06, 0x8E, 0x87, 0x4A, 0x49, 0xE8, 0x7A, 0xA1,
    0x9B, 0x35, 0xEA, 0x7A, 0x71, 0x2B, 0xF1, 0x03, 0x59, 0xDB, 0x57, 0x2F, 0xA5, 0x87, 0x3E, 0xDF,
    0xD9, 0xF5, 0xDA, 0x0B, 0xCB, 0x9D, 0xA2, 0x24, 0x7D, 0x1F, 0x35, 0x46, 0xD7, 0xA4, 0x91, 0x68,
    0x3F, 0x6E, 0x4F, 0x76, 0xA5, 0xB9, 0x3F, 0x1B, 0x16, 0x89, 0x52, 0x6D, 0x55, 0x2E, 0x25, 0x42,
    0xB5, 0xEB, 0x00, 0x45, 0x8D, 0xAE, 0xF2, 0x5E, 0x65, 0x17, 0xC9, 0xFF, 0xDC, 0xCB, 0x72, 0xD2,
    0xCB, 0x7A, 0x49, 0xBD, 0xAC, 0xAB, 0xDD, 0xBD, 0xAC, 0x5B, 0xC9, 0x4C, 0xBE, 0x1C, 0x76, 0xB2,
    0x24, 0xDF, 0x40, 0x1F, 0x0B, 0xC6, 0x3C, 0x90, 0x6C, 0x3C, 0xE8, 0xC5, 0x9B, 0x8F, 0x14, 0x21,
    0xC5, 0x10, 0xFF, 0xCA, 0x61, 0x42, 0xA2, 0xC4, 0xDE, 0x20, 0x71, 0x64, 0x4B, 0x3E, 0x5E, 0xF6,
    0xD0, 0x79, 0x22, 0x4E, 0x75, 0x38, 0x60, 0x32, 0x15, 0x29, 0x1D, 0x9C, 0x2F, 0xB6, 0x8A, 0x7E,
    0x74, 0x85, 0x4C, 0xE9, 0x93, 0xB9, 0xF4, 0x90, 0xD3, 0xC3, 0xB9, 0xED, 0x5F, 0xC1, 0xFD, 0x33,
    0x06, 0xE2, 0xEE, 0x96, 0x00, 0x20, 0x96, 0x87, 0x05, 0x9D, 0x7C, 0x4E, 0x0F, 0x35, 0x99, 0xBD,
    0x86, 0x7F, 0x61, 0x93, 0xB3, 0xC1, 0xD9, 0x32, 0xB2, 0xF5, 0xC8, 0x7F, 0xFE, 0xA9, 0x75, 0x97,
    0x72, 0xF6, 0x82, 0x0A, 0x11, 0x05, 0xA9, 0xB2, 0x62, 0x72, 0xC8, 0x77, 0xD3, 0x76, 0x05, 0xDE,
    0xAB, 0x40, 0x2E, 0x9B, 0x76, 0x29, 0x78, 0x67, 0xBD, 0x51, 0xA4, 0xA4, 0x56, 0x62, 0xC5, 0xE5,
    0x8C, 0x86, 0xE3, 0x1D, 0x97, 0x80, 0xFC, 0x2F, 0xCD, 0x89, 0x66, 0x33, 0xE1, 0xD5, 0x44, 0xCD,
    0xBF, 0x74, 0x71, 0x50, 0xDF, 0x68, 0xCA, 0xBF, 0x32, 0x0B, 0x9A, 0x04, 0xE5, 0x9C, 0x5C, 0xCB,
    0xB8, 0x7D, 0xA9, 0x37, 0x0A, 0x6A, 0x9D, 0xC6, 0xFE, 0xA9, 0x9C, 0x4E, 0x1F, 0xA4, 0xDE, 0x23,
    0xC9, 0x4F, 0x55, 0x72, 0x6F, 0x95, 0xEA, 0x5A, 0xFA, 0xCB, 0xBD, 0xD6, 0xAA, 0xDC, 0x61, 0x54,
    0x12, 0xCC, 0x7F, 0x72, 0xEF, 0x7F, 0x3B, 0x2F, 0x5A, 0x2B, 0x82, 0x93, 0x74, 0x24, 0x1C, 0x73,
    0xAC, 0xFA, 0x5B, 0x70, 0x3C, 0x54, 0xFD, 0x91, 0x50, 0x74, 0xF9, 0xAA, 0xEE, 0xC2, 0x39, 0xFD,
    0x27, 0x15, 0x0D, 0xD3, 0x2B, 0x3B, 0x34, 0x5A, 0xF9, 0x5B, 0x9A, 0x2F, 0x91, 0xE5, 0x08, 0x5C,
    0x61, 0xD3, 0x0A, 0x17, 0xFC, 0x32, 0xBD, 0xA6, 0xBF, 0xB3, 0x54, 0xC1, 0x73, 0xFE, 0xD4, 0xCD,
    0x84, 0x0B, 0x74, 0x6D, 0x4A, 0x8A, 0xB4, 0xBD, 0x94, 0xE4, 0x5C, 0x2E, 0x25, 0x53, 0xAE, 0xC5,
    0xE5, 0xAE, 0x92, 0x8B, 0xA0, 0x92, 0xCD, 0x68, 0x96, 0x87, 0x7E, 0x38, 0x54, 0x1D, 0x0F, 0xAE,
    0xB5, 0x8C, 0x79, 0x43, 0x85, 0x3C, 0xAF, 0x8C, 0x82, 0x3F, 0x72, 0x4E, 0x1E, 0xD1, 0xBA, 0x99,
    0x57, 0xC1, 0xE7, 0x5E, 0xFA, 0x09, 0xF6, 0xD1, 0x20, 0x87, 0xC8, 0xE4, 0x12, 0xF3, 0xB3, 0xDD,
    0xE1, 0x56, 0xAA, 0x72, 0xB0, 0x8B, 0x6F, 0xE2, 0x96, 0xDB, 0x83, 0xEE, 0xF0, 0x83, 0xC6, 0x3F,
    0x7C, 0x26, 0xE9, 0xCD, 0xCC, 0x88, 0x65, 0xA3, 0xB1, 0x6B, 0x78, 0xE1, 0x66, 0x39, 0x15, 0xE7,
    0xEA, 0x82, 0x5E, 0xAC, 0xBD, 0x40, 0xFE, 0xD1, 0x36, 0xFC, 0xB8, 0xA2, 0x47, 0xFF, 0x2F, 0x09,
    0x3F, 0xF7, 0xF8, 0x58, 0x2A, 0xCE, 0x51, 0xB9, 0xAD, 0xEA, 0xFD, 0xC9, 0xFE, 0xE5, 0x89, 0xC9,
    0xD8, 0x35, 0xA4, 0xEC, 0x1A, 0x22, 0x59, 0x20, 0x9F, 0x6D, 0xB9, 0x86, 0x29, 0x4F, 0xA8, 0x68,
    0xE0, 0x57, 0x70, 0xED, 0xEB, 0x73, 0x79, 0x7D, 0xAA, 0x17, 0xBD, 0x7D, 0x6B, 0xD6, 0x47, 0x18,
    0xD4, 0x66, 0x27, 0xA3, 0x01, 0xAB, 0x92, 0xDD, 0x6D, 0xA4, 0x23, 0x36, 0x34, 0x87, 0x7E, 0xAD,
    0x06, 0x75, 0x83, 0x6A, 0x10, 0x3F, 0x4F, 0xDB, 0x75, 0x25, 0x6C, 0xAB, 0x1A, 0x74, 0xAB, 0x56,
    0xCE, 0xF4, 0xDA, 0xD6, 0xE0, 0xA4, 0x4B, 0x1F, 0x0D, 0xB1, 0x4F, 0xB4, 0x1E, 0x51, 0xD5, 0x16,
    0x7B, 0x98, 0x96, 0x1A, 0xEB, 0x35, 0x7F, 0xFF, 0x46, 0x4D, 0x3C, 0x93, 0xB3, 0x9C, 0x5C, 0x99,
    0xD3, 0x8B, 0xEB, 0xB6, 0xCC, 0x59, 0xB4, 0x00, 0x2A, 0xA7, 0xD5, 0x43, 0x54, 0xF1, 0x61, 0x6D,
    0x03, 0x7B, 0x4B, 0xA4, 0x49, 0x04, 0x87, 0x46, 0x74, 0x0C, 0xAB, 0xEB, 0x66, 0x35, 0x87, 0x88,
    0x4C, 0x4F, 0x60, 0x7B, 0x54, 0x96, 0xF9, 0x49, 0x8B, 0xB7, 0x60, 0xFA, 0xCD, 0x27, 0x15, 0x9C,
    0x0D, 0x87, 0x3B, 0x90, 0x20, 0x9B, 0xDE, 0x26, 0xB2, 0x7A, 0x61, 0x1A, 0x24, 0x15, 0xB2, 0xE2,
    0x87, 0x99, 0x08, 0x13, 0x98, 0x08, 0x54, 0x04, 0x2E, 0x36, 0x5D, 0xC0, 0xB3, 0x61, 0xA5, 0x07,
    0x2B, 0x72, 0xE8, 0x55, 0xCA, 0x3C, 0x52, 0xE5, 0xF9, 0x5D, 0x7C, 0xB5, 0x36, 0xC1, 0x74, 0xBC,
    0xD4, 0xFC, 0x0A, 0xAB, 0x87, 0xBD, 0x09, 0x8B, 0x80, 0x04, 0x92, 0x04, 0x25, 0xB0, 0x34, 0x58,
    0x44, 0x78, 0x9A, 0x8C, 0xE0, 0x64, 0x84, 0x27, 0x23, 0x40, 0x19, 0x21, 0xCA, 0x08, 0x52, 0x46,
    0x98, 0x32, 0x02, 0x95, 0x11, 0xAA, 0x80, 0x15, 0xB8, 0x02, 0x58, 0x20, 0x4B, 0xD1, 0x1A, 0xB1,
    0xF5, 0xC6, 0x8C, 0x5A, 0xC8, 0x58, 0x41, 0x9F, 0xA2, 0x22, 0x63, 0xE7, 0xBC, 0x6E, 0x4A, 0xDC,
    0xEA, 0xE9, 0x25, 0x5B, 0xAA, 0x93, 0x83, 0xFE, 0xC6, 0x10, 0xA4, 0xBA, 0x31, 0xF3, 0x86, 0x18,
    0x81, 0x22, 0x85, 0x28, 0x0B, 0x6B, 0x3A, 0x46, 0x48, 0x09, 0x52, 0x80, 0x94, 0x1F, 0xC5, 0x47,
    0xE9, 0x51, 0x78, 0x94, 0x1D, 0x45, 0x47, 0x81, 0x19, 0x8D, 0x55, 0x17, 0xB0, 0x51, 0x6A, 0x14,
    0x1A, 0x65, 0x46, 0x91, 0x51, 0x62, 0x02, 0x30, 0xCA, 0x8B, 0xE2, 0x32, 0xA0, 0x05, 0x3B, 0xA0,
    0x51, 0x8D, 0xC5, 0x76, 0x8D, 0xC4, 0x41, 0x85, 0x4C, 0x09, 0x37, 0x93, 0xEF, 0x0B, 0x25, 0xD8,
    0xC5, 0xA4, 0x51, 0x23, 0xD2, 0x4A, 0xAD, 0x04, 0x8C, 0xA7, 0xA8, 0xA7, 0x57, 0x75, 0x22, 0x02,
    0x2E, 0x33, 0xA9, 0x80, 0xB5, 0x1F, 0x72, 0x98, 0xF8, 0xBE, 0x47, 0xDC, 0xBC, 0x11, 0x35, 0xF7,
    0x8F, 0x96, 0xEB, 0x0B, 0x13, 0xFE, 0x2F, 0x76, 0xA6, 0x46, 0xEE, 0x8D, 0xA9, 0x3F, 0x59, 0x57,
    0x7F, 0x0A, 0x38, 0xAF, 0x7F, 0x4A, 0x76, 0xC8, 0xFD, 0xC4, 0xD3, 0xED, 0xA5, 0xE8, 0x5D, 0x83,
    0xC6, 0xAF, 0xB7, 0x7E, 0xC9, 0xC2, 0xBE, 0x94, 0xD6, 0x27, 0xBF, 0x6D, 0x3F, 0x66, 0x61, 0xAE,
    0x4C, 0xBE, 0x03, 0x00, 0x6C, 0x8E, 0x92, 0xED, 0xC6, 0x08, 0x60, 0xA9, 0x08, 0x5F, 0x30, 0x41,
    0x70, 0x3B, 0xC4, 0x4F, 0x7D, 0xAF, 0x12, 0x93, 0xA4, 0x2F, 0xDF, 0xB0, 0x8E, 0x3A, 0x3E, 0xC2,
    0x9F, 0xB5, 0x8B, 0xEC, 0xC5, 0xFE, 0x32, 0x45, 0x84, 0x32, 0xC5, 0x62, 0x5D, 0xA6, 0x20, 0x3A,
    0x12, 0x47, 0x75, 0xAD, 0x1D, 0x6C, 0xDC, 0x5E, 0xF2, 0xB2, 0xCB, 0xA6, 0x48, 0x49, 0xEC, 0xBF,
    0x65, 0x69, 0x5A, 0x93, 0x30, 0x87, 0x92, 0x91, 0x07, 0xB9, 0xAA, 0xF0, 0xF1, 0x23, 0x24, 0x19,
    0xD3, 0x61, 0x99, 0xE2, 0x2B, 0x77, 0x20, 0x74, 0x1C, 0xDB, 0x5A, 0x24, 0xB4, 0x87, 0x8C, 0x2E,
    0xF3, 0xF5, 0x1E, 0xAB, 0xF5, 0xAA, 0x53, 0xEF, 0xB2, 0xA2, 0xDB, 0xAC, 0xB8, 0x3C, 0x19, 0x5D,
    0x85, 0xFB, 0x62, 0x42, 0x3F, 0x49, 0x63, 0x2F, 0x72, 0xCC, 0xC8, 0xA2, 0xD9, 0x53, 0x85, 0x3B,
    0x28, 0x50, 0x47, 0x66, 0x70, 0x7A, 0xCD, 0x5B, 0x57, 0x9A, 0xB7, 0xB6, 0x9A, 0xB7, 0x76, 0x87,
    0xF3, 0x56, 0xF7, 0x83, 0xF3, 0xD6, 0x76, 0x2B, 0x6F, 0x5D, 0xED, 0xCF, 0x5B, 0xCB, 0xCD, 0xBC,
    0x75, 0x75, 0x6D, 0xDE, 0x8A, 0xFB, 0x86, 0x52, 0xBD, 0x0F, 0x66, 0x50, 0xB7, 0x43, 0x81, 0xDB,
    0x67, 0xB2, 0xC3, 0x3B, 0x3F, 0xC2, 0xAE, 0x53, 0x79, 0x97, 0xDC, 0x3C, 0xAB, 0x6B, 0x26, 0xBA,
    0xD1, 0xDB, 0x2D, 0x26, 0xA2, 0xB0, 0xD4, 0xF5, 0x72, 0xBD, 0xCD, 0x48, 0x1B, 0x45, 0xCF, 0xD1,
    0xA1, 0xD8, 0x15, 0x32, 0xAC, 0x84, 0x0C, 0x3F, 0xE5, 0x54, 0x43, 0x46, 0xC9, 0xF8, 0xB8, 0x10,
    0x32, 0x72, 0x91, 0x28, 0x15, 0x79, 0xB6, 0x42, 0x46, 0x80, 0xA1, 0xD2, 0x27, 0xBA, 0xCC, 0x09,
    0xF9, 0x87, 0x29, 0x74, 0x4D, 0x4A, 0xFB, 0x17, 0x04, 0x87, 0xCB, 0x47, 0x1C, 0x02, 0x0E, 0x7F,
    0x92, 0xD8, 0xDB, 0x0F, 0xB7, 0xA4, 0x6B, 0x3B, 0xB5, 0x12, 0x1D, 0x66, 0xAB, 0x23, 0xC1, 0x41,
    0x2B, 0x15, 0x21, 0xEB, 0x0C, 0xD5, 0x8A, 0x81, 0x9B, 0x98, 0xF4, 0x9B, 0xB7, 0x22, 0x66, 0xCB,
    0x68, 0x07, 0x0E, 0xA5, 0x59, 0xB7, 0x99, 0x1E, 0x0E, 0x0E, 0x91, 0x6E, 0xFD, 0x59, 0xED, 0xD8,
    0xFA, 0x93, 0x8E, 0xEF, 0xF0, 0x5E, 0x70, 0xAB, 0xF9, 0x79, 0xA9, 0x54, 0x2C, 0xEE, 0x26, 0x15,
    0xF9, 0xDB, 0x04, 0x9B, 0x2B, 0x9C, 0xC6, 0x4F, 0xC8, 0x9F, 0xAE, 0xCE, 0xFA, 0x48, 0x1B, 0x58,
    0x8F, 0x2E, 0x41, 0x19, 0xB0, 0x4E, 0x0A, 0xD4, 0x3C, 0x78, 0xE5, 0xBE, 0x57, 0x4F, 0xBA, 0x1C,
    0xDA, 0x59, 0xBA, 0x62, 0x27, 0x3B, 0xED, 0xDC, 0xDD, 0xCA, 0xD5, 0x6F, 0x8C, 0x79, 0x34, 0xE6,
    0xAE, 0x32, 0xD5, 0xAE, 0xCC, 0x72, 0x9D, 0x3F, 0x6A, 0x3E, 0xB9, 0xEB, 0x49, 0x38, 0x66, 0xD4,
    0x2D, 0x38, 0x92, 0x68, 0xB0, 0x95, 0x63, 0x22, 0x99, 0x44, 0x66, 0xA9, 0x41, 0x02, 0x7F, 0xE1,
    0x3D, 0xF4, 0x25, 0x48, 0x01, 0xB6, 0xE1, 0xF5, 0x87, 0x5B, 0x4D, 0xC8, 0xE0, 0x6E, 0x49, 0xAD,
    0x0E, 0xFF, 0x46, 0xC2, 0x3D, 0x37, 0x1E, 0xFC, 0x1B, 0x34, 0x3B, 0xFF, 0x06, 0xB5, 0x3D, 0xFC,
    0x2B, 0x18, 0x32, 0xBE, 0x4D, 0x95, 0x52, 0x67, 0xEA, 0x87, 0x14, 0x8C, 0x0A, 0x77, 0x91, 0x32,
    0x29, 0x27, 0xA0, 0xAA, 0x80, 0x22, 0x82, 0x7F, 0x83, 0x4B, 0x93, 0x2D, 0xF7, 0x57, 0xBC, 0xA8,
    0x4E, 0x5A, 0x2D, 0xAE, 0xE1, 0x05, 0x90, 0x87, 0x22, 0xE5, 0x95, 0xCB, 0x3B, 0xBA, 0x20, 0x0B,
    0x5D, 0x98, 0x3B, 0x61, 0x52, 0x2C, 0xFF, 0x73, 0xF7, 0x76, 0x5B, 0xE8, 0x49, 0x33, 0x6C, 0x67,
    0xE6, 0x1B, 0x1D, 0xCF, 0xED, 0x56, 0x27, 0x65, 0x7F, 0x24, 0x65, 0x1D, 0xF1, 0x63, 0xEC, 0x16,
    0x89, 0x9B, 0xF9, 0x17, 0xBD, 0x24, 0x13, 0x16, 0x8D, 0x1F, 0x21, 0x1F, 0x89, 0xD7, 0xB3, 0x74,
    0x1D, 0x0B, 0x47, 0xC9, 0x3E, 0x3D, 0x7A, 0x99, 0xBC, 0x20, 0xBC, 0x08, 0x88, 0xB8, 0xF5, 0xF6,
    0x35, 0x76, 0x11, 0x73, 0xBB, 0xCC, 0x8B, 0x34, 0x75, 0x5D, 0xB5, 0xA2, 0x96, 0x58, 0xB5, 0xD1,
    0xCE, 0x12, 0xCD, 0x0F, 0xD7, 0x01, 0x76, 0xEF, 0x3A, 0x00, 0xE1, 0x19, 0x05, 0x0F, 0xDD, 0xED,
    0x82, 0xBB, 0xC0, 0xB3, 0x41, 0x7D, 0xC4, 0x98, 0x7D, 0x5B, 0x5A, 0x8E, 0xD6, 0xC4, 0x83, 0x1D,
    0xAA, 0xD1, 0xE1, 0x1D, 0xAA, 0xA7, 0xBB, 0x7C, 0xC0, 0xED, 0x58, 0x39, 0x52, 0x2B, 0xA4, 0x6A,
    0xF5, 0x5C, 0xF3, 0xF2, 0xB5, 0xD3, 0x81, 0xAF, 0xF1, 0x50, 0x4A, 0x54, 0x3E, 0xFD, 0xEC, 0x90,
    0x23, 0xF7, 0x33, 0x11, 0x1B, 0xFA, 0xEB, 0x58, 0xAC, 0xE8, 0xC8, 0x75, 0x90, 0x1D, 0xD1, 0x97,
    0x8C, 0x28, 0x74, 0x89, 0x2D, 0x17, 0xF2, 0x84, 0x3F, 0x43, 0xEC, 0x59, 0x4B, 0xE7, 0x35, 0x19,
    0x3D, 0x81, 0x55, 0xE5, 0xFA, 0xE0, 0xC6, 0x2C, 0x2C, 0x6B, 0xD4, 0xB6, 0xE2, 0xB1, 0xE5, 0x2B,
    0x31, 0x5A, 0x13, 0xBE, 0x13, 0x43, 0x16, 0x9D, 0xB0, 0xB1, 0x51, 0x2B, 0x1B, 0xB5, 0x33, 0x3F,
    0x11, 0xAF, 0x6A, 0x3B, 0xDC, 0x65, 0xCF, 0xD6, 0x9E, 0xE9, 0x5E, 0x06, 0xF4, 0x5F, 0x25, 0xE1,
    0x0A, 0x19, 0xCA, 0xF0, 0xC2, 0xC6, 0xBA, 0x0D, 0x69, 0x6B, 0x86, 0xF6, 0x4D, 0x3B, 0x70, 0xD3,
    0x9E, 0x83, 0xE9, 0x28, 0x61, 0xCB, 0x9A, 0xC1, 0x12, 0xC8, 0x2B, 0x8B, 0x6D, 0xEF, 0xE6, 0x6C,
    0x7C, 0x36, 0x37, 0x35, 0xB5, 0xC4, 0xFC, 0x46, 0xEC, 0x6F, 0x04, 0x00, 0xC3, 0x04, 0x90, 0x0F,
    0xE7, 0x86, 0x38, 0x33, 0xC0, 0xC2, 0xF2, 0xC0, 0x14, 0x00, 0x03, 0x70, 0x00, 0x10, 0x40, 0x02,
    0x50, 0x00, 0x0B, 0x80, 0x61, 0x40, 0xC3, 0xB3, 0xB1, 0x87, 0xA2, 0x7B, 0x87, 0xCC, 0x86, 0x75,
    0x83, 0xE1, 0xA9, 0x85, 0x05, 0x1C, 0x2E, 0x1E, 0x71, 0x08, 0x38, 0xBC, 0x19, 0x36, 0x61, 0xC2,
    0xB7, 0x7E, 0xCC, 0x87, 0xF1, 0xD9, 0xE7, 0xE9, 0xC7, 0x81, 0xC3, 0x0D, 0xBE, 0xD9, 0x23, 0x78,
    0xF5, 0xE0, 0xD7, 0xC9, 0xB3, 0xC7, 0x07, 0xD7, 0x6D, 0xC0, 0xA1, 0x57, 0x1C, 0x5A, 0xC5, 0x61,
    0x09, 0x1C, 0xFA, 0x72, 0x2F, 0x0E, 0xF3, 0x1F, 0x07, 0x87, 0x5E, 0x71, 0xE8, 0xFE, 0x2B, 0x1C,
    0xEA, 0x1B, 0xE3, 0x00, 0x0F, 0x10, 0x8F, 0x6E, 0xD9, 0x88, 0xB4, 0xCD, 0xB4, 0xF1, 0xCD, 0x5C,
    0xDC, 0x99, 0x3B, 0x2F, 0x0F, 0x52, 0xB1, 0x10, 0x2A, 0x6A, 0xA6, 0xA2, 0x17, 0x2A, 0x16, 0xD7,
    0x53, 0x51, 0xFE, 0x68, 0x54, 0xF8, 0x35, 0xF9, 0x0B, 0xDD, 0x95, 0x22, 0x46, 0x2D, 0x74, 0xBB,
    0x7F, 0x55, 0xBE, 0x78, 0x7B, 0xA3, 0x75, 0x5B, 0xAF, 0x0C, 0xB4, 0x5B, 0x2E, 0xA1, 0x06, 0x03,
    0xAB, 0x1F, 0xE2, 0x12, 0x66, 0x77, 0xDA, 0x25, 0xC8, 0xBA, 0x2D, 0xC1, 0xFD, 0x1F, 0x2E, 0xD4,
    0x40, 0xC6, 0x4E, 0x40, 0xEE, 0x18, 0x8F, 0xEC, 0x4A, 0xEC, 0x2C, 0x99, 0x00, 0x3B, 0x81, 0xD8,
    0xEB, 0x99, 0xED, 0xDC, 0xEC, 0xB2, 0x73, 0x2D, 0x76, 0x9E, 0xFD, 0xD8, 0x76, 0x96, 0xEF, 0x3A,
    0xB8, 0xDE, 0x98, 0x0F, 0x2D, 0xDC, 0xEF, 0xC9, 0xE6, 0x43, 0xCE, 0xBE, 0xDE, 0xF1, 0xAC, 0x39,
    0xFD, 0xE0, 0x95, 0x70, 0x4C, 0x3C, 0xBC, 0xFB, 0xE7, 0x38, 0xA2, 0xC1, 0xF6, 0x9A, 0x60, 0x63,
    0xDD, 0x66, 0xF7, 0xAF, 0xDB, 0x42, 0x49, 0xD8, 0x8E, 0xCA, 0xC1, 0xB8, 0x3D, 0x55, 0xE3, 0xA2,
    0xFC, 0x63, 0x74, 0xB9, 0x4F, 0xD5, 0x96, 0xBF, 0x38, 0xA9, 0x21, 0x63, 0x4F, 0xA9, 0x95, 0x43,
    0x53, 0xE6, 0x84, 0xDF, 0x52, 0x53, 0xA4, 0x24, 0xBD, 0xA4, 0xAE, 0x4E, 0xA4, 0xF7, 0x31, 0x95,
    0x4D, 0x84, 0x85, 0x57, 0x88, 0x97, 0x81, 0x6F, 0xBA, 0x72, 0xDF, 0xB0, 0x5D, 0xDD, 0xF7, 0x68,
    0xC3, 0xB0, 0x71, 0x0B, 0xF1, 0x62, 0xB9, 0x7E, 0xD1, 0x61, 0x3B, 0xE8, 0xEC, 0xA6, 0x7A, 0x17,
    0x42, 0xBD, 0x77, 0xFB, 0xAB, 0xEE, 0x82, 0x15, 0xC3, 0xE2, 0xFE, 0xD3, 0x62, 0x98, 0x04, 0xFA,
    0xFF, 0x98, 0x0D, 0xD7, 0xE5, 0x90, 0x36, 0x6B, 0x87, 0x3B, 0x0E, 0xAE, 0xFD, 0xD2, 0xAB, 0x98,
    0x77, 0xD5, 0xF2, 0xF6, 0x3E, 0xD2, 0xB3, 0x9F, 0x1F, 0x33, 0xBD, 0x94, 0x4B, 0x8E, 0x17, 0x48,
    0xC6, 0x2E, 0xB9, 0xF2, 0x51, 0x2D, 0x79, 0x52, 0xC5, 0x8A, 0x67, 0x53, 0xAC, 0xA4, 0xD4, 0xB1,
    0x62, 0xFE, 0xF3, 0xEF, 0xF4, 0xD6, 0x16, 0xB9, 0x2D, 0x85, 0x65, 0x99, 0x2A, 0xF7, 0x9D, 0x0C,
    0xCD, 0x20, 0xE6, 0x27, 0xEB, 0xFA, 0x41, 0xE8, 0xE5, 0x9C, 0x8B, 0xA5, 0xF1, 0x85, 0x78, 0x85,
    0x6E, 0x89, 0xE0, 0x23, 0xEC, 0xFB, 0xA3, 0x36, 0xD5, 0xAE, 0x9F, 0x1C, 0x7B, 0xCE, 0xB0, 0xC5,
    0x5F, 0xFC, 0x34, 0xEE, 0xB0, 0xD6, 0x1B, 0xAD, 0x97, 0x83, 0x23, 0xEF, 0xA6, 0xA9, 0x68, 0x47,
    0xB1, 0x37, 0x55, 0xC5, 0x55, 0xAC, 0x9A, 0xAB, 0x5A, 0xEF, 0x8D, 0x7E, 0x23, 0x80, 0x0C, 0xFA,
    0x7D, 0x03, 0xF3, 0xED, 0xED, 0x85, 0xD1, 0xC6, 0xF6, 0xC2, 0x7E, 0x58, 0x78, 0xCE, 0x16, 0xF7,
    0xEC, 0x82, 0x35, 0xF9, 0x7B, 0x6C, 0x52, 0x2E, 0x07, 0x68, 0x07, 0xAF, 0x05, 0x2B, 0x4B, 0x1C,
    0x6C, 0xEE, 0xC7, 0x05, 0xEB, 0x3F, 0x62, 0x1E, 0xF3, 0x5D, 0xFA, 0xDD, 0x74, 0xBD, 0xFF, 0x3F,
    0x5D, 0xF1, 0xB7, 0x6A, 0x3C, 0xBD, 0x88, 0xBB, 0x7B, 0x66, 0xE2, 0x33, 0xD9, 0xEB, 0x23, 0xDF,
    0x34, 0x47, 0xB7, 0x40, 0x5C, 0xDC, 0x27, 0xF7, 0xFB, 0x1F, 0x7D, 0x54, 0xB1, 0x8E, 0x9C, 0x40,
    0x0C, 0xF5, 0x2E, 0x52, 0x90, 0x42, 0x41, 0x7F, 0x57, 0xCC, 0x27, 0xF0, 0x09, 0x4C, 0x94, 0x22,
    0x9F, 0x91, 0x3A, 0xF7, 0x13, 0x70, 0xF9, 0x92, 0x14, 0xA9, 0x48, 0x91, 0x4F, 0x18, 0xA2, 0x2D,
    0xB6, 0xB8, 0x06, 0x29, 0x45, 0x5A, 0x8A, 0x54, 0x49, 0x33, 0x05, 0x05, 0x91, 0x80, 0x97, 0xE7,
    0x61, 0x38, 0x36, 0x77, 0x9B, 0x43, 0x8B, 0x67, 0x3C, 0x63, 0x3F, 0xDB, 0xCF, 0x66, 0x6F, 0x9A,
    0xC6, 0x96, 0x40, 0xCD, 0xD7, 0x56, 0x80, 0xE8, 0x7B, 0xD7, 0x34, 0x4D, 0xED, 0x00, 0x74, 0x4F,
    0x84, 0x5E, 0xF0, 0xF9, 0xAC, 0x0A, 0x9F, 0xF1, 0x7F, 0xAB, 0x14, 0x9D, 0x54, 0xB5, 0x40, 0x8E,
    0xB3, 0x24, 0xA3, 0xE4, 0x83, 0x98, 0x59, 0x4A, 0x05, 0xE7, 0x8F, 0xE1, 0xA4, 0x58, 0x24, 0x1D,
    0xE4, 0x40, 0x89, 0x36, 0x47, 0x97, 0xA3, 0xA7, 0xCC, 0xD0, 0x26, 0xB8, 0xF0, 0xF2, 0x62, 0x3A,
    0x29, 0x5B, 0x39, 0xCC, 0x92, 0xA1, 0xCE, 0xD1, 0x1A, 0x74, 0x46, 0x8D, 0xDB, 0x14, 0xF6, 0x00,
    0x49, 0x26, 0x49, 0x83, 0xD9, 0x1A, 0x8D, 0x0B, 0xF7, 0x55, 0x4D, 0x27, 0xD0, 0x8D, 0x20, 0x8E,
    0x30, 0x8C, 0x91, 0x0F, 0xB4, 0x34, 0x73, 0xC6, 0x53, 0xD0, 0xB9, 0x84, 0x41, 0x5B, 0xE1, 0x7D,
    0xDC, 0x15, 0x4B, 0x06, 0x9B, 0x0E, 0x34, 0xA7, 0x69, 0x65, 0x53, 0x7C, 0xD3, 0x64, 0xBE, 0xC3,
    0xE7, 0xF8, 0x81, 0x21, 0xEC, 0x32, 0x9C, 0xE0, 0x13, 0xDC, 0xE3, 0x19, 0xB2, 0x57, 0xE4, 0x2E,
    0x1B, 0x78, 0x9A, 0xF7, 0x9A, 0xA8, 0xB3, 0x19, 0x3E, 0x6A, 0x8E, 0x67, 0x78, 0x43, 0x00, 0x8A,
    0xB3, 0x42, 0x9D, 0xD0, 0xA7, 0x78, 0x83, 0x56, 0x63, 0xD4, 0x74, 0x82, 0x84, 0x90, 0x04, 0x20,
    0x59, 0xED, 0x96, 0xB7, 0x28, 0x4F, 0x7C, 0x8A, 0x49, 0x65, 0x79, 0x29, 0x47, 0x95, 0xD5, 0xA0,
    0xD2, 0x79, 0xEA, 0xCA, 0x33, 0xAB, 0xD8, 0x65, 0xE0, 0xBE, 0x6E, 0xBE, 0xE0, 0x57, 0x23, 0x92,
    0xA0, 0x15, 0x95, 0x64, 0x85, 0x14, 0x5B, 0x4A, 0x56, 0xFF, 0x28, 0xF3, 0x65, 0x97, 0x57, 0x02,
    0x3E, 0x09, 0xB5, 0x49, 0x39, 0x40, 0x33, 0x3C, 0x46, 0xE8, 0x4B, 0xF9, 0x6F, 0x98, 0x44, 0x33,
    0x99, 0xD2, 0x0B, 0x99, 0x85, 0xA9, 0x78, 0xDD, 0xB8, 0xA5, 0xF9, 0xF4, 0x3C, 0x4C, 0xA8, 0xA5,
    0x5B, 0x2B, 0xBA, 0xAC, 0xEB, 0x4E, 0x6B, 0xB1, 0x4F, 0x02, 0x5E, 0xAF, 0xA8, 0xEA, 0x79, 0x45,
    0x3A, 0x39, 0xC4, 0xC5, 0x8A, 0xD2, 0x11, 0xA3, 0xDF, 0x5E, 0xD5, 0xF5, 0x5C, 0xEF, 0xD5, 0x4E,
    0xED, 0x39, 0x7F, 0x45, 0xCD, 0x16, 0x90, 0x00, 0xED, 0x30, 0xA7, 0xF2, 0xA8, 0xED, 0x66, 0xEC,
    0xB7, 0x18, 0xCD, 0xBE, 0x6E, 0xE7, 0x9B, 0xDD, 0xE6, 0x27, 0xB7, 0xCA, 0x5F, 0xB9, 0x52, 0x23,
    0x02, 0x25, 0xC7, 0x75, 0xAB, 0x92, 0xEA, 0x37, 0x70, 0x08, 0xB9, 0x2A, 0xC5, 0x64, 0x80, 0xE9,
    0x45, 0xC3, 0x12, 0x8E, 0x83, 0x33, 0x47, 0xAD, 0xF2, 0x29, 0xC4, 0x8C, 0x51, 0x73, 0xFC, 0x00,
    0x76, 0xC8, 0xA0, 0x85, 0xB2, 0x83, 0xD6, 0x65, 0xCB, 0x31, 0x14, 0x1E, 0xB4, 0xC5, 0x4D, 0xE9,
    0x22, 0x8F, 0x98, 0x4C, 0x71, 0x92, 0x0F, 0xDC, 0xDE, 0x58, 0x8D, 0xD7, 0x17, 0x83, 0x81, 0x67,
    0x1E, 0x93, 0xE6, 0x62, 0x2B, 0xB2, 0x30, 0x09, 0x19, 0xA0, 0xE3, 0x4F, 0xE1, 0x84, 0x73, 0xC7,
    0x79, 0x59, 0x19, 0xD5, 0x76, 0xDD, 0x23, 0xE4, 0x2F, 0xD9, 0x9C, 0x53, 0x3F, 0xA1, 0x86, 0x26,
    0x61, 0x46, 0x82, 0x52, 0x5B, 0x53, 0x2A, 0xBD, 0x19, 0xC4, 0x9D, 0x67, 0x29, 0x7C, 0x48, 0x87,
    0x8B, 0x7B, 0x98, 0x82, 0xC6, 0x52, 0x8B, 0x41, 0xF0, 0x30, 0x07, 0x4B, 0x66, 0x6D, 0xA6, 0x04,
    0xEF, 0x98, 0x3C, 0x31, 0x09, 0x91, 0xE3, 0x2B, 0x51, 0x7F, 0x6B, 0x3C, 0x9A, 0x71, 0x18, 0xE6,
    0x23, 0xE3, 0xD9, 0xD8, 0x36, 0xD0, 0x53, 0x7B, 0x12, 0x4A, 0xD5, 0x34, 0x4A, 0x9E, 0x48, 0x28,
    0xF5, 0xF6, 0x8F, 0xC8, 0xAB, 0x45, 0x6B, 0x0E, 0x0C, 0x7A, 0x22, 0xB5, 0x2C, 0x83, 0xD1, 0x27,
    0x1A, 0x78, 0x42, 0xA9, 0x6A, 0xA5, 0x5C, 0x94, 0x65, 0xC6, 0x22, 0xE5, 0xFC, 0x47, 0xA1, 0x69,
    0x4F, 0x17, 0x1F, 0xEC, 0xA4, 0x9C, 0xF7, 0xB5, 0x08, 0x46, 0x36, 0x38, 0x26, 0x0C, 0xA5, 0x20,
    0xC2, 0x70, 0x97, 0x60, 0x8E, 0xFF, 0x04, 0x3C, 0x4A, 0x79, 0x6D, 0xA8, 0x56, 0xB1, 0x55, 0xB1,
    0x81, 0xD9, 0xAA, 0xC6, 0x96, 0xC5, 0x5E, 0xAD, 0x4D, 0x8A, 0xDD, 0x89, 0x6D, 0xC9, 0xC3, 0x94,
    0x6B, 0xC1, 0x71, 0x40, 0x77, 0xC3, 0x97, 0xA0, 0xD6, 0x11, 0x8A, 0xB3, 0x13, 0x0D, 0x5F, 0x80,
    0xBA, 0x1A, 0x33, 0x42, 0xFD, 0x05, 0x63, 0x60, 0xE0, 0xFF, 0xC3, 0xC0, 0x60, 0x0F, 0xC4, 0xFF,
    0x7F, 0x30, 0x30, 0xFF, 0xFF, 0xC2, 0xC0, 0xFF, 0xFF, 0x03, 0x83, 0xFD, 0xFD, 0x0F, 0x0C, 0xFF,
    0xE3, 0x3F, 0x30, 0xFF, 0xD5, 0x7F, 0xC0, 0xFF, 0xB3, 0xFE, 0x89, 0xFE, 0xFF, 0xFF, 0x7F, 0x81,
    0xF8, 0x8F, 0x3D, 0x10, 0x33, 0x30, 0xEC, 0x6F, 0x00, 0xAA, 0x75, 0x00, 0x62, 0x06, 0x00, 0x5D,
    0x90, 0x31, 0x0E, 0x82, 0x50, 0x10, 0x44, 0x47, 0x49, 0xB4, 0xA0, 0xC0, 0xC6, 0xCA, 0xE2, 0x1F,
    0x81, 0x23, 0xC0, 0xCD, 0xF4, 0x08, 0xDE, 0xE8, 0xDB, 0xDB, 0x70, 0x04, 0x6B, 0x2B, 0x0B, 0x0A,
    0x34, 0xC0, 0x38, 0xF3, 0xBF, 0x98, 0x28, 0xC5, 0xBE, 0x84, 0x9D, 0xDD, 0xD9, 0xF9, 0x00, 0xB0,
    0x66, 0xA7, 0x8A, 0x62, 0xC1, 0x45, 0xB5, 0x21, 0x67, 0xE1, 0x48, 0x4E, 0x42, 0x24, 0x47, 0xF7,
    0x2A, 0xE2, 0x8B, 0x7D, 0x1B, 0xE8, 0xD9, 0x31, 0x48, 0x18, 0xC8, 0x7A, 0x4A, 0x72, 0x09, 0x57,
    0x4C, 0x28, 0x38, 0x1C, 0x38, 0xA0, 0xE4, 0x65, 0x2D, 0x54, 0x6C, 0xC1, 0x1E, 0x9E, 0xE1, 0x03,
    0x16, 0x2F, 0xB8, 0xA1, 0x99, 0x34, 0x93, 0xE0, 0x1B, 0x9A, 0xD9, 0x33, 0xA8, 0xD9, 0xD6, 0x42,
    0xE0, 0x8B, 0x42, 0xE5, 0x9D, 0x27, 0x6C, 0x33, 0xE4, 0x70, 0xD5, 0x3E, 0x84, 0x67, 0x69, 0xE4,
    0xCF, 0xE6, 0xDA, 0x12, 0x8D, 0x0E, 0xAE, 0x29, 0x09, 0x36, 0x7C, 0xA6, 0x7E, 0x64, 0x0A, 0x58,
    0xEA, 0xFF, 0x90, 0x13, 0xA6, 0x88, 0xE4, 0x9D, 0x29, 0xC8, 0x20, 0xAF, 0x56, 0x0E, 0x1D, 0x8A,
    0xB3, 0x33, 0x9E, 0x3C, 0xE4, 0x2C, 0x7E, 0x81, 0xED, 0x67, 0xCA, 0x77, 0x3C, 0xDC, 0x68, 0xC6,
    0xEC, 0xFA, 0xC7, 0x32, 0xCB, 0xFD, 0x20, 0x3D, 0xB2, 0xCB, 0xED, 0x57, 0xA7, 0xF6, 0x4E, 0xAC,
    0xE5, 0x79, 0x74, 0x04, 0x3F, 0x4F, 0xEF, 0xC5, 0x73, 0xB4, 0xB4, 0x58, 0xEE, 0xFE, 0x9C, 0x27,
    0x61, 0xDE, 0xB4, 0x8A, 0x2F, 0xD5, 0x37, 0xD5, 0x54, 0x3B, 0x8E, 0xDB, 0x30, 0x10, 0x1D, 0x5B,
    0x59, 0xA9, 0x70, 0xA1, 0x03, 0xA4, 0x50, 0x1B, 0x20, 0x05, 0x8F, 0x20, 0xE7, 0x0E, 0x49, 0x95,
    0x36, 0x45, 0x80, 0x14, 0x3E, 0x02, 0x75, 0x04, 0x9F, 0xC3, 0xCD, 0x1E, 0x81, 0x3A, 0x82, 0x6F,
    0x10, 0x21, 0xC8, 0x16, 0x41, 0x1A, 0x15, 0x2A, 0x24, 0x40, 0xE2, 0xCB, 0x7C, 0x68, 0xAF, 0xD7,
    0x58, 0xEF, 0x62, 0xCB, 0x10, 0xD0, 0x23, 0x24, 0xCE, 0xBC, 0x79, 0xF3, 0xA1, 0xA8, 0x7E, 0x20,
    0xA2, 0x1A, 0x9D, 0xC0, 0x22, 0x80, 0x86, 0x3E, 0x02, 0x47, 0xA2, 0x02, 0x3D, 0x1F, 0xF9, 0x91,
    0xA1, 0x9A, 0x19, 0x4A, 0x3E, 0xA6, 0x22, 0xD2, 0xFB, 0x98, 0xC5, 0x15, 0xF0, 0x0B, 0x05, 0x10,
    0x51, 0x81, 0x57, 0x2D, 0xE0, 0x23, 0x01, 0x61, 0x14, 0x8A, 0x9E, 0x2A, 0x85, 0x28, 0xB0, 0x60,
    0x20, 0x37, 0x87, 0x99, 0xEA, 0xD9, 0xE3, 0x13, 0x06, 0xC7, 0xB6, 0x7D, 0xC9, 0xD0, 0x66, 0x0C,
    0x44, 0x01, 0x1C, 0x22, 0x3F, 0x6C, 0xE9, 0x20, 0xAB, 0x11, 0x2A, 0xB4, 0xCF, 0x60, 0x4B, 0xF4,
    0x3F, 0x20, 0x5D, 0x2C, 0xAD, 0x4B, 0x7F, 0x0B, 0x1D, 0xC4, 0xA6, 0x54, 0x97, 0x4C, 0x3A, 0xC0,
    0xEE, 0x52, 0x6D, 0xF2, 0x52, 0x69, 0x2E, 0xE1, 0x96, 0x71, 0xA3, 0xC7, 0x6B, 0xED, 0x05, 0x61,
    0x56, 0xD6, 0x68, 0x7E, 0x8D, 0x1A, 0x35, 0xE7, 0x2F, 0x7A, 0x9A, 0xA9, 0xA5, 0x79, 0x39, 0x65,
    0x30, 0x36, 0x65, 0xB6, 0x28, 0x65, 0x3A, 0x7C, 0x5D, 0xE1, 0x65, 0x2E, 0x5E, 0xBB, 0x70, 0x0B,
    0xC5, 0x62, 0xF5, 0x45, 0x0D, 0x0B, 0x15, 0x43, 0xA5, 0x6A, 0x25, 0x37, 0x98, 0xB7, 0xA6, 0x97,
    0xCA, 0x93, 0x69, 0x68, 0xDA, 0x2C, 0x97, 0x86, 0xB5, 0x45, 0x0B, 0x47, 0xA5, 0xD2, 0xB4, 0xAE,
    0x0C, 0xAB, 0xF1, 0xD2, 0xD0, 0xA8, 0xD6, 0x9A, 0xE2, 0xC9, 0xF0, 0x85, 0x98, 0xC9, 0xF0, 0xA9,
    0xB8, 0x44, 0xB5, 0xE9, 0xEA, 0x19, 0x0B, 0x0F, 0x73, 0x0C, 0x4B, 0x3D, 0xE6, 0x7B, 0xFD, 0x78,
    0xD8, 0x9B, 0x90, 0xA3, 0x79, 0x27, 0xE1, 0x69, 0x33, 0xAE, 0xA4, 0x2E, 0xC5, 0x36, 0xE6, 0xCA,
    0xB4, 0xBA, 0x14, 0x20, 0x6D, 0xA6, 0xDC, 0x9B, 0xAE, 0x90, 0x12, 0x48, 0x5B, 0x77, 0x15, 0xC7,
    0xA3, 0xCF, 0x74, 0x1B, 0x33, 0xAE, 0x82, 0xC7, 0x5C, 0x70, 0x38, 0x8F, 0x45, 0xE2, 0x70, 0xB1,
    0x4B, 0x68, 0x4C, 0x8D, 0x93, 0xE1, 0x7E, 0x56, 0x2F, 0x1B, 0x0C, 0xD8, 0xF8, 0x00, 0x83, 0x35,
    0xAC, 0xB7, 0x0E, 0xF7, 0x36, 0x4D, 0x9D, 0x4D, 0xCD, 0x91, 0xCE, 0xF3, 0xC1, 0x1D, 0xDB, 0x9E,
    0xFB, 0xBB, 0x0A, 0x03, 0xF9, 0x89, 0x4F, 0xC0, 0xD7, 0xB2, 0xE1, 0x4B, 0xFA, 0x13, 0xE8, 0x74,
    0x0C, 0xD0, 0x87, 0xCE, 0xA1, 0x73, 0x63, 0x68, 0x37, 0x68, 0xCA, 0xF3, 0xD6, 0x7B, 0x0C, 0xF5,
    0x98, 0x4C, 0x92, 0xC3, 0x06, 0x91, 0xD5, 0x34, 0xAB, 0xF0, 0x9B, 0x76, 0xD3, 0xE3, 0xF0, 0xB8,
    0x8E, 0x33, 0x5C, 0x58, 0x2F, 0xB8, 0x99, 0xA0, 0x72, 0x88, 0x54, 0x0D, 0xDF, 0xC9, 0xF5, 0xD6,
    0x83, 0x27, 0xCF, 0xF0, 0x86, 0x67, 0xBC, 0x7A, 0x37, 0x8E, 0x0F, 0xFC, 0x84, 0xBA, 0x23, 0x84,
    0x96, 0xE4, 0x7F, 0xC6, 0x7F, 0x26, 0x0E, 0xC7, 0x32, 0x3E, 0x6B, 0xD7, 0x9A, 0xB2, 0xA9, 0x30,
    0x56, 0x3A, 0xE3, 0x0A, 0x9D, 0xFF, 0xCB, 0x7F, 0x3C, 0xDF, 0x3A, 0x34, 0xEB, 0xED, 0x9A, 0x65,
    0x7F, 0xA3, 0x77, 0x24, 0x39, 0xEE, 0xD9, 0xCE, 0x3D, 0x6F, 0xD7, 0xAC, 0x35, 0xBD, 0x3B, 0x9D,
    0x79, 0xA7, 0x4D, 0xF7, 0x63, 0x6A, 0xAB, 0x56, 0x64, 0x7B, 0x0B, 0xB9, 0x12, 0xDD, 0x69, 0x96,
    0x5E, 0xB6, 0x2C, 0xF4, 0x16, 0x94, 0x76, 0x51, 0x2F, 0x42, 0x3C, 0xAE, 0x9D, 0xF4, 0x6F, 0x27,
    0xE3, 0xB8, 0x13, 0xE6, 0x9D, 0x78, 0xED, 0x4E, 0x0C, 0x71, 0xCF, 0xFC, 0x7F, 0x74, 0x20, 0xF6,
    0x8A, 0x78, 0xB0, 0x88, 0x91, 0x72, 0x53, 0x92, 0x2B, 0xD2, 0x5D, 0xD0, 0x81, 0x5E, 0x05, 0x9D,
    0x86, 0xFC, 0x35, 0xFD, 0xBA, 0xAC, 0xB9, 0x98, 0x6C, 0xE0, 0x26, 0xE3, 0x9F, 0x8C, 0x7F, 0xA2,
    0x3C, 0x98, 0xE5, 0x0F, 0xC5, 0x5C, 0xF8, 0xBF, 0xCA, 0x97, 0x7B, 0x39, 0x56, 0x1B, 0xD1, 0x26,
    0xB2, 0x92, 0x36, 0xBD, 0x6C, 0x76, 0xF1, 0x5E, 0x8E, 0xFE, 0x0F, 0x6D, 0x93, 0xBD, 0x71, 0xC2,
    0x40, 0x10, 0x85, 0x17, 0x18, 0xEC, 0x80, 0x80, 0x12, 0x94, 0x3B, 0x51, 0x09, 0xC2, 0x2E, 0xC7,
    0x4D, 0x9C, 0x18, 0x37, 0xE0, 0x12, 0x08, 0x8D, 0x12, 0x97, 0x20, 0xCD, 0xB8, 0x01, 0x95, 0x40,
    0x09, 0x04, 0x0A, 0x18, 0x8F, 0xA4, 0xF5, 0xDB, 0x3F, 0x09, 0x0D, 0xBE, 0x80, 0x77, 0x83, 0x6E,
    0xF7, 0xF6, 0x7B, 0xBB, 0x47, 0xB4, 0xAA, 0x4A, 0x7A, 0x3F, 0x11, 0x25, 0x6E, 0x32, 0xBE, 0xD2,
    0x9A, 0xB9, 0x4C, 0xD0, 0x0D, 0x94, 0xA1, 0x3B, 0xE6, 0x57, 0xE6, 0x0B, 0xED, 0xF9, 0xB0, 0x81,
    0x50, 0xC6, 0xF8, 0xD4, 0x10, 0xE5, 0x23, 0x3D, 0x8B, 0x16, 0x03, 0x8E, 0x94, 0xD0, 0x1E, 0x7A,
    0xC0, 0x67, 0x5D, 0x87, 0xDC, 0x94, 0x8A, 0x85, 0x8E, 0xF4, 0xC2, 0xBF, 0x55, 0x3D, 0x9E, 0x69,
    0x85, 0xD4, 0x08, 0x81, 0x5E, 0x54, 0xD7, 0xDC, 0x52, 0xBA, 0x91, 0xE6, 0xAE, 0x3B, 0x53, 0x1C,
    0xC1, 0x1D, 0xA5, 0x2A, 0x72, 0x4B, 0x88, 0x94, 0xB1, 0x96, 0x32, 0xF6, 0x52, 0x46, 0xFB, 0x58,
    0x4E, 0x3E, 0x68, 0x48, 0x94, 0x23, 0x8A, 0xA3, 0xBE, 0x12, 0xFE, 0xD8, 0x56, 0x47, 0x89, 0x4F,
    0xFC, 0x63, 0xB0, 0x1F, 0x90, 0x67, 0x13, 0x45, 0x6D, 0xE5, 0x0A, 0x39, 0x99, 0x59, 0x18, 0x12,
    0xCB, 0x02, 0xA6, 0x4A, 0x2F, 0xBF, 0x06, 0x49, 0xF9, 0x1D, 0xDA, 0x18, 0xA2, 0x80, 0x43, 0xF0,
    0x39, 0x9E, 0xD3, 0x39, 0x9C, 0xB3, 0x39, 0x9A, 0x93, 0x39, 0x98, 0x73, 0x39, 0x96, 0x53, 0x39,
    0x94, 0x33, 0x4D, 0x48, 0x5B, 0x74, 0x8E, 0xB4, 0x71, 0x44, 0xDA, 0x37, 0x12, 0xBF, 0xF8, 0x68,
    0x28, 0x6F, 0xD6, 0xB4, 0xF5, 0x22, 0x9B, 0x48, 0x31, 0x68, 0x52, 0xCD, 0x56, 0x02, 0xA5, 0xDF,
    0x6B, 0xBB, 0x20, 0xC2, 0x70, 0xCB, 0x54, 0xBA, 0x4C, 0x51, 0x4E, 0x88, 0x51, 0x94, 0x61, 0x81,
    0xD2, 0x1B, 0x8A, 0x11, 0x71, 0x77, 0x87, 0x42, 0x86, 0x62, 0x44, 0x38, 0x7C, 0xB5, 0xCB, 0xC7,
    0x4F, 0xBD, 0x9C, 0x5B, 0xA0, 0xA0, 0xD2, 0x46, 0x7C, 0x74, 0xC9, 0xB4, 0x7C, 0x5D, 0x3B, 0x34,
    0xC6, 0xC6, 0x51, 0x3E, 0xD8, 0x40, 0xD6, 0x43, 0x8C, 0x24, 0x76, 0x3E, 0x94, 0xF5, 0x10, 0x63,
    0xA9, 0x5E, 0xE8, 0x60, 0x22, 0x36, 0x66, 0x61, 0x9E, 0x86, 0x79, 0x3C, 0xE7, 0x89, 0x88, 0x11,
    0x95, 0x62, 0x62, 0xD7, 0x14, 0xFF, 0xEC, 0x6C, 0x54, 0xAB, 0x6F, 0x2E, 0xBD, 0x99, 0xCA, 0x75,
    0x71, 0xFF, 0xBD, 0xA5, 0x7B, 0x8E, 0xAE, 0x66, 0x63, 0x34, 0xD6, 0xDB, 0x65, 0xB6, 0x79, 0x7B,
    0x2D, 0x5C, 0x3A, 0x9C, 0xFA, 0x68, 0x32, 0xFC, 0xF3, 0x92, 0x61, 0xA1, 0x97, 0xBC, 0x0C, 0xEF,
    0x2D, 0x7C, 0xBE, 0x13, 0x06, 0x4D, 0x0F, 0x76, 0x7A, 0xB2, 0x34, 0x3D, 0x5A, 0x0A, 0x87, 0x34,
    0x52, 0x1D, 0x4A, 0x93, 0x43, 0x69, 0xBA, 0xAE, 0x9E, 0xAF, 0xEB, 0xC2, 0xA1, 0xBB, 0xEB, 0xAE,
    0xEE, 0x10, 0x26, 0xC8, 0x1D, 0x42, 0xB5, 0x45, 0xEC, 0xDC, 0xA1, 0x71, 0x13, 0x0E, 0x9D, 0x91,
    0x68, 0x15, 0xE1, 0xE5, 0x54, 0xED, 0xE1, 0xD1, 0x21, 0x0E, 0x87, 0xB2, 0x31, 0x10, 0xF3, 0xD9,
    0xA1, 0x21, 0x1C, 0x2A, 0x26, 0x87, 0x50, 0xBC, 0x07, 0x25, 0xFE, 0xF2, 0x92, 0x6B, 0xBE, 0xB9,
    0x43, 0x89, 0xBB, 0x78, 0x12, 0xBA, 0x93, 0x57, 0xF1, 0xC4, 0xD7, 0x3F, 0x35, 0xCE, 0xB1, 0x09,
    0x80, 0x30, 0x14, 0x04, 0xD0, 0x4B, 0x02, 0xA2, 0x92, 0x01, 0x1C, 0x20, 0x03, 0x64, 0x04, 0x47,
    0xC9, 0x08, 0x8E, 0xE0, 0x08, 0x6E, 0xE4, 0x89, 0x95, 0x60, 0x61, 0x69, 0x69, 0xE1, 0x00, 0x6E,
    0x10, 0x2F, 0x88, 0xC5, 0x3D, 0x7E, 0xF1, 0xB9, 0xFF, 0xE7, 0x9C, 0x33, 0x2F, 0xC0, 0xF0, 0x01,
    0x1C, 0x4F, 0xA0, 0xE1, 0x06, 0x78, 0xAE, 0x40, 0xE4, 0x32, 0x22, 0x91, 0x84, 0x92, 0x6C, 0x4F,
    0x06, 0xA7, 0xD1, 0x7B, 0xD1, 0x76, 0xC2, 0x45, 0x61, 0x0E, 0x81, 0x82, 0x1B, 0x44, 0x15, 0xFE,
    0x95, 0x50, 0x89, 0x68, 0xC5, 0xA8, 0xA8, 0x6A, 0xFA, 0x4A, 0x55, 0xDF, 0x71, 0x07, 0x6A, 0xDE,
    0xE5, 0xA4, 0x8E, 0x5B, 0xE6, 0xF2, 0xC6, 0x0B,
};

static const EpdGlyph lexica_19_bolditalicGlyphs[] = {
    { 0, 0, 0, 0, 0, 0, 0 }, // U+000D
    { 0, 0, 203, 0, 0, 0, 0 }, // U+0020
    { 14, 26, 189, -1, 26, 91, 0 }, // !
    { 14, 9, 281, 4, 26, 32, 91 }, // "
    { 30, 26, 475, 0, 26, 195, 123 }, // #
    { 25, 33, 407, 0, 30, 207, 318 }, // $
    { 38, 26, 660, 2, 26, 247, 525 }, // %
    { 28, 28, 433, -1, 28, 196, 772 }, // &
    { 7, 9, 163, 3, 26, 16, 968 }, // '
    { 16, 32, 239, 0, 26, 128, 984 }, // (
    { 16, 32, 239, -2, 26, 128, 1112 }, // )
    { 13, 14, 281, 3, 27, 46, 1240 }, // *
    { 21, 19, 408, 1, 19, 100, 1286 }, // +
    { 10, 13, 179, -2, 7, 33, 1386 }, // ,
    { 15, 5, 238, 0, 12, 19, 1419 }, // -
    { 9, 8, 156, -1, 8, 18, 1438 }, // .
    { 23, 26, 280, -3, 26, 150, 1456 }, // /
    { 24, 26, 417, 1, 26, 156, 1606 }, // 0
    { 15, 26, 288, 2, 26, 98, 1762 }, // 1
    { 25, 26, 372, -2, 26, 163, 1860 }, // 2
    { 23, 26, 392, 0, 26, 150, 2023 }, // 3
    { 25, 26, 409, -1, 26, 163, 2173 }, // 4
    { 24, 26, 390, 0, 26, 156, 2336 }, // 5
    { 22, 26, 398, 1, 26, 143, 2492 }, // 6
    { 24, 26, 355, 0, 26, 156, 2635 }, // 7
    { 22, 26, 395, 0, 26, 143, 2791 }, // 8
    { 20, 26, 365, 2, 26, 130, 2934 }, // 9
    { 12, 20, 156, -2, 20, 60, 3064 }, // :
    { 13, 27, 156, -3, 20, 88, 3124 }, // ;
    { 20, 21, 405, 1, 20, 105, 3212 }, // <
    { 21, 12, 434, 2, 16, 63, 3317 }, // =
    { 20, 21, 404, 3, 20, 105, 3380 }, // >
    { 22, 26, 401, 3, 26, 143, 3485 }, // ?
    { 28, 26, 477, 1, 26, 182, 3628 }, // @
    { 28, 26, 442, -3, 26, 182, 3810 }, // A
    { 27, 26, 407, -1, 26, 176, 3992 }, // B
    { 26, 26, 426, 1, 26, 169, 4168 }, // C
    { 28, 26, 437, -1, 26, 182, 4337 }, // D
    { 27, 26, 369, -1, 26, 176, 4519 }, // E
    { 25, 26, 345, -1, 26, 163, 4695 }, // F
    { 27, 26, 464, 1, 26, 176, 4858 }, // G
    { 30, 26, 440, -1, 26, 195, 5034 }, // H
    { 20, 26, 291, -1, 26, 130, 5229 }, // I
    { 26, 26, 358, -2, 26, 169, 5359 }, // J
    { 30, 26, 416, -1, 26, 195, 5528 }, // K
    { 21, 26, 344, -1, 26, 137, 5723 }, // L
    { 36, 26, 543, -1, 26, 234, 5860 }, // M
    { 31, 26, 453, -1, 26, 202, 6094 }, // N
    { 28, 26, 483, 1, 26, 182, 6296 }, // O
    { 27, 26, 398, -1, 26, 176, 6478 }, // P
    { 29, 30, 490, 1, 28, 218, 6654 }, // Q
    { 26, 26, 408, -1, 26, 169, 6872 }, // R
    { 24, 26, 407, 0, 26, 156, 7041 }, // S
    { 25, 26, 391, 2, 26, 163, 7197 }, // T
    { 27, 26, 430, 1, 26, 176, 7360 }, // U
    { 26, 26, 419, 3, 26, 169, 7536 }, // V
    { 35, 26, 563, 3, 26, 228, 7705 }, // W
    { 34, 26, 447, -3, 26, 221, 7933 }, // X
    { 28, 26, 443, 3, 26, 182, 8154 }, // Y
    { 29, 26, 400, -2, 26, 189, 8336 }, // Z
    { 18, 32, 215, -3, 26, 144, 8525 }, // [
    { 17, 26, 370, 3, 26, 111, 8669 }, // <backslash>
    { 18, 32, 217, -3, 26, 144, 8780 }, // ]
    { 21, 14, 373, 1, 26, 74, 8924 }, // ^
    { 18, 5, 289, -2, 0, 23, 8998 }, // _
    { 8, 6, 199, 5, 29, 12, 9021 }, // `
    { 21, 20, 345, -1, 20, 105, 9033 }, // a
    { 23, 26, 375, -1, 26, 150, 9138 }, // b
    { 21, 20, 336, 0, 20, 105, 9288 }, // c
    { 25, 26, 375, 0, 26, 163, 9393 }, // d
    { 21, 20, 359, 0, 20, 105, 9556 }, // e
    { 18, 29, 240, 0, 29, 131, 9661 }, // f
    { 24, 29, 376, -1, 20, 174, 9792 }, // g
    { 22, 26, 367, -1, 26, 143, 9966 }, // h
    { 14, 30, 214, 1, 30, 105, 10109 }, // i
    { 19, 36, 167, -7, 30, 171, 10214 }, // j
    { 25, 26, 356, -1, 26, 163, 10385 }, // k
    { 11, 26, 201, 0, 26, 72, 10548 }, // l
    { 35, 20, 567, -1, 20, 175, 10620 }, // m
    { 22, 20, 367, -1, 20, 110, 10795 }, // n
    { 22, 20, 365, 0, 20, 110, 10905 }, // o
    { 25, 26, 374, -3, 20, 163, 11015 }, // p
    { 25, 26, 381, 0, 20, 163, 11178 }, // q
    { 17, 20, 248, -1, 20, 85, 11341 }, // r
    { 20, 20, 326, -1, 20, 100, 11426 }, // s
    { 15, 25, 248, 1, 25, 94, 11526 }, // t
    { 23, 19, 366, 0, 19, 110, 11620 }, // u
    { 22, 19, 338, 1, 19, 105, 11730 }, // v
    { 30, 19, 460, 1, 19, 143, 11835 }, // w
    { 26, 19, 339, -3, 19, 124, 11978 }, // x
    { 25, 25, 334, -2, 19, 157, 12102 }, // y
    { 24, 19, 334, -2, 19, 114, 12259 }, // z
    { 18, 32, 236, -1, 26, 144, 12373 }, // {
    { 7, 32, 189, 2, 26, 56, 12517 }, // |
    { 17, 32, 236, -3, 26, 136, 12573 }, // }
    { 20, 9, 338, 0, 15, 45, 12709 }, // ~
    { 0, 0, 203, 0, 0, 0, 0 }, // U+00A0
    { 14, 26, 188, -3, 20, 91, 0 }, // U+00A1
    { 21, 26, 336, 0, 23, 137, 91 }, // U+00A2
    { 26, 26, 391, 0, 26, 169, 228 }, // U+00A3
    { 21, 21, 429, 3, 23, 111, 397 }, // U+00A4
    { 28, 26, 443, 3, 26, 182, 508 }, // U+00A5
    { 6, 32, 178, 2, 26, 48, 690 }, // U+00A6
    { 26, 32, 357, -3, 26, 208, 738 }, // U+00A7
    { 14, 6, 288, 5, 29, 21, 946 }, // U+00A8
    { 28, 27, 515, 2, 27, 189, 967 }, // U+00A9
    { 13, 12, 250, 3, 28, 39, 1156 }, // U+00AA
    { 25, 16, 421, 1, 18, 100, 1195 }, // U+00AB
    { 22, 15, 441, 2, 17, 83, 1295 }, // U+00AC
    { 15, 5, 238, 0, 12, 19, 1378 }, // U+00AD
    { 28, 27, 515, 2, 27, 189, 1397 }, // U+00AE
    { 13, 4, 256, 4, 26, 13, 1586 }, // U+00AF
    { 14, 13, 260, 3, 27, 46, 1599 }, // U+00B0
    { 21, 19, 444, 2, 19, 100, 1645 }, // U+00B1
    { 15, 15, 258, 2, 31, 57, 1745 }, // U+00B2
    { 14, 15, 269, 3, 31, 53, 1802 }, // U+00B3
    { 10, 6, 203, 4, 29, 15, 1855 }, // U+00B4
    { 26, 25, 379, -3, 19, 163, 1870 }, // U+00B5
    { 21, 32, 336, 2, 26, 168, 2033 }, // U+00B6
    { 9, 8, 193, 1, 14, 18, 2201 }, // U+00B7
    { 10, 9, 204, -2, 1, 23, 2219 }, // U+00B8
    { 10, 15, 186, 4, 31, 38, 2242 }, // U+00B9
    { 13, 12, 261, 4, 28, 39, 2280 }, // U+00BA
    { 25, 16, 422, -1, 18, 100, 2319 }, // U+00BB
    { 31, 26, 589, 3, 26, 202, 2419 }, // U+00BC
    { 31, 26, 582, 3, 26, 202, 2621 }, // U+00BD
    { 33, 27, 607, 2, 27, 223, 2823 }, // U+00BE
    { 22, 26, 401, -1, 20, 143, 3046 }, // U+00BF
    { 28, 36, 442, -3, 36, 252, 3189 }, // U+00C0
    { 28, 36, 442, -3, 36, 252, 3441 }, // U+00C1
    { 29, 35, 442, -3, 35, 254, 3693 }, // U+00C2
    { 29, 34, 442, -3, 34, 247, 3947 }, // U+00C3
    { 28, 35, 442, -3, 35, 245, 4194 }, // U+00C4
    { 28, 34, 442, -3, 34, 238, 4439 }, // U+00C5
    { 46, 26, 643, -3, 26, 299, 4677 }, // U+00C6
    { 26, 34, 426, 1, 26, 221, 4976 }, // U+00C7
    { 27, 36, 369, -1, 36, 243, 5197 }, // U+00C8
    { 27, 36, 369, -1, 36, 243, 5440 }, // U+00C9
    { 27, 35, 369, -1, 35, 237, 5683 }, // U+00CA
    { 27, 35, 369, -1, 35, 237, 5920 }, // U+00CB
    { 20, 36, 291, -1, 36, 180, 6157 }, // U+00CC
    { 20, 36, 291, -1, 36, 180, 6337 }, // U+00CD
    { 22, 35, 291, -1, 35, 193, 6517 }, // U+00CE
    { 21, 35, 291, -1, 35, 184, 6710 }, // U+00CF
    { 28, 26, 467, 0, 26, 182, 6894 }, // U+00D0
    { 31, 34, 453, -1, 34, 264, 7076 }, // U+00D1
    { 28, 36, 483, 1, 36, 252, 7340 }, // U+00D2
    { 28, 36, 483, 1, 36, 252, 7592 }, // U+00D3
    { 28, 36, 483, 1, 36, 252, 7844 }, // U+00D4
    { 28, 34, 483, 1, 34, 238, 8096 }, // U+00D5
    { 28, 36, 483, 1, 36, 252, 8334 }, // U+00D6
    { 19, 19, 391, 2, 19, 91, 8586 }, // U+00D7
    { 30, 27, 482, 0, 27, 203, 8677 }, // U+00D8
    { 27, 36, 430, 1, 36, 243, 8880 }, // U+00D9
    { 27, 36, 430, 1, 36, 243, 9123 }, // U+00DA
    { 27, 36, 430, 1, 36, 243, 9366 }, // U+00DB
    { 27, 36, 430, 1, 36, 243, 9609 }, // U+00DC
    { 28, 36, 443, 3, 36, 252, 9852 }, // U+00DD
    { 26, 26, 395, -1, 26, 169, 10104 }, // U+00DE
    { 25, 26, 400, -1, 26, 163, 10273 }, // U+00DF
    { 21, 29, 345, -1, 29, 153, 10436 }, // U+00E0
    { 21, 29, 345, -1, 29, 153, 10589 }, // U+00E1
    { 22, 29, 345, -1, 29, 160, 10742 }, // U+00E2
    { 22, 26, 345, -1, 26, 143, 10902 }, // U+00E3
    { 21, 29, 345, -1, 29, 153, 11045 }, // U+00E4
    { 21, 32, 345, -1, 32, 168, 11198 }, // U+00E5
    { 35, 20, 561, -1, 20, 175, 11366 }, // U+00E6
    { 21, 28, 336, 0, 20, 147, 11541 }, // U+00E7
    { 21, 29, 359, 0, 29, 153, 11688 }, // U+00E8
    { 21, 29, 359, 0, 29, 153, 11841 }, // U+00E9
    { 22, 29, 359, 0, 29, 160, 11994 }, // U+00EA
    { 21, 29, 359, 0, 29, 153, 12154 }, // U+00EB
    { 12, 29, 206, 1, 29, 87, 12307 }, // U+00EC
    { 14, 29, 206, 1, 29, 102, 12394 }, // U+00ED
    { 17, 29, 206, 0, 29, 124, 12496 }, // U+00EE
    { 15, 28, 206, 1, 28, 105, 12620 }, // U+00EF
    { 22, 30, 368, 0, 30, 165, 12725 }, // U+00F0
    { 24, 26, 367, -1, 26, 156, 12890 }, // U+00F1
    { 22, 29, 365, 0, 29, 160, 13046 }, // U+00F2
    { 22, 29, 365, 0, 29, 160, 13206 }, // U+00F3
    { 22, 29, 365, 0, 29, 160, 13366 }, // U+00F4
    { 22, 26, 365, 0, 26, 143, 13526 }, // U+00F5
    { 22, 29, 365, 0, 29, 160, 13669 }, // U+00F6
    { 21, 20, 408, 1, 20, 105, 13829 }, // U+00F7
    { 24, 22, 365, -1, 21, 132, 13934 }, // U+00F8
    { 23, 29, 366, 0, 29, 167, 14066 }, // U+00F9
    { 23, 29, 366, 0, 29, 167, 14233 }, // U+00FA
    { 23, 29, 366, 0, 29, 167, 14400 }, // U+00FB
    { 23, 29, 366, 0, 29, 167, 14567 }, // U+00FC
    { 25, 35, 334, -2, 29, 219, 14734 }, // U+00FD
    { 25, 32, 373, -3, 26, 200, 14953 }, // U+00FE
    { 25, 35, 334, -2, 29, 219, 15153 }, // U+00FF
    { 28, 33, 442, -3, 33, 231, 0 }, // U+0100
    { 21, 26, 345, -1, 26, 137, 231 }, // U+0101
    { 29, 35, 442, -3, 35, 254, 368 }, // U+0102
    { 22, 28, 345, -1, 28, 154, 622 }, // U+0103
    { 28, 32, 442, -3, 26, 224, 776 }, // U+0104
    { 21, 26, 345, -1, 20, 137, 1000 }, // U+0105
    { 26, 36, 426, 1, 36, 234, 1137 }, // U+0106
    { 21, 29, 336, 0, 29, 153, 1371 }, // U+0107
    { 26, 36, 426, 1, 36, 234, 1524 }, // U+0108
    { 22, 29, 336, 0, 29, 160, 1758 }, // U+0109
    { 26, 36, 426, 1, 36, 234, 1918 }, // U+010A
    { 21, 29, 336, 0, 29, 153, 2152 }, // U+010B
    { 26, 36, 426, 1, 36, 234, 2305 }, // U+010C
    { 23, 29, 336, 0, 29, 167, 2539 }, // U+010D
    { 28, 35, 437, -1, 35, 245, 2706 }, // U+010E
    { 31, 26, 413, 0, 26, 202, 2951 }, // U+010F
    { 29, 26, 472, 0, 26, 189, 3153 }, // U+0110
    { 27, 28, 404, 0, 28, 189, 3342 }, // U+0111
    { 27, 33, 369, -1, 33, 223, 3531 }, // U+0112
    { 21, 26, 359, 0, 26, 137, 3754 }, // U+0113
    { 27, 35, 369, -1, 35, 237, 3891 }, // U+0114
    { 22, 28, 359, 0, 28, 154, 4128 }, // U+0115
    { 27, 35, 369, -1, 35, 237, 4282 }, // U+0116
    { 21, 29, 359, 0, 29, 153, 4519 }, // U+0117
    { 27, 32, 369, -1, 26, 216, 4672 }, // U+0118
    { 21, 26, 359, 0, 20, 137, 4888 }, // U+0119
    { 27, 35, 369, -1, 35, 237, 5025 }, // U+011A
    { 23, 29, 359, 0, 29, 167, 5262 }, // U+011B
    { 27, 36, 464, 1, 36, 243, 5429 }, // U+011C
    { 24, 37, 376, -1, 28, 222, 5672 }, // U+011D
    { 27, 35, 464, 1, 35, 237, 5894 }, // U+011E
    { 24, 36, 376, -1, 27, 216, 6131 }, // U+011F
    { 27, 36, 464, 1, 36, 243, 6347 }, // U+0120
    { 24, 37, 376, -1, 28, 222, 6590 }, // U+0121
    { 27, 35, 464, 1, 26, 237, 6812 }, // U+0122
    { 24, 39, 376, -1, 30, 234, 7049 }, // U+0123
    { 30, 35, 440, -1, 35, 263, 7283 }, // U+0124
    { 22, 35, 367, -1, 35, 193, 7546 }, // U+0125
    { 31, 26, 469, 0, 26, 202, 7739 }, // U+0126
    { 23, 28, 408, 1, 28, 161, 7941 }, // U+0127
    { 22, 34, 291, -1, 34, 187, 8102 }, // U+0128
    { 17, 26, 206, 0, 26, 111, 8289 }, // U+0129
    { 21, 33, 291, -1, 33, 174, 8400 }, // U+012A
    { 15, 26, 206, 1, 26, 98, 8574 }, // U+012B
    { 22, 35, 291, -1, 35, 193, 8672 }, // U+012C
    { 16, 28, 206, 1, 28, 112, 8865 }, // U+012D
    { 20, 32, 291, -1, 26, 160, 8977 }, // U+012E
    { 17, 36, 214, -2, 30, 153, 9137 }, // U+012F
    { 20, 35, 291, -1, 35, 175, 9290 }, // U+0130
    { 12, 19, 206, 1, 19, 57, 9465 }, // U+0131
    { 43, 26, 649, -1, 26, 280, 9522 }, // U+0132
    { 25, 36, 381, 1, 30, 225, 9802 }, // U+0133
    { 31, 36, 358, -2, 36, 279, 10027 }, // U+0134
    { 23, 35, 167, -7, 29, 202, 10306 }, // U+0135
    { 30, 36, 416, -1, 26, 270, 10508 }, // U+0136
    { 25, 36, 356, -1, 26, 225, 10778 }, // U+0137
    { 25, 19, 356, -1, 19, 119, 11003 }, // U+0138
    { 21, 36, 344, -1, 36, 189, 11122 }, // U+0139
    { 15, 36, 201, 0, 36, 135, 11311 }, // U+013A
    { 21, 36, 344, -1, 26, 189, 11446 }, // U+013B
    { 14, 36, 201, -3, 26, 126, 11635 }, // U+013C
    { 22, 27, 344, -1, 27, 149, 11761 }, // U+013D
    { 18, 26, 218, 0, 26, 117, 11910 }, // U+013E
    { 21, 26, 344, -1, 26, 137, 12027 }, // U+013F
    { 19, 26, 307, 0, 26, 124, 12164 }, // U+0140
    { 23, 26, 377, -1, 26, 150, 12288 }, // U+0141
    { 16, 26, 217, -1, 26, 104, 12438 }, // U+0142
    { 31, 36, 453, -1, 36, 279, 12542 }, // U+0143
    { 22, 29, 367, -1, 29, 160, 12821 }, // U+0144
    { 31, 36, 453, -1, 26, 279, 12981 }, // U+0145
    { 22, 30, 367, -1, 20, 165, 13260 }, // U+0146
    { 31, 35, 453, -1, 35, 272, 13425 }, // U+0147
    { 25, 28, 367, -1, 28, 175, 13697 }, // U+0148
    { 29, 26, 530, 3, 26, 189, 13872 }, // U+0149
    { 31, 32, 453, -1, 26, 248, 14061 }, // U+014A
    { 22, 26, 367, -1, 20, 143, 14309 }, // U+014B
    { 28, 33, 483, 1, 33, 231, 14452 }, // U+014C
    { 22, 26, 365, 0, 26, 143, 14683 }, // U+014D
    { 28, 35, 483, 1, 35, 245, 14826 }, // U+014E
    { 22, 28, 365, 0, 28, 154, 15071 }, // U+014F
    { 29, 36, 483, 1, 36, 261, 15225 }, // U+0150
    { 24, 29, 365, 0, 29, 174, 15486 }, // U+0151
    { 45, 26, 693, 1, 26, 293, 15660 }, // U+0152
    { 37, 20, 593, -1, 20, 185, 15953 }, // U+0153
    { 26, 36, 408, -1, 36, 234, 16138 }, // U+0154
    { 18, 29, 248, -1, 29, 131, 16372 }, // U+0155
    { 26, 36, 408, -1, 26, 234, 16503 }, // U+0156
    { 21, 30, 248, -5, 20, 158, 16737 }, // U+0157
    { 26, 35, 408, -1, 35, 228, 16895 }, // U+0158
    { 21, 28, 248, -1, 28, 147, 17123 }, // U+0159
    { 24, 36, 407, 0, 36, 216, 17270 }, // U+015A
    { 20, 29, 326, -1, 29, 145, 17486 }, // U+015B
    { 24, 36, 407, 0, 36, 216, 17631 }, // U+015C
    { 21, 29, 326, -1, 29, 153, 17847 }, // U+015D
    { 24, 34, 407, 0, 26, 204, 18000 }, // U+015E
    { 20, 28, 326, -1, 20, 140, 18204 }, // U+015F
    { 25, 36, 407, 0, 36, 225, 18344 }, // U+0160
    { 22, 29, 326, -1, 29, 160, 18569 }, // U+0161
    { 25, 34, 391, 2, 26, 213, 18729 }, // U+0162
    { 17, 33, 248, -1, 25, 141, 18942 }, // U+0163
    { 25, 35, 391, 2, 35, 219, 19083 }, // U+0164
    { 20, 29, 251, 1, 29, 145, 19302 }, // U+0165
    { 25, 26, 391, 2, 26, 163, 19447 }, // U+0166
    { 17, 25, 248, -1, 25, 107, 19610 }, // U+0167
    { 27, 34, 430, 1, 34, 230, 19717 }, // U+0168
    { 23, 26, 366, 0, 26, 150, 19947 }, // U+0169
    { 27, 33, 430, 1, 33, 223, 20097 }, // U+016A
    { 23, 26, 366, 0, 26, 150, 20320 }, // U+016B
    { 27, 35, 430, 1, 35, 237, 20470 }, // U+016C
    { 23, 28, 366, 0, 28, 161, 20707 }, // U+016D
    { 27, 38, 430, 1, 38, 257, 20868 }, // U+016E
    { 23, 32, 366, 0, 32, 184, 21125 }, // U+016F
    { 27, 36, 430, 1, 36, 243, 21309 }, // U+0170
    { 25, 29, 366, 0, 29, 182, 21552 }, // U+0171
    { 27, 32, 430, 1, 26, 216, 21734 }, // U+0172
    { 23, 25, 366, 0, 19, 144, 21950 }, // U+0173
    { 35, 35, 563, 3, 35, 307, 22094 }, // U+0174
    { 30, 29, 460, 1, 29, 218, 22401 }, // U+0175
    { 28, 35, 443, 3, 35, 245, 22619 }, // U+0176
    { 25, 35, 334, -2, 29, 219, 22864 }, // U+0177
    { 28, 35, 443, 3, 35, 245, 23083 }, // U+0178
    { 29, 36, 400, -2, 36, 261, 23328 }, // U+0179
    { 24, 29, 334, -2, 29, 174, 23589 }, // U+017A
    { 29, 35, 400, -2, 35, 254, 23763 }, // U+017B
    { 24, 28, 334, -2, 28, 168, 24017 }, // U+017C
    { 29, 35, 400, -2, 35, 254, 24185 }, // U+017D
    { 25, 28, 334, -2, 28, 175, 24439 }, // U+017E
    { 18, 29, 240, 0, 29, 131, 24614 }, // U+017F
    { 33, 31, 484, 1, 31, 256, 0 }, // U+01A0
    { 26, 24, 376, 0, 24, 156, 256 }, // U+01A1
    { 33, 31, 437, 1, 31, 256, 412 }, // U+01AF
    { 28, 24, 374, 0, 24, 168, 668 }, // U+01B0
    { 55, 35, 837, -1, 35, 482, 836 }, // U+01C4
    { 51, 28, 771, -1, 28, 357, 1318 }, // U+01C5
    { 46, 29, 709, 0, 29, 334, 1675 }, // U+01C6
    { 46, 26, 702, -1, 26, 299, 2009 }, // U+01C7
    { 35, 36, 510, -1, 30, 315, 2308 }, // U+01C8
    { 25, 36, 367, 0, 30, 225, 2623 }, // U+01C9
    { 53, 26, 811, -1, 26, 345, 2848 }, // U+01CA
    { 42, 36, 619, -1, 30, 378, 3193 }, // U+01CB
    { 36, 36, 533, -1, 30, 324, 3571 }, // U+01CC
    { 30, 35, 442, -3, 35, 263, 3895 }, // U+01CD
    { 23, 29, 345, -1, 29, 167, 4158 }, // U+01CE
    { 27, 36, 430, 1, 36, 243, 4325 }, // U+01D3
    { 23, 29, 366, 0, 29, 167, 4568 }, // U+01D4
    { 27, 36, 464, 1, 36, 243, 4735 }, // U+01E6
    { 24, 37, 376, -1, 28, 222, 4978 }, // U+01E7
    { 28, 32, 483, 1, 26, 224, 5200 }, // U+01EA
    { 22, 26, 365, 0, 20, 143, 5424 }, // U+01EB
    { 55, 26, 837, -1, 26, 358, 5567 }, // U+01F1
    { 50, 26, 771, -1, 26, 325, 5925 }, // U+01F2
    { 45, 26, 709, 0, 26, 293, 6250 }, // U+01F3
    { 29, 44, 442, -3, 44, 319, 6543 }, // U+01FA
    { 22, 41, 345, -1, 41, 226, 6862 }, // U+01FB
    { 46, 35, 643, -3, 35, 403, 7088 }, // U+01FC
    { 35, 29, 561, -1, 29, 254, 7491 }, // U+01FD
    { 30, 36, 482, 0, 36, 270, 7745 }, // U+01FE
    { 24, 30, 365, -1, 29, 180, 8015 }, // U+01FF
    { 24, 35, 407, 0, 26, 210, 8195 }, // U+0218
    { 20, 29, 326, -1, 20, 145, 8405 }, // U+0219
    { 25, 36, 391, 2, 26, 225, 8550 }, // U+021A
    { 18, 35, 248, -2, 25, 158, 8775 }, // U+021B
    { 30, 35, 440, -1, 35, 263, 8933 }, // U+021E
    { 22, 35, 367, -1, 35, 193, 9196 }, // U+021F
    { 8, 6, 0, 5, 29, 12, 0 }, // U+0300
    { 10, 6, 0, 4, 29, 15, 12 }, // U+0301
    { 17, 6, 0, 3, 29, 26, 27 }, // U+0302
    { 17, 5, 0, 3, 27, 22, 53 }, // U+0303
    { 13, 4, 0, 4, 26, 13, 75 }, // U+0304
    { 15, 6, 0, 3, 28, 23, 88 }, // U+0306
    { 7, 6, 0, 4, 29, 11, 111 }, // U+0307
    { 14, 6, 0, 3, 29, 21, 122 }, // U+0308
    { 9, 7, 99, 1, 29, 16, 143 }, // U+0309
    { 11, 10, 0, 5, 31, 28, 159 }, // U+030A
    { 19, 6, 0, 2, 28, 29, 187 }, // U+030B
    { 17, 6, 0, 4, 28, 26, 216 }, // U+030C
    { 14, 9, 205, 0, 26, 32, 242 }, // U+031B
    { 8, 7, 130, -2, -3, 14, 274 }, // U+0323
    { 10, 9, 0, -4, -1, 23, 288 }, // U+0326
    { 10, 9, 0, -3, 1, 23, 311 }, // U+0327
    { 10, 7, 0, -2, 0, 18, 334 }, // U+0328
    { 28, 36, 442, -3, 26, 252, 0 }, // U+1EA0
    { 21, 29, 345, -1, 20, 153, 252 }, // U+1EA1
    { 28, 36, 442, -3, 36, 252, 405 }, // U+1EA2
    { 21, 30, 345, -1, 30, 158, 657 }, // U+1EA3
    { 36, 40, 442, -3, 40, 360, 815 }, // U+1EA4
    { 29, 35, 345, -1, 35, 254, 1175 }, // U+1EA5
    { 34, 38, 442, -3, 38, 323, 1429 }, // U+1EA6
    { 27, 34, 345, -1, 34, 230, 1752 }, // U+1EA7
    { 35, 39, 442, -3, 39, 342, 1982 }, // U+1EA8
    { 26, 34, 345, -1, 34, 221, 2324 }, // U+1EA9
    { 31, 42, 442, -3, 42, 326, 2545 }, // U+1EAA
    { 24, 36, 345, -1, 36, 216, 2871 }, // U+1EAB
    { 29, 45, 442, -3, 35, 327, 3087 }, // U+1EAC
    { 22, 38, 345, -1, 29, 209, 3414 }, // U+1EAD
    { 29, 43, 442, -3, 43, 312, 3623 }, // U+1EAE
    { 22, 37, 345, -1, 37, 204, 3935 }, // U+1EAF
    { 29, 43, 442, -3, 43, 312, 4139 }, // U+1EB0
    { 22, 37, 345, -1, 37, 204, 4451 }, // U+1EB1
    { 29, 43, 442, -3, 43, 312, 4655 }, // U+1EB2
    { 22, 37, 345, -1, 37, 204, 4967 }, // U+1EB3
    { 31, 41, 442, -3, 41, 318, 5171 }, // U+1EB4
    { 24, 35, 345, -1, 35, 210, 5489 }, // U+1EB5
    { 29, 45, 442, -3, 35, 327, 5699 }, // U+1EB6
    { 22, 37, 345, -1, 28, 204, 6026 }, // U+1EB7
    { 27, 36, 369, -1, 26, 243, 6230 }, // U+1EB8
    { 21, 29, 359, 0, 20, 153, 6473 }, // U+1EB9
    { 27, 36, 369, -1, 36, 243, 6626 }, // U+1EBA
    { 21, 30, 359, 0, 30, 158, 6869 }, // U+1EBB
    { 27, 34, 369, -1, 34, 230, 7027 }, // U+1EBC
    { 22, 26, 359, 0, 26, 143, 7257 }, // U+1EBD
    { 32, 40, 369, -1, 40, 320, 7400 }, // U+1EBE
    { 29, 35, 359, 0, 35, 254, 7720 }, // U+1EBF
    { 30, 38, 369, -1, 38, 285, 7974 }, // U+1EC0
    { 27, 34, 359, 0, 34, 230, 8259 }, // U+1EC1
    { 31, 39, 369, -1, 39, 303, 8489 }, // U+1EC2
    { 27, 34, 359, 0, 34, 230, 8792 }, // U+1EC3
    { 27, 42, 369, -1, 42, 284, 9022 }, // U+1EC4
    { 24, 36, 359, 0, 36, 216, 9306 }, // U+1EC5
    { 27, 45, 369, -1, 35, 304, 9522 }, // U+1EC6
    { 22, 38, 359, 0, 29, 209, 9826 }, // U+1EC7
    { 20, 36, 291, -1, 36, 180, 10035 }, // U+1EC8
    { 14, 29, 206, 1, 29, 102, 10215 }, // U+1EC9
    { 20, 36, 291, -1, 26, 180, 10317 }, // U+1ECA
    { 15, 39, 214, 0, 30, 147, 10497 }, // U+1ECB
    { 28, 35, 483, 1, 26, 245, 10644 }, // U+1ECC
    { 22, 29, 365, 0, 20, 160, 10889 }, // U+1ECD
    { 28, 36, 483, 1, 36, 252, 11049 }, // U+1ECE
    { 22, 30, 365, 0, 30, 165, 11301 }, // U+1ECF
    { 34, 40, 483, 1, 40, 340, 11466 }, // U+1ED0
    { 28, 35, 365, 0, 35, 245, 11806 }, // U+1ED1
    { 31, 39, 483, 1, 39, 303, 12051 }, // U+1ED2
    { 26, 34, 365, 0, 34, 221, 12354 }, // U+1ED3
    { 32, 40, 483, 1, 40, 320, 12575 }, // U+1ED4
    { 27, 35, 365, 0, 35, 237, 12895 }, // U+1ED5
    { 28, 43, 483, 1, 43, 301, 13132 }, // U+1ED6
    { 24, 36, 365, 0, 36, 216, 13433 }, // U+1ED7
    { 28, 45, 483, 1, 36, 315, 13649 }, // U+1ED8
    { 22, 38, 365, 0, 29, 209, 13964 }, // U+1ED9
    { 33, 36, 484, 1, 36, 297, 14173 }, // U+1EDA
    { 26, 29, 376, 0, 29, 189, 14470 }, // U+1EDB
    { 33, 36, 484, 1, 36, 297, 14659 }, // U+1EDC
    { 26, 29, 376, 0, 29, 189, 14956 }, // U+1EDD
    { 33, 36, 484, 1, 36, 297, 15145 }, // U+1EDE
    { 26, 30, 376, 0, 30, 195, 15442 }, // U+1EDF
    { 33, 34, 484, 1, 34, 281, 15637 }, // U+1EE0
    { 26, 26, 376, 0, 26, 169, 15918 }, // U+1EE1
    { 33, 40, 484, 1, 31, 330, 16087 }, // U+1EE2
    { 26, 33, 376, 0, 24, 215, 16417 }, // U+1EE3
    { 27, 35, 430, 1, 26, 237, 16632 }, // U+1EE4
    { 23, 28, 366, 0, 19, 161, 16869 }, // U+1EE5
    { 27, 36, 430, 1, 36, 243, 17030 }, // U+1EE6
    { 23, 30, 366, 0, 30, 173, 17273 }, // U+1EE7
    { 33, 36, 437, 1, 36, 297, 17446 }, // U+1EE8
    { 28, 29, 374, 0, 29, 203, 17743 }, // U+1EE9
    { 33, 36, 437, 1, 36, 297, 17946 }, // U+1EEA
    { 28, 29, 374, 0, 29, 203, 18243 }, // U+1EEB
    { 33, 36, 437, 1, 36, 297, 18446 }, // U+1EEC
    { 28, 30, 374, 0, 30, 210, 18743 }, // U+1EED
    { 33, 34, 437, 1, 34, 281, 18953 }, // U+1EEE
    { 28, 26, 374, 0, 26, 182, 19234 }, // U+1EEF
    { 33, 40, 437, 1, 31, 330, 19416 }, // U+1EF0
    { 28, 33, 374, 0, 24, 231, 19746 }, // U+1EF1
    { 28, 36, 443, 3, 36, 252, 19977 }, // U+1EF2
    { 25, 35, 334, -2, 29, 219, 20229 }, // U+1EF3
    { 28, 36, 443, 3, 26, 252, 20448 }, // U+1EF4
    { 25, 28, 334, -2, 19, 175, 20700 }, // U+1EF5
    { 28, 36, 443, 3, 36, 252, 20875 }, // U+1EF6
    { 25, 35, 334, -2, 29, 219, 21127 }, // U+1EF7
    { 28, 34, 443, 3, 34, 238, 21346 }, // U+1EF8
    { 25, 32, 334, -2, 26, 200, 21584 }, // U+1EF9
    { 13, 5, 213, 0, 12, 17, 0 }, // U+2010
    { 18, 5, 339, 1, 12, 23, 17 }, // U+2013
    { 31, 5, 551, 1, 12, 39, 40 }, // U+2014
    { 10, 13, 178, 2, 26, 33, 79 }, // U+2018
    { 10, 13, 179, 2, 26, 33, 112 }, // U+2019
    { 10, 13, 179, -2, 7, 33, 145 }, // U+201A
    { 19, 13, 320, 2, 26, 62, 178 }, // U+201C
    { 19, 13, 320, 2, 26, 62, 240 }, // U+201D
    { 19, 13, 320, -2, 7, 62, 302 }, // U+201E
    { 22, 26, 376, 2, 26, 143, 364 }, // U+2020
    { 24, 26, 377, 0, 26, 156, 507 }, // U+2021
    { 14, 13, 282, 1, 16, 46, 663 }, // U+2022
    { 30, 8, 511, -1, 8, 60, 709 }, // U+2026
    { 55, 26, 932, 2, 26, 358, 769 }, // U+2030
    { 16, 16, 254, 0, 18, 64, 1127 }, // U+2039
    { 15, 16, 255, -1, 18, 60, 1191 }, // U+203A
    { 25, 26, 305, -3, 26, 163, 1251 }, // U+2044
    { 16, 15, 274, 2, 31, 60, 0 }, // U+2074
    { 28, 32, 404, -1, 28, 224, 0 }, // U+20AB
    { 29, 26, 446, -1, 26, 189, 224 }, // U+20AC
    { 20, 28, 376, 1, 27, 140, 0 }, // U+2202
    { 22, 34, 500, 4, 27, 187, 140 }, // U+220F
    { 22, 34, 502, 4, 27, 187, 327 }, // U+2211
    { 21, 6, 408, 1, 13, 32, 514 }, // U+2212
    { 25, 27, 305, -3, 27, 169, 546 }, // U+2215
    { 8, 8, 178, 1, 14, 16, 715 }, // U+2219
    { 26, 34, 389, 0, 27, 221, 731 }, // U+221A
    { 27, 14, 479, 1, 17, 95, 952 }, // U+221E
    { 16, 34, 218, -2, 27, 136, 1047 }, // U+222B
    { 19, 16, 352, 1, 18, 76, 1183 }, // U+2248
    { 21, 20, 419, 2, 20, 105, 1259 }, // U+2260
    { 21, 21, 428, 2, 21, 111, 1364 }, // U+2264
    { 21, 21, 445, 3, 21, 111, 1475 }, // U+2265
    { 31, 29, 452, 0, 29, 225, 0 }, // U+FB00
    { 27, 30, 407, 0, 30, 203, 225 }, // U+FB01
    { 26, 29, 441, 0, 29, 189, 428 }, // U+FB02
    { 40, 30, 619, 0, 30, 300, 617 }, // U+FB03
    { 40, 29, 653, 0, 29, 290, 917 }, // U+FB04
    { 17, 28, 428, 5, 28, 119, 0 }, // U+FFFD
};

static const EpdUnicodeInterval lexica_19_bolditalicIntervals[] = {
    { 0xD, 0xD, 0x0 },
    { 0x20, 0x7E, 0x1 },
    { 0xA0, 0xFF, 0x60 },
    { 0x100, 0x17F, 0xC0 },
    { 0x1A0, 0x1A1, 0x140 },
    { 0x1AF, 0x1B0, 0x142 },
    { 0x1C4, 0x1CE, 0x144 },
    { 0x1D3, 0x1D4, 0x14F },
    { 0x1E6, 0x1E7, 0x151 },
    { 0x1EA, 0x1EB, 0x153 },
    { 0x1F1, 0x1F3, 0x155 },
    { 0x1FA, 0x1FF, 0x158 },
    { 0x218, 0x21B, 0x15E },
    { 0x21E, 0x21F, 0x162 },
    { 0x300, 0x304, 0x164 },
    { 0x306, 0x30C, 0x169 },
    { 0x31B, 0x31B, 0x170 },
    { 0x323, 0x323, 0x171 },
    { 0x326, 0x328, 0x172 },
    { 0x1EA0, 0x1EF9, 0x175 },
    { 0x2010, 0x2010, 0x1CF },
    { 0x2013, 0x2014, 0x1D0 },
    { 0x2018, 0x201A, 0x1D2 },
    { 0x201C, 0x201E, 0x1D5 },
    { 0x2020, 0x2022, 0x1D8 },
    { 0x2026, 0x2026, 0x1DB },
    { 0x2030, 0x2030, 0x1DC },
    { 0x2039, 0x203A, 0x1DD },
    { 0x2044, 0x2044, 0x1DF },
    { 0x2074, 0x2074, 0x1E0 },
    { 0x20AB, 0x20AC, 0x1E1 },
    { 0x2202, 0x2202, 0x1E3 },
    { 0x220F, 0x220F, 0x1E4 },
    { 0x2211, 0x2212, 0x1E5 },
    { 0x2215, 0x2215, 0x1E7 },
    { 0x2219, 0x221A, 0x1E8 },
    { 0x221E, 0x221E, 0x1EA },
    { 0x222B, 0x222B, 0x1EB },
    { 0x2248, 0x2248, 0x1EC },
    { 0x2260, 0x2260, 0x1ED },
    { 0x2264, 0x2265, 0x1EE },
    { 0xFB00, 0xFB04, 0x1F0 },
    { 0xFFFD, 0xFFFD, 0x1F5 },
};

static const EpdFontGroup lexica_19_bolditalicGroups[] = {
    { 0, 5456, 13605, 96, 0 },
    { 5456, 4570, 16364, 96, 96 },
    { 10026, 6239, 26302, 128, 192 },
    { 16265, 3334, 9835, 36, 320 },
    { 19599, 268, 397, 17, 356 },
    { 19867, 3711, 22968, 90, 373 },
    { 23578, 652, 1499, 17, 463 },
    { 24230, 57, 60, 1, 480 },
    { 24287, 216, 432, 2, 481 },
    { 24503, 596, 1713, 13, 483 },
    { 25099, 465, 1235, 5, 496 },
    { 25564, 108, 140, 1, 501 },
};

static const EpdKernClassEntry lexica_19_bolditalicKernLeftClasses[] = {
    { 0x0028, 1 }, // (
    { 0x002C, 2 }, // ,
    { 0x002D, 3 }, // -
    { 0x002E, 2 }, // .
    { 0x002F, 4 }, // /
    { 0x0031, 5 }, // 1
    { 0x0032, 6 }, // 2
    { 0x0034, 7 }, // 4
    { 0x0035, 8 }, // 5
    { 0x0036, 9 }, // 6
    { 0x0037, 10 }, // 7
    { 0x0038, 11 }, // 8
    { 0x0039, 12 }, // 9
    { 0x0041, 13 }, // A
    { 0x0042, 14 }, // B
    { 0x0043, 15 }, // C
    { 0x0044, 16 }, // D
    { 0x0045, 17 }, // E
    { 0x0046, 18 }, // F
    { 0x0047, 19 }, // G
    { 0x0049, 20 }, // I
    { 0x004A, 21 }, // J
    { 0x004B, 22 }, // K
    { 0x004C, 23 }, // L
    { 0x004F, 16 }, // O
    { 0x0050, 24 }, // P
    { 0x0051, 25 }, // Q
    { 0x0052, 26 }, // R
    { 0x0053, 27 }, // S
    { 0x0054, 28 }, // T
    { 0x0055, 29 }, // U
    { 0x0056, 30 }, // V
    { 0x0057, 31 }, // W
    { 0x0058, 32 }, // X
    { 0x0059, 33 }, // Y
    { 0x005A, 34 }, // Z
    { 0x0061, 35 }, // a
    { 0x0062, 36 }, // b
    { 0x0063, 37 }, // c
    { 0x0064, 38 }, // d
    { 0x0065, 39 }, // e
    { 0x0066, 40 }, // f
    { 0x0067, 41 }, // g
    { 0x0068, 42 }, // h
    { 0x006A, 43 }, // j
    { 0x006B, 44 }, // k
    { 0x006C, 45 }, // l
    { 0x006D, 42 }, // m
    { 0x006E, 42 }, // n
    { 0x006F, 36 }, // o
    { 0x0070, 36 }, // p
    { 0x0071, 46 }, // q
    { 0x0072, 47 }, // r
    { 0x0073, 48 }, // s
    { 0x0074, 49 }, // t
    { 0x0075, 50 }, // u
    { 0x0076, 51 }, // v
    { 0x0077, 52 }, // w
    { 0x0078, 53 }, // x
    { 0x0079, 51 }, // y
    { 0x007A, 54 }, // z
    { 0x00C0, 13 }, // U+00C0
    { 0x00C1, 13 }, // U+00C1
    { 0x00C2, 13 }, // U+00C2
    { 0x00C3, 13 }, // U+00C3
    { 0x00C4, 13 }, // U+00C4
    { 0x00C5, 13 }, // U+00C5
    { 0x00C6, 17 }, // U+00C6
    { 0x00C7, 15 }, // U+00C7
    { 0x00C8, 17 }, // U+00C8
    { 0x00C9, 17 }, // U+00C9
    { 0x00CA, 17 }, // U+00CA
    { 0x00CB, 17 }, // U+00CB
    { 0x00CC, 20 }, // U+00CC
    { 0x00CD, 20 }, // U+00CD
    { 0x00CE, 20 }, // U+00CE
    { 0x00CF, 20 }, // U+00CF
    { 0x00D0, 16 }, // U+00D0
    { 0x00D2, 16 }, // U+00D2
    { 0x00D3, 16 }, // U+00D3
    { 0x00D4, 16 }, // U+00D4
    { 0x00D5, 16 }, // U+00D5
    { 0x00D6, 16 }, // U+00D6
    { 0x00D8, 16 }, // U+00D8
    { 0x00D9, 29 }, // U+00D9
    { 0x00DA, 29 }, // U+00DA
    { 0x00DB, 29 }, // U+00DB
    { 0x00DC, 29 }, // U+00DC
    { 0x00DD, 33 }, // U+00DD
    { 0x00E0, 42 }, // U+00E0
    { 0x00E1, 42 }, // U+00E1
    { 0x00E2, 42 }, // U+00E2
    { 0x00E3, 42 }, // U+00E3
    { 0x00E4, 42 }, // U+00E4
    { 0x00E5, 42 }, // U+00E5
    { 0x00E6, 39 }, // U+00E6
    { 0x00E7, 37 }, // U+00E7
    { 0x00E8, 39 }, // U+00E8
    { 0x00E9, 39 }, // U+00E9
    { 0x00EA, 39 }, // U+00EA
    { 0x00EB, 39 }, // U+00EB
    { 0x00F0, 16 }, // U+00F0
    { 0x00F1, 42 }, // U+00F1
    { 0x00F2, 36 }, // U+00F2
    { 0x00F3, 36 }, // U+00F3
    { 0x00F4, 36 }, // U+00F4
    { 0x00F5, 36 }, // U+00F5
    { 0x00F6, 36 }, // U+00F6
    { 0x00F8, 36 }, // U+00F8
    { 0x00F9, 50 }, // U+00F9
    { 0x00FA, 50 }, // U+00FA
    { 0x00FB, 50 }, // U+00FB
    { 0x00FC, 50 }, // U+00FC
    { 0x00FD, 51 }, // U+00FD
    { 0x00FF, 51 }, // U+00FF
    { 0x0100, 13 }, // U+0100
    { 0x0101, 42 }, // U+0101
    { 0x0102, 13 }, // U+0102
    { 0x0103, 42 }, // U+0103
    { 0x0104, 13 }, // U+0104
    { 0x0105, 55 }, // U+0105
    { 0x0106, 15 }, // U+0106
    { 0x0107, 37 }, // U+0107
    { 0x0108, 15 }, // U+0108
    { 0x0109, 37 }, // U+0109
    { 0x010A, 15 }, // U+010A
    { 0x010B, 37 }, // U+010B
    { 0x010C, 15 }, // U+010C
    { 0x010D, 37 }, // U+010D
    { 0x010E, 16 }, // U+010E
    { 0x010F, 56 }, // U+010F
    { 0x0111, 40 }, // U+0111
    { 0x0112, 17 }, // U+0112
    { 0x0113, 39 }, // U+0113
    { 0x0114, 17 }, // U+0114
    { 0x0115, 39 }, // U+0115
    { 0x0116, 17 }, // U+0116
    { 0x0117, 39 }, // U+0117
    { 0x0118, 17 }, // U+0118
    { 0x0119, 39 }, // U+0119
    { 0x011A, 17 }, // U+011A
    { 0x011B, 39 }, // U+011B
    { 0x011C, 19 }, // U+011C
    { 0x011D, 41 }, // U+011D
    { 0x011E, 19 }, // U+011E
    { 0x011F, 41 }, // U+011F
    { 0x0120, 19 }, // U+0120
    { 0x0121, 41 }, // U+0121
    { 0x0122, 19 }, // U+0122
    { 0x0123, 41 }, // U+0123
    { 0x0125, 42 }, // U+0125
    { 0x0127, 42 }, // U+0127
    { 0x0128, 20 }, // U+0128
    { 0x012A, 20 }, // U+012A
    { 0x012C, 20 }, // U+012C
    { 0x012E, 20 }, // U+012E
    { 0x0130, 20 }, // U+0130
    { 0x0132, 21 }, // U+0132
    { 0x0133, 43 }, // U+0133
    { 0x0134, 21 }, // U+0134
    { 0x0135, 43 }, // U+0135
    { 0x0136, 22 }, // U+0136
    { 0x0137, 44 }, // U+0137
    { 0x0138, 44 }, // U+0138
    { 0x0139, 23 }, // U+0139
    { 0x013A, 57 }, // U+013A
    { 0x013B, 23 }, // U+013B
    { 0x013C, 57 }, // U+013C
    { 0x013E, 56 }, // U+013E
    { 0x013F, 23 }, // U+013F
    { 0x0141, 23 }, // U+0141
    { 0x0142, 57 }, // U+0142
    { 0x0144, 42 }, // U+0144
    { 0x0146, 42 }, // U+0146
    { 0x0148, 42 }, // U+0148
    { 0x0149, 42 }, // U+0149
    { 0x014B, 42 }, // U+014B
    { 0x014C, 16 }, // U+014C
    { 0x014D, 36 }, // U+014D
    { 0x014E, 16 }, // U+014E
    { 0x014F, 36 }, // U+014F
    { 0x0150, 16 }, // U+0150
    { 0x0151, 36 }, // U+0151
    { 0x0152, 17 }, // U+0152
    { 0x0153, 39 }, // U+0153
    { 0x0154, 26 }, // U+0154
    { 0x0155, 47 }, // U+0155
    { 0x0156, 26 }, // U+0156
    { 0x0157, 47 }, // U+0157
    { 0x0158, 26 }, // U+0158
    { 0x0159, 47 }, // U+0159
    { 0x015A, 27 }, // U+015A
    { 0x015B, 48 }, // U+015B
    { 0x015C, 27 }, // U+015C
    { 0x015D, 48 }, // U+015D
    { 0x015E, 27 }, // U+015E
    { 0x015F, 48 }, // U+015F
    { 0x0160, 27 }, // U+0160
    { 0x0161, 48 }, // U+0161
    { 0x0162, 28 }, // U+0162
    { 0x0163, 49 }, // U+0163
    { 0x0164, 28 }, // U+0164
    { 0x0165, 56 }, // U+0165
    { 0x0166, 28 }, // U+0166
    { 0x0167, 49 }, // U+0167
    { 0x0168, 29 }, // U+0168
    { 0x0169, 50 }, // U+0169
    { 0x016A, 29 }, // U+016A
    { 0x016B, 50 }, // U+016B
    { 0x016C, 29 }, // U+016C
    { 0x016D, 50 }, // U+016D
    { 0x016E, 29 }, // U+016E
    { 0x016F, 50 }, // U+016F
    { 0x0170, 29 }, // U+0170
    { 0x0171, 50 }, // U+0171
    { 0x0172, 29 }, // U+0172
    { 0x0173, 50 }, // U+0173
    { 0x0176, 33 }, // U+0176
    { 0x0177, 51 }, // U+0177
    { 0x0178, 33 }, // U+0178
    { 0x0179, 34 }, // U+0179
    { 0x017A, 54 }, // U+017A
    { 0x017B, 34 }, // U+017B
    { 0x017C, 54 }, // U+017C
    { 0x017D, 34 }, // U+017D
    { 0x017E, 54 }, // U+017E
    { 0x017F, 40 }, // U+017F
    { 0x01A0, 58 }, // U+01A0
    { 0x01A1, 59 }, // U+01A1
    { 0x01AF, 60 }, // U+01AF
    { 0x01B0, 61 }, // U+01B0
    { 0x01C4, 34 }, // U+01C4
    { 0x01C5, 54 }, // U+01C5
    { 0x01C6, 54 }, // U+01C6
    { 0x01C7, 21 }, // U+01C7
    { 0x01C8, 43 }, // U+01C8
    { 0x01C9, 43 }, // U+01C9
    { 0x01CA, 21 }, // U+01CA
    { 0x01CB, 43 }, // U+01CB
    { 0x01CC, 43 }, // U+01CC
    { 0x01CD, 13 }, // U+01CD
    { 0x01CE, 42 }, // U+01CE
    { 0x01D3, 29 }, // U+01D3
    { 0x01D4, 50 }, // U+01D4
    { 0x01E6, 19 }, // U+01E6
    { 0x01E7, 41 }, // U+01E7
    { 0x01EA, 16 }, // U+01EA
    { 0x01EB, 36 }, // U+01EB
    { 0x01F1, 34 }, // U+01F1
    { 0x01F2, 54 }, // U+01F2
    { 0x01F3, 54 }, // U+01F3
    { 0x01FB, 42 }, // U+01FB
    { 0x01FC, 17 }, // U+01FC
    { 0x01FD, 39 }, // U+01FD
    { 0x01FE, 16 }, // U+01FE
    { 0x01FF, 36 }, // U+01FF
    { 0x0218, 27 }, // U+0218
    { 0x0219, 48 }, // U+0219
    { 0x021A, 28 }, // U+021A
    { 0x021B, 49 }, // U+021B
    { 0x021F, 42 }, // U+021F
    { 0x1EA0, 13 }, // U+1EA0
    { 0x1EA1, 42 }, // U+1EA1
    { 0x1EA2, 13 }, // U+1EA2
    { 0x1EA3, 42 }, // U+1EA3
    { 0x1EA4, 13 }, // U+1EA4
    { 0x1EA5, 42 }, // U+1EA5
    { 0x1EA6, 13 }, // U+1EA6
    { 0x1EA7, 42 }, // U+1EA7
    { 0x1EA8, 13 }, // U+1EA8
    { 0x1EA9, 42 }, // U+1EA9
    { 0x1EAA, 13 }, // U+1EAA
    { 0x1EAB, 42 }, // U+1EAB
    { 0x1EAC, 13 }, // U+1EAC
    { 0x1EAD, 42 }, // U+1EAD
    { 0x1EAE, 13 }, // U+1EAE
    { 0x1EAF, 42 }, // U+1EAF
    { 0x1EB0, 13 }, // U+1EB0
    { 0x1EB1, 42 }, // U+1EB1
    { 0x1EB2, 13 }, // U+1EB2
    { 0x1EB3, 42 }, // U+1EB3
    { 0x1EB4, 13 }, // U+1EB4
    { 0x1EB5, 42 }, // U+1EB5
    { 0x1EB6, 13 }, // U+1EB6
    { 0x1EB7, 42 }, // U+1EB7
    { 0x1EB8, 17 }, // U+1EB8
    { 0x1EB9, 39 }, // U+1EB9
    { 0x1EBA, 17 }, // U+1EBA
    { 0x1EBB, 39 }, // U+1EBB
    { 0x1EBC, 17 }, // U+1EBC
    { 0x1EBD, 39 }, // U+1EBD
    { 0x1EBE, 17 }, // U+1EBE
    { 0x1EC0, 17 }, // U+1EC0
    { 0x1EC2, 17 }, // U+1EC2
    { 0x1EC4, 17 }, // U+1EC4
    { 0x1EC6, 17 }, // U+1EC6
    { 0x1EC7, 39 }, // U+1EC7
    { 0x1EC8, 20 }, // U+1EC8
    { 0x1ECA, 20 }, // U+1ECA
    { 0x1ECC, 16 }, // U+1ECC
    { 0x1ECD, 36 }, // U+1ECD
    { 0x1ECE, 16 }, // U+1ECE
    { 0x1ECF, 36 }, // U+1ECF
    { 0x1ED0, 16 }, // U+1ED0
    { 0x1ED2, 16 }, // U+1ED2
    { 0x1ED4, 16 }, // U+1ED4
    { 0x1ED6, 16 }, // U+1ED6
    { 0x1ED7, 36 }, // U+1ED7
    { 0x1ED8, 16 }, // U+1ED8
    { 0x1ED9, 36 }, // U+1ED9
    { 0x1EDA, 58 }, // U+1EDA
    { 0x1EDB, 59 }, // U+1EDB
    { 0x1EDC, 58 }, // U+1EDC
    { 0x1EDD, 59 }, // U+1EDD
    { 0x1EDE, 58 }, // U+1EDE
    { 0x1EDF, 59 }, // U+1EDF
    { 0x1EE0, 58 }, // U+1EE0
    { 0x1EE1, 59 }, // U+1EE1
    { 0x1EE2, 58 }, // U+1EE2
    { 0x1EE3, 59 }, // U+1EE3
    { 0x1EE8, 60 }, // U+1EE8
    { 0x1EE9, 61 }, // U+1EE9
    { 0x1EEA, 60 }, // U+1EEA
    { 0x1EEB, 61 }, // U+1EEB
    { 0x1EEC, 60 }, // U+1EEC
    { 0x1EED, 61 }, // U+1EED
    { 0x1EEE, 60 }, // U+1EEE
    { 0x1EEF, 61 }, // U+1EEF
    { 0x1EF0, 60 }, // U+1EF0
    { 0x1EF1, 61 }, // U+1EF1
    { 0x1EF2, 33 }, // U+1EF2
    { 0x1EF3, 51 }, // U+1EF3
    { 0x1EF4, 33 }, // U+1EF4
    { 0x1EF5, 51 }, // U+1EF5
    { 0x1EF6, 33 }, // U+1EF6
    { 0x1EF7, 51 }, // U+1EF7
    { 0x1EF8, 33 }, // U+1EF8
    { 0x1EF9, 51 }, // U+1EF9
    { 0x2013, 3 }, // U+2013
    { 0x2014, 3 }, // U+2014
    { 0x2019, 62 }, // U+2019
    { 0x201A, 2 }, // U+201A
    { 0x201D, 62 }, // U+201D
    { 0x201E, 2 }, // U+201E
    { 0x2026, 2 }, // U+2026
    { 0x20AB, 40 }, // U+20AB
    { 0xFB00, 40 }, // U+FB00
    { 0xFB02, 57 }, // U+FB02
    { 0xFB04, 57 }, // U+FB04
};

static const EpdKernClassEntry lexica_19_bolditalicKernRightClasses[] = {
    { 0x0025, 1 }, // %
    { 0x0029, 2 }, // )
    { 0x002C, 3 }, // ,
    { 0x002D, 4 }, // -
    { 0x002E, 3 }, // .
    { 0x002F, 5 }, // /
    { 0x0031, 6 }, // 1
    { 0x0032, 7 }, // 2
    { 0x0034, 8 }, // 4
    { 0x0037, 9 }, // 7
    { 0x0038, 10 }, // 8
    { 0x0039, 11 }, // 9
    { 0x0041, 12 }, // A
    { 0x0043, 13 }, // C
    { 0x0047, 13 }, // G
    { 0x0049, 14 }, // I
    { 0x004A, 15 }, // J
    { 0x004F, 13 }, // O
    { 0x0051, 13 }, // Q
    { 0x0053, 16 }, // S
    { 0x0054, 17 }, // T
    { 0x0055, 18 }, // U
    { 0x0056, 19 }, // V
    { 0x0057, 20 }, // W
    { 0x0058, 21 }, // X
    { 0x0059, 22 }, // Y
    { 0x005A, 23 }, // Z
    { 0x0061, 24 }, // a
    { 0x0063, 25 }, // c
    { 0x0064, 25 }, // d
    { 0x0065, 25 }, // e
    { 0x0066, 26 }, // f
    { 0x0067, 27 }, // g
    { 0x0068, 28 }, // h
    { 0x0069, 29 }, // i
    { 0x006A, 30 }, // j
    { 0x006B, 28 }, // k
    { 0x006C, 31 }, // l
    { 0x006D, 32 }, // m
    { 0x006E, 32 }, // n
    { 0x006F, 25 }, // o
    { 0x0070, 33 }, // p
    { 0x0071, 25 }, // q
    { 0x0072, 32 }, // r
    { 0x0073, 34 }, // s
    { 0x0074, 35 }, // t
    { 0x0075, 36 }, // u
    { 0x0076, 37 }, // v
    { 0x0077, 38 }, // w
    { 0x0078, 39 }, // x
    { 0x0079, 37 }, // y
    { 0x007A, 40 }, // z
    { 0x00B0, 41 }, // U+00B0
    { 0x00C0, 12 }, // U+00C0
    { 0x00C1, 12 }, // U+00C1
    { 0x00C2, 12 }, // U+00C2
    { 0x00C3, 12 }, // U+00C3
    { 0x00C4, 12 }, // U+00C4
    { 0x00C5, 12 }, // U+00C5
    { 0x00C6, 42 }, // U+00C6
    { 0x00C7, 13 }, // U+00C7
    { 0x00CC, 14 }, // U+00CC
    { 0x00CD, 14 }, // U+00CD
    { 0x00CE, 14 }, // U+00CE
    { 0x00CF, 14 }, // U+00CF
    { 0x00D2, 13 }, // U+00D2
    { 0x00D3, 13 }, // U+00D3
    { 0x00D4, 13 }, // U+00D4
    { 0x00D5, 13 }, // U+00D5
    { 0x00D6, 13 }, // U+00D6
    { 0x00D8, 13 }, // U+00D8
    { 0x00D9, 18 }, // U+00D9
    { 0x00DA, 18 }, // U+00DA
    { 0x00DB, 18 }, // U+00DB
    { 0x00DC, 18 }, // U+00DC
    { 0x00DD, 43 }, // U+00DD
    { 0x00E0, 24 }, // U+00E0
    { 0x00E1, 24 }, // U+00E1
    { 0x00E2, 24 }, // U+00E2
    { 0x00E3, 24 }, // U+00E3
    { 0x00E4, 24 }, // U+00E4
    { 0x00E5, 24 }, // U+00E5
    { 0x00E6, 24 }, // U+00E6
    { 0x00E7, 25 }, // U+00E7
    { 0x00E8, 25 }, // U+00E8
    { 0x00E9, 25 }, // U+00E9
    { 0x00EA, 25 }, // U+00EA
    { 0x00EB, 25 }, // U+00EB
    { 0x00EC, 29 }, // U+00EC
    { 0x00ED, 29 }, // U+00ED
    { 0x00EE, 29 }, // U+00EE
    { 0x00EF, 29 }, // U+00EF
    { 0x00F0, 25 }, // U+00F0
    { 0x00F1, 32 }, // U+00F1
    { 0x00F2, 25 }, // U+00F2
    { 0x00F3, 25 }, // U+00F3
    { 0x00F4, 25 }, // U+00F4
    { 0x00F5, 25 }, // U+00F5
    { 0x00F6, 25 }, // U+00F6
    { 0x00F8, 25 }, // U+00F8
    { 0x00F9, 36 }, // U+00F9
    { 0x00FA, 36 }, // U+00FA
    { 0x00FB, 36 }, // U+00FB
    { 0x00FC, 36 }, // U+00FC
    { 0x00FD, 37 }, // U+00FD
    { 0x00FF, 37 }, // U+00FF
    { 0x0100, 12 }, // U+0100
    { 0x0101, 24 }, // U+0101
    { 0x0102, 12 }, // U+0102
    { 0x0103, 24 }, // U+0103
    { 0x0104, 12 }, // U+0104
    { 0x0105, 24 }, // U+0105
    { 0x0106, 13 }, // U+0106
    { 0x0107, 25 }, // U+0107
    { 0x0108, 13 }, // U+0108
    { 0x0109, 25 }, // U+0109
    { 0x010A, 13 }, // U+010A
    { 0x010B, 25 }, // U+010B
    { 0x010C, 13 }, // U+010C
    { 0x010D, 25 }, // U+010D
    { 0x010F, 25 }, // U+010F
    { 0x0111, 25 }, // U+0111
    { 0x0113, 25 }, // U+0113
    { 0x0115, 25 }, // U+0115
    { 0x0117, 25 }, // U+0117
    { 0x0119, 25 }, // U+0119
    { 0x011B, 25 }, // U+011B
    { 0x011C, 13 }, // U+011C
    { 0x011D, 27 }, // U+011D
    { 0x011E, 13 }, // U+011E
    { 0x011F, 27 }, // U+011F
    { 0x0120, 13 }, // U+0120
    { 0x0121, 27 }, // U+0121
    { 0x0122, 13 }, // U+0122
    { 0x0123, 27 }, // U+0123
    { 0x0125, 28 }, // U+0125
    { 0x0127, 28 }, // U+0127
    { 0x0128, 14 }, // U+0128
    { 0x0129, 29 }, // U+0129
    { 0x012A, 14 }, // U+012A
    { 0x012B, 29 }, // U+012B
    { 0x012C, 14 }, // U+012C
    { 0x012D, 29 }, // U+012D
    { 0x012E, 14 }, // U+012E
    { 0x012F, 29 }, // U+012F
    { 0x0130, 14 }, // U+0130
    { 0x0131, 29 }, // U+0131
    { 0x0132, 14 }, // U+0132
    { 0x0133, 29 }, // U+0133
    { 0x0134, 15 }, // U+0134
    { 0x0135, 44 }, // U+0135
    { 0x0137, 28 }, // U+0137
    { 0x0138, 28 }, // U+0138
    { 0x013A, 31 }, // U+013A
    { 0x013C, 31 }, // U+013C
    { 0x013E, 31 }, // U+013E
    { 0x0140, 31 }, // U+0140
    { 0x0142, 31 }, // U+0142
    { 0x0144, 32 }, // U+0144
    { 0x0146, 32 }, // U+0146
    { 0x0148, 32 }, // U+0148
    { 0x014B, 32 }, // U+014B
    { 0x014C, 13 }, // U+014C
    { 0x014D, 25 }, // U+014D
    { 0x014E, 13 }, // U+014E
    { 0x014F, 25 }, // U+014F
    { 0x0150, 13 }, // U+0150
    { 0x0151, 25 }, // U+0151
    { 0x0152, 13 }, // U+0152
    { 0x0153, 25 }, // U+0153
    { 0x0155, 32 }, // U+0155
    { 0x0157, 32 }, // U+0157
    { 0x0159, 32 }, // U+0159
    { 0x015A, 16 }, // U+015A
    { 0x015B, 34 }, // U+015B
    { 0x015C, 16 }, // U+015C
    { 0x015D, 34 }, // U+015D
    { 0x015E, 16 }, // U+015E
    { 0x015F, 34 }, // U+015F
    { 0x0160, 16 }, // U+0160
    { 0x0161, 34 }, // U+0161
    { 0x0162, 45 }, // U+0162
    { 0x0163, 35 }, // U+0163
    { 0x0164, 45 }, // U+0164
    { 0x0165, 35 }, // U+0165
    { 0x0166, 45 }, // U+0166
    { 0x0167, 35 }, // U+0167
    { 0x0168, 18 }, // U+0168
    { 0x0169, 36 }, // U+0169
    { 0x016A, 18 }, // U+016A
    { 0x016B, 36 }, // U+016B
    { 0x016C, 18 }, // U+016C
    { 0x016D, 36 }, // U+016D
    { 0x016E, 18 }, // U+016E
    { 0x016F, 36 }, // U+016F
    { 0x0170, 18 }, // U+0170
    { 0x0171, 36 }, // U+0171
    { 0x0172, 18 }, // U+0172
    { 0x0173, 36 }, // U+0173
    { 0x0176, 43 }, // U+0176
    { 0x0177, 37 }, // U+0177
    { 0x0178, 43 }, // U+0178
    { 0x0179, 23 }, // U+0179
    { 0x017A, 40 }, // U+017A
    { 0x017B, 23 }, // U+017B
    { 0x017C, 40 }, // U+017C
    { 0x017D, 23 }, // U+017D
    { 0x017E, 40 }, // U+017E
    { 0x017F, 26 }, // U+017F
    { 0x01A0, 13 }, // U+01A0
    { 0x01A1, 25 }, // U+01A1
    { 0x01C9, 31 }, // U+01C9
    { 0x01CC, 32 }, // U+01CC
    { 0x01CD, 12 }, // U+01CD
    { 0x01CE, 24 }, // U+01CE
    { 0x01D3, 18 }, // U+01D3
    { 0x01D4, 36 }, // U+01D4
    { 0x01E6, 13 }, // U+01E6
    { 0x01E7, 27 }, // U+01E7
    { 0x01EA, 13 }, // U+01EA
    { 0x01EB, 25 }, // U+01EB
    { 0x01FA, 12 }, // U+01FA
    { 0x01FB, 24 }, // U+01FB
    { 0x01FC, 42 }, // U+01FC
    { 0x01FD, 24 }, // U+01FD
    { 0x01FE, 13 }, // U+01FE
    { 0x01FF, 25 }, // U+01FF
    { 0x0218, 16 }, // U+0218
    { 0x0219, 34 }, // U+0219
    { 0x021A, 45 }, // U+021A
    { 0x021B, 35 }, // U+021B
    { 0x021F, 28 }, // U+021F
    { 0x1EA0, 12 }, // U+1EA0
    { 0x1EA1, 24 }, // U+1EA1
    { 0x1EA2, 12 }, // U+1EA2
    { 0x1EA3, 24 }, // U+1EA3
    { 0x1EA4, 12 }, // U+1EA4
    { 0x1EA5, 24 }, // U+1EA5
    { 0x1EA6, 12 }, // U+1EA6
    { 0x1EA7, 24 }, // U+1EA7
    { 0x1EA8, 12 }, // U+1EA8
    { 0x1EA9, 24 }, // U+1EA9
    { 0x1EAA, 12 }, // U+1EAA
    { 0x1EAB, 24 }, // U+1EAB
    { 0x1EAC, 12 }, // U+1EAC
    { 0x1EAD, 24 }, // U+1EAD
    { 0x1EAE, 12 }, // U+1EAE
    { 0x1EAF, 24 }, // U+1EAF
    { 0x1EB0, 12 }, // U+1EB0
    { 0x1EB1, 24 }, // U+1EB1
    { 0x1EB2, 12 }, // U+1EB2
    { 0x1EB3, 24 }, // U+1EB3
    { 0x1EB4, 12 }, // U+1EB4
    { 0x1EB5, 24 }, // U+1EB5
    { 0x1EB6, 12 }, // U+1EB6
    { 0x1EB7, 24 }, // U+1EB7
    { 0x1EB9, 25 }, // U+1EB9
    { 0x1EBB, 25 }, // U+1EBB
    { 0x1EBD, 25 }, // U+1EBD
    { 0x1EBF, 25 }, // U+1EBF
    { 0x1EC1, 25 }, // U+1EC1
    { 0x1EC3, 25 }, // U+1EC3
    { 0x1EC5, 25 }, // U+1EC5
    { 0x1EC7, 25 }, // U+1EC7
    { 0x1EC8, 14 }, // U+1EC8
    { 0x1EC9, 29 }, // U+1EC9
    { 0x1ECA, 14 }, // U+1ECA
    { 0x1ECB, 29 }, // U+1ECB
    { 0x1ECC, 13 }, // U+1ECC
    { 0x1ECD, 25 }, // U+1ECD
    { 0x1ECE, 13 }, // U+1ECE
    { 0x1ECF, 25 }, // U+1ECF
    { 0x1ED0, 13 }, // U+1ED0
    { 0x1ED1, 25 }, // U+1ED1
    { 0x1ED2, 13 }, // U+1ED2
    { 0x1ED3, 25 }, // U+1ED3
    { 0x1ED4, 13 }, // U+1ED4
    { 0x1ED5, 25 }, // U+1ED5
    { 0x1ED6, 13 }, // U+1ED6
    { 0x1ED7, 25 }, // U+1ED7
    { 0x1ED8, 13 }, // U+1ED8
    { 0x1ED9, 25 }, // U+1ED9
    { 0x1EDA, 13 }, // U+1EDA
    { 0x1EDB, 25 }, // U+1EDB
    { 0x1EDC, 13 }, // U+1EDC
    { 0x1EDD, 25 }, // U+1EDD
    { 0x1EDE, 13 }, // U+1EDE
    { 0x1EDF, 25 }, // U+1EDF
    { 0x1EE0, 13 }, // U+1EE0
    { 0x1EE1, 25 }, // U+1EE1
    { 0x1EE2, 13 }, // U+1EE2
    { 0x1EE3, 25 }, // U+1EE3
    { 0x1EE4, 18 }, // U+1EE4
    { 0x1EE5, 36 }, // U+1EE5
    { 0x1EE6, 18 }, // U+1EE6
    { 0x1EE7, 36 }, // U+1EE7
    { 0x1EE8, 18 }, // U+1EE8
    { 0x1EE9, 36 }, // U+1EE9
    { 0x1EEA, 18 }, // U+1EEA
    { 0x1EEB, 36 }, // U+1EEB
    { 0x1EEC, 18 }, // U+1EEC
    { 0x1EED, 36 }, // U+1EED
    { 0x1EEE, 18 }, // U+1EEE
    { 0x1EEF, 36 }, // U+1EEF
    { 0x1EF0, 18 }, // U+1EF0
    { 0x1EF1, 36 }, // U+1EF1
    { 0x1EF2, 43 }, // U+1EF2
    { 0x1EF3, 37 }, // U+1EF3
    { 0x1EF4, 43 }, // U+1EF4
    { 0x1EF5, 37 }, // U+1EF5
    { 0x1EF6, 43 }, // U+1EF6
    { 0x1EF7, 37 }, // U+1EF7
    { 0x1EF8, 43 }, // U+1EF8
    { 0x1EF9, 37 }, // U+1EF9
    { 0x2013, 4 }, // U+2013
    { 0x2014, 4 }, // U+2014
    { 0x2019, 46 }, // U+2019
    { 0x201A, 3 }, // U+201A
    { 0x201D, 46 }, // U+201D
    { 0x201E, 3 }, // U+201E
    { 0x2026, 3 }, // U+2026
    { 0x2030, 1 }, // U+2030
    { 0x20AB, 25 }, // U+20AB
    { 0x2202, 25 }, // U+2202
    { 0xFB00, 26 }, // U+FB00
    { 0xFB01, 26 }, // U+FB01
    { 0xFB02, 26 }, // U+FB02
    { 0xFB03, 26 }, // U+FB03
    { 0xFB04, 26 }, // U+FB04
};

static const int8_t lexica_19_bolditalicKernMatrix[] = {
       0,    0,    0,    0,    0,    0,    0,    0,   20,    0,    0,    0,    0,    0,    0,    0,    0,    0,    0,    0,    0,    0,    0,    0,    0,    0,    0,    0,    0,    0,    0,    0,    0,    0,    0,    0,    0,    0,    0,    0,    0,    0,    0,    0,    0,    0,
       0,    0,    0,    0,    0,    0,    0,    0,    0,    0,    0,    0,    0,    0,    0,    0,    0,    0,    0,    0,    0,    0,    0,    0,    0,    0,  -13,    0,    0,    0,    0,    0,    0,    0,    0,    0,    0,    0,    0,    0,    0,    0,    0,    0,    0,    0,
       0,    0,    0,    0,    0,  -30,  -20,   20,  -35,    0,    0,    0,    0,    0,    0,    0,    0,    0,    0,    0,    0,    0,    0,    0,    0,    0,    0,    0,    0,    0,    0,    0,    0,    0,    0,    0,    0,    0,    0,    0,    0,    0,    0,    0,    0,    0,
       0,    0,    0,    0,  -75,    0,    0,    0,    0,    0,    0,    0,    0,    0,    0,    0,    0,    0,    0,    0,    0,    0,    0,    0,    0,    0,    0,    0,    0,    0,    0,    0,    0,    0,    0,    0,    0,    0,    0,    0,    0,    0,    0,    0,    0,    0,
       0,   10,    0,    0,    0,    0,    0,    0,    0,    0,    0,    0,    0,    0,    0,    0,    0,    0,    0,    0,    0,    0,    0,    0,    0,    0,    0,    0,    0,    0,    0,    0,    0,    0,    0,    0,    0,    0,    0,    0,    0,    0,    0,    0,    0,    0,
       0,    0,    0,    0,    0,    0,    0,   -5,    0,    0,    0,    0,    0,    0,    0,    0,    0,    0,    0,    0,    0,    0,    0,    0,    0,    0,    0,    0,    0,    0,    0,    0,    0,    0,    0,    0,    0,    0,    0,    0,    0,    0,    0,    0,    0,    0,
     -15,    0,    0,    0,    0,    0,    0,   13,    0,    0,  -14,    0,    0,    0,    0,    0,    0,    0,    0,    0,    0,    0,    0,    0,    0,    0,    0,    0,    0,    0,    0,    0,    0,    0,    0,    0,    0,    0,    0,    0,  -48,    0,    0,    0,    0,    0,
      -5,    0,    0,    0,    0,    0,    0,    0,    0,    0,  -17,    0,    0,    0,    0,    0,    0,    0,    0,    0,    0,    0,    0,    0,    0,    0,    0,    0,    0,    0,    0,    0,    0,    0,    0,    0,    0,    0,    0,    0,    0,    0,    0,    0,    0,    0,
     -25,    0,    0,    0,    0,  -15,  -12,    0,    0,    0,    0,    0,    0,    0,    0,    0,    0,    0,    0,    0,    0,    0,    0,    0,    0,    0,    0,    0,    0,    0,    0,    0,    0,    0,    0,    0,    0,    0,    0,    0,    0,    0,    0,    0,    0,    0,
      20,    0,    0,  -35,    0,    0,    0,  -23,   23,  -17,    0,    0,    0,    0,    0,    0,    0,    0,    0,    0,    0,    0,    0,    0,    0,    0,    0,    0,    0,    0,    0,    0,    0,    0,    0,    0,    0,    0,    0,    0,    0,    0,    0,    0,    0,    0,
     -39,    0,    0,    0,    0,  -18,    0,    0,  -12,    0,  -15,    0,    0,    0,    0,    0,    0,    0,    0,    0,    0,    0,    0,    0,    0,    0,    0,    0,    0,    0,    0,    0,    0,    0,    0,    0,    0,    0,    0,    0,  -18,    0,    0,    0,    0,    0,
       0,    0,    0,    0,    0,    0,    0,  -15,  -12,  -15,    0,    0,    0,    0,    0,    0,    0,    0,    0,    0,    0,    0,    0,    0,    0,    0,    0,    0,    0,    0,    0,    0,    0,    0,    0,    0,    0,    0,    0,    0,    0,    0,    0,    0,    0,    0,
       0,    0,    0,    0,    0,    0,    0,    0,    0,    0,    0,   12,  -23,    0,    0,    0,  -42,  -18,  -42,  -30,    0,  -42,    0,    0,    0,    0,    0,    0,    0,    0,  -13,    0,    0,    0,  -17,  -15,  -25,  -28,   13,    0,    0,    0,  -42,    0,  -42,    0,
       0,    0,    0,    0,    0,    0,    0,    0,    0,    0,    0,  -12,    0,    0,    0,    0,    0,    0,  -12,    0,  -12,  -18,    0,   -9,    0,    0,    0,    0,    0,    0,    0,    0,    0,    0,    0,    0,    0,    0,    0,    0,    0,  -27,  -18,    0,    0,    0,
       0,    0,    0,    0,    0,    0,    0,    0,    0,    0,    0,    0,  -12,    0,    0,    0,    0,    0,    0,    0,    0,  -15,    0,    0,    0,    0,    0,    0,    0,    0,    0,    0,    0,    0,    0,    0,    0,    0,    0,    0,    0,  -27,  -15,    0,    0,    0,
       0,    0,    0,    0,    0,    0,    0,    0,    0,    0,    0,  -24,    0,  -18,    0,    0,  -24,    0,  -18,  -12,  -12,  -30,  -12,  -18,    0,    0,    0,    0,    0,    0,    0,    0,    0,    0,    0,    0,    0,    0,    0,  -12,    0,  -44,  -30,    0,  -24,    0,
       0,    0,    0,    0,    0,    0,    0,    0,    0,    0,    0,    0,  -12,    0,    0,    0,    0,    0,   11,   11,    0,    0,    0,    0,    0,    0,    0,    0,    0,    0,    0,    0,    0,    0,    0,    0,    0,    0,    0,    0,    0,    0,    0,    0,    0,    0,
       0,    0,    0,    0,    0,    0,    0,    0,    0,    0,    0,  -24,    0,    0,  -20,    0,   15,    0,    0,    0,    0,    0,    0,  -14,    0,    0,    0,    0,    0,    0,    0,    0,    0,    0,    0,    0,    0,    0,    0,    0,    0,  -72,    0,    0,   15,    0,
       0,    0,    0,    0,    0,    0,    0,    0,    0,    0,    0,    0,    0,    0,    0,    0,  -12,    0,  -18,    0,    0,  -30,    0,    0,    0,    0,    0,    0,    0,    0,    0,    0,    0,    0,    0,    0,    0,    0,    0,    0,    0,    0,  -30,    0,  -12,    0,
       0,    0,    0,    0,    0,    0,    0,    0,    0,    0,    0,    0,  -18,    0,    0,    0,    0,    0,    0,    0,    0,    0,    0,    0,    0,  -13,    0,    0,    0,    0,    0,    0,    0,    0,  -18,    0,    0,    0,    0,    0,    0,  -17,    0,    0,    0,    0,
       0,    0,    0,    0,    0,    0,    0,    0,    0,    0,    0,  -18,    0,    0,    0,    0,    0,    0,    0,    0,    0,    0,    0,    0,    0,    0,    0,    0,    0,    0,    0,    0,    0,    0,    0,    0,    0,    0,    0,    0,    0,    0,    0,    0,    0,    0,
       0,    0,    0,    0,    0,    0,    0,    0,    0,    0,    0,    0,  -30,    0,    0,    0,    0,    0,    0,    0,    0,    0,    0,    0,  -12,    0,    0,    0,    0,    0,    0,    0,    0,    0,    0,  -27,  -32,  -32,    0,    0,    0,    0,    0,    0,    0,    0,
       0,    0,    0,    0,    0,    0,    0,    0,    0,    0,    0,   18,  -23,    0,   18,    0,  -66,  -13,  -42,  -24,   18,  -54,    0,    0,    0,    0,    0,    0,  -12,    0,    0,    0,    0,    0,    0,    0,  -24,  -30,   18,    0,    0,    0,  -54,    0,  -66,    0,
       0,    0,    0,    0,    0,    0,    0,    0,    0,    0,    0,  -52,    0,    0,  -42,    0,    0,    0,    0,    0,  -18,  -12,  -12,  -18,    0,    0,    0,    0,    0,    0,    0,    0,    0,  -12,    0,    0,    0,    0,    0,    0,    0,  -93,  -12,    0,    0,    0,
       0,    0,    0,    0,    0,    0,    0,    0,    0,    0,    0,   18,    0,    0,    0,    0,    0,   -4,    0,    0,   12,  -24,    0,    0,    0,    0,    0,    0,    0,    0,    0,    0,    0,    0,    0,    0,    0,    0,   12,   12,    0,    0,  -24,    0,    0,    0,
       0,    0,    0,    0,    0,    0,    0,    0,    0,    0,    0,   11,  -13,    0,    0,    0,    0,    0,    0,    0,    0,  -10,    0,    0,    0,    0,  -12,    0,    0,    0,    0,    0,    0,    0,    0,  -12,    0,    0,    0,    0,    0,    0,  -10,    0,    0,    0,
       0,    0,    0,    0,    0,    0,    0,    0,    0,    0,    0,    0,    0,    0,    0,    0,    0,    0,    0,  -12,    0,   -9,    0,    0,    0,    0,    0,    0,    0,    0,    0,    0,    0,    0,    0,    0,    0,    0,    0,    0,    0,  -17,   -9,    0,    0,    0,
       0,    0,    0,    0,    0,    0,    0,    0,    0,    0,    0,  -42,  -24,    0,  -66,    0,   14,    0,   24,   18,    0,   12,    0,  -53,  -54,   12,  -51,    0,    0,    0,    0,  -42,  -42,  -30,    0,  -36,   -6,   -6,  -13,  -19,    0,  -79,   12,    0,   14,    0,
       0,    0,    0,    0,    0,    0,    0,    0,    0,    0,    0,  -18,    0,    0,    0,    0,    0,    0,    0,    0,    0,    0,    0,    0,    0,    0,    0,    0,    0,    0,    0,    0,    0,    0,    0,    0,    0,    0,    0,    0,    0,  -56,    0,    0,    0,    0,
       0,    0,    0,    0,    0,    0,    0,    0,    0,    0,    0,  -42,  -18,    0,  -24,    0,   24,    0,   12,   12,    0,   12,    0,  -24,  -30,    0,  -23,    0,    0,    0,    0,  -12,  -12,  -12,    0,    0,    0,    0,    0,    0,    0,  -60,   12,    0,   24,    0,
       0,    0,    0,    0,    0,    0,    0,    0,    0,    0,    0,  -30,  -12,    0,  -18,    0,   18,    0,   12,   12,    0,    0,    0,  -18,  -15,    0,  -18,    0,    0,    0,    0,    0,    0,    0,    0,    0,    0,    0,    0,    0,    0,  -56,    0,    0,   18,    0,
       0,    0,    0,    0,    0,    0,    0,    0,    0,    0,    0,    0,  -18,    0,    0,    0,    0,    0,    0,    0,    0,    0,    0,  -12,  -13,    0,  -12,    0,    0,    0,    0,    0,    0,    0,    0,  -18,  -12,    0,    0,    0,    0,    0,    0,    0,    0,    0,
       0,    0,    0,    0,    0,    0,    0,    0,    0,    0,    0,  -42,  -30,    0,  -36,    0,   12,    0,   12,    0,    0,    0,    0,  -48,  -54,    0,  -54,    0,    0,    0,    0,  -28,  -28,  -36,    0,  -24,    0,    0,  -12,  -12,    0, -103,    0,    0,   12,    0,
       0,    0,    0,    0,    0,    0,    0,    0,    0,    0,    0,    0,  -18,    0,    0,    0,    0,    0,    0,    0,    0,    0,    0,    0,    0,    0,  -18,    0,    0,    0,    0,    0,    0,    0,  -18,    0,    0,    0,    0,    0,    0,    0,    0,    0,    0,    0,
       0,    0,    0,    0,    0,    0,    0,    0,    0,    0,    0,    0,    0,    0,    0,    0,  -53,    0,    0,    0,    0,  -35,    0,    0,    0,    0,    0,    0,    0,    0,    0,    0,    0,    0,    0,    0,    0,    0,    0,    0,    0,    0,    0,    0,    0,    0,
       0,    0,    0,    0,    0,    0,    0,    0,    0,    0,    0,    0,    0,    0,    0,    0,  -54,    0,  -30,  -15,  -13,  -54,    0,    0,    0,    0,    0,    0,    0,    0,    0,    0,    0,    0,    0,    0,    0,    0,    0,    0,    0,  -25,  -54,    0,  -54,    0,
       0,    0,    0,    0,    0,    0,    0,    0,    0,    0,    0,    0,    0,    0,    0,    0,  -36,    0,    0,  -18,    0,  -48,    0,    0,    0,    0,    0,    0,    0,    0,    0,    0,    0,    0,    0,    0,    0,    0,    0,    0,    0,   -8,  -48,    0,  -36,    0,
       0,    0,    0,    0,    0,    0,    0,    0,    0,    0,    0,    0,    0,    0,    0,    0,    0,    0,    0,    0,    0,    0,    0,    0,    0,    0,    0,    0,    0,   11,    0,    0,    0,    0,    0,    0,    0,    0,    0,    0,    0,    0,    0,    0,    0,    0,
       0,    0,    0,    0,    0,    0,    0,    0,    0,    0,    0,    0,    0,    0,    0,    0,  -42,    0,  -24,  -18,  -12,  -48,    0,    0,    0,    0,    0,    0,    0,    0,    0,    0,    0,    0,    0,    0,    0,    0,    0,    0,    0,  -20,  -48,    0,  -42,    0,
       0,    0,    0,    0,    0,    0,    0,    0,    0,    0,    0,    0,    0,    0,    0,    0,   18,    0,    0,   12,    0,    0,    0,  -20,  -13,    0,    0,    0,    0,    0,    0,    0,    0,    0,    0,    0,    0,    0,    0,    0,    0,  -52,    0,    0,   18,    0,
       0,    0,    0,    0,    0,    0,    0,    0,    0,    0,    0,    0,    0,    0,    0,    0,    0,    0,    0,    0,    0,  -30,    0,    0,    0,    0,    0,    0,    0,    0,    0,    0,    0,    0,    0,    0,    0,    0,    0,    0,    0,    0,  -30,    0,    0,    0,
       0,    0,    0,    0,    0,    0,    0,    0,    0,    0,    0,    0,    0,    0,    0,    0,  -44,    0,  -18,  -18,    0,  -42,    0,    0,   -7,    0,   -9,    0,    0,    0,    0,    0,    0,    0,   -8,    0,    0,    0,    0,    0,    0,  -12,  -42,    0,  -44,    0,
       0,    0,    0,    0,    0,    0,    0,    0,    0,    0,    0,    0,    0,    0,    0,    0,    0,    0,    0,    0,    0,    0,    0,    0,    0,    0,    0,    0,    0,   15,    0,    0,    0,    0,    0,    0,    0,    0,    0,    0,    0,    0,    0,   15,    0,    0,
       0,    0,    0,    0,    0,    0,    0,    0,    0,    0,    0,   18,  -12,    0,    0,    0,    0,    0,    0,    0,    0,    0,    0,    0,  -10,    0,    0,    0,    0,    0,    0,    0,    0,    0,   -8,    0,    0,    0,    0,    0,    0,    0,    0,    0,    0,    0,
       0,    0,   22,    0,    0,    0,    0,    0,    0,    0,    0,    0,    0,    0,    0,    0,    0,    0,    0,    0,   12,    0,    0,    0,    0,    0,    0,    0,  -12,    0,    0,    0,    8,    0,    0,    0,    8,    0,    0,    0,    0,    8,    0,    0,    0,    0,
       0,    0,    0,    0,    0,    0,    0,    0,    0,    0,    0,    0,    0,    0,    0,    0,  -30,    0,    0,    0,    0,  -18,    0,    0,    0,    0,    0,    0,    0,    0,    0,    0,    0,    0,    0,    0,    0,    0,    0,    0,    0,    0,  -18,    0,  -30,    0,
       0,    0,    0,    0,    0,    0,    0,    0,    0,    0,    0,    0,    0,    0,  -51,    0,  -12,    0,    0,   18,    0,    0,    0,  -10,    0,   12,    0,    0,    0,    0,    0,    0,    0,    0,   10,    0,   16,   15,   13,    0,    0,  -76,    0,    0,  -12,    0,
       0,    0,    0,    0,    0,    0,    0,    0,    0,    0,    0,    0,    0,    0,   13,    0,  -30,    0,  -12,    0,    0,  -35,    0,    0,    0,    0,    0,    0,    0,    0,    0,    0,    0,    0,    0,    0,    0,    0,    0,    0,    0,   -4,  -35,    0,  -30,    0,
       0,    0,    0,    0,    0,    0,    0,    0,    0,    0,    0,   15,    0,    0,    0,    0,    0,    0,    0,    0,    0,  -18,    0,    0,    0,    0,    0,    0,    0,    0,    0,    0,    0,    0,    0,    0,    0,    0,    0,    0,    0,    0,  -18,    0,    0,    0,
       0,    0,    0,    0,    0,    0,    0,    0,    0,    0,    0,    0,    0,    0,    0,    0,  -41,    0,    0,    0,    0,  -25,    0,    0,    0,    0,    0,    0,    0,    0,    0,    0,    0,    0,    0,    0,    0,    0,    0,    0,    0,  -17,  -25,    0,  -41,    0,
       0,    0,    0,    0,    0,    0,    0,    0,    0,    0,    0,  -35,    0,    0,    0,    0,   -6,    0,    0,    0,  -12,    0,  -12,  -12,    0,   13,    0,    0,    0,    0,    0,    0,    0,   13,    0,    0,    6,    6,    0,    0,    0,  -64,    0,    0,   -6,    0,
       0,    0,    0,    0,    0,    0,    0,    0,    0,    0,    0,    0,    0,    0,    0,    0,   -6,    0,    0,    0,    0,    0,    0,    0,    0,    8,    0,    0,    0,    0,    0,    0,    0,    0,    0,    0,    6,    6,    0,    0,    0,  -63,    0,    0,   -6,    0,
       0,    0,    0,    0,    0,    0,    0,    0,    0,    0,    0,   13,    0,    0,    0,    0,    0,    0,    0,    0,    0,  -12,    0,    0,    0,    0,    0,    0,    0,    0,    0,    0,    0,    0,    0,    0,    0,    0,    0,    0,    0,    0,  -12,    0,    0,    0,
       0,    0,    0,    0,    0,    0,    0,    0,    0,    0,    0,    0,    0,    0,    0,    0,    0,    0,    0,    0,    0,  -12,    0,    0,    0,    0,    0,    0,    0,    0,    0,    0,    0,    0,    0,    0,    0,    0,    0,    0,    0,    0,  -12,    0,    0,    0,
       0,    0,    0,    0,    0,    0,    0,    0,    0,    0,    0,    0,    0,    0,    0,    0,  -44,    0,  -18,  -18,    0,  -42,    0,    0,   -7,    0,   -9,    0,    0,   35,    0,    0,    0,    0,   -8,    0,    0,    0,    0,    0,    0,  -12,  -42,    0,  -44,    0,
       0,    0,   22,    0,    0,    0,    0,    0,    0,    0,    0,    0,   17,   25,    0,   19,   63,   25,   59,   59,   51,   57,   34,    0,    0,   32,    0,   25,   13,   25,   25,   19,   19,    0,   25,    0,   42,   34,   34,   25,    0,    8,   57,   25,   63,   34,
       0,    0,   22,    0,    0,    0,    0,    0,    0,    0,    0,    0,    0,    0,    0,    0,    0,    0,    0,    0,   12,    0,    0,    0,    0,    0,    0,    0,  -12,    0,    0,    0,    0,    0,    0,    0,    8,    0,    0,    0,    0,    8,    0,    0,    0,    0,
       0,    0,  -42,    0,    0,    0,    0,    0,    0,    0,    0,  -17,    0,    0,    0,    0,   25,    0,   17,   17,    8,    8,    0,    0,    0,    0,    0,    0,    0,    0,    0,    0,    0,    0,    0,    0,    0,    0,    0,    0,    0,  -34,    8,    0,   25,    0,
       0,    0,  -42,    0,    0,    0,    0,    0,    0,    0,    0,  -17,    0,    0,    0,   17,   17,    0,   17,   17,    0,    0,    0,    0,    0,    0,    0,    8,    8,    0,    8,    0,    0,    0,   16,    0,   25,   25,   17,    0,    0,  -25,    0,    0,   17,    0,
       0,    0,  -42,    0,    0,    0,    0,    0,    0,    0,    0,  -34,    0,    0,   -8,    0,   34,    0,   25,   25,    8,   17,    0,  -17,   -8,    0,   -9,    0,    0,    0,    0,    0,    0,    0,    0,   -8,    0,    0,    0,   -8,    0,  -42,   17,    0,   34,    0,
       0,    0,  -25,    0,    0,    0,    0,    0,    0,    0,    0,  -17,    0,    0,  -17,   17,   25,    0,   25,   25,    0,    0,    0,   -8,   -8,   17,   -8,    0,    0,    0,    0,    0,    0,   -8,   17,    0,   25,   25,   25,    0,    0,  -25,    0,    0,   25,    0,
       0,    0,    0,    0,    0,    0,    0,    0,    0,    0,    0,    0,    0,    0,    0,    0,    0,    0,    0,    0,    0,    0,    0,    0,    0,    0,    0,    0,    0,    0,    0,    0,    0,  -18,    0,    0,    0,    0,    0,    0,    0,    0,    0,    0,    0,    0,
};

static const EpdLigaturePair lexica_19_bolditalicLigaturePairs[] = {
    { 0x00660066, 0xFB00 }, // f f -> U+FB00
    { 0x00660069, 0xFB01 }, // f i -> U+FB01
    { 0x0066006C, 0xFB02 }, // f l -> U+FB02
    { 0xFB000069, 0xFB03 }, // U+FB00 i -> U+FB03
    { 0xFB00006C, 0xFB04 }, // U+FB00 l -> U+FB04
};

static const EpdFontData lexica_19_bolditalic = {
    lexica_19_bolditalicBitmaps,
    lexica_19_bolditalicGlyphs,
    lexica_19_bolditalicIntervals,
    43,
    49,
    38,
    -12,
    true,
    lexica_19_bolditalicGroups,
    12,
    nullptr,
    lexica_19_bolditalicKernLeftClasses,
    lexica_19_bolditalicKernRightClasses,
    lexica_19_bolditalicKernMatrix,
    349,
    329,
    62,
    46,
    lexica_19_bolditalicLigaturePairs,
    5,
};
