/**
 * generated by fontconvert.py
 * name: lexica_15_bold
 * size: 15
 * mode: 2-bit  compressed: true
 * Command used: fontconvert.py lexica_15_bold 15 ../builtinFonts/source/lexica-ultralegible/LexicaUltralegible-Bold.ttf --2bit --compress
 */
#pragma once
#include "EpdFontData.h"

static const uint8_t lexica_15_boldBitmaps[16448] = {
    0xAD, 0x59, 0xBD, 0x92, 0xE4, 0x56, 0x15, 0x3E, 0xDD, 0x82, 0x51, 0x51, 0xAA, 0x42, 0xB9, 0x37,
    0x50, 0x42, 0x40, 0x11, 0xA0, 0x17, 0x18, 0x5B, 0x02, 0x3F, 0x80, 0xC9, 0x09, 0x4C, 0x6E, 0xAA,
    0xE6, 0x05, 0xA0, 0xA4, 0xB2, 0x03, 0x42, 0xE6, 0x0D, 0x70, 0xB8, 0xDB, 0x1B, 0x0C, 0xE1, 0x06,
    0xD8, 0x57, 0xBB, 0x1B, 0x38, 0x70, 0xB0, 0x2A, 0x1C, 0x12, 0xAC, 0xC0, 0x13, 0x50, 0x9B, 0xCC,
    0xC5, 0x88, 0xB2, 0x66, 0x56, 0xD2, 0xE1, 0xFB, 0xCE, 0x55, 0xF7, 0xF4, 0xFC, 0xEC, 0xEC, 0xD8,
    0xE5, 0x6E, 0xE9, 0x74, 0xB7, 0xEE, 0xFF, 0xF9, 0xFD, 0xCE, 0x69, 0xF5, 0xBA, 0xF7, 0x76, 0x5D,
    0xD5, 0x56, 0x6D, 0xD1, 0xF0, 0x2D, 0x78, 0xE5, 0xB5, 0xEB, 0xC2, 0xF3, 0xBC, 0xD6, 0xD4, 0xDF,
    0xBC, 0x24, 0x9A, 0x45, 0x45, 0xA2, 0x69, 0x45, 0x3A, 0xAE, 0x41, 0x63, 0xD2, 0x58, 0xF1, 0x9A,
    0x13, 0xD2, 0x29, 0xBD, 0xA4, 0xA3, 0xA4, 0x7D, 0x3C, 0x8A, 0xA4, 0x3E, 0x01, 0xCD, 0x16, 0x9A,
    0x0E, 0x58, 0x89, 0x34, 0x67, 0x9F, 0xBE, 0x20, 0xF5, 0xFB, 0x54, 0xAA, 0x26, 0xEF, 0x04, 0xB4,
    0x00, 0x75, 0x4D, 0xD1, 0x82, 0xD6, 0xA4, 0x72, 0x28, 0x0B, 0x39, 0x98, 0x8F, 0xF1, 0x50, 0x27,
    0x89, 0x30, 0xA0, 0xE6, 0x62, 0x6D, 0x3E, 0xFD, 0x51, 0xBB, 0xC2, 0x1F, 0xBE, 0x27, 0x20, 0x22,
    0xC5, 0x00, 0x92, 0x2B, 0x57, 0xC7, 0x22, 0xA1, 0x9F, 0x54, 0xAA, 0x9D, 0xAC, 0x1C, 0x7E, 0xCB,
    0xBB, 0x0E, 0xDB, 0x38, 0xCC, 0xC6, 0x75, 0x77, 0x98, 0x8E, 0x45, 0x7F, 0x98, 0x0D, 0xB9, 0x7E,
    0xE6, 0x3C, 0xA7, 0xEA, 0xB6, 0x9D, 0xD1, 0x63, 0xF5, 0x79, 0xB9, 0xB7, 0xEE, 0x4A, 0xF1, 0x6B,
    0xE2, 0x94, 0x5E, 0xD6, 0x68, 0x2D, 0x30, 0x7F, 0xEC, 0xB1, 0x55, 0xEC, 0x24, 0x05, 0x0B, 0xF5,
    0x63, 0x95, 0xA2, 0xC6, 0x27, 0xDE, 0x4E, 0xEC, 0x73, 0x35, 0x8A, 0x3D, 0x8F, 0xB0, 0x26, 0xFB,
    0x25, 0xDD, 0x3B, 0x25, 0xF6, 0x35, 0x64, 0x4F, 0xB1, 0x8B, 0x04, 0x3B, 0x4E, 0x74, 0x16, 0xD9,
    0x08, 0x39, 0x86, 0x1E, 0xEB, 0x21, 0xF7, 0x58, 0x1B, 0xB3, 0x06, 0xA1, 0xA4, 0x6D, 0xF8, 0x2C,
    0xEA, 0xF0, 0xE9, 0x24, 0xEF, 0x1C, 0xDA, 0x47, 0xC9, 0x14, 0x9B, 0x89, 0x38, 0x07, 0xC6, 0x27,
    0x1D, 0x4E, 0x48, 0xEE, 0xA2, 0x4B, 0x05, 0x4E, 0xAD, 0x1E, 0x99, 0x3C, 0x95, 0x4C, 0x73, 0x76,
    0x0E, 0xC8, 0x04, 0x22, 0xD3, 0x4F, 0x66, 0x52, 0x13, 0xE2, 0x42, 0x7F, 0x05, 0xBA, 0xD6, 0xE7,
    0x13, 0xB7, 0xC9, 0x29, 0xD0, 0xDF, 0x1B, 0xAD, 0xAB, 0x1A, 0x12, 0x2D, 0x5D, 0x09, 0x39, 0xB5,
    0x2A, 0xD5, 0x50, 0x7D, 0x83, 0x21, 0x6D, 0x8E, 0x89, 0xB4, 0x49, 0xD0, 0x55, 0x9B, 0x35, 0xBA,
    0x3A, 0x4F, 0x5A, 0x29, 0x97, 0xC9, 0x28, 0x7A, 0x6A, 0xC3, 0x6B, 0xEC, 0xED, 0xE8, 0x7C, 0xA5,
    0x8D, 0x86, 0x17, 0x74, 0x04, 0xAA, 0x03, 0xF9, 0x53, 0xEC, 0x1E, 0x12, 0x12, 0xC8, 0x16, 0x1B,
    0x75, 0x0D, 0x66, 0xB9, 0x7E, 0xE1, 0xA1, 0x6B, 0xA5, 0xEA, 0xD8, 0x0D, 0x9D, 0xB3, 0x41, 0x52,
    0xB0, 0x79, 0xE6, 0x8E, 0x85, 0x72, 0x69, 0xB3, 0x9E, 0x53, 0x61, 0x42, 0x4C, 0x4B, 0x91, 0x5C,
    0x19, 0x13, 0x2E, 0xBF, 0xBD, 0x3A, 0x3E, 0xDC, 0xAE, 0xB4, 0xD2, 0x7A, 0x7F, 0x27, 0x68, 0xC7,
    0x20, 0xF0, 0x12, 0xD7, 0xCF, 0xC6, 0xDF, 0x55, 0xD0, 0x7C, 0xED, 0x13, 0xAD, 0x63, 0x95, 0xF4,
    0xAC, 0xC9, 0xFE, 0xDC, 0xAC, 0xD7, 0x54, 0xDE, 0x5B, 0xEF, 0xCD, 0xC9, 0xC5, 0x46, 0xF7, 0x5E,
    0x6F, 0xEA, 0x77, 0x69, 0x53, 0x59, 0x93, 0x36, 0x59, 0x99, 0xCB, 0x7B, 0xB2, 0xD9, 0x7C, 0x0A,
    0x35, 0x0F, 0xD7, 0xBE, 0xCD, 0x51, 0xDB, 0x85, 0xA7, 0xE1, 0xA1, 0x68, 0x5C, 0x11, 0x45, 0x4B,
    0x15, 0xA6, 0x68, 0x7B, 0x9A, 0x8D, 0xF0, 0x44, 0x26, 0x62, 0x6D, 0x8C, 0x1B, 0xEB, 0x20, 0x4A,
    0x89, 0xA7, 0xD0, 0x2D, 0x58, 0x97, 0xF0, 0x6C, 0xD6, 0x4D, 0x1E, 0xCC, 0x25, 0xA5, 0xEF, 0x29,
    0x96, 0x89, 0xC6, 0x00, 0x15, 0x1D, 0x23, 0xAD, 0x0B, 0x0A, 0xD0, 0x41, 0x4F, 0x5B, 0x77, 0x56,
    0x56, 0x9D, 0xBE, 0x80, 0xB9, 0xE9, 0x73, 0x5F, 0x78, 0x7D, 0x3A, 0x80, 0x34, 0x13, 0x49, 0x51,
    0x74, 0xAE, 0xC9, 0xB4, 0x73, 0x6D, 0xA2, 0x6D, 0xE1, 0x23, 0x3C, 0x19, 0xA2, 0x60, 0x70, 0x61,
    0x3E, 0x9B, 0xD9, 0xD6, 0xB0, 0xC3, 0x42, 0x11, 0xFC, 0x11, 0xD9, 0xB8, 0x5C, 0x7B, 0x82, 0x78,
    0xDB, 0x95, 0x53, 0x9C, 0xDA, 0x61, 0xEA, 0x31, 0x57, 0x87, 0xD5, 0x13, 0x3D, 0x68, 0xA3, 0xE5,
    0x74, 0xBC, 0x13, 0x30, 0x23, 0xC3, 0x09, 0xAB, 0x1E, 0xAB, 0x76, 0xD0, 0xFB, 0x9A, 0x63, 0x04,
    0x66, 0x14, 0x83, 0x17, 0x05, 0xCE, 0xAF, 0xF3, 0xE6, 0xAA, 0x4C, 0x1E, 0xA0, 0x0F, 0x76, 0x38,
    0x08, 0x5D, 0x13, 0xB4, 0x13, 0x4A, 0x9D, 0xF5, 0x6B, 0xF4, 0x3E, 0x36, 0xF6, 0xAD, 0x68, 0x69,
    0x0F, 0x38, 0x35, 0x8D, 0x23, 0xE1, 0x49, 0xEC, 0xDB, 0x81, 0x99, 0x62, 0xCC, 0x56, 0xEB, 0x07,
    0x72, 0xD0, 0x81, 0x14, 0x18, 0x5B, 0x53, 0xC7, 0x39, 0x9F, 0x9D, 0xBD, 0x5F, 0xCE, 0x6E, 0x1B,
    0x03, 0x5F, 0xD9, 0x77, 0xA4, 0x3D, 0x8D, 0x1C, 0x4F, 0xA9, 0x91, 0xD0, 0x4D, 0x88, 0xBE, 0x18,
    0xF1, 0x9C, 0x9A, 0x3C, 0x81, 0x64, 0x3D, 0x48, 0xD1, 0x81, 0x98, 0xCB, 0xBB, 0x24, 0x9B, 0xCD,
    0xC9, 0xFC, 0x69, 0x10, 0xE5, 0x2D, 0xC4, 0x18, 0x9F, 0x86, 0xC3, 0x90, 0x5C, 0x6C, 0x36, 0x26,
    0x6D, 0xA1, 0xC3, 0x94, 0xE2, 0x9F, 0x8F, 0xB8, 0x18, 0x98, 0x53, 0xD0, 0x94, 0x41, 0x66, 0x29,
    0xA0, 0xD0, 0xB2, 0x82, 0xA5, 0xDA, 0x61, 0xF6, 0x4E, 0x94, 0xD0, 0x1A, 0x2A, 0x1F, 0x2B, 0xED,
    0x7B, 0xE6, 0xA4, 0xA3, 0x09, 0x40, 0x8C, 0xAB, 0xE1, 0x58, 0x2E, 0x78, 0x4E, 0xAE, 0x7B, 0x72,
    0x8E, 0x3D, 0xAF, 0x30, 0x3D, 0x75, 0xAA, 0x7A, 0x8A, 0x85, 0xDC, 0x19, 0x3A, 0x9B, 0x97, 0xA7,
    0xF3, 0x17, 0x1D, 0x12, 0xBA, 0x07, 0x2C, 0x64, 0x56, 0x6C, 0x84, 0x46, 0x57, 0x57, 0x2D, 0x16,
    0x2A, 0x7A, 0x18, 0x15, 0xE4, 0x7A, 0x63, 0xA1, 0x7D, 0x79, 0xE1, 0xEC, 0x8B, 0x9C, 0x79, 0xDE,
    0x7C, 0x08, 0x5A, 0xEC, 0x3A, 0xDB, 0x33, 0xC5, 0x16, 0xC1, 0x2E, 0xB0, 0x8A, 0xA4, 0x10, 0x52,
    0x4E, 0xC6, 0x82, 0xFF, 0x0E, 0x5D, 0xE0, 0xE7, 0xF6, 0x9B, 0xE5, 0xC1, 0xB9, 0x79, 0x33, 0x3E,
    0x81, 0x50, 0x13, 0x85, 0xAF, 0x4F, 0x07, 0x44, 0xA2, 0xD4, 0x47, 0x63, 0xF8, 0x16, 0xAB, 0xEB,
    0x43, 0x6B, 0xBA, 0xB0, 0x0A, 0x96, 0x80, 0x3D, 0x96, 0xDA, 0xAE, 0x96, 0xCD, 0xEF, 0x1D, 0xC3,
    0xD3, 0x5E, 0xA0, 0x3D, 0xE4, 0xFA, 0x14, 0x86, 0xC9, 0x11, 0x19, 0x74, 0x74, 0xCA, 0x5F, 0x9C,
    0xA3, 0x29, 0x66, 0xF5, 0x74, 0x4D, 0xAE, 0x8E, 0x07, 0xF8, 0x98, 0x71, 0x7B, 0xBB, 0x3A, 0x19,
    0xF8, 0x9C, 0xED, 0xE8, 0x07, 0x95, 0xC6, 0x9C, 0x15, 0x7D, 0xF7, 0x9E, 0xD5, 0xE6, 0x7D, 0x38,
    0x2B, 0xB8, 0x72, 0xD5, 0x21, 0x84, 0xD7, 0xFE, 0xB3, 0xDB, 0xDA, 0xE5, 0x56, 0x37, 0x83, 0xD7,
    0x4F, 0x18, 0xC1, 0xA0, 0x85, 0xB4, 0xAD, 0x59, 0x8E, 0x74, 0x82, 0xD1, 0xD6, 0x4E, 0x4F, 0x45,
    0xCF, 0xCD, 0x72, 0xC0, 0xA4, 0x63, 0x1C, 0x6A, 0x0E, 0xA2, 0xB6, 0x50, 0x52, 0xE1, 0x5E, 0x53,
    0x03, 0x7E, 0xC9, 0x09, 0x36, 0x9B, 0x6B, 0x26, 0xB5, 0xBC, 0xAE, 0x3F, 0xA7, 0x56, 0x70, 0x10,
    0xC5, 0xCA, 0xC0, 0xC4, 0x68, 0x70, 0xC0, 0x28, 0x6A, 0x06, 0x00, 0xB1, 0x53, 0xD8, 0xB1, 0x4E,
    0x08, 0xBE, 0xDD, 0x11, 0x23, 0x08, 0xD6, 0x65, 0x5C, 0x62, 0x40, 0x3D, 0xDD, 0x4E, 0x0A, 0x96,
    0xC6, 0x74, 0x89, 0x90, 0x88, 0x83, 0xAA, 0x54, 0x6D, 0xAC, 0xEB, 0xD2, 0x4C, 0x1F, 0x77, 0xC5,
    0xC0, 0xC2, 0x10, 0xD3, 0x9A, 0xAD, 0x9B, 0x7F, 0xEB, 0xF6, 0x19, 0xB0, 0x68, 0x8A, 0x0F, 0x37,
    0xBF, 0xF3, 0xD9, 0x4A, 0x4F, 0x2D, 0x12, 0x72, 0x21, 0xFD, 0xCD, 0x51, 0xC7, 0x90, 0xB9, 0x1A,
    0x2C, 0x5A, 0xBF, 0x2B, 0xB9, 0xB8, 0xD3, 0x4C, 0x0E, 0x61, 0xA9, 0x49, 0xFD, 0x24, 0xD5, 0x31,
    0x6E, 0xFA, 0xBC, 0x19, 0xA3, 0xA6, 0x2F, 0x04, 0xD4, 0x2F, 0x74, 0xC5, 0xE7, 0xC5, 0x9F, 0xE6,
    0xB4, 0x79, 0x42, 0xAB, 0x2B, 0x0F, 0x13, 0xFD, 0x70, 0x96, 0x7C, 0xF5, 0xE4, 0xE0, 0xD4, 0xE6,
    0x11, 0xB1, 0xE0, 0xCE, 0xF9, 0x7F, 0x2F, 0x0B, 0xE8, 0x58, 0xD6, 0x35, 0x7E, 0xC8, 0xDA, 0x22,
    0x6A, 0x44, 0x7E, 0x07, 0xAF, 0x20, 0x89, 0xD1, 0x94, 0xFC, 0x96, 0xEC, 0x5B, 0x72, 0xB5, 0xF8,
    0x86, 0x3B, 0x84, 0x0B, 0xE6, 0x39, 0x5A, 0x73, 0xEE, 0x0D, 0x82, 0x13, 0x4D, 0x07, 0x58, 0x43,
    0x4B, 0xD0, 0x48, 0x5F, 0x41, 0x91, 0xE3, 0x00, 0xAC, 0x74, 0xEB, 0xCD, 0x67, 0x1A, 0x0A, 0x98,
    0x54, 0x50, 0x9F, 0xCB, 0xCA, 0x63, 0x48, 0x13, 0x4C, 0x46, 0x8D, 0xC9, 0x6A, 0xDC, 0x86, 0xE4,
    0xF4, 0xD5, 0x09, 0x6D, 0xF3, 0x9A, 0x7A, 0x63, 0x01, 0x36, 0xEC, 0x0C, 0xD9, 0xBE, 0x85, 0x06,
    0xEE, 0x02, 0x81, 0x01, 0xBE, 0xD5, 0x6F, 0x09, 0x94, 0x0C, 0x9D, 0x2D, 0xAA, 0xD7, 0xC1, 0xEA,
    0xB9, 0x06, 0x24, 0xCD, 0xA0, 0xA4, 0xE6, 0xC1, 0x89, 0x0D, 0x20, 0xC4, 0x6C, 0x82, 0xA3, 0xC6,
    0x9E, 0x7E, 0x5A, 0x9A, 0x94, 0x18, 0x67, 0xB7, 0x9E, 0xE7, 0x26, 0xB1, 0x56, 0xEB, 0x67, 0x23,
    0xF2, 0x09, 0xF0, 0x2D, 0x05, 0x88, 0xF0, 0x44, 0x62, 0x58, 0x95, 0x7C, 0x3A, 0x30, 0x6F, 0x73,
    0x6E, 0x1E, 0xA3, 0x5F, 0x5C, 0xCE, 0x2B, 0x6E, 0xA3, 0x39, 0xB0, 0x9D, 0xBA, 0xDD, 0x26, 0xB3,
    0x01, 0x24, 0x35, 0x32, 0x5E, 0x25, 0xC3, 0xB6, 0x35, 0x1C, 0xC6, 0x13, 0xC1, 0xB4, 0x61, 0x96,
    0xE5, 0x30, 0xFD, 0x6E, 0x8D, 0xAB, 0xAF, 0x66, 0x09, 0xB8, 0xDB, 0xDB, 0x7A, 0xEF, 0xDD, 0xD7,
    0xDB, 0x9B, 0x5B, 0xE6, 0x00, 0x87, 0xAF, 0xDC, 0x37, 0xFB, 0xDF, 0xDD, 0x7E, 0xCB, 0x0D, 0xAE,
    0x9C, 0x92, 0xF3, 0x5A, 0x92, 0xF3, 0x5D, 0x02, 0x9E, 0xF5, 0x30, 0xF6, 0xBC, 0x05, 0x1F, 0x7F,
    0x2C, 0x37, 0x38, 0x9F, 0x6C, 0xC5, 0x13, 0xC8, 0xC1, 0x63, 0x45, 0x6B, 0xA4, 0x15, 0xD1, 0x63,
    0xC1, 0x38, 0x0A, 0x23, 0xCD, 0x94, 0x9C, 0xD7, 0xC8, 0x74, 0x01, 0x10, 0xDB, 0x41, 0x59, 0x8F,
    0xAB, 0x2B, 0x5A, 0x70, 0x17, 0xB9, 0x1A, 0xCD, 0x02, 0xB9, 0xEF, 0xD8, 0x30, 0xC1, 0x18, 0xAE,
    0xC7, 0xFA, 0x10, 0x5A, 0x7D, 0x9F, 0x0B, 0x3D, 0x77, 0xA3, 0xEE, 0xD2, 0xB2, 0xFB, 0x93, 0x35,
    0x54, 0x0D, 0x76, 0x07, 0x18, 0x96, 0x03, 0x2A, 0xD1, 0xCC, 0xE8, 0xBC, 0x30, 0x7B, 0x80, 0x3B,
    0xD9, 0x6C, 0x98, 0x93, 0x27, 0x8B, 0x68, 0x2A, 0xA9, 0x12, 0x1C, 0x18, 0x9E, 0x82, 0xFE, 0x3C,
    0x83, 0x87, 0xD2, 0x2F, 0x09, 0x4B, 0x5F, 0x5A, 0x7C, 0x1B, 0x76, 0x64, 0x32, 0x21, 0x1B, 0xA9,
    0x45, 0xFF, 0xC3, 0x7E, 0x88, 0x2D, 0xDB, 0xB1, 0x29, 0xD5, 0x88, 0x11, 0x08, 0x4A, 0x69, 0xD6,
    0x49, 0xD3, 0xAB, 0xFA, 0xFB, 0xA8, 0xC1, 0x5B, 0xEF, 0xEB, 0xAA, 0xB5, 0x04, 0xDE, 0x85, 0xAE,
    0xCC, 0x9E, 0xD7, 0xA6, 0xE7, 0x26, 0xF7, 0x26, 0x86, 0x06, 0x9C, 0xB5, 0xC9, 0xB7, 0xAA, 0x2F,
    0xBB, 0xF4, 0xBF, 0xAA, 0x2F, 0x3C, 0xE9, 0x97, 0x7D, 0xF6, 0x95, 0xEA, 0x17, 0x43, 0xFE, 0x5C,
    0xF5, 0xF9, 0x58, 0x80, 0x3E, 0x1B, 0xAB, 0x4F, 0x54, 0x9F, 0x4E, 0xEE, 0x7D, 0xFA, 0x0C, 0x2A,
    0x4D, 0xA3, 0x33, 0xA9, 0x9B, 0x48, 0x09, 0x34, 0x03, 0x64, 0xD4, 0x26, 0xEF, 0x49, 0x33, 0x9A,
    0x34, 0x01, 0x3D, 0x7D, 0x18, 0xF7, 0x01, 0xA2, 0x46, 0x6A, 0x92, 0x86, 0x04, 0xA8, 0x48, 0x5F,
    0x7A, 0x90, 0x17, 0x23, 0xC8, 0x17, 0x80, 0x4B, 0xFA, 0x1C, 0xC0, 0x49, 0x9F, 0xEA, 0x07, 0x30,
    0x0A, 0x3C, 0xD5, 0xA6, 0x7A, 0x09, 0x92, 0xD3, 0x46, 0x52, 0x92, 0x84, 0x24, 0x22, 0x59, 0x9B,
    0xDD, 0x18, 0x71, 0x84, 0x19, 0x83, 0x18, 0x22, 0x6A, 0xEC, 0x8C, 0xD4, 0xF0, 0xD7, 0x90, 0x02,
    0x2C, 0x24, 0x81, 0x47, 0x1D, 0x08, 0x1A, 0x2A, 0x83, 0x0F, 0x34, 0x12, 0x73, 0x75, 0x41, 0x0D,
    0x6F, 0xA5, 0xA1, 0x4F, 0xE8, 0x1F, 0xC6, 0x86, 0x79, 0x62, 0xBD, 0x08, 0x60, 0x90, 0xFE, 0xDD,
    0xD6, 0x0A, 0xEB, 0x42, 0x69, 0xCA, 0x9D, 0xB3, 0x82, 0x0F, 0x7E, 0xE5, 0xA8, 0x26, 0x51, 0xF0,
    0xC1, 0xF5, 0x75, 0x1F, 0x6C, 0x92, 0x5F, 0xDC, 0xAF, 0x39, 0x6C, 0xA8, 0xE0, 0xAB, 0x47, 0xF7,
    0xD2, 0xD7, 0xCB, 0x63, 0xD6, 0x37, 0x8F, 0x29, 0x77, 0x1C, 0xB3, 0x24, 0x8D, 0x3A, 0x52, 0xE4,
    0xC0, 0xA4, 0x5A, 0xE1, 0x98, 0x90, 0x10, 0x8F, 0xE9, 0xEC, 0x98, 0xB9, 0x1D, 0x33, 0x63, 0x52,
    0x04, 0x9D, 0x68, 0x4D, 0x55, 0x7A, 0xC6, 0xD3, 0x33, 0x9C, 0xD9, 0x9D, 0xAF, 0x47, 0x8B, 0x7C,
    0x7F, 0x0D, 0x41, 0xF8, 0xCA, 0x91, 0xE7, 0x2B, 0x47, 0x96, 0xAB, 0x61, 0x87, 0xCF, 0xAC, 0x75,
    0xCF, 0xEF, 0xD2, 0x28, 0x9E, 0x85, 0x76, 0xA2, 0xED, 0x8A, 0x96, 0x91, 0xEF, 0x2C, 0x83, 0xF9,
    0xEA, 0xCE, 0x32, 0xE8, 0x93, 0x82, 0x17, 0x8E, 0x43, 0x01, 0x00, 0x58, 0x14, 0x61, 0xD0, 0x21,
    0x47, 0x91, 0x9F, 0x1B, 0x36, 0x30, 0x90, 0x80, 0x7D, 0x62, 0x43, 0x29, 0x39, 0x6A, 0x91, 0x89,
    0xFB, 0x46, 0xDB, 0x6F, 0x8D, 0x5F, 0xD5, 0x28, 0x68, 0x1B, 0x13, 0x40, 0xC0, 0x01, 0x06, 0x98,
    0xF7, 0x19, 0x23, 0x4E, 0x6C, 0xFD, 0x38, 0x33, 0x32, 0x83, 0x63, 0xB9, 0xCD, 0x9F, 0x19, 0x72,
    0xFB, 0xA1, 0xC9, 0x77, 0x73, 0x92, 0x6F, 0x22, 0x00, 0xDC, 0xC8, 0xD8, 0x98, 0x08, 0x17, 0x3D,
    0x02, 0x7D, 0xA1, 0x27, 0x4B, 0xB2, 0x66, 0x28, 0x1E, 0x00, 0xF0, 0x98, 0xC0, 0x88, 0x68, 0xC1,
    0x33, 0xA3, 0x06, 0x05, 0x94, 0xCE, 0x2D, 0xC1, 0x66, 0x52, 0x62, 0x5F, 0x80, 0x45, 0x93, 0x49,
    0x0C, 0x6F, 0x88, 0x45, 0x06, 0x31, 0x1C, 0x52, 0x86, 0x84, 0x93, 0xF8, 0x04, 0x52, 0x02, 0x56,
    0xA9, 0xBE, 0x32, 0xDC, 0xF2, 0x35, 0x31, 0x4C, 0xF1, 0x9A, 0xDC, 0xCE, 0x16, 0x54, 0x33, 0x18,
    0x0D, 0x68, 0x27, 0x20, 0x9F, 0xCE, 0x28, 0x0B, 0x39, 0xD0, 0xAE, 0x32, 0x1D, 0xAB, 0x8E, 0x59,
    0xE4, 0x58, 0x74, 0x48, 0xDD, 0xC0, 0x7D, 0xE4, 0x7A, 0x4D, 0xD6, 0xE7, 0xF8, 0x68, 0x73, 0x8F,
    0xD4, 0x88, 0x85, 0x9C, 0x74, 0xE0, 0x47, 0x97, 0x0E, 0xD9, 0x99, 0x2F, 0xDA, 0x64, 0xCC, 0xFF,
    0xE1, 0xAB, 0x26, 0x1E, 0x8B, 0x2F, 0x7B, 0xD7, 0x44, 0x53, 0xF1, 0x05, 0xC2, 0x78, 0x34, 0x17,
    0x9F, 0x8C, 0x70, 0x5C, 0x73, 0xF5, 0xFE, 0xA8, 0xE5, 0x4A, 0xDD, 0x7A, 0x36, 0x97, 0xB6, 0x0A,
    0x9E, 0x4D, 0x0C, 0xD7, 0x42, 0x77, 0x26, 0x43, 0x8F, 0xDC, 0x1C, 0x64, 0xEE, 0x46, 0x4B, 0xD4,
    0x2A, 0x66, 0x17, 0x03, 0xF1, 0x06, 0x7E, 0x70, 0x33, 0xCC, 0x4C, 0x84, 0xD9, 0x10, 0x01, 0x7E,
    0xC3, 0x66, 0xE2, 0x69, 0x0C, 0xB9, 0xE0, 0xC1, 0x73, 0x6A, 0xA7, 0xA4, 0x4B, 0x62, 0x38, 0x9A,
    0xD1, 0xF5, 0x06, 0xF3, 0xC2, 0x01, 0x03, 0xA8, 0x0B, 0x4C, 0xD0, 0xAD, 0xCF, 0xA1, 0x8F, 0xEF,
    0xD0, 0xA5, 0xB5, 0x5C, 0x83, 0x19, 0x37, 0x96, 0xC0, 0x42, 0x39, 0xA1, 0x6C, 0x59, 0x11, 0xB6,
    0xD1, 0xFF, 0xC7, 0xE6, 0x8B, 0xD0, 0x84, 0x24, 0x32, 0x23, 0xA8, 0xE3, 0xC6, 0xC0, 0x26, 0x47,
    0xE0, 0xD7, 0x90, 0x6B, 0xFA, 0x2F, 0xCE, 0x56, 0x19, 0x50, 0xCC, 0x0D, 0x34, 0xA6, 0xB6, 0x62,
    0x6C, 0x7B, 0x08, 0xEC, 0x5D, 0x7C, 0xC1, 0x77, 0xA3, 0xCC, 0x7B, 0x9A, 0x6B, 0x24, 0xC0, 0x6D,
    0xEE, 0xC4, 0x38, 0x14, 0xE0, 0x74, 0x14, 0x9E, 0x97, 0x96, 0x4B, 0x6C, 0x33, 0x5D, 0xBF, 0x08,
    0x95, 0xA9, 0x38, 0xCE, 0xBD, 0x7B, 0x6E, 0x00, 0xF2, 0x26, 0x61, 0x86, 0xA7, 0x72, 0x8F, 0xF7,
    0x92, 0x59, 0xB0, 0x7C, 0x41, 0x53, 0x66, 0x82, 0xCB, 0xB2, 0x06, 0x13, 0xA5, 0x78, 0x0A, 0xE6,
    0xC2, 0xB2, 0x87, 0xA5, 0xB3, 0xBA, 0x54, 0xBC, 0x58, 0x16, 0x61, 0x47, 0x96, 0x49, 0xD8, 0x91,
    0x65, 0x13, 0x96, 0x4F, 0xD8, 0xD1, 0xCA, 0x76, 0xEC, 0xE8, 0x9A, 0xEF, 0xB1, 0x8D, 0x50, 0xDA,
    0x61, 0x82, 0x4F, 0x97, 0x52, 0x99, 0x6A, 0x51, 0xD9, 0xA8, 0x85, 0xD4, 0x4B, 0x9F, 0xF6, 0x29,
    0x74, 0x17, 0xAA, 0xD9, 0x46, 0x13, 0xD2, 0xA2, 0x7A, 0x39, 0xAF, 0xDD, 0x7F, 0x40, 0x56, 0x04,
    0xC9, 0xB7, 0xF0, 0x32, 0x47, 0xE7, 0xB4, 0x42, 0xF8, 0x58, 0x64, 0x38, 0x33, 0xB2, 0xE5, 0x36,
    0x0B, 0x95, 0x9D, 0xD5, 0xD1, 0x08, 0x85, 0x1D, 0xA1, 0x37, 0x63, 0xD5, 0x13, 0xA7, 0xF2, 0xCE,
    0x2D, 0x4E, 0x3B, 0x2B, 0x86, 0xBC, 0x9E, 0xE2, 0xF9, 0xFD, 0xE9, 0xD6, 0xB8, 0xFE, 0x0C, 0xB3,
    0xBF, 0x04, 0x50, 0x80, 0x03, 0xB5, 0xB8, 0xEE, 0xD3, 0x49, 0xDB, 0x78, 0xB6, 0x30, 0xBE, 0x7F,
    0xF3, 0x19, 0xDB, 0x42, 0xFC, 0xEF, 0x31, 0xA6, 0xD5, 0x8F, 0xC1, 0x9D, 0xB0, 0x27, 0xBA, 0x08,
    0x8F, 0xFC, 0x76, 0xA8, 0x7C, 0x02, 0xEF, 0xB1, 0xBA, 0xB1, 0x8E, 0xC5, 0x0D, 0x9F, 0x30, 0x07,
    0x1E, 0xD8, 0xD7, 0x72, 0xD8, 0xA3, 0x73, 0x79, 0x73, 0x54, 0x62, 0x0A, 0x13, 0x33, 0x0C, 0x67,
    0x41, 0xAF, 0x1C, 0x4C, 0x0A, 0xE9, 0x35, 0x52, 0x9A, 0xF5, 0x8D, 0xF4, 0x3A, 0xE4, 0xD8, 0xDD,
    0x7A, 0xE9, 0x62, 0x9D, 0x6D, 0x18, 0xF2, 0x45, 0xCB, 0x39, 0xB0, 0x7C, 0x6E, 0xA2, 0x34, 0xC7,
    0xAF, 0x0C, 0x4A, 0x8E, 0x1E, 0x8A, 0xAE, 0x09, 0x63, 0xCB, 0x6D, 0x3A, 0xB2, 0xD5, 0xB5, 0xCB,
    0x94, 0xA2, 0x5F, 0xD7, 0xEC, 0x6C, 0xF9, 0x12, 0xE3, 0x20, 0xB5, 0x35, 0xA7, 0x62, 0xBF, 0xF3,
    0x10, 0x48, 0x81, 0x79, 0x9F, 0x8E, 0xF0, 0x80, 0xC1, 0xFD, 0xED, 0x40, 0xE4, 0xC9, 0xFC, 0x30,
    0x3C, 0xB9, 0xFB, 0x12, 0x77, 0xEC, 0x6E, 0x1C, 0xD2, 0xDB, 0x21, 0x57, 0x77, 0x1D, 0x72, 0x48,
    0x16, 0x4B, 0x43, 0xFE, 0xC7, 0x90, 0xC6, 0x84, 0xE4, 0x17, 0x65, 0xE0, 0x9C, 0x65, 0xAC, 0x75,
    0xCC, 0x6A, 0xC9, 0x25, 0xEA, 0x14, 0xAB, 0x96, 0x1C, 0x3C, 0x7A, 0x03, 0xB8, 0x7B, 0x36, 0x97,
    0x8B, 0x12, 0x78, 0x4C, 0x38, 0x40, 0xBD, 0x86, 0xA0, 0x44, 0xF7, 0xBB, 0xE5, 0x73, 0x30, 0xA6,
    0x8E, 0x0C, 0xCB, 0xB2, 0x4C, 0xF4, 0xF9, 0x92, 0x51, 0xB3, 0x36, 0x68, 0xD7, 0x47, 0xF7, 0x83,
    0xE1, 0x4C, 0xB7, 0x11, 0x5C, 0xE0, 0x15, 0x58, 0x15, 0xEE, 0x64, 0x57, 0x9E, 0xD0, 0xE6, 0xBB,
    0x5E, 0x1F, 0xB1, 0x32, 0x59, 0x73, 0xF5, 0xE1, 0x2E, 0xEC, 0x93, 0x11, 0x1C, 0x54, 0xBD, 0x98,
    0x93, 0x04, 0x46, 0x04, 0xF6, 0x78, 0x41, 0x64, 0x7B, 0x66, 0xE8, 0xCB, 0xEF, 0xC8, 0x18, 0xA0,
    0x82, 0x58, 0x59, 0x5A, 0xFF, 0x7E, 0x09, 0x31, 0x8A, 0x7E, 0x07, 0x31, 0xD4, 0x64, 0xF4, 0x96,
    0xF7, 0x85, 0xD3, 0x42, 0xA1, 0x81, 0xBF, 0x9E, 0xCB, 0xA3, 0x53, 0xD1, 0xBF, 0xE8, 0xD7, 0x4B,
    0x72, 0x6D, 0xC1, 0x06, 0x98, 0x08, 0xBA, 0x08, 0xE3, 0xB6, 0x1A, 0x18, 0x15, 0xAA, 0xF9, 0x81,
    0x3E, 0xB0, 0x1E, 0x16, 0xFB, 0xFE, 0x12, 0xDE, 0x73, 0x3D, 0xAC, 0x0C, 0x56, 0x70, 0x05, 0xEE,
    0x16, 0x37, 0xC1, 0x67, 0x6C, 0x63, 0x9F, 0x7D, 0x33, 0xA7, 0xAB, 0xD0, 0x17, 0xDF, 0xCB, 0xCD,
    0x74, 0xE6, 0xA2, 0x6E, 0xCB, 0x5C, 0x5D, 0x0B, 0xDB, 0x35, 0xEB, 0xB1, 0x5A, 0x26, 0x80, 0x0B,
    0xED, 0x47, 0xCC, 0x05, 0x88, 0x19, 0xCA, 0x1B, 0x15, 0xC4, 0x9C, 0xC8, 0xD2, 0x33, 0x8C, 0x0A,
    0x33, 0x84, 0xD9, 0x96, 0xF2, 0x89, 0x55, 0x05, 0x2D, 0x1A, 0xD5, 0xE1, 0xEF, 0x0C, 0x8B, 0xCA,
    0xA4, 0x09, 0xB8, 0xB9, 0x6E, 0x35, 0xED, 0x90, 0xF8, 0xAA, 0xDA, 0xD5, 0x8B, 0x25, 0x63, 0x6F,
    0xBC, 0xE4, 0xC8, 0xFE, 0xD6, 0x68, 0x33, 0xFB, 0xC3, 0xCA, 0x01, 0x2C, 0xC7, 0x35, 0x8B, 0x8F,
    0x39, 0xD2, 0x6F, 0xE8, 0x43, 0xB7, 0xB2, 0xE4, 0xF0, 0x44, 0xA5, 0x8C, 0xF4, 0x01, 0xB0, 0x0D,
    0xFA, 0xCC, 0x74, 0xE8, 0x2C, 0x67, 0xB1, 0xAC, 0x75, 0xF0, 0xF0, 0xD2, 0x6D, 0xBC, 0xDD, 0xCD,
    0x10, 0x03, 0xFC, 0x1B, 0x9E, 0x89, 0xB0, 0xC2, 0x8D, 0xF7, 0x97, 0x74, 0x36, 0x02, 0x31, 0x59,
    0xD0, 0xA8, 0x2C, 0x70, 0xBC, 0x1C, 0xE3, 0x39, 0xB6, 0xA4, 0xA8, 0xAC, 0x58, 0x4A, 0x2F, 0xBA,
    0x88, 0x98, 0x2F, 0x59, 0xCA, 0xCF, 0x40, 0x58, 0x04, 0x7C, 0x19, 0x10, 0xC8, 0x48, 0xB8, 0x87,
    0x70, 0x06, 0x4F, 0x50, 0x59, 0xAE, 0xD4, 0x84, 0x32, 0x1E, 0xCD, 0x3F, 0x94, 0x04, 0x17, 0x3C,
    0x4D, 0x53, 0x6A, 0x80, 0xCA, 0x00, 0xC2, 0x0A, 0x9F, 0x01, 0x91, 0x55, 0x3E, 0x07, 0x3C, 0x73,
    0xBE, 0x00, 0x56, 0x03, 0x6F, 0xBA, 0xDC, 0xCF, 0x2C, 0x77, 0xFA, 0x69, 0x70, 0x4D, 0xFA, 0xBF,
    0x61, 0x04, 0xBD, 0x18, 0x00, 0xD2, 0x92, 0x8B, 0xFE, 0x33, 0xE6, 0x4A, 0xDE, 0xD1, 0x59, 0xF8,
    0x8A, 0xB4, 0x2B, 0x58, 0x31, 0xEA, 0x0A, 0x66, 0x4F, 0x6D, 0x61, 0x53, 0x63, 0x01, 0xF0, 0x16,
    0x50, 0x68, 0x30, 0x46, 0xE4, 0x04, 0x4E, 0x56, 0xD3, 0x32, 0xC1, 0x5A, 0x89, 0x6C, 0xDE, 0x95,
    0xDB, 0x27, 0x59, 0x36, 0xB8, 0x94, 0x7A, 0x11, 0x1D, 0x66, 0x48, 0x25, 0x1B, 0x59, 0x5B, 0xF7,
    0xC9, 0x0C, 0x35, 0x8A, 0xAC, 0x72, 0x06, 0xD6, 0x0C, 0x2B, 0x02, 0x4E, 0xA0, 0x81, 0x84, 0x19,
    0x7D, 0x3C, 0xC5, 0x84, 0x79, 0x89, 0x95, 0xE4, 0xE9, 0x2D, 0x3E, 0x60, 0x2D, 0xF4, 0xC4, 0xFE,
    0xCA, 0xEB, 0xA8, 0x27, 0x06, 0xF9, 0x1A, 0xA2, 0x1A, 0xFE, 0xB3, 0xA1, 0x12, 0xCA, 0xD2, 0xE0,
    0x91, 0x04, 0x68, 0xB1, 0xE6, 0xDF, 0x87, 0xD1, 0x0E, 0x01, 0x45, 0x73, 0xC0, 0x3D, 0x7E, 0x7B,
    0x6F, 0x1E, 0x5B, 0x9E, 0xD0, 0x62, 0x6C, 0x69, 0x11, 0x07, 0x10, 0x70, 0x8D, 0x9F, 0xC0, 0x7A,
    0x86, 0xA0, 0x0C, 0x5F, 0x5E, 0x6C, 0x1E, 0xEE, 0x67, 0xE5, 0x42, 0x54, 0xDC, 0x25, 0xFC, 0x0F,
    0xE4, 0xF8, 0xA6, 0x56, 0x00, 0xA5, 0xD3, 0xB5, 0x2E, 0x95, 0x87, 0x05, 0xAB, 0x5F, 0xBF, 0xF4,
    0x38, 0xE1, 0xDF, 0x97, 0x9D, 0x1C, 0x75, 0xF7, 0x70, 0x67, 0x37, 0xDF, 0x56, 0x94, 0x85, 0x4F,
    0x3B, 0x99, 0x6F, 0x71, 0xF0, 0x6B, 0x2E, 0xDE, 0xF1, 0xAF, 0x86, 0x0A, 0x0A, 0xDF, 0xDE, 0x1A,
    0x04, 0x4E, 0x0C, 0x6E, 0x73, 0x92, 0x63, 0xF3, 0xFD, 0x07, 0xC7, 0xD1, 0x71, 0x31, 0x45, 0x90,
    0xB7, 0xF1, 0xA5, 0x9B, 0x1E, 0x68, 0xF3, 0x37, 0x84, 0x98, 0x1F, 0xA1, 0xED, 0xFF, 0xCD, 0x5A,
    0x3D, 0x8C, 0xDD, 0xC6, 0x11, 0x5E, 0x92, 0xF1, 0x31, 0x10, 0x03, 0xB3, 0x31, 0x10, 0x40, 0x80,
    0xC3, 0x14, 0xA9, 0x54, 0x84, 0x7D, 0x60, 0x89, 0x8C, 0x0D, 0xC4, 0x45, 0x0A, 0xBB, 0x49, 0x9D,
    0x94, 0x41, 0x5C, 0x5C, 0x9B, 0xC2, 0x31, 0xD9, 0xB9, 0xF4, 0xF5, 0x2E, 0xAC, 0x22, 0x45, 0x22,
    0x15, 0x6A, 0x55, 0x38, 0xE1, 0x4A, 0x57, 0xA4, 0x70, 0x21, 0xC6, 0x46, 0xAA, 0x14, 0xA2, 0x6D,
    0x55, 0x97, 0xC2, 0x74, 0xCC, 0x40, 0xB4, 0x44, 0x72, 0xF2, 0x7D, 0xB3, 0xFB, 0xDE, 0xBD, 0x77,
    0x77, 0xBA, 0x3B, 0x4B, 0x27, 0x58, 0xEF, 0xDE, 0x0E, 0xF9, 0xC8, 0xDD, 0x99, 0xD9, 0x99, 0xDD,
    0xF9, 0xDB, 0xCB, 0xEB, 0xA6, 0x93, 0x5E, 0xFA, 0xA6, 0xCB, 0x6B, 0x83, 0x4F, 0x61, 0xF9, 0x57,
    0xB5, 0x55, 0xEB, 0x9E, 0x1F, 0xFE, 0x99, 0xC8, 0x1A, 0x6D, 0xBB, 0xDF, 0x9A, 0x48, 0xA4, 0x4E,
    0x45, 0xFA, 0x5C, 0x64, 0xAC, 0x1E, 0x7E, 0xF2, 0xA0, 0xF9, 0xEC, 0x8E, 0x91, 0x7D, 0x7B, 0xAC,
    0x35, 0x5F, 0xDE, 0x31, 0x85, 0x7C, 0xF5, 0x00, 0xFD, 0x86, 0x44, 0xA4, 0x0B, 0x44, 0x4A, 0xF3,
    0xE3, 0xCE, 0xAC, 0x71, 0xE5, 0x52, 0x9B, 0x10, 0x48, 0x0C, 0xB0, 0x09, 0x7E, 0x7D, 0x25, 0x75,
    0x31, 0x1A, 0x80, 0xDE, 0xFC, 0xD4, 0xE4, 0x3D, 0x18, 0x4A, 0x47, 0x82, 0x09, 0x00, 0x3D, 0xAC,
    0x03, 0x01, 0x1A, 0x7E, 0x2B, 0x00, 0xD7, 0x81, 0xE0, 0x26, 0x5A, 0x00, 0xB2, 0xE5, 0x7A, 0x50,
    0x36, 0xEC, 0x53, 0x11, 0x14, 0x00, 0xDD, 0xAB, 0xE6, 0x9D, 0xA5, 0xE4, 0xD4, 0x5E, 0xBB, 0x74,
    0xFD, 0x6A, 0xD5, 0x2C, 0x73, 0x06, 0x66, 0xC8, 0x7C, 0x36, 0x64, 0x43, 0xD1, 0xC6, 0x53, 0x61,
    0x23, 0xD7, 0x70, 0x9F, 0xF7, 0xE9, 0xC8, 0x77, 0x6C, 0x18, 0x3D, 0xFD, 0x29, 0x1F, 0xDF, 0x7B,
    0xC5, 0x98, 0x57, 0x1A, 0x4C, 0x5F, 0x59, 0x4B, 0xC5, 0x64, 0x93, 0xC9, 0x66, 0xDE, 0xE0, 0x67,
    0x24, 0x25, 0x5E, 0x85, 0x62, 0xA5, 0x05, 0x2F, 0x5F, 0x90, 0xA5, 0xEA, 0x21, 0xD9, 0xC9, 0x85,
    0xFC, 0xA4, 0x42, 0xC6, 0x63, 0x19, 0xC8, 0xA0, 0x74, 0xAB, 0x49, 0x78, 0xF8, 0x1B, 0xF9, 0x57,
    0xB9, 0x9E, 0xC7, 0xC6, 0x73, 0xF7, 0x64, 0x03, 0xCA, 0xFA, 0x63, 0xF4, 0xB3, 0xF1, 0x1B, 0xCA,
    0xA0, 0x36, 0x2C, 0x05, 0xD8, 0x9B, 0x7C, 0x01, 0xA9, 0xA2, 0x7F, 0xB9, 0x24, 0x6F, 0x10, 0x07,
    0xA4, 0x8D, 0x17, 0x03, 0x01, 0x04, 0x85, 0x09, 0x0D, 0xA6, 0xF9, 0x14, 0x9C, 0x89, 0xCD, 0xA5,
    0x94, 0x2E, 0x12, 0xDB, 0xCC, 0x86, 0x72, 0xFA, 0xA7, 0xEA, 0x53, 0x20, 0x4A, 0xE8, 0x02, 0xE3,
    0x7A, 0x4A, 0x95, 0x28, 0x72, 0x4C, 0xE0, 0x6D, 0x88, 0x3F, 0xEB, 0x09, 0xBC, 0xA6, 0x7A, 0x47,
    0x52, 0x89, 0x5F, 0x8B, 0x3A, 0xF9, 0x60, 0xC4, 0xB7, 0x88, 0x7A, 0x13, 0x34, 0x0F, 0x94, 0x2C,
    0xE9, 0xCA, 0xDE, 0x2E, 0xFA, 0x0D, 0x26, 0x98, 0x4C, 0x8A, 0xBE, 0x85, 0xC9, 0xCD, 0xEE, 0x5E,
    0x5A, 0x5F, 0x8D, 0x64, 0x8A, 0xED, 0xBB, 0xC0, 0x12, 0xB5, 0xB7, 0xB3, 0xFE, 0xBD, 0xB0, 0x83,
    0x12, 0x4C, 0xD0, 0xF7, 0x05, 0x3A, 0x79, 0x38, 0x00, 0x06, 0xFD, 0xED, 0xBC, 0xFF, 0x59, 0xD8,
    0xB9, 0x9E, 0x57, 0x63, 0x99, 0x63, 0x9B, 0x9B, 0xA6, 0x4B, 0x4B, 0x87, 0xCD, 0x61, 0x76, 0x54,
    0x20, 0x6D, 0x5D, 0x07, 0x4A, 0xDD, 0x98, 0x64, 0xC1, 0x54, 0xEB, 0x97, 0x32, 0xBB, 0xC3, 0x75,
    0x60, 0x97, 0xD4, 0x2E, 0xBB, 0xB6, 0xC1, 0x9C, 0xFF, 0x63, 0x4D, 0x31, 0x40, 0x5F, 0xF2, 0xB9,
    0xD8, 0x50, 0xF6, 0xA5, 0x8C, 0x04, 0x7D, 0xD3, 0x19, 0x1A, 0xCD, 0xA7, 0x82, 0x92, 0x6B, 0x3A,
    0x77, 0x97, 0x2E, 0x78, 0xA6, 0x6F, 0x03, 0xF6, 0xD3, 0x11, 0x3A, 0xF6, 0x06, 0x3E, 0x22, 0x5B,
    0x0A, 0x39, 0xAD, 0xA1, 0x77, 0x0D, 0x51, 0xB9, 0xEF, 0x19, 0xE2, 0x49, 0xA5, 0x83, 0x78, 0x52,
    0x4E, 0xF4, 0xDD, 0xD4, 0x36, 0x10, 0x4F, 0x6A, 0x0B, 0x88, 0x07, 0xF7, 0x10, 0x0F, 0x9E, 0x1B,
    0xC2, 0x01, 0xE2, 0x49, 0x3F, 0xE9, 0x21, 0x9E, 0x74, 0x7F, 0xA4, 0x78, 0xEC, 0x04, 0xF1, 0xA4,
    0xB6, 0x82, 0x78, 0x2E, 0xD5, 0x97, 0xDF, 0x3A, 0x43, 0x3C, 0x6B, 0x66, 0xE2, 0x99, 0x9B, 0xAF,
    0x92, 0x76, 0x49, 0xFA, 0x29, 0xE2, 0x17, 0x37, 0xF8, 0x89, 0x87, 0x78, 0x65, 0xD2, 0x7E, 0xDD,
    0x6E, 0xDC, 0x7A, 0xB4, 0x3D, 0xE5, 0x8D, 0x77, 0xAB, 0xCF, 0x51, 0xB1, 0x24, 0x33, 0x55, 0x50,
    0xED, 0xDA, 0x1F, 0x82, 0x9D, 0x0C, 0xA2, 0xAB, 0x21, 0x8E, 0x78, 0x34, 0x79, 0x6B, 0xE4, 0xC0,
    0x4B, 0x24, 0x94, 0x32, 0x93, 0x2E, 0xFB, 0x10, 0x62, 0xE8, 0xCD, 0x6E, 0x67, 0x1A, 0xD8, 0x8B,
    0xCE, 0xC4, 0x7D, 0x18, 0xF5, 0xF9, 0x87, 0x7D, 0x26, 0x6D, 0x88, 0x7D, 0x3B, 0x84, 0x53, 0x32,
    0x65, 0x7D, 0x51, 0x8B, 0xC5, 0x02, 0xFC, 0x8E, 0x00, 0x3A, 0x94, 0xAE, 0x00, 0x58, 0x94, 0xA2,
    0x82, 0xCF, 0x08, 0xCA, 0xC6, 0x52, 0x22, 0xC6, 0x01, 0xBB, 0x05, 0x4C, 0x23, 0x4B, 0x2C, 0xB2,
    0x64, 0x12, 0xC1, 0x04, 0x44, 0x90, 0xC9, 0x76, 0xE3, 0x33, 0xBE, 0x8B, 0xD1, 0x4C, 0x85, 0x56,
    0x3C, 0x5D, 0xCB, 0x37, 0x2C, 0x6F, 0x60, 0x52, 0xF3, 0x93, 0xB7, 0xF3, 0xD1, 0x4C, 0xD5, 0x58,
    0xB5, 0x41, 0x1F, 0xF7, 0x0D, 0xFE, 0xDE, 0xE9, 0xA3, 0xAD, 0xBF, 0x64, 0x84, 0x50, 0x4D, 0x53,
    0xD9, 0x19, 0x4A, 0x4F, 0x09, 0x71, 0x8F, 0x27, 0x7C, 0x3E, 0x54, 0x3D, 0xAC, 0x24, 0x30, 0x24,
    0x92, 0xCE, 0x58, 0xB9, 0xEF, 0x63, 0xF5, 0xC9, 0xA7, 0x98, 0x50, 0xD5, 0xC3, 0xEE, 0x14, 0x23,
    0x5E, 0xEB, 0x1D, 0x9F, 0xE9, 0x5B, 0xED, 0x97, 0x71, 0x84, 0x8E, 0x0D, 0xA1, 0xCB, 0xAA, 0xC6,
    0x0D, 0xF4, 0x44, 0x63, 0x37, 0x11, 0x26, 0x03, 0x55, 0x93, 0x75, 0x84, 0xD8, 0x92, 0x80, 0x4D,
    0x09, 0x18, 0xC0, 0xB4, 0x81, 0x9F, 0x89, 0x30, 0x01, 0xAF, 0x90, 0x47, 0x9B, 0x01, 0x16, 0x34,
    0xDB, 0x18, 0x0F, 0xFB, 0x10, 0xCE, 0xE1, 0xE3, 0x1E, 0x0A, 0x4F, 0xBE, 0x04, 0x5B, 0x7D, 0xB6,
    0x0F, 0xD3, 0x44, 0x6B, 0x6C, 0xAA, 0x92, 0x70, 0x31, 0x57, 0x6E, 0x3E, 0x0A, 0x75, 0x7C, 0x3C,
    0x10, 0x92, 0x3A, 0xBC, 0xCE, 0x8A, 0x7A, 0x38, 0x2B, 0x0F, 0x23, 0x29, 0xA6, 0xBA, 0x3C, 0x72,
    0xA5, 0x5E, 0x91, 0xBA, 0xD9, 0xA4, 0x3E, 0xE4, 0x0F, 0x40, 0xBD, 0x93, 0x19, 0xD4, 0xEF, 0xCC,
    0x0D, 0x94, 0x67, 0x7E, 0x57, 0x98, 0x00, 0x0B, 0xB8, 0xE2, 0x78, 0x33, 0xEB, 0xF8, 0x91, 0xE3,
    0xB3, 0x96, 0xE3, 0x31, 0x01, 0xA1, 0xF5, 0x0A, 0xB9, 0xBD, 0x05, 0xD4, 0xA3, 0x95, 0x51, 0x85,
    0x99, 0x2E, 0x39, 0x3E, 0x87, 0x94, 0xC0, 0x40, 0xF2, 0x26, 0xF9, 0x37, 0x9E, 0x05, 0x53, 0xB5,
    0x5C, 0xBB, 0x5C, 0xA3, 0x15, 0xD6, 0x0C, 0xD6, 0x29, 0x47, 0xC5, 0xCA, 0xC6, 0x0E, 0xF9, 0x00,
    0xFF, 0xEF, 0x83, 0x91, 0x18, 0x4B, 0x03, 0xFE, 0x33, 0xEB, 0xC3, 0x05, 0xA8, 0x28, 0x0E, 0xF0,
    0x42, 0x6B, 0x1A, 0x8D, 0x14, 0x08, 0x50, 0x51, 0x22, 0x40, 0x45, 0x91, 0x00, 0x15, 0xA5, 0x01,
    0x54, 0xBC, 0x80, 0x23, 0x48, 0xC5, 0x38, 0x81, 0x98, 0xB4, 0xD3, 0x4B, 0x38, 0xAA, 0x39, 0xA3,
    0xB7, 0xD1, 0xC6, 0x7B, 0x3E, 0x5B, 0x7D, 0x92, 0xD9, 0x39, 0xC7, 0x6A, 0x52, 0x2F, 0x93, 0x53,
    0xE1, 0x78, 0x44, 0x57, 0x23, 0x36, 0xA8, 0xA5, 0x8D, 0xE7, 0x66, 0x91, 0x19, 0xF8, 0xE9, 0xD6,
    0xBA, 0xA0, 0x81, 0xC5, 0x0E, 0x74, 0xDB, 0x92, 0x73, 0xE0, 0x5A, 0x14, 0x4D, 0xA3, 0xBE, 0xFF,
    0x52, 0x6D, 0x8E, 0x7C, 0x1A, 0xED, 0xAA, 0x8E, 0x20, 0x50, 0x57, 0x16, 0xC2, 0x0A, 0x19, 0x2F,
    0xB3, 0x58, 0x61, 0x3A, 0x73, 0x13, 0xA5, 0x23, 0xF7, 0x4E, 0x3E, 0x34, 0x90, 0x51, 0xD1, 0x57,
    0x20, 0x5F, 0x75, 0x9C, 0x7D, 0xD3, 0xE6, 0x83, 0x71, 0x3B, 0x31, 0x90, 0x83, 0x5B, 0x2A, 0x74,
    0xF8, 0x9F, 0x48, 0xED, 0x48, 0x42, 0x58, 0x82, 0xFD, 0x50, 0xEA, 0x8C, 0xC6, 0xCA, 0x62, 0x35,
    0x1A, 0x69, 0x75, 0x20, 0x29, 0x0F, 0x87, 0x8C, 0x26, 0x3A, 0xE9, 0x9C, 0x2E, 0xD4, 0x5C, 0x39,
    0xCA, 0x66, 0xA0, 0xAE, 0x35, 0xA4, 0x9C, 0x81, 0x7A, 0x50, 0xDE, 0xC6, 0xB5, 0xFB, 0x4D, 0x95,
    0xE7, 0xFC, 0x1B, 0x72, 0x5B, 0xFC, 0x97, 0xB0, 0xFA, 0x9C, 0x3C, 0xC3, 0x06, 0xD0, 0xB7, 0x5A,
    0xF0, 0x1C, 0xC0, 0x56, 0x61, 0x95, 0x0B, 0x35, 0x16, 0xC9, 0x8D, 0x66, 0x50, 0xDE, 0x26, 0x8D,
    0x4A, 0xD4, 0xED, 0x81, 0xE7, 0x7C, 0x58, 0x77, 0x28, 0xB9, 0x61, 0xA4, 0x06, 0x55, 0x8D, 0x44,
    0x72, 0x0D, 0x2F, 0x18, 0x01, 0xE0, 0x9D, 0xFA, 0xDD, 0xAF, 0x29, 0xD6, 0xCB, 0xE5, 0x95, 0xF2,
    0x08, 0xA3, 0x27, 0xF0, 0x49, 0x0E, 0x13, 0xCF, 0xA7, 0x86, 0x30, 0x0F, 0x3D, 0x9F, 0x18, 0x5B,
    0x74, 0xCA, 0x67, 0xBB, 0xC9, 0x67, 0x41, 0xD2, 0xA5, 0xB2, 0x71, 0xD0, 0x8C, 0x54, 0x82, 0xE7,
    0x73, 0x56, 0x08, 0x3E, 0x47, 0xE5, 0x73, 0xF0, 0x7C, 0x82, 0xC3, 0x46, 0x57, 0x03, 0xD6, 0x4D,
    0x54, 0x93, 0xD6, 0x6F, 0xAD, 0x8F, 0x07, 0x4C, 0xF6, 0xCB, 0xF9, 0x4C, 0x8D, 0x47, 0x5E, 0xE3,
    0x8B, 0xF2, 0xE9, 0x35, 0x0E, 0xDE, 0xB2, 0x41, 0xA7, 0xDE, 0x37, 0x76, 0xAD, 0x71, 0x55, 0x1C,
    0x94, 0xE8, 0x34, 0x3E, 0x82, 0xCF, 0x83, 0xC6, 0x69, 0x7C, 0x56, 0x3E, 0xBD, 0xC6, 0x8D, 0xD7,
    0xF8, 0x48, 0xDE, 0x8A, 0x61, 0xAD, 0x71, 0x28, 0xA0, 0x2B, 0x34, 0xE2, 0xF3, 0x2B, 0xAA, 0xE6,
    0x16, 0x28, 0xCC, 0x89, 0x9F, 0x6A, 0x58, 0xF3, 0x69, 0xBE, 0xC3, 0xCA, 0x24, 0xA1, 0xF5, 0xCA,
    0x1C, 0x37, 0x56, 0xE6, 0xEC, 0x57, 0x66, 0xBC, 0xBD, 0x32, 0x03, 0xED, 0x40, 0x0E, 0x07, 0x72,
    0xA8, 0xC3, 0xB9, 0x7F, 0x75, 0xA7, 0xA8, 0x1E, 0x43, 0xE5, 0x01, 0x0E, 0xF4, 0x10, 0x7E, 0x3D,
    0xA9, 0xF4, 0x86, 0x75, 0x1F, 0x17, 0x4A, 0x45, 0x1B, 0xF2, 0x4C, 0x5C, 0x78, 0xF8, 0x88, 0x7C,
    0x66, 0xFF, 0x53, 0x5D, 0xF7, 0xA2, 0x92, 0xA4, 0x3C, 0x9B, 0xB6, 0x52, 0x95, 0x15, 0xBD, 0x17,
    0x51, 0xA8, 0xBA, 0x8E, 0x54, 0xD7, 0xF1, 0x5A, 0xD7, 0x2A, 0x49, 0xE8, 0x3A, 0xA7, 0xA8, 0x6B,
    0x74, 0x43, 0x67, 0xB5, 0xA1, 0xAD, 0x93, 0x81, 0x5F, 0x55, 0xEE, 0x5A, 0xF8, 0x6B, 0xE5, 0xAF,
    0xDE, 0xEC, 0xAD, 0xCC, 0x5F, 0xE2, 0xAF, 0x6E, 0xF9, 0xA1, 0xFB, 0x37, 0x1A, 0x09, 0x9A, 0x66,
    0x5F, 0xAF, 0x81, 0xBC, 0xA1, 0xD7, 0x48, 0x22, 0xBD, 0xA6, 0x53, 0xA4, 0xFD, 0xF2, 0xE5, 0xA6,
    0x5E, 0x2B, 0x1F, 0x9B, 0xFA, 0x90, 0x28, 0xF4, 0xD7, 0xD8, 0x6D, 0xF5, 0x29, 0x75, 0xCB, 0x60,
    0xD2, 0x55, 0x89, 0xAB, 0x86, 0xD3, 0xE4, 0x63, 0x87, 0x3B, 0xA2, 0x82, 0x30, 0x38, 0xC2, 0x52,
    0xEC, 0x3D, 0x62, 0xEB, 0x6A, 0x40, 0xC7, 0x97, 0x4B, 0x0A, 0xC1, 0x50, 0x6F, 0x47, 0x5D, 0xF4,
    0x21, 0xD0, 0xB7, 0xDA, 0x4F, 0x47, 0xE4, 0x08, 0x3B, 0x10, 0xDB, 0x3F, 0x96, 0x3E, 0xD2, 0x50,
    0xBA, 0xA1, 0x98, 0x13, 0xDD, 0x75, 0x6E, 0xE7, 0x71, 0x43, 0x22, 0x1C, 0x31, 0x3B, 0xB7, 0xAC,
    0x72, 0x67, 0xCC, 0x6D, 0x4C, 0x8E, 0x57, 0xBE, 0xCA, 0xF9, 0x66, 0xEF, 0x70, 0xB7, 0x1E, 0xFD,
    0x58, 0x1F, 0x8E, 0xAF, 0x1A, 0x23, 0xE9, 0xCD, 0x76, 0xF4, 0xBD, 0x3D, 0x8E, 0x03, 0x44, 0xC8,
    0x71, 0xA9, 0x49, 0x4B, 0x3C, 0x3D, 0x7F, 0x7A, 0x31, 0x24, 0xC4, 0x95, 0xDE, 0x40, 0x15, 0x48,
    0x73, 0x76, 0xF6, 0x0E, 0x09, 0x3E, 0x17, 0x7A, 0x63, 0x6A, 0xA3, 0xA5, 0xE8, 0xD8, 0xCC, 0x94,
    0xDA, 0x2D, 0xEB, 0x77, 0x26, 0x3D, 0xD9, 0x6E, 0xE7, 0xA0, 0x97, 0x31, 0x70, 0x60, 0xA6, 0x48,
    0x5F, 0xFD, 0xFB, 0x35, 0xA1, 0xC9, 0x7D, 0x6F, 0xCA, 0x5F, 0x22, 0xBA, 0xFB, 0xB3, 0xBF, 0xE8,
    0xB9, 0x1E, 0x65, 0xA2, 0x96, 0x3E, 0x1F, 0x13, 0x40, 0xB4, 0xF0, 0xE7, 0x0B, 0xC2, 0xF9, 0x73,
    0xE7, 0x22, 0xD4, 0x4B, 0x7F, 0x81, 0x00, 0xA8, 0xFC, 0xC3, 0x5A, 0x2E, 0xF4, 0xFE, 0xAB, 0x76,
    0x45, 0x0E, 0xCC, 0xC9, 0x13, 0x3F, 0xBD, 0x71, 0xDC, 0x26, 0x9E, 0x6B, 0x51, 0x7F, 0x98, 0x96,
    0x99, 0x0B, 0x9A, 0x83, 0xC8, 0xB7, 0x4E, 0x8D, 0x83, 0x42, 0x6C, 0x1B, 0x39, 0xA0, 0x23, 0x11,
    0x64, 0x5A, 0x2D, 0xB9, 0x60, 0x6E, 0x65, 0xE9, 0x23, 0x01, 0xB3, 0xF1, 0x06, 0x42, 0x7D, 0x98,
    0x5F, 0x61, 0x34, 0xBE, 0x09, 0xF9, 0x16, 0x69, 0xBD, 0xF6, 0x39, 0xEC, 0xAF, 0x63, 0x43, 0xE2,
    0x71, 0x38, 0x1D, 0x7E, 0x4F, 0x8B, 0x74, 0x93, 0xF6, 0x55, 0x2C, 0xE5, 0x6F, 0xDF, 0xA3, 0xC1,
    0xC0, 0xC6, 0xF9, 0x5B, 0xD2, 0x6D, 0xAE, 0x2D, 0x24, 0xA6, 0x13, 0x3D, 0xE1, 0x84, 0x61, 0x24,
    0xA4, 0xA0, 0x26, 0x50, 0xBA, 0x1D, 0xC0, 0x7D, 0xE4, 0xB0, 0x72, 0x0F, 0xC6, 0x48, 0xFE, 0x31,
    0x03, 0xEC, 0x0B, 0xC0, 0x1D, 0x79, 0x6B, 0x42, 0x46, 0x70, 0x0F, 0xA0, 0xBA, 0x3F, 0x31, 0x2F,
    0x06, 0x48, 0x09, 0x12, 0x82, 0x88, 0x20, 0x24, 0x30, 0x0A, 0xE0, 0xCF, 0x02, 0x75, 0xEA, 0x89,
    0x4A, 0x35, 0x99, 0x9C, 0x0D, 0x75, 0x2E, 0xC9, 0x9E, 0xE8, 0xA9, 0x9C, 0x83, 0x28, 0x5C, 0xDD,
    0x82, 0xD3, 0x89, 0x61, 0x9F, 0x10, 0x7A, 0x2F, 0x30, 0x4C, 0x65, 0x41, 0xD3, 0xED, 0x8D, 0x36,
    0x6D, 0x59, 0xD5, 0x39, 0x2F, 0xF0, 0x24, 0xE8, 0xFA, 0xB8, 0xFE, 0x6E, 0xAC, 0xC3, 0x13, 0xCB,
    0x23, 0xE0, 0x74, 0xF8, 0x1D, 0x2D, 0x4F, 0xD7, 0x98, 0x57, 0x14, 0x6A, 0x9C, 0xA7, 0x35, 0x12,
    0x57, 0x4C, 0x31, 0x45, 0xFB, 0x22, 0x72, 0xFB, 0x92, 0x93, 0x64, 0xBB, 0x76, 0xA0, 0xC9, 0xA3,
    0x45, 0x99, 0x3D, 0x59, 0xB8, 0xDF, 0x2F, 0xB7, 0xE1, 0x83, 0x90, 0x01, 0xC6, 0x92, 0xB6, 0xAB,
    0xE7, 0xC5, 0xCE, 0xF2, 0x02, 0x4A, 0x35, 0xB1, 0x1F, 0xD3, 0x55, 0x6B, 0xE8, 0xEB, 0xA0, 0x7B,
    0xF2, 0x82, 0xF1, 0xB9, 0x63, 0x42, 0x93, 0xD5, 0x89, 0xAD, 0xBA, 0xBC, 0x2F, 0xC6, 0x86, 0x35,
    0x38, 0xAB, 0xE1, 0x09, 0x77, 0x7B, 0x33, 0x6A, 0x84, 0x87, 0x08, 0x01, 0x4E, 0x5E, 0xDA, 0x0A,
    0x91, 0x5C, 0x6E, 0xD3, 0x36, 0x31, 0x91, 0x8B, 0xB1, 0x91, 0xD9, 0xEC, 0x68, 0xA1, 0xE3, 0xAB,
    0x32, 0xF0, 0x81, 0xDC, 0x23, 0x1A, 0x01, 0x18, 0x03, 0xE5, 0x3C, 0x55, 0xCE, 0x0B, 0xE5, 0x7C,
    0x26, 0xE7, 0xD1, 0x48, 0x3E, 0xD3, 0x8E, 0xB0, 0xB0, 0x84, 0x0C, 0xEE, 0xE5, 0xEE, 0x44, 0xCE,
    0xFF, 0x3D, 0x90, 0x73, 0xDA, 0xA2, 0xB6, 0x90, 0x3A, 0xA4, 0x59, 0xA8, 0x13, 0x61, 0x84, 0xEE,
    0x43, 0x2F, 0x18, 0xF1, 0x86, 0x56, 0xEA, 0x47, 0x3B, 0xC2, 0x92, 0xCE, 0x0F, 0x74, 0x47, 0xB9,
    0xFA, 0x29, 0x23, 0x8C, 0x7E, 0x9D, 0xB7, 0x6C, 0x87, 0xFF, 0xD6, 0x09, 0xE7, 0xD9, 0x00, 0x66,
    0x50, 0x74, 0x88, 0x96, 0x11, 0xC7, 0x0E, 0x0C, 0x0F, 0xE5, 0x96, 0x2F, 0xDE, 0x45, 0x1A, 0xD9,
    0xED, 0x0A, 0x1D, 0xBC, 0x5A, 0x29, 0x2E, 0x4C, 0xB7, 0xD1, 0x19, 0x09, 0x87, 0xF3, 0xF3, 0x62,
    0xC8, 0x92, 0xA1, 0xF6, 0x74, 0x86, 0xDE, 0x5E, 0x89, 0x44, 0x8B, 0x92, 0xD5, 0xAD, 0x16, 0xFC,
    0xC4, 0xE3, 0xF7, 0xC7, 0xD0, 0xC7, 0xCC, 0xAE, 0x25, 0x1D, 0x1D, 0xD0, 0x9F, 0xDF, 0x9F, 0x70,
    0x36, 0x33, 0xDD, 0xF4, 0x94, 0x4C, 0x77, 0x5D, 0x86, 0x4E, 0x36, 0xCB, 0xD0, 0xD3, 0x3A, 0x25,
    0xB5, 0x9A, 0xF8, 0x9F, 0xA3, 0x0C, 0x7D, 0xAC, 0xC4, 0x7C, 0x1E, 0x78, 0x62, 0x14, 0x7E, 0xF0,
    0x57, 0xEF, 0xA5, 0x35, 0x2D, 0x11, 0x17, 0xB7, 0xC5, 0x48, 0x8E, 0xE1, 0x31, 0xED, 0x26, 0x88,
    0x5D, 0x09, 0xAE, 0x14, 0x1F, 0xDE, 0x8D, 0x8C, 0x29, 0xCB, 0x13, 0x91, 0x9A, 0x5D, 0xBC, 0x88,
    0x59, 0x67, 0xCE, 0x28, 0xA4, 0x42, 0x10, 0xBC, 0x36, 0x5D, 0x4C, 0xCC, 0x91, 0x43, 0x6F, 0xE4,
    0x2E, 0x9E, 0xC1, 0x85, 0x4F, 0x04, 0x23, 0x01, 0xE3, 0x53, 0x58, 0x17, 0xB1, 0xC1, 0x09, 0xC4,
    0x99, 0xAD, 0xDF, 0x25, 0xF1, 0x3B, 0xDA, 0x8F, 0x23, 0x6C, 0xB3, 0xA7, 0xD1, 0xBF, 0x59, 0x47,
    0xFF, 0xED, 0x56, 0x34, 0xEE, 0xCF, 0x39, 0xAC, 0x9E, 0x73, 0x2C, 0x32, 0x26, 0x2D, 0x33, 0x41,
    0xE6, 0x84, 0xBB, 0x13, 0x4C, 0xCC, 0x44, 0xD6, 0xAA, 0x21, 0x9D, 0x34, 0xBE, 0xB0, 0xF9, 0xA4,
    0x79, 0x0D, 0x5A, 0x2E, 0x8F, 0xE7, 0x78, 0x79, 0x63, 0xDE, 0x8A, 0xF4, 0x59, 0x8B, 0xBA, 0x48,
    0xDC, 0x31, 0x94, 0x98, 0x31, 0xAA, 0x97, 0x63, 0x51, 0xFD, 0x33, 0xE3, 0x6E, 0x5E, 0xEF, 0x30,
    0x1E, 0xE2, 0x96, 0xF2, 0xC2, 0x70, 0x8E, 0x69, 0xFD, 0xA4, 0xAC, 0xE0, 0x99, 0x70, 0x0B, 0x70,
    0x33, 0x0E, 0x2C, 0x26, 0xCD, 0x70, 0xCC, 0x54, 0x1C, 0x36, 0xFE, 0xE6, 0xF3, 0x55, 0x9C, 0xF8,
    0x4C, 0x73, 0x78, 0x73, 0xC6, 0xF8, 0x10, 0x9B, 0x15, 0x28, 0xEE, 0xFB, 0x8A, 0x0B, 0x4F, 0xAC,
    0x16, 0x5E, 0xEA, 0xA0, 0xC5, 0x3E, 0x64, 0xE6, 0x0E, 0x74, 0x98, 0xE1, 0x65, 0x3E, 0xEC, 0xB5,
    0x94, 0xA0, 0xC7, 0x48, 0xBC, 0x34, 0x0F, 0xDC, 0x21, 0x96, 0x4D, 0x67, 0xBD, 0xE4, 0x82, 0xD4,
    0x82, 0x6F, 0x1E, 0xB3, 0x0A, 0xEF, 0x90, 0xC9, 0x58, 0x60, 0x65, 0xEE, 0x48, 0xBD, 0x43, 0xAB,
    0xB0, 0x3B, 0xAE, 0xCE, 0xD9, 0x3A, 0x9E, 0xDC, 0x54, 0x7D, 0x4A, 0x3B, 0x72, 0x2C, 0xF8, 0x57,
    0x37, 0xDB, 0x27, 0x35, 0x76, 0x09, 0x8F, 0xB5, 0xA8, 0xBB, 0x9A, 0x63, 0xCD, 0xCB, 0xDC, 0xFF,
    0xD8, 0xF2, 0x3C, 0x07, 0xF8, 0xC5, 0xE4, 0xD2, 0xE4, 0xDB, 0xC6, 0x1F, 0x4C, 0xB8, 0xD2, 0xB7,
    0x5A, 0x99, 0xCD, 0x75, 0xA9, 0x29, 0xBD, 0xE6, 0xEF, 0x1D, 0x7D, 0xED, 0x08, 0x9E, 0x1A, 0xE4,
    0xD4, 0x48, 0xA7, 0x39, 0x3D, 0xB7, 0x79, 0x6B, 0x5F, 0x49, 0x17, 0xDD, 0x5D, 0xAB, 0x1C, 0x7C,
    0x40, 0x2C, 0x84, 0xCE, 0x2A, 0x19, 0x1A, 0x55, 0x16, 0x21, 0x72, 0xF5, 0x38, 0x99, 0x86, 0x74,
    0xB5, 0xDF, 0x65, 0xD1, 0xFC, 0xFC, 0x49, 0x46, 0x9C, 0x16, 0xB5, 0x8B, 0xFD, 0x51, 0xC2, 0xCF,
    0x60, 0x67, 0xEF, 0x5C, 0xDF, 0xB9, 0xFE, 0x3C, 0x49, 0x62, 0x81, 0x1B, 0x5D, 0xDD, 0x0A, 0x8E,
    0xAD, 0xF1, 0x53, 0x49, 0xB6, 0x4F, 0x22, 0xD9, 0x9D, 0x46, 0xF2, 0x5D, 0x56, 0xDA, 0xEB, 0xA2,
    0x75, 0x99, 0x88, 0xCB, 0x86, 0x6F, 0x4A, 0xF4, 0x84, 0x3F, 0x6A, 0xA1, 0x80, 0xB5, 0x2D, 0xC3,
    0x45, 0x4B, 0xCC, 0x3E, 0x1F, 0xF4, 0xDF, 0x9B, 0xE7, 0x4B, 0x06, 0xCD, 0x35, 0x67, 0xA1, 0x63,
    0x5A, 0xE6, 0x87, 0x13, 0x94, 0x2A, 0xEB, 0xD9, 0xA5, 0x78, 0xB6, 0x6A, 0x97, 0x58, 0x45, 0x2C,
    0xBE, 0x5B, 0xDB, 0x3A, 0x47, 0xF4, 0x69, 0xB1, 0x75, 0xDF, 0x2B, 0x6A, 0xC4, 0xCF, 0xFE, 0xEA,
    0xE7, 0xEF, 0x75, 0x47, 0xB5, 0xB3, 0xC2, 0xA7, 0xBB, 0x63, 0x7D, 0x94, 0xA9, 0xA5, 0xD6, 0x68,
    0x7F, 0x31, 0xEE, 0xC0, 0xF8, 0xF2, 0x1E, 0x64, 0x81, 0x78, 0x4E, 0x9D, 0x71, 0x9D, 0xEB, 0x99,
    0xF1, 0x98, 0xB0, 0x58, 0x1A, 0x3A, 0xAF, 0x51, 0xAF, 0x41, 0x29, 0x2D, 0x46, 0x54, 0x7D, 0xCC,
    0x73, 0x45, 0xA7, 0x08, 0xAD, 0x63, 0x41, 0x11, 0xBB, 0xD4, 0x7D, 0xF3, 0x2B, 0x35, 0x98, 0xC9,
    0x86, 0xC1, 0x94, 0xD7, 0x97, 0x52, 0x3E, 0x92, 0x8E, 0x3B, 0x1F, 0x44, 0x46, 0x98, 0x9C, 0xD1,
    0x19, 0x96, 0xF3, 0xB5, 0x6D, 0xC7, 0x64, 0x9F, 0xE8, 0x3C, 0x78, 0x46, 0x0D, 0xC3, 0x30, 0x37,
    0x6D, 0xBC, 0x68, 0xB4, 0xBC, 0xD1, 0xF8, 0x8C, 0xEF, 0xD8, 0x87, 0x7D, 0xF5, 0xCC, 0x96, 0x47,
    0xB6, 0x5A, 0x8B, 0xA8, 0xCC, 0x59, 0x8E, 0xE9, 0xA9, 0x70, 0x6F, 0x94, 0x9B, 0xC2, 0xA9, 0xA8,
    0xB1, 0xED, 0xF6, 0x2E, 0x0C, 0x77, 0xF3, 0x66, 0x4B, 0xA9, 0x3F, 0xC9, 0x31, 0x3D, 0x15, 0xCE,
    0x73, 0x3A, 0xA6, 0xA7, 0xC2, 0x9D, 0x68, 0x81, 0xDC, 0xAD, 0x70, 0x5A, 0xDA, 0xC4, 0x1E, 0x2B,
    0x83, 0xF1, 0xDC, 0xD4, 0xD5, 0x5F, 0xAD, 0xEB, 0x73, 0xA4, 0x2F, 0xF0, 0xFC, 0x31, 0xF2, 0x78,
    0x1D, 0x0F, 0x39, 0x78, 0xA8, 0x16, 0xB9, 0xF3, 0x58, 0x64, 0xFF, 0x4B, 0x91, 0x7B, 0xFB, 0x48,
    0x79, 0xC0, 0xC3, 0x04, 0x1E, 0x86, 0x74, 0xCE, 0x9D, 0x23, 0xEB, 0xE1, 0x51, 0xEC, 0x6B, 0xAA,
    0x6B, 0x77, 0xDE, 0xC3, 0xD0, 0x32, 0x14, 0x6F, 0x87, 0x77, 0xEA, 0x8D, 0x18, 0xF7, 0xBC, 0x6B,
    0x32, 0x9B, 0x78, 0x94, 0x4A, 0x87, 0x58, 0xA9, 0x53, 0xBC, 0x0F, 0x8A, 0xAC, 0x5F, 0x5E, 0x75,
    0x0E, 0x85, 0xA5, 0x85, 0x14, 0x76, 0xE5, 0x52, 0x79, 0x71, 0xB8, 0x93, 0x5A, 0xAB, 0xED, 0x01,
    0xF3, 0xBE, 0xA1, 0x29, 0x2F, 0xED, 0x5D, 0xAE, 0x2F, 0x0A, 0x77, 0xD4, 0x5D, 0xD3, 0x13, 0x06,
    0xB6, 0xA3, 0x67, 0x0C, 0xCF, 0x2E, 0x93, 0x58, 0x93, 0xC0, 0x53, 0x92, 0x2F, 0xAD, 0x78, 0x65,
    0x63, 0xC0, 0x02, 0x15, 0xD4, 0x92, 0xB0, 0x9A, 0x1E, 0xCF, 0x31, 0x0F, 0x21, 0x92, 0xC9, 0x67,
    0x24, 0xF2, 0x16, 0x2B, 0x5F, 0x1F, 0xF1, 0xC4, 0x81, 0x21, 0x7B, 0xA1, 0xC7, 0x18, 0x04, 0xFE,
    0xBF, 0x3A, 0xDC, 0x3F, 0x3A, 0x78, 0x87, 0xCA, 0x42, 0x54, 0xD8, 0x68, 0x81, 0x9E, 0xDA, 0xA6,
    0x69, 0xD2, 0x62, 0xCF, 0x89, 0xD5, 0xC2, 0xBB, 0x08, 0x81, 0xEF, 0x4B, 0xCB, 0xA8, 0x9D, 0x41,
    0x8E, 0x60, 0xED, 0xCA, 0x09, 0xEB, 0x5A, 0x9F, 0xF1, 0x9D, 0x56, 0xFF, 0xD0, 0xF7, 0x3E, 0xEC,
    0xD9, 0xDD, 0x93, 0xCB, 0xC0, 0x34, 0xDF, 0xB8, 0xFB, 0x60, 0xF4, 0xA0, 0xD8, 0x4A, 0xA7, 0xF8,
    0x2F, 0x3D, 0x8C, 0xB6, 0x28, 0x35, 0xCC, 0x39, 0x99, 0x43, 0x56, 0x01, 0xD4, 0xA7, 0xC4, 0x2C,
    0xFD, 0xFF, 0x9A, 0x47, 0x2C, 0x1F, 0x10, 0xDC, 0x1B, 0x38, 0x5D, 0xEE, 0x19, 0xCE, 0xD9, 0x4F,
    0x57, 0xCF, 0xAB, 0x4A, 0x16, 0xF2, 0x57, 0x35, 0x2C, 0x1E, 0x7B, 0x86, 0xCD, 0xE4, 0x4F, 0xD1,
    0xFC, 0x74, 0xD1, 0xE3, 0xFF, 0xCD, 0x5B, 0xBD, 0x93, 0xDD, 0x56, 0x15, 0xBF, 0x92, 0xC8, 0x6A,
    0x26, 0x9A, 0x89, 0x28, 0x98, 0x61, 0xC6, 0x9E, 0x41, 0x2D, 0x98, 0x21, 0x6A, 0x28, 0x19, 0x4B,
    0x10, 0x66, 0x28, 0xE3, 0x86, 0x8A, 0x22, 0x2D, 0x81, 0x62, 0x5B, 0x8A, 0x80, 0x14, 0x28, 0xD2,
    0xEE, 0x7F, 0x80, 0x0B, 0x17, 0x8E, 0xB7, 0x70, 0x43, 0xC7, 0xC4, 0x52, 0xEC, 0x22, 0x85, 0x8B,
    0x55, 0x80, 0x19, 0x8A, 0x14, 0x16, 0x8C, 0x61, 0x98, 0x34, 0x11, 0x89, 0x18, 0xCB, 0xB6, 0xA4,
    0xC3, 0xEF, 0x77, 0xAE, 0xF4, 0xBE, 0xF6, 0xED, 0x97, 0x77, 0xED, 0xCD, 0xF3, 0xD3, 0x79, 0x5E,
    0xBD, 0xAB, 0x7B, 0xEF, 0xEF, 0x9C, 0x7B, 0xCF, 0x3D, 0x5F, 0xCF, 0x84, 0xD2, 0x1B, 0x63, 0x56,
    0xE9, 0xEA, 0xCB, 0x91, 0x0A, 0xD4, 0x95, 0x1A, 0xD4, 0x93, 0x06, 0xD4, 0x97, 0x76, 0xA3, 0x7D,
    0xFC, 0xD5, 0x08, 0x9A, 0x7C, 0x25, 0xA0, 0xD9, 0xA7, 0x92, 0x1A, 0x53, 0x94, 0x92, 0x1B, 0x23,
    0xA5, 0x94, 0xE8, 0x20, 0x2F, 0x2A, 0x3C, 0x6A, 0x92, 0x06, 0xF4, 0x4E, 0xD1, 0x98, 0x40, 0x44,
    0x3A, 0x3C, 0x2A, 0x78, 0x38, 0x02, 0x1D, 0x4C, 0xDC, 0x19, 0x7F, 0xB4, 0x0D, 0x4C, 0x46, 0x9A,
    0x62, 0x3C, 0x17, 0x0F, 0xCB, 0xCA, 0x35, 0xBF, 0xE2, 0x01, 0x5F, 0x49, 0x85, 0xE7, 0x9B, 0x68,
    0x94, 0x2E, 0xA8, 0x22, 0xCC, 0x21, 0xEC, 0x8D, 0xB3, 0xDB, 0x3B, 0xE8, 0x12, 0x3D, 0xF6, 0x59,
    0x1B, 0xF6, 0x52, 0xF2, 0x8A, 0x7B, 0x0E, 0x53, 0xE0, 0x8A, 0xE5, 0xF9, 0xE0, 0x8F, 0x6F, 0x0D,
    0xE6, 0x4A, 0x7A, 0x0D, 0xBD, 0x44, 0x55, 0xA1, 0xF3, 0x1F, 0x14, 0x57, 0xC7, 0x8E, 0x77, 0xF3,
    0x0D, 0xEC, 0x46, 0x51, 0xBB, 0x8A, 0xDA, 0x53, 0xD4, 0xBE, 0xE2, 0x0D, 0x26, 0xEC, 0x44, 0x1D,
    0x3D, 0x21, 0xEA, 0xE4, 0x4B, 0xA2, 0x4E, 0x6A, 0xA2, 0x2E, 0x2A, 0x4E, 0x56, 0x4A, 0xA0, 0x06,
    0x76, 0x80, 0x72, 0x25, 0x55, 0x68, 0x9F, 0x17, 0x80, 0xA9, 0xA8, 0x43, 0x45, 0x4D, 0x3A, 0x12,
    0x3B, 0x99, 0xD3, 0x12, 0x35, 0xB0, 0x3B, 0x78, 0xB0, 0xE6, 0xE3, 0xEE, 0xDE, 0x4E, 0xEE, 0x75,
    0x71, 0x09, 0xAC, 0xB9, 0x29, 0x30, 0xC8, 0xD5, 0xC7, 0xCB, 0x89, 0xED, 0x3E, 0x45, 0x73, 0x20,
    0x04, 0x0F, 0xE2, 0x17, 0xE1, 0x81, 0x29, 0x1A, 0xC5, 0xD7, 0xA9, 0x84, 0x7B, 0xC5, 0x67, 0x39,
    0x31, 0x2A, 0x3E, 0x62, 0x0A, 0x07, 0x62, 0x8A, 0x5A, 0xA2, 0x89, 0x1B, 0xA0, 0x81, 0x80, 0x32,
    0x4C, 0x2D, 0xAB, 0x80, 0x06, 0x13, 0x8C, 0x5B, 0x52, 0x0C, 0xEA, 0x2A, 0x26, 0x4F, 0xD1, 0x10,
    0x9F, 0xA0, 0x83, 0x3B, 0xFB, 0x92, 0x72, 0x3E, 0x92, 0x73, 0x66, 0x52, 0x26, 0x6C, 0xAC, 0x0F,
    0xDA, 0x91, 0x8B, 0x3D, 0x72, 0x96, 0x43, 0x1A, 0x6F, 0xF8, 0xE6, 0x82, 0xCB, 0x94, 0xFE, 0xEE,
    0xC0, 0xBE, 0xAA, 0xB3, 0x63, 0xFB, 0x3B, 0xB0, 0x79, 0x03, 0xA7, 0x8C, 0xA9, 0x62, 0xD2, 0x09,
    0xA6, 0x1C, 0x03, 0x8F, 0xCF, 0x61, 0x6E, 0x70, 0x24, 0x5D, 0xB8, 0x24, 0x09, 0x05, 0x4B, 0x78,
    0x1B, 0xAF, 0x1D, 0x01, 0x93, 0x33, 0x91, 0x94, 0x98, 0xEA, 0x40, 0x9E, 0x4B, 0x1B, 0x51, 0x44,
    0x98, 0x7E, 0x40, 0xE9, 0x50, 0xBA, 0x7C, 0xB2, 0x3C, 0x82, 0xE8, 0xB7, 0x64, 0x12, 0x05, 0xEA,
    0xE7, 0x18, 0x3D, 0xEE, 0x43, 0xF4, 0xD2, 0x91, 0x3B, 0x35, 0xC4, 0x88, 0x31, 0x75, 0x0C, 0x13,
    0xB1, 0x61, 0x0A, 0x06, 0x61, 0x5A, 0xC0, 0xB7, 0xB3, 0xB7, 0x55, 0xB8, 0x89, 0x14, 0x5D, 0xD6,
    0x04, 0x8F, 0x8B, 0xCA, 0x31, 0x76, 0x55, 0x2D, 0x2F, 0x8E, 0x95, 0x35, 0xFE, 0x1E, 0xDB, 0xB0,
    0x2D, 0x9F, 0xE1, 0xB3, 0xC6, 0x7C, 0x8B, 0x52, 0x1D, 0x75, 0xB9, 0x52, 0x76, 0x8F, 0xC8, 0x75,
    0xCB, 0xEB, 0x0D, 0xB0, 0x94, 0x26, 0x84, 0x46, 0xB0, 0x25, 0x77, 0x65, 0x13, 0x0D, 0x26, 0x6B,
    0x31, 0xF5, 0x37, 0x52, 0x05, 0x71, 0x06, 0xB0, 0x6F, 0xA4, 0xD8, 0x97, 0x49, 0x47, 0xB0, 0x9C,
    0x09, 0x1A, 0x14, 0x5C, 0x4B, 0x3A, 0x86, 0x4F, 0x41, 0x60, 0xA9, 0x15, 0x23, 0xB0, 0x26, 0xE5,
    0xCE, 0xDE, 0x0A, 0x5A, 0x0B, 0x36, 0x5F, 0x01, 0x5B, 0x1F, 0x0D, 0x36, 0xC8, 0x0F, 0x83, 0xBD,
    0xAE, 0x0B, 0x39, 0x9F, 0x49, 0x62, 0x8E, 0x14, 0x6A, 0x4E, 0x9C, 0x0D, 0x85, 0xDA, 0x43, 0xA8,
    0xD1, 0x90, 0x60, 0xE7, 0xED, 0x9D, 0x5A, 0xA8, 0x8D, 0xC5, 0xE9, 0xED, 0xE9, 0xB3, 0xDA, 0x8B,
    0xF6, 0xA7, 0x3D, 0xDB, 0x31, 0x02, 0xDD, 0x29, 0xF6, 0x0A, 0xCA, 0xF5, 0x49, 0xEC, 0x76, 0x33,
    0xCE, 0x3A, 0x11, 0x69, 0xB3, 0x26, 0xAC, 0xD9, 0xEF, 0x31, 0x38, 0xDB, 0x09, 0x67, 0xCE, 0x67,
    0xCD, 0xBB, 0xE6, 0x43, 0x7C, 0xF3, 0x01, 0xFE, 0x17, 0x29, 0x4B, 0x09, 0x56, 0x65, 0xAC, 0xD2,
    0x7E, 0xF5, 0x42, 0x0D, 0xDA, 0xA8, 0x76, 0x87, 0x2C, 0xA7, 0x50, 0x75, 0xC7, 0x51, 0xC8, 0x17,
    0x24, 0x54, 0xAF, 0x0F, 0xD0, 0x61, 0xB1, 0xCB, 0x65, 0xC3, 0x4D, 0x1A, 0x70, 0xED, 0xBA, 0xED,
    0x9A, 0x66, 0x96, 0xA7, 0x24, 0x50, 0xCA, 0xAA, 0x76, 0xE4, 0x73, 0x0C, 0x27, 0xE5, 0x8E, 0x50,
    0xF7, 0x16, 0x0D, 0x48, 0x42, 0x12, 0x75, 0x20, 0xA1, 0x92, 0x7E, 0x9D, 0x74, 0xF3, 0xB7, 0xDA,
    0x8E, 0x4F, 0xB8, 0x78, 0x56, 0x7B, 0xD1, 0xFE, 0x6C, 0xCF, 0x4F, 0xED, 0x58, 0x0F, 0x94, 0x3B,
    0x0F, 0xAB, 0x25, 0x3D, 0xD0, 0x3B, 0x07, 0x39, 0x95, 0xFD, 0x01, 0x4F, 0x05, 0x76, 0xA7, 0x0C,
    0x02, 0x16, 0xD0, 0xAC, 0xE5, 0xD6, 0x2B, 0x2A, 0x3D, 0xC3, 0x8E, 0x78, 0x17, 0xB5, 0xBB, 0x68,
    0x69, 0x9F, 0xB2, 0x3D, 0xF8, 0x32, 0x28, 0x73, 0xEC, 0xFA, 0xD0, 0x39, 0xE8, 0x74, 0x2C, 0x52,
    0x0B, 0xD5, 0x28, 0x56, 0xED, 0xA5, 0x31, 0x8A, 0xC2, 0x28, 0xA0, 0x3B, 0xF2, 0x79, 0x0E, 0x6C,
    0xA2, 0xCA, 0x71, 0x85, 0x1A, 0xC5, 0x6C, 0xDB, 0x2C, 0xDB, 0xEB, 0xB3, 0x2E, 0xFB, 0xB1, 0x7D,
    0xDA, 0xFE, 0xA7, 0xB1, 0x2C, 0xF6, 0x3B, 0xA9, 0x5D, 0x18, 0xCE, 0xCF, 0xE5, 0x6F, 0x94, 0x69,
    0x6F, 0xC9, 0x72, 0xC5, 0xF0, 0xB4, 0x53, 0xFC, 0x3A, 0x79, 0xC5, 0xA1, 0x90, 0x14, 0xBB, 0x02,
    0xDD, 0x20, 0x0A, 0x5B, 0x9B, 0x68, 0x63, 0x7D, 0xCC, 0x42, 0x56, 0xC4, 0x5B, 0x4E, 0x7C, 0xD9,
    0x7C, 0x6D, 0x2C, 0x23, 0x9E, 0x38, 0x6B, 0x57, 0x79, 0x78, 0x5F, 0x6D, 0x76, 0x61, 0xFB, 0x5F,
    0x92, 0xE5, 0xEB, 0xEA, 0x98, 0xF2, 0x5E, 0xCD, 0xA3, 0x8C, 0x27, 0x35, 0xD6, 0x77, 0xDC, 0xBA,
    0xC2, 0x23, 0x43, 0xF2, 0x8C, 0xA3, 0xAF, 0x10, 0x2E, 0x86, 0x44, 0x35, 0x43, 0xE7, 0xEE, 0x51,
    0x7E, 0x83, 0x7D, 0xCC, 0x61, 0x07, 0xE8, 0x0A, 0xCB, 0x96, 0xC7, 0x78, 0x3B, 0x1F, 0xE3, 0xE3,
    0xDA, 0x31, 0x7E, 0x32, 0xB0, 0x71, 0xFD, 0x3A, 0x05, 0x30, 0xF7, 0x26, 0x94, 0xAB, 0xD7, 0x45,
    0x35, 0xE7, 0xC0, 0x65, 0xA4, 0x1B, 0xE8, 0xF1, 0x9A, 0x8E, 0xE0, 0xA1, 0xE8, 0x72, 0x86, 0x01,
    0x0D, 0xB1, 0x58, 0x0A, 0x6C, 0x72, 0x6C, 0x3E, 0x58, 0x6D, 0x38, 0x13, 0xD9, 0x49, 0xAE, 0x93,
    0xB1, 0x64, 0xA9, 0x14, 0x5A, 0x37, 0x67, 0x63, 0x35, 0x5F, 0x3A, 0xB5, 0xC1, 0xD4, 0x18, 0xC3,
    0x01, 0x06, 0xAC, 0x58, 0x5D, 0x7A, 0x79, 0xCD, 0xBA, 0x05, 0xF5, 0x32, 0x64, 0xC7, 0xF1, 0x74,
    0x30, 0x4B, 0x36, 0x86, 0xBC, 0x50, 0x88, 0xB5, 0xED, 0xEA, 0xA5, 0xC0, 0x30, 0x31, 0xC4, 0x52,
    0x70, 0xB5, 0xFD, 0x14, 0x9F, 0xD8, 0x54, 0x30, 0x74, 0x5E, 0x70, 0xDE, 0x8D, 0x9B, 0x42, 0x87,
    0xDC, 0x55, 0x9B, 0x52, 0xB7, 0x68, 0xC3, 0x43, 0x20, 0x9D, 0xAD, 0x1D, 0x36, 0x4C, 0xFE, 0x4D,
    0xB6, 0x88, 0x1E, 0x11, 0x66, 0x52, 0xDF, 0x45, 0x6E, 0xB2, 0xC3, 0xEA, 0xFB, 0x65, 0x2C, 0x4B,
    0xBF, 0x0B, 0x61, 0xDB, 0x8E, 0x59, 0xC9, 0x79, 0x19, 0x85, 0x6A, 0xD7, 0xCD, 0x4B, 0x5C, 0x96,
    0xF6, 0x64, 0x24, 0x17, 0x3C, 0xDE, 0x8B, 0x9E, 0x60, 0xB1, 0x64, 0xEF, 0x8F, 0xA7, 0x35, 0xFA,
    0x2A, 0x1C, 0x80, 0xAF, 0x99, 0x43, 0x47, 0x66, 0x30, 0x9F, 0xAB, 0x96, 0xEC, 0xEC, 0x8B, 0xBA,
    0x37, 0x68, 0xE7, 0x09, 0x8D, 0x3E, 0x01, 0x8C, 0x48, 0x78, 0x64, 0x8A, 0xA7, 0x62, 0x2E, 0x64,
    0x28, 0x00, 0x69, 0x2F, 0x33, 0xCE, 0x4D, 0x1A, 0xD7, 0xFD, 0x2C, 0x87, 0x02, 0xEA, 0xC3, 0xEB,
    0xC3, 0xB5, 0x73, 0xAD, 0xD8, 0x2B, 0x0E, 0xA9, 0xD3, 0x46, 0xD5, 0xA9, 0x73, 0x9C, 0x3A, 0xED,
    0x02, 0x36, 0x56, 0xA3, 0x71, 0xA4, 0x4A, 0xE7, 0xC9, 0x76, 0x2D, 0xB5, 0x33, 0xA6, 0xA1, 0x20,
    0xB9, 0x0F, 0x8D, 0x4B, 0x0E, 0x8D, 0x56, 0x41, 0xA9, 0x86, 0x33, 0x3B, 0x1F, 0xAA, 0xC5, 0x04,
    0x96, 0x24, 0xEF, 0xD3, 0x70, 0xE6, 0x17, 0x81, 0x1A, 0xE2, 0xF7, 0xD2, 0xCB, 0xE0, 0x90, 0x73,
    0xC3, 0xB9, 0x61, 0xDC, 0x3E, 0x68, 0x26, 0x05, 0x9A, 0x71, 0xF2, 0xAF, 0x3F, 0x35, 0x97, 0xCC,
    0xA1, 0x33, 0xD8, 0x98, 0xA7, 0xE3, 0x90, 0x6F, 0x0F, 0xBD, 0x99, 0x9C, 0x65, 0x0D, 0xB9, 0xCD,
    0xBC, 0x86, 0x94, 0xB8, 0xCD, 0x65, 0x33, 0xE7, 0x08, 0xE4, 0xF5, 0x76, 0xE4, 0x6A, 0x45, 0x2E,
    0x89, 0x7B, 0x06, 0xE4, 0xF6, 0xF5, 0x9E, 0xFA, 0x8A, 0x5C, 0x9D, 0x59, 0x39, 0xAB, 0x36, 0xCE,
    0x31, 0xE4, 0x8E, 0x77, 0x6E, 0x2C, 0xC3, 0x16, 0x29, 0x1D, 0x3F, 0x6A, 0x40, 0x72, 0x28, 0x5C,
    0x70, 0xCD, 0xED, 0x2E, 0x9B, 0x61, 0x0E, 0x37, 0x7C, 0x30, 0xAA, 0x16, 0x60, 0x90, 0x84, 0x8A,
    0xF1, 0x96, 0x73, 0x6B, 0xF5, 0xD0, 0x9C, 0xCC, 0xD2, 0x13, 0x09, 0xAD, 0xFB, 0x4D, 0x72, 0xDA,
    0x67, 0xD5, 0x08, 0xBC, 0xAE, 0xAC, 0x2A, 0xA7, 0xA0, 0x4E, 0xFC, 0x17, 0x30, 0xF1, 0x5A, 0xFA,
    0xEE, 0xFA, 0x09, 0x7E, 0x94, 0xA7, 0x20, 0xF7, 0x61, 0x29, 0xC9, 0x23, 0xE0, 0x52, 0x37, 0x08,
    0x8C, 0x80, 0x69, 0xD9, 0xC4, 0x9D, 0x99, 0x0C, 0xCE, 0x33, 0x92, 0x90, 0xE7, 0x96, 0xB1, 0x54,
    0x16, 0x78, 0x66, 0xBA, 0xFA, 0xED, 0x44, 0x75, 0x79, 0x6C, 0xA1, 0x87, 0x5B, 0x9E, 0x82, 0x7A,
    0xA2, 0xD1, 0x0F, 0x7B, 0xFA, 0x4D, 0x64, 0x79, 0xCF, 0x93, 0x80, 0x1E, 0x0D, 0xD4, 0xD1, 0xB4,
    0x74, 0x9F, 0x4B, 0xED, 0x71, 0x2D, 0x68, 0x58, 0xEB, 0xEC, 0xC4, 0xAF, 0xDF, 0x88, 0x86, 0x2C,
    0x91, 0xF1, 0xBA, 0x3F, 0x69, 0x7F, 0x2C, 0x26, 0xFB, 0xBE, 0x26, 0x9F, 0x9B, 0x63, 0x9C, 0x86,
    0x95, 0x37, 0x5A, 0x2E, 0x9E, 0x0A, 0xBA, 0x37, 0x41, 0x33, 0x99, 0x16, 0x77, 0x08, 0x86, 0xE9,
    0xFB, 0x75, 0x98, 0xF8, 0xC9, 0xC9, 0xEF, 0x44, 0xA6, 0xF7, 0x6C, 0x00, 0xF4, 0xF6, 0xBD, 0x2F,
    0xB7, 0x2D, 0x6F, 0x4E, 0x7C, 0xA3, 0xE5, 0xE2, 0x29, 0x3D, 0xA3, 0xCB, 0x85, 0x59, 0x5D, 0xC8,
    0xF4, 0xFE, 0xF5, 0xE9, 0xBA, 0xFA, 0xA5, 0x73, 0xAB, 0xF0, 0xBA, 0x04, 0x6A, 0x44, 0x2A, 0x77,
    0x34, 0x17, 0x32, 0xA5, 0x6B, 0xE6, 0xDD, 0x24, 0x1F, 0x71, 0xBE, 0xF1, 0x74, 0x9B, 0xCF, 0xB6,
    0xB3, 0x72, 0xE9, 0x9C, 0x73, 0x00, 0x16, 0xB8, 0xB5, 0x38, 0xEE, 0x03, 0xC9, 0xA9, 0x9E, 0xEE,
    0x41, 0x8F, 0x61, 0x3D, 0x61, 0x35, 0x41, 0x81, 0xE4, 0xF8, 0x73, 0x46, 0x3A, 0xBD, 0xF7, 0x4F,
    0x37, 0x44, 0x00, 0x53, 0xA9, 0x32, 0xC9, 0xA7, 0xB4, 0x29, 0xA0, 0x72, 0x4C, 0x67, 0xBC, 0x91,
    0x6F, 0xD3, 0xAF, 0x5A, 0xE1, 0xE7, 0x14, 0x28, 0x5F, 0xFB, 0xD0, 0xC8, 0xDB, 0xFF, 0xCD, 0x1E,
    0xE1, 0xE6, 0x27, 0xFA, 0x98, 0x94, 0xBE, 0xB9, 0xE8, 0x4F, 0x98, 0x52, 0x64, 0x9E, 0x89, 0x1B,
    0xB0, 0x92, 0x7B, 0xAA, 0xB3, 0x73, 0x8E, 0xAC, 0x51, 0x0A, 0x39, 0x63, 0x0E, 0xA2, 0x21, 0x9A,
    0x86, 0x9F, 0x30, 0x2E, 0x21, 0xF5, 0x7B, 0xCA, 0xF4, 0xDF, 0xF3, 0xC9, 0x07, 0xEC, 0xE6, 0x01,
    0x59, 0xFF, 0x7B, 0x65, 0xFE, 0xBD, 0xD5, 0x43, 0x41, 0x68, 0x75, 0x2E, 0xC8, 0xAF, 0x45, 0x59,
    0xF2, 0xE2, 0xC4, 0x6A, 0x11, 0xF7, 0xAE, 0x4C, 0x01, 0x56, 0x8F, 0xFC, 0xF1, 0x34, 0xB8, 0x6C,
    0xBE, 0xA1, 0x23, 0x66, 0xF9, 0x22, 0xC8, 0x1E, 0x3C, 0xE9, 0xF5, 0x5C, 0x13, 0xB3, 0xF5, 0x65,
    0x77, 0xD5, 0x05, 0x52, 0x97, 0x7E, 0x2D, 0x56, 0x37, 0x97, 0x64, 0xDC, 0x73, 0xA2, 0x7A, 0x6A,
    0x4D, 0xC7, 0x96, 0xA3, 0xAE, 0x84, 0x89, 0xC8, 0x3D, 0xF3, 0xA6, 0x7D, 0x82, 0x69, 0x80, 0xE8,
    0xAB, 0x1E, 0x07, 0xB0, 0xAC, 0xCF, 0xEB, 0x9C, 0xD7, 0xBE, 0xBA, 0xFD, 0x8C, 0x43, 0xE0, 0xCF,
    0xC7, 0xBC, 0xE5, 0x48, 0xAD, 0xFB, 0x83, 0xE7, 0x2C, 0x83, 0xC8, 0x3C, 0x29, 0x28, 0xCF, 0xFB,
    0x6C, 0xF9, 0x90, 0xCD, 0x1E, 0x0D, 0x5C, 0xDD, 0x1A, 0xB0, 0x68, 0x74, 0x9D, 0x5B, 0xF7, 0x84,
    0x0A, 0x1C, 0x87, 0xD3, 0x97, 0xF6, 0xDC, 0x66, 0x98, 0x23, 0xE1, 0xB9, 0x14, 0x0D, 0x6A, 0x9E,
    0x9A, 0xA9, 0x53, 0xC3, 0xEE, 0x6D, 0x64, 0x8F, 0xAF, 0x74, 0x61, 0x28, 0xA8, 0x57, 0x49, 0x31,
    0xF8, 0x6A, 0xAC, 0xF3, 0x5E, 0x9C, 0x1F, 0x35, 0xEF, 0xB8, 0xA7, 0xCD, 0x80, 0xFE, 0x2A, 0xAC,
    0xA7, 0x54, 0x0E, 0x30, 0xC6, 0x17, 0xAD, 0x9E, 0xF7, 0x76, 0xED, 0x61, 0x60, 0xC1, 0xBD, 0xE7,
    0x18, 0x16, 0xEB, 0x4D, 0x3E, 0xE6, 0xA0, 0x6C, 0xCF, 0xE7, 0x42, 0xAB, 0xDF, 0x9C, 0xC9, 0x92,
    0x89, 0x6B, 0x3B, 0x83, 0x08, 0x26, 0x01, 0xBC, 0x1E, 0x2E, 0x4A, 0x4C, 0x9A, 0xA8, 0xB3, 0x96,
    0x40, 0x2A, 0x76, 0x01, 0x5C, 0x07, 0x44, 0xF8, 0x45, 0xB7, 0x40, 0xBD, 0x0E, 0xFD, 0x39, 0x9B,
    0xFC, 0xC5, 0x42, 0xAF, 0x6D, 0xEC, 0x9D, 0xA3, 0x19, 0xE5, 0xA2, 0x69, 0x2D, 0x34, 0x62, 0x84,
    0xDE, 0x30, 0xDF, 0x33, 0x17, 0x2A, 0x43, 0x32, 0xBE, 0x5F, 0xBD, 0x4C, 0x0B, 0x17, 0xA7, 0x8B,
    0xAB, 0x6B, 0xD3, 0x08, 0x27, 0xFE, 0x7B, 0x56, 0xE0, 0x40, 0x0B, 0xE4, 0xA5, 0xCC, 0x85, 0xAF,
    0xD7, 0x26, 0xD3, 0x71, 0x93, 0xD7, 0xA3, 0x39, 0xCD, 0x19, 0x70, 0xE8, 0x3D, 0xE6, 0x31, 0xF9,
    0x5A, 0xBA, 0x76, 0x43, 0xDD, 0xA0, 0x95, 0xC9, 0x53, 0x4B, 0x18, 0xDA, 0xFF, 0x7E, 0x6F, 0x22,
    0x46, 0xE9, 0x42, 0x98, 0x86, 0x11, 0xC0, 0xC5, 0xB8, 0x12, 0xFC, 0x3F, 0xC1, 0xBD, 0xEB, 0xE7,
    0x82, 0x22, 0xF7, 0x2B, 0xF9, 0xA4, 0x91, 0x87, 0x8D, 0x1C, 0x54, 0x72, 0x50, 0xCA, 0x41, 0x7A,
    0xB2, 0xC5, 0xF0, 0x8C, 0x87, 0x70, 0xC2, 0xEC, 0xCC, 0x09, 0xC3, 0xC5, 0x39, 0x6D, 0x1B, 0x6E,
    0x1C, 0x7B, 0xF1, 0xFF, 0xBC, 0x77, 0xC2, 0x94, 0x8E, 0xED, 0xF3, 0x1E, 0x77, 0x6D, 0xAE, 0x3B,
    0x80, 0x17, 0xFF, 0xCF, 0x7B, 0x9B, 0xED, 0x9E, 0xA9, 0xBD, 0xC0, 0x59, 0x72, 0x9A, 0x6B, 0x26,
    0xD8, 0x0A, 0xC9, 0x41, 0x7C, 0x2A, 0xA2, 0xB8, 0xD4, 0x54, 0x09, 0x49, 0x6A, 0xD3, 0x78, 0x9A,
    0xF2, 0x48, 0xC4, 0xDA, 0x1D, 0x13, 0xF9, 0x33, 0xC9, 0x5B, 0x2B, 0x1D, 0xD8, 0x58, 0xF3, 0x2A,
    0x81, 0x15, 0xB8, 0xFE, 0xFE, 0x66, 0xD8, 0x37, 0xB3, 0x81, 0x50, 0xC1, 0x29, 0xC9, 0x7A, 0x86,
    0x68, 0xF0, 0x7E, 0x67, 0xD1, 0x46, 0x6E, 0xE2, 0x5B, 0x5F, 0x1A, 0x87, 0x29, 0x2D, 0x57, 0x75,
    0xB7, 0xEA, 0x4A, 0x8D, 0x07, 0x52, 0xA1, 0xAF, 0x19, 0xD2, 0x4C, 0x79, 0xF6, 0x8C, 0x28, 0xF6,
    0xD8, 0xA4, 0x8C, 0xCB, 0x2A, 0xC9, 0x49, 0x34, 0x4C, 0x5B, 0x83, 0x3C, 0xC2, 0x3C, 0xE4, 0x00,
    0xA6, 0xB0, 0x7C, 0x32, 0x80, 0x3C, 0x10, 0x90, 0x8F, 0xE5, 0x6D, 0xB0, 0x16, 0x77, 0xA1, 0x04,
    0x1E, 0x31, 0xE3, 0x45, 0x4E, 0x87, 0x24, 0x01, 0x89, 0x47, 0xE2, 0x2A, 0xF7, 0x95, 0x30, 0x8E,
    0xF4, 0x1D, 0x9B, 0x5B, 0x32, 0x64, 0xE0, 0x30, 0xCD, 0x6A, 0x9A, 0xC4, 0x4F, 0xC6, 0x54, 0xFE,
    0x08, 0x0D, 0x44, 0xC3, 0x1A, 0x06, 0x3B, 0xED, 0x75, 0x9B, 0x48, 0x3B, 0xE5, 0xB5, 0x04, 0x61,
    0xE7, 0x9F, 0x2E, 0xE6, 0x5F, 0x91, 0x70, 0xFE, 0x8F, 0xDA, 0x35, 0x10, 0xF7, 0x09, 0xA2, 0x54,
    0x10, 0x05, 0x41, 0x24, 0xEB, 0x20, 0xFC, 0x05, 0x08, 0x67, 0x09, 0x22, 0x99, 0x6D, 0x97, 0x1B,
    0x0B, 0xB7, 0x4D, 0x15, 0xA5, 0xA8, 0xBB, 0xC2, 0x20, 0x6D, 0xAF, 0x29, 0xDC, 0xF3, 0x03, 0x5A,
    0xA8, 0x5F, 0xAC, 0x24, 0x95, 0xDC, 0xA4, 0x12, 0xCC, 0xA4, 0x7E, 0x4D, 0xF1, 0x63, 0x70, 0x30,
    0xFE, 0x8C, 0x11, 0x32, 0x06, 0x91, 0xD4, 0xAF, 0x34, 0xBF, 0xBD, 0x14, 0xC1, 0x32, 0x6F, 0xC6,
    0xFC, 0x99, 0x2E, 0x6A, 0xE6, 0xD3, 0x56, 0x63, 0x76, 0xE7, 0x15, 0xAC, 0x99, 0xF9, 0xBB, 0x95,
    0x7A, 0x03, 0x1C, 0x20, 0xF1, 0xC6, 0x42, 0x72, 0x63, 0x13, 0x41, 0xEA, 0x03, 0x19, 0x75, 0x82,
    0x16, 0xC9, 0xFD, 0x17, 0xA6, 0xAF, 0x70, 0x6F, 0x70, 0xE7, 0x1A, 0xB7, 0xE8, 0xA7, 0xAC, 0xBF,
    0x96, 0x34, 0x78, 0x50, 0x46, 0xE7, 0x5E, 0x47, 0x4C, 0x84, 0x6B, 0x82, 0x9F, 0x57, 0xA3, 0x09,
    0xBA, 0xE3, 0x2B, 0x2B, 0xEC, 0xCB, 0x55, 0x9F, 0x2D, 0x11, 0xAD, 0x94, 0xA0, 0x25, 0xE3, 0x83,
    0xB1, 0x03, 0x0C, 0x2E, 0xE8, 0xBF, 0x34, 0x61, 0x3C, 0xB3, 0xA4, 0x81, 0x22, 0x95, 0x26, 0xCB,
    0x6A, 0xD5, 0x6E, 0xCD, 0x51, 0xD4, 0xB6, 0xB1, 0xED, 0xED, 0xB3, 0xB6, 0x1F, 0x5F, 0x9E, 0xA1,
    0x4F, 0xDB, 0xBF, 0x1D, 0x6B, 0x1A, 0x77, 0x5B, 0x7D, 0xC5, 0x5A, 0xFA, 0x59, 0xFA, 0xAC, 0x09,
    0x87, 0xA2, 0xF2, 0x47, 0x8D, 0xD8, 0xAC, 0x5C, 0xBC, 0xC7, 0xEF, 0xD8, 0x66, 0x2D, 0x23, 0x9B,
    0x94, 0xD6, 0x94, 0x29, 0x72, 0x35, 0x25, 0xCD, 0x64, 0xEF, 0xA2, 0xE3, 0xBD, 0xAF, 0x13, 0xF6,
    0xB9, 0xBE, 0xC2, 0xE1, 0xD1, 0xB1, 0x91, 0x98, 0x39, 0x37, 0x0F, 0x60, 0x65, 0xB0, 0xA8, 0x21,
    0x79, 0x5F, 0x1D, 0xA1, 0x3F, 0xE8, 0x6A, 0xD3, 0x0C, 0x49, 0x9B, 0x54, 0x5F, 0xBF, 0x55, 0xE0,
    0x97, 0x3F, 0x32, 0x61, 0x35, 0x9A, 0xE4, 0x01, 0xEC, 0xD4, 0xB0, 0x75, 0x6E, 0xBD, 0x9E, 0x5E,
    0x18, 0x27, 0x76, 0xE4, 0xB1, 0xE6, 0x15, 0x33, 0xF5, 0x21, 0x47, 0xD7, 0xFA, 0x92, 0x23, 0xE3,
    0x84, 0xFC, 0x64, 0xA8, 0x50, 0x6C, 0xB2, 0x39, 0x10, 0x9B, 0x66, 0xD7, 0x33, 0x5A, 0x8B, 0x67,
    0x66, 0x93, 0x54, 0xFA, 0xE3, 0x3F, 0x57, 0xDA, 0xCF, 0xCF, 0xCF, 0xFD, 0xCD, 0xFD, 0xCF, 0xE3,
    0xCD, 0xE3, 0xCF, 0xF3, 0x59, 0xCC, 0x0F, 0x73, 0xB5, 0x29, 0xFA, 0x07, 0x36, 0x71, 0x2D, 0x36,
    0x77, 0x4D, 0x5D, 0x90, 0x35, 0x81, 0x54, 0x41, 0x5F, 0x54, 0x1E, 0x5C, 0x4D, 0x0D, 0xF7, 0x69,
    0x0A, 0x62, 0xF3, 0x83, 0x65, 0x4F, 0x68, 0x92, 0x6B, 0x4E, 0x5B, 0xAA, 0xD7, 0xD3, 0xE9, 0xF1,
    0xA9, 0x33, 0x74, 0xFD, 0xD7, 0x89, 0x29, 0xBA, 0x42, 0xDE, 0x54, 0xBF, 0x6F, 0x3E, 0xD0, 0x3C,
    0xCA, 0x61, 0x67, 0x6F, 0x3D, 0x75, 0xC6, 0xF8, 0xDA, 0x4A, 0x8A, 0xBB, 0xB0, 0x8E, 0x4B, 0x7E,
    0x28, 0x2C, 0xC9, 0x7B, 0xFA, 0xED, 0x4A, 0xEA, 0x9A, 0x7E, 0xD4, 0xFD, 0xA5, 0x0F, 0x90, 0x35,
    0x0B, 0x1F, 0x60, 0xB4, 0x1E, 0xB4, 0x9A, 0xAC, 0xEA, 0x03, 0x41, 0xFE, 0x10, 0x3F, 0xCB, 0x65,
    0x8A, 0xDC, 0x99, 0xCB, 0x44, 0xC4, 0xAD, 0x24, 0xAC, 0x05, 0x6B, 0x4D, 0xF4, 0x8D, 0x3E, 0xAB,
    0x63, 0xAD, 0xCB, 0x73, 0xCF, 0xF6, 0xE3, 0x15, 0x8F, 0xA5, 0x99, 0xFD, 0x9E, 0xE5, 0x6C, 0x9D,
    0x79, 0xB6, 0xA7, 0xB4, 0x0C, 0xC2, 0xE6, 0x07, 0xE1, 0x7F, 0xC7, 0xF0, 0xC9, 0x18, 0x8A, 0x7D,
    0xA7, 0xE1, 0x60, 0x0E, 0x99, 0x79, 0xCB, 0xB7, 0xF5, 0x00, 0x71, 0xFC, 0xC3, 0xE7, 0x83, 0x83,
    0x04, 0x0A, 0xBF, 0x0F, 0x5E, 0x9F, 0xDF, 0xA2, 0x37, 0x67, 0xA4, 0x3D, 0x95, 0x91, 0x39, 0x91,
    0xD6, 0x81, 0x55, 0x97, 0x22, 0xA9, 0x5F, 0xA5, 0xEF, 0x6A, 0x90, 0x96, 0x07, 0x8C, 0x86, 0x6D,
    0xAF, 0x2F, 0x27, 0x91, 0x94, 0x7F, 0xC2, 0x06, 0xEE, 0x4C, 0xF2, 0x08, 0x97, 0x4C, 0xD7, 0xA0,
    0x3B, 0x41, 0x53, 0xD4, 0x27, 0x5D, 0x93, 0x03, 0xEC, 0x2F, 0x4D, 0xD8, 0x6A, 0x71, 0xFE, 0xAF,
    0xBD, 0x02, 0xD9, 0xB3, 0x9E, 0x26, 0x73, 0x17, 0xD8, 0x2A, 0x5F, 0x48, 0x0D, 0x63, 0xA4, 0x60,
    0x71, 0xD7, 0x77, 0xA7, 0x64, 0xF8, 0xA0, 0xC1, 0x6D, 0x30, 0x25, 0xA4, 0xEB, 0xAB, 0x95, 0x28,
    0xF8, 0x9B, 0x47, 0xED, 0x2F, 0x54, 0xE1, 0xC0, 0x98, 0xC6, 0x77, 0xCC, 0xF3, 0x84, 0x1D, 0x6C,
    0xBD, 0xB8, 0x8D, 0x58, 0x61, 0xA2, 0xB9, 0x10, 0xEB, 0xC3, 0x5E, 0xE5, 0x18, 0x26, 0x9C, 0x0C,
    0x69, 0x6C, 0x2D, 0x96, 0x2F, 0xB9, 0xAB, 0x35, 0x52, 0x9A, 0x68, 0xAF, 0x22, 0xB0, 0x10, 0xDB,
    0xAC, 0x4F, 0x1A, 0x3F, 0x27, 0xD0, 0x58, 0x1E, 0x33, 0x7B, 0x58, 0x3B, 0x9A, 0x84, 0xBF, 0x2B,
    0x26, 0xF5, 0xE4, 0x6A, 0xED, 0xC1, 0xA3, 0x2C, 0x46, 0x16, 0x8E, 0xF9, 0x9C, 0xC4, 0x2E, 0x83,
    0x19, 0x8B, 0x1A, 0xA9, 0x40, 0x95, 0x26, 0x6B, 0xA4, 0x64, 0x4B, 0x8D, 0xD4, 0x2B, 0x03, 0x4B,
    0xFF, 0x81, 0x49, 0xD1, 0x4C, 0x52, 0x77, 0x8C, 0x2B, 0xF7, 0xD6, 0x6A, 0x8D, 0xD4, 0x39, 0xC1,
    0x9E, 0x11, 0xC4, 0xD3, 0x0D, 0x10, 0x5C, 0xF0, 0x59, 0x77, 0x24, 0x08, 0x47, 0x83, 0xE5, 0x57,
    0xB5, 0xAA, 0xED, 0x37, 0x8B, 0xD0, 0x12, 0xD7, 0x91, 0xBB, 0x5F, 0x4F, 0xC9, 0x9A, 0x23, 0x11,
    0xDC, 0x5A, 0x45, 0x30, 0x6E, 0x22, 0xF0, 0xB8, 0x43, 0x88, 0xC0, 0xCB, 0xA7, 0x2A, 0x20, 0x28,
    0xCC, 0x2B, 0x30, 0xCB, 0x23, 0x30, 0xF6, 0x43, 0x56, 0x44, 0x15, 0x1F, 0x30, 0x6F, 0xFE, 0x45,
    0x73, 0x4C, 0x45, 0xD4, 0xAB, 0x12, 0xA1, 0xDF, 0x43, 0x79, 0x48, 0x56, 0xAA, 0xF7, 0xA9, 0x56,
    0x66, 0x7D, 0x61, 0xEB, 0x75, 0x5B, 0xA6, 0xE7, 0x28, 0xE7, 0xF8, 0x7C, 0xC4, 0x68, 0xA1, 0xAF,
    0xB2, 0xF1, 0x1D, 0xC8, 0x71, 0xE7, 0x6E, 0x6E, 0x93, 0x55, 0x3B, 0xB7, 0xD7, 0xB4, 0xE5, 0x22,
    0x36, 0x7C, 0x77, 0xBC, 0xBD, 0x5D, 0xA3, 0xB2, 0x16, 0xE1, 0x3F, 0x01, 0x65, 0xD8, 0x3B, 0x30,
    0xB7, 0x7F, 0x04, 0x59, 0xE5, 0xE6, 0xDB, 0x8D, 0xB3, 0xDF, 0x38, 0x8C, 0x7F, 0xF3, 0xC0, 0xCB,
    0x0E, 0xB8, 0xE8, 0x29, 0x37, 0x5F, 0x07, 0xEC, 0x36, 0x2B, 0x47, 0x5E, 0x11, 0x64, 0xD6, 0x62,
    0x26, 0xA9, 0xBD, 0x32, 0x4C, 0xFE, 0x1E, 0xAE, 0x8F, 0x54, 0x84, 0x53, 0x14, 0x59, 0x2F, 0x20,
    0x35, 0x93, 0xA1, 0xBF, 0xFD, 0x1A, 0x68, 0xEF, 0xFE, 0x47, 0xAB, 0x83, 0xD5, 0xE2, 0x2D, 0xFA,
    0x33, 0x82, 0x98, 0x62, 0x78, 0x33, 0xD1, 0xF0, 0xF9, 0x29, 0x41, 0xAC, 0x8A, 0xE7, 0xB0, 0x6C,
    0xB6, 0x48, 0x6B, 0x96, 0x0D, 0x67, 0xF9, 0x66, 0xFA, 0x43, 0xD6, 0x9B, 0x69, 0xD9, 0x12, 0xEC,
    0xC5, 0x76, 0xB7, 0xDA, 0x12, 0x75, 0x4E, 0x9A, 0x73, 0x13, 0xF8, 0xD4, 0x09, 0x6B, 0xBC, 0xB2,
    0x3A, 0x69, 0x1D, 0x26, 0x50, 0xEF, 0x5A, 0x53, 0x6B, 0xAA, 0x29, 0xDB, 0xC5, 0x26, 0x72, 0xC7,
    0x9F, 0xB1, 0x6A, 0xA0, 0xB4, 0xC5, 0xD5, 0xF3, 0xE0, 0xA7, 0xF5, 0xC3, 0xA2, 0x5E, 0xEA, 0x44,
    0xAB, 0x81, 0x33, 0xAD, 0x08, 0x7E, 0xD4, 0xFB, 0xA3, 0xDF, 0x1F, 0x5D, 0xEB, 0xF5, 0x4A, 0xA1,
    0x79, 0xF6, 0x2F, 0xBD, 0x2E, 0x06, 0x5A, 0xD0, 0x3B, 0x3D, 0x6B, 0x9A, 0x47, 0x46, 0x78, 0x0A,
    0xAD, 0x55, 0xE2, 0x66, 0xDA, 0x79, 0x7A, 0x29, 0xF8, 0x76, 0xF2, 0x2B, 0x69, 0xD8, 0x24, 0x39,
    0x74, 0x16, 0x16, 0x12, 0xA3, 0x26, 0x37, 0x2F, 0x4E, 0x84, 0x9A, 0xB6, 0x67, 0xF8, 0xDA, 0x42,
    0x4C, 0xC2, 0x72, 0x26, 0xD4, 0x52, 0x7A, 0x4F, 0xBF, 0x5D, 0x54, 0x89, 0x5E, 0x24, 0xEC, 0xFA,
    0x38, 0xD8, 0xE6, 0x2A, 0x2E, 0x38, 0xFE, 0x84, 0xEC, 0xB6, 0xBF, 0x33, 0x5E, 0x93, 0xE8, 0xA7,
    0xB2, 0x00, 0xF7, 0xF5, 0xFB, 0x73, 0xB1, 0xE0, 0xB3, 0x7E, 0x87, 0x2C, 0x30, 0x37, 0x5E, 0x63,
    0x09, 0x7B, 0xC4, 0x4A, 0x4E, 0x9C, 0x32, 0xF1, 0x3F, 0xE8, 0xB7, 0xBE, 0xD5, 0x5D, 0xDA, 0x7A,
    0x36, 0x61, 0xFA, 0x9E, 0x49, 0x3E, 0x86, 0xCB, 0xF8, 0x41, 0xEF, 0x8E, 0x51, 0xE3, 0xDE, 0xBC,
    0x92, 0x5E, 0x94, 0xBC, 0x2F, 0x06, 0x84, 0x4C, 0xD2, 0x2B, 0xAA, 0xAC, 0x73, 0x6D, 0xC1, 0xC6,
    0x02, 0x44, 0x47, 0x10, 0xEB, 0x05, 0x72, 0xFF, 0x32, 0x53, 0xBD, 0x31, 0x0B, 0xE4, 0x5E, 0x1C,
    0xC1, 0x43, 0xEE, 0xCC, 0xCE, 0xDA, 0xCF, 0xAA, 0xD5, 0xE7, 0xEA, 0x3E, 0x8A, 0xEA, 0x23, 0x65,
    0x8F, 0x67, 0x7F, 0x7A, 0x10, 0x5A, 0x6F, 0x26, 0xFB, 0x44, 0x85, 0xA8, 0x15, 0xDE, 0xEB, 0x2F,
    0x75, 0x39, 0xC3, 0x3E, 0x83, 0x45, 0x90, 0x87, 0x7D, 0x52, 0xFB, 0x18, 0xB1, 0x4B, 0xE0, 0x5D,
    0x96, 0x51, 0x1B, 0xD3, 0xC9, 0x8C, 0x9B, 0xA8, 0x45, 0x2F, 0x49, 0x13, 0x76, 0xFC, 0xA8, 0xC3,
    0x0E, 0xB6, 0x50, 0x02, 0x67, 0x35, 0xFE, 0xAC, 0xC9, 0x4A, 0xBF, 0x4F, 0x1E, 0xB6, 0x45, 0xE9,
    0x0D, 0xC9, 0x27, 0x1D, 0x3C, 0x89, 0x31, 0xF9, 0x43, 0x2F, 0xB9, 0x3B, 0x66, 0x6F, 0xF5, 0x92,
    0x3A, 0x52, 0xB8, 0xA3, 0x56, 0x3A, 0x38, 0xB6, 0xE0, 0xC1, 0x50, 0xE3, 0x16, 0x70, 0x39, 0x06,
    0x75, 0x74, 0x28, 0x65, 0x1B, 0xF3, 0x66, 0x34, 0x36, 0x23, 0x9E, 0x4E, 0x7D, 0x09, 0x4D, 0xA0,
    0xD8, 0xDC, 0xD1, 0xF4, 0x03, 0x12, 0x6F, 0xD0, 0x1F, 0xC2, 0xD4, 0x49, 0xB9, 0xB1, 0x10, 0x31,
    0x1F, 0x0C, 0x9F, 0x34, 0x11, 0xE6, 0x92, 0x35, 0x31, 0x26, 0x56, 0x34, 0x09, 0x66, 0x09, 0x1B,
    0xA8, 0x8E, 0x9B, 0xB1, 0xCB, 0xAA, 0xA8, 0x19, 0xBA, 0xA2, 0x0C, 0xFF, 0xD7, 0xF5, 0xA0, 0xCF,
    0x3A, 0x4C, 0x2F, 0x78, 0xD6, 0x7E, 0xC4, 0x50, 0x45, 0x53, 0x50, 0x4C, 0x4D, 0x46, 0x5A, 0x27,
    0x2C, 0x67, 0xAF, 0x13, 0x06, 0x2F, 0xAA, 0xA4, 0xB7, 0x49, 0xB7, 0xD9, 0x85, 0x9E, 0xCC, 0x4D,
    0x9B, 0xA6, 0xFC, 0x27, 0x2D, 0xB9, 0x6B, 0xE9, 0x9D, 0x0D, 0x36, 0x32, 0x1C, 0xC7, 0x30, 0x0A,
    0x54, 0x04, 0x6C, 0xEC, 0x88, 0xA6, 0x09, 0xE1, 0x80, 0xB9, 0x05, 0x7F, 0x9E, 0xC3, 0xC4, 0x9A,
    0x91, 0x7F, 0xB2, 0xA3, 0xEC, 0x89, 0xD5, 0x31, 0xE3, 0x22, 0x64, 0x67, 0x7F, 0xEE, 0x34, 0x65,
    0x6B, 0x5F, 0x28, 0xCB, 0xAA, 0x05, 0x3F, 0x6A, 0xE1, 0xA8, 0xAD, 0x93, 0xFD, 0xB1, 0xC6, 0x31,
    0xE7, 0xAF, 0x6E, 0x5C, 0xEB, 0xEF, 0x76, 0x0E, 0xA5, 0xEC, 0x0A, 0xFC, 0x5A, 0x1C, 0xE9, 0xFE,
    0xE0, 0xF3, 0x87, 0x30, 0x4C, 0x27, 0x69, 0xE8, 0x48, 0xDE, 0x66, 0x96, 0xF3, 0xAE, 0x16, 0x76,
    0xD6, 0x8C, 0xDF, 0xA8, 0xDE, 0x63, 0xD4, 0x5A, 0x97, 0xB1, 0xCC, 0x45, 0x45, 0x8C, 0xF8, 0xAB,
    0x67, 0xCC, 0x68, 0xE4, 0x1C, 0xDF, 0xAC, 0x66, 0x9B, 0xCE, 0xAB, 0x13, 0x2D, 0x9B, 0x55, 0x85,
    0xA9, 0x94, 0xFA, 0x6A, 0xCB, 0x4B, 0xD9, 0x5C, 0x47, 0xB4, 0x86, 0x99, 0x31, 0xF5, 0x99, 0x65,
    0xC7, 0xE6, 0xA1, 0x04, 0xE8, 0xA6, 0x40, 0x90, 0x5C, 0x12, 0x2D, 0x53, 0x1F, 0x91, 0xD6, 0xAB,
    0x87, 0xA2, 0xBD, 0x89, 0xF5, 0xC4, 0x87, 0xC5, 0xEA, 0x98, 0x9C, 0xCB, 0xB3, 0xD2, 0x80, 0x09,
    0x94, 0xA8, 0x9C, 0xEB, 0xBC, 0x38, 0xF9, 0xB5, 0x1A, 0x29, 0x93, 0xD8, 0x82, 0xAD, 0x35, 0x62,
    0xA6, 0xA0, 0xCF, 0xA0, 0x15, 0xD9, 0x9C, 0x81, 0xA2, 0xD7, 0xFB, 0xA9, 0x06, 0x83, 0x2C, 0x30,
    0xB3, 0xE0, 0x4A, 0xC0, 0x49, 0x47, 0xB2, 0xB8, 0xBF, 0x2C, 0x30, 0x5D, 0x10, 0x5B, 0x73, 0x36,
    0x5A, 0xCE, 0x86, 0xDD, 0xBC, 0xF4, 0x67, 0x23, 0xB5, 0x99, 0xAF, 0x3B, 0xFB, 0x6A, 0xDB, 0x55,
    0xE0, 0x44, 0xAA, 0x05, 0xA8, 0x45, 0x6B, 0x58, 0x5C, 0x0F, 0xD6, 0xE9, 0xC8, 0xDC, 0x43, 0xF2,
    0xEC, 0xCE, 0xED, 0xB5, 0x8C, 0xE4, 0xF1, 0xE5, 0x7C, 0x47, 0xE3, 0xB4, 0x47, 0xE1, 0x60, 0x3D,
    0xB3, 0x35, 0x9C, 0xEB, 0xF7, 0xEB, 0xD5, 0xFB, 0x2B, 0x7C, 0xD9, 0x86, 0x33, 0xCC, 0xED, 0x0F,
    0xA3, 0x78, 0x85, 0xE5, 0x76, 0x8C, 0x77, 0xA4, 0x51, 0x50, 0xC1, 0x84, 0x31, 0x6B, 0x21, 0xEC,
    0x5A, 0x9D, 0xAF, 0xA3, 0x30, 0x3A, 0x03, 0x8B, 0x9C, 0xB2, 0x77, 0xAA, 0x69, 0xA9, 0xEA, 0xCF,
    0xB1, 0x9C, 0xF6, 0x52, 0x64, 0x79, 0x25, 0x85, 0x8D, 0xD2, 0xB2, 0x56, 0xB1, 0xB7, 0xBF, 0x44,
    0x8B, 0xF2, 0x8B, 0x93, 0xE5, 0x95, 0xDB, 0x86, 0x05, 0x27, 0xB4, 0xAA, 0x17, 0x65, 0x34, 0x67,
    0x2D, 0x7E, 0xFA, 0x3F, 0xDD, 0x58, 0xBF, 0x8F, 0xDD, 0x58, 0x15, 0xBE, 0xB6, 0xD9, 0x67, 0x29,
    0x46, 0x32, 0x05, 0xD5, 0xA6, 0x70, 0x8B, 0xB6, 0xC0, 0xFF, 0x00, 0xC2, 0x86, 0x2D, 0x28, 0xD9,
    0x9E, 0x82, 0x7A, 0x57, 0x5A, 0x4D, 0x4B, 0x01, 0xF8, 0xFD, 0x09, 0x29, 0xE8, 0xD9, 0x22, 0xC5,
    0x32, 0x5B, 0xE4, 0x4F, 0xB8, 0xCE, 0x4C, 0x41, 0x41, 0x11, 0x4B, 0x14, 0x14, 0x14, 0x63, 0x89,
    0x2D, 0x50, 0x9A, 0x18, 0xD6, 0x80, 0x27, 0xB1, 0x7D, 0xF8, 0xBE, 0x73, 0xAE, 0xFD, 0x66, 0x32,
    0xC3, 0xB2, 0x21, 0x08, 0x01, 0xD1, 0xBC, 0x73, 0x4F, 0xE6, 0x5D, 0x5F, 0x9F, 0xDF, 0xDF, 0x77,
    0xC7, 0x39, 0xE7, 0x1E, 0x3C, 0x86, 0x70, 0xF9, 0xAC, 0x72, 0xA2, 0xAC, 0x46, 0x77, 0x10, 0x91,
    0xC1, 0x35, 0x90, 0x6D, 0x0C, 0xB1, 0xBA, 0x4C, 0x5E, 0xC9, 0xE8, 0x0A, 0x28, 0x8B, 0xAB, 0x26,
    0x17, 0x8B, 0x6B, 0x06, 0xE7, 0xA4, 0xF5, 0x9D, 0x73, 0x4D, 0x27, 0x2D, 0x9E, 0xEA, 0x55, 0x0E,
    0x77, 0xA5, 0xEE, 0xE9, 0x75, 0x7F, 0xA7, 0xCF, 0xB6, 0x3C, 0x47, 0xEA, 0x54, 0x5E, 0xE2, 0xE4,
    0x08, 0xE7, 0xE3, 0xB5, 0x95, 0x08, 0xB6, 0xC5, 0x72, 0xED, 0xD4, 0x90, 0x61, 0x13, 0xE5, 0xE0,
    0xCE, 0xF0, 0x55, 0x82, 0x5D, 0xC7, 0x5C, 0x64, 0xE1, 0xC6, 0x19, 0x2F, 0xCF, 0x17, 0xE7, 0xDB,
    0x64, 0x85, 0x09, 0x89, 0xBC, 0x2E, 0x7C, 0x97, 0xAE, 0xB6, 0x45, 0x37, 0xE7, 0xF4, 0x05, 0x07,
    0xC0, 0x98, 0x33, 0x3B, 0xDE, 0x3D, 0xF8, 0x64, 0x7F, 0x4B, 0x90, 0x6A, 0x7E, 0x25, 0x9D, 0xCA,
    0x23, 0xE5, 0xB5, 0xA3, 0x1C, 0xDE, 0x4A, 0x7A, 0xC8, 0x1E, 0xF6, 0xC0, 0x7F, 0x84, 0x35, 0xD2,
    0xC3, 0x9F, 0xC8, 0x91, 0x26, 0x89, 0xA3, 0x4D, 0x0C, 0xFB, 0x99, 0x3C, 0x52, 0xA3, 0x92, 0x79,
    0x13, 0xF9, 0x24, 0x6D, 0x2E, 0x23, 0x05, 0x0C, 0xCA, 0xE9, 0x25, 0x12, 0xF4, 0xCF, 0x44, 0x01,
    0xD1, 0x57, 0xB3, 0xF3, 0x1A, 0x21, 0x8A, 0x52, 0xAE, 0x66, 0x77, 0x58, 0xD3, 0xD9, 0xBC, 0x76,
    0xCD, 0xF7, 0x96, 0xA0, 0x15, 0xBF, 0x1B, 0x83, 0x96, 0x32, 0xEE, 0xFA, 0x2F, 0x92, 0x3A, 0x68,
    0xEE, 0x67, 0xEE, 0xDE, 0x7F, 0xC2, 0xF4, 0xD0, 0xF6, 0x01, 0x9F, 0x71, 0xD7, 0xD6, 0xA0, 0x3D,
    0xB7, 0x1C, 0x41, 0x43, 0xD5, 0x68, 0x36, 0x5B, 0x78, 0xEC, 0x07, 0xBE, 0xA4, 0xB6, 0x80, 0x38,
    0x75, 0xC6, 0x15, 0xCC, 0x38, 0x6D, 0xD6, 0x92, 0x13, 0x0D, 0x17, 0x7C, 0xE0, 0x53, 0xA6, 0xA5,
    0x08, 0x92, 0x69, 0xB9, 0xB8, 0xB0, 0x0F, 0x0F, 0x84, 0x67, 0xF1, 0x6E, 0x0B, 0x70, 0x2C, 0xBD,
    0x6A, 0x7E, 0x48, 0x99, 0x5E, 0x69, 0x1F, 0x4A, 0xC7, 0x07, 0x60, 0x29, 0x6C, 0xA9, 0x76, 0xFB,
    0xAA, 0xDD, 0xE6, 0xA0, 0x5D, 0x3B, 0xD3, 0xD4, 0xAD, 0xC3, 0xA3, 0x43, 0xC8, 0xC0, 0x52, 0x75,
    0xFA, 0x1D, 0x62, 0xE8, 0x74, 0xBB, 0xBE, 0x8D, 0x27, 0xB8, 0x18, 0xA6, 0xD1, 0x41, 0x8D, 0x43,
    0x7B, 0xB0, 0xA8, 0xE9, 0xAB, 0x59, 0x64, 0x6A, 0x4D, 0x50, 0x8A, 0x29, 0x28, 0xF9, 0xF4, 0xDE,
    0xB9, 0x29, 0xB4, 0x7C, 0x34, 0x25, 0xD1, 0x1A, 0x83, 0x92, 0x69, 0x4C, 0xE0, 0x57, 0xB9, 0x04,
    0xB7, 0xFC, 0x68, 0x5E, 0x45, 0x16, 0x06, 0x3A, 0xC5, 0x28, 0x20, 0x2A, 0x68, 0x18, 0x7B, 0x7B,
    0xB5, 0x9E, 0x9F, 0xEF, 0x1E, 0xED, 0x0E, 0xED, 0xFE, 0xA8, 0x17, 0xBE, 0xB6, 0xD5, 0x95, 0xBF,
    0x9D, 0xCD, 0xC8, 0xCC, 0x1C, 0x95, 0x96, 0x15, 0x68, 0x66, 0xFF, 0xDC, 0x05, 0xC5, 0xDD, 0x54,
    0x7C, 0x27, 0x97, 0x6C, 0xFA, 0x14, 0x66, 0xAB, 0x52, 0x40, 0xA8, 0x52, 0x89, 0x97, 0x8B, 0xF3,
    0x27, 0xD2, 0x36, 0x23, 0x43, 0x9D, 0x4B, 0xED, 0xBB, 0x98, 0xD6, 0xAA, 0xF1, 0xB4, 0x76, 0x34,
    0x25, 0xE4, 0x90, 0x2F, 0xAD, 0x4D, 0x29, 0x50, 0x74, 0xBE, 0xC7, 0xE6, 0x06, 0xB9, 0xE6, 0xE3,
    0x4F, 0x99, 0x35, 0x1E, 0x78, 0x29, 0xCF, 0xCF, 0x3F, 0xD9, 0x5E, 0x01, 0x6F, 0x17, 0x53, 0xB0,
    0xDB, 0x5F, 0x5A, 0x1D, 0x69, 0x56, 0xE4, 0x3F, 0xB9, 0xC6, 0x75, 0xB2, 0x72, 0x6D, 0xDA, 0x74,
    0xD1, 0x9A, 0xEA, 0xF3, 0x19, 0xB6, 0xCC, 0x7E, 0x95, 0x89, 0x6B, 0x65, 0x95, 0x34, 0x67, 0xD8,
    0xCD, 0xD5, 0x79, 0x9B, 0x29, 0x59, 0xAF, 0x21, 0xB7, 0x09, 0x3A, 0xEB, 0xE4, 0x53, 0x59, 0x4E,
    0x94, 0x59, 0xBF, 0x47, 0x3E, 0xC8, 0xFB, 0x26, 0xE5, 0x1B, 0x4B, 0xDA, 0x73, 0x8F, 0x54, 0x1B,
    0x28, 0xDF, 0xD5, 0xC4, 0x97, 0x8C, 0x37, 0x24, 0xDF, 0x5D, 0xAE, 0xC1, 0xD6, 0x72, 0x32, 0x0B,
    0xF9, 0xA1, 0x8D, 0x66, 0xA1, 0x7D, 0xE0, 0xF1, 0x9B, 0x7C, 0xAE, 0x73, 0x44, 0x27, 0x9F, 0x2B,
    0x7C, 0x1E, 0xAE, 0xAC, 0x75, 0x7C, 0x1E, 0x78, 0xB6, 0xEE, 0x84, 0xCF, 0x80, 0x9E, 0xAF, 0xA9,
    0xCD, 0xEA, 0x39, 0x07, 0x72, 0xD0, 0xD6, 0x5D, 0x93, 0x93, 0x76, 0xDC, 0xB5, 0x76, 0xD7, 0x86,
    0x4D, 0xBB, 0x1A, 0x37, 0xED, 0xD9, 0xBC, 0x69, 0xBF, 0x5E, 0x36, 0xED, 0x52, 0x36, 0xED, 0xA9,
    0xFC, 0x30, 0x68, 0xDC, 0x19, 0xB4, 0xEA, 0x6A, 0xD3, 0x4A, 0x99, 0x0F, 0xBD, 0xE3, 0x98, 0xCF,
    0x19, 0xAE, 0x88, 0x9D, 0x98, 0x41, 0x9B, 0x02, 0x82, 0xCC, 0xA5, 0xF8, 0x55, 0x6B, 0x79, 0xCE,
    0x99, 0x62, 0x96, 0xF1, 0x0C, 0x20, 0xEC, 0xB5, 0xD0, 0x31, 0x57, 0xD7, 0x30, 0x29, 0xE3, 0xC9,
    0x72, 0xBF, 0x1A, 0x6A, 0x89, 0xBA, 0xA9, 0x8F, 0xE4, 0x73, 0xB6, 0xAA, 0x83, 0xF1, 0x14, 0xBC,
    0x0B, 0xAE, 0xA9, 0x5F, 0x08, 0xDA, 0x8B, 0x41, 0x97, 0x67, 0xA3, 0x2E, 0xBF, 0x99, 0x75, 0xB9,
    0x5C, 0x74, 0xB9, 0x10, 0x5D, 0x5A, 0x78, 0xC1, 0xC5, 0x3F, 0xD3, 0x05, 0xF6, 0x73, 0x81, 0xF1,
    0x1A, 0x77, 0x5B, 0x32, 0x5B, 0x12, 0x5B, 0x62, 0x5B, 0x5C, 0x58, 0xBC, 0x05, 0x69, 0x83, 0x77,
    0xE6, 0x44, 0xCD, 0x9C, 0x6C, 0x31, 0xF8, 0xB3, 0x91, 0x76, 0xBB, 0x7C, 0x4F, 0xD2, 0x7E, 0x63,
    0xDF, 0xEE, 0x30, 0xF0, 0xFD, 0xB5, 0xC6, 0xF9, 0xBF, 0x0C, 0xAD, 0x01, 0x47, 0x04, 0xCD, 0x01,
    0x39, 0x94, 0x93, 0x95, 0xC4, 0xDB, 0xC9, 0xDD, 0x62, 0x33, 0xD8, 0xEC, 0x35, 0x73, 0x31, 0x77,
    0x5C, 0xD5, 0x7A, 0x84, 0x3F, 0xFF, 0x2B, 0xB1, 0x2C, 0x96, 0xD1, 0xE6, 0x96, 0xDA, 0x7A, 0x17,
    0xB0, 0x7A, 0xDD, 0x33, 0x68, 0x77, 0x8F, 0x8A, 0x76, 0x3C, 0x31, 0x13, 0x3B, 0x97, 0x69, 0x2B,
    0xFE, 0xC6, 0x69, 0x59, 0xFD, 0x99, 0xE0, 0x07, 0x12, 0x70, 0xD4, 0x21, 0xD8, 0x06, 0x6E, 0x13,
    0x61, 0xE2, 0x0E, 0x38, 0xA0, 0xAE, 0xC8, 0x20, 0x9E, 0xFB, 0x09, 0x07, 0x04, 0x4A, 0x01, 0x2A,
    0x92, 0xEB, 0x24, 0x46, 0x84, 0x50, 0x36, 0x20, 0x4D, 0x89, 0xD4, 0x20, 0x39, 0x18, 0xB1, 0x5E,
    0x41, 0x29, 0x1B, 0x8B, 0x3E, 0x5A, 0x9A, 0xA3, 0x6B, 0x56, 0x85, 0x11, 0x97, 0x76, 0x27, 0xC3,
    0x40, 0x44, 0x38, 0x6E, 0x48, 0x4D, 0x4A, 0xC4, 0x2E, 0xEB, 0x0A, 0x6B, 0x9B, 0xE8, 0x6C, 0x06,
    0x21, 0x9A, 0x31, 0x13, 0xE7, 0x66, 0xDC, 0x5A, 0xAC, 0xB4, 0x01, 0x24, 0xAC, 0xCB, 0x57, 0x4B,
    0xBA, 0xBE, 0xBF, 0x44, 0x8F, 0x23, 0xD0, 0x36, 0x21, 0x75, 0xA9, 0x68, 0xAC, 0x62, 0x9E, 0x52,
    0x07, 0xF7, 0xC1, 0x2D, 0xFF, 0x5B, 0x9B, 0x15, 0x6F, 0x27, 0x94, 0xC5, 0x28, 0x89, 0x51, 0x0E,
    0xA3, 0x14, 0x46, 0x19, 0x8C, 0x11, 0x18, 0xF2, 0x97, 0x62, 0xA8, 0xDA, 0x64, 0x26, 0x54, 0xCF,
    0x36, 0x7A, 0xB2, 0xE3, 0x0D, 0x23, 0xBE, 0xEA, 0x2C, 0x29, 0x66, 0x12, 0x18, 0x3A, 0xDA, 0xA8,
    0xB3, 0x57, 0x73, 0x4A, 0xF2, 0xF2, 0x91, 0xFB, 0x10, 0x87, 0x5E, 0x2C, 0xF4, 0x73, 0x64, 0x26,
    0x19, 0x48, 0xCF, 0xA3, 0xBF, 0x79, 0x2B, 0xDB, 0x07, 0xF9, 0xDC, 0x91, 0xF8, 0xD4, 0xE4, 0xAC,
    0xBD, 0x52, 0x56, 0x00, 0x67, 0xD9, 0x21, 0x37, 0xEF, 0x90, 0x81, 0x85, 0x3A, 0xD1, 0x39, 0xC8,
    0xCE, 0x91, 0x9B, 0xE2, 0xF0, 0x99, 0xE0, 0xDB, 0x44, 0xB0, 0x2F, 0x11, 0x3C, 0x91, 0x0A, 0x46,
    0x65, 0x21, 0x39, 0x4E, 0x11, 0xB2, 0x4F, 0xD0, 0x4A, 0x59, 0x3C, 0x4A, 0xE7, 0x51, 0x93, 0x4C,
    0xE9, 0x84, 0x3C, 0x97, 0x8A, 0x62, 0x47, 0xE5, 0x34, 0xB0, 0x6A, 0xBC, 0x65, 0x8B, 0x7F, 0xE4,
    0x15, 0x45, 0x15, 0x41, 0x15, 0x3D, 0xDB, 0x86, 0x24, 0xC5, 0x77, 0x91, 0xB2, 0xA2, 0x3B, 0x22,
    0x20, 0x64, 0xC6, 0xCD, 0x5A, 0x19, 0x2B, 0xDB, 0x99, 0xE0, 0xF1, 0x5E, 0x6D, 0x16, 0x1F, 0x49,
    0xD1, 0x8E, 0x29, 0x00, 0x94, 0x95, 0xB7, 0xB2, 0x14, 0x75, 0x9E, 0xC0, 0x8C, 0xC3, 0xAF, 0xB4,
    0xCE, 0xD9, 0x27, 0x15, 0x51, 0x2C, 0x52, 0x6A, 0x90, 0xC2, 0xF6, 0xC5, 0x19, 0xD9, 0x36, 0xE2,
    0x6D, 0x24, 0xDC, 0x08, 0xF9, 0x97, 0x43, 0xCB, 0x2D, 0xD2, 0x4E, 0xD6, 0x02, 0x47, 0xEA, 0x42,
    0x5C, 0xA6, 0x95, 0x1F, 0x1B, 0x39, 0x6A, 0x94, 0x0F, 0x1D, 0xAC, 0x07, 0x95, 0x3D, 0x5A, 0x0D,
    0x26, 0xEB, 0x07, 0xA7, 0xDE, 0x3C, 0x1B, 0x6E, 0xD7, 0x3B, 0xC9, 0x11, 0xC9, 0x39, 0x59, 0x3A,
    0x07, 0xD7, 0xCD, 0x8F, 0xEF, 0x92, 0x95, 0xDF, 0x55, 0xAB, 0xE7, 0x18, 0x1D, 0x14, 0x92, 0xCF,
    0x90, 0xF8, 0x0A, 0xE6, 0x28, 0xAF, 0xFB, 0x05, 0x42, 0x0B, 0x37, 0x8B, 0xF1, 0xFF, 0x90, 0x8C,
    0x4A, 0xB8, 0xFD, 0x04, 0xEA, 0x69, 0x8A, 0x41, 0xCB, 0xFF, 0x04, 0xF5, 0x7C, 0x9D, 0x4D, 0x7E,
    0x89, 0xF2, 0x5F, 0x46, 0x34, 0x61, 0xD1, 0x4F, 0xF5, 0x0A, 0xB4, 0xEC, 0x17, 0x31, 0x97, 0x2B,
    0xE6, 0xBD, 0xAB, 0x48, 0x5F, 0x5A, 0xEC, 0x87, 0xBD, 0xCB, 0x92, 0x61, 0x3E, 0xC9, 0x3F, 0xCD,
    0x7A, 0x7B, 0x1A, 0xF7, 0x3D, 0x91, 0xED, 0x51, 0x94, 0x49, 0x64, 0x51, 0xC4, 0x61, 0x1E, 0xF3,
    0x97, 0x0C, 0x53, 0xF1, 0x17, 0xC5, 0x9A, 0x1B, 0x8D, 0xE6, 0xBB, 0x46, 0x4B, 0xA7, 0x52, 0xF8,
    0xC0, 0xF0, 0x89, 0x81, 0x35, 0xCC, 0x17, 0x3B, 0x3C, 0xDD, 0x8B, 0x5A, 0x2C, 0x89, 0x75, 0xA9,
    0xBD, 0x5C, 0x69, 0xDD, 0x69, 0x87, 0xE2, 0xE1, 0xAF, 0xB1, 0xF5, 0x9D, 0x36, 0x49, 0x8C, 0x17,
    0xA6, 0xC3, 0x69, 0x14, 0x11, 0xBC, 0x59, 0xAE, 0xA0, 0x34, 0x6E, 0xAE, 0x4E, 0x1F, 0xFE, 0x9F,
    0xBF, 0xDF, 0xC0, 0xFD, 0xAD, 0x30, 0xE9, 0x07, 0x76, 0xB3, 0x4C, 0xC2, 0x59, 0x79, 0x78, 0x7F,
    0x19, 0x56, 0x1F, 0xE0, 0xE0, 0xC3, 0x7B, 0xEF, 0x95, 0x06, 0xAA, 0xD6, 0xCD, 0xB3, 0xCD, 0x30,
    0x5D, 0x9B, 0xB0, 0x86, 0x8B, 0x4D, 0x12, 0xD6, 0x2C, 0xAC, 0x06, 0xDD, 0xD8, 0xFE, 0x85, 0xFE,
    0x09, 0xC1, 0x31, 0x97, 0x13, 0xA3, 0xFF, 0xBE, 0xAE, 0x09, 0xE7, 0xF6, 0x44, 0x17, 0x12, 0xDD,
    0x57, 0xAE, 0x9F, 0xE9, 0xDA, 0x84, 0x8B, 0x92, 0xD8, 0x1A, 0x87, 0x35, 0x5D, 0x2D, 0xE0, 0x79,
    0x08, 0xBC, 0x22, 0x3A, 0x7D, 0x1C, 0x42, 0x22, 0xB0, 0xC5, 0x8A, 0xB7, 0x30, 0x27, 0x1B, 0xC3,
    0x73, 0xBB, 0x35, 0x47, 0x8F, 0xEF, 0xBA, 0x75, 0x76, 0x1D, 0x03, 0x1A, 0xF1, 0xF0, 0x55, 0xA0,
    0x0C, 0x78, 0x0F, 0x22, 0xCB, 0x69, 0x10, 0x73, 0x32, 0xF8, 0x56, 0xE3, 0x5B, 0xF5, 0xE0, 0xE9,
    0x56, 0x97, 0xBA, 0x58, 0x5B, 0x0D, 0xFE, 0xF3, 0xC0, 0x66, 0xF3, 0x45, 0x97, 0x52, 0xDC, 0x63,
    0xB5, 0xF9, 0x95, 0x1C, 0x9B, 0x70, 0x98, 0xA0, 0xDF, 0x27, 0x0C, 0xE0, 0xE3, 0xC1, 0xFE, 0x86,
    0x60, 0x78, 0xB8, 0xDA, 0x0C, 0x3E, 0x11, 0xBF, 0xAA, 0xBB, 0x37, 0xEC, 0x91, 0xBF, 0x3E, 0xF0,
    0x5E, 0x20, 0x2F, 0xEA, 0x48, 0x0C, 0x51, 0x5E, 0xB2, 0xC8, 0x58, 0x6D, 0x04, 0x8C, 0x5C, 0xCB,
    0xAB, 0x52, 0xC0, 0x58, 0x08, 0x18, 0xC9, 0xC4, 0xAA, 0xCD, 0x7B, 0xCA, 0xAA, 0xA5, 0x14, 0xD6,
    0xF1, 0xC5, 0xCC, 0x3A, 0xFE, 0xFD, 0x48, 0xC0, 0x60, 0x53, 0x76, 0x40, 0xC5, 0x98, 0x06, 0x1F,
    0x33, 0x42, 0xD5, 0x1A, 0xA8, 0xD2, 0xE8, 0x4A, 0xCF, 0x29, 0xF6, 0x75, 0xC5, 0x69, 0xE7, 0xBE,
    0xCD, 0x18, 0x32, 0x5D, 0x30, 0x76, 0xE2, 0x2D, 0x7C, 0xB3, 0xEB, 0x1B, 0x88, 0xDC, 0x4F, 0xC8,
    0x2D, 0x4E, 0x70, 0x51, 0x02, 0x2E, 0x9A, 0x55, 0x9E, 0x02, 0x8C, 0x2F, 0xFF, 0x20, 0xF2, 0x0C,
    0x99, 0x7E, 0x01, 0xB8, 0x00, 0x3F, 0x40, 0x49, 0x2E, 0xA5, 0x95, 0xE7, 0x80, 0xB0, 0xB4, 0xDF,
    0xD9, 0xFE, 0xC6, 0x93, 0x31, 0x24, 0x01, 0x27, 0x09, 0x05, 0x2F, 0xA4, 0x47, 0xE3, 0xF8, 0x0E,
    0x4D, 0xF6, 0x2D, 0xBB, 0x1D, 0x55, 0x8B, 0x5E, 0x8B, 0x40, 0xE6, 0xF3, 0x0D, 0xD4, 0x5A, 0x86,
    0x03, 0xDF, 0xFD, 0x48, 0x0B, 0xAA, 0x99, 0x5D, 0x4D, 0x26, 0x8F, 0x2B, 0xCC, 0x84, 0x4E, 0x29,
    0xC7, 0x02, 0xC1, 0xD7, 0x34, 0xB5, 0x7A, 0xB2, 0x7B, 0x28, 0xBB, 0xD1, 0x1F, 0xEF, 0x7F, 0x41,
    0xA9, 0xDA, 0x4D, 0xB0, 0xEA, 0x53, 0xE6, 0x21, 0x22, 0x1E, 0x02, 0xC7, 0xF0, 0x68, 0x07, 0x43,
    0x47, 0xCC, 0x24, 0xDC, 0x3B, 0xD2, 0x23, 0x7B, 0xB8, 0x44, 0x34, 0x50, 0xD1, 0x3D, 0x7B, 0xCC,
    0x45, 0x4F, 0xC4, 0xD5, 0x89, 0x3C, 0xEC, 0xC1, 0x41, 0x70, 0x07, 0x61, 0xCF, 0xA5, 0x34, 0xE8,
    0x2C, 0xDC, 0x38, 0x62, 0x64, 0x32, 0x1F, 0x6D, 0x44, 0xF1, 0x93, 0x11, 0xBB, 0x50, 0x8E, 0xEF,
    0x58, 0x39, 0x0F, 0xAF, 0x09, 0xA7, 0x95, 0xFF, 0xEF, 0x16, 0x5B, 0x96, 0xC2, 0xA4, 0x8C, 0xAC,
    0x9B, 0x36, 0x2D, 0x9B, 0xC3, 0xCC, 0x39, 0x7C, 0xAA, 0x90, 0xA9, 0x3F, 0x44, 0x25, 0xFD, 0x79,
    0xB2, 0x7E, 0xBA, 0xFF, 0xF2, 0xD6, 0x0F, 0x6B, 0xE4, 0x8F, 0x20, 0xE6, 0x9C, 0x9A, 0x76, 0x4F,
    0x81, 0x4F, 0xE8, 0x10, 0xB0, 0x2C, 0x0C, 0x93, 0x62, 0x88, 0x7D, 0x8B, 0xE9, 0x1C, 0x2D, 0x29,
    0x79, 0xC7, 0x8F, 0x11, 0x86, 0x82, 0xC1, 0x4E, 0x99, 0xC2, 0x68, 0xFC, 0x97, 0x38, 0xEF, 0x3D,
    0xF1, 0x7A, 0x23, 0x5A, 0xDC, 0x1C, 0xE1, 0x6E, 0xF1, 0x05, 0x33, 0xA1, 0x53, 0x5F, 0xA1, 0xED,
    0xBB, 0xAF, 0x5D, 0x40, 0xDA, 0x7F, 0x24, 0x2E, 0x90, 0x51, 0x0C, 0x86, 0xDE, 0x69, 0x9E, 0x78,
    0x81, 0x72, 0xBC, 0x3F, 0x7D, 0xB5, 0x3F, 0xF5, 0xDD, 0x11, 0x7F, 0x07, 0x25, 0x8E, 0xB1, 0x6D,
    0x03, 0x31, 0x10, 0x04, 0xF7, 0x9F, 0x80, 0x18, 0x10, 0xF0, 0x17, 0x60, 0x40, 0x2C, 0x81, 0x1D,
    0xE8, 0x14, 0xB8, 0x00, 0x95, 0x61, 0xB8, 0x06, 0x4B, 0xA4, 0xDD, 0x80, 0x9B, 0x50, 0x1F, 0xF7,
    0x25, 0xB0, 0x04, 0x66, 0x4E, 0x19, 0x7C, 0xC0, 0xE0, 0xC4, 0xF3, 0xD3, 0x02, 0x26, 0xDA, 0x60,
    0x67, 0x3E, 0xD1, 0xA1, 0x89, 0xB2, 0xAB, 0xD8, 0x66, 0x71, 0xE2, 0x2B, 0x25, 0x5C, 0x81, 0x49,
    0x13, 0xAC, 0x16, 0xF8, 0xDF, 0x86, 0xF8, 0xD5, 0x71, 0xC8, 0x2F, 0xE1, 0x11, 0x49, 0xFB, 0xCD,
    0x6E, 0xAA, 0xEB, 0x93, 0x77, 0xDC, 0xD9, 0x34, 0xD2, 0xEA, 0x35, 0xCF, 0x1D, 0xA7, 0xFD, 0x69,
    0xFF, 0xC2, 0xC9, 0x14, 0xFD, 0x69, 0x3B, 0x64, 0x2A, 0xC6, 0x56, 0x4C, 0x35, 0x75, 0x59, 0x5D,
    0x21, 0xE1, 0x2E, 0x24, 0xC4, 0x9D, 0xC4, 0x15, 0x6C, 0x76, 0x9D, 0xC5, 0x67, 0x27, 0x94, 0x7D,
    0xD5, 0x33, 0x7D, 0x3F, 0xFE, 0x5D, 0xC3, 0x39, 0xDC, 0xA3, 0x61, 0xB4, 0xC0, 0xC8, 0xC0, 0xCA,
    0x07, 0x37, 0xD6, 0x8D, 0xB5, 0x70, 0x3F, 0x87, 0xC4, 0x45, 0xAB, 0x56, 0x2E, 0x21, 0xE1, 0x62,
    0x65, 0xF7, 0xEB, 0xA4, 0x41, 0x96, 0x32, 0x61, 0xC1, 0xF1, 0x12, 0x1A, 0x24, 0xB6, 0x98, 0x0F,
    0xF7, 0x98, 0x15, 0xFA, 0xC6, 0xF2, 0x2A, 0x7F, 0xD5, 0x5A, 0x3B, 0x93, 0xDD, 0x48, 0x15, 0x6E,
    0x49, 0x3B, 0x57, 0x55, 0xA3, 0x40, 0x50, 0x85, 0x93, 0x71, 0x15, 0x8A, 0xD7, 0x01, 0x4A, 0x48,
    0x59, 0x09, 0x13, 0x6C, 0x40, 0x80, 0x03, 0xE7, 0xE4, 0x50, 0xC5, 0xA4, 0x44, 0x48, 0xD4, 0xFE,
    0x00, 0xA6, 0xF8, 0x05, 0x0E, 0x1C, 0x50, 0x6C, 0xE0, 0x64, 0x03, 0x27, 0x58, 0x2A, 0x7E, 0x41,
    0x67, 0x1B, 0x10, 0x58, 0x4B, 0x6D, 0xB4, 0x04, 0xA8, 0x40, 0x94, 0xEF, 0xD8, 0x2D, 0x35, 0xE7,
    0x3B, 0xA7, 0xF5, 0xB8, 0x8F, 0xF1, 0x8C, 0x67, 0xE6, 0x7A, 0x66, 0xE5, 0x51, 0xFB, 0xDE, 0xAB,
    0x56, 0x3F, 0xBE, 0x3E, 0xEF, 0x73, 0x94, 0xB2, 0xAD, 0x52, 0xCA, 0xB3, 0x1D, 0xB5, 0x81, 0x35,
    0x53, 0x1B, 0xD9, 0x81, 0xDA, 0xD8, 0x5A, 0x6A, 0x93, 0xB7, 0x36, 0x57, 0x2A, 0x6D, 0x6D, 0xA9,
    0x54, 0xD6, 0xDA, 0x5A, 0xA9, 0x42, 0x57, 0x5A, 0x29, 0x5B, 0x67, 0xAD, 0x6B, 0x7D, 0x9B, 0x27,
    0x6B, 0x7A, 0xF5, 0xBB, 0xCA, 0xA8, 0xD0, 0x5A, 0xDB, 0xD3, 0x00, 0x96, 0x86, 0xA0, 0x01, 0x68,
    0x08, 0x7A, 0x44, 0x1D, 0xB2, 0x8E, 0xE6, 0xA9, 0x0B, 0x7E, 0xA5, 0x6A, 0x94, 0xC2, 0xBD, 0xBC,
    0xD2, 0x12, 0xAD, 0xFC, 0xCA, 0xAB, 0x72, 0xAD, 0xFC, 0xC2, 0x4F, 0x4F, 0xCF, 0x69, 0x0E, 0x5B,
    0xD3, 0xA8, 0x6D, 0x3A, 0xD8, 0x75, 0xA4, 0x13, 0x5A, 0x6B, 0x6C, 0x94, 0x77, 0x6A, 0x3C, 0x6B,
    0x4D, 0x42, 0x77, 0xD1, 0xC5, 0x86, 0x7A, 0xD0, 0x9D, 0x1A, 0x9A, 0xDB, 0x54, 0x74, 0xA7, 0xF6,
    0x4D, 0xBF, 0xB2, 0x5F, 0xF4, 0xD3, 0x54, 0x11, 0x0D, 0x99, 0xAE, 0x69, 0x37, 0x46, 0x6E, 0x7C,
    0xC6, 0x6F, 0x2A, 0xD3, 0x78, 0x9C, 0xAD, 0xD1, 0xFE, 0xD0, 0x70, 0x5F, 0x6E, 0x7D, 0xE0, 0xA3,
    0xBC, 0x27, 0x6A, 0xEB, 0x2A, 0x64, 0x9D, 0xDC, 0x9F, 0x71, 0xF3, 0x6D, 0xCF, 0x18, 0x02, 0xBD,
    0x90, 0xD1, 0x8B, 0x0C, 0xD0, 0xC3, 0x82, 0x08, 0xC9, 0xAE, 0xA8, 0x81, 0x61, 0xD6, 0x70, 0x4B,
    0x2F, 0x57, 0x3A, 0xED, 0x00, 0x48, 0xBC, 0x26, 0x70, 0xBE, 0x7B, 0x61, 0x68, 0x00, 0xA0, 0x17,
    0x30, 0x6E, 0x21, 0xB7, 0x71, 0x4F, 0x3F, 0x96, 0xD8, 0x25, 0xED, 0x89, 0x66, 0xB2, 0x9A, 0x90,
    0x04, 0x2A, 0x31, 0xFD, 0x97, 0xD0, 0x44, 0x9F, 0x14, 0x58, 0x33, 0xDD, 0x7F, 0xA0, 0xBB, 0x9B,
    0x17, 0x77, 0x6D, 0xB4, 0xDE, 0xF5, 0xE1, 0xF0, 0x0B, 0x46, 0x2B, 0x60, 0x3C, 0x22, 0xDE, 0x65,
    0x4A, 0xAD, 0xA7, 0xB0, 0x81, 0x44, 0x63, 0x7B, 0x15, 0xA6, 0xF2, 0x07, 0x7C, 0x8C, 0xBA, 0x82,
    0x8E, 0xE7, 0xE8, 0xC9, 0x83, 0x7C, 0x1B, 0x9F, 0x6E, 0x42, 0x66, 0xC4, 0x67, 0x60, 0x7C, 0xAC,
    0xE0, 0x93, 0x33, 0x3E, 0xF4, 0x6E, 0xBC, 0x76, 0xF8, 0xE8, 0x11, 0x99, 0xAC, 0x11, 0x7C, 0x92,
    0x35, 0xE3, 0x63, 0x18, 0x9F, 0x9E, 0xF1, 0x19, 0x96, 0xF8, 0xE4, 0x84, 0x8F, 0xC7, 0x1D, 0x94,
    0xC3, 0xA7, 0x01, 0x3E, 0x7C, 0x32, 0x1E, 0xD6, 0x13, 0xEB, 0xF1, 0x60, 0x2B, 0x9A, 0xC8, 0xA7,
    0x7D, 0x85, 0x38, 0x6A, 0x8C, 0xAB, 0x2A, 0x5A, 0x47, 0x60, 0xB2, 0x5A, 0xAD, 0xCE, 0x56, 0x67,
    0xCB, 0x85, 0x13, 0x76, 0x0C, 0x1E, 0x28, 0xB8, 0x55, 0x80, 0x4F, 0x09, 0x7E, 0x00, 0x10, 0x08,
    0x2A, 0x40, 0xA8, 0x80, 0xA1, 0x02, 0x88, 0xB2, 0x44, 0xC0, 0xA8, 0x80, 0xA3, 0x02, 0x90, 0x0A,
    0x48, 0xAA, 0x11, 0x4A, 0x8F, 0x41, 0x0C, 0x98, 0x54, 0x02, 0xFC, 0x12, 0x97, 0xD8, 0x7E, 0xD1,
    0xD0, 0xEC, 0x1E, 0x63, 0x13, 0x9E, 0x33, 0xB7, 0xE1, 0x87, 0xCD, 0xAB, 0x9A, 0xA9, 0xCC, 0x73,
    0x3C, 0x3A, 0x53, 0x59, 0xC4, 0x58, 0xC6, 0x3D, 0x06, 0x4B, 0x18, 0xC5, 0xB4, 0xAD, 0x98, 0xCA,
    0x8A, 0x86, 0x87, 0x67, 0x86, 0x13, 0x2A, 0x63, 0x46, 0x04, 0x95, 0x05, 0x4C, 0x65, 0x42, 0x5F,
    0x91, 0x50, 0x19, 0x48, 0xAF, 0x4C, 0x98, 0xCA, 0x80, 0x1F, 0x51, 0x59, 0x2B, 0xBC, 0x17, 0x60,
    0x39, 0x71, 0xCB, 0xA4, 0xCC, 0x27, 0x4E, 0xB7, 0x2E, 0x72, 0x3A, 0x2C, 0x1C, 0x30, 0x7D, 0xF3,
    0x06, 0x3A, 0xFD, 0xB0, 0x4B, 0x9A, 0xC3, 0x02, 0x28, 0x57, 0x30, 0x70, 0x6B, 0x59, 0x58, 0x24,
    0xB4, 0xB4, 0xB8, 0x8E, 0xB1, 0xDB, 0x2E, 0x03, 0x38, 0xE8, 0x18, 0xAE, 0x2B, 0x82, 0xE2, 0xF8,
    0xEC, 0xA4, 0xBC, 0x9C, 0x18, 0xFB, 0x25, 0x31, 0xAA, 0x0B, 0x88, 0x71, 0xC1, 0xAC, 0x49, 0xB7,
    0x20, 0x46, 0x73, 0x11, 0x31, 0x96, 0x33, 0x31, 0x56, 0xCC, 0xAC, 0x85, 0x83, 0x86, 0xB8, 0x5C,
    0xC5, 0xD8, 0x80, 0x70, 0x6C, 0xA0, 0x7B, 0x46, 0x91, 0x40, 0x04, 0x86, 0x1B, 0x10, 0x5E, 0x9F,
    0x79, 0x0D, 0x03, 0xE6, 0xBD, 0x0C, 0x4A, 0x10, 0xC7, 0x8B, 0x9A, 0xC5, 0x38, 0x7D, 0x4E, 0xFE,
    0xD8, 0x6F, 0x8B, 0xAF, 0xA4, 0x9C, 0xC8, 0xCB, 0x17, 0xB1, 0xDF, 0x01, 0x85, 0x93, 0xF2, 0x51,
    0x79, 0x6D, 0x12, 0xEC, 0x76, 0x48, 0x50, 0xEF, 0x92, 0x60, 0xF5, 0x1E, 0x12, 0x5C, 0xEF, 0x90,
    0x60, 0xF5, 0xB8, 0xA1, 0xDE, 0x2D, 0xF5, 0xAD, 0x8F, 0xF2, 0x07, 0xF3, 0xA2, 0xC0, 0xC7, 0x60,
    0xE3, 0x6A, 0x20, 0xB6, 0x2E, 0xEA, 0x5B, 0xC2, 0xCF, 0x09, 0xBF, 0x24, 0x9F, 0x94, 0x8F, 0xA8,
    0xC4, 0xB8, 0x65, 0x6C, 0xF2, 0x93, 0x6D, 0x21, 0xF7, 0xBD, 0x52, 0xA1, 0x13, 0x66, 0x96, 0x05,
    0xDF, 0x86, 0xDC, 0x3B, 0xB8, 0x7A, 0x15, 0xED, 0xE4, 0x33, 0x07, 0xB2, 0x30, 0x51, 0x09, 0xAF,
    0x2F, 0x9B, 0xC9, 0xED, 0x24, 0xFF, 0x14, 0x4B, 0xAD, 0x05, 0x3B, 0x41, 0x93, 0xDF, 0xFA, 0xCD,
    0x36, 0xEC, 0x9E, 0x6D, 0x98, 0x6E, 0xDB, 0xA9, 0x4F, 0xC8, 0xF4, 0x29, 0x6F, 0xC5, 0x4C, 0x9F,
    0xE9, 0x7F, 0x81, 0x7E, 0xF6, 0x1F, 0xB4, 0xC5, 0x37, 0x40, 0xBF, 0xAA, 0x81, 0x3E, 0xC1, 0xA7,
    0xC1, 0xA8, 0x44, 0x9F, 0x81, 0xA5, 0x13, 0xA1, 0xF6, 0xAF, 0xA4, 0xCF, 0x22, 0x16, 0x3D, 0xB1,
    0x75, 0x92, 0x89, 0xD0, 0x27, 0xA2, 0x1D, 0x3B, 0xE4, 0x05, 0x0E, 0xA9, 0xA4, 0x59, 0x3D, 0x26,
    0x71, 0x0C, 0x99, 0xD3, 0x67, 0x11, 0xEA, 0x0E, 0x46, 0xFF, 0x6C, 0x55, 0x06, 0xEB, 0xB4, 0xF6,
    0xC1, 0x72, 0xD0, 0x2E, 0x0F, 0xBF, 0xBD, 0x3D, 0x85, 0xBC, 0xA1, 0x42, 0x06, 0xA1, 0x3D, 0x46,
    0x25, 0x9D, 0x35, 0xC6, 0xAA, 0x04, 0x7D, 0xC6, 0x0D, 0x2D, 0xCD, 0xC9, 0x34, 0xE1, 0x57, 0x75,
    0x72, 0xA6, 0x2E, 0xE3, 0xE9, 0x5D, 0x79, 0x48, 0x3C, 0x3D, 0xC9, 0xC3, 0xB4, 0xAB, 0xF4, 0xA6,
    0x5A, 0x19, 0x8D, 0x97, 0x64, 0x94, 0x87, 0xC1, 0x42, 0x1E, 0x46, 0x22, 0x0F, 0x47, 0xB5, 0xA2,
    0x26, 0xE3, 0xA5, 0xE5, 0x99, 0x7F, 0xE0, 0x4C, 0x2B, 0xCC, 0x82, 0x39, 0x52, 0xFD, 0x71, 0x30,
    0x74, 0x57, 0xD6, 0xCC, 0x86, 0x9E, 0x5A, 0x18, 0x7A, 0x41, 0x3B, 0xCD, 0x44, 0x1A, 0x04, 0xE6,
    0x49, 0x0B, 0x24, 0x83, 0x25, 0x92, 0xE9, 0xD9, 0xFD, 0x36, 0x03, 0xFF, 0x46, 0xB7, 0x58, 0xAA,
    0x41, 0x1B, 0x6B, 0x42, 0x52, 0x7B, 0x23, 0x92, 0xD1, 0x6D, 0x52, 0xE3, 0x57, 0xA2, 0x61, 0x7E,
    0xBD, 0x57, 0xC3, 0x1C, 0x97, 0x8F, 0xB6, 0xE8, 0xD0, 0xBF, 0x08, 0xBD, 0x7B, 0xA2, 0x5B, 0x26,
    0x19, 0xE4, 0x50, 0xAB, 0x05, 0xB5, 0xE1, 0x76, 0x51, 0x13, 0xFD, 0x91, 0xC0, 0x80, 0x72, 0xBA,
    0x41, 0xB4, 0x85, 0x3A, 0xDD, 0xC1, 0xE5, 0xFB, 0xA4, 0x57, 0x88, 0x67, 0xCF, 0x40, 0x69, 0x3E,
    0x4C, 0xBE, 0x5B, 0xE3, 0xD9, 0xAB, 0xE9, 0x15, 0xBB, 0x7D, 0xB1, 0x80, 0x5F, 0xDC, 0xB4, 0xDB,
    0x8D, 0x7B, 0xFB, 0x39, 0xF7, 0xD9, 0xBC, 0x2E, 0xD5, 0x65, 0x0F, 0x87, 0x1C, 0x6F, 0x35, 0xC0,
    0x94, 0x55, 0x06, 0x74, 0x85, 0x6F, 0x21, 0x58, 0x48, 0xAD, 0x60, 0x11, 0x8B, 0x86, 0x5D, 0xCB,
    0x96, 0x05, 0x8E, 0x77, 0x46, 0x9D, 0xFF, 0xDD, 0xCB, 0x6B, 0x1E, 0x06, 0x90, 0xA1, 0xE6, 0xCB,
    0x07, 0x23, 0x44, 0x72, 0xC6, 0x63, 0xC3, 0x5F, 0xF9, 0x41, 0xB2, 0x8F, 0xDB, 0x9F, 0xCE, 0x34,
    0x73, 0x29, 0x16, 0x76, 0xF3, 0xBE, 0x0A, 0x16, 0x11, 0x48, 0x90, 0xED, 0x56, 0x9E, 0x95, 0xA7,
    0x65, 0x67, 0x53, 0xBD, 0xDC, 0x20, 0x93, 0x87, 0x70, 0x06, 0x1C, 0x26, 0x6B, 0x5A, 0x78, 0x05,
    0x4C, 0xA0, 0x3E, 0x35, 0xE9, 0x29, 0x20, 0xB1, 0x04, 0x46, 0x8F, 0x52, 0x38, 0x5B, 0xFB, 0x25,
    0x69, 0x5B, 0x22, 0xCF, 0x08, 0xAF, 0xD1, 0x00, 0x5A, 0x86, 0x52, 0xAF, 0x54, 0xE3, 0xDB, 0xAF,
    0xC1, 0x9B, 0x4D, 0x54, 0x17, 0xF9, 0xD5, 0xF7, 0x78, 0x8D, 0xF3, 0xAE, 0xFE, 0x0C, 0x1D, 0x4F,
    0x64, 0xBD, 0x94, 0x04, 0x4C, 0xDD, 0xF0, 0x77, 0xB0, 0x29, 0x5E, 0x5D, 0x6A, 0xAB, 0x9E, 0x8E,
    0x92, 0x36, 0x45, 0x42, 0xC8, 0xE6, 0x78, 0xB5, 0xE4, 0x25, 0x48, 0x03, 0x3D, 0x0C, 0xFE, 0x23,
    0x5F, 0x83, 0x36, 0x95, 0x62, 0x53, 0x31, 0x5E, 0xF3, 0x79, 0x53, 0xA9, 0x23, 0x65, 0x08, 0xE7,
    0x80, 0x31, 0x45, 0x93, 0x12, 0x5E, 0x9A, 0x5C, 0x96, 0x94, 0x1D, 0xD2, 0x61, 0xBF, 0x43, 0x6A,
    0xDD, 0x81, 0x6D, 0x34, 0x98, 0x6D, 0xBB, 0x81, 0x70, 0xD8, 0x6E, 0xF6, 0xF5, 0xAB, 0x2F, 0x18,
    0x74, 0xF4, 0x9A, 0xD9, 0xE7, 0x67, 0xEB, 0x0C, 0x27, 0xE5, 0x61, 0x59, 0xEC, 0x35, 0x1B, 0xF6,
    0x9A, 0x73, 0x32, 0xB8, 0x49, 0x63, 0xAF, 0x9E, 0xAD, 0x9E, 0x1D, 0x16, 0xAB, 0xAF, 0xB0, 0x1E,
    0xC3, 0x72, 0x50, 0x01, 0xA6, 0x9A, 0x18, 0x80, 0xAC, 0x7C, 0xB8, 0x9D, 0x64, 0xF2, 0x97, 0x44,
    0x9A, 0x1B, 0x6E, 0xE7, 0x47, 0x84, 0x89, 0xE1, 0x08, 0xD9, 0xEC, 0xEC, 0xDD, 0xFA, 0x7C, 0x4D,
    0x07, 0x07, 0x1F, 0x4F, 0x15, 0x96, 0xDD, 0xE2, 0x9A, 0x9C, 0xD1, 0xB8, 0x3D, 0x30, 0x35, 0x29,
    0x67, 0x41, 0x29, 0xB6, 0x87, 0x43, 0xA2, 0xE0, 0x86, 0xAC, 0x98, 0xC4, 0xC4, 0xB5, 0x3B, 0xA8,
    0x0C, 0x07, 0x75, 0xFC, 0x6C, 0x0B, 0xA6, 0x7C, 0xBB, 0xD9, 0xBF, 0xF3, 0xDD, 0xE6, 0x7D, 0x30,
    0x6D, 0x0F, 0x3A, 0x3A, 0x6A, 0xA2, 0xC9, 0x4B, 0xE7, 0xB2, 0x93, 0xCF, 0xAE, 0xFC, 0x26, 0xCB,
    0x39, 0x14, 0xA0, 0x32, 0xC1, 0x4A, 0x03, 0xAB, 0xEE, 0x90, 0x58, 0xFD, 0xCE, 0x23, 0xF5, 0xF4,
    0x2F, 0x11, 0x27, 0x60, 0xB8, 0xA5, 0x1B, 0x99, 0x9A, 0xD9, 0x25, 0x5A, 0x60, 0x75, 0x18, 0x51,
    0xF3, 0xF3, 0x59, 0xD4, 0x68, 0xB5, 0xE1, 0xD1, 0xCA, 0x01, 0x3A, 0x36, 0x13, 0x22, 0xCA, 0x0E,
    0x4F, 0x44, 0xA1, 0x16, 0xBD, 0x46, 0xC2, 0x27, 0xE8, 0x53, 0x02, 0x60, 0x16, 0x3D, 0x77, 0xA2,
    0x5B, 0xFD, 0x96, 0x4D, 0x3E, 0xA6, 0x0D, 0x78, 0x58, 0x31, 0xB9, 0x5C, 0xCF, 0xBD, 0xE7, 0x9B,
    0xAA, 0xE6, 0x4E, 0xD4, 0x6F, 0x00, 0x9B, 0xBC, 0xF4, 0x88, 0x88, 0x89, 0x84, 0xD3, 0x5C, 0x3D,
    0x98, 0x60, 0x32, 0xF2, 0xF7, 0xA5, 0xFD, 0x0B, 0x1D, 0xC4, 0x55, 0xFE, 0xA8, 0xE7, 0xF4, 0x16,
    0x5C, 0x2C, 0x9A, 0x28, 0x23, 0xA5, 0xBA, 0x9E, 0x51, 0xFF, 0xD2, 0x06, 0x17, 0xFC, 0xBB, 0xF1,
    0x74, 0x6E, 0xA3, 0x11, 0xCC, 0x40, 0xFC, 0xD1, 0x07, 0x6C, 0xEF, 0x15, 0x8C, 0xE4, 0xC0, 0xD6,
    0xF4, 0x47, 0x1F, 0xE8, 0xAB, 0x33, 0xD0, 0xAD, 0xFB, 0xFB, 0xED, 0xD5, 0xE6, 0x72, 0xD7, 0xEE,
    0x68, 0x3E, 0x1B, 0xF9, 0x19, 0xA8, 0x88, 0xB0, 0x27, 0xCB, 0x36, 0xB4, 0xEF, 0xC8, 0x20, 0x25,
    0x7B, 0x26, 0x22, 0x23, 0x14, 0x34, 0x29, 0x46, 0x28, 0xDB, 0xB0, 0x45, 0x63, 0xEB, 0xD1, 0xAA,
    0xDD, 0xD7, 0x4A, 0x1F, 0xE9, 0x2F, 0xEF, 0xCA, 0x38, 0xA1, 0x7D, 0x6B, 0x7B, 0x37, 0xBE, 0xCC,
    0xE5, 0xE6, 0xBD, 0x41, 0xB6, 0x21, 0x83, 0x89, 0xDA, 0xC6, 0x7D, 0xA5, 0xC3, 0x01, 0x1B, 0x5A,
    0xDE, 0xF8, 0x0D, 0xCF, 0xD0, 0x07, 0x7D, 0x39, 0xEA, 0x89, 0xF0, 0xE7, 0xA5, 0xE1, 0x10, 0x91,
    0x8F, 0x2C, 0xB6, 0xD5, 0xE7, 0xED, 0xEC, 0x7E, 0x72, 0x7C, 0x9A, 0x3C, 0xA8, 0xAD, 0x25, 0xDF,
    0x2D, 0x7A, 0x90, 0xCD, 0xF1, 0x76, 0xB6, 0xE1, 0xE5, 0x5E, 0x23, 0xFF, 0xBA, 0x68, 0x45, 0x8B,
    0x60, 0x06, 0x3C, 0xE4, 0x4F, 0x38, 0x3A, 0x50, 0x7D, 0xB1, 0xC6, 0x1A, 0x80, 0x49, 0xFC, 0x86,
    0x15, 0x46, 0x6D, 0xD5, 0xBE, 0x6B, 0x65, 0xBF, 0x65, 0xA9, 0x09, 0xA5, 0x67, 0x45, 0x3C, 0xBE,
    0xA3, 0xA5, 0xD3, 0xBE, 0x48, 0xCA, 0x65, 0x80, 0x0B, 0x8E, 0x7A, 0x60, 0x73, 0x89, 0xFD, 0x88,
    0x78, 0xBA, 0xA8, 0x75, 0xF1, 0x21, 0xEE, 0x2F, 0xEF, 0xCA, 0x38, 0x32, 0xA6, 0x8C, 0x2F, 0x73,
    0xB9, 0x79, 0x97, 0x76, 0x13, 0x52, 0x25, 0x90, 0xC6, 0x92, 0x6D, 0x80, 0xF0, 0x9D, 0x8C, 0x3B,
    0xDF, 0x64, 0xA5, 0x5A, 0x4A, 0xD8, 0xDD, 0x60, 0x79, 0xC6, 0x31, 0x71, 0xC2, 0x48, 0x01, 0x2C,
    0x05, 0xD4, 0xB6, 0x1B, 0x7E, 0xC0, 0x5D, 0x32, 0x27, 0xFF, 0x5A, 0x19, 0x60, 0x22, 0xBC, 0x76,
    0x8E, 0xB4, 0x21, 0x62, 0xAF, 0x12, 0xCE, 0x36, 0x54, 0x0D, 0xA1, 0xEB, 0xC2, 0x99, 0xFF, 0xE3,
    0xD0, 0x98, 0x2E, 0xEA, 0x7D, 0x58, 0xDE, 0x31, 0xA7, 0x86, 0xA0, 0xFD, 0xB8, 0x19, 0x4D, 0x64,
    0xE4, 0x4B, 0xFC, 0xBA, 0x52, 0x2E, 0xE7, 0xD0, 0x43, 0x2F, 0x92, 0x02, 0x0F, 0xD7, 0xA9, 0x3E,
    0x2C, 0x8C, 0x41, 0x3F, 0x67, 0x1B, 0x20, 0xF5, 0xD5, 0x31, 0x04, 0x3F, 0x99, 0xC4, 0x49, 0x09,
    0xCF, 0xFC, 0x53, 0xC4, 0x36, 0x7A, 0x36, 0x94, 0x81, 0xEE, 0xA3, 0x9D, 0xB8, 0xF9, 0x3D, 0x10,
    0x78, 0x08, 0xF6, 0x26, 0x73, 0xCE, 0xC1, 0xD7, 0x86, 0x4D, 0xD4, 0x4B, 0x72, 0x0E, 0xD7, 0x62,
    0xE1, 0xF0, 0x3C, 0x44, 0x74, 0x8B, 0x57, 0x90, 0x31, 0x6B, 0x3C, 0x58, 0xB8, 0xA6, 0xEA, 0x48,
    0x22, 0x6F, 0xF5, 0x24, 0x6C, 0xEF, 0x33, 0x76, 0xAF, 0x1E, 0x6B, 0xDA, 0x57, 0x03, 0x6F, 0xD0,
    0xCB, 0x7F, 0xB4, 0x30, 0xCF, 0xF4, 0x32, 0xE7, 0x00, 0xFC, 0xF4, 0xED, 0x89, 0x40, 0x41, 0x88,
    0x5D, 0x63, 0x89, 0xFB, 0x44, 0x6F, 0x87, 0xFB, 0xCB, 0xA4, 0x1F, 0x9A, 0x79, 0x98, 0xAD, 0x4C,
    0x08, 0xC1, 0x8B, 0x32, 0x0F, 0x87, 0x51, 0xB5, 0x4A, 0x8E, 0x70, 0x10, 0xD8, 0xB8, 0x6B, 0x2F,
    0xF9, 0x87, 0xE3, 0xE7, 0x48, 0x3A, 0xB0, 0x27, 0x22, 0xBE, 0x1B, 0x54, 0xC5, 0xCA, 0x42, 0x14,
    0xB0, 0xF5, 0x28, 0x39, 0x3E, 0x88, 0xFD, 0x8E, 0x91, 0xED, 0x15, 0xA3, 0xA3, 0x5C, 0xB4, 0x0C,
    0xA8, 0x69, 0x46, 0xB0, 0xB9, 0x0E, 0xB2, 0x03, 0x23, 0xBB, 0x66, 0x64, 0x35, 0x96, 0xC6, 0x9B,
    0xF9, 0xB1, 0x92, 0xE4, 0x82, 0x84, 0xC7, 0x59, 0x08, 0x45, 0x2D, 0xFB, 0x00, 0xB1, 0x53, 0x2F,
    0xA7, 0xD4, 0x1D, 0x76, 0x60, 0x19, 0x23, 0xA2, 0xB7, 0x10, 0x75, 0x75, 0x70, 0x2D, 0x51, 0xC7,
    0xBA, 0x4B, 0x7C, 0x0F, 0x97, 0x99, 0x09, 0x5D, 0x82, 0xA1, 0xBC, 0x87, 0x00, 0xFD, 0x1E, 0xAB,
    0xE0, 0xF3, 0xB3, 0xA3, 0xAD, 0x40, 0xDA, 0xE2, 0xA0, 0x00, 0xBD, 0xC7, 0x58, 0x3B, 0x7A, 0x0A,
    0x63, 0xED, 0x7E, 0x51, 0xD0, 0xB4, 0x16, 0x0E, 0xDB, 0xA9, 0x39, 0x6C, 0x67, 0x0E, 0x8A, 0x52,
    0x78, 0x1E, 0x21, 0x42, 0xEF, 0x34, 0xC0, 0xE0, 0xD6, 0x61, 0xE6, 0x96, 0x56, 0x3F, 0x23, 0xA3,
    0xEF, 0x00, 0x99, 0xEA, 0x31, 0x52, 0x7E, 0xE2, 0x38, 0xF2, 0x89, 0x2E, 0xA0, 0x40, 0x26, 0x80,
    0x85, 0xD0, 0x70, 0x1B, 0x04, 0x43, 0x44, 0xF1, 0x7C, 0xB1, 0xFD, 0x7B, 0x44, 0x18, 0x1F, 0x20,
    0xB4, 0x1D, 0x3E, 0x07, 0xE3, 0xAA, 0x0D, 0xC9, 0x2D, 0x56, 0x72, 0x66, 0xC6, 0x86, 0xBF, 0xE2,
    0x01, 0xF5, 0xE7, 0x1D, 0xDF, 0xAC, 0x21, 0x83, 0x3C, 0x6B, 0x08, 0xB1, 0xA2, 0xC9, 0x3A, 0xA4,
    0x81, 0xEC, 0x0B, 0xDE, 0x07, 0x5C, 0x56, 0x58, 0xC4, 0xA7, 0xF6, 0xEC, 0xCA, 0x71, 0x00, 0x49,
    0x55, 0x5C, 0xE5, 0x4E, 0x8C, 0x6D, 0x32, 0x4E, 0x67, 0x14, 0x9C, 0xD2, 0x78, 0x6D, 0xC2, 0x21,
    0x32, 0x1B, 0x47, 0x00, 0xB8, 0x01, 0xBC, 0x75, 0x05, 0x37, 0xF8, 0x8D, 0x65, 0x7E, 0x08, 0xBB,
    0xD3, 0x1B, 0x23, 0x66, 0x0A, 0x01, 0x07, 0xA5, 0x36, 0xA2, 0x45, 0x1F, 0x0F, 0x18, 0x14, 0x50,
    0x21, 0x5D, 0xCA, 0x55, 0x71, 0x46, 0x2A, 0xE2, 0x16, 0xF5, 0x70, 0x37, 0x07, 0x44, 0x34, 0x50,
    0x2C, 0x05, 0x78, 0x7A, 0x0A, 0x6A, 0x92, 0x07, 0x25, 0xE1, 0x38, 0x09, 0x81, 0x49, 0xCB, 0x0C,
    0x91, 0x59, 0xCD, 0x2D, 0x1C, 0xB9, 0xEC, 0x5C, 0xA0, 0xB8, 0x51, 0xCB, 0x30, 0x28, 0xC6, 0x41,
    0x31, 0x10, 0x8A, 0x91, 0xE0, 0x4C, 0x99, 0x72, 0x58, 0x8C, 0x54, 0xF2, 0xB3, 0x51, 0xF9, 0x04,
    0x52, 0xFF, 0x06, 0x6E, 0xCF, 0x03, 0x4E, 0xD2, 0xB1, 0x73, 0xB5, 0x86, 0x1C, 0xE9, 0xD0, 0xD0,
    0x22, 0xE3, 0x61, 0xAC, 0x6E, 0x7A, 0x7F, 0x93, 0x18, 0x14, 0xAF, 0xB9, 0xDA, 0xA7, 0x42, 0x0A,
    0xA0, 0xFE, 0x61, 0xD4, 0x6A, 0x08, 0x0D, 0x9C, 0xE1, 0x49, 0x86, 0x3B, 0x1B, 0x5A, 0x6A, 0x27,
    0x68, 0xBE, 0x8F, 0x06, 0x90, 0x66, 0x80, 0x9A, 0xCB, 0x01, 0xE2, 0x4A, 0x85, 0xC0, 0x4C, 0xC6,
    0x16, 0xCA, 0x03, 0xD5, 0xAA, 0x3C, 0x04, 0x40, 0xAF, 0x47, 0x80, 0xC4, 0x57, 0x0B, 0x67, 0x5F,
    0xCD, 0x71, 0x0D, 0xB1, 0xCD, 0xD1, 0x13, 0xF0, 0xCD, 0x12, 0xA0, 0xF4, 0xAE, 0x29, 0x88, 0x49,
    0x9C, 0xEB, 0x0F, 0xA4, 0xCE, 0x94, 0xB1, 0xEA, 0xBC, 0xA7, 0xC4, 0x54, 0xDB, 0x28, 0xB5, 0xB7,
    0x83, 0x92, 0xB0, 0xD9, 0x4F, 0xF2, 0x9F, 0xB2, 0x84, 0x37, 0x9C, 0xAA, 0x43, 0x64, 0xA5, 0x3B,
    0xD5, 0xF7, 0x8F, 0xC3, 0xFC, 0xE1, 0x73, 0x8D, 0xF0, 0xB6, 0xA6, 0x67, 0x12, 0x9F, 0x65, 0x40,
    0x22, 0x33, 0x91, 0x4D, 0x73, 0x4B, 0x64, 0x03, 0xCE, 0xBD, 0x87, 0x02, 0x66, 0x5B, 0x13, 0x89,
    0xEE, 0x11, 0x35, 0xE4, 0x5A, 0xF9, 0xC5, 0x77, 0xBE, 0xD8, 0x81, 0x78, 0x6B, 0x43, 0x5B, 0x8D,
    0x56, 0x01, 0x1B, 0x08, 0x6C, 0x2B, 0x70, 0xC3, 0x5F, 0xF9, 0x81, 0xD7, 0x4E, 0x4B, 0x91, 0xB0,
    0x93, 0x14, 0xDD, 0xA2, 0xA4, 0x70, 0x73, 0x4F, 0x19, 0xA2, 0xEF, 0x3A, 0x46, 0xB1, 0x50, 0x1D,
    0xA1, 0xC4, 0x25, 0x0F, 0x48, 0xE7, 0xC0, 0x64, 0xD1, 0x9C, 0x8A, 0x69, 0x51, 0xA4, 0x91, 0x75,
    0x28, 0x0D, 0x49, 0x7A, 0x98, 0x0B, 0x11, 0xA7, 0x65, 0xC7, 0x3A, 0x9C, 0x7E, 0xAE, 0xB7, 0xC9,
    0xDA, 0x6B, 0xB4, 0xC9, 0x54, 0x75, 0x96, 0x4D, 0x41, 0x26, 0x7F, 0x63, 0x9F, 0x34, 0xBF, 0x60,
    0x42, 0xE8, 0x78, 0x36, 0x8F, 0x7A, 0x32, 0x66, 0xC2, 0x21, 0xC0, 0x82, 0x43, 0x54, 0xE2, 0xFC,
    0x12, 0x25, 0x4D, 0x7F, 0x82, 0x29, 0xF0, 0xBA, 0x45, 0x20, 0x10, 0x15, 0xCB, 0x9C, 0x50, 0xE1,
    0x02, 0x1F, 0xAE, 0x9A, 0xE2, 0xEA, 0xE6, 0xD9, 0x81, 0x83, 0xD2, 0xAC, 0x90, 0x43, 0x40, 0xDF,
    0x00, 0x7D, 0x59, 0x77, 0x14, 0x1D, 0x8D, 0x86, 0x4D, 0x03, 0x80, 0x9E, 0x83, 0xF1, 0x96, 0xF6,
    0x8C, 0xAF, 0x19, 0x97, 0xAB, 0xB0, 0x59, 0xF0, 0x0D, 0xDB, 0x7B, 0x6F, 0xB8, 0xCA, 0x46, 0x2A,
    0x62, 0xA4, 0x64, 0x98, 0x31, 0xF0, 0x9D, 0xF1, 0x56, 0x5F, 0xA7, 0xFD, 0x30, 0x83, 0xB0, 0x68,
    0x7C, 0x54, 0x95, 0x04, 0x36, 0xE7, 0xCC, 0x7E, 0xBC, 0x46, 0x0A, 0xC1, 0x10, 0x01, 0x85, 0x68,
    0x82, 0x21, 0xC1, 0x6E, 0x08, 0x62, 0xCF, 0x02, 0x58, 0x36, 0x3C, 0x2B, 0x71, 0x06, 0x4A, 0xC9,
    0xF4, 0xD1, 0xF2, 0xC7, 0xE4, 0x4E, 0x64, 0x9C, 0x5D, 0xBC, 0xC2, 0x2C, 0x91, 0x6D, 0x5E, 0x51,
    0xF3, 0x77, 0x5B, 0x02, 0xEB, 0x1A, 0x10, 0x71, 0xA8, 0xA1, 0xE4, 0x4C, 0xC2, 0xC5, 0xFE, 0x57,
    0xC4, 0xB6, 0xC2, 0x51, 0xBE, 0x53, 0x53, 0x14, 0x72, 0x0C, 0x84, 0x68, 0x8A, 0x4E, 0x31, 0x81,
    0xE9, 0x09, 0x71, 0x8B, 0xE8, 0x2F, 0x6A, 0x62, 0x6A, 0xAC, 0xCC, 0xFE, 0x13, 0xA3, 0x17, 0x6F,
    0xB0, 0xA2, 0x94, 0x69, 0x6A, 0x44, 0x55, 0x6A, 0x6E, 0x9A, 0x9B, 0xA1, 0xBA, 0xF0, 0xBF, 0x58,
    0x6D, 0x7F, 0xB6, 0x53, 0x31, 0x51, 0x34, 0x5C, 0x5C, 0x48, 0x4D, 0xDA, 0x11, 0x55, 0x11, 0x9A,
    0x06, 0x68, 0xAE, 0x81, 0x66, 0x47, 0x68, 0xA6, 0x58, 0x6A, 0x86, 0x82, 0xC3, 0x8C, 0xF3, 0x68,
    0xB5, 0xE4, 0xDE, 0x05, 0xC8, 0x8C, 0xC3, 0xBA, 0xFD, 0xE8, 0x61, 0x44, 0x63, 0x90, 0xDE, 0xA1,
    0xA9, 0x5D, 0xC6, 0x35, 0x3A, 0x17, 0xCF, 0x3E, 0x42, 0xEF, 0x21, 0xE5, 0xB7, 0xF1, 0xFA, 0x67,
    0xAB, 0xF5, 0x0E, 0x64, 0x04, 0x39, 0x61, 0x04, 0xFA, 0x33, 0x70, 0x48, 0x00, 0x99, 0x99, 0x2A,
    0x1F, 0x6B, 0xE0, 0x41, 0x90, 0xD5, 0x0C, 0x19, 0xCA, 0x8E, 0xEC, 0x70, 0x8B, 0x90, 0xA5, 0xFA,
    0x25, 0xE7, 0xD1, 0x24, 0xB3, 0xB9, 0x60, 0xC4, 0x96, 0x2B, 0xBB, 0xB8, 0xAA, 0xDA, 0x27, 0x46,
    0x34, 0x33, 0x23, 0x46, 0xE8, 0xCC, 0xB5, 0xD6, 0xBF, 0xEA, 0x26, 0x46, 0x6C, 0xF6, 0x30, 0xA2,
    0xBA, 0x0A, 0x23, 0xFE, 0x1F, 0x95, 0x52, 0x41, 0x6E, 0x9D, 0x30, 0x14, 0x1C, 0x82, 0x14, 0x16,
    0x2C, 0xBC, 0x4F, 0x17, 0x3E, 0x82, 0x6F, 0x10, 0xB3, 0xEB, 0xA9, 0x2A, 0xAC, 0x6C, 0x73, 0x8D,
    0xAC, 0x38, 0x43, 0x55, 0xBB, 0x27, 0x28, 0x47, 0xB0, 0x72, 0x02, 0x4B, 0xFD, 0x8B, 0xDF, 0x08,
    0xFE, 0x74, 0x0C, 0x22, 0x4A, 0x9B, 0x28, 0x4A, 0x6C, 0x1E, 0x0C, 0x33, 0x8F, 0xF7, 0x9E, 0x47,
    0x4C, 0x53, 0x20, 0xD3, 0x7E, 0x4D, 0x53, 0x7D, 0xA9, 0x70, 0x8F, 0x69, 0x5B, 0x7C, 0xB5, 0xFA,
    0x64, 0x82, 0x1D, 0x3C, 0xFC, 0x10, 0x33, 0x0B, 0x4B, 0xCC, 0x2E, 0xB8, 0x70, 0x60, 0x9B, 0x4C,
    0xB2, 0x83, 0xC3, 0x2D, 0xDE, 0xE2, 0xFA, 0xE4, 0x60, 0xC2, 0x2D, 0xEC, 0xF0, 0x0D, 0x1E, 0x8B,
    0x6A, 0xAC, 0x88, 0x8F, 0x0C, 0xFC, 0xAD, 0x9E, 0x8A, 0x8A, 0x5D, 0xF8, 0x81, 0x1A, 0xFF, 0xF3,
    0x36, 0x8D, 0x30, 0xC9, 0x6F, 0xDF, 0x3A, 0x7C, 0x57, 0xB5, 0xF3, 0x87, 0xF3, 0xE0, 0xCB, 0xAB,
    0x78, 0x79, 0xA6, 0x29, 0x3E, 0x4D, 0x6F, 0xE5, 0x7C, 0x36, 0xDE, 0xAB, 0xF9, 0x91, 0x7E, 0xDD,
    0x0A, 0xC7, 0x30, 0x72, 0xA6, 0x9C, 0x3B, 0x2E, 0xBD, 0x8A, 0xAC, 0x52, 0xD8, 0x9D, 0xAE, 0xBB,
    0x3A, 0x7B, 0xEC, 0x9D, 0xD9, 0xD5, 0x86, 0x03, 0xB0, 0xA2, 0x2E, 0xC3, 0x82, 0xAB, 0xF3, 0x06,
    0x3D, 0x17, 0x74, 0x65, 0x83, 0x91, 0xAB, 0xEC, 0xD9, 0x20, 0xEF, 0x08, 0x1F, 0x76, 0xA8, 0x1D,
    0x71, 0xC0, 0x66, 0xD9, 0x61, 0xBC, 0xBB, 0xB4, 0xA7, 0x1D, 0x8E, 0x5C, 0xFB, 0x7C, 0x33, 0xE0,
    0xFA, 0x41, 0x13, 0x9E, 0xED, 0x4F, 0x9E, 0x44, 0x0D, 0x3D, 0xB3, 0xEF, 0x79, 0x69, 0xC8, 0x19,
    0x13, 0x56, 0x43, 0xB6, 0x1A, 0x18, 0x6A, 0xEB, 0x0A, 0xEF, 0x57, 0xAB, 0xEE, 0x5D, 0xF1, 0xC9,
    0xFF, 0x3A, 0x75, 0x2A, 0x69, 0xE6, 0x0A, 0x4B, 0x2B, 0xE8, 0xC3, 0x33, 0x8C, 0x70, 0x39, 0xDE,
    0x9F, 0x7B, 0xE5, 0x2E, 0xB0, 0xE4, 0x57, 0xAA, 0xB6, 0xDA, 0xAA, 0xEE, 0x15, 0x99, 0xD1, 0x67,
    0xB4, 0x1A, 0x3F, 0x32, 0xC0, 0x6A, 0xEE, 0x71, 0xC6, 0x97, 0x3F, 0x7A, 0xC8, 0xD0, 0xB9, 0x65,
    0xE8, 0x09, 0xAB, 0xFF, 0xE8, 0x84, 0x58, 0xEA, 0x5D, 0x58, 0x8C, 0x78, 0xA9, 0xCA, 0x51, 0x96,
    0x5B, 0x60, 0x2E, 0x62, 0xD0, 0x30, 0x41, 0xE5, 0xE4, 0x72, 0xCC, 0xC2, 0x62, 0xC4, 0x4B, 0x1D,
    0x37, 0x5F, 0xBA, 0x6A, 0x94, 0xA9, 0xD0, 0xCD, 0xF5, 0xB8, 0x61, 0x73, 0x42, 0x27, 0x59, 0xFE,
    0x11, 0x7D, 0x75, 0x2E, 0xCA, 0x62, 0x5C, 0x14, 0x75, 0x7C, 0xF4, 0xD5, 0x21, 0x9B, 0x5F, 0x8A,
    0xCD, 0xB3, 0xB8, 0x7D, 0x64, 0xE7, 0x43, 0xFC, 0x0B, 0x63, 0xD0, 0x3F, 0xC0, 0x50, 0x7F, 0x80,
    0xE1, 0xFF, 0x01, 0xE6, 0xFF, 0x07, 0xB8, 0xDF, 0x1F, 0xD0, 0xEF, 0x3F, 0x50, 0xC7, 0x7F, 0xE0,
    0xFF, 0xFF, 0x1F, 0x40, 0xB4, 0x6A, 0xFF, 0x13, 0x06, 0xFE, 0x03, 0x40, 0x04, 0x00, 0x65, 0x4E,
    0xB9, 0x01, 0xC2, 0x30, 0x0C, 0xBC, 0xD8, 0x45, 0x4A, 0x46, 0xC8, 0x08, 0x8C, 0xE0, 0x2C, 0xC1,
    0x3C, 0x61, 0x04, 0xE6, 0x60, 0x09, 0x69, 0x04, 0x17, 0x0C, 0xE0, 0x11, 0x28, 0x5C, 0x50, 0x84,
    0x1C, 0x92, 0x0C, 0x15, 0x2A, 0xAE, 0xD0, 0xBD, 0x00, 0xEE, 0x2B, 0x00, 0x2A, 0xA6, 0x0B, 0x1F,
    0xC8, 0xE4, 0x3E, 0x20, 0x7E, 0x01, 0x52, 0xA9, 0x33, 0x77, 0xEA, 0x42, 0x52, 0x0B, 0x85, 0xBA,
    0xF5, 0x99, 0x2A, 0x35, 0x51, 0x8D, 0xFF, 0x03, 0x69, 0xE9, 0x2B, 0x09, 0x71, 0xD8, 0x66, 0xBE,
    0x3D, 0xAA, 0x49, 0x85, 0x5F, 0xB1, 0xDF, 0x33, 0x00, 0xE3, 0xCE, 0x87, 0x81, 0x15, 0x37, 0x60,
    0x89, 0x7A, 0xB7, 0x02, 0xD2, 0xD3, 0x11, 0x23, 0x6E, 0x48, 0xBC, 0x0E, 0xA3, 0x59, 0x84, 0x3E,
    0x2E, 0x13, 0xF8, 0x61, 0xA1, 0x07, 0x6C, 0x31, 0x7C, 0x28, 0xA7, 0xD8, 0x0F, 0x56, 0xBC, 0x8C,
    0xE8, 0x99, 0xAB, 0x67, 0x9A, 0xEA, 0x14, 0xF9, 0x29, 0xBA, 0xA2, 0xF7, 0x03, 0xBD, 0x54, 0x2B,
    0x72, 0xDC, 0x40, 0x10, 0x6D, 0x49, 0x55, 0x5A, 0xB0, 0x40, 0x7C, 0x17, 0xE8, 0x08, 0x73, 0x82,
    0xD4, 0xCC, 0x21, 0xCC, 0x72, 0x84, 0x00, 0x1F, 0x61, 0x54, 0xE5, 0x0B, 0xE8, 0x08, 0x06, 0x21,
    0x31, 0xC9, 0x11, 0x46, 0xCC, 0xC0, 0xC4, 0x2C, 0x20, 0x20, 0x4A, 0x95, 0x89, 0x99, 0x80, 0xC1,
    0x26, 0xB5, 0xAB, 0xCE, 0x7B, 0x3D, 0xAB, 0xD8, 0x25, 0x9B, 0x98, 0x58, 0xA5, 0x79, 0x25, 0xF5,
    0xE7, 0xF5, 0x57, 0x92, 0xD4, 0x8B, 0x48, 0x9A, 0x09, 0x3A, 0x8A, 0x5C, 0xEA, 0x13, 0x1E, 0xDB,
    0x23, 0xA0, 0xA4, 0x50, 0x54, 0x64, 0xD7, 0xC7, 0x50, 0xEA, 0xEC, 0xC3, 0x56, 0x55, 0x3B, 0x47,
    0xF0, 0x87, 0xAD, 0x76, 0x71, 0xAC, 0xB4, 0x4B, 0x43, 0x91, 0x21, 0x10, 0x84, 0x32, 0xF1, 0x87,
    0xE6, 0x24, 0xAD, 0xEA, 0x51, 0xE0, 0x31, 0x49, 0xA1, 0x3A, 0x88, 0xEC, 0x1F, 0x41, 0x86, 0x6B,
    0x78, 0x01, 0x37, 0x37, 0x69, 0x40, 0x00, 0xFF, 0x71, 0x90, 0x18, 0x77, 0x05, 0x71, 0x5A, 0x4A,
    0xDE, 0xB2, 0x64, 0x14, 0xC5, 0xBA, 0xEF, 0x01, 0xFE, 0x59, 0xA3, 0xEC, 0x08, 0x35, 0x06, 0xF6,
    0x6A, 0x0A, 0x33, 0xA1, 0x71, 0xA5, 0xE1, 0x4C, 0x60, 0x72, 0x23, 0x7D, 0x2B, 0x9A, 0xAE, 0x2E,
    0x46, 0x3C, 0x01, 0x1A, 0x7A, 0x39, 0x7A, 0xC5, 0x91, 0x94, 0x03, 0x43, 0xE1, 0x61, 0x63, 0xCA,
    0xC3, 0x12, 0x2A, 0x32, 0x2F, 0xA6, 0x50, 0x51, 0xB9, 0xA5, 0x53, 0xFB, 0x5F, 0x99, 0xE0, 0x54,
    0x30, 0x8F, 0x6A, 0x5E, 0x18, 0x5B, 0xCE, 0xD3, 0x93, 0xD1, 0x75, 0x69, 0xD4, 0x49, 0xA7, 0x34,
    0x3A, 0x16, 0x78, 0x1E, 0xB0, 0x59, 0x6E, 0x8E, 0x0B, 0x97, 0x05, 0x6A, 0x6C, 0x07, 0xA6, 0x25,
    0x1F, 0xF3, 0xF6, 0x8C, 0x1B, 0x87, 0x73, 0x10, 0xC9, 0x3D, 0x0A, 0x49, 0x31, 0xF3, 0xA4, 0x25,
    0xE1, 0x6A, 0x06, 0xDC, 0x22, 0x5B, 0xFF, 0x13, 0x4C, 0x0E, 0xD3, 0x97, 0x86, 0xDB, 0xD4, 0x60,
    0x05, 0x64, 0x43, 0xA8, 0xB8, 0x61, 0xA5, 0x75, 0x96, 0xE5, 0xE5, 0x1C, 0x82, 0x1B, 0xB1, 0x2B,
    0xBF, 0xF5, 0x24, 0x9E, 0xED, 0x08, 0xE9, 0x87, 0xFE, 0x49, 0x43, 0x82, 0x85, 0x5F, 0xD0, 0x24,
    0x59, 0x4B, 0xCB, 0x99, 0x99, 0xBB, 0x07, 0x78, 0x5F, 0xE4, 0xB6, 0x37, 0x60, 0x6B, 0x7F, 0x0D,
    0xE2, 0xEF, 0x02, 0x46, 0x2C, 0x76, 0xE2, 0x3B, 0x8E, 0x5F, 0x9F, 0x4E, 0x3E, 0xC5, 0x20, 0x31,
    0x41, 0x8D, 0x7A, 0x1C, 0x7A, 0x52, 0xA0, 0xA9, 0xF5, 0x75, 0x29, 0x6E, 0xAE, 0x26, 0x64, 0x32,
    0x45, 0x9C, 0xB4, 0xD7, 0xFB, 0x9D, 0xA4, 0x50, 0xF4, 0x85, 0xB4, 0x2F, 0xE5, 0x9F, 0xB3, 0xFC,
    0x5C, 0xE1, 0xB7, 0xDC, 0xDA, 0xF6, 0xE9, 0xD5, 0xE4, 0x39, 0x20, 0x74, 0x78, 0x2D, 0xE7, 0x0C,
    0x38, 0x4E, 0x1B, 0x35, 0x3E, 0x1C, 0xDC, 0x8A, 0x5B, 0xF7, 0x59, 0xFD, 0x55, 0xFF, 0x06, 0xF8,
    0xF4, 0xF4, 0x7B, 0xAC, 0xC9, 0x53, 0x73, 0x8B, 0x6A, 0xEE, 0x43, 0xBD, 0xE6, 0x62, 0x97, 0x08,
    0x7C, 0xE2, 0xEB, 0x8E, 0xF6, 0xC5, 0x77, 0xF3, 0xF9, 0x92, 0x4D, 0x7A, 0xE3, 0xC2, 0x6F, 0x80,
    0x7F, 0x82, 0xB5, 0xFF, 0x3F, 0xB5, 0x92, 0xB1, 0x11, 0xC2, 0x30, 0x0C, 0x45, 0x45, 0x28, 0x28,
    0x52, 0xA4, 0xA7, 0x61, 0x84, 0x8C, 0x90, 0x7D, 0xA0, 0x60, 0x85, 0x1C, 0xAC, 0x42, 0xC1, 0xA5,
    0x61, 0x03, 0xE2, 0x23, 0x8B, 0x30, 0x42, 0x0A, 0x0A, 0xC3, 0x19, 0x7F, 0xBE, 0x94, 0x1C, 0xE4,
    0x80, 0x2A, 0x1C, 0x2A, 0xDE, 0x2F, 0x2C, 0x5B, 0xF2, 0x97, 0x64, 0xBE, 0x9B, 0x54, 0x65, 0x02,
    0x9F, 0xC1, 0xCD, 0xE0, 0x73, 0xB8, 0x14, 0xBE, 0x80, 0xCB, 0xEE, 0x52, 0xB4, 0x92, 0x85, 0x17,
    0xA1, 0xE1, 0x86, 0x3C, 0xC4, 0xAA, 0xBE, 0x95, 0xC3, 0x9C, 0x5F, 0xC8, 0x48, 0xCF, 0x32, 0xDF,
    0xE7, 0x5E, 0x10, 0x8A, 0x90, 0x28, 0xA6, 0x08, 0xB9, 0x9F, 0x82, 0x07, 0x84, 0x88, 0xA1, 0x66,
    0xE9, 0xF6, 0x85, 0x15, 0xAA, 0xBA, 0xE5, 0x41, 0x31, 0x16, 0x2C, 0xC9, 0x57, 0x59, 0x8E, 0x9C,
    0xB1, 0x68, 0x2B, 0xA9, 0xF1, 0x9B, 0x03, 0xE1, 0x8D, 0x87, 0xB8, 0x1F, 0xF9, 0xDF, 0xA8, 0xBE,
    0xD1, 0x6D, 0x32, 0x33, 0x26, 0x70, 0x62, 0x71, 0x14, 0xED, 0x68, 0xB9, 0x41, 0x49, 0x1F, 0x52,
    0x34, 0x70, 0xEC, 0x6D, 0xA1, 0xAA, 0x6E, 0xE0, 0x84, 0x52, 0xDB, 0xBE, 0x30, 0xAF, 0x6B, 0x5F,
    0x9E, 0x5A, 0xA3, 0x9B, 0xCB, 0xBB, 0xAA, 0x45, 0xB7, 0x4A, 0xEF, 0xDB, 0x2F, 0xFE, 0xA6, 0x62,
    0xBB, 0xA4, 0x5E, 0xEA, 0x36, 0xA9, 0x9B, 0xDC, 0xA7, 0x86, 0xD3, 0xD3, 0x8D, 0xA2, 0x9A, 0xA3,
    0x4C, 0x36, 0x17, 0x06, 0x6A, 0x5D, 0x36, 0x9F, 0x6A, 0xFB, 0xB5, 0xFD, 0xCC, 0x1F, 0xA9, 0x57,
    0xD3, 0x04, 0xB1, 0x9F, 0x66, 0xAF, 0xEB, 0xF8, 0x00, 0xDB, 0xB5, 0x6A, 0xD5, 0x83, 0x07, 0x0C,
    0x0C, 0x0B, 0x1E, 0x30, 0x30, 0x26, 0x9C, 0x60, 0x60, 0x52, 0x38, 0xCA, 0xC0, 0xAA, 0x70, 0x88,
    0x81, 0x43, 0xE1, 0x40, 0x83, 0x02, 0x10, 0x07, 0x28, 0x1C, 0x50, 0x68, 0x50, 0x38, 0x20, 0xEA,
    0xA0, 0x70, 0x80, 0x8B, 0x01, 0x82, 0xA5, 0x1C, 0x20, 0x62, 0x01, 0x01, 0x60, 0x35, 0x20, 0xB5,
    0xC7, 0x80, 0x18, 0xA4, 0xF7, 0x0A, 0xD0, 0x0C, 0x90, 0x59, 0xFF, 0xFF, 0xFF, 0x7F, 0x00, 0x00,
};

static const EpdGlyph lexica_15_boldGlyphs[] = {
    { 0, 0, 0, 0, 0, 0, 0 }, // U+000D
    { 0, 0, 160, 0, 0, 0, 0 }, // U+0020
    { 6, 21, 142, 1, 21, 32, 0 }, // !
    { 10, 7, 205, 1, 21, 18, 32 }, // "
    { 24, 21, 392, 0, 21, 126, 50 }, // #
    { 19, 26, 310, 0, 23, 124, 176 }, // $
    { 29, 21, 489, 1, 21, 153, 300 }, // %
    { 22, 23, 351, 1, 23, 127, 453 }, // &
    { 4, 7, 111, 1, 21, 7, 580 }, // '
    { 10, 26, 183, 1, 21, 65, 587 }, // (
    { 10, 26, 183, 1, 21, 65, 652 }, // )
    { 11, 10, 217, 1, 21, 28, 717 }, // *
    { 16, 16, 309, 2, 16, 64, 745 }, // +
    { 6, 10, 122, 1, 5, 15, 809 }, // ,
    { 10, 4, 187, 1, 10, 10, 824 }, // -
    { 6, 6, 122, 1, 6, 9, 834 }, // .
    { 14, 21, 221, 0, 21, 74, 843 }, // /
    { 18, 21, 326, 1, 21, 95, 917 }, // 0
    { 10, 21, 224, 1, 21, 53, 1012 }, // 1
    { 16, 21, 293, 1, 21, 84, 1065 }, // 2
    { 17, 21, 303, 0, 21, 90, 1149 }, // 3
    { 18, 21, 313, 1, 21, 95, 1239 }, // 4
    { 17, 21, 306, 1, 21, 90, 1334 }, // 5
    { 17, 21, 316, 2, 21, 90, 1424 }, // 6
    { 16, 21, 272, 1, 21, 84, 1514 }, // 7
    { 17, 21, 313, 1, 21, 90, 1598 }, // 8
    { 15, 21, 281, 1, 21, 79, 1688 }, // 9
    { 6, 16, 122, 1, 16, 24, 1767 }, // :
    { 6, 21, 122, 1, 16, 32, 1791 }, // ;
    { 16, 17, 287, 1, 16, 68, 1823 }, // <
    { 16, 10, 309, 2, 13, 40, 1891 }, // =
    { 16, 17, 287, 1, 16, 68, 1931 }, // >
    { 16, 21, 307, 1, 21, 84, 1999 }, // ?
    { 22, 21, 377, 1, 21, 116, 2083 }, // @
    { 22, 21, 345, 0, 21, 116, 2199 }, // A
    { 18, 21, 320, 1, 21, 95, 2315 }, // B
    { 19, 21, 337, 1, 21, 100, 2410 }, // C
    { 19, 21, 343, 1, 21, 100, 2510 }, // D
    { 16, 21, 290, 1, 21, 84, 2610 }, // E
    { 15, 21, 272, 1, 21, 79, 2694 }, // F
    { 20, 21, 360, 1, 21, 105, 2773 }, // G
    { 18, 21, 340, 1, 21, 95, 2878 }, // H
    { 11, 21, 230, 2, 21, 58, 2973 }, // I
    { 17, 21, 280, -1, 21, 90, 3031 }, // J
    { 19, 21, 330, 1, 21, 100, 3121 }, // K
    { 15, 21, 269, 1, 21, 79, 3221 }, // L
    { 24, 21, 421, 1, 21, 126, 3300 }, // M
    { 19, 21, 350, 1, 21, 100, 3426 }, // N
    { 22, 21, 382, 1, 21, 116, 3526 }, // O
    { 17, 21, 313, 1, 21, 90, 3642 }, // P
    { 24, 23, 391, 1, 21, 138, 3732 }, // Q
    { 18, 21, 327, 1, 21, 95, 3870 }, // R
    { 19, 21, 310, 0, 21, 100, 3965 }, // S
    { 18, 21, 309, 1, 21, 95, 4065 }, // T
    { 18, 21, 332, 1, 21, 95, 4160 }, // U
    { 21, 21, 328, 0, 21, 111, 4255 }, // V
    { 28, 21, 442, 0, 21, 147, 4366 }, // W
    { 22, 21, 350, 0, 21, 116, 4513 }, // X
    { 21, 21, 344, 0, 21, 111, 4629 }, // Y
    { 17, 21, 311, 1, 21, 90, 4740 }, // Z
    { 8, 26, 167, 1, 21, 52, 4830 }, // [
    { 14, 21, 221, 0, 21, 74, 4882 }, // <backslash>
    { 8, 26, 167, 1, 21, 52, 4956 }, // ]
    { 16, 11, 295, 1, 21, 44, 5008 }, // ^
    { 13, 4, 215, 1, 0, 13, 5052 }, // _
    { 7, 5, 157, 2, 23, 9, 5065 }, // `
    { 16, 16, 277, 1, 16, 64, 5074 }, // a
    { 16, 21, 298, 2, 21, 84, 5138 }, // b
    { 15, 16, 260, 1, 16, 60, 5222 }, // c
    { 18, 21, 298, 1, 21, 95, 5282 }, // d
    { 17, 16, 283, 1, 16, 68, 5377 }, // e
    { 11, 23, 184, 1, 23, 64, 5445 }, // f
    { 17, 23, 299, 1, 16, 98, 5509 }, // g
    { 15, 21, 286, 2, 21, 79, 5607 }, // h
    { 9, 24, 158, 0, 24, 54, 5686 }, // i
    { 10, 29, 130, -3, 24, 73, 5740 }, // j
    { 17, 21, 284, 2, 21, 90, 5813 }, // k
    { 8, 21, 155, 2, 21, 42, 5903 }, // l
    { 25, 16, 443, 2, 16, 100, 5945 }, // m
    { 15, 16, 286, 2, 16, 60, 6045 }, // n
    { 16, 16, 287, 1, 16, 64, 6105 }, // o
    { 16, 21, 298, 2, 16, 84, 6169 }, // p
    { 21, 21, 301, 1, 16, 111, 6253 }, // q
    { 10, 16, 186, 2, 16, 40, 6364 }, // r
    { 16, 16, 267, 0, 16, 64, 6404 }, // s
    { 11, 20, 190, 1, 20, 55, 6468 }, // t
    { 15, 16, 285, 2, 16, 60, 6523 }, // u
    { 17, 16, 263, 0, 16, 68, 6583 }, // v
    { 23, 16, 362, 0, 16, 92, 6651 }, // w
    { 17, 16, 267, 0, 16, 68, 6743 }, // x
    { 18, 21, 259, -1, 16, 95, 6811 }, // y
    { 15, 16, 258, 1, 16, 60, 6906 }, // z
    { 10, 26, 185, 1, 21, 65, 6966 }, // {
    { 5, 26, 117, 1, 21, 33, 7031 }, // |
    { 10, 26, 185, 1, 21, 65, 7064 }, // }
    { 14, 8, 267, 1, 12, 28, 7129 }, // ~
    { 0, 0, 160, 0, 0, 0, 0 }, // U+00A0
    { 6, 21, 142, 1, 16, 32, 0 }, // U+00A1
    { 15, 21, 260, 1, 18, 79, 32 }, // U+00A2
    { 18, 21, 309, 2, 21, 95, 111 }, // U+00A3
    { 16, 16, 298, 1, 18, 64, 206 }, // U+00A4
    { 21, 21, 344, 0, 21, 111, 270 }, // U+00A5
    { 4, 26, 108, 1, 21, 26, 381 }, // U+00A6
    { 17, 26, 289, 1, 21, 111, 407 }, // U+00A7
    { 11, 4, 226, 2, 22, 11, 518 }, // U+00A8
    { 22, 22, 399, 2, 22, 121, 529 }, // U+00A9
    { 10, 10, 198, 2, 23, 25, 650 }, // U+00AA
    { 19, 13, 335, 1, 14, 62, 675 }, // U+00AB
    { 16, 12, 309, 2, 13, 48, 737 }, // U+00AC
    { 9, 4, 175, 1, 10, 9, 785 }, // U+00AD
    { 22, 22, 399, 2, 22, 121, 794 }, // U+00AE
    { 9, 3, 203, 2, 21, 7, 915 }, // U+00AF
    { 10, 10, 202, 1, 21, 25, 922 }, // U+00B0
    { 16, 16, 309, 2, 16, 64, 947 }, // U+00B1
    { 10, 12, 204, 2, 25, 30, 1011 }, // U+00B2
    { 11, 12, 207, 1, 25, 33, 1041 }, // U+00B3
    { 7, 5, 157, 1, 23, 9, 1074 }, // U+00B4
    { 17, 21, 296, 2, 16, 90, 1083 }, // U+00B5
    { 16, 26, 258, 0, 21, 104, 1173 }, // U+00B6
    { 6, 6, 151, 2, 11, 9, 1277 }, // U+00B7
    { 7, 7, 161, 2, 1, 13, 1286 }, // U+00B8
    { 7, 12, 146, 1, 25, 21, 1299 }, // U+00B9
    { 10, 9, 205, 2, 22, 23, 1320 }, // U+00BA
    { 19, 13, 335, 1, 14, 62, 1343 }, // U+00BB
    { 24, 21, 427, 1, 21, 126, 1405 }, // U+00BC
    { 24, 21, 428, 1, 21, 126, 1531 }, // U+00BD
    { 28, 22, 480, 1, 22, 154, 1657 }, // U+00BE
    { 16, 21, 307, 2, 16, 84, 1811 }, // U+00BF
    { 22, 28, 345, -1, 28, 154, 1895 }, // U+00C0
    { 22, 28, 345, 0, 28, 154, 2049 }, // U+00C1
    { 22, 28, 345, 0, 28, 154, 2203 }, // U+00C2
    { 22, 27, 345, 0, 27, 149, 2357 }, // U+00C3
    { 23, 28, 345, 0, 28, 161, 2506 }, // U+00C4
    { 22, 27, 345, 0, 27, 149, 2667 }, // U+00C5
    { 31, 21, 508, 0, 21, 163, 2816 }, // U+00C6
    { 19, 26, 337, 1, 21, 124, 2979 }, // U+00C7
    { 16, 28, 290, 1, 28, 112, 3103 }, // U+00C8
    { 16, 28, 290, 1, 28, 112, 3215 }, // U+00C9
    { 16, 28, 290, 1, 28, 112, 3327 }, // U+00CA
    { 16, 28, 290, 1, 28, 112, 3439 }, // U+00CB
    { 11, 28, 230, 2, 28, 77, 3551 }, // U+00CC
    { 11, 28, 230, 2, 28, 77, 3628 }, // U+00CD
    { 13, 28, 230, 1, 28, 91, 3705 }, // U+00CE
    { 11, 28, 230, 2, 28, 77, 3796 }, // U+00CF
    { 23, 21, 387, 1, 21, 121, 3873 }, // U+00D0
    { 19, 27, 350, 1, 27, 129, 3994 }, // U+00D1
    { 22, 29, 382, 1, 29, 160, 4123 }, // U+00D2
    { 22, 29, 382, 1, 29, 160, 4283 }, // U+00D3
    { 22, 29, 382, 1, 29, 160, 4443 }, // U+00D4
    { 22, 28, 382, 1, 28, 154, 4603 }, // U+00D5
    { 22, 28, 382, 1, 28, 154, 4757 }, // U+00D6
    { 15, 15, 270, 1, 15, 57, 4911 }, // U+00D7
    { 22, 21, 382, 1, 21, 116, 4968 }, // U+00D8
    { 18, 29, 332, 1, 29, 131, 5084 }, // U+00D9
    { 18, 29, 332, 1, 29, 131, 5215 }, // U+00DA
    { 18, 29, 332, 1, 29, 131, 5346 }, // U+00DB
    { 18, 28, 332, 1, 28, 126, 5477 }, // U+00DC
    { 22, 28, 344, 0, 28, 154, 5603 }, // U+00DD
    { 17, 21, 308, 1, 21, 90, 5757 }, // U+00DE
    { 17, 21, 311, 1, 21, 90, 5847 }, // U+00DF
    { 16, 23, 277, 1, 23, 92, 5937 }, // U+00E0
    { 16, 23, 277, 1, 23, 92, 6029 }, // U+00E1
    { 16, 23, 277, 1, 23, 92, 6121 }, // U+00E2
    { 16, 21, 277, 1, 21, 84, 6213 }, // U+00E3
    { 16, 23, 277, 1, 23, 92, 6297 }, // U+00E4
    { 16, 26, 277, 1, 26, 104, 6389 }, // U+00E5
    { 26, 16, 442, 1, 16, 104, 6493 }, // U+00E6
    { 15, 21, 260, 1, 16, 79, 6597 }, // U+00E7
    { 17, 23, 283, 1, 23, 98, 6676 }, // U+00E8
    { 17, 23, 283, 1, 23, 98, 6774 }, // U+00E9
    { 17, 23, 283, 1, 23, 98, 6872 }, // U+00EA
    { 17, 23, 283, 1, 23, 98, 6970 }, // U+00EB
    { 8, 23, 151, 1, 23, 46, 7068 }, // U+00EC
    { 9, 23, 151, 1, 23, 52, 7114 }, // U+00ED
    { 13, 23, 151, -1, 23, 75, 7166 }, // U+00EE
    { 11, 22, 151, 0, 22, 61, 7241 }, // U+00EF
    { 17, 24, 295, 1, 24, 102, 7302 }, // U+00F0
    { 15, 21, 286, 2, 21, 79, 7404 }, // U+00F1
    { 16, 23, 287, 1, 23, 92, 7483 }, // U+00F2
    { 16, 23, 287, 1, 23, 92, 7575 }, // U+00F3
    { 16, 23, 287, 1, 23, 92, 7667 }, // U+00F4
    { 16, 21, 287, 1, 21, 84, 7759 }, // U+00F5
    { 16, 23, 287, 1, 23, 92, 7843 }, // U+00F6
    { 16, 16, 297, 1, 16, 64, 7935 }, // U+00F7
    { 16, 18, 287, 1, 17, 72, 7999 }, // U+00F8
    { 15, 23, 285, 2, 23, 87, 8071 }, // U+00F9
    { 15, 23, 285, 2, 23, 87, 8158 }, // U+00FA
    { 15, 23, 285, 2, 23, 87, 8245 }, // U+00FB
    { 15, 23, 285, 2, 23, 87, 8332 }, // U+00FC
    { 18, 28, 259, -1, 23, 126, 8419 }, // U+00FD
    { 16, 26, 298, 2, 21, 104, 8545 }, // U+00FE
    { 18, 27, 259, -1, 22, 122, 8649 }, // U+00FF
    { 21, 26, 345, 0, 26, 137, 0 }, // U+0100
    { 16, 21, 277, 1, 21, 84, 137 }, // U+0101
    { 22, 28, 345, 0, 28, 154, 221 }, // U+0102
    { 16, 23, 277, 1, 23, 92, 375 }, // U+0103
    { 23, 26, 345, -1, 21, 150, 467 }, // U+0104
    { 16, 21, 277, 1, 16, 84, 617 }, // U+0105
    { 20, 29, 337, 1, 29, 145, 701 }, // U+0106
    { 16, 23, 260, 1, 23, 92, 846 }, // U+0107
    { 19, 29, 337, 1, 29, 138, 938 }, // U+0108
    { 15, 23, 260, 1, 23, 87, 1076 }, // U+0109
    { 20, 28, 337, 1, 28, 140, 1163 }, // U+010A
    { 15, 23, 260, 1, 23, 87, 1303 }, // U+010B
    { 19, 29, 337, 1, 29, 138, 1390 }, // U+010C
    { 15, 23, 260, 1, 23, 87, 1528 }, // U+010D
    { 19, 28, 343, 1, 28, 133, 1615 }, // U+010E
    { 22, 21, 322, 1, 21, 116, 1748 }, // U+010F
    { 23, 21, 387, 1, 21, 121, 1864 }, // U+0110
    { 19, 23, 316, 1, 23, 110, 1985 }, // U+0111
    { 16, 26, 290, 1, 26, 104, 2095 }, // U+0112
    { 17, 21, 283, 0, 21, 90, 2199 }, // U+0113
    { 16, 28, 290, 1, 28, 112, 2289 }, // U+0114
    { 17, 23, 283, 1, 23, 98, 2401 }, // U+0115
    { 16, 28, 290, 1, 28, 112, 2499 }, // U+0116
    { 17, 23, 283, 1, 23, 98, 2611 }, // U+0117
    { 16, 26, 290, 1, 21, 104, 2709 }, // U+0118
    { 17, 21, 283, 1, 16, 90, 2813 }, // U+0119
    { 16, 28, 290, 1, 28, 112, 2903 }, // U+011A
    { 17, 23, 283, 1, 23, 98, 3015 }, // U+011B
    { 20, 29, 360, 1, 29, 145, 3113 }, // U+011C
    { 17, 30, 299, 1, 23, 128, 3258 }, // U+011D
    { 20, 28, 360, 1, 28, 140, 3386 }, // U+011E
    { 17, 30, 299, 1, 23, 128, 3526 }, // U+011F
    { 20, 28, 360, 1, 28, 140, 3654 }, // U+0120
    { 17, 29, 299, 1, 22, 124, 3794 }, // U+0121
    { 20, 29, 360, 1, 21, 145, 3918 }, // U+0122
    { 17, 32, 299, 1, 25, 136, 4063 }, // U+0123
    { 18, 28, 340, 1, 28, 126, 4199 }, // U+0124
    { 19, 28, 286, -2, 28, 133, 4325 }, // U+0125
    { 22, 21, 370, 1, 21, 116, 4458 }, // U+0126
    { 18, 22, 315, 1, 22, 99, 4574 }, // U+0127
    { 12, 27, 230, 1, 27, 81, 4673 }, // U+0128
    { 12, 21, 151, -1, 21, 63, 4754 }, // U+0129
    { 11, 26, 230, 2, 26, 72, 4817 }, // U+012A
    { 9, 21, 151, 1, 21, 48, 4889 }, // U+012B
    { 12, 28, 230, 2, 28, 84, 4937 }, // U+012C
    { 12, 23, 151, -1, 23, 69, 5021 }, // U+012D
    { 11, 26, 230, 2, 21, 72, 5090 }, // U+012E
    { 9, 29, 158, 1, 24, 66, 5162 }, // U+012F
    { 11, 28, 230, 2, 28, 77, 5228 }, // U+0130
    { 8, 16, 151, 1, 16, 32, 5305 }, // U+0131
    { 29, 21, 509, 2, 21, 153, 5337 }, // U+0132
    { 17, 29, 287, 0, 24, 124, 5490 }, // U+0133
    { 21, 29, 280, -1, 29, 153, 5614 }, // U+0134
    { 13, 28, 130, -2, 23, 91, 5767 }, // U+0135
    { 19, 29, 330, 1, 21, 138, 5858 }, // U+0136
    { 16, 29, 284, 2, 21, 116, 5996 }, // U+0137
    { 17, 16, 284, 2, 16, 68, 6112 }, // U+0138
    { 15, 28, 269, 1, 28, 105, 6180 }, // U+0139
    { 8, 28, 155, 2, 28, 56, 6285 }, // U+013A
    { 15, 29, 269, 1, 21, 109, 6341 }, // U+013B
    { 9, 29, 155, 1, 21, 66, 6450 }, // U+013C
    { 15, 21, 269, 1, 21, 79, 6516 }, // U+013D
    { 10, 21, 165, 2, 21, 53, 6595 }, // U+013E
    { 15, 21, 269, 1, 21, 79, 6648 }, // U+013F
    { 13, 21, 243, 2, 21, 69, 6727 }, // U+0140
    { 18, 21, 293, 0, 21, 95, 6796 }, // U+0141
    { 10, 21, 161, 0, 21, 53, 6891 }, // U+0142
    { 19, 28, 350, 1, 28, 133, 6944 }, // U+0143
    { 15, 23, 286, 2, 23, 87, 7077 }, // U+0144
    { 19, 29, 350, 1, 21, 138, 7164 }, // U+0145
    { 15, 24, 286, 2, 16, 90, 7302 }, // U+0146
    { 19, 28, 350, 1, 28, 133, 7392 }, // U+0147
    { 15, 23, 286, 2, 23, 87, 7525 }, // U+0148
    { 22, 21, 397, 1, 21, 116, 7612 }, // U+0149
    { 19, 26, 350, 1, 21, 124, 7728 }, // U+014A
    { 15, 21, 286, 2, 16, 79, 7852 }, // U+014B
    { 22, 27, 382, 1, 27, 149, 7931 }, // U+014C
    { 16, 21, 287, 1, 21, 84, 8080 }, // U+014D
    { 22, 28, 382, 1, 28, 154, 8164 }, // U+014E
    { 16, 23, 287, 1, 23, 92, 8318 }, // U+014F
    { 22, 29, 382, 1, 29, 160, 8410 }, // U+0150
    { 16, 23, 287, 1, 23, 92, 8570 }, // U+0151
    { 32, 21, 531, 1, 21, 168, 8662 }, // U+0152
    { 28, 16, 469, 1, 16, 112, 8830 }, // U+0153
    { 18, 28, 327, 1, 28, 126, 8942 }, // U+0154
    { 10, 23, 186, 2, 23, 58, 9068 }, // U+0155
    { 18, 29, 327, 1, 21, 131, 9126 }, // U+0156
    { 12, 24, 186, 0, 16, 72, 9257 }, // U+0157
    { 18, 28, 327, 1, 28, 126, 9329 }, // U+0158
    { 13, 23, 186, 1, 23, 75, 9455 }, // U+0159
    { 19, 29, 310, 0, 29, 138, 9530 }, // U+015A
    { 16, 23, 267, 0, 23, 92, 9668 }, // U+015B
    { 19, 29, 310, 0, 29, 138, 9760 }, // U+015C
    { 16, 23, 267, 0, 23, 92, 9898 }, // U+015D
    { 19, 26, 310, 0, 21, 124, 9990 }, // U+015E
    { 16, 21, 267, 0, 16, 84, 10114 }, // U+015F
    { 19, 29, 310, 0, 29, 138, 10198 }, // U+0160
    { 16, 23, 267, 0, 23, 92, 10336 }, // U+0161
    { 18, 26, 309, 1, 21, 117, 10428 }, // U+0162
    { 11, 26, 190, 1, 21, 72, 10545 }, // U+0163
    { 18, 28, 309, 1, 28, 126, 10617 }, // U+0164
    { 13, 23, 190, 1, 23, 75, 10743 }, // U+0165
    { 18, 21, 309, 1, 21, 95, 10818 }, // U+0166
    { 11, 20, 190, 1, 20, 55, 10913 }, // U+0167
    { 18, 28, 332, 1, 28, 126, 10968 }, // U+0168
    { 15, 21, 285, 2, 21, 79, 11094 }, // U+0169
    { 18, 27, 332, 1, 27, 122, 11173 }, // U+016A
    { 15, 21, 285, 2, 21, 79, 11295 }, // U+016B
    { 18, 28, 332, 1, 28, 126, 11374 }, // U+016C
    { 15, 23, 285, 2, 23, 87, 11500 }, // U+016D
    { 18, 31, 332, 1, 31, 140, 11587 }, // U+016E
    { 15, 26, 285, 2, 26, 98, 11727 }, // U+016F
    { 18, 29, 332, 1, 29, 131, 11825 }, // U+0170
    { 16, 23, 285, 2, 23, 92, 11956 }, // U+0171
    { 18, 26, 332, 1, 21, 117, 12048 }, // U+0172
    { 15, 21, 285, 2, 16, 79, 12165 }, // U+0173
    { 28, 28, 442, 0, 28, 196, 12244 }, // U+0174
    { 23, 23, 362, 0, 23, 133, 12440 }, // U+0175
    { 21, 28, 344, 0, 28, 147, 12573 }, // U+0176
    { 18, 28, 259, -1, 23, 126, 12720 }, // U+0177
    { 23, 28, 344, 0, 28, 161, 12846 }, // U+0178
    { 17, 28, 311, 1, 28, 119, 13007 }, // U+0179
    { 15, 23, 258, 1, 23, 87, 13126 }, // U+017A
    { 17, 28, 311, 1, 28, 119, 13213 }, // U+017B
    { 15, 22, 258, 1, 22, 83, 13332 }, // U+017C
    { 17, 28, 311, 1, 28, 119, 13415 }, // U+017D
    { 15, 23, 258, 1, 23, 87, 13534 }, // U+017E
    { 11, 23, 184, 0, 23, 64, 13621 }, // U+017F
    { 23, 25, 382, 1, 25, 144, 0 }, // U+01A0
    { 18, 19, 297, 1, 19, 86, 144 }, // U+01A1
    { 22, 25, 345, 1, 25, 138, 230 }, // U+01AF
    { 19, 19, 295, 2, 19, 91, 368 }, // U+01B0
    { 38, 28, 654, 1, 28, 266, 459 }, // U+01C4
    { 36, 23, 601, 1, 23, 207, 725 }, // U+01C5
    { 34, 23, 556, 1, 23, 196, 932 }, // U+01C6
    { 32, 21, 549, 1, 21, 168, 1128 }, // U+01C7
    { 23, 29, 398, 1, 24, 167, 1296 }, // U+01C8
    { 15, 29, 287, 2, 24, 109, 1463 }, // U+01C9
    { 37, 21, 630, 1, 21, 195, 1572 }, // U+01CA
    { 28, 29, 480, 1, 24, 203, 1767 }, // U+01CB
    { 23, 29, 416, 2, 24, 167, 1970 }, // U+01CC
    { 22, 28, 345, 0, 28, 154, 2137 }, // U+01CD
    { 16, 23, 277, 1, 23, 92, 2291 }, // U+01CE
    { 18, 29, 332, 1, 29, 131, 2383 }, // U+01D3
    { 15, 23, 285, 2, 23, 87, 2514 }, // U+01D4
    { 20, 29, 360, 1, 29, 145, 2601 }, // U+01E6
    { 17, 30, 299, 1, 23, 128, 2746 }, // U+01E7
    { 22, 26, 382, 1, 21, 143, 2874 }, // U+01EA
    { 16, 21, 287, 1, 16, 84, 3017 }, // U+01EB
    { 38, 21, 654, 1, 21, 200, 3101 }, // U+01F1
    { 36, 21, 601, 1, 21, 189, 3301 }, // U+01F2
    { 34, 21, 556, 1, 21, 179, 3490 }, // U+01F3
    { 22, 32, 345, 0, 32, 176, 3669 }, // U+01FA
    { 16, 33, 277, 1, 33, 132, 3845 }, // U+01FB
    { 31, 28, 508, 0, 28, 217, 3977 }, // U+01FC
    { 26, 23, 442, 1, 23, 150, 4194 }, // U+01FD
    { 22, 29, 382, 1, 29, 160, 4344 }, // U+01FE
    { 16, 24, 287, 1, 23, 96, 4504 }, // U+01FF
    { 19, 29, 310, 0, 21, 138, 4600 }, // U+0218
    { 16, 24, 267, 0, 16, 96, 4738 }, // U+0219
    { 18, 29, 309, 1, 21, 131, 4834 }, // U+021A
    { 11, 28, 190, 1, 20, 77, 4965 }, // U+021B
    { 18, 28, 340, 1, 28, 126, 5042 }, // U+021E
    { 19, 28, 286, -2, 28, 133, 5168 }, // U+021F
    { 7, 5, 0, 0, 23, 9, 0 }, // U+0300
    { 7, 5, 0, 0, 23, 9, 9 }, // U+0301
    { 13, 5, 0, 0, 23, 17, 18 }, // U+0302
    { 12, 4, 0, 0, 22, 12, 35 }, // U+0303
    { 9, 3, 0, 0, 21, 7, 47 }, // U+0304
    { 11, 5, 0, -1, 23, 14, 54 }, // U+0306
    { 5, 4, 0, 0, 22, 5, 68 }, // U+0307
    { 11, 4, 0, 0, 22, 11, 73 }, // U+0308
    { 6, 6, 79, 0, 24, 9, 84 }, // U+0309
    { 8, 8, 0, 0, 25, 16, 93 }, // U+030A
    { 14, 5, 0, -1, 23, 18, 109 }, // U+030B
    { 13, 5, 0, 0, 23, 17, 127 }, // U+030C
    { 11, 7, 186, 0, 19, 20, 144 }, // U+031B
    { 6, 6, 103, 0, -2, 9, 164 }, // U+0323
    { 8, 7, 0, -1, -1, 14, 173 }, // U+0326
    { 7, 7, 0, 0, 1, 13, 187 }, // U+0327
    { 8, 6, 0, 0, 1, 12, 200 }, // U+0328
    { 22, 29, 345, 0, 21, 160, 0 }, // U+1EA0
    { 16, 24, 277, 1, 16, 96, 160 }, // U+1EA1
    { 22, 29, 345, -1, 29, 160, 256 }, // U+1EA2
    { 16, 24, 277, 1, 24, 96, 416 }, // U+1EA3
    { 23, 32, 345, -1, 32, 184, 512 }, // U+1EA4
    { 18, 28, 277, 1, 28, 126, 696 }, // U+1EA5
    { 22, 31, 345, 0, 31, 171, 822 }, // U+1EA6
    { 17, 27, 277, 1, 27, 115, 993 }, // U+1EA7
    { 22, 32, 345, -1, 32, 176, 1108 }, // U+1EA8
    { 16, 28, 277, 1, 28, 112, 1284 }, // U+1EA9
    { 22, 34, 345, 0, 34, 187, 1396 }, // U+1EAA
    { 16, 29, 277, 1, 29, 116, 1583 }, // U+1EAB
    { 22, 36, 345, 0, 28, 198, 1699 }, // U+1EAC
    { 16, 31, 277, 1, 23, 124, 1897 }, // U+1EAD
    { 22, 34, 345, 0, 34, 187, 2021 }, // U+1EAE
    { 16, 29, 277, 1, 29, 116, 2208 }, // U+1EAF
    { 22, 34, 345, -1, 34, 187, 2324 }, // U+1EB0
    { 16, 30, 277, 1, 30, 120, 2511 }, // U+1EB1
    { 22, 35, 345, -1, 35, 193, 2631 }, // U+1EB2
    { 16, 30, 277, 1, 30, 120, 2824 }, // U+1EB3
    { 22, 33, 345, 0, 33, 182, 2944 }, // U+1EB4
    { 16, 28, 277, 1, 28, 112, 3126 }, // U+1EB5
    { 22, 36, 345, 0, 28, 198, 3238 }, // U+1EB6
    { 16, 31, 277, 1, 23, 124, 3436 }, // U+1EB7
    { 16, 29, 290, 1, 21, 116, 3560 }, // U+1EB8
    { 17, 24, 283, 0, 16, 102, 3676 }, // U+1EB9
    { 16, 29, 290, 1, 29, 116, 3778 }, // U+1EBA
    { 17, 24, 283, 0, 24, 102, 3894 }, // U+1EBB
    { 16, 27, 290, 1, 27, 108, 3996 }, // U+1EBC
    { 17, 21, 283, 1, 21, 90, 4104 }, // U+1EBD
    { 19, 32, 290, 1, 32, 152, 4194 }, // U+1EBE
    { 18, 28, 283, 1, 28, 126, 4346 }, // U+1EBF
    { 18, 31, 290, 1, 31, 140, 4472 }, // U+1EC0
    { 18, 27, 283, 1, 27, 122, 4612 }, // U+1EC1
    { 18, 32, 290, 1, 32, 144, 4734 }, // U+1EC2
    { 17, 28, 283, 1, 28, 119, 4878 }, // U+1EC3
    { 16, 34, 290, 1, 34, 136, 4997 }, // U+1EC4
    { 17, 29, 283, 1, 29, 124, 5133 }, // U+1EC5
    { 16, 36, 290, 1, 28, 144, 5257 }, // U+1EC6
    { 17, 31, 283, 0, 23, 132, 5401 }, // U+1EC7
    { 11, 29, 230, 2, 29, 80, 5533 }, // U+1EC8
    { 8, 24, 151, 1, 24, 48, 5613 }, // U+1EC9
    { 11, 29, 230, 2, 21, 80, 5661 }, // U+1ECA
    { 9, 32, 158, 0, 24, 72, 5741 }, // U+1ECB
    { 22, 29, 382, 1, 21, 160, 5813 }, // U+1ECC
    { 16, 24, 287, 1, 16, 96, 5973 }, // U+1ECD
    { 22, 29, 382, 1, 29, 160, 6069 }, // U+1ECE
    { 16, 24, 287, 1, 24, 96, 6229 }, // U+1ECF
    { 21, 32, 382, 1, 32, 168, 6325 }, // U+1ED0
    { 18, 28, 287, 1, 28, 126, 6493 }, // U+1ED1
    { 22, 32, 382, 1, 32, 176, 6619 }, // U+1ED2
    { 17, 27, 287, 1, 27, 115, 6795 }, // U+1ED3
    { 22, 32, 382, 1, 32, 176, 6910 }, // U+1ED4
    { 16, 28, 287, 1, 28, 112, 7086 }, // U+1ED5
    { 22, 34, 382, 1, 34, 187, 7198 }, // U+1ED6
    { 16, 29, 287, 1, 29, 116, 7385 }, // U+1ED7
    { 22, 37, 382, 1, 29, 204, 7501 }, // U+1ED8
    { 16, 31, 287, 1, 23, 124, 7705 }, // U+1ED9
    { 23, 29, 382, 1, 29, 167, 7829 }, // U+1EDA
    { 18, 23, 297, 1, 23, 104, 7996 }, // U+1EDB
    { 23, 29, 382, 1, 29, 167, 8100 }, // U+1EDC
    { 18, 23, 297, 1, 23, 104, 8267 }, // U+1EDD
    { 23, 29, 382, 1, 29, 167, 8371 }, // U+1EDE
    { 18, 24, 297, 1, 24, 108, 8538 }, // U+1EDF
    { 23, 27, 382, 1, 27, 156, 8646 }, // U+1EE0
    { 18, 21, 297, 1, 21, 95, 8802 }, // U+1EE1
    { 23, 33, 382, 1, 25, 190, 8897 }, // U+1EE2
    { 18, 27, 297, 1, 19, 122, 9087 }, // U+1EE3
    { 18, 29, 332, 1, 21, 131, 9209 }, // U+1EE4
    { 15, 24, 285, 2, 16, 90, 9340 }, // U+1EE5
    { 18, 29, 332, 1, 29, 131, 9430 }, // U+1EE6
    { 15, 24, 285, 2, 24, 90, 9561 }, // U+1EE7
    { 22, 29, 345, 1, 29, 160, 9651 }, // U+1EE8
    { 19, 23, 295, 2, 23, 110, 9811 }, // U+1EE9
    { 22, 29, 345, 1, 29, 160, 9921 }, // U+1EEA
    { 19, 23, 295, 2, 23, 110, 10081 }, // U+1EEB
    { 22, 29, 345, 1, 29, 160, 10191 }, // U+1EEC
    { 19, 24, 295, 2, 24, 114, 10351 }, // U+1EED
    { 22, 28, 345, 1, 28, 154, 10465 }, // U+1EEE
    { 19, 21, 295, 2, 21, 100, 10619 }, // U+1EEF
    { 22, 33, 345, 1, 25, 182, 10719 }, // U+1EF0
    { 19, 27, 295, 2, 19, 129, 10901 }, // U+1EF1
    { 22, 28, 344, -1, 28, 154, 11030 }, // U+1EF2
    { 18, 28, 259, -1, 23, 126, 11184 }, // U+1EF3
    { 22, 29, 344, 0, 21, 160, 11310 }, // U+1EF4
    { 17, 24, 259, 0, 16, 102, 11470 }, // U+1EF5
    { 21, 29, 344, 0, 29, 153, 11572 }, // U+1EF6
    { 17, 29, 259, 0, 24, 124, 11725 }, // U+1EF7
    { 22, 27, 344, 0, 27, 149, 11849 }, // U+1EF8
    { 18, 26, 259, -1, 21, 117, 11998 }, // U+1EF9
    { 9, 4, 167, 1, 10, 9, 0 }, // U+2010
    { 13, 4, 254, 1, 10, 13, 9 }, // U+2013
    { 24, 4, 421, 1, 10, 24, 22 }, // U+2014
    { 6, 10, 139, 1, 21, 15, 46 }, // U+2018
    { 6, 10, 139, 1, 21, 15, 61 }, // U+2019
    { 6, 10, 139, 1, 5, 15, 76 }, // U+201A
    { 13, 10, 249, 1, 21, 33, 91 }, // U+201C
    { 13, 10, 249, 1, 21, 33, 124 }, // U+201D
    { 13, 10, 249, 1, 5, 33, 157 }, // U+201E
    { 16, 21, 297, 1, 21, 84, 190 }, // U+2020
    { 16, 21, 297, 1, 21, 84, 274 }, // U+2021
    { 10, 10, 219, 2, 13, 25, 358 }, // U+2022
    { 22, 6, 402, 1, 6, 33, 383 }, // U+2026
    { 43, 21, 703, 1, 21, 226, 416 }, // U+2030
    { 11, 13, 202, 1, 14, 36, 642 }, // U+2039
    { 11, 13, 202, 1, 14, 36, 678 }, // U+203A
    { 20, 21, 312, 0, 21, 105, 714 }, // U+2044
    { 11, 12, 224, 2, 25, 33, 0 }, // U+2074
    { 19, 27, 316, 1, 23, 129, 0 }, // U+20AB
    { 21, 21, 337, 0, 21, 111, 129 }, // U+20AC
    { 17, 22, 299, 1, 21, 94, 0 }, // U+2202
    { 17, 26, 307, 1, 21, 111, 94 }, // U+220F
    { 17, 26, 309, 1, 21, 111, 205 }, // U+2211
    { 16, 4, 297, 1, 10, 16, 316 }, // U+2212
    { 20, 21, 326, 0, 21, 105, 332 }, // U+2215
    { 7, 7, 139, 1, 11, 13, 437 }, // U+2219
    { 20, 27, 355, 1, 21, 135, 450 }, // U+221A
    { 21, 10, 375, 1, 13, 53, 585 }, // U+221E
    { 14, 28, 243, 1, 22, 98, 638 }, // U+222B
    { 15, 13, 266, 1, 14, 49, 736 }, // U+2248
    { 16, 16, 297, 1, 16, 64, 785 }, // U+2260
    { 16, 16, 297, 1, 16, 64, 849 }, // U+2264
    { 16, 16, 297, 1, 16, 64, 913 }, // U+2265
    { 21, 23, 350, 1, 23, 121, 0 }, // U+FB00
    { 19, 24, 308, 0, 24, 114, 121 }, // U+FB01
    { 21, 23, 339, 1, 23, 121, 235 }, // U+FB02
    { 29, 24, 467, 0, 24, 174, 356 }, // U+FB03
    { 32, 23, 507, 1, 23, 184, 530 }, // U+FB04
    { 14, 22, 264, 1, 22, 77, 0 }, // U+FFFD
};

static const EpdUnicodeInterval lexica_15_boldIntervals[] = {
    { 0xD, 0xD, 0x0 },
    { 0x20, 0x7E, 0x1 },
    { 0xA0, 0xFF, 0x60 },
    { 0x100, 0x17F, 0xC0 },
    { 0x1A0, 0x1A1, 0x140 },
    { 0x1AF, 0x1B0, 0x142 },
    { 0x1C4, 0x1CE, 0x144 },
    { 0x1D3, 0x1D4, 0x14F },
    { 0x1E6, 0x1E7, 0x151 },
    { 0x1EA, 0x1EB, 0x153 },
    { 0x1F1, 0x1F3, 0x155 },
    { 0x1FA, 0x1FF, 0x158 },
    { 0x218, 0x21B, 0x15E },
    { 0x21E, 0x21F, 0x162 },
    { 0x300, 0x304, 0x164 },
    { 0x306, 0x30C, 0x169 },
    { 0x31B, 0x31B, 0x170 },
    { 0x323, 0x323, 0x171 },
    { 0x326, 0x328, 0x172 },
    { 0x1EA0, 0x1EF9, 0x175 },
    { 0x2010, 0x2010, 0x1CF },
    { 0x2013, 0x2014, 0x1D0 },
    { 0x2018, 0x201A, 0x1D2 },
    { 0x201C, 0x201E, 0x1D5 },
    { 0x2020, 0x2022, 0x1D8 },
    { 0x2026, 0x2026, 0x1DB },
    { 0x2030, 0x2030, 0x1DC },
    { 0x2039, 0x203A, 0x1DD },
    { 0x2044, 0x2044, 0x1DF },
    { 0x2074, 0x2074, 0x1E0 },
    { 0x20AB, 0x20AC, 0x1E1 },
    { 0x2202, 0x2202, 0x1E3 },
    { 0x220F, 0x220F, 0x1E4 },
    { 0x2211, 0x2212, 0x1E5 },
    { 0x2215, 0x2215, 0x1E7 },
    { 0x2219, 0x221A, 0x1E8 },
    { 0x221E, 0x221E, 0x1EA },
    { 0x222B, 0x222B, 0x1EB },
    { 0x2248, 0x2248, 0x1EC },
    { 0x2260, 0x2260, 0x1ED },
    { 0x2264, 0x2265, 0x1EE },
    { 0xFB00, 0xFB04, 0x1F0 },
    { 0xFFFD, 0xFFFD, 0x1F5 },
};

static const EpdFontGroup lexica_15_boldGroups[] = {
    { 0, 3134, 7821, 96, 0 },
    { 3134, 3047, 9422, 96, 96 },
    { 6181, 3935, 14734, 128, 192 },
    { 10116, 1960, 5578, 36, 320 },
    { 12076, 188, 237, 17, 356 },
    { 12264, 2893, 13068, 90, 373 },
    { 15157, 372, 880, 17, 463 },
    { 15529, 37, 36, 1, 480 },
    { 15566, 143, 261, 2, 481 },
    { 15709, 440, 1056, 13, 483 },
    { 16149, 228, 772, 5, 496 },
    { 16377, 71, 88, 1, 501 },
};

static const EpdKernClassEntry lexica_15_boldKernLeftClasses[] = {
    { 0x0028, 1 }, // (
    { 0x002C, 2 }, // ,
    { 0x002D, 3 }, // -
    { 0x002E, 2 }, // .
    { 0x002F, 4 }, // /
    { 0x0031, 5 }, // 1
    { 0x0032, 6 }, // 2
    { 0x0034, 7 }, // 4
    { 0x0035, 8 }, // 5
    { 0x0036, 9 }, // 6
    { 0x0037, 10 }, // 7
    { 0x0038, 11 }, // 8
    { 0x0039, 12 }, // 9
    { 0x0041, 13 }, // A
    { 0x0042, 14 }, // B
    { 0x0043, 15 }, // C
    { 0x0044, 16 }, // D
    { 0x0045, 17 }, // E
    { 0x0046, 18 }, // F
    { 0x0047, 19 }, // G
    { 0x0049, 20 }, // I
    { 0x004A, 21 }, // J
    { 0x004B, 22 }, // K
    { 0x004C, 23 }, // L
    { 0x004F, 16 }, // O
    { 0x0050, 24 }, // P
    { 0x0051, 25 }, // Q
    { 0x0052, 26 }, // R
    { 0x0053, 27 }, // S
    { 0x0054, 28 }, // T
    { 0x0055, 29 }, // U
    { 0x0056, 30 }, // V
    { 0x0057, 31 }, // W
    { 0x0058, 32 }, // X
    { 0x0059, 33 }, // Y
    { 0x005A, 34 }, // Z
    { 0x0061, 35 }, // a
    { 0x0062, 36 }, // b
    { 0x0063, 37 }, // c
    { 0x0064, 38 }, // d
    { 0x0065, 39 }, // e
    { 0x0066, 40 }, // f
    { 0x0067, 41 }, // g
    { 0x0068, 42 }, // h
    { 0x006A, 43 }, // j
    { 0x006B, 44 }, // k
    { 0x006C, 45 }, // l
    { 0x006D, 42 }, // m
    { 0x006E, 42 }, // n
    { 0x006F, 36 }, // o
    { 0x0070, 36 }, // p
    { 0x0071, 46 }, // q
    { 0x0072, 47 }, // r
    { 0x0073, 48 }, // s
    { 0x0074, 49 }, // t
    { 0x0075, 50 }, // u
    { 0x0076, 51 }, // v
    { 0x0077, 52 }, // w
    { 0x0078, 53 }, // x
    { 0x0079, 51 }, // y
    { 0x007A, 54 }, // z
    { 0x00C0, 13 }, // U+00C0
    { 0x00C1, 13 }, // U+00C1
    { 0x00C2, 13 }, // U+00C2
    { 0x00C3, 13 }, // U+00C3
    { 0x00C4, 13 }, // U+00C4
    { 0x00C5, 13 }, // U+00C5
    { 0x00C6, 17 }, // U+00C6
    { 0x00C7, 15 }, // U+00C7
    { 0x00C8, 17 }, // U+00C8
    { 0x00C9, 17 }, // U+00C9
    { 0x00CA, 17 }, // U+00CA
    { 0x00CB, 17 }, // U+00CB
    { 0x00CC, 20 }, // U+00CC
    { 0x00CD, 20 }, // U+00CD
    { 0x00CE, 20 }, // U+00CE
    { 0x00CF, 20 }, // U+00CF
    { 0x00D0, 16 }, // U+00D0
    { 0x00D2, 16 }, // U+00D2
    { 0x00D3, 16 }, // U+00D3
    { 0x00D4, 16 }, // U+00D4
    { 0x00D5, 16 }, // U+00D5
    { 0x00D6, 16 }, // U+00D6
    { 0x00D8, 16 }, // U+00D8
    { 0x00D9, 29 }, // U+00D9
    { 0x00DA, 29 }, // U+00DA
    { 0x00DB, 29 }, // U+00DB
    { 0x00DC, 29 }, // U+00DC
    { 0x00DD, 33 }, // U+00DD
    { 0x00E0, 42 }, // U+00E0
    { 0x00E1, 42 }, // U+00E1
    { 0x00E2, 42 }, // U+00E2
    { 0x00E3, 42 }, // U+00E3
    { 0x00E4, 42 }, // U+00E4
    { 0x00E5, 42 }, // U+00E5
    { 0x00E6, 39 }, // U+00E6
    { 0x00E7, 37 }, // U+00E7
    { 0x00E8, 39 }, // U+00E8
    { 0x00E9, 39 }, // U+00E9
    { 0x00EA, 39 }, // U+00EA
    { 0x00EB, 39 }, // U+00EB
    { 0x00F0, 16 }, // U+00F0
    { 0x00F1, 42 }, // U+00F1
    { 0x00F2, 36 }, // U+00F2
    { 0x00F3, 36 }, // U+00F3
    { 0x00F4, 36 }, // U+00F4
    { 0x00F5, 36 }, // U+00F5
    { 0x00F6, 36 }, // U+00F6
    { 0x00F8, 36 }, // U+00F8
    { 0x00F9, 50 }, // U+00F9
    { 0x00FA, 50 }, // U+00FA
    { 0x00FB, 50 }, // U+00FB
    { 0x00FC, 50 }, // U+00FC
    { 0x00FD, 51 }, // U+00FD
    { 0x00FE, 36 }, // U+00FE
    { 0x00FF, 51 }, // U+00FF
    { 0x0100, 13 }, // U+0100
    { 0x0101, 42 }, // U+0101
    { 0x0102, 13 }, // U+0102
    { 0x0103, 42 }, // U+0103
    { 0x0104, 13 }, // U+0104
    { 0x0105, 55 }, // U+0105
    { 0x0106, 15 }, // U+0106
    { 0x0107, 37 }, // U+0107
    { 0x0108, 15 }, // U+0108
    { 0x0109, 37 }, // U+0109
    { 0x010A, 15 }, // U+010A
    { 0x010B, 37 }, // U+010B
    { 0x010C, 15 }, // U+010C
    { 0x010D, 37 }, // U+010D
    { 0x010E, 16 }, // U+010E
    { 0x010F, 56 }, // U+010F
    { 0x0111, 40 }, // U+0111
    { 0x0112, 17 }, // U+0112
    { 0x0113, 39 }, // U+0113
    { 0x0114, 17 }, // U+0114
    { 0x0115, 39 }, // U+0115
    { 0x0116, 17 }, // U+0116
    { 0x0117, 39 }, // U+0117
    { 0x0118, 17 }, // U+0118
    { 0x0119, 39 }, // U+0119
    { 0x011A, 17 }, // U+011A
    { 0x011B, 39 }, // U+011B
    { 0x011C, 19 }, // U+011C
    { 0x011D, 41 }, // U+011D
    { 0x011E, 19 }, // U+011E
    { 0x011F, 41 }, // U+011F
    { 0x0120, 19 }, // U+0120
    { 0x0121, 41 }, // U+0121
    { 0x0122, 19 }, // U+0122
    { 0x0123, 41 }, // U+0123
    { 0x0125, 42 }, // U+0125
    { 0x0127, 42 }, // U+0127
    { 0x0128, 20 }, // U+0128
    { 0x012A, 20 }, // U+012A
    { 0x012C, 20 }, // U+012C
    { 0x012E, 20 }, // U+012E
    { 0x0130, 20 }, // U+0130
    { 0x0132, 21 }, // U+0132
    { 0x0133, 43 }, // U+0133
    { 0x0134, 21 }, // U+0134
    { 0x0135, 43 }, // U+0135
    { 0x0136, 22 }, // U+0136
    { 0x0137, 44 }, // U+0137
    { 0x0138, 44 }, // U+0138
    { 0x0139, 23 }, // U+0139
    { 0x013A, 57 }, // U+013A
    { 0x013B, 23 }, // U+013B
    { 0x013C, 57 }, // U+013C
    { 0x013E, 56 }, // U+013E
    { 0x013F, 23 }, // U+013F
    { 0x0141, 23 }, // U+0141
    { 0x0142, 57 }, // U+0142
    { 0x0144, 42 }, // U+0144
    { 0x0146, 42 }, // U+0146
    { 0x0148, 42 }, // U+0148
    { 0x0149, 42 }, // U+0149
    { 0x014B, 42 }, // U+014B
    { 0x014C, 16 }, // U+014C
    { 0x014D, 36 }, // U+014D
    { 0x014E, 16 }, // U+014E
    { 0x014F, 36 }, // U+014F
    { 0x0150, 16 }, // U+0150
    { 0x0151, 36 }, // U+0151
    { 0x0152, 17 }, // U+0152
    { 0x0153, 39 }, // U+0153
    { 0x0154, 26 }, // U+0154
    { 0x0155, 47 }, // U+0155
    { 0x0156, 26 }, // U+0156
    { 0x0157, 47 }, // U+0157
    { 0x0158, 26 }, // U+0158
    { 0x0159, 47 }, // U+0159
    { 0x015A, 27 }, // U+015A
    { 0x015B, 48 }, // U+015B
    { 0x015C, 27 }, // U+015C
    { 0x015D, 48 }, // U+015D
    { 0x015E, 27 }, // U+015E
    { 0x015F, 48 }, // U+015F
    { 0x0160, 27 }, // U+0160
    { 0x0161, 48 }, // U+0161
    { 0x0162, 28 }, // U+0162
    { 0x0163, 49 }, // U+0163
    { 0x0164, 28 }, // U+0164
    { 0x0165, 56 }, // U+0165
    { 0x0166, 28 }, // U+0166
    { 0x0167, 49 }, // U+0167
    { 0x0168, 29 }, // U+0168
    { 0x0169, 50 }, // U+0169
    { 0x016A, 29 }, // U+016A
    { 0x016B, 50 }, // U+016B
    { 0x016C, 29 }, // U+016C
    { 0x016D, 50 }, // U+016D
    { 0x016E, 29 }, // U+016E
    { 0x016F, 50 }, // U+016F
    { 0x0170, 29 }, // U+0170
    { 0x0171, 50 }, // U+0171
    { 0x0172, 29 }, // U+0172
    { 0x0173, 50 }, // U+0173
    { 0x0176, 33 }, // U+0176
    { 0x0177, 51 }, // U+0177
    { 0x0178, 33 }, // U+0178
    { 0x0179, 34 }, // U+0179
    { 0x017A, 54 }, // U+017A
    { 0x017B, 34 }, // U+017B
    { 0x017C, 54 }, // U+017C
    { 0x017D, 34 }, // U+017D
    { 0x017E, 54 }, // U+017E
    { 0x017F, 40 }, // U+017F
    { 0x01A0, 58 }, // U+01A0
    { 0x01A1, 59 }, // U+01A1
    { 0x01AF, 60 }, // U+01AF
    { 0x01B0, 61 }, // U+01B0
    { 0x01C4, 34 }, // U+01C4
    { 0x01C5, 54 }, // U+01C5
    { 0x01C6, 54 }, // U+01C6
    { 0x01C7, 21 }, // U+01C7
    { 0x01C8, 43 }, // U+01C8
    { 0x01C9, 43 }, // U+01C9
    { 0x01CA, 21 }, // U+01CA
    { 0x01CB, 43 }, // U+01CB
    { 0x01CC, 43 }, // U+01CC
    { 0x01CD, 13 }, // U+01CD
    { 0x01CE, 42 }, // U+01CE
    { 0x01D3, 29 }, // U+01D3
    { 0x01D4, 50 }, // U+01D4
    { 0x01E6, 19 }, // U+01E6
    { 0x01E7, 41 }, // U+01E7
    { 0x01EA, 16 }, // U+01EA
    { 0x01EB, 36 }, // U+01EB
    { 0x01F1, 34 }, // U+01F1
    { 0x01F2, 54 }, // U+01F2
    { 0x01F3, 54 }, // U+01F3
    { 0x01FB, 42 }, // U+01FB
    { 0x01FC, 17 }, // U+01FC
    { 0x01FD, 39 }, // U+01FD
    { 0x01FE, 16 }, // U+01FE
    { 0x01FF, 36 }, // U+01FF
    { 0x0218, 27 }, // U+0218
    { 0x0219, 48 }, // U+0219
    { 0x021A, 28 }, // U+021A
    { 0x021B, 49 }, // U+021B
    { 0x021F, 42 }, // U+021F
    { 0x1EA0, 13 }, // U+1EA0
    { 0x1EA1, 42 }, // U+1EA1
    { 0x1EA2, 13 }, // U+1EA2
    { 0x1EA3, 42 }, // U+1EA3
    { 0x1EA4, 13 }, // U+1EA4
    { 0x1EA5, 42 }, // U+1EA5
    { 0x1EA6, 13 }, // U+1EA6
    { 0x1EA7, 42 }, // U+1EA7
    { 0x1EA8, 13 }, // U+1EA8
    { 0x1EA9, 42 }, // U+1EA9
    { 0x1EAA, 13 }, // U+1EAA
    { 0x1EAB, 42 }, // U+1EAB
    { 0x1EAC, 13 }, // U+1EAC
    { 0x1EAD, 42 }, // U+1EAD
    { 0x1EAE, 13 }, // U+1EAE
    { 0x1EAF, 42 }, // U+1EAF
    { 0x1EB0, 13 }, // U+1EB0
    { 0x1EB1, 42 }, // U+1EB1
    { 0x1EB2, 13 }, // U+1EB2
    { 0x1EB3, 42 }, // U+1EB3
    { 0x1EB4, 13 }, // U+1EB4
    { 0x1EB5, 42 }, // U+1EB5
    { 0x1EB6, 13 }, // U+1EB6
    { 0x1EB7, 42 }, // U+1EB7
    { 0x1EB8, 17 }, // U+1EB8
    { 0x1EB9, 39 }, // U+1EB9
    { 0x1EBA, 17 }, // U+1EBA
    { 0x1EBB, 39 }, // U+1EBB
    { 0x1EBC, 17 }, // U+1EBC
    { 0x1EBD, 39 }, // U+1EBD
    { 0x1EBE, 17 }, // U+1EBE
    { 0x1EC0, 17 }, // U+1EC0
    { 0x1EC2, 17 }, // U+1EC2
    { 0x1EC4, 17 }, // U+1EC4
    { 0x1EC6, 17 }, // U+1EC6
    { 0x1EC7, 39 }, // U+1EC7
    { 0x1EC8, 20 }, // U+1EC8
    { 0x1ECA, 20 }, // U+1ECA
    { 0x1ECC, 16 }, // U+1ECC
    { 0x1ECD, 36 }, // U+1ECD
    { 0x1ECE, 16 }, // U+1ECE
    { 0x1ECF, 36 }, // U+1ECF
    { 0x1ED0, 16 }, // U+1ED0
    { 0x1ED2, 16 }, // U+1ED2
    { 0x1ED4, 16 }, // U+1ED4
    { 0x1ED6, 16 }, // U+1ED6
    { 0x1ED7, 36 }, // U+1ED7
    { 0x1ED8, 16 }, // U+1ED8
    { 0x1ED9, 36 }, // U+1ED9
    { 0x1EDA, 58 }, // U+1EDA
    { 0x1EDB, 59 }, // U+1EDB
    { 0x1EDC, 58 }, // U+1EDC
    { 0x1EDD, 59 }, // U+1EDD
    { 0x1EDE, 58 }, // U+1EDE
    { 0x1EDF, 59 }, // U+1EDF
    { 0x1EE0, 58 }, // U+1EE0
    { 0x1EE1, 59 }, // U+1EE1
    { 0x1EE2, 58 }, // U+1EE2
    { 0x1EE3, 59 }, // U+1EE3
    { 0x1EE8, 60 }, // U+1EE8
    { 0x1EE9, 61 }, // U+1EE9
    { 0x1EEA, 60 }, // U+1EEA
    { 0x1EEB, 61 }, // U+1EEB
    { 0x1EEC, 60 }, // U+1EEC
    { 0x1EED, 61 }, // U+1EED
    { 0x1EEE, 60 }, // U+1EEE
    { 0x1EEF, 61 }, // U+1EEF
    { 0x1EF0, 60 }, // U+1EF0
    { 0x1EF1, 61 }, // U+1EF1
    { 0x1EF2, 33 }, // U+1EF2
    { 0x1EF3, 51 }, // U+1EF3
    { 0x1EF4, 33 }, // U+1EF4
    { 0x1EF5, 51 }, // U+1EF5
    { 0x1EF6, 33 }, // U+1EF6
    { 0x1EF7, 51 }, // U+1EF7
    { 0x1EF8, 33 }, // U+1EF8
    { 0x1EF9, 51 }, // U+1EF9
    { 0x2013, 3 }, // U+2013
    { 0x2014, 3 }, // U+2014
    { 0x2019, 62 }, // U+2019
    { 0x201A, 2 }, // U+201A
    { 0x201D, 62 }, // U+201D
    { 0x201E, 2 }, // U+201E
    { 0x2026, 2 }, // U+2026
    { 0x20AB, 40 }, // U+20AB
    { 0xFB00, 40 }, // U+FB00
    { 0xFB02, 57 }, // U+FB02
    { 0xFB04, 57 }, // U+FB04
};

static const EpdKernClassEntry lexica_15_boldKernRightClasses[] = {
    { 0x0025, 1 }, // %
    { 0x0029, 2 }, // )
    { 0x002C, 3 }, // ,
    { 0x002D, 4 }, // -
    { 0x002E, 3 }, // .
    { 0x002F, 5 }, // /
    { 0x0031, 6 }, // 1
    { 0x0032, 7 }, // 2
    { 0x0034, 8 }, // 4
    { 0x0037, 9 }, // 7
    { 0x0038, 10 }, // 8
    { 0x0039, 11 }, // 9
    { 0x0041, 12 }, // A
    { 0x0043, 13 }, // C
    { 0x0047, 13 }, // G
    { 0x0049, 14 }, // I
    { 0x004A, 15 }, // J
    { 0x004F, 13 }, // O
    { 0x0051, 13 }, // Q
    { 0x0053, 16 }, // S
    { 0x0054, 17 }, // T
    { 0x0055, 18 }, // U
    { 0x0056, 19 }, // V
    { 0x0057, 20 }, // W
    { 0x0058, 21 }, // X
    { 0x0059, 22 }, // Y
    { 0x005A, 23 }, // Z
    { 0x0061, 24 }, // a
    { 0x0063, 25 }, // c
    { 0x0064, 25 }, // d
    { 0x0065, 25 }, // e
    { 0x0066, 26 }, // f
    { 0x0067, 27 }, // g
    { 0x0068, 28 }, // h
    { 0x0069, 29 }, // i
    { 0x006A, 30 }, // j
    { 0x006B, 28 }, // k
    { 0x006C, 31 }, // l
    { 0x006D, 32 }, // m
    { 0x006E, 32 }, // n
    { 0x006F, 25 }, // o
    { 0x0070, 33 }, // p
    { 0x0071, 25 }, // q
    { 0x0072, 32 }, // r
    { 0x0073, 34 }, // s
    { 0x0074, 35 }, // t
    { 0x0075, 36 }, // u
    { 0x0076, 37 }, // v
    { 0x0077, 38 }, // w
    { 0x0078, 39 }, // x
    { 0x0079, 37 }, // y
    { 0x007A, 40 }, // z
    { 0x00B0, 41 }, // U+00B0
    { 0x00C0, 12 }, // U+00C0
    { 0x00C1, 12 }, // U+00C1
    { 0x00C2, 12 }, // U+00C2
    { 0x00C3, 12 }, // U+00C3
    { 0x00C4, 12 }, // U+00C4
    { 0x00C5, 12 }, // U+00C5
    { 0x00C6, 42 }, // U+00C6
    { 0x00C7, 13 }, // U+00C7
    { 0x00CC, 14 }, // U+00CC
    { 0x00CD, 14 }, // U+00CD
    { 0x00CE, 14 }, // U+00CE
    { 0x00CF, 14 }, // U+00CF
    { 0x00D2, 13 }, // U+00D2
    { 0x00D3, 13 }, // U+00D3
    { 0x00D4, 13 }, // U+00D4
    { 0x00D5, 13 }, // U+00D5
    { 0x00D6, 13 }, // U+00D6
    { 0x00D8, 13 }, // U+00D8
    { 0x00D9, 18 }, // U+00D9
    { 0x00DA, 18 }, // U+00DA
    { 0x00DB, 18 }, // U+00DB
    { 0x00DC, 18 }, // U+00DC
    { 0x00DD, 43 }, // U+00DD
    { 0x00E0, 24 }, // U+00E0
    { 0x00E1, 24 }, // U+00E1
    { 0x00E2, 24 }, // U+00E2
    { 0x00E3, 24 }, // U+00E3
    { 0x00E4, 24 }, // U+00E4
    { 0x00E5, 24 }, // U+00E5
    { 0x00E6, 24 }, // U+00E6
    { 0x00E7, 25 }, // U+00E7
    { 0x00E8, 25 }, // U+00E8
    { 0x00E9, 25 }, // U+00E9
    { 0x00EA, 25 }, // U+00EA
    { 0x00EB, 25 }, // U+00EB
    { 0x00EC, 29 }, // U+00EC
    { 0x00ED, 29 }, // U+00ED
    { 0x00EE, 29 }, // U+00EE
    { 0x00EF, 29 }, // U+00EF
    { 0x00F0, 25 }, // U+00F0
    { 0x00F1, 32 }, // U+00F1
    { 0x00F2, 25 }, // U+00F2
    { 0x00F3, 25 }, // U+00F3
    { 0x00F4, 25 }, // U+00F4
    { 0x00F5, 25 }, // U+00F5
    { 0x00F6, 25 }, // U+00F6
    { 0x00F8, 25 }, // U+00F8
    { 0x00F9, 36 }, // U+00F9
    { 0x00FA, 36 }, // U+00FA
    { 0x00FB, 36 }, // U+00FB
    { 0x00FC, 36 }, // U+00FC
    { 0x00FD, 37 }, // U+00FD
    { 0x00FF, 37 }, // U+00FF
    { 0x0100, 12 }, // U+0100
    { 0x0101, 24 }, // U+0101
    { 0x0102, 12 }, // U+0102
    { 0x0103, 24 }, // U+0103
    { 0x0104, 12 }, // U+0104
    { 0x0105, 24 }, // U+0105
    { 0x0106, 13 }, // U+0106
    { 0x0107, 25 }, // U+0107
    { 0x0108, 13 }, // U+0108
    { 0x0109, 25 }, // U+0109
    { 0x010A, 13 }, // U+010A
    { 0x010B, 25 }, // U+010B
    { 0x010C, 13 }, // U+010C
    { 0x010D, 25 }, // U+010D
    { 0x010F, 25 }, // U+010F
    { 0x0111, 25 }, // U+0111
    { 0x0113, 25 }, // U+0113
    { 0x0115, 25 }, // U+0115
    { 0x0117, 25 }, // U+0117
    { 0x0119, 25 }, // U+0119
    { 0x011B, 25 }, // U+011B
    { 0x011C, 13 }, // U+011C
    { 0x011D, 27 }, // U+011D
    { 0x011E, 13 }, // U+011E
    { 0x011F, 27 }, // U+011F
    { 0x0120, 13 }, // U+0120
    { 0x0121, 27 }, // U+0121
    { 0x0122, 13 }, // U+0122
    { 0x0123, 27 }, // U+0123
    { 0x0125, 28 }, // U+0125
    { 0x0127, 28 }, // U+0127
    { 0x0128, 14 }, // U+0128
    { 0x0129, 29 }, // U+0129
    { 0x012A, 14 }, // U+012A
    { 0x012B, 29 }, // U+012B
    { 0x012C, 14 }, // U+012C
    { 0x012D, 29 }, // U+012D
    { 0x012E, 14 }, // U+012E
    { 0x012F, 29 }, // U+012F
    { 0x0130, 14 }, // U+0130
    { 0x0131, 29 }, // U+0131
    { 0x0132, 14 }, // U+0132
    { 0x0133, 29 }, // U+0133
    { 0x0134, 15 }, // U+0134
    { 0x0135, 44 }, // U+0135
    { 0x0137, 28 }, // U+0137
    { 0x0138, 28 }, // U+0138
    { 0x013A, 31 }, // U+013A
    { 0x013C, 31 }, // U+013C
    { 0x013E, 31 }, // U+013E
    { 0x0140, 31 }, // U+0140
    { 0x0142, 31 }, // U+0142
    { 0x0144, 32 }, // U+0144
    { 0x0146, 32 }, // U+0146
    { 0x0148, 32 }, // U+0148
    { 0x014B, 32 }, // U+014B
    { 0x014C, 13 }, // U+014C
    { 0x014D, 25 }, // U+014D
    { 0x014E, 13 }, // U+014E
    { 0x014F, 25 }, // U+014F
    { 0x0150, 13 }, // U+0150
    { 0x0151, 25 }, // U+0151
    { 0x0152, 13 }, // U+0152
    { 0x0153, 25 }, // U+0153
    { 0x0155, 32 }, // U+0155
    { 0x0157, 32 }, // U+0157
    { 0x0159, 32 }, // U+0159
    { 0x015A, 16 }, // U+015A
    { 0x015B, 34 }, // U+015B
    { 0x015C, 16 }, // U+015C
    { 0x015D, 34 }, // U+015D
    { 0x015E, 16 }, // U+015E
    { 0x015F, 34 }, // U+015F
    { 0x0160, 16 }, // U+0160
    { 0x0161, 34 }, // U+0161
    { 0x0162, 45 }, // U+0162
    { 0x0163, 35 }, // U+0163
    { 0x0164, 45 }, // U+0164
    { 0x0165, 35 }, // U+0165
    { 0x0166, 45 }, // U+0166
    { 0x0167, 35 }, // U+0167
    { 0x0168, 18 }, // U+0168
    { 0x0169, 36 }, // U+0169
    { 0x016A, 18 }, // U+016A
    { 0x016B, 36 }, // U+016B
    { 0x016C, 18 }, // U+016C
    { 0x016D, 36 }, // U+016D
    { 0x016E, 18 }, // U+016E
    { 0x016F, 36 }, // U+016F
    { 0x0170, 18 }, // U+0170
    { 0x0171, 36 }, // U+0171
    { 0x0172, 18 }, // U+0172
    { 0x0173, 36 }, // U+0173
    { 0x0176, 43 }, // U+0176
    { 0x0177, 37 }, // U+0177
    { 0x0178, 43 }, // U+0178
    { 0x0179, 23 }, // U+0179
    { 0x017A, 40 }, // U+017A
    { 0x017B, 23 }, // U+017B
    { 0x017C, 40 }, // U+017C
    { 0x017D, 23 }, // U+017D
    { 0x017E, 40 }, // U+017E
    { 0x017F, 26 }, // U+017F
    { 0x01A0, 13 }, // U+01A0
    { 0x01A1, 25 }, // U+01A1
    { 0x01C9, 31 }, // U+01C9
    { 0x01CC, 32 }, // U+01CC
    { 0x01CD, 12 }, // U+01CD
    { 0x01CE, 24 }, // U+01CE
    { 0x01D3, 18 }, // U+01D3
    { 0x01D4, 36 }, // U+01D4
    { 0x01E6, 13 }, // U+01E6
    { 0x01E7, 27 }, // U+01E7
    { 0x01EA, 13 }, // U+01EA
    { 0x01EB, 25 }, // U+01EB
    { 0x01FA, 12 }, // U+01FA
    { 0x01FB, 24 }, // U+01FB
    { 0x01FC, 42 }, // U+01FC
    { 0x01FD, 24 }, // U+01FD
    { 0x01FE, 13 }, // U+01FE
    { 0x01FF, 25 }, // U+01FF
    { 0x0218, 16 }, // U+0218
    { 0x0219, 34 }, // U+0219
    { 0x021A, 45 }, // U+021A
    { 0x021B, 35 }, // U+021B
    { 0x021F, 28 }, // U+021F
    { 0x1EA0, 12 }, // U+1EA0
    { 0x1EA1, 24 }, // U+1EA1
    { 0x1EA2, 12 }, // U+1EA2
    { 0x1EA3, 24 }, // U+1EA3
    { 0x1EA4, 12 }, // U+1EA4
    { 0x1EA5, 24 }, // U+1EA5
    { 0x1EA6, 12 }, // U+1EA6
    { 0x1EA7, 24 }, // U+1EA7
    { 0x1EA8, 12 }, // U+1EA8
    { 0x1EA9, 24 }, // U+1EA9
    { 0x1EAA, 12 }, // U+1EAA
    { 0x1EAB, 24 }, // U+1EAB
    { 0x1EAC, 12 }, // U+1EAC
    { 0x1EAD, 24 }, // U+1EAD
    { 0x1EAE, 12 }, // U+1EAE
    { 0x1EAF, 24 }, // U+1EAF
    { 0x1EB0, 12 }, // U+1EB0
    { 0x1EB1, 24 }, // U+1EB1
    { 0x1EB2, 12 }, // U+1EB2
    { 0x1EB3, 24 }, // U+1EB3
    { 0x1EB4, 12 }, // U+1EB4
    { 0x1EB5, 24 }, // U+1EB5
    { 0x1EB6, 12 }, // U+1EB6
    { 0x1EB7, 24 }, // U+1EB7
    { 0x1EB9, 25 }, // U+1EB9
    { 0x1EBB, 25 }, // U+1EBB
    { 0x1EBD, 25 }, // U+1EBD
    { 0x1EBF, 25 }, // U+1EBF
    { 0x1EC1, 25 }, // U+1EC1
    { 0x1EC3, 25 }, // U+1EC3
    { 0x1EC5, 25 }, // U+1EC5
    { 0x1EC7, 25 }, // U+1EC7
    { 0x1EC8, 14 }, // U+1EC8
    { 0x1EC9, 29 }, // U+1EC9
    { 0x1ECA, 14 }, // U+1ECA
    { 0x1ECB, 29 }, // U+1ECB
    { 0x1ECC, 13 }, // U+1ECC
    { 0x1ECD, 25 }, // U+1ECD
    { 0x1ECE, 13 }, // U+1ECE
    { 0x1ECF, 25 }, // U+1ECF
    { 0x1ED0, 13 }, // U+1ED0
    { 0x1ED1, 25 }, // U+1ED1
    { 0x1ED2, 13 }, // U+1ED2
    { 0x1ED3, 25 }, // U+1ED3
    { 0x1ED4, 13 }, // U+1ED4
    { 0x1ED5, 25 }, // U+1ED5
    { 0x1ED6, 13 }, // U+1ED6
    { 0x1ED7, 25 }, // U+1ED7
    { 0x1ED8, 13 }, // U+1ED8
    { 0x1ED9, 25 }, // U+1ED9
    { 0x1EDA, 13 }, // U+1EDA
    { 0x1EDB, 25 }, // U+1EDB
    { 0x1EDC, 13 }, // U+1EDC
    { 0x1EDD, 25 }, // U+1EDD
    { 0x1EDE, 13 }, // U+1EDE
    { 0x1EDF, 25 }, // U+1EDF
    { 0x1EE0, 13 }, // U+1EE0
    { 0x1EE1, 25 }, // U+1EE1
    { 0x1EE2, 13 }, // U+1EE2
    { 0x1EE3, 25 }, // U+1EE3
    { 0x1EE4, 18 }, // U+1EE4
    { 0x1EE5, 36 }, // U+1EE5
    { 0x1EE6, 18 }, // U+1EE6
    { 0x1EE7, 36 }, // U+1EE7
    { 0x1EE8, 18 }, // U+1EE8
    { 0x1EE9, 36 }, // U+1EE9
    { 0x1EEA, 18 }, // U+1EEA
    { 0x1EEB, 36 }, // U+1EEB
    { 0x1EEC, 18 }, // U+1EEC
    { 0x1EED, 36 }, // U+1EED
    { 0x1EEE, 18 }, // U+1EEE
    { 0x1EEF, 36 }, // U+1EEF
    { 0x1EF0, 18 }, // U+1EF0
    { 0x1EF1, 36 }, // U+1EF1
    { 0x1EF2, 43 }, // U+1EF2
    { 0x1EF3, 37 }, // U+1EF3
    { 0x1EF4, 43 }, // U+1EF4
    { 0x1EF5, 37 }, // U+1EF5
    { 0x1EF6, 43 }, // U+1EF6
    { 0x1EF7, 37 }, // U+1EF7
    { 0x1EF8, 43 }, // U+1EF8
    { 0x1EF9, 37 }, // U+1EF9
    { 0x2013, 4 }, // U+2013
    { 0x2014, 4 }, // U+2014
    { 0x2019, 46 }, // U+2019
    { 0x201A, 3 }, // U+201A
    { 0x201D, 46 }, // U+201D
    { 0x201E, 3 }, // U+201E
    { 0x2026, 3 }, // U+2026
    { 0x2030, 1 }, // U+2030
    { 0x20AB, 25 }, // U+20AB
    { 0x2202, 25 }, // U+2202
    { 0xFB00, 26 }, // U+FB00
    { 0xFB01, 26 }, // U+FB01
    { 0xFB02, 26 }, // U+FB02
    { 0xFB03, 26 }, // U+FB03
    { 0xFB04, 26 }, // U+FB04
};

static const int8_t lexica_15_boldKernMatrix[] = {
       0,    0,    0,    0,    0,    0,    0,    0,   16,    0,    0,    0,    0,    0,    0,    0,    0,    0,    0,    0,    0,    0,    0,    0,    0,    0,    0,    0,    0,    0,    0,    0,    0,    0,    0,    0,    0,    0,    0,    0,    0,    0,    0,    0,    0,    0,
       0,    0,    0,    0,    0,    0,    0,    0,    0,    0,    0,    0,    0,    0,    0,    0,    0,    0,    0,    0,    0,    0,    0,    0,    0,    0,  -10,    0,    0,    0,    0,    0,    0,    0,    0,    0,    0,    0,    0,    0,    0,    0,    0,    0,    0,    0,
       0,    0,    0,    0,    0,  -24,  -16,   16,  -28,    0,    0,    0,    0,    0,    0,    0,    0,    0,    0,    0,    0,    0,    0,    0,    0,    0,    0,    0,    0,    0,    0,    0,    0,    0,    0,    0,    0,    0,    0,    0,    0,    0,    0,    0,    0,    0,
       0,    0,    0,    0,  -68,    0,    0,    0,    0,    0,    0,    0,    0,    0,    0,    0,    0,    0,    0,    0,    0,    0,    0,    0,    0,    0,    0,    0,    0,    0,    0,    0,    0,    0,    0,    0,    0,    0,    0,    0,    0,    0,    0,    0,    0,    0,
       0,    8,    0,    0,    0,    0,    0,    0,    0,    0,    0,    0,    0,    0,    0,    0,    0,    0,    0,    0,    0,    0,    0,    0,    0,    0,    0,    0,    0,    0,    0,    0,    0,    0,    0,    0,    0,    0,    0,    0,    0,    0,    0,    0,    0,    0,
       0,    0,    0,    0,    0,    0,    0,   -4,    0,    0,    0,    0,    0,    0,    0,    0,    0,    0,    0,    0,    0,    0,    0,    0,    0,    0,    0,    0,    0,    0,    0,    0,    0,    0,    0,    0,    0,    0,    0,    0,    0,    0,    0,    0,    0,    0,
       0,    0,    0,    0,    0,    0,    0,   10,    0,    0,  -11,    0,    0,    0,    0,    0,    0,    0,    0,    0,    0,    0,    0,    0,    0,    0,    0,    0,    0,    0,    0,    0,    0,    0,    0,    0,    0,    0,    0,    0,  -38,    0,    0,    0,    0,    0,
       0,    0,    0,    0,    0,    0,    0,    0,    0,    0,  -14,    0,    0,    0,    0,    0,    0,    0,    0,    0,    0,    0,    0,    0,    0,    0,    0,    0,    0,    0,    0,    0,    0,    0,    0,    0,    0,    0,    0,    0,    0,    0,    0,    0,    0,    0,
       0,    0,    0,    0,    0,  -12,  -10,    0,    0,    0,    0,    0,    0,    0,    0,    0,    0,    0,    0,    0,    0,    0,    0,    0,    0,    0,    0,    0,    0,    0,    0,    0,    0,    0,    0,    0,    0,    0,    0,    0,    0,    0,    0,    0,    0,    0,
      16,    0,    0,  -28,    0,    0,    0,  -18,   18,  -24,    0,    0,    0,    0,    0,    0,    0,    0,    0,    0,    0,    0,    0,    0,    0,    0,    0,    0,    0,    0,    0,    0,    0,    0,    0,    0,    0,    0,    0,    0,    0,    0,    0,    0,    0,    0,
     -12,    0,    0,    0,    0,  -14,    0,    0,  -10,    0,  -12,    0,    0,    0,    0,    0,    0,    0,    0,    0,    0,    0,    0,    0,    0,    0,    0,    0,    0,    0,    0,    0,    0,    0,    0,    0,    0,    0,    0,    0,  -14,    0,    0,    0,    0,    0,
       0,    0,    0,    0,    0,    0,    0,  -12,  -10,  -12,    0,    0,    0,    0,    0,    0,    0,    0,    0,    0,    0,    0,    0,    0,    0,    0,    0,    0,    0,    0,    0,    0,    0,    0,    0,    0,    0,    0,    0,    0,    0,    0,    0,    0,    0,    0,
       0,    0,    0,    0,    0,    0,    0,    0,    0,    0,    0,   10,  -18,    0,    0,    0,  -33,  -14,  -34,  -24,    0,  -33,    0,    0,    0,    0,    0,    0,    0,    0,  -10,    0,    0,    0,  -14,  -12,  -20,  -22,   10,    0,    0,    0,  -33,    0,  -33,    0,
       0,    0,    0,    0,    0,    0,    0,    0,    0,    0,    0,  -10,    0,    0,    0,    0,    0,    0,  -10,    0,  -10,  -14,    0,   -7,    0,    0,    0,    0,    0,    0,    0,    0,    0,    0,    0,    0,    0,    0,    0,    0,    0,  -21,  -14,    0,    0,    0,
       0,    0,    0,    0,    0,    0,    0,    0,    0,    0,    0,    0,  -10,    0,    0,    0,    0,    0,    0,    0,    0,  -12,    0,    0,    0,    0,    0,    0,    0,    0,    0,    0,    0,    0,    0,    0,    0,    0,    0,    0,    0,  -21,  -12,    0,    0,    0,
       0,    0,    0,    0,    0,    0,    0,    0,    0,    0,    0,  -19,    0,  -14,    0,    0,  -19,    0,  -14,  -10,  -10,  -24,  -10,  -14,    0,    0,    0,    0,    0,    0,    0,    0,    0,    0,    0,    0,    0,    0,    0,  -10,    0,  -35,  -24,    0,  -19,    0,
       0,    0,    0,    0,    0,    0,    0,    0,    0,    0,    0,    0,  -10,    0,    0,    0,    0,    0,    8,    9,    0,    0,    0,    0,    0,    0,    0,    0,    0,    0,    0,    0,    0,    0,    0,    0,    0,    0,    0,    0,    0,    0,    0,    0,    0,    0,
       0,    0,    0,    0,    0,    0,    0,    0,    0,    0,    0,  -19,    0,    0,  -16,    0,   12,    0,    0,    0,    0,    0,    0,  -11,    0,    0,    0,    0,    0,    0,    0,    0,    0,    0,    0,    0,    0,    0,    0,    0,    0,  -57,    0,    0,   12,    0,
       0,    0,    0,    0,    0,    0,    0,    0,    0,    0,    0,    0,    0,    0,    0,    0,  -10,    0,  -14,    0,    0,  -24,    0,    0,    0,    0,    0,    0,    0,    0,    0,    0,    0,    0,    0,    0,    0,    0,    0,    0,    0,    0,  -24,    0,  -10,    0,
       0,    0,    0,    0,    0,    0,    0,    0,    0,    0,    0,    0,  -14,    0,    0,    0,    0,    0,    0,    0,    0,    0,    0,    0,    0,  -10,    0,    0,    0,    0,    0,    0,    0,    0,  -14,    0,    0,    0,    0,    0,    0,  -14,    0,    0,    0,    0,
       0,    0,    0,    0,    0,    0,    0,    0,    0,    0,    0,  -14,    0,    0,    0,    0,    0,    0,    0,    0,    0,    0,    0,    0,    0,    0,    0,    0,    0,    0,    0,    0,    0,    0,    0,    0,    0,    0,    0,    0,    0,    0,    0,    0,    0,    0,
       0,    0,    0,    0,    0,    0,    0,    0,    0,    0,    0,    0,  -24,    0,    0,    0,    0,    0,    0,    0,    0,    0,    0,    0,  -10,    0,    0,    0,    0,    0,    0,    0,    0,    0,    0,  -22,  -25,  -25,    0,    0,    0,    0,    0,    0,    0,    0,
       0,    0,    0,    0,    0,    0,    0,    0,    0,    0,    0,   14,  -18,    0,   14,    0,  -52,  -10,  -33,  -19,   14,  -42,    0,    0,    0,    0,    0,    0,  -10,    0,    0,    0,    0,    0,    0,    0,  -19,  -24,   14,    0,    0,    0,  -42,    0,  -52,    0,
       0,    0,    0,    0,    0,    0,    0,    0,    0,    0,    0,  -41,    0,    0,  -34,    0,    0,    0,    0,    0,  -14,  -10,  -10,  -14,    0,    0,    0,    0,    0,    0,    0,    0,    0,  -10,    0,    0,    0,    0,    0,    0,    0,  -74,  -10,    0,    0,    0,
       0,    0,    0,    0,    0,    0,    0,    0,    0,    0,    0,   14,    0,    0,    0,    0,    0,   -3,    0,    0,   10,  -19,    0,    0,    0,    0,    0,    0,    0,    0,    0,    0,    0,    0,    0,    0,    0,    0,   10,   10,    0,    0,  -19,    0,    0,    0,
       0,    0,    0,    0,    0,    0,    0,    0,    0,    0,    0,    9,  -10,    0,    0,    0,    0,    0,    0,    0,    0,   -8,    0,    0,    0,    0,  -10,    0,    0,    0,    0,    0,    0,    0,    0,  -10,    0,    0,    0,    0,    0,    0,   -8,    0,    0,    0,
       0,    0,    0,    0,    0,    0,    0,    0,    0,    0,    0,    0,    0,    0,    0,    0,    0,    0,    0,  -10,    0,   -7,    0,    0,    0,    0,    0,    0,    0,    0,    0,    0,    0,    0,    0,    0,    0,    0,    0,    0,    0,  -14,   -7,    0,    0,    0,
       0,    0,    0,    0,    0,    0,    0,    0,    0,    0,    0,  -33,  -19,    0,  -52,    0,   11,    0,   19,   14,    0,   10,    0,  -28,  -43,   10,  -40,    0,    0,    0,    0,  -33,  -33,  -19,    0,  -30,   -5,  -10,  -10,  -15,    0,  -62,   10,    0,   11,    0,
       0,    0,    0,    0,    0,    0,    0,    0,    0,    0,    0,  -14,    0,    0,    0,    0,    0,    0,    0,    0,    0,    0,    0,    0,    0,    0,    0,    0,    0,    0,    0,    0,    0,    0,    0,    0,    0,    0,    0,    0,    0,  -44,    0,    0,    0,    0,
       0,    0,    0,    0,    0,    0,    0,    0,    0,    0,    0,  -34,  -14,    0,  -19,    0,   19,    0,   10,   10,    0,   10,    0,  -19,  -24,    0,  -18,    0,    0,    0,    0,  -10,  -10,  -10,    0,    0,    0,    0,    0,    0,    0,  -47,   10,    0,   19,    0,
       0,    0,    0,    0,    0,    0,    0,    0,    0,    0,    0,  -24,  -10,    0,  -14,    0,   14,    0,   10,   10,    0,    0,    0,  -14,  -12,    0,  -14,    0,    0,    0,    0,    0,    0,    0,    0,    0,    0,    0,    0,    0,    0,  -44,    0,    0,   14,    0,
       0,    0,    0,    0,    0,    0,    0,    0,    0,    0,    0,    0,  -14,    0,    0,    0,    0,    0,    0,    0,    0,    0,    0,  -10,  -10,    0,  -10,    0,    0,    0,    0,    0,    0,    0,    0,  -14,  -10,    0,    0,    0,    0,    0,    0,    0,    0,    0,
       0,    0,    0,    0,    0,    0,    0,    0,    0,    0,    0,  -33,  -24,    0,  -28,    0,   10,    0,   10,    0,    0,    0,    0,  -38,  -43,    0,  -42,    0,    0,    0,    0,  -22,  -22,  -28,    0,  -19,    0,    0,  -10,  -10,    0,  -81,    0,    0,   10,    0,
       0,    0,    0,    0,    0,    0,    0,    0,    0,    0,    0,    0,  -14,    0,    0,    0,    0,    0,    0,    0,    0,    0,    0,    0,    0,    0,  -14,    0,    0,    0,    0,    0,    0,    0,  -14,    0,    0,    0,    0,    0,    0,    0,    0,    0,    0,    0,
       0,    0,    0,    0,    0,    0,    0,    0,    0,    0,    0,    0,    0,    0,    0,    0,  -28,    0,    0,    0,    0,  -28,    0,    0,    0,    0,    0,    0,    0,    0,    0,    0,    0,    0,    0,    0,    0,    0,    0,    0,    0,    0,    0,    0,    0,    0,
       0,    0,    0,    0,    0,    0,    0,    0,    0,    0,    0,    0,    0,    0,    0,    0,  -43,    0,  -24,  -12,  -10,  -43,    0,    0,    0,    0,    0,    0,    0,    0,    0,    0,    0,    0,    0,    0,    0,    0,    0,    0,    0,  -20,  -43,    0,  -43,    0,
       0,    0,    0,    0,    0,    0,    0,    0,    0,    0,    0,    0,    0,    0,    0,    0,  -48,    0,    0,  -14,    0,  -38,    0,    0,    0,    0,    0,    0,    0,    0,    0,    0,    0,    0,    0,    0,    0,    0,    0,    0,    0,   -6,  -38,    0,  -48,    0,
       0,    0,    0,    0,    0,    0,    0,    0,    0,    0,    0,    0,    0,    0,    0,    0,    0,    0,    0,    0,    0,    0,    0,    0,    0,    0,    0,    0,    0,    8,    0,    0,    0,    0,    0,    0,    0,    0,    0,    0,    0,    0,    0,    0,    0,    0,
       0,    0,    0,    0,    0,    0,    0,    0,    0,    0,    0,    0,    0,    0,    0,    0,  -33,    0,  -19,  -14,  -10,  -38,    0,    0,    0,    0,    0,    0,    0,    0,    0,    0,    0,    0,    0,    0,    0,    0,    0,    0,    0,  -16,  -38,    0,  -33,    0,
       0,    0,    0,    0,    0,    0,    0,    0,    0,    0,    0,    0,    0,    0,    0,    0,   14,    0,    0,   10,    0,    0,    0,  -16,  -10,    0,    0,    0,    0,    0,    0,    0,    0,    0,    0,    0,    0,    0,    0,    0,    0,  -41,    0,    0,   14,    0,
       0,    0,    0,    0,    0,    0,    0,    0,    0,    0,    0,    0,    0,    0,    0,    0,    0,    0,    0,    0,    0,  -24,    0,    0,    0,    0,    0,    0,    0,    0,    0,    0,    0,    0,    0,    0,    0,    0,    0,    0,    0,    0,  -24,    0,    0,    0,
       0,    0,    0,    0,    0,    0,    0,    0,    0,    0,    0,    0,    0,    0,    0,    0,  -34,    0,  -14,  -14,    0,  -33,    0,    0,   -6,    0,   -7,    0,    0,    0,    0,    0,    0,    0,   -6,    0,    0,    0,    0,    0,    0,  -10,  -33,    0,  -34,    0,
       0,    0,    0,    0,    0,    0,    0,    0,    0,    0,    0,    0,    0,    0,    0,    0,    0,    0,    0,    0,    0,    0,    0,    0,    0,    0,    0,    0,    0,   12,    0,    0,    0,    0,    0,    0,    0,    0,    0,    0,    0,    0,    0,   12,    0,    0,
       0,    0,    0,    0,    0,    0,    0,    0,    0,    0,    0,   14,  -10,    0,    0,    0,    0,    0,    0,    0,    0,    0,    0,    0,   -8,    0,    0,    0,    0,    0,    0,    0,    0,    0,   -6,    0,    0,    0,    0,    0,    0,    0,    0,    0,    0,    0,
       0,    0,   17,    0,   14,    0,    0,    0,    0,    0,    0,    0,    0,    0,    0,    0,    0,    0,    0,    0,   10,    0,    0,    0,    0,    0,    0,    0,  -10,    0,    0,    0,    6,    0,    0,    0,    6,    0,    0,    0,    0,    6,    0,    0,    0,    0,
       0,    0,    0,    0,    0,    0,    0,    0,    0,    0,    0,    0,    0,    0,    0,    0,  -24,    0,    0,    0,    0,  -14,    0,    0,    0,    0,    0,    0,    0,    0,    0,    0,    0,    0,    0,    0,    0,    0,    0,    0,    0,    0,  -14,    0,  -24,    0,
       0,    0,    0,    0,    0,    0,    0,    0,    0,    0,    0,    0,    0,    0,  -40,    0,  -11,    0,    0,   14,    0,    0,    0,   -8,    0,   10,    0,    0,    0,    0,    0,    0,    0,    0,    8,    0,   13,   12,   10,    0,    0,  -60,    0,    0,  -11,    0,
       0,    0,    0,    0,    0,    0,    0,    0,    0,    0,    0,    0,    0,    0,   10,    0,  -19,    0,  -10,    0,    0,  -28,    0,    0,    0,    0,    0,    0,    0,    0,    0,    0,    0,    0,    0,    0,    0,    0,    0,    0,    0,   -4,  -28,    0,  -19,    0,
       0,    0,    0,    0,    0,    0,    0,    0,    0,    0,    0,   12,    0,    0,    0,    0,    0,    0,    0,    0,    0,  -14,    0,    0,    0,    0,    0,    0,    0,    0,    0,    0,    0,    0,    0,    0,    0,    0,    0,    0,    0,    0,  -14,    0,    0,    0,
       0,    0,    0,    0,    0,    0,    0,    0,    0,    0,    0,    0,    0,    0,    0,    0,  -30,    0,    0,    0,    0,  -20,    0,    0,    0,    0,    0,    0,    0,    0,    0,    0,    0,    0,    0,    0,    0,    0,    0,    0,    0,  -14,  -20,    0,  -30,    0,
       0,    0,    0,    0,    0,    0,    0,    0,    0,    0,    0,  -28,    0,    0,    0,    0,   -5,    0,    0,    0,  -10,    0,  -10,  -10,    0,   10,    0,    0,    0,    0,    0,    0,    0,   10,    0,    0,    5,    5,    0,    0,    0,  -50,    0,    0,   -5,    0,
       0,    0,    0,    0,    0,    0,    0,    0,    0,    0,    0,    0,    0,    0,    0,    0,  -10,    0,    0,    0,    0,    0,    0,    0,    0,    6,    0,    0,    0,    0,    0,    0,    0,    0,    0,    0,    5,    5,    0,    0,    0,  -50,    0,    0,  -10,    0,
       0,    0,    0,    0,    0,    0,    0,    0,    0,    0,    0,   10,    0,    0,    0,    0,    0,    0,    0,    0,    0,  -10,    0,    0,    0,    0,    0,    0,    0,    0,    0,    0,    0,    0,    0,    0,    0,    0,    0,    0,    0,    0,  -10,    0,    0,    0,
       0,    0,    0,    0,    0,    0,    0,    0,    0,    0,    0,    0,    0,    0,    0,    0,    0,    0,    0,    0,    0,  -10,    0,    0,    0,    0,    0,    0,    0,    0,    0,    0,    0,    0,    0,    0,    0,    0,    0,    0,    0,    0,  -10,    0,    0,    0,
       0,    0,    0,    0,    0,    0,    0,    0,    0,    0,    0,    0,    0,    0,    0,    0,  -34,    0,  -14,  -14,    0,  -33,    0,    0,   -6,    0,   -7,    0,    0,   28,    0,    0,    0,    0,   -6,    0,    0,    0,    0,    0,    0,  -10,  -33,    0,  -34,    0,
       0,    0,   17,    0,    0,    0,    0,    0,    0,    0,    0,    0,   14,   20,    0,   15,   50,   20,   46,   46,   40,   45,   27,    0,    0,   25,    0,   20,   10,   20,   20,   15,   15,    0,   20,    0,   34,   26,   26,   20,    0,    6,   45,   20,   50,   26,
       0,    0,   17,    0,    0,    0,    0,    0,    0,    0,    0,    0,    0,    0,    0,    0,    0,    0,    0,    0,   10,    0,    0,    0,    0,    0,    0,    0,  -10,    0,    0,    0,    0,    0,    0,    0,    6,    0,    0,    0,    0,    6,    0,    0,    0,    0,
       0,    0,  -34,    0,    0,    0,    0,    0,    0,    0,    0,  -14,    0,    0,    0,    0,   20,    0,   14,   14,    6,    6,    0,    0,    0,    0,    0,    0,    0,    0,    0,    0,    0,    0,    0,    0,    0,    0,    0,    0,    0,  -26,    6,    0,   20,    0,
       0,    0,  -34,    0,    0,    0,    0,    0,    0,    0,    0,  -14,    0,    0,    0,   14,   14,    0,   14,   14,    0,    0,    0,    0,    0,    0,    0,    6,    6,    0,    6,    0,    0,    0,   13,    0,   20,   20,   14,    0,    0,  -20,    0,    0,   14,    0,
       0,    0,  -34,    0,    0,    0,    0,    0,    0,    0,    0,  -26,    0,    0,   -6,    0,   26,    0,   20,   20,    6,   14,    0,  -14,   -6,    0,   -7,    0,    0,    0,    0,    0,    0,    0,    0,   -6,    0,    0,    0,   -6,    0,  -34,   14,    0,   26,    0,
       0,    0,  -20,    0,    0,    0,    0,    0,    0,    0,    0,  -14,    0,    0,  -14,   14,   20,    0,   20,   20,    0,    0,    0,   -6,   -6,   14,   -6,    0,    0,    0,    0,    0,    0,   -6,   14,    0,   20,   20,   20,    0,    0,  -20,    0,    0,   20,    0,
       0,    0,    0,    0,    0,    0,    0,    0,    0,    0,    0,    0,    0,    0,    0,    0,    0,    0,    0,    0,    0,    0,    0,    0,    0,    0,    0,    0,    0,    0,    0,    0,    0,  -14,    0,    0,    0,    0,    0,    0,    0,    0,    0,    0,    0,    0,
};

static const EpdLigaturePair lexica_15_boldLigaturePairs[] = {
    { 0x00660066, 0xFB00 }, // f f -> U+FB00
    { 0x00660069, 0xFB01 }, // f i -> U+FB01
    { 0x0066006C, 0xFB02 }, // f l -> U+FB02
    { 0xFB000069, 0xFB03 }, // U+FB00 i -> U+FB03
    { 0xFB00006C, 0xFB04 }, // U+FB00 l -> U+FB04
};

static const EpdFontData lexica_15_bold = {
    lexica_15_boldBitmaps,
    lexica_15_boldGlyphs,
    lexica_15_boldIntervals,
    43,
    39,
    30,
    -10,
    true,
    lexica_15_boldGroups,
    12,
    nullptr,
    lexica_15_boldKernLeftClasses,
    lexica_15_boldKernRightClasses,
    lexica_15_boldKernMatrix,
    350,
    329,
    62,
    46,
    lexica_15_boldLigaturePairs,
    5,
};
