/**
 * generated by fontconvert.py
 * name: lexica_13_italic
 * size: 13
 * mode: 2-bit  compressed: true
 * Command used: fontconvert.py lexica_13_italic 13 ../builtinFonts/source/lexica-ultralegible/LexicaUltralegible-Italic.ttf --2bit --compress
 */
#pragma once
#include "EpdFontData.h"

static const uint8_t lexica_13_italicBitmaps[14731] = {
    0x8D, 0x58, 0xBF, 0x93, 0xDB, 0xC6, 0x15, 0x7E, 0xE0, 0x66, 0x8C, 0x24, 0x98, 0x64, 0x53, 0xA4,
    0x70, 0x72, 0xC9, 0xA1, 0x75, 0x21, 0x11, 0x29, 0xAE, 0xB8, 0x99, 0x10, 0x04, 0x24, 0x17, 0x2E,
    0xDD, 0xC4, 0xB5, 0xF2, 0x1F, 0x9C, 0x8B, 0x2B, 0x6E, 0x12, 0xF0, 0x08, 0x47, 0x45, 0x8A, 0x14,
    0xD1, 0x7F, 0x12, 0x15, 0xCA, 0xCC, 0x15, 0x3C, 0x71, 0x2D, 0x95, 0x2E, 0x0C, 0xC7, 0x93, 0x71,
    0x91, 0x42, 0x1B, 0xFB, 0x66, 0x5C, 0x1A, 0x1E, 0x23, 0x23, 0x68, 0x4C, 0x12, 0xF9, 0xBE, 0x07,
    0x90, 0x22, 0x27, 0x52, 0x6C, 0x1E, 0x77, 0x8F, 0x00, 0x16, 0x6F, 0xDF, 0xCF, 0xEF, 0xBD, 0xB7,
    0x52, 0xC8, 0x42, 0xAE, 0xA4, 0x95, 0x26, 0xA8, 0x83, 0x7A, 0xE4, 0x8D, 0xC3, 0x5F, 0x69, 0xF2,
    0x50, 0xF8, 0x19, 0x4B, 0x86, 0xBF, 0xB1, 0x5C, 0x5C, 0x5D, 0x3C, 0xBA, 0x38, 0x3F, 0x3D, 0x3F,
    0x39, 0x3F, 0x79, 0x5F, 0xD2, 0xD0, 0xE9, 0x98, 0x44, 0xA5, 0x8E, 0xC2, 0xE6, 0x59, 0xD7, 0x6D,
    0x30, 0xD6, 0xD2, 0xC4, 0xA2, 0xA3, 0x3E, 0xC6, 0x18, 0x4B, 0x50, 0xDF, 0x96, 0xAE, 0xEB, 0x5A,
    0x8E, 0x91, 0x9F, 0x88, 0xA9, 0x0A, 0x31, 0x8E, 0xE3, 0x4A, 0x87, 0xC8, 0x6F, 0x30, 0xDE, 0x17,
    0x39, 0x6B, 0x65, 0xD4, 0x75, 0x65, 0xE4, 0xBF, 0xF2, 0x71, 0xFE, 0xC4, 0x27, 0x81, 0x93, 0x64,
    0xE4, 0x24, 0xBE, 0x5F, 0x8A, 0x7D, 0x9E, 0x8B, 0xE9, 0x2A, 0xAC, 0xD9, 0x88, 0x44, 0x4B, 0x27,
    0x3F, 0xB5, 0x95, 0xFC, 0xC4, 0x78, 0xF9, 0x95, 0xF1, 0x0B, 0x8C, 0xC7, 0x6F, 0x45, 0x2E, 0x6B,
    0xE7, 0xA5, 0xC5, 0xF6, 0x41, 0xE7, 0x45, 0x1E, 0x82, 0x24, 0xFE, 0x8D, 0xB0, 0xBC, 0x10, 0xDB,
    0x39, 0x69, 0x24, 0x7B, 0xC7, 0x8F, 0x3C, 0xAE, 0x6A, 0xB0, 0xFD, 0x48, 0x6A, 0x9B, 0xE3, 0x1E,
    0xD8, 0x93, 0xAB, 0x91, 0x2F, 0x44, 0x66, 0x91, 0x6B, 0x44, 0x92, 0xEE, 0x2E, 0xDE, 0x0A, 0xDB,
    0xD0, 0xCD, 0x9D, 0x88, 0x7D, 0xBB, 0xC3, 0xBD, 0x71, 0x54, 0x2D, 0x40, 0xC5, 0xCA, 0x04, 0x62,
    0x1D, 0xCB, 0x6D, 0x19, 0xF9, 0xDB, 0xF8, 0x1D, 0xBA, 0x98, 0xA4, 0x73, 0xFB, 0x41, 0x03, 0xE5,
    0x84, 0x1D, 0x49, 0x07, 0x9B, 0x1C, 0xDB, 0xE7, 0x78, 0xB3, 0xAB, 0x41, 0xEC, 0x2E, 0xDE, 0x9E,
    0x42, 0xAD, 0x92, 0x62, 0x2B, 0x49, 0x03, 0xDE, 0x8B, 0x20, 0x44, 0xCC, 0x25, 0x09, 0x6E, 0x8D,
    0xBA, 0xDA, 0x96, 0xF6, 0x93, 0x36, 0x96, 0x44, 0xAE, 0xA7, 0x20, 0x9A, 0x2D, 0x60, 0x09, 0xDB,
    0x60, 0x0A, 0x6B, 0xD0, 0x8B, 0xC1, 0xF5, 0x9D, 0x6E, 0x85, 0x17, 0xDA, 0x4B, 0x2C, 0x2E, 0x93,
    0xFC, 0xE2, 0xE2, 0xE2, 0xF4, 0xE4, 0x44, 0xC2, 0x52, 0x62, 0x92, 0x85, 0xD5, 0x40, 0xD5, 0x54,
    0xE0, 0x46, 0x2C, 0xD4, 0x24, 0xBC, 0x3D, 0xD6, 0x27, 0x93, 0xFF, 0xF9, 0xE2, 0xE6, 0x6D, 0x5D,
    0x80, 0x65, 0x51, 0xBE, 0x77, 0x01, 0x55, 0xC0, 0x84, 0xA0, 0x09, 0x2A, 0xFB, 0x5F, 0xDC, 0xC4,
    0xA3, 0x9E, 0x68, 0x4A, 0x45, 0x42, 0x96, 0x7E, 0xBB, 0x48, 0xF7, 0x07, 0x4D, 0xF9, 0x19, 0x4D,
    0xF7, 0xD6, 0x43, 0x49, 0xFE, 0x93, 0x9B, 0xAE, 0x04, 0xD7, 0xC7, 0xE7, 0xF2, 0xC3, 0x89, 0xDE,
    0xC7, 0x8B, 0xAF, 0x1A, 0xF0, 0x03, 0xCF, 0x41, 0x0A, 0xAF, 0x7A, 0x1E, 0x95, 0xD6, 0x59, 0x17,
    0x96, 0x91, 0xFC, 0x5A, 0x4E, 0xE9, 0x80, 0x59, 0xE7, 0xF0, 0x3D, 0x96, 0x2C, 0xCF, 0x72, 0xB8,
    0x94, 0x18, 0x9A, 0xC8, 0x29, 0xDB, 0x4A, 0x03, 0xAC, 0x09, 0xDD, 0xA8, 0xFE, 0xDE, 0x8F, 0x92,
    0xE1, 0x91, 0x84, 0xF0, 0x8F, 0x79, 0x57, 0x05, 0xEB, 0xB0, 0x31, 0xAD, 0xAC, 0xA2, 0x95, 0x2C,
    0xEC, 0xA5, 0xCC, 0xE2, 0x58, 0xD2, 0xC4, 0xE6, 0xE9, 0x34, 0x72, 0x69, 0x6A, 0xAA, 0x34, 0x1D,
    0xD5, 0x05, 0x6C, 0xB8, 0x48, 0x65, 0xD1, 0xA6, 0x92, 0x36, 0x53, 0x49, 0xEA, 0x44, 0x6C, 0x65,
    0xAB, 0xB3, 0x3C, 0x84, 0xCB, 0xC9, 0x92, 0xC4, 0x73, 0x6C, 0x19, 0x2C, 0x65, 0xBE, 0x91, 0xE5,
    0x66, 0x6B, 0x82, 0x42, 0xF7, 0x6F, 0xF4, 0x5B, 0x53, 0x79, 0x70, 0x41, 0xE8, 0x8F, 0xDF, 0xAD,
    0x8A, 0xE1, 0x31, 0x0F, 0x68, 0x61, 0x98, 0x7A, 0x2D, 0x2B, 0x38, 0x4C, 0x8D, 0x70, 0xEB, 0x79,
    0x9C, 0x62, 0xCC, 0x84, 0x6A, 0x97, 0x11, 0x44, 0xA0, 0xEF, 0x64, 0xF0, 0xB0, 0x15, 0x7E, 0xE2,
    0x72, 0x9E, 0xCB, 0x08, 0x3F, 0x63, 0xDE, 0xED, 0xBA, 0x7A, 0x4E, 0x9D, 0x1E, 0x61, 0xE7, 0x65,
    0x57, 0x8D, 0xDA, 0xA8, 0x36, 0x55, 0xD0, 0x20, 0x7C, 0xF0, 0x2E, 0x37, 0xA7, 0xF3, 0x1D, 0x55,
    0x70, 0x4C, 0x18, 0x14, 0x6B, 0xE4, 0x0C, 0xAA, 0x08, 0xAB, 0x5E, 0x2D, 0xC6, 0xA7, 0x18, 0x99,
    0x44, 0x0E, 0x02, 0x95, 0x61, 0xB7, 0xE9, 0x05, 0x12, 0x70, 0x23, 0x50, 0x0B, 0x1D, 0x52, 0x32,
    0xBC, 0xFF, 0x02, 0xB6, 0xFF, 0xDC, 0x4B, 0x74, 0xDF, 0xCB, 0x18, 0x12, 0x2C, 0x8C, 0x1B, 0x21,
    0x98, 0x22, 0x17, 0x95, 0x50, 0x46, 0xC9, 0xF8, 0x9F, 0x33, 0xFE, 0x95, 0xF5, 0xF1, 0xC0, 0x3E,
    0xD5, 0x3C, 0xA1, 0x92, 0x57, 0xE0, 0x6B, 0x45, 0x43, 0x04, 0x8C, 0x4B, 0xEE, 0x4C, 0x0E, 0xFE,
    0xD5, 0x48, 0xD4, 0x75, 0x62, 0x7D, 0x52, 0x46, 0x79, 0x84, 0x3B, 0x66, 0xC7, 0x13, 0x7F, 0x33,
    0xCC, 0x32, 0xD0, 0x8E, 0xAB, 0x39, 0xD6, 0x81, 0x9D, 0x65, 0xD5, 0x1B, 0x0D, 0x0E, 0x21, 0xEB,
    0xD0, 0x1B, 0x1F, 0xE8, 0x5B, 0x6A, 0x6F, 0x44, 0xCB, 0x14, 0xB4, 0xB2, 0x2A, 0x29, 0x29, 0xCB,
    0xB4, 0x47, 0x1A, 0x1D, 0x44, 0x9D, 0x14, 0xF7, 0xF6, 0x69, 0x05, 0xA0, 0x85, 0xBD, 0xD7, 0xB6,
    0x23, 0xE1, 0x00, 0x72, 0x9A, 0x41, 0xC7, 0x16, 0x14, 0x69, 0x82, 0xEB, 0x41, 0x05, 0xDF, 0xEF,
    0xB6, 0x44, 0x50, 0xD3, 0x1C, 0xF8, 0xD3, 0x24, 0xD8, 0xCD, 0xE6, 0x06, 0x3E, 0x0C, 0xED, 0xE0,
    0xBF, 0xC5, 0xDA, 0x4B, 0x98, 0x79, 0xA5, 0xB2, 0x26, 0x65, 0xE2, 0x66, 0x90, 0x6B, 0x81, 0x55,
    0xAD, 0x8E, 0xD0, 0xAD, 0x40, 0x65, 0x9E, 0xCF, 0xE1, 0x06, 0x2B, 0xC4, 0xF9, 0x03, 0xA8, 0xF0,
    0x06, 0xFF, 0x37, 0x12, 0x41, 0x2F, 0x71, 0xBE, 0x93, 0xC5, 0x17, 0x3B, 0x99, 0x78, 0x2F, 0xCE,
    0x93, 0x72, 0x09, 0x93, 0x42, 0x16, 0x02, 0x55, 0xE8, 0x5F, 0x32, 0x03, 0x2B, 0x8C, 0x86, 0x5B,
    0x81, 0x37, 0x8D, 0x69, 0x02, 0x35, 0xE8, 0xF6, 0x73, 0x7B, 0xC0, 0x74, 0xB9, 0xC0, 0xCA, 0x35,
    0xE6, 0x83, 0x4F, 0x94, 0xBF, 0x8C, 0x40, 0xC6, 0xB8, 0x40, 0xBB, 0xD0, 0x72, 0x00, 0x9D, 0xC7,
    0xC4, 0xD7, 0x52, 0x12, 0x68, 0x8B, 0x20, 0x46, 0x4F, 0x9A, 0xDF, 0x10, 0xC8, 0x18, 0x55, 0x74,
    0x53, 0x3C, 0x94, 0x18, 0x4C, 0x04, 0x25, 0x5F, 0x9C, 0xF7, 0x7E, 0x59, 0xEF, 0x53, 0xDF, 0xDE,
    0xC3, 0x1B, 0xF2, 0x42, 0x7A, 0x93, 0x1E, 0xAD, 0x65, 0x08, 0x22, 0xA5, 0x88, 0xF7, 0x13, 0x27,
    0x6F, 0x80, 0x28, 0x88, 0x6B, 0x8C, 0xFA, 0x7E, 0xAF, 0x07, 0xD2, 0xAF, 0x8B, 0xE0, 0x66, 0x49,
    0x39, 0x87, 0x77, 0xC5, 0xF2, 0x96, 0x46, 0xFA, 0x20, 0x34, 0x6D, 0x90, 0x95, 0x6A, 0x1F, 0x46,
    0x0C, 0xBD, 0x89, 0x41, 0xBF, 0xFD, 0x10, 0x62, 0x92, 0xB2, 0x1F, 0xFC, 0x8D, 0x3D, 0xA8, 0x6C,
    0x3A, 0xED, 0x46, 0xE6, 0x25, 0x9C, 0x2E, 0xAC, 0xE8, 0x4B, 0x48, 0x5D, 0x73, 0x7F, 0x71, 0xCB,
    0x74, 0xF5, 0xE4, 0xD4, 0x7E, 0x52, 0xDF, 0x3A, 0x1D, 0x07, 0xFE, 0xD6, 0xC9, 0xC4, 0x54, 0xB7,
    0x4E, 0x27, 0xC6, 0x4D, 0x4E, 0xD3, 0xF8, 0x93, 0x66, 0x92, 0xAD, 0x3B, 0x3F, 0x8E, 0xFC, 0x3C,
    0xE7, 0x1B, 0x1A, 0x4C, 0x12, 0xAC, 0xE5, 0xF7, 0x94, 0xB0, 0x26, 0x65, 0x6A, 0xC0, 0x34, 0xD4,
    0x27, 0x63, 0xD0, 0x72, 0x4A, 0x16, 0x8C, 0xE8, 0x82, 0x0E, 0x84, 0x29, 0x68, 0x52, 0xBA, 0xD1,
    0x94, 0x7E, 0x84, 0x09, 0x21, 0xC4, 0xD8, 0x49, 0x18, 0x38, 0x09, 0xA5, 0x49, 0xF2, 0x00, 0x40,
    0x09, 0x5C, 0x45, 0x56, 0x04, 0x79, 0x1A, 0x05, 0x53, 0x92, 0xAB, 0x23, 0xD3, 0x22, 0x8C, 0x78,
    0x61, 0xC8, 0x05, 0x8D, 0x2C, 0x19, 0xE2, 0x49, 0x0E, 0xA9, 0xE3, 0xDC, 0x10, 0x5C, 0x21, 0xFB,
    0x14, 0x5C, 0x05, 0xEA, 0x75, 0x54, 0x19, 0x7C, 0xC4, 0x96, 0x40, 0x0C, 0xB0, 0x7B, 0x8D, 0x45,
    0x40, 0x96, 0x44, 0xFA, 0x69, 0x81, 0x95, 0x08, 0x80, 0x29, 0x61, 0x05, 0xA6, 0x71, 0x08, 0x55,
    0x5A, 0x26, 0x60, 0xC6, 0x4D, 0x18, 0x1D, 0x9B, 0x3B, 0x4B, 0x8A, 0x92, 0xE4, 0x70, 0xF8, 0x1F,
    0x33, 0xD3, 0xF4, 0x41, 0xAE, 0x11, 0xDE, 0x23, 0x69, 0xB1, 0x9B, 0x16, 0xBB, 0x5F, 0x33, 0xE9,
    0x0D, 0x73, 0x0E, 0x7D, 0x83, 0xBC, 0xBD, 0x39, 0x02, 0x80, 0x74, 0xD4, 0xCB, 0x9C, 0xCA, 0xD0,
    0x5F, 0x28, 0x0A, 0xC0, 0x7D, 0xD0, 0xED, 0xB8, 0xB7, 0x0E, 0xDC, 0x47, 0x4E, 0x73, 0x1A, 0x84,
    0x0E, 0xAB, 0x88, 0x40, 0xA9, 0x13, 0xF6, 0x8D, 0x38, 0x21, 0x86, 0x73, 0x3A, 0x3F, 0x89, 0x27,
    0x8C, 0xC7, 0xA9, 0x8C, 0xC8, 0xFD, 0x59, 0x45, 0xEE, 0x09, 0x80, 0x0F, 0x94, 0x3C, 0xFC, 0x07,
    0x13, 0x95, 0xD3, 0xE3, 0x9F, 0xBA, 0x84, 0x22, 0x8B, 0x3A, 0x46, 0x6F, 0xB2, 0x88, 0xCB, 0x18,
    0x97, 0xBD, 0x58, 0x6A, 0xCB, 0x38, 0xDF, 0x0A, 0xF8, 0x52, 0xCA, 0xE9, 0xE0, 0xBB, 0x54, 0x0E,
    0x26, 0xA5, 0x8C, 0x69, 0xF3, 0xDD, 0xE4, 0x15, 0xE2, 0xEA, 0xEF, 0x20, 0x9F, 0xEE, 0x14, 0xA6,
    0xFA, 0x1B, 0x50, 0x60, 0x4F, 0xF7, 0x31, 0x75, 0xFF, 0xA3, 0xD7, 0xE8, 0x3E, 0xEB, 0xCA, 0x02,
    0xCC, 0xE5, 0x0B, 0xA6, 0xBD, 0x82, 0x0B, 0x66, 0xA2, 0x21, 0x2E, 0x8F, 0xA9, 0xFB, 0x35, 0x20,
    0xFC, 0x68, 0x05, 0xDD, 0x6F, 0x10, 0xCE, 0xCB, 0x9B, 0x89, 0x66, 0x94, 0x15, 0xA7, 0x96, 0xDC,
    0xA3, 0xEC, 0x83, 0x00, 0xE0, 0x7E, 0x54, 0x83, 0x7B, 0xA3, 0x93, 0x0F, 0x99, 0xA5, 0xC0, 0x78,
    0xE7, 0x74, 0xA2, 0xDA, 0x1D, 0xAB, 0x81, 0x9D, 0xEE, 0x59, 0xB4, 0xE0, 0x3B, 0xE5, 0x46, 0x29,
    0xD9, 0x99, 0x51, 0x80, 0x85, 0xDA, 0xBE, 0x5B, 0x07, 0xF0, 0x4A, 0xBC, 0xC3, 0xC5, 0xD2, 0xBB,
    0x34, 0xBF, 0x33, 0x7D, 0xBA, 0xD0, 0xFD, 0x69, 0x77, 0xCD, 0x88, 0x35, 0xA1, 0x74, 0xD9, 0x09,
    0x15, 0xAA, 0x91, 0xBB, 0x9F, 0xB3, 0x34, 0x8A, 0xEB, 0x6D, 0x3E, 0xE8, 0xA3, 0x59, 0x11, 0xBF,
    0xEC, 0x47, 0x9C, 0x4F, 0x40, 0x7E, 0xA2, 0x3C, 0xCC, 0x24, 0xBB, 0xBB, 0xD2, 0xDA, 0x4B, 0xF1,
    0x08, 0x1E, 0xE7, 0x31, 0x65, 0x25, 0xF6, 0x41, 0x88, 0xD4, 0x50, 0xE2, 0xA8, 0x46, 0xDD, 0x88,
    0x54, 0x87, 0x6A, 0xF2, 0xDF, 0xD8, 0x28, 0xFC, 0x8C, 0x18, 0xFE, 0xCC, 0xD3, 0x4C, 0xF8, 0x65,
    0x57, 0x4C, 0x76, 0x9E, 0x4A, 0x2C, 0xA7, 0x43, 0x28, 0x32, 0xB3, 0x31, 0x30, 0x50, 0xEE, 0x92,
    0x87, 0x19, 0x19, 0xDA, 0xF2, 0xAF, 0x23, 0xD8, 0x67, 0x74, 0x48, 0x5C, 0xB4, 0x7C, 0xB4, 0xCF,
    0x68, 0xDE, 0x1B, 0x3D, 0xD9, 0xCB, 0xEB, 0xD3, 0xF7, 0xDE, 0xCB, 0xE9, 0x4E, 0xEA, 0x4D, 0x88,
    0x04, 0x24, 0x59, 0x02, 0x6B, 0x4D, 0x78, 0x9D, 0xD7, 0xC1, 0xB7, 0xB8, 0xE9, 0x47, 0xCF, 0x5D,
    0xF0, 0xAD, 0x37, 0x5F, 0x3A, 0xF3, 0xBC, 0x32, 0x5F, 0xB8, 0xF0, 0x33, 0x17, 0x7E, 0x5A, 0xD9,
    0x8F, 0x5C, 0xF4, 0xB4, 0x8A, 0xDF, 0x2D, 0x31, 0x67, 0xA8, 0x3F, 0xEF, 0xFB, 0x59, 0x9C, 0xDB,
    0x3F, 0xF9, 0x55, 0x22, 0xF1, 0xDD, 0xAF, 0x51, 0x97, 0x24, 0xC1, 0x37, 0x1E, 0x08, 0x12, 0x3C,
    0x77, 0x29, 0x76, 0xEA, 0xCA, 0x19, 0x58, 0xEF, 0xC0, 0xF4, 0x0C, 0x18, 0xC7, 0xFA, 0x52, 0x0D,
    0xDF, 0x51, 0xD3, 0xD0, 0x52, 0xCB, 0xFD, 0x1A, 0x6C, 0x07, 0x07, 0xF8, 0xA6, 0x82, 0x03, 0x7C,
    0xE1, 0xE1, 0x00, 0x9F, 0xD7, 0x74, 0x00, 0x94, 0x10, 0x91, 0x6B, 0x19, 0x7C, 0x0B, 0xC6, 0x5D,
    0x01, 0x07, 0x28, 0x53, 0x3A, 0x40, 0x42, 0x07, 0x88, 0xE9, 0x00, 0xF6, 0x0C, 0x5B, 0xD8, 0xC7,
    0xD8, 0x01, 0x30, 0x3D, 0x13, 0xB3, 0x06, 0x7D, 0xB3, 0x3A, 0x80, 0x8E, 0xBC, 0x77, 0xDF, 0x12,
    0xEE, 0xAB, 0xD1, 0x6B, 0xAA, 0x84, 0x5A, 0x9A, 0xF6, 0x75, 0x87, 0x26, 0xB5, 0x61, 0x42, 0x5A,
    0x83, 0x7D, 0x0B, 0x66, 0xB1, 0x19, 0x15, 0x96, 0x29, 0x12, 0xE6, 0x40, 0x30, 0xEB, 0x77, 0xD0,
    0x71, 0xD6, 0x43, 0xC7, 0x03, 0x4E, 0x2B, 0x42, 0xC7, 0x86, 0xEA, 0xCF, 0xA8, 0xFF, 0x84, 0x9E,
    0x12, 0x8B, 0xA2, 0x1F, 0x4C, 0xC0, 0x22, 0x40, 0x2E, 0x31, 0xBD, 0x41, 0xA7, 0x00, 0x04, 0x5A,
    0x56, 0x36, 0xAF, 0x8D, 0xED, 0xBD, 0xE0, 0x63, 0x69, 0xA0, 0xB9, 0x58, 0x96, 0x3D, 0xF7, 0xD6,
    0x91, 0xFB, 0x8A, 0xDC, 0xFB, 0x1D, 0xF7, 0xB5, 0x72, 0x3F, 0xEB, 0xB9, 0x3F, 0x21, 0xF7, 0x6B,
    0x72, 0x9F, 0x59, 0xE8, 0x3D, 0x7E, 0x06, 0xEE, 0xA3, 0x0E, 0x62, 0x13, 0x70, 0x6F, 0x90, 0xDF,
    0x8C, 0xE2, 0xD1, 0xD9, 0x0B, 0x66, 0xE8, 0x3E, 0x27, 0x05, 0x87, 0x72, 0xF4, 0x00, 0x2E, 0x7B,
    0x00, 0xEE, 0x71, 0x19, 0x56, 0xEA, 0x7D, 0x3D, 0x8A, 0xD7, 0x14, 0x01, 0x31, 0x88, 0x96, 0x03,
    0x8B, 0x56, 0x43, 0x9C, 0x27, 0x32, 0x28, 0x0A, 0x56, 0x00, 0xF5, 0x19, 0xAB, 0x92, 0x85, 0x06,
    0x0D, 0xAB, 0x41, 0x08, 0x6E, 0x5A, 0x74, 0x34, 0x95, 0x5C, 0x6D, 0x5D, 0x92, 0x55, 0x01, 0x2C,
    0x05, 0x23, 0xDD, 0x50, 0xCC, 0x72, 0x48, 0xBD, 0x4D, 0x5F, 0x05, 0x49, 0xFB, 0x4B, 0x0C, 0x62,
    0xB1, 0xBD, 0x89, 0xBD, 0x51, 0xAE, 0x5B, 0xD8, 0xB2, 0xEB, 0x58, 0xE1, 0x1D, 0x04, 0xE1, 0xFF,
    0xF3, 0xEF, 0x74, 0x50, 0xE9, 0x62, 0x18, 0xDB, 0x98, 0x6E, 0x34, 0x44, 0xF6, 0x41, 0x26, 0x1C,
    0x00, 0x7E, 0xC0, 0xF6, 0x03, 0x80, 0x7F, 0x09, 0x32, 0x53, 0x4E, 0x69, 0xDF, 0x87, 0xCC, 0xE8,
    0xBC, 0x33, 0xD2, 0xCA, 0xD8, 0x28, 0x65, 0xFF, 0x44, 0x35, 0x6B, 0x09, 0x1F, 0x2A, 0x11, 0x76,
    0xBB, 0xE4, 0x0A, 0x2C, 0x40, 0xB5, 0xCE, 0xFC, 0x1A, 0xC2, 0x5E, 0x16, 0x39, 0x93, 0x24, 0x33,
    0x55, 0x5A, 0x0C, 0x02, 0x31, 0xDE, 0xB7, 0x6F, 0x43, 0xA7, 0xEF, 0x20, 0xB7, 0xFE, 0x15, 0x14,
    0xFE, 0x06, 0x89, 0xD8, 0x5F, 0x12, 0x19, 0xC0, 0x2E, 0x28, 0x83, 0x56, 0xEC, 0x82, 0x76, 0x21,
    0x99, 0x33, 0x35, 0x4C, 0xEB, 0x42, 0x98, 0x7A, 0x09, 0x66, 0x0B, 0x79, 0x8E, 0x6C, 0x3C, 0x0B,
    0xBE, 0x41, 0x3A, 0x9E, 0x99, 0x4F, 0x41, 0x7B, 0x16, 0x3E, 0x85, 0xD7, 0xCE, 0xA2, 0xFB, 0x28,
    0xE6, 0x52, 0x6B, 0x3E, 0x6C, 0x25, 0x1D, 0x9B, 0xA7, 0xB5, 0xA0, 0x81, 0x78, 0xEA, 0x25, 0x2D,
    0xCC, 0x47, 0x80, 0x90, 0xC6, 0x7C, 0xEC, 0x64, 0x5A, 0x9B, 0x67, 0xB9, 0x64, 0x50, 0xAD, 0x90,
    0xEE, 0x5A, 0xE7, 0x15, 0x4B, 0x7B, 0xD3, 0xF6, 0x0A, 0xCC, 0x88, 0xB3, 0x5A, 0xCE, 0x38, 0xDE,
    0x32, 0x3E, 0x62, 0xCD, 0x5C, 0xB3, 0x6A, 0x09, 0x9A, 0x25, 0x3D, 0x74, 0xBD, 0xD2, 0x74, 0xA4,
    0x85, 0x55, 0xA6, 0x05, 0x4E, 0xA6, 0x05, 0x17, 0x33, 0x13, 0xD0, 0x4F, 0x33, 0xCF, 0x17, 0x7C,
    0x9A, 0x7C, 0xC8, 0xF4, 0x34, 0x27, 0xAC, 0xC2, 0x87, 0xAE, 0x15, 0x4C, 0xE1, 0x2E, 0x80, 0xC1,
    0xDD, 0x3E, 0x08, 0xB8, 0x4B, 0xEA, 0x75, 0x85, 0x07, 0x1A, 0x40, 0xF0, 0x1F, 0x9B, 0xC7, 0x65,
    0x5F, 0x90, 0x44, 0x8E, 0xB5, 0xEE, 0x13, 0x9A, 0xED, 0x4B, 0x72, 0xC1, 0x1D, 0x02, 0x45, 0x6A,
    0xD6, 0x6C, 0x6A, 0x56, 0x9D, 0x5E, 0x99, 0x06, 0x7D, 0xDF, 0xBF, 0x75, 0x5A, 0x56, 0xF0, 0xB6,
    0xF5, 0x5B, 0x86, 0x29, 0x06, 0xDB, 0x17, 0x6D, 0x65, 0x58, 0xEE, 0x91, 0x4B, 0xAD, 0xA0, 0x7A,
    0x57, 0xD4, 0xBE, 0x86, 0x1C, 0xF6, 0x95, 0x9F, 0xAA, 0xE6, 0xE5, 0xDB, 0x19, 0x83, 0x66, 0xAE,
    0x95, 0x7B, 0xD6, 0xF2, 0xDB, 0xA7, 0x95, 0xAB, 0xC3, 0x46, 0xCB, 0x1F, 0x34, 0x5A, 0xCC, 0x5E,
    0xF9, 0x41, 0x8F, 0x8C, 0x6F, 0xD6, 0x50, 0x8B, 0x7D, 0x77, 0x3C, 0x74, 0xC3, 0xDA, 0x07, 0xE3,
    0x45, 0x50, 0xA0, 0x3C, 0x8D, 0x52, 0x9E, 0xA8, 0x57, 0xC7, 0xBB, 0x66, 0xB9, 0x5F, 0x51, 0xEB,
    0xEE, 0xDB, 0x2D, 0x51, 0x63, 0x8F, 0x0E, 0xB7, 0xDC, 0xEF, 0xA0, 0x77, 0x5B, 0xEE, 0xB5, 0x85,
    0xD8, 0x7A, 0x59, 0xF7, 0xF1, 0x42, 0xE1, 0x11, 0x8A, 0x40, 0x6D, 0x31, 0x9F, 0xA2, 0x0E, 0xFD,
    0x10, 0x8E, 0x99, 0xB7, 0x9A, 0xCE, 0x09, 0xE3, 0x85, 0x56, 0xB9, 0x88, 0xE6, 0x06, 0xDF, 0x13,
    0x5C, 0x8E, 0x25, 0xD2, 0x43, 0x84, 0x80, 0x31, 0xE9, 0x93, 0x3C, 0x2C, 0x19, 0x85, 0x1C, 0xF7,
    0xF2, 0x00, 0xD9, 0x34, 0x7E, 0x71, 0x0F, 0xAF, 0x8D, 0xB5, 0xB6, 0xA3, 0xE1, 0xAF, 0x43, 0x2A,
    0x0C, 0x8D, 0x43, 0x3B, 0xD9, 0x25, 0x57, 0xCD, 0x5B, 0x43, 0x62, 0x35, 0x9F, 0xBD, 0x90, 0xF0,
    0xAB, 0x2E, 0x0F, 0xDB, 0x18, 0x60, 0x87, 0x06, 0x06, 0xD5, 0xB0, 0x85, 0x84, 0x31, 0x56, 0x24,
    0x0A, 0x7B, 0xA6, 0x22, 0xA2, 0x66, 0xB9, 0x2D, 0xE7, 0x68, 0xA1, 0xAE, 0xA0, 0xFB, 0x87, 0x49,
    0x35, 0xF0, 0xD0, 0xC1, 0x66, 0x31, 0x1A, 0xF7, 0x37, 0xF2, 0xE4, 0xB0, 0xF1, 0xD3, 0x4A, 0x30,
    0xD5, 0x7B, 0x6F, 0xA2, 0x14, 0xB9, 0x46, 0x9C, 0x36, 0xDA, 0x42, 0x0C, 0xB7, 0x8B, 0x61, 0x5C,
    0x29, 0x3C, 0x24, 0x55, 0x3D, 0xEA, 0xDA, 0x3A, 0x6C, 0xC6, 0x3C, 0x18, 0xF1, 0x84, 0x3F, 0x44,
    0x2F, 0xF0, 0x34, 0x74, 0x13, 0x1D, 0x51, 0x09, 0x8C, 0xCB, 0xA7, 0xF0, 0x8B, 0xE4, 0x03, 0xB4,
    0x8D, 0xDD, 0x57, 0x32, 0xDA, 0x40, 0x31, 0x71, 0x4B, 0x1E, 0xF2, 0xF0, 0x26, 0x46, 0x8D, 0x62,
    0xFC, 0x18, 0x3C, 0xC3, 0x43, 0x74, 0x4C, 0x06, 0x3E, 0x52, 0xAD, 0x45, 0x7F, 0x20, 0x7D, 0xFB,
    0x87, 0xF5, 0xCB, 0x07, 0xEA, 0x76, 0x9D, 0x0B, 0x1A, 0xAD, 0x41, 0xB4, 0x2B, 0x87, 0xE2, 0xD0,
    0xBC, 0xBF, 0xCE, 0x59, 0x8A, 0xBD, 0x86, 0x5E, 0x8E, 0x9A, 0x5B, 0x58, 0x3E, 0x09, 0x5A, 0xBB,
    0x32, 0x80, 0x58, 0x60, 0x74, 0x03, 0xD7, 0xE1, 0xB9, 0x12, 0x46, 0x80, 0x31, 0xF2, 0xD0, 0x61,
    0x85, 0xD4, 0xE1, 0xC2, 0x26, 0x71, 0x23, 0xE6, 0xF9, 0xF9, 0x5F, 0x06, 0xB4, 0xB4, 0xF2, 0x0B,
    0x22, 0xD1, 0x9D, 0xD5, 0x4B, 0x7D, 0xBC, 0xCA, 0x26, 0xFF, 0xD8, 0xD0, 0x26, 0x65, 0xD8, 0x82,
    0x8A, 0x47, 0x01, 0xEC, 0xD0, 0x4C, 0xE6, 0x3C, 0x79, 0x0A, 0x5D, 0x02, 0x2E, 0xC7, 0xA0, 0x45,
    0x7D, 0x4C, 0xD4, 0x4D, 0x62, 0xD8, 0x7A, 0x0C, 0xEE, 0x52, 0x56, 0x74, 0x2B, 0xE5, 0x91, 0x32,
    0x57, 0x73, 0x07, 0x78, 0x05, 0xAC, 0xA2, 0x56, 0xC0, 0x9A, 0xB1, 0x82, 0xE8, 0x04, 0xEB, 0xA9,
    0xF2, 0xE3, 0x21, 0xC6, 0x38, 0x8E, 0x0F, 0xBB, 0x40, 0x45, 0xED, 0xDE, 0x2C, 0x7A, 0x80, 0x72,
    0x50, 0xE4, 0x6C, 0xFB, 0x77, 0x26, 0x81, 0x72, 0x2F, 0x09, 0x0C, 0x09, 0xE0, 0x12, 0x14, 0x19,
    0x9A, 0x5E, 0x5E, 0x2D, 0x17, 0xDB, 0x4B, 0x60, 0x26, 0x1B, 0xDF, 0xE8, 0xCF, 0x48, 0xCC, 0xF7,
    0x4A, 0x16, 0x11, 0x12, 0x6F, 0x58, 0x34, 0x60, 0xBC, 0x5B, 0x4A, 0x8A, 0x8C, 0x30, 0xC1, 0x5E,
    0x85, 0x16, 0x5C, 0x0D, 0x38, 0x59, 0xC8, 0xEE, 0x80, 0xB2, 0x62, 0xD6, 0x50, 0xA9, 0x54, 0xA6,
    0xAD, 0x54, 0x29, 0xC0, 0x21, 0x71, 0xE6, 0xC9, 0x7A, 0x84, 0x98, 0x78, 0xD6, 0xDD, 0xEB, 0x1C,
    0xBC, 0x79, 0x1D, 0x41, 0x77, 0x3C, 0x0E, 0xE1, 0x9E, 0xD4, 0x1F, 0x40, 0x15, 0x1A, 0xB4, 0x25,
    0xF5, 0x88, 0x2B, 0x6A, 0x11, 0x57, 0x6C, 0x25, 0xA9, 0x4D, 0x5E, 0x15, 0xDA, 0x58, 0x72, 0xA6,
    0x3E, 0xF9, 0xDF, 0x3C, 0x51, 0x8A, 0x83, 0x25, 0xCC, 0x60, 0x09, 0xA3, 0x96, 0x88, 0x7B, 0x4B,
    0xA8, 0x67, 0xA6, 0xFA, 0x76, 0xAC, 0xF1, 0xA9, 0x96, 0xE8, 0x3D, 0x93, 0xD1, 0x81, 0xEC, 0x16,
    0x56, 0x8C, 0xA2, 0xE9, 0x70, 0xE0, 0x32, 0x19, 0x0E, 0x38, 0x98, 0xB5, 0xD9, 0xF1, 0x31, 0x3A,
    0xA2, 0xAD, 0x37, 0x7C, 0x8D, 0xB4, 0xFB, 0x6D, 0x57, 0x05, 0x9B, 0xB0, 0x46, 0x23, 0xDF, 0x42,
    0x11, 0x2D, 0x14, 0xBE, 0x08, 0xFB, 0x01, 0x6F, 0x93, 0xC6, 0x3A, 0x96, 0xB3, 0xC6, 0xC7, 0x8F,
    0x62, 0x97, 0x64, 0x9D, 0x4C, 0xD1, 0x67, 0xEE, 0x47, 0xDD, 0x95, 0x16, 0x39, 0xFE, 0xE1, 0xA8,
    0x5B, 0x21, 0xA2, 0xB2, 0x21, 0xA2, 0xA2, 0xFD, 0x88, 0x2A, 0xF7, 0x22, 0x4A, 0xFA, 0x88, 0xDA,
    0x20, 0xA2, 0xD2, 0x6D, 0xCC, 0xFE, 0x4E, 0xE1, 0x15, 0x5D, 0xB5, 0x79, 0x52, 0x9B, 0x8F, 0xEB,
    0x70, 0x4D, 0xB4, 0xB6, 0x7A, 0xD6, 0x18, 0xBF, 0x26, 0x34, 0x10, 0x57, 0x08, 0xAF, 0xB8, 0xBC,
    0x1E, 0xCB, 0xCF, 0x13, 0x4D, 0x34, 0x21, 0x44, 0x49, 0x6A, 0xAD, 0xEC, 0x8B, 0x42, 0x8A, 0xEC,
    0xCE, 0x2A, 0xEE, 0x10, 0xE6, 0x65, 0x6F, 0xC9, 0x79, 0xB7, 0xDC, 0x44, 0x3B, 0x4B, 0x32, 0xD5,
    0xD3, 0x3B, 0x67, 0x32, 0xAF, 0x12, 0x67, 0x81, 0x37, 0xD4, 0x2E, 0xEA, 0xCC, 0x9C, 0x76, 0xA1,
    0x55, 0x58, 0xEE, 0x17, 0x58, 0xB5, 0xC0, 0x15, 0x6D, 0xC3, 0xC3, 0xD2, 0x16, 0xEE, 0xBE, 0x80,
    0xF4, 0xF3, 0x0D, 0x0A, 0xCD, 0xA6, 0x46, 0x3E, 0x4A, 0xF0, 0x6C, 0x86, 0xA7, 0x2B, 0x29, 0x10,
    0xDE, 0xF4, 0xA3, 0x09, 0x4F, 0xAC, 0xC1, 0x77, 0x4A, 0xAE, 0x01, 0x50, 0x63, 0xB0, 0x1B, 0xC3,
    0x37, 0x6D, 0xAD, 0x4C, 0xEA, 0xC9, 0x49, 0xCB, 0x06, 0xE8, 0xCA, 0xD4, 0x61, 0x75, 0x15, 0xD5,
    0xD6, 0x5D, 0xD9, 0x47, 0x36, 0xBF, 0x3A, 0x7E, 0x84, 0x0D, 0x27, 0xE7, 0xA9, 0x14, 0x17, 0xE7,
    0x0B, 0x29, 0xEA, 0xF3, 0x46, 0x52, 0xFF, 0x87, 0x5A, 0xA6, 0xD5, 0x6F, 0x51, 0x63, 0x3A, 0xA4,
    0x23, 0x1E, 0x4C, 0xF6, 0xDD, 0x96, 0xD6, 0x27, 0x60, 0xE9, 0x5A, 0x16, 0xB0, 0x5A, 0x8A, 0x44,
    0x9A, 0xC4, 0xBD, 0x6B, 0x6B, 0x51, 0x51, 0xF7, 0x29, 0x8C, 0x67, 0x69, 0xD7, 0xAD, 0x8C, 0x9A,
    0x42, 0xF1, 0x2D, 0x2E, 0x63, 0x04, 0x0C, 0xF1, 0x16, 0x0C, 0xF8, 0x11, 0x3C, 0xDC, 0xF8, 0xA0,
    0x86, 0x85, 0x15, 0x4B, 0xA0, 0x43, 0x16, 0x9A, 0x8F, 0xE0, 0xFD, 0x7F, 0x07, 0xBB, 0x7F, 0xF4,
    0xFD, 0xF9, 0x08, 0xD3, 0x7D, 0x36, 0x40, 0x6D, 0xD1, 0x67, 0x5F, 0x1E, 0x92, 0x2C, 0xF5, 0x3C,
    0x91, 0xEA, 0xED, 0xF6, 0x4E, 0x83, 0x86, 0xD3, 0x10, 0x96, 0x6B, 0x49, 0x1F, 0xD8, 0xBB, 0xCB,
    0x9C, 0x4D, 0xED, 0x5A, 0x07, 0x6D, 0x9B, 0xB1, 0xC5, 0xA1, 0x19, 0x5B, 0x8A, 0x31, 0x74, 0x67,
    0xEC, 0xC7, 0xB9, 0xD1, 0xA5, 0x6C, 0x61, 0x71, 0x8B, 0x8C, 0x7D, 0x63, 0xA7, 0xDD, 0x1F, 0x80,
    0x86, 0x29, 0xBB, 0x78, 0xF5, 0x87, 0xFC, 0x66, 0xEE, 0x30, 0x1D, 0x6F, 0x73, 0x23, 0x66, 0x54,
    0xA4, 0x91, 0x56, 0x24, 0x87, 0x47, 0xA6, 0xBB, 0xFD, 0x21, 0xF1, 0x12, 0xAB, 0x6E, 0x82, 0x32,
    0xE9, 0xDE, 0xAE, 0xD2, 0xA3, 0xCE, 0xBD, 0x89, 0xCE, 0xF6, 0xBF, 0xBD, 0x59, 0x3D, 0x8F, 0xE3,
    0xC6, 0x19, 0x7E, 0xC9, 0x59, 0x7B, 0x92, 0xD0, 0xD1, 0x5C, 0xE1, 0x00, 0x36, 0xEC, 0xDB, 0xF1,
    0x0F, 0xD8, 0x15, 0x9B, 0x14, 0x5B, 0x88, 0x12, 0xCF, 0x87, 0x54, 0x6E, 0x5C, 0x04, 0x69, 0xAF,
    0x49, 0x7F, 0x29, 0xAE, 0x38, 0xC0, 0xD4, 0x89, 0x67, 0x17, 0x2E, 0x73, 0xBD, 0x0B, 0xA7, 0x4E,
    0x91, 0x6C, 0xB1, 0x01, 0x54, 0x68, 0x4F, 0x63, 0x37, 0x6E, 0x09, 0x03, 0x46, 0xBA, 0x84, 0x8E,
    0x0F, 0x49, 0x91, 0x22, 0x03, 0x84, 0x41, 0x78, 0xB1, 0x76, 0x99, 0xE7, 0x19, 0x8A, 0xFB, 0x71,
    0x39, 0x3B, 0x76, 0x36, 0xDE, 0x5D, 0xCD, 0x88, 0xD2, 0x90, 0xEF, 0xF7, 0xB7, 0x22, 0xAF, 0x1A,
    0xD5, 0x44, 0x5E, 0xF0, 0xA7, 0x4A, 0x95, 0x27, 0xB9, 0x11, 0x23, 0x56, 0xC6, 0x92, 0xE1, 0xBF,
    0x90, 0x95, 0xB4, 0x38, 0xA9, 0xB0, 0x9C, 0x48, 0xDA, 0x4A, 0xD4, 0x75, 0xA2, 0xBF, 0xF8, 0xB0,
    0x34, 0xEF, 0xFD, 0x44, 0x52, 0x2D, 0x32, 0x4D, 0x44, 0xB2, 0x91, 0x48, 0xF1, 0x43, 0xAC, 0x97,
    0x44, 0xE6, 0xAF, 0xE3, 0xBB, 0xBD, 0x57, 0x24, 0x5D, 0x1E, 0x8B, 0xE9, 0x1A, 0x89, 0xBB, 0x52,
    0xE4, 0x17, 0x78, 0xFC, 0x57, 0x58, 0x51, 0xF7, 0x08, 0x5F, 0xB6, 0x32, 0xCB, 0x8F, 0x65, 0x2E,
    0x29, 0x80, 0x4B, 0x00, 0xCF, 0xC5, 0xEB, 0x42, 0x70, 0x8C, 0x07, 0xA6, 0xB8, 0xE6, 0xCA, 0xB0,
    0x26, 0x58, 0x8D, 0x48, 0x0C, 0x12, 0xCC, 0xE9, 0xAD, 0x72, 0xD1, 0x75, 0xD5, 0x8F, 0x5F, 0xEC,
    0xCA, 0x1B, 0x22, 0xF9, 0x64, 0xF1, 0x79, 0x85, 0xFB, 0xF3, 0xA4, 0x5A, 0x80, 0x66, 0x53, 0x8E,
    0x45, 0xBB, 0x7D, 0x51, 0x61, 0xED, 0xE2, 0xDA, 0xE4, 0xA6, 0x0C, 0x67, 0x80, 0x79, 0x70, 0xF7,
    0x73, 0x32, 0x91, 0x5B, 0x11, 0x5B, 0x9A, 0x5C, 0x66, 0x62, 0x9C, 0x6C, 0x70, 0x53, 0xDC, 0x88,
    0xAA, 0x74, 0x2D, 0xAA, 0xC6, 0x17, 0x91, 0x9F, 0x11, 0x1D, 0x69, 0x79, 0x0A, 0xA4, 0xB2, 0xAE,
    0xB1, 0x2D, 0xC0, 0xF9, 0x0C, 0x6C, 0xCB, 0x8F, 0x16, 0x3F, 0xDD, 0x12, 0x06, 0xEA, 0x71, 0xD8,
    0x6D, 0xB0, 0x73, 0x05, 0x06, 0xC2, 0x56, 0x0C, 0x7F, 0xFC, 0xE2, 0xE2, 0xA7, 0x94, 0xE0, 0xBA,
    0x53, 0x30, 0xD2, 0xD8, 0x1C, 0x18, 0x77, 0x20, 0x6E, 0x12, 0xA4, 0x28, 0xF9, 0xF8, 0x04, 0x9B,
    0x5D, 0x43, 0x52, 0xCB, 0xC4, 0x83, 0x88, 0xB8, 0xE5, 0xE1, 0x0A, 0x34, 0x41, 0x24, 0x20, 0x10,
    0xCF, 0x9F, 0x46, 0x00, 0xB0, 0xF8, 0xA0, 0xA6, 0x14, 0xF8, 0x44, 0xC0, 0xB8, 0x92, 0x5E, 0x68,
    0xAF, 0x72, 0x9B, 0xDD, 0x6A, 0x29, 0x3E, 0xDC, 0x11, 0x9F, 0xE6, 0x90, 0x9B, 0x2E, 0xE7, 0x89,
    0xC3, 0x0E, 0x15, 0x3C, 0x02, 0xFE, 0x0E, 0x38, 0x4E, 0xF3, 0x45, 0x09, 0x98, 0xBA, 0x4A, 0xCA,
    0x75, 0xEE, 0x8D, 0xEA, 0xEA, 0x62, 0xCF, 0x7C, 0xE4, 0xF7, 0x26, 0x46, 0xE4, 0xE6, 0x01, 0x44,
    0x33, 0x3A, 0xD8, 0xE5, 0xC6, 0xAB, 0xF0, 0xDD, 0x9E, 0x71, 0x7E, 0x2F, 0xDC, 0x87, 0x27, 0x4A,
    0x1F, 0x9E, 0x0D, 0x50, 0x7A, 0x78, 0x01, 0x72, 0x20, 0xDF, 0xDC, 0x11, 0x49, 0x24, 0x5A, 0x8B,
    0xFD, 0x50, 0x26, 0x56, 0xA6, 0x8F, 0xC5, 0xFE, 0x41, 0xE4, 0xD8, 0xB8, 0xA8, 0x4D, 0xC1, 0xC6,
    0x1C, 0xD2, 0x6E, 0x25, 0x05, 0xB3, 0xA0, 0x49, 0x56, 0xA6, 0x94, 0x4C, 0x3B, 0x7C, 0xAE, 0xC4,
    0xBC, 0xE9, 0x25, 0x29, 0xA1, 0x03, 0x17, 0x98, 0x91, 0x0E, 0xFA, 0xE5, 0xEA, 0x35, 0xFE, 0xBC,
    0x15, 0x41, 0x4C, 0xD0, 0x87, 0xC3, 0xEB, 0xB9, 0xAC, 0xBD, 0xDF, 0x95, 0xDE, 0xE8, 0xCE, 0x17,
    0x7B, 0xFA, 0x21, 0x58, 0xD3, 0x65, 0x73, 0xF3, 0x00, 0x57, 0xA3, 0x03, 0xDD, 0xD5, 0xDC, 0xF2,
    0xD1, 0x44, 0xFF, 0xB2, 0xBC, 0xB9, 0xA7, 0xDF, 0xAB, 0xF6, 0x0C, 0x4E, 0x8B, 0xE4, 0xA1, 0xDC,
    0xF8, 0x2A, 0xD6, 0xD6, 0x1D, 0x5F, 0x49, 0x3D, 0xDB, 0x14, 0xFB, 0x87, 0xA3, 0xC3, 0x51, 0xB1,
    0x3F, 0xDB, 0x24, 0x35, 0xAC, 0x4D, 0x2E, 0x2E, 0x58, 0x47, 0xCD, 0x25, 0x30, 0xAC, 0x4B, 0x67,
    0xDB, 0xBF, 0xB3, 0xF3, 0xB5, 0xA8, 0xDF, 0x3B, 0x0D, 0x2E, 0x62, 0x07, 0x6F, 0x83, 0x9B, 0xC9,
    0x92, 0x68, 0xD3, 0x5F, 0xCB, 0x02, 0x6E, 0x75, 0x22, 0xF6, 0x8E, 0xEC, 0xE8, 0x3C, 0xFA, 0x8D,
    0xC4, 0x30, 0xAB, 0x31, 0x61, 0xDC, 0x33, 0x92, 0xCD, 0x41, 0x00, 0x04, 0x64, 0x5C, 0x8A, 0xDB,
    0xC5, 0xCB, 0x0A, 0xEE, 0xBA, 0x8C, 0xBD, 0x34, 0x71, 0x2D, 0x5E, 0x55, 0x91, 0x57, 0x2E, 0xF6,
    0xDA, 0xA9, 0x3A, 0x71, 0xAA, 0x32, 0x25, 0x0D, 0x3F, 0x71, 0xA6, 0xB4, 0xA5, 0x75, 0x6B, 0x97,
    0x76, 0x7F, 0xF5, 0xD3, 0xD3, 0xDB, 0x7E, 0xB2, 0xF5, 0x25, 0x5A, 0xE6, 0xB2, 0x67, 0xAD, 0x4A,
    0xBA, 0xCE, 0xD9, 0x4D, 0x2A, 0xB3, 0xCD, 0x58, 0xD6, 0x6D, 0x26, 0x5D, 0x33, 0x11, 0x08, 0x0E,
    0x6B, 0x29, 0x8B, 0x7A, 0x29, 0x69, 0x4D, 0xE7, 0xF0, 0xA2, 0x3E, 0xF2, 0xA2, 0x3F, 0xAE, 0x25,
    0x79, 0x0F, 0x0A, 0xBB, 0xCD, 0xE5, 0xC4, 0x40, 0x81, 0x36, 0x29, 0x65, 0x0C, 0x9E, 0x33, 0xF0,
    0x4A, 0x7B, 0x81, 0xE6, 0xA5, 0x00, 0xD9, 0xD9, 0x62, 0x91, 0xC5, 0xA2, 0xC5, 0x54, 0x52, 0x47,
    0xD5, 0x22, 0xD7, 0x30, 0x37, 0x13, 0x02, 0xCB, 0xAE, 0xEC, 0xCB, 0x1E, 0xE8, 0x38, 0x00, 0x01,
    0x49, 0x33, 0x9E, 0xDF, 0x1F, 0x1D, 0x99, 0xC3, 0xD1, 0xBD, 0xFD, 0xE9, 0xCA, 0xD4, 0xDA, 0xD1,
    0xE2, 0x33, 0xD8, 0x3F, 0x40, 0xB4, 0x00, 0x57, 0x6C, 0xED, 0x64, 0xBE, 0x35, 0x23, 0x7F, 0xD9,
    0x8C, 0xA2, 0x1A, 0x01, 0x62, 0x56, 0x81, 0x1B, 0xE5, 0x20, 0x11, 0x05, 0xE6, 0x21, 0x54, 0x90,
    0xA4, 0xE9, 0xE5, 0x49, 0x9E, 0x51, 0x7E, 0x6D, 0x94, 0x9B, 0xC8, 0xEB, 0x6A, 0xA4, 0x2A, 0x0B,
    0xA2, 0xCB, 0x77, 0x60, 0x76, 0xF2, 0x85, 0x93, 0x89, 0x7A, 0xBF, 0x04, 0x92, 0x24, 0x8F, 0xFD,
    0xAC, 0x83, 0x00, 0xB1, 0x81, 0x11, 0x83, 0x43, 0xD0, 0xF8, 0x8A, 0xC8, 0xF7, 0x44, 0xDE, 0xC6,
    0x7B, 0x4C, 0x37, 0x04, 0x8E, 0x00, 0x9E, 0x4A, 0x00, 0x5E, 0x5D, 0x82, 0x36, 0x4D, 0xF0, 0x09,
    0x3D, 0x10, 0xE0, 0xD7, 0xE5, 0x48, 0x7D, 0xFA, 0xE7, 0x7A, 0x27, 0x79, 0xB7, 0xF4, 0x54, 0xAA,
    0x07, 0x61, 0x31, 0x09, 0xD3, 0x25, 0x08, 0xDB, 0xA5, 0x33, 0x1F, 0x09, 0x15, 0x83, 0x43, 0xDB,
    0x39, 0x50, 0xDD, 0x95, 0xBA, 0x65, 0x4C, 0xDC, 0xB5, 0x3C, 0xDC, 0x49, 0xE0, 0x03, 0x12, 0xE2,
    0x2E, 0x9D, 0x09, 0x90, 0xD5, 0x26, 0x28, 0x69, 0x1C, 0x02, 0xF3, 0x88, 0x91, 0x62, 0xB9, 0x6F,
    0xCA, 0x5D, 0x84, 0x91, 0x54, 0x1E, 0x53, 0x93, 0x21, 0x64, 0x34, 0x09, 0x34, 0x1A, 0xC3, 0xC8,
    0x41, 0x8F, 0x3B, 0xBC, 0x0F, 0x08, 0x6F, 0x32, 0x4E, 0x8D, 0x15, 0xF7, 0x82, 0x74, 0x30, 0x74,
    0x22, 0xA2, 0xC0, 0x96, 0x69, 0xCE, 0xB8, 0x43, 0x4E, 0xB6, 0xEB, 0xFE, 0xB9, 0x79, 0x12, 0x09,
    0xCC, 0x89, 0x96, 0x28, 0x69, 0x19, 0xA2, 0x91, 0x41, 0x18, 0x99, 0x05, 0x8B, 0x79, 0x01, 0x80,
    0x2C, 0xAE, 0x1F, 0xC3, 0x2F, 0xDA, 0x3E, 0x9C, 0xCB, 0x8E, 0x0C, 0xF6, 0x4D, 0xB2, 0x21, 0x15,
    0x5E, 0x3E, 0x1A, 0xC0, 0x29, 0x86, 0xBA, 0x84, 0x01, 0xCA, 0x70, 0x4B, 0xE9, 0xD8, 0x73, 0x9A,
    0xDD, 0x06, 0x5B, 0xD4, 0x90, 0x3B, 0x8F, 0x20, 0x9A, 0x54, 0xD8, 0x4C, 0x09, 0x2C, 0x29, 0xA5,
    0x3E, 0xE5, 0x76, 0x22, 0x69, 0x8E, 0x0C, 0xD3, 0xE5, 0xE0, 0x00, 0x22, 0x82, 0xA5, 0xC1, 0xEA,
    0xB1, 0xA5, 0xB9, 0x24, 0x0E, 0x77, 0x26, 0xC4, 0x14, 0x05, 0xEC, 0xB9, 0xF4, 0x14, 0xF6, 0xB1,
    0xF7, 0xDA, 0x90, 0x53, 0x2B, 0xFA, 0x6F, 0x54, 0x4D, 0xF8, 0x28, 0xD7, 0x84, 0x37, 0xA9, 0x0E,
    0x19, 0x46, 0xA0, 0xA4, 0x65, 0x5A, 0x5E, 0x23, 0xDE, 0x09, 0x75, 0xFB, 0xE0, 0xEC, 0xEA, 0xDA,
    0xF0, 0x86, 0xFC, 0x96, 0x30, 0xD3, 0x19, 0x33, 0x6C, 0x09, 0xCD, 0x56, 0x9F, 0xA1, 0xB4, 0x44,
    0x99, 0x11, 0xE5, 0x8A, 0x5B, 0x8F, 0x32, 0xA3, 0x15, 0x13, 0xA5, 0xBB, 0x84, 0xF2, 0x18, 0x28,
    0xE5, 0x12, 0xCA, 0xF2, 0x3F, 0x55, 0xCB, 0x30, 0xED, 0xFB, 0xC8, 0xC8, 0x2C, 0x8A, 0x34, 0xDA,
    0xB3, 0x1A, 0xF0, 0x12, 0xE1, 0x71, 0xFF, 0x3E, 0xEF, 0x93, 0xBB, 0xB4, 0x7D, 0xC6, 0x52, 0x75,
    0xB0, 0x40, 0x40, 0xEB, 0x1F, 0x9B, 0x45, 0x21, 0x7D, 0xC9, 0x49, 0x5F, 0x54, 0xC5, 0x4D, 0x1C,
    0xDE, 0x93, 0x5A, 0xD5, 0x01, 0x4A, 0x7F, 0x2A, 0x8B, 0xFE, 0x3D, 0x62, 0x0D, 0xD2, 0xD7, 0x01,
    0x81, 0x08, 0x92, 0xD5, 0xA1, 0x6E, 0x9A, 0x85, 0x52, 0xC8, 0xB3, 0x66, 0xA2, 0x57, 0xB2, 0xD4,
    0x38, 0xBD, 0xB5, 0xA6, 0xD8, 0x53, 0xD4, 0x3B, 0xF2, 0x03, 0x70, 0x40, 0xB1, 0xCB, 0x50, 0x90,
    0x64, 0xDB, 0x52, 0x60, 0xBB, 0xAD, 0xCE, 0xB6, 0xB9, 0xF4, 0x8E, 0x72, 0x0F, 0xAE, 0x1D, 0xB5,
    0x62, 0x9E, 0xBC, 0x86, 0x58, 0xC6, 0x22, 0x4B, 0x16, 0xA4, 0xFB, 0xF5, 0x70, 0x9C, 0x0F, 0x5E,
    0x7C, 0x9B, 0x50, 0x7B, 0xBE, 0xF3, 0x6D, 0x64, 0x08, 0x31, 0xA4, 0xCF, 0x1D, 0x8C, 0x8A, 0x32,
    0xA4, 0xE9, 0x20, 0x50, 0x61, 0x59, 0xD2, 0xDF, 0x16, 0xD8, 0x0C, 0x3C, 0x86, 0xC2, 0x86, 0xC1,
    0x44, 0x12, 0xDE, 0x96, 0x30, 0x1A, 0x05, 0x72, 0x83, 0xD3, 0xDA, 0x7C, 0x20, 0xFC, 0x9C, 0xFA,
    0xE9, 0x56, 0x22, 0x8E, 0xB2, 0x0F, 0xBA, 0xB8, 0xC1, 0xED, 0x0C, 0x62, 0x78, 0xFA, 0xD5, 0xEB,
    0x42, 0x1E, 0x6E, 0x5F, 0xD4, 0xE7, 0xAA, 0xBD, 0x1E, 0xBC, 0xCA, 0xDD, 0x27, 0x84, 0xD5, 0xF6,
    0xEA, 0xDA, 0xF0, 0xEE, 0x04, 0xEB, 0x09, 0x29, 0x53, 0xA2, 0x3C, 0x20, 0x3C, 0x89, 0x50, 0x03,
    0x01, 0x0A, 0x1E, 0xB7, 0xD2, 0x7B, 0x11, 0x5F, 0xF3, 0x60, 0x5D, 0xAB, 0x10, 0x73, 0x5B, 0x52,
    0x03, 0x5A, 0x40, 0x09, 0x6C, 0x17, 0x45, 0x12, 0x11, 0x13, 0xD6, 0x98, 0xEE, 0x86, 0x83, 0x2B,
    0x82, 0x22, 0x87, 0x06, 0xE7, 0x73, 0x7B, 0x41, 0x10, 0x27, 0x42, 0x68, 0x81, 0x3F, 0x72, 0x66,
    0xB7, 0x7C, 0x0D, 0xFD, 0xC2, 0x7C, 0x6B, 0xFE, 0x17, 0xFA, 0x0A, 0x8A, 0x6C, 0xC8, 0x6F, 0xAC,
    0xB5, 0x01, 0xBD, 0xA7, 0xF4, 0x08, 0x21, 0x65, 0x63, 0xCB, 0xF0, 0xFE, 0x5D, 0xC0, 0x9F, 0x31,
    0x18, 0xCC, 0x58, 0xF1, 0xCF, 0xD9, 0x41, 0xAC, 0x10, 0x0A, 0x59, 0xD1, 0x7B, 0x3C, 0xC4, 0xD2,
    0x0D, 0x0F, 0x91, 0xE9, 0x06, 0x31, 0x3D, 0xF2, 0x8B, 0xAE, 0x8E, 0x58, 0x81, 0xC6, 0x9E, 0x25,
    0x4C, 0x0D, 0x6D, 0xA2, 0x8E, 0x75, 0x7D, 0x5C, 0x4C, 0xD1, 0xC4, 0x20, 0xF9, 0x9A, 0xF2, 0xB5,
    0x86, 0xB1, 0x83, 0xE5, 0xE9, 0x93, 0xA0, 0xCF, 0x87, 0x8E, 0xD8, 0xB0, 0xF9, 0x45, 0x7E, 0xD1,
    0x58, 0xD8, 0x92, 0xC0, 0x10, 0xDA, 0x08, 0xF7, 0x36, 0xD1, 0x97, 0x28, 0x8D, 0xE2, 0xBF, 0x57,
    0x80, 0xFC, 0x45, 0xAD, 0xBC, 0xFA, 0x93, 0x27, 0x78, 0xA0, 0x49, 0x5C, 0xAB, 0x51, 0xCC, 0xAC,
    0x58, 0x28, 0x16, 0x40, 0x54, 0x66, 0x28, 0x18, 0xF3, 0x14, 0x2F, 0xB1, 0x16, 0x4C, 0x9B, 0xBB,
    0xE0, 0xD8, 0x3C, 0x86, 0x65, 0xE8, 0x53, 0x70, 0xA0, 0x4E, 0x48, 0x3C, 0x7B, 0x1D, 0xF6, 0x72,
    0x7D, 0x01, 0x99, 0xC9, 0xE5, 0x2A, 0x57, 0x2E, 0x05, 0xAB, 0x3C, 0x04, 0x2B, 0x8B, 0x06, 0x4C,
    0x88, 0x03, 0x76, 0x9A, 0xD2, 0x62, 0xA7, 0x12, 0x6A, 0x3C, 0x6C, 0xC5, 0xB0, 0x55, 0x05, 0xCB,
    0x17, 0xF6, 0x7E, 0x6E, 0x4E, 0xB9, 0xCF, 0x42, 0xD0, 0xCE, 0x11, 0x19, 0x4D, 0x7D, 0x16, 0xAC,
    0xEE, 0xF6, 0x9E, 0x78, 0x30, 0x64, 0xFC, 0x3E, 0x2C, 0xE4, 0xD7, 0x89, 0x3C, 0x18, 0x34, 0x0B,
    0x23, 0x99, 0x07, 0xA5, 0xCF, 0xAF, 0x95, 0x73, 0xFE, 0x3D, 0xD6, 0x39, 0x2A, 0x30, 0x68, 0x58,
    0x3D, 0x3C, 0xB9, 0x46, 0xE4, 0x51, 0xBD, 0xBF, 0x4D, 0xE7, 0x51, 0xB5, 0x7F, 0x7D, 0x78, 0xDF,
    0x90, 0x97, 0x57, 0x52, 0xCC, 0xA2, 0x8D, 0xFD, 0xC4, 0xEB, 0xCE, 0x45, 0xF4, 0x2C, 0x1C, 0x3B,
    0xF3, 0x49, 0x3D, 0x8B, 0x90, 0x7C, 0x0B, 0xDC, 0x80, 0x40, 0xD6, 0x7C, 0x9F, 0x41, 0xAF, 0x90,
    0xD9, 0xA3, 0xD4, 0xA3, 0xB6, 0xD0, 0x1E, 0x0D, 0xB3, 0xA1, 0x37, 0x65, 0x0D, 0x7C, 0xC8, 0xB7,
    0xA6, 0x54, 0xAE, 0xB5, 0xE8, 0x3E, 0x5A, 0x0B, 0xE7, 0x6D, 0x53, 0xB4, 0x0D, 0x4D, 0xAA, 0xCB,
    0xD8, 0x5B, 0x14, 0xE6, 0xB5, 0x65, 0x03, 0x06, 0xA5, 0x72, 0x52, 0x20, 0x0B, 0xB1, 0xED, 0x8B,
    0x1B, 0xB9, 0xC7, 0x44, 0xFE, 0xB6, 0x0D, 0x22, 0xAE, 0x86, 0x3C, 0xD4, 0xDB, 0xFC, 0xDE, 0xA5,
    0x1A, 0x08, 0x0D, 0x01, 0x11, 0x05, 0x8F, 0x55, 0x15, 0xF2, 0x38, 0x5D, 0xAA, 0xE7, 0x1F, 0x05,
    0x06, 0x37, 0x46, 0x3D, 0xB8, 0x94, 0xD0, 0xA5, 0xF0, 0x0A, 0xB1, 0x6F, 0x2A, 0x61, 0xB6, 0x02,
    0x62, 0xE6, 0xF4, 0xD5, 0x39, 0x63, 0xC8, 0x0C, 0x74, 0xCB, 0xEC, 0xB3, 0xBB, 0x21, 0xFB, 0x53,
    0xB0, 0xC1, 0xC7, 0xE5, 0x70, 0x08, 0xF5, 0xA1, 0x36, 0xD8, 0xBD, 0x56, 0xE4, 0x2F, 0x84, 0x28,
    0x43, 0xBC, 0xFF, 0xF2, 0xCF, 0xA6, 0xC2, 0xEF, 0x1A, 0x79, 0x48, 0x80, 0x49, 0xB5, 0x79, 0x36,
    0x15, 0x7E, 0xE7, 0x4C, 0x87, 0xCE, 0x66, 0xCC, 0xED, 0x78, 0x48, 0xB5, 0xD1, 0x10, 0x64, 0x60,
    0xB2, 0x0F, 0x08, 0x65, 0x83, 0x67, 0x15, 0xFB, 0x3C, 0x58, 0x8C, 0xC9, 0x6D, 0xD9, 0xD7, 0xB7,
    0x89, 0x23, 0xB5, 0x1F, 0x23, 0x32, 0xA8, 0xBF, 0x70, 0x06, 0xC3, 0xC8, 0x4C, 0x93, 0xED, 0xBB,
    0xAD, 0xF3, 0x09, 0xD1, 0x73, 0x73, 0x78, 0x3D, 0x94, 0x59, 0xFE, 0x3C, 0x9B, 0xC0, 0xD1, 0x4B,
    0x38, 0x43, 0xA3, 0x3E, 0xFB, 0xD9, 0x06, 0x8C, 0x6E, 0x38, 0x38, 0x41, 0xBB, 0xB5, 0x42, 0xD0,
    0x43, 0x73, 0xAC, 0x3D, 0x0B, 0xC9, 0xB4, 0x7B, 0x1A, 0xA8, 0xCD, 0x2E, 0x34, 0xF7, 0xA1, 0xEA,
    0xE3, 0xF8, 0x82, 0xFD, 0xDA, 0x83, 0x5B, 0x1B, 0x60, 0xCD, 0x00, 0x33, 0xE3, 0x30, 0x49, 0x55,
    0x71, 0xA3, 0x1D, 0x2A, 0x60, 0xD7, 0xB9, 0xA4, 0xD4, 0x3E, 0xC0, 0xCA, 0x91, 0x07, 0xF1, 0x18,
    0xD6, 0x86, 0x8D, 0x37, 0x5A, 0x57, 0x3F, 0x11, 0x5B, 0x17, 0x49, 0x97, 0xAF, 0x58, 0xE1, 0x8F,
    0xB6, 0x91, 0x96, 0x75, 0x6A, 0x5C, 0x9D, 0x2B, 0x23, 0x45, 0xFE, 0x42, 0x7E, 0x53, 0x75, 0x8A,
    0x06, 0x3F, 0x4C, 0x3E, 0xB0, 0xEE, 0xE4, 0x11, 0x52, 0xA0, 0x7D, 0x7A, 0x07, 0x42, 0x1F, 0x83,
    0x96, 0x29, 0xC4, 0x75, 0x2C, 0xC7, 0x7A, 0x83, 0x8A, 0xA3, 0x40, 0xC3, 0x40, 0x2A, 0x93, 0x6D,
    0x5A, 0x9D, 0x0F, 0x05, 0xE6, 0x15, 0xE1, 0xC1, 0x33, 0x91, 0xA4, 0x24, 0x35, 0xE5, 0x95, 0x61,
    0x19, 0xF4, 0x59, 0xCC, 0xDC, 0x47, 0xE9, 0xD5, 0x61, 0x71, 0xF6, 0xC6, 0x39, 0xC5, 0x44, 0x5D,
    0x1D, 0x16, 0x4D, 0x47, 0xC1, 0x9A, 0xF4, 0x5B, 0x10, 0x1F, 0xB2, 0x00, 0xDF, 0xF9, 0x39, 0xDA,
    0x5C, 0x0D, 0x6E, 0xDA, 0x40, 0x72, 0x78, 0x72, 0xD6, 0x39, 0xF5, 0x24, 0x3D, 0xD1, 0x5E, 0x3B,
    0x53, 0xD3, 0x44, 0x51, 0x79, 0xB4, 0xA1, 0x10, 0x5A, 0x46, 0xBF, 0x45, 0xE9, 0xD9, 0xC2, 0xDA,
    0x60, 0x8B, 0x8B, 0x47, 0x69, 0xB0, 0xB0, 0x59, 0x18, 0x7C, 0xAE, 0x81, 0xE3, 0x58, 0xFF, 0xB3,
    0xB6, 0xE5, 0xA2, 0x7B, 0x17, 0x4E, 0x94, 0x3C, 0x95, 0xBB, 0x4F, 0xB6, 0xB4, 0x74, 0xA2, 0x1B,
    0x8B, 0x26, 0xEB, 0xC5, 0x3C, 0x7D, 0x66, 0x98, 0x5B, 0x6C, 0xAF, 0xA7, 0xF2, 0x0A, 0x5A, 0x92,
    0x7E, 0x4A, 0xCC, 0x5A, 0x45, 0x86, 0xB6, 0x0F, 0x31, 0x76, 0x67, 0xC2, 0x86, 0x69, 0x6B, 0x2A,
    0x54, 0x2B, 0x9B, 0x93, 0xA8, 0x3E, 0xB7, 0x15, 0x1B, 0x26, 0xD1, 0xB9, 0x7E, 0x62, 0x9D, 0xC9,
    0x55, 0x3D, 0x96, 0xB8, 0x1E, 0x86, 0x6C, 0xC3, 0xA0, 0x2B, 0x0B, 0x7D, 0xCF, 0x8E, 0xD8, 0x6A,
    0x81, 0x04, 0x81, 0xFB, 0xD7, 0x1C, 0x12, 0xE8, 0xBC, 0x2F, 0xED, 0xA6, 0x43, 0x5F, 0xF3, 0x5C,
    0x78, 0xE9, 0x37, 0x86, 0xB7, 0xEA, 0xF5, 0x60, 0xDF, 0x72, 0x57, 0xA6, 0x6D, 0x1F, 0x4C, 0x4E,
    0x11, 0xD7, 0xF6, 0xD5, 0x95, 0x61, 0xBD, 0x8C, 0x13, 0xCB, 0x7A, 0x9E, 0x67, 0xD5, 0xC2, 0x21,
    0x4A, 0x22, 0x3A, 0x72, 0x04, 0x37, 0x4C, 0xF6, 0x27, 0xD0, 0xC3, 0x92, 0xF1, 0x2E, 0x93, 0x36,
    0xB4, 0x10, 0x5F, 0x7F, 0xDF, 0x92, 0x43, 0x8F, 0x74, 0x18, 0x79, 0x18, 0x64, 0x7A, 0x1F, 0x2A,
    0xF6, 0x3A, 0x84, 0xE4, 0x8A, 0xFA, 0x41, 0x78, 0x40, 0x78, 0xE2, 0x10, 0x8D, 0x73, 0x34, 0xD6,
    0xCE, 0xE3, 0x30, 0x35, 0x78, 0x90, 0x54, 0x67, 0xB3, 0x83, 0x6F, 0xFE, 0xA0, 0x24, 0x4F, 0xF8,
    0x5B, 0x81, 0xEB, 0xC7, 0xEF, 0xEF, 0x54, 0x12, 0x7D, 0xDA, 0xC7, 0xC6, 0xBB, 0xA8, 0x5E, 0xBB,
    0x8D, 0x37, 0xD5, 0xD8, 0x5B, 0xE4, 0x79, 0xD4, 0xA7, 0x88, 0x56, 0xCA, 0x17, 0xA1, 0xBA, 0xD0,
    0xD5, 0x04, 0x81, 0x78, 0x0A, 0x0D, 0xDB, 0xF2, 0xB1, 0x68, 0x48, 0x43, 0x38, 0x55, 0x4F, 0x6A,
    0x74, 0xBF, 0x68, 0xA6, 0x27, 0xF6, 0x2C, 0x7C, 0xA9, 0x8F, 0xE1, 0x2D, 0x7F, 0xE4, 0x18, 0xCE,
    0x38, 0xB4, 0xE6, 0xA8, 0xB4, 0x15, 0x25, 0xEC, 0x2C, 0xC8, 0x81, 0xE4, 0xCA, 0x31, 0xCC, 0x2E,
    0x03, 0x45, 0x58, 0x61, 0x00, 0x56, 0x80, 0xA8, 0xA5, 0x64, 0xFF, 0xCD, 0x22, 0x69, 0xF5, 0x48,
    0x46, 0x1A, 0xD5, 0x8F, 0xAA, 0xA6, 0xA1, 0xF6, 0x51, 0xD0, 0x94, 0x02, 0x5D, 0xDA, 0x01, 0x96,
    0xE3, 0x38, 0x82, 0x56, 0x9F, 0x0C, 0x56, 0xFF, 0xF5, 0x16, 0xF9, 0x3F, 0xC0, 0xFB, 0x4A, 0x8B,
    0xFC, 0xF6, 0xB0, 0x92, 0xFA, 0x30, 0x0C, 0x9D, 0xEE, 0xDB, 0xAB, 0xC3, 0xFA, 0x6A, 0xEB, 0xFE,
    0xF6, 0xB0, 0x18, 0xDC, 0x58, 0x99, 0x70, 0x5D, 0xE8, 0x01, 0xD0, 0xCE, 0xFA, 0xF5, 0x76, 0x86,
    0x23, 0xC3, 0x90, 0xF0, 0xD9, 0xFB, 0xF4, 0xE9, 0x4B, 0x08, 0x7F, 0x9B, 0x08, 0xB1, 0x4E, 0xA1,
    0x23, 0x4A, 0xDC, 0xA8, 0x31, 0xE5, 0xFD, 0xD6, 0xDC, 0xAA, 0x5B, 0xFE, 0x1A, 0x60, 0x6E, 0x46,
    0xDE, 0x1C, 0x29, 0xD8, 0x57, 0x82, 0xB2, 0x30, 0x2D, 0xA7, 0xE8, 0x07, 0xDF, 0xE0, 0x2C, 0xE0,
    0x60, 0xEB, 0x6E, 0xEC, 0x09, 0x93, 0x73, 0x9C, 0x06, 0xF6, 0x46, 0x7B, 0x41, 0xC7, 0x94, 0xC3,
    0x66, 0x60, 0x21, 0x16, 0xB7, 0xA5, 0xB0, 0x97, 0x29, 0x34, 0x91, 0xC1, 0x66, 0x0A, 0x68, 0x75,
    0x85, 0x76, 0x6C, 0x23, 0xCC, 0xA6, 0x8B, 0x53, 0xB8, 0x40, 0xE3, 0xB7, 0xA5, 0xE4, 0x6A, 0x3B,
    0x78, 0x2D, 0xAF, 0x0E, 0x8F, 0x35, 0x04, 0xE4, 0x29, 0xCB, 0xE9, 0xD5, 0x61, 0xF9, 0x5D, 0x94,
    0x29, 0x69, 0x78, 0xBF, 0x3A, 0x9F, 0xD4, 0x37, 0xB2, 0x49, 0xB0, 0xEF, 0x9F, 0x5F, 0xAC, 0xE4,
    0xDA, 0xB8, 0x8E, 0x3D, 0xFB, 0xDE, 0xC8, 0xB3, 0x50, 0x87, 0x82, 0x3C, 0x71, 0xC2, 0xC7, 0x8E,
    0x20, 0x97, 0xDF, 0xC1, 0x17, 0xDE, 0xA9, 0xB7, 0xBF, 0xBE, 0x95, 0xFD, 0xAC, 0x77, 0xDA, 0xA7,
    0x8F, 0xF0, 0x53, 0x58, 0xDD, 0xBB, 0x76, 0x08, 0x7F, 0xC5, 0x85, 0xDF, 0x35, 0x98, 0x41, 0xFE,
    0x71, 0x9A, 0x47, 0x5F, 0x76, 0x55, 0x74, 0x1A, 0x9A, 0x81, 0x86, 0xB8, 0x40, 0xC5, 0x4A, 0xB3,
    0x82, 0x42, 0x5E, 0xC3, 0x6A, 0x8C, 0x8B, 0xA1, 0x63, 0xD4, 0xFF, 0x47, 0xD6, 0xA5, 0xB3, 0x4E,
    0xA6, 0xA0, 0x39, 0x7B, 0xF6, 0x27, 0x12, 0x03, 0x07, 0x4F, 0x6F, 0xFB, 0xF0, 0xFE, 0x7F, 0xA6,
    0xFB, 0xDF, 0xBD, 0x5A, 0x3D, 0x8C, 0xDC, 0xD6, 0x11, 0x1E, 0x2E, 0x6D, 0x13, 0x0A, 0x11, 0xD3,
    0x01, 0x54, 0x28, 0x96, 0x2D, 0x36, 0x2A, 0xE5, 0x63, 0x93, 0xC2, 0x40, 0x96, 0x4B, 0x2A, 0x06,
    0xE2, 0x22, 0x85, 0xD5, 0xB8, 0x56, 0x93, 0x5E, 0x2E, 0xAE, 0x38, 0x24, 0xBB, 0x5A, 0x3A, 0x2A,
    0x5C, 0xA4, 0x88, 0x9A, 0xD4, 0x4E, 0x91, 0x3E, 0x2A, 0x2E, 0xC0, 0x21, 0x58, 0x69, 0x69, 0x0B,
    0x48, 0x93, 0xC2, 0x54, 0x82, 0xC0, 0xA5, 0x19, 0x5B, 0x81, 0xBB, 0x98, 0x88, 0x69, 0x98, 0xB6,
    0xF7, 0x96, 0xF9, 0xBE, 0x79, 0x8F, 0xDC, 0xBD, 0x3F, 0xC5, 0xD2, 0xDD, 0xED, 0xDE, 0xF1, 0xDD,
    0xDE, 0x1D, 0xF7, 0xCD, 0x37, 0xF3, 0xE6, 0xCD, 0xFB, 0x66, 0x86, 0x22, 0xFA, 0x0A, 0xDB, 0x5C,
    0x24, 0xE2, 0xB0, 0x7A, 0xB9, 0x35, 0x06, 0xBF, 0xC1, 0x10, 0x70, 0x88, 0x66, 0x18, 0x26, 0x63,
    0x0C, 0x0B, 0x0C, 0x4E, 0x1D, 0xE3, 0x8E, 0x6A, 0x84, 0x3B, 0x0A, 0x0C, 0x41, 0x96, 0xE0, 0x0E,
    0x7C, 0xC9, 0x88, 0xC3, 0xBE, 0x44, 0xA9, 0xD3, 0xB6, 0x6D, 0xEA, 0x62, 0xC8, 0xBC, 0x42, 0x82,
    0x3C, 0xC8, 0x31, 0x44, 0xA9, 0xF8, 0x39, 0xEE, 0xF4, 0x73, 0x95, 0x78, 0x48, 0xA0, 0x44, 0xB5,
    0x38, 0xED, 0x52, 0xDC, 0x32, 0x4A, 0xBD, 0x2C, 0x48, 0x31, 0x2D, 0xAE, 0x9B, 0xA9, 0x33, 0x6F,
    0x25, 0xFC, 0xE6, 0x26, 0xA6, 0xDE, 0x92, 0x19, 0xC6, 0x85, 0xDC, 0x97, 0xFB, 0xDE, 0x42, 0xA6,
    0xED, 0x18, 0xF8, 0x86, 0xF8, 0xE0, 0x05, 0x27, 0xC3, 0xCD, 0x1E, 0x66, 0x0B, 0x5A, 0x7C, 0x64,
    0xD0, 0x6C, 0x46, 0x87, 0x2B, 0x90, 0x48, 0x81, 0x83, 0xFD, 0x33, 0xD0, 0xE1, 0x38, 0xA8, 0x63,
    0x42, 0x6D, 0x08, 0xB5, 0x22, 0xD4, 0x92, 0x50, 0x73, 0x42, 0x4D, 0x23, 0x0B, 0x35, 0x96, 0x50,
    0x84, 0x28, 0x0D, 0xD4, 0x12, 0x5A, 0x10, 0x54, 0x1E, 0x64, 0x84, 0x2A, 0x3D, 0x54, 0x91, 0x97,
    0x89, 0x6E, 0x87, 0xC3, 0x1C, 0xC6, 0x92, 0x24, 0x35, 0x50, 0xDB, 0xA7, 0x84, 0x0A, 0x30, 0x03,
    0x7C, 0xDE, 0xE7, 0xED, 0x40, 0xEC, 0x55, 0x9C, 0xF1, 0x1E, 0xAE, 0x01, 0xDF, 0xC1, 0x4C, 0x42,
    0x44, 0x6B, 0x2F, 0xA7, 0x2D, 0xE8, 0x5A, 0x0B, 0x91, 0xE5, 0xF5, 0x39, 0xB5, 0x8C, 0x52, 0xBF,
    0x90, 0x1F, 0x00, 0x28, 0xB5, 0xE4, 0x1D, 0x23, 0x0E, 0x31, 0x87, 0x71, 0x3F, 0xCC, 0xFA, 0x77,
    0x13, 0x0E, 0x50, 0x62, 0x5B, 0xA2, 0xCC, 0x69, 0x24, 0x78, 0x7C, 0xB9, 0x12, 0x2C, 0x09, 0x3E,
    0x3D, 0xD5, 0x65, 0x0E, 0xCC, 0xBF, 0xF9, 0x89, 0x41, 0x79, 0x68, 0x1D, 0x5A, 0xF1, 0xEA, 0x30,
    0x0B, 0xF2, 0x17, 0x68, 0x2F, 0x95, 0x43, 0x31, 0x43, 0x3B, 0x75, 0xAC, 0x7F, 0xBB, 0x84, 0x79,
    0xEF, 0x63, 0x19, 0x79, 0x3F, 0x21, 0x39, 0xBA, 0x1F, 0x68, 0xB1, 0x07, 0x15, 0x6D, 0xBE, 0xB7,
    0x41, 0x65, 0x1C, 0x58, 0xD4, 0x87, 0x33, 0x8D, 0xB8, 0x12, 0xA7, 0x55, 0x24, 0x50, 0x45, 0xD2,
    0xEE, 0xDD, 0xC6, 0x16, 0x04, 0x56, 0x1B, 0xD4, 0xE6, 0xE7, 0x69, 0x75, 0x18, 0x54, 0x14, 0xF6,
    0x17, 0xCE, 0x94, 0x10, 0xDD, 0xF3, 0x1B, 0xD2, 0x61, 0x0B, 0x3B, 0x26, 0x78, 0x60, 0xF7, 0x64,
    0x7A, 0x3A, 0x1D, 0x9C, 0xBB, 0x17, 0xF1, 0xE7, 0xAF, 0xEA, 0x23, 0x3A, 0xA8, 0xB8, 0xB6, 0x6D,
    0xB0, 0xEA, 0x4E, 0x8B, 0x1D, 0x0E, 0x1D, 0xB0, 0x87, 0x82, 0x1C, 0x9B, 0xD8, 0xCF, 0xDD, 0x42,
    0xBC, 0x1C, 0xBB, 0xC9, 0x2B, 0x00, 0xC5, 0xCB, 0x75, 0x80, 0x72, 0xBE, 0x6E, 0xEC, 0x0C, 0xAB,
    0x1A, 0x12, 0x41, 0x42, 0x5D, 0xEF, 0x43, 0x26, 0x22, 0xDE, 0x48, 0x6E, 0x15, 0xD8, 0xA3, 0x2D,
    0xF6, 0x77, 0x7B, 0x57, 0x05, 0xC4, 0xAF, 0x10, 0x97, 0x82, 0xDB, 0xC6, 0xB0, 0xC7, 0x5D, 0x5A,
    0x17, 0x12, 0x15, 0x95, 0x0C, 0xDA, 0xA6, 0x82, 0x2A, 0x5B, 0x90, 0x97, 0x05, 0x25, 0x66, 0x81,
    0xA8, 0x11, 0x44, 0x40, 0x05, 0x0C, 0x43, 0x33, 0xF8, 0x19, 0x7E, 0x85, 0x27, 0x8E, 0x34, 0x58,
    0xBC, 0xDB, 0x32, 0xBA, 0x7E, 0x81, 0x45, 0x59, 0x72, 0x83, 0x4F, 0x29, 0x64, 0xDE, 0xC2, 0x59,
    0x17, 0xCE, 0x3C, 0x15, 0xD8, 0x30, 0x97, 0x1A, 0xD3, 0x40, 0x0F, 0xB7, 0x84, 0x1E, 0x6E, 0xE5,
    0x72, 0x98, 0xB7, 0x05, 0x07, 0x28, 0x05, 0x15, 0x5C, 0xA3, 0x4C, 0x60, 0x03, 0x54, 0x98, 0x62,
    0xF2, 0x04, 0xE1, 0xC2, 0x59, 0x00, 0xC1, 0xCD, 0x4A, 0x12, 0x9A, 0x24, 0x69, 0x1F, 0x4B, 0xBF,
    0x76, 0x43, 0xB5, 0x53, 0x6E, 0x07, 0x48, 0x01, 0xFA, 0xFA, 0x18, 0xF4, 0x25, 0xD1, 0x17, 0xC7,
    0xA0, 0xCF, 0x8E, 0x47, 0xAF, 0xAF, 0x01, 0xFD, 0xC7, 0x6D, 0x9B, 0xF5, 0xCD, 0xC1, 0x28, 0xCA,
    0x41, 0xB7, 0x22, 0x17, 0xC5, 0x06, 0x36, 0x97, 0xA1, 0xC5, 0x2D, 0xBA, 0x10, 0xE7, 0xF3, 0x36,
    0x9F, 0xC6, 0x56, 0x8F, 0xD3, 0xED, 0xAA, 0x5B, 0x4D, 0x7D, 0x6F, 0xE5, 0x80, 0x3A, 0x4C, 0x09,
    0x7E, 0xAE, 0x1A, 0x04, 0xF0, 0xDB, 0xF0, 0xD0, 0xA9, 0x17, 0x36, 0x74, 0xAC, 0xD4, 0x7B, 0x1C,
    0xE6, 0x01, 0x22, 0xF8, 0x16, 0xC2, 0x18, 0x0C, 0xA1, 0xD7, 0xD0, 0x9A, 0x20, 0x56, 0x6F, 0x7D,
    0x4E, 0xC2, 0x62, 0x0A, 0xA9, 0xB8, 0x7F, 0x0E, 0xE3, 0x3B, 0xD9, 0x25, 0x22, 0xA4, 0x53, 0xB7,
    0x84, 0x18, 0x65, 0x1B, 0xD2, 0x61, 0x50, 0xE0, 0x63, 0xD9, 0x81, 0x53, 0xEF, 0x59, 0x75, 0x38,
    0x31, 0x48, 0x9D, 0xB3, 0x0E, 0xB2, 0x4B, 0x0E, 0x60, 0x7F, 0x9E, 0x52, 0x87, 0xEF, 0x0F, 0x55,
    0x9E, 0x09, 0xEA, 0x1F, 0x39, 0x0D, 0xDF, 0xB8, 0x04, 0xAC, 0xDC, 0xE6, 0x7B, 0x43, 0xBD, 0x24,
    0xE1, 0xBF, 0x1F, 0x88, 0x47, 0x1F, 0xC7, 0x26, 0xD5, 0x7F, 0x10, 0xE4, 0x32, 0x35, 0x67, 0xA6,
    0x73, 0xF7, 0x52, 0x1F, 0x9B, 0xF2, 0x83, 0xB1, 0xE9, 0x7C, 0x5D, 0xE8, 0x8D, 0x52, 0xBC, 0x2F,
    0x52, 0x6E, 0x7C, 0x91, 0x97, 0x4E, 0xE9, 0x42, 0x0E, 0x05, 0xFA, 0x44, 0x37, 0x6A, 0x2C, 0xA9,
    0x5B, 0xBD, 0x06, 0x0C, 0x53, 0xEB, 0x07, 0x45, 0xC8, 0x83, 0xE2, 0xC2, 0x09, 0x07, 0x45, 0xD2,
    0x66, 0x63, 0xE0, 0x4C, 0x67, 0x24, 0x31, 0x63, 0xDE, 0x30, 0xA1, 0x44, 0x98, 0xEA, 0x01, 0x0F,
    0x8A, 0x7D, 0x50, 0x9E, 0xCB, 0x0B, 0x84, 0x8C, 0x25, 0xD0, 0xCC, 0x1F, 0x13, 0xD2, 0x96, 0x68,
    0x94, 0xF7, 0x1F, 0xAE, 0xA8, 0xC7, 0xE5, 0xFA, 0x1A, 0xD4, 0x1C, 0x3A, 0x4D, 0xB0, 0x70, 0x4B,
    0xB7, 0xF1, 0x73, 0xA7, 0x86, 0xB4, 0x0A, 0xC6, 0xC1, 0xE5, 0xE0, 0x1A, 0x94, 0x41, 0xE6, 0x16,
    0x01, 0x82, 0xBA, 0x57, 0x47, 0xF9, 0x80, 0x16, 0x99, 0xFE, 0x36, 0x33, 0xE6, 0x0B, 0xE4, 0xC7,
    0x8C, 0xEA, 0xD7, 0x17, 0x6B, 0x07, 0xF9, 0xAE, 0xC6, 0x5B, 0x9A, 0x2A, 0x2C, 0x37, 0xA8, 0x9B,
    0x97, 0xED, 0x8A, 0xFB, 0x88, 0x67, 0x45, 0xCE, 0x7B, 0xCE, 0x47, 0x37, 0x8F, 0x83, 0xF2, 0x53,
    0x2F, 0xDB, 0xE4, 0xBA, 0x0D, 0xED, 0x0C, 0x43, 0x39, 0xB7, 0x75, 0x3B, 0x6F, 0x15, 0xF8, 0x7A,
    0xB1, 0x63, 0xC0, 0x66, 0x78, 0x4D, 0xEC, 0x06, 0x17, 0x9E, 0x81, 0x74, 0x4E, 0x55, 0xF0, 0xF5,
    0xF3, 0x55, 0xD4, 0x44, 0x85, 0x90, 0x81, 0xA9, 0x19, 0xAD, 0x2F, 0x62, 0xC3, 0x18, 0x8B, 0xA1,
    0x61, 0x14, 0xA9, 0x11, 0x45, 0x9C, 0x0A, 0x51, 0x64, 0x50, 0xE1, 0x7E, 0x57, 0x87, 0x12, 0x51,
    0x04, 0xA4, 0x00, 0x81, 0x26, 0xD7, 0x41, 0xB3, 0x16, 0x48, 0x59, 0x31, 0x9C, 0x50, 0x34, 0xD3,
    0x19, 0xD1, 0x16, 0x31, 0x2D, 0x36, 0x21, 0x79, 0x9B, 0x29, 0xDF, 0x9A, 0xD0, 0xC6, 0xB8, 0xF9,
    0x4E, 0xB1, 0x12, 0x59, 0x9B, 0x68, 0xC5, 0x8B, 0xD9, 0x00, 0x43, 0x95, 0xFB, 0xF7, 0x25, 0x82,
    0x0D, 0x52, 0xB8, 0x06, 0x1A, 0x95, 0xA4, 0x1F, 0x2E, 0x64, 0x78, 0x79, 0x08, 0x1B, 0x45, 0xA0,
    0x09, 0x5B, 0xD0, 0x8B, 0x3C, 0x67, 0xA8, 0x86, 0x0F, 0x31, 0xF9, 0x96, 0xEC, 0x51, 0xD8, 0x4C,
    0xBF, 0x17, 0x3A, 0xAA, 0x2A, 0x41, 0xCB, 0xB8, 0x18, 0xEA, 0xA8, 0x8A, 0x40, 0x0D, 0x1D, 0x4B,
    0xFD, 0xC6, 0x9F, 0x41, 0xD8, 0x74, 0x84, 0x47, 0x93, 0x42, 0x52, 0x1D, 0x1D, 0x33, 0xDA, 0x0E,
    0xDF, 0xA1, 0x66, 0x47, 0xAA, 0x92, 0xD1, 0x89, 0xE3, 0x48, 0x55, 0x89, 0x0D, 0x65, 0x26, 0xF2,
    0xA8, 0x25, 0x17, 0xAA, 0x0C, 0xFA, 0xBF, 0xEE, 0x2B, 0x7A, 0x1F, 0xE8, 0x83, 0x82, 0x24, 0x10,
    0x97, 0x10, 0xBD, 0x9F, 0x03, 0x79, 0x36, 0x32, 0xE8, 0xC5, 0xA0, 0x37, 0xC8, 0x6B, 0x4E, 0x16,
    0xFD, 0x86, 0xD1, 0x36, 0x97, 0x72, 0xBA, 0xCA, 0x25, 0x40, 0xD7, 0x1C, 0x52, 0x36, 0xBA, 0x20,
    0xE3, 0x74, 0x68, 0x3D, 0x71, 0x64, 0xAF, 0x89, 0x25, 0xB2, 0x33, 0xB3, 0x78, 0xD2, 0x98, 0x94,
    0x44, 0xAD, 0xC9, 0x64, 0xA8, 0x22, 0xE5, 0xE3, 0xE9, 0xC0, 0x94, 0xF9, 0x1E, 0x20, 0xEE, 0x74,
    0xA4, 0x03, 0xB9, 0x60, 0xC8, 0xF5, 0xA5, 0xD5, 0x69, 0x8B, 0x82, 0x47, 0x16, 0x7C, 0xD0, 0xEF,
    0x34, 0x0F, 0x54, 0xDA, 0x96, 0x05, 0x92, 0x60, 0xDD, 0xA6, 0xAD, 0x9C, 0x07, 0x30, 0x4C, 0x3B,
    0x5F, 0x9B, 0x39, 0x01, 0x29, 0xEE, 0x91, 0x64, 0x07, 0x90, 0xC4, 0xFA, 0x3D, 0xD4, 0x99, 0x99,
    0xE5, 0x5D, 0x1D, 0xA4, 0x12, 0xD3, 0xF1, 0x96, 0xD8, 0x3E, 0xF5, 0x99, 0x03, 0x1B, 0x87, 0x69,
    0xB2, 0x14, 0xBF, 0x7E, 0x7A, 0x60, 0xED, 0x3E, 0x31, 0x28, 0x63, 0xB6, 0xEE, 0xD3, 0x7B, 0xCD,
    0xB8, 0xF3, 0x4E, 0xA6, 0x11, 0x6A, 0x7F, 0x75, 0x4A, 0xC8, 0x84, 0xC8, 0x97, 0x35, 0xE1, 0x47,
    0xBA, 0x0F, 0x06, 0xCC, 0x25, 0xF1, 0x8C, 0x4B, 0xF5, 0x46, 0x4F, 0x91, 0x77, 0xAC, 0x44, 0x1A,
    0x79, 0x46, 0x64, 0x4D, 0x5F, 0x34, 0xAB, 0x09, 0xA3, 0x5C, 0xD3, 0x7F, 0x02, 0x6D, 0xC4, 0xE2,
    0x4A, 0xA1, 0x5E, 0x5F, 0xF4, 0x2B, 0xF7, 0x6C, 0xD8, 0x92, 0x62, 0x9A, 0x23, 0xAF, 0xC9, 0xC0,
    0xE0, 0xD3, 0x00, 0x9F, 0xDC, 0x02, 0x84, 0x18, 0x62, 0xC6, 0x14, 0x4F, 0x8B, 0x23, 0x2C, 0xA9,
    0xE1, 0x75, 0x03, 0x59, 0x01, 0x76, 0x0B, 0x59, 0x41, 0x56, 0x98, 0xDD, 0x45, 0x56, 0x28, 0x35,
    0x19, 0x4B, 0x27, 0xDC, 0x02, 0x30, 0x20, 0x0C, 0x10, 0xA7, 0x50, 0x30, 0x6E, 0x61, 0x43, 0x91,
    0x06, 0xA3, 0x41, 0x1D, 0xE6, 0x16, 0x18, 0xAF, 0x88, 0x37, 0xD7, 0x6E, 0xEE, 0x2C, 0xFC, 0x92,
    0x97, 0xEC, 0xBA, 0x07, 0x38, 0x7B, 0x52, 0x04, 0x30, 0x07, 0x03, 0xC8, 0x16, 0x96, 0x8F, 0x69,
    0x06, 0x03, 0xC8, 0x18, 0x2B, 0xC8, 0x00, 0xB2, 0x07, 0x65, 0xB8, 0x05, 0x2B, 0x89, 0xA1, 0xF4,
    0x10, 0x72, 0xC6, 0xB0, 0xE3, 0x1E, 0x4D, 0xCF, 0xA8, 0x0C, 0x49, 0x3E, 0xC3, 0xD6, 0x37, 0x3A,
    0x95, 0x52, 0x2E, 0x6E, 0x51, 0xE7, 0x6B, 0xFC, 0xCF, 0xFF, 0xA0, 0x3A, 0x40, 0x83, 0x17, 0x36,
    0x8C, 0x9A, 0xA8, 0xBE, 0xC6, 0xC3, 0x0E, 0x91, 0xB1, 0xBC, 0x3B, 0x45, 0x0D, 0x0F, 0xCB, 0x0C,
    0x0F, 0x1B, 0xD2, 0x42, 0x43, 0xDA, 0x27, 0xD6, 0xD3, 0xE4, 0x67, 0x0B, 0x66, 0x20, 0x95, 0x09,
    0x9B, 0xD6, 0x91, 0xBF, 0x83, 0x0F, 0x3E, 0x5A, 0x13, 0x4A, 0xA3, 0xED, 0x59, 0x79, 0xD5, 0x9A,
    0x23, 0x77, 0xC1, 0x34, 0x37, 0xD2, 0x7C, 0xB3, 0x26, 0x7A, 0x24, 0x74, 0x7B, 0xE2, 0x36, 0x44,
    0x40, 0x42, 0x52, 0x2A, 0x66, 0x24, 0x66, 0x0D, 0x32, 0x5E, 0x18, 0x7B, 0x9F, 0xE6, 0x46, 0xD6,
    0x56, 0x05, 0x70, 0x9D, 0x12, 0xBE, 0xE8, 0xFE, 0x0B, 0xB7, 0x79, 0x1F, 0x63, 0x5A, 0xFF, 0x93,
    0x92, 0x2C, 0x12, 0xEF, 0x82, 0x05, 0xD4, 0x0C, 0x4A, 0x1E, 0x7F, 0x88, 0x69, 0xA6, 0xB8, 0x15,
    0x99, 0xFC, 0xCD, 0x67, 0x5A, 0x0A, 0x00, 0x13, 0x22, 0xB1, 0x0B, 0xCA, 0xD7, 0x73, 0x1C, 0xAE,
    0xF4, 0x87, 0xDF, 0x8B, 0x5D, 0xC2, 0xE8, 0x94, 0x27, 0x9D, 0x04, 0x88, 0xFD, 0x5E, 0x9E, 0x40,
    0x81, 0x85, 0xF8, 0xEF, 0x95, 0x12, 0xDC, 0xCC, 0x34, 0xCD, 0xE7, 0x86, 0x8F, 0xB0, 0xF2, 0xD1,
    0x5B, 0xC8, 0x19, 0x21, 0x6D, 0x08, 0x61, 0x63, 0x95, 0x55, 0xC3, 0x16, 0x33, 0x23, 0xED, 0x25,
    0x5B, 0x3E, 0xB3, 0x07, 0x2A, 0xE7, 0x25, 0x65, 0xE1, 0x39, 0x79, 0xD2, 0x9C, 0xE1, 0x13, 0xE7,
    0xBC, 0x61, 0x27, 0x29, 0x8D, 0x15, 0x2F, 0xAE, 0x0E, 0xCD, 0x23, 0x51, 0xA4, 0x34, 0x17, 0x39,
    0x37, 0x57, 0x99, 0x57, 0x6F, 0xFC, 0xB4, 0xDF, 0x0B, 0x66, 0x17, 0xBC, 0xFD, 0x76, 0x4A, 0xA6,
    0x6D, 0x88, 0x76, 0x4A, 0xBD, 0xB1, 0x85, 0xB0, 0xC3, 0xAF, 0xDA, 0xF3, 0xD1, 0xE9, 0xC3, 0x74,
    0xA1, 0x31, 0x61, 0x3D, 0x4C, 0x8B, 0x3D, 0xA0, 0xFA, 0x18, 0x14, 0x6B, 0x62, 0x10, 0xE5, 0x67,
    0x0C, 0xCB, 0x9A, 0x73, 0xCF, 0x72, 0x93, 0x1D, 0x33, 0xA7, 0x6F, 0x73, 0x88, 0x43, 0x18, 0x8E,
    0x04, 0xA5, 0x75, 0xF8, 0xFC, 0x5E, 0xC8, 0x40, 0xF7, 0x89, 0xD1, 0xD6, 0x29, 0x18, 0x9C, 0xBC,
    0x4C, 0xC5, 0x36, 0xB2, 0x8D, 0xAB, 0x02, 0xEA, 0x12, 0xDC, 0x23, 0xC7, 0x7E, 0x4F, 0x9F, 0x19,
    0x75, 0x7D, 0xCF, 0xA9, 0x4A, 0xE7, 0xBF, 0xF9, 0xE0, 0xB3, 0xCC, 0xFD, 0xF8, 0x4C, 0x4D, 0x37,
    0xC6, 0xB5, 0x04, 0x88, 0xA5, 0x06, 0x91, 0x27, 0x83, 0x38, 0x61, 0xFD, 0xEE, 0xE4, 0xC1, 0x2F,
    0xCA, 0xC0, 0x2F, 0x43, 0x37, 0x3F, 0x1E, 0x44, 0x57, 0xAB, 0xEA, 0x0E, 0x2B, 0x5A, 0xAC, 0xB9,
    0x00, 0xA3, 0xCE, 0xC4, 0xF9, 0x0E, 0x51, 0xBE, 0x35, 0xD5, 0xAE, 0x08, 0xA0, 0xE6, 0x00, 0xF5,
    0xDE, 0xBA, 0x65, 0x78, 0xF6, 0xFD, 0xFE, 0xED, 0x1B, 0x20, 0x3E, 0x55, 0x84, 0x74, 0x0C, 0x6B,
    0x51, 0xC3, 0xA6, 0xF8, 0x1A, 0x94, 0xEE, 0x23, 0xF7, 0x3F, 0xDE, 0xC2, 0x2F, 0xA6, 0xD9, 0x9F,
    0x34, 0x8C, 0x47, 0x90, 0x0D, 0xD6, 0x5A, 0x86, 0x45, 0xB7, 0x41, 0xF5, 0xC8, 0xBF, 0xDF, 0x45,
    0x2F, 0xA7, 0x23, 0x23, 0x2D, 0x21, 0x20, 0x0C, 0x35, 0xA4, 0x90, 0xB5, 0xF3, 0x5D, 0x8E, 0xD9,
    0xBE, 0x44, 0x4C, 0x76, 0x3F, 0x2B, 0xC1, 0x0D, 0x3F, 0xAD, 0xC8, 0x0D, 0x2B, 0x16, 0x8C, 0x1A,
    0x56, 0xBF, 0x66, 0x2C, 0x7C, 0x8D, 0x59, 0x35, 0x8A, 0xC9, 0x0D, 0x23, 0x72, 0xC3, 0x90, 0xD2,
    0x82, 0x5B, 0xD0, 0x0C, 0xFB, 0x2D, 0x16, 0x6F, 0x89, 0x00, 0xE1, 0xEE, 0x43, 0x39, 0xCD, 0x93,
    0x59, 0xC6, 0xA5, 0x43, 0x45, 0xD6, 0xCF, 0x6C, 0x3F, 0xE0, 0xC3, 0xA5, 0xB8, 0x9F, 0x74, 0x5C,
    0xD0, 0xB5, 0x5C, 0xD0, 0xD5, 0x50, 0x1E, 0x1A, 0x2E, 0xA8, 0xA1, 0x3C, 0xB6, 0xA1, 0xBC, 0x63,
    0x54, 0xE7, 0x0E, 0xB7, 0x8F, 0x67, 0xE1, 0x41, 0x46, 0xDF, 0xC7, 0xB3, 0x67, 0x46, 0xDE, 0x6D,
    0xB6, 0x5D, 0x1B, 0xBF, 0xB6, 0xD7, 0x36, 0x9B, 0x5C, 0x7D, 0x81, 0xCE, 0xC6, 0x25, 0x52, 0x5E,
    0xB2, 0xA9, 0xD5, 0x61, 0xFE, 0xEF, 0x22, 0xFF, 0x97, 0xC5, 0xA9, 0x57, 0x66, 0xA7, 0x6F, 0x6B,
    0xE8, 0xC0, 0x70, 0x22, 0x3F, 0xD1, 0x21, 0x60, 0x33, 0x25, 0x20, 0xCB, 0x0C, 0x6A, 0x10, 0x97,
    0x90, 0x2D, 0x8E, 0xC8, 0xD4, 0x33, 0x31, 0x70, 0x1E, 0x25, 0xCD, 0x3A, 0x13, 0xA6, 0x1A, 0x89,
    0xE1, 0xCD, 0x35, 0xFE, 0x0A, 0x03, 0x8D, 0x39, 0xEC, 0x3D, 0xD9, 0x12, 0xE5, 0x49, 0x96, 0xC8,
    0x68, 0x89, 0xF4, 0x04, 0x4B, 0xEC, 0xD3, 0x12, 0x8B, 0x7E, 0xE1, 0x67, 0x5D, 0xD0, 0x8F, 0x2A,
    0xC3, 0x0A, 0x8F, 0xB7, 0x84, 0xB7, 0x6E, 0x09, 0xB5, 0x42, 0xAC, 0x56, 0x88, 0xD6, 0x56, 0x7A,
    0x68, 0xA6, 0x63, 0x5F, 0x26, 0x28, 0x0D, 0x79, 0xB5, 0x83, 0x9C, 0xD4, 0x01, 0x48, 0x4D, 0x66,
    0x9A, 0xF9, 0x85, 0xA9, 0x2D, 0xBB, 0x45, 0x64, 0x1B, 0x4D, 0x6E, 0xA9, 0x2D, 0xA7, 0x71, 0x37,
    0x14, 0x63, 0x9E, 0xFC, 0x63, 0x32, 0xB2, 0x09, 0x23, 0xA5, 0xB2, 0xAE, 0x28, 0x75, 0x90, 0x16,
    0x95, 0x7D, 0xF5, 0xFC, 0x96, 0xF6, 0xAF, 0x4E, 0x2C, 0x72, 0xB2, 0x7A, 0xCE, 0x0C, 0x06, 0x42,
    0xDC, 0x62, 0xA4, 0x22, 0xDC, 0x72, 0x88, 0xF7, 0xAC, 0xD9, 0x42, 0xA7, 0x9C, 0x9D, 0x37, 0x56,
    0xCF, 0xFD, 0x3E, 0xB7, 0xAC, 0xE9, 0x9C, 0x73, 0x5A, 0x2A, 0x2A, 0x37, 0xA9, 0xC3, 0x89, 0x45,
    0xCE, 0x67, 0xD0, 0xC1, 0x7B, 0x93, 0xD4, 0xF5, 0x7D, 0x0C, 0x23, 0x86, 0xE1, 0xBA, 0xDE, 0xA0,
    0x22, 0xB2, 0xFD, 0x8E, 0x38, 0x5F, 0xD5, 0xE2, 0x7E, 0x0E, 0x22, 0xF0, 0xD6, 0xE9, 0x95, 0x71,
    0xB4, 0x24, 0xC7, 0xDE, 0xED, 0xBE, 0xFE, 0x04, 0xE8, 0x99, 0xE9, 0x5E, 0x6A, 0x01, 0x80, 0xD0,
    0x1B, 0x43, 0x41, 0xB5, 0x79, 0x12, 0x59, 0xAE, 0x3A, 0xB2, 0x3F, 0x27, 0xAC, 0xB8, 0xE3, 0x63,
    0x63, 0x31, 0x20, 0x67, 0xB6, 0x92, 0x38, 0xB3, 0xFC, 0x55, 0x55, 0x32, 0xF7, 0x85, 0x99, 0xF9,
    0x9C, 0x76, 0x4D, 0xD8, 0x8B, 0xD5, 0x2A, 0x71, 0x79, 0x59, 0x93, 0x3B, 0x7C, 0xF8, 0x7D, 0x1E,
    0x45, 0x32, 0x6D, 0x42, 0x26, 0xDC, 0x12, 0xD6, 0x80, 0x07, 0x8D, 0xC2, 0xB6, 0x76, 0xEB, 0xF0,
    0xC1, 0xF5, 0x05, 0xB4, 0xAA, 0x65, 0x14, 0xF2, 0x98, 0xDD, 0x1A, 0xF1, 0xFE, 0x65, 0xAC, 0xE3,
    0x50, 0x39, 0xEC, 0x58, 0x59, 0x2C, 0x34, 0x2C, 0x28, 0x23, 0xA9, 0x24, 0x8D, 0xDE, 0x5D, 0x36,
    0x5E, 0x15, 0xB4, 0xF5, 0x9C, 0xF3, 0x64, 0x97, 0x95, 0x9E, 0xDF, 0xE8, 0xCE, 0x2D, 0xB2, 0x34,
    0x53, 0xDF, 0xBC, 0xB4, 0xAA, 0x91, 0x6A, 0xF1, 0x77, 0xC1, 0x9C, 0x62, 0xAE, 0xFD, 0x1B, 0x1E,
    0xED, 0x21, 0x09, 0x86, 0x4A, 0xB5, 0x4D, 0x15, 0xE4, 0x31, 0x0B, 0xD6, 0x48, 0x2B, 0xEC, 0x8B,
    0x25, 0x88, 0xC2, 0xBB, 0x35, 0x17, 0x6C, 0x61, 0x2B, 0x3C, 0x91, 0xD8, 0xA5, 0x23, 0x96, 0x1C,
    0x7F, 0x81, 0x01, 0x67, 0xC6, 0x54, 0x2F, 0x31, 0x16, 0xB1, 0xA3, 0x9B, 0x76, 0x11, 0xB2, 0x72,
    0x3F, 0xAA, 0x10, 0x3E, 0xFC, 0xCA, 0x66, 0x45, 0x27, 0x11, 0xA5, 0x73, 0x87, 0xD6, 0x9F, 0x56,
    0xAF, 0xF5, 0xC4, 0xFB, 0xD5, 0xAE, 0xB7, 0x66, 0x9A, 0xB0, 0x01, 0xCB, 0x1F, 0xA0, 0x1E, 0x21,
    0x39, 0x45, 0x6E, 0xAA, 0xCD, 0x23, 0xE9, 0x53, 0xB3, 0x3E, 0xC5, 0x38, 0xC4, 0xD2, 0xC5, 0x1E,
    0x42, 0x5C, 0xA2, 0x41, 0x6E, 0x7E, 0xB2, 0xD5, 0xAC, 0xE7, 0x98, 0x73, 0xF7, 0x6A, 0x57, 0xAD,
    0x9E, 0x1E, 0xEA, 0xA4, 0x9D, 0xA7, 0xBA, 0x4E, 0x35, 0x61, 0x2B, 0x38, 0xCA, 0x8C, 0xCA, 0x4F,
    0xB1, 0x0C, 0xE4, 0xA2, 0xEA, 0xDE, 0x64, 0x50, 0x6B, 0x65, 0xE9, 0xCB, 0x4B, 0xC2, 0x2D, 0xDD,
    0xC6, 0x6B, 0xF0, 0xDF, 0xBD, 0x8E, 0x85, 0xD2, 0xC7, 0x70, 0x44, 0x62, 0x8B, 0x3D, 0x66, 0xEE,
    0x80, 0xCF, 0xCC, 0x4B, 0x53, 0x89, 0x70, 0x94, 0x42, 0x22, 0x9D, 0x6F, 0xD8, 0x23, 0x0C, 0x1E,
    0x87, 0xA5, 0xCB, 0xCA, 0xBB, 0x6E, 0xF0, 0xD7, 0x79, 0x40, 0x01, 0xA6, 0x6F, 0x2B, 0x31, 0xCE,
    0xFC, 0xAE, 0xDF, 0x36, 0x61, 0x76, 0x7F, 0x4B, 0x2E, 0x62, 0xF7, 0x05, 0x2C, 0x49, 0xA5, 0x7A,
    0xB8, 0x2C, 0xF4, 0x81, 0x82, 0x71, 0x72, 0x7D, 0x11, 0xB6, 0xD5, 0x80, 0xF3, 0x3F, 0x6F, 0x72,
    0x4F, 0xA6, 0x9E, 0xEB, 0x99, 0xE7, 0x59, 0xE2, 0xC3, 0x04, 0x51, 0x2D, 0xCD, 0xE4, 0xA9, 0xC1,
    0x9D, 0x0D, 0x88, 0x4C, 0x41, 0xFC, 0xD0, 0xB6, 0xF4, 0xB9, 0x1E, 0x74, 0xAB, 0x79, 0xFA, 0x34,
    0x48, 0xFE, 0xA0, 0x7D, 0x8A, 0x2B, 0xF4, 0x76, 0xCA, 0xF1, 0x72, 0x84, 0xC2, 0xAF, 0x31, 0xD3,
    0x5C, 0xFA, 0xAC, 0xED, 0x2C, 0x2D, 0xD6, 0x44, 0xA6, 0x93, 0xC1, 0xD0, 0xE4, 0xF4, 0x66, 0xD3,
    0x86, 0x07, 0xE0, 0xC2, 0xCF, 0x2E, 0x2A, 0xA9, 0xE5, 0xBF, 0x09, 0xD9, 0xF0, 0x86, 0x85, 0xEE,
    0x2B, 0x7E, 0x01, 0x37, 0x44, 0xB1, 0x6C, 0x9F, 0x21, 0x48, 0xB7, 0x2D, 0xA2, 0xF4, 0x52, 0xBA,
    0xDA, 0xC3, 0xFF, 0x4B, 0x78, 0x62, 0x5B, 0xD2, 0x9A, 0xAD, 0x95, 0xB4, 0x6A, 0x9B, 0xBA, 0xE4,
    0xB6, 0x1F, 0x0E, 0x96, 0xF1, 0xDC, 0x8E, 0xED, 0x45, 0x74, 0x7E, 0xEF, 0xB5, 0x95, 0x8F, 0x68,
    0x3C, 0x3B, 0x58, 0x3C, 0xAA, 0xD6, 0x4A, 0x81, 0x05, 0x89, 0x0F, 0x18, 0x8F, 0x67, 0x90, 0x57,
    0xF2, 0xA3, 0x52, 0x23, 0xFB, 0x05, 0x07, 0xAA, 0xFD, 0xCE, 0x1E, 0xB4, 0x37, 0x4C, 0xA7, 0xFD,
    0x0C, 0x51, 0x6B, 0x18, 0xDD, 0xD6, 0x52, 0x46, 0x97, 0xBB, 0x15, 0x5A, 0x22, 0x5C, 0x6A, 0x8D,
    0x76, 0x2D, 0x77, 0x33, 0xC5, 0x24, 0x53, 0x07, 0xC3, 0x64, 0xD3, 0x82, 0x71, 0xEB, 0x20, 0x94,
    0xC3, 0x19, 0xA3, 0xA9, 0x09, 0xB2, 0x83, 0xAC, 0x5D, 0xE4, 0xE4, 0xC9, 0x35, 0xC1, 0x3E, 0x8B,
    0x05, 0x37, 0x8A, 0xDA, 0x6C, 0xD0, 0x25, 0x71, 0x3D, 0x9A, 0x55, 0x15, 0x30, 0x65, 0xDC, 0xF4,
    0xBB, 0x0D, 0xE9, 0xEC, 0xBF, 0xC8, 0xA5, 0x86, 0x8B, 0x05, 0x3F, 0x5F, 0x6F, 0x56, 0x1F, 0x2A,
    0xA3, 0x7B, 0xF6, 0x41, 0x01, 0xFB, 0x8C, 0xC0, 0x81, 0x07, 0x05, 0x56, 0x65, 0xF4, 0x91, 0xD1,
    0x52, 0xE3, 0xD4, 0x84, 0x7E, 0x33, 0x21, 0xB8, 0x84, 0xB5, 0xC1, 0xE4, 0x9F, 0xB7, 0xF8, 0x3C,
    0x53, 0x6B, 0xFD, 0x55, 0x92, 0x37, 0x32, 0x3E, 0xA4, 0x30, 0x78, 0xF4, 0xA0, 0x17, 0x19, 0x60,
    0x76, 0x72, 0x50, 0xF2, 0xE8, 0x2D, 0xCB, 0x41, 0x87, 0xCA, 0x41, 0x47, 0x50, 0x37, 0x86, 0x7E,
    0x63, 0x28, 0x38, 0x03, 0x5B, 0x06, 0xC1, 0x05, 0x11, 0x98, 0x2E, 0xA1, 0x6E, 0x5D, 0x1D, 0xDF,
    0x6B, 0xDF, 0x84, 0x0E, 0xF3, 0x56, 0x0E, 0x94, 0x83, 0x4F, 0xA5, 0x03, 0xA9, 0x97, 0xB4, 0xFD,
    0xF9, 0xB3, 0x29, 0x1D, 0x76, 0xE0, 0x9D, 0xC9, 0xBE, 0xE1, 0xF5, 0xA7, 0xD5, 0xC1, 0xB0, 0x2A,
    0x2D, 0xD1, 0xED, 0xF2, 0xD7, 0x7B, 0xEF, 0x74, 0xEF, 0xF4, 0x6F, 0x61, 0xB6, 0x19, 0x95, 0x58,
    0xFB, 0xE0, 0x63, 0x6E, 0xAF, 0x5E, 0x13, 0xB9, 0xF6, 0x8A, 0xF9, 0xC9, 0xDF, 0xCD, 0xE3, 0x64,
    0xA7, 0x50, 0x2F, 0x20, 0x19, 0x49, 0xF4, 0x79, 0x30, 0x3E, 0x10, 0xF6, 0x69, 0xB9, 0xC1, 0x75,
    0x1A, 0x3C, 0xC4, 0x64, 0x1F, 0x21, 0x68, 0xE0, 0xB3, 0x3B, 0x7B, 0xA7, 0x5E, 0xAB, 0x03, 0x70,
    0xBD, 0x23, 0x70, 0xD9, 0x55, 0xE9, 0xE0, 0x2A, 0x77, 0x49, 0x0C, 0xDC, 0xD8, 0x56, 0x7B, 0x67,
    0x1C, 0x1A, 0xB9, 0xCD, 0x87, 0xB1, 0x12, 0xF1, 0xC1, 0x82, 0xBE, 0x05, 0xEF, 0xD6, 0x30, 0x22,
    0xB7, 0x6F, 0xD8, 0x82, 0x80, 0x96, 0x16, 0x9C, 0x6F, 0xBB, 0x12, 0xCD, 0xF1, 0x50, 0xB7, 0x00,
    0x30, 0xC6, 0x7C, 0xC3, 0x35, 0xA8, 0x0D, 0xA0, 0xD6, 0x32, 0xDD, 0x07, 0xCD, 0x7A, 0x8C, 0x68,
    0x7C, 0xC1, 0x72, 0xC1, 0xA4, 0xB0, 0xCF, 0xCE, 0x29, 0x5F, 0x36, 0x75, 0xF4, 0x43, 0x4D, 0x41,
    0x22, 0x0B, 0x73, 0xA7, 0x99, 0x49, 0x92, 0xBB, 0x15, 0xCE, 0xAB, 0xDC, 0xC3, 0xBE, 0x9A, 0xE7,
    0x2C, 0x83, 0x7D, 0x8D, 0x64, 0x77, 0xE2, 0x7C, 0x99, 0x47, 0xE9, 0xC4, 0xFD, 0x47, 0x9E, 0xC8,
    0xC4, 0x7B, 0x88, 0xFC, 0x66, 0xE2, 0xDF, 0xC9, 0x17, 0x12, 0x07, 0xEE, 0x07, 0x8D, 0xC4, 0x5B,
    0xEE, 0xC3, 0x4A, 0xE2, 0xD8, 0x7D, 0x58, 0x4A, 0x3C, 0x76, 0xFF, 0x96, 0x4B, 0x5C, 0xBB, 0xB0,
    0xF9, 0xA8, 0x72, 0x3F, 0x49, 0xE1, 0xC3, 0x6E, 0xCB, 0x8A, 0x17, 0xCF, 0x5C, 0x8C, 0x2C, 0x46,
    0xA7, 0x6E, 0xD3, 0x65, 0xD9, 0xEE, 0x17, 0xF4, 0xF0, 0x37, 0xD7, 0x13, 0xD3, 0x86, 0x1D, 0x80,
    0x3D, 0xB7, 0xF2, 0x8A, 0x3D, 0xBF, 0x0A, 0xF2, 0xBD, 0x60, 0x37, 0x48, 0xF7, 0xAE, 0xEC, 0x62,
    0x71, 0x86, 0xDB, 0xB1, 0x8C, 0x77, 0xB6, 0x67, 0x32, 0xAE, 0xB6, 0x6B, 0x89, 0xCB, 0x5F, 0x55,
    0x32, 0x2A, 0x7E, 0x5A, 0x60, 0x5A, 0xB0, 0xDA, 0x24, 0x4D, 0x52, 0xD3, 0x9C, 0x55, 0xCF, 0x30,
    0x35, 0xF9, 0x40, 0x1F, 0x2E, 0x3D, 0xF0, 0xF0, 0xE3, 0x98, 0x45, 0xF1, 0x98, 0x5E, 0x93, 0x90,
    0xA2, 0x85, 0xE4, 0x94, 0x58, 0xB5, 0xCC, 0x3C, 0x6B, 0xEA, 0xE7, 0x8C, 0x89, 0x1F, 0x62, 0x57,
    0xBB, 0x9F, 0x97, 0x62, 0xFA, 0xEC, 0x8E, 0xC6, 0xAA, 0xFD, 0xBE, 0xEC, 0xDF, 0x3D, 0x15, 0x78,
    0xE4, 0x19, 0x0C, 0xE3, 0xD8, 0xB7, 0x45, 0xCF, 0xF9, 0xE0, 0x4E, 0xB9, 0xE6, 0xE4, 0xCD, 0xA0,
    0x1C, 0x54, 0x0E, 0x14, 0x73, 0x2A, 0xF8, 0x8B, 0xF6, 0x75, 0xE1, 0x23, 0x7C, 0x82, 0x74, 0x17,
    0x10, 0xFF, 0x8C, 0xD9, 0x7E, 0x5D, 0x6A, 0x3B, 0x47, 0x0F, 0xE0, 0x35, 0x66, 0x4E, 0x41, 0xD3,
    0xD2, 0x3E, 0x20, 0xBA, 0xCB, 0xFA, 0xD3, 0x82, 0x67, 0xDC, 0x6E, 0xB0, 0x51, 0x9D, 0x0C, 0xCD,
    0x8E, 0xBB, 0xF6, 0x87, 0xA6, 0x05, 0x83, 0xB4, 0x6F, 0x1C, 0x82, 0xDA, 0x4C, 0x5B, 0x7D, 0xE0,
    0x49, 0x6B, 0x1C, 0xFA, 0xDC, 0x0A, 0x99, 0x98, 0xD6, 0x80, 0xF5, 0xCC, 0x64, 0xBE, 0x21, 0x53,
    0x3D, 0x38, 0xC5, 0x76, 0xF2, 0xB4, 0x1C, 0xC9, 0x2E, 0x98, 0xD0, 0xFD, 0xD5, 0x25, 0x56, 0x9F,
    0x4E, 0x98, 0x3A, 0x4C, 0x39, 0xAC, 0xCA, 0x86, 0x89, 0xAC, 0xFA, 0x0C, 0xD4, 0x80, 0x4C, 0x90,
    0xE9, 0x66, 0x60, 0x73, 0x99, 0x85, 0x01, 0x4E, 0x2A, 0x10, 0xD9, 0x87, 0x4F, 0xBB, 0x5F, 0x53,
    0xF6, 0x20, 0xF7, 0xF5, 0xEA, 0x1E, 0xDC, 0x29, 0xBB, 0x77, 0xAB, 0x0E, 0xD2, 0x39, 0xEB, 0xB1,
    0x63, 0xAD, 0xB7, 0x77, 0x06, 0x3A, 0xFC, 0xF2, 0x85, 0xAE, 0x72, 0x11, 0x1C, 0x28, 0xE1, 0x9E,
    0xB3, 0x0E, 0x5D, 0x91, 0xD0, 0x59, 0x9C, 0x5E, 0x07, 0xC0, 0x68, 0x73, 0xA7, 0x56, 0x4A, 0xAA,
    0x65, 0xF3, 0x79, 0xCE, 0xEF, 0xA3, 0xDD, 0xE9, 0xA3, 0x7D, 0xD0, 0xFF, 0x01, 0xD5, 0x57, 0x3D,
    0x8F, 0xE4, 0xC6, 0x11, 0x2D, 0xB2, 0xE1, 0x23, 0x0E, 0x34, 0xD4, 0xC9, 0x25, 0xF2, 0xC2, 0xA2,
    0x03, 0x87, 0xF2, 0xF2, 0x0F, 0xCC, 0x0C, 0x79, 0x50, 0xE8, 0x44, 0x89, 0x62, 0x25, 0xCE, 0x37,
    0x51, 0xA0, 0x80, 0xA3, 0xA1, 0x9C, 0x3A, 0xD9, 0x7F, 0xE0, 0x9F, 0x60, 0x07, 0x17, 0x6C, 0x30,
    0x7B, 0x43, 0x5D, 0xEA, 0x84, 0x10, 0x70, 0x50, 0x68, 0x0A, 0xDA, 0xFC, 0x08, 0x98, 0x80, 0x78,
    0x16, 0x67, 0xDA, 0xEF, 0x55, 0xF5, 0xEC, 0x87, 0xEC, 0xCC, 0x89, 0x4D, 0x90, 0xDD, 0x1C, 0x0E,
    0xD9, 0xFD, 0xBA, 0xEA, 0xD5, 0xAB, 0x6A, 0x11, 0x91, 0xE4, 0x1A, 0x8D, 0xB8, 0x9E, 0x6D, 0xDE,
    0x89, 0x1C, 0x42, 0xA8, 0x25, 0x0F, 0x61, 0x16, 0xA9, 0xDA, 0x1D, 0x1E, 0x2C, 0x92, 0xF7, 0xE2,
    0x46, 0x9E, 0xF8, 0x3F, 0x1D, 0xC5, 0xB7, 0x92, 0x8C, 0x52, 0xE0, 0xD3, 0x49, 0x4A, 0xE1, 0xFD,
    0xE6, 0xDC, 0xA6, 0xDA, 0xBA, 0x81, 0x6D, 0xD6, 0x49, 0x25, 0x7C, 0xB9, 0xAC, 0xF9, 0x9A, 0xEF,
    0xE4, 0x16, 0x33, 0x4C, 0xD9, 0x84, 0xD7, 0x42, 0xC0, 0xC0, 0x52, 0xBE, 0x17, 0x3D, 0x92, 0x96,
    0x08, 0x3A, 0x03, 0x70, 0x11, 0x82, 0x08, 0xA7, 0x77, 0x53, 0xD1, 0xE1, 0xAB, 0xAC, 0xC7, 0x54,
    0x3A, 0x22, 0x06, 0x5F, 0x4B, 0x3A, 0xC8, 0x8A, 0x3F, 0x1B, 0x42, 0x5E, 0xF3, 0x83, 0x4A, 0x27,
    0x68, 0x5F, 0x63, 0x8A, 0x80, 0xB1, 0x93, 0xD0, 0xDA, 0xA8, 0x59, 0xA7, 0x4B, 0xD2, 0x5F, 0x45,
    0x8D, 0x17, 0xF3, 0x13, 0xD1, 0xF8, 0x49, 0x5B, 0x9C, 0x35, 0x4F, 0x2C, 0x03, 0x67, 0x79, 0x6E,
    0x71, 0x6E, 0x1E, 0x9D, 0x6B, 0x3D, 0x1B, 0x3D, 0xF7, 0xE7, 0x73, 0xD1, 0x76, 0x62, 0x0B, 0x48,
    0xF2, 0x95, 0x64, 0x03, 0x6C, 0xF5, 0x96, 0xB6, 0x2A, 0xC2, 0x49, 0xB8, 0xBC, 0xC1, 0x20, 0xE4,
    0x35, 0x1A, 0xCF, 0xA6, 0xC4, 0xF8, 0xFE, 0xC8, 0x66, 0x90, 0x4B, 0xF1, 0x1C, 0xB6, 0x88, 0xCD,
    0x0A, 0x0F, 0x30, 0xFE, 0x3A, 0x36, 0x37, 0x9C, 0x6B, 0xE6, 0x0C, 0x73, 0x82, 0x99, 0x6E, 0x33,
    0x38, 0x62, 0x77, 0x7C, 0x85, 0xB1, 0xEF, 0x5E, 0x49, 0x3C, 0x9E, 0x9B, 0xD3, 0x30, 0xC1, 0xDF,
    0xE2, 0x62, 0xD3, 0xE3, 0xF9, 0xBF, 0x4F, 0xE5, 0xE1, 0x08, 0xB0, 0x85, 0x0F, 0xE1, 0xA8, 0xF6,
    0xE4, 0x4D, 0x32, 0x25, 0x81, 0x6F, 0x2F, 0x70, 0x17, 0xAC, 0x26, 0xF9, 0x48, 0x7F, 0x12, 0x78,
    0x07, 0x9B, 0xD2, 0xFD, 0x3B, 0xDA, 0x15, 0xA6, 0x4B, 0x8E, 0x02, 0xCB, 0xF3, 0x9C, 0xF8, 0x1C,
    0x4F, 0x7C, 0x1F, 0x6F, 0xAA, 0x9A, 0xE6, 0xC3, 0xFD, 0x49, 0xCC, 0x94, 0x6E, 0xA6, 0x85, 0x71,
    0x62, 0x71, 0xB4, 0x60, 0x05, 0xE6, 0xE8, 0xCD, 0xAD, 0x1C, 0x84, 0x76, 0x4C, 0xE7, 0x74, 0xD1,
    0x9B, 0xAB, 0x3E, 0x87, 0xC5, 0x64, 0x07, 0x1F, 0x03, 0x4E, 0xA8, 0x0F, 0xE1, 0x5A, 0x6F, 0x0C,
    0x6A, 0x3A, 0xCE, 0x8A, 0x54, 0x0E, 0xBD, 0x01, 0xBD, 0x94, 0x88, 0x53, 0x22, 0x4C, 0x51, 0x94,
    0x55, 0x58, 0x14, 0xE4, 0x2E, 0x2C, 0x86, 0x31, 0x9D, 0x0C, 0x59, 0xDE, 0x5B, 0x5F, 0xD6, 0x06,
    0xF0, 0xD6, 0xF0, 0xA5, 0x93, 0xC1, 0x03, 0x8F, 0x15, 0x9D, 0x11, 0xF2, 0x56, 0xB6, 0x86, 0x0D,
    0x34, 0x56, 0x68, 0x18, 0xE8, 0x8C, 0xAC, 0x8D, 0xC0, 0x68, 0xDD, 0xB5, 0xCC, 0x5F, 0xD1, 0x98,
    0x8D, 0x54, 0x93, 0xF5, 0x5E, 0x8D, 0x7E, 0x13, 0x8D, 0xAC, 0x0F, 0xA5, 0xEC, 0xC7, 0x02, 0xDF,
    0xA6, 0xE1, 0xFD, 0x58, 0x82, 0x04, 0xD9, 0x54, 0x8E, 0x64, 0x8A, 0x6F, 0x61, 0x13, 0x80, 0x2F,
    0x09, 0x13, 0x88, 0x36, 0x0A, 0x8F, 0x83, 0xA2, 0xDF, 0xD3, 0xF9, 0x59, 0x47, 0x12, 0xAD, 0x40,
    0x54, 0x9A, 0x7F, 0x0D, 0xBA, 0x94, 0x6A, 0xAA, 0xAA, 0xDE, 0x73, 0xD8, 0xAF, 0x43, 0xCA, 0x09,
    0x7C, 0x78, 0x97, 0x85, 0x80, 0x95, 0x9E, 0x0A, 0xED, 0xC1, 0x10, 0xA3, 0x96, 0xF6, 0x05, 0x43,
    0x51, 0x59, 0x96, 0xD0, 0xBC, 0x58, 0x62, 0xAA, 0xFD, 0x86, 0xF6, 0xD2, 0x25, 0x58, 0xDF, 0x10,
    0x85, 0x90, 0xB8, 0xB9, 0x06, 0xC7, 0x12, 0xFB, 0x39, 0x2E, 0x69, 0x32, 0xB2, 0x32, 0xBA, 0xA3,
    0xD1, 0x81, 0x25, 0x25, 0x35, 0x4A, 0xC6, 0x26, 0x8C, 0xAE, 0x71, 0xCD, 0x75, 0x7C, 0xF6, 0xD9,
    0x27, 0xC3, 0xAE, 0xA6, 0xBD, 0xDE, 0x90, 0xF3, 0x50, 0x8D, 0x6E, 0x77, 0x17, 0xB9, 0xA8, 0x73,
    0x64, 0x23, 0xB1, 0x59, 0x9B, 0xF6, 0x86, 0xCF, 0xD0, 0x19, 0x36, 0x22, 0xF2, 0xB5, 0xB5, 0x44,
    0x55, 0x28, 0x16, 0x6B, 0x2F, 0x15, 0xCF, 0x5A, 0xD1, 0xAC, 0x14, 0x4B, 0x43, 0x04, 0xC0, 0x5D,
    0xAA, 0xE1, 0x37, 0x8A, 0x15, 0x18, 0xEA, 0x91, 0x08, 0xBE, 0x19, 0x39, 0xFF, 0x9B, 0xE1, 0xA9,
    0x90, 0x89, 0x53, 0xF7, 0x65, 0x27, 0x9D, 0x19, 0x7F, 0xBA, 0x49, 0x26, 0x37, 0x25, 0x63, 0x32,
    0x10, 0x47, 0x3A, 0xD8, 0xCB, 0xAE, 0xCF, 0x3A, 0x2C, 0xA9, 0xCD, 0x3A, 0x5F, 0xE7, 0xAD, 0xC7,
    0x9C, 0x08, 0x52, 0x8D, 0xD7, 0x0D, 0xAE, 0x35, 0xB0, 0xAC, 0xD0, 0x32, 0x34, 0x6F, 0x48, 0x05,
    0xA9, 0x3A, 0xA8, 0x5E, 0x37, 0xDA, 0x32, 0x10, 0xF9, 0x0E, 0x52, 0xE6, 0x38, 0x47, 0x50, 0x65,
    0x00, 0xF0, 0xA0, 0x5E, 0xF1, 0x35, 0x95, 0x68, 0x52, 0xE7, 0xFC, 0xD4, 0x71, 0xC6, 0x52, 0xD2,
    0x7F, 0xF4, 0xFC, 0x0A, 0x6E, 0xF9, 0x61, 0x70, 0x76, 0xF3, 0xFD, 0x48, 0x13, 0x6C, 0xE1, 0x98,
    0x89, 0x56, 0x68, 0x00, 0x7D, 0xA6, 0x72, 0xD1, 0x45, 0x7B, 0x2E, 0x83, 0xBE, 0x69, 0xC8, 0x7D,
    0xEA, 0xD6, 0x86, 0xDA, 0x4B, 0x36, 0x97, 0x30, 0x8A, 0xBA, 0xA7, 0x28, 0xB2, 0xCE, 0xF1, 0xC6,
    0x5F, 0x65, 0x9D, 0xCA, 0xA4, 0x3F, 0xA9, 0x87, 0xC0, 0xB0, 0x93, 0x1B, 0xCB, 0x16, 0x63, 0xBB,
    0x63, 0x42, 0x1F, 0xED, 0xC5, 0x2D, 0x72, 0x15, 0x9D, 0xA4, 0xEB, 0xA7, 0x91, 0x46, 0x05, 0xCE,
    0x0E, 0xB0, 0xD3, 0x21, 0x82, 0x4E, 0x7E, 0x54, 0xC8, 0x11, 0xB0, 0xC2, 0xCD, 0x5B, 0x05, 0x4B,
    0x6F, 0x8D, 0xAE, 0xF7, 0x06, 0xB4, 0x30, 0x98, 0x97, 0x06, 0x12, 0x93, 0xD7, 0x6B, 0xDF, 0xAE,
    0x0D, 0xE0, 0x4A, 0xE1, 0xA9, 0xEB, 0xFC, 0x95, 0x7A, 0x2D, 0x7F, 0x8D, 0xB1, 0x09, 0x0C, 0x9D,
    0xC2, 0x1A, 0x15, 0x94, 0xD1, 0x22, 0x72, 0x94, 0xD9, 0x46, 0x9D, 0xA7, 0xCC, 0x34, 0xEF, 0x99,
    0xFF, 0x14, 0xEC, 0x7D, 0x9B, 0x0C, 0xF2, 0x6F, 0x87, 0x7B, 0x73, 0x42, 0x1C, 0xB9, 0xBF, 0x87,
    0xD6, 0xB7, 0xD9, 0xEC, 0xE9, 0xD1, 0xC1, 0x75, 0xF0, 0x69, 0xE7, 0x80, 0x14, 0x6C, 0x03, 0xD0,
    0x02, 0x04, 0xA6, 0xEE, 0xE6, 0xED, 0x4A, 0x79, 0xD6, 0x28, 0xCF, 0xF6, 0x6C, 0x55, 0x7B, 0x0B,
    0x60, 0x6B, 0xF0, 0xCF, 0x48, 0x7F, 0x47, 0xC2, 0xEA, 0x54, 0x1A, 0x3A, 0x06, 0x4B, 0xFD, 0x2D,
    0x1F, 0x52, 0x85, 0xFD, 0x9F, 0x41, 0x32, 0xB7, 0x3C, 0x51, 0x5E, 0x47, 0xB2, 0xE7, 0x8C, 0x4C,
    0xCF, 0xA6, 0x64, 0x20, 0x6F, 0x1B, 0xC6, 0x5B, 0xC3, 0xA4, 0xB9, 0xE6, 0x12, 0x36, 0x5C, 0xE8,
    0x86, 0x7C, 0xA9, 0xC8, 0x0C, 0xCD, 0x3B, 0x68, 0x8E, 0x10, 0xA7, 0x84, 0xCA, 0xE8, 0xD0, 0xB4,
    0x98, 0x12, 0x8B, 0x60, 0x16, 0x84, 0x64, 0x41, 0xF7, 0x94, 0xD8, 0x05, 0x95, 0xE4, 0x1D, 0x50,
    0x71, 0xEC, 0xDA, 0x66, 0x2C, 0x27, 0xA1, 0x8B, 0xDD, 0x50, 0xD6, 0x59, 0xCB, 0xA8, 0xE1, 0xF5,
    0x79, 0x9D, 0x1C, 0x82, 0x14, 0xEF, 0x3F, 0xC7, 0xD0, 0x97, 0x30, 0xF4, 0x06, 0xFC, 0xBC, 0x45,
    0x42, 0x59, 0x10, 0x33, 0xE0, 0xD9, 0xBC, 0x22, 0x87, 0x89, 0xED, 0x9F, 0x5C, 0x25, 0x25, 0x5B,
    0x7E, 0x71, 0x5E, 0x01, 0x78, 0x4D, 0x62, 0xBA, 0x01, 0x93, 0x31, 0x42, 0x2C, 0xEA, 0xF3, 0x4E,
    0xF5, 0x54, 0x1B, 0x55, 0x54, 0xCD, 0x9B, 0x9A, 0x36, 0x35, 0x5F, 0x6A, 0xC6, 0xD4, 0x44, 0xB6,
    0x65, 0x30, 0x6C, 0xC9, 0xD5, 0x8A, 0x1A, 0x50, 0xBD, 0xBD, 0xEA, 0xA8, 0xA7, 0x4C, 0xCF, 0x24,
    0xE0, 0x9E, 0xDF, 0xDC, 0x9C, 0x7D, 0xAD, 0x07, 0x09, 0x45, 0xAF, 0x80, 0x2C, 0x35, 0x33, 0x24,
    0x7D, 0x44, 0x06, 0x35, 0x18, 0x75, 0xAF, 0xD1, 0xD7, 0xC0, 0x33, 0x7B, 0xCD, 0x8A, 0x7B, 0x18,
    0x77, 0x77, 0x42, 0x1C, 0x4C, 0x44, 0x3E, 0xAB, 0x60, 0xAA, 0xB9, 0x39, 0x5C, 0x72, 0x1E, 0x31,
    0x85, 0x86, 0x4B, 0x19, 0xE0, 0x9B, 0xD3, 0xCB, 0x03, 0x9D, 0xA2, 0x19, 0xE0, 0xB9, 0x69, 0x5D,
    0x69, 0xFA, 0xA8, 0xE2, 0x68, 0xE2, 0x1E, 0x40, 0x85, 0x5D, 0xA0, 0xEA, 0x92, 0xB3, 0x78, 0x61,
    0xAB, 0x99, 0x4C, 0xE4, 0x35, 0xAA, 0x0B, 0xA4, 0x43, 0x3F, 0x5D, 0x2C, 0xF0, 0xFF, 0x09, 0x66,
    0x3B, 0xDC, 0xA1, 0xC9, 0xBE, 0x99, 0x24, 0xFD, 0xA9, 0xE3, 0xFF, 0x22, 0x2F, 0x6C, 0xCA, 0x8B,
    0xE9, 0x63, 0x48, 0xD1, 0x2A, 0x99, 0xFD, 0xE2, 0x06, 0x37, 0xE7, 0x5D, 0x32, 0x61, 0xB6, 0x11,
    0xDE, 0xC0, 0x95, 0xE0, 0x4A, 0x07, 0xA4, 0xCB, 0xDE, 0xC3, 0x98, 0xC8, 0x10, 0x9D, 0xD6, 0x41,
    0xBB, 0x3F, 0xB5, 0xE6, 0x2F, 0x2F, 0x1F, 0x32, 0x39, 0xBD, 0x5C, 0xB4, 0x90, 0xD1, 0x3A, 0x26,
    0xA1, 0xD4, 0xDB, 0x12, 0x6A, 0x5B, 0x42, 0x87, 0x25, 0xE4, 0x3D, 0x06, 0x85, 0xAF, 0xE9, 0x27,
    0x2D, 0xB7, 0xC8, 0xA8, 0xA1, 0x39, 0x37, 0x7D, 0x43, 0x91, 0x6E, 0xC8, 0xAD, 0x2D, 0x17, 0x53,
    0x71, 0x8D, 0xA0, 0x15, 0x04, 0x64, 0xB8, 0x80, 0x3B, 0x03, 0xCB, 0xAE, 0x03, 0x8D, 0xF0, 0x9C,
    0x98, 0x7F, 0xA7, 0x19, 0x83, 0x96, 0x2B, 0xB4, 0x28, 0x9B, 0x31, 0x6B, 0x40, 0x02, 0x2B, 0xE0,
    0xEC, 0xAC, 0x2F, 0x75, 0x0E, 0x4E, 0xE1, 0x06, 0x14, 0x5E, 0xFD, 0x4A, 0xC3, 0x87, 0xAC, 0x45,
    0x70, 0xBF, 0x45, 0x91, 0x10, 0x58, 0x02, 0x01, 0xFD, 0x68, 0xC2, 0x9F, 0x72, 0xF0, 0xE3, 0xFF,
    0x5F, 0xED, 0x61, 0xE5, 0x92, 0x66, 0xD3, 0x08, 0xF4, 0x7F, 0xA3, 0xF6, 0x10, 0x63, 0xE7, 0xE3,
    0xEE, 0xE6, 0x51, 0xDD, 0x61, 0x65, 0x47, 0xAC, 0x3A, 0x62, 0xD1, 0x11, 0x6B, 0x8E, 0x58, 0x72,
    0xC4, 0x8A, 0x23, 0x16, 0x1C, 0xB1, 0xDE, 0x88, 0xE5, 0x46, 0xAC, 0x36, 0x62, 0xB1, 0x11, 0x6B,
    0x8D, 0x58, 0x6A, 0xDC, 0x57, 0x1A, 0x96, 0xCF, 0x35, 0xA3, 0x6A, 0xD0, 0xFC, 0xF6, 0x89, 0xE4,
    0xAA, 0x0A, 0xE5, 0xD4, 0x43, 0xEF, 0xCF, 0x4D, 0x4E, 0xFF, 0x67, 0xF7, 0xFA, 0x57, 0x50, 0x63,
    0xD6, 0x04, 0xBF, 0x67, 0x63, 0xFA, 0xB7, 0xA6, 0xA0, 0x52, 0xFF, 0xBA, 0x27, 0xFA, 0x77, 0x4B,
    0x03, 0x3D, 0xD1, 0xBF, 0xF6, 0xE7, 0xFA, 0xA7, 0xA2, 0xC7, 0xAC, 0x64, 0x95, 0xC2, 0xC3, 0x31,
    0x53, 0x9E, 0x31, 0xEC, 0xEF, 0xF1, 0x57, 0x56, 0x6B, 0xCF, 0xDF, 0xC9, 0xF2, 0xDF, 0x69, 0xA4,
    0x1E, 0x51, 0x67, 0xAD, 0x74, 0x89, 0xB9, 0x40, 0xF7, 0x15, 0xD6, 0xBF, 0x78, 0x9A, 0x87, 0xAA,
    0x10, 0xF4, 0x45, 0x54, 0x25, 0x4C, 0x1D, 0x69, 0x4C, 0x62, 0x79, 0x2C, 0xD2, 0x8B, 0x5B, 0xEB,
    0xB7, 0xD1, 0xA1, 0xF3, 0x3E, 0x8A, 0xEE, 0x6C, 0x4A, 0xD8, 0xD9, 0x67, 0x55, 0x62, 0xF6, 0x3F,
    0xC6, 0x2C, 0x34, 0xD9, 0xEC, 0x48, 0x69, 0x9A, 0x8F, 0x0A, 0xFB, 0x97, 0xB4, 0x51, 0xD9, 0x5B,
    0x6C, 0xC7, 0x63, 0xDB, 0x34, 0xDD, 0x6F, 0x81, 0x44, 0x93, 0xEE, 0xC1, 0x22, 0x9C, 0xDC, 0xEC,
    0x60, 0x73, 0x3F, 0xD4, 0x63, 0x8F, 0x8E, 0x72, 0x42, 0xC2, 0x85, 0x95, 0xAA, 0xD0, 0xB9, 0xBB,
    0xF2, 0x98, 0x8D, 0xA8, 0x8A, 0x06, 0x72, 0x14, 0xA3, 0xCD, 0x1A, 0x71, 0x37, 0xC9, 0x5F, 0xE0,
    0x99, 0x19, 0x93, 0x63, 0xF0, 0xDD, 0xB5, 0x55, 0x65, 0x95, 0xD6, 0x92, 0x87, 0x9A, 0xDB, 0x95,
    0x1F, 0x87, 0xA2, 0xDD, 0x85, 0x3F, 0x82, 0xCB, 0xF9, 0xFB, 0x58, 0x6D, 0x7C, 0x70, 0xAF, 0xB5,
    0xF3, 0x7D, 0x85, 0x76, 0x7F, 0xEC, 0xA6, 0xE7, 0xDC, 0x6E, 0x42, 0x80, 0xAF, 0xC1, 0x5E, 0x44,
    0xFE, 0x08, 0x12, 0x7A, 0x26, 0x9F, 0x35, 0x23, 0x6B, 0x9C, 0x11, 0xE3, 0xDD, 0x8C, 0xF8, 0x96,
    0x99, 0xBA, 0x3C, 0x97, 0x48, 0xFC, 0x53, 0x99, 0xB5, 0xE9, 0x58, 0x7C, 0x04, 0x93, 0x15, 0x37,
    0x70, 0x06, 0xF8, 0xEE, 0x5B, 0x44, 0xD8, 0x4E, 0x8A, 0xF9, 0xD9, 0x22, 0x5F, 0xD0, 0x7E, 0x9F,
    0x16, 0x6A, 0xED, 0xA4, 0x37, 0x6F, 0x59, 0x41, 0x79, 0x7F, 0x64, 0xA7, 0x5F, 0xC2, 0x70, 0x4B,
    0x82, 0x25, 0x3A, 0xD6, 0x36, 0xDD, 0x07, 0x10, 0xEA, 0x2F, 0x67, 0xFF, 0x72, 0x98, 0x7D, 0xD6,
    0x4E, 0xFE, 0xD7, 0x10, 0xEB, 0x57, 0x6E, 0xF4, 0x3D, 0xB4, 0x76, 0x28, 0xDB, 0x0D, 0x74, 0xEC,
    0x37, 0x3B, 0x98, 0xFD, 0xE2, 0x44, 0x99, 0x80, 0xB4, 0x67, 0x33, 0x46, 0xBD, 0xA1, 0xA5, 0x79,
    0x71, 0x07, 0xE8, 0x8E, 0x31, 0xBB, 0x15, 0x0C, 0xDD, 0x03, 0x9E, 0x70, 0xAB, 0x9B, 0x70, 0xC9,
    0xF3, 0xAF, 0x98, 0xA5, 0xEA, 0x74, 0xF4, 0x77, 0xC5, 0xE0, 0xB8, 0xC1, 0xBE, 0x9A, 0xCF, 0x59,
    0xCF, 0x76, 0x89, 0x74, 0xCD, 0x47, 0x16, 0xD4, 0xC9, 0xE1, 0x3A, 0x87, 0x81, 0xDB, 0xDB, 0x4B,
    0x79, 0x51, 0x6A, 0x4E, 0xCB, 0xF0, 0x81, 0x6D, 0x27, 0xA4, 0x69, 0xA4, 0xA9, 0x5E, 0x2E, 0x45,
    0x18, 0x53, 0x13, 0xAD, 0xBF, 0x8A, 0x7C, 0x21, 0xF2, 0x8A, 0xAE, 0xE4, 0x56, 0x1B, 0x5E, 0x01,
    0xF9, 0x4E, 0x6A, 0xE4, 0x2C, 0x82, 0xE3, 0xE5, 0x63, 0x8E, 0x21, 0x61, 0xCB, 0x48, 0x82, 0x4D,
    0x14, 0x98, 0xAD, 0xFA, 0xD0, 0xAE, 0x39, 0x62, 0x98, 0x1E, 0x78, 0xAF, 0xD5, 0xCF, 0x60, 0x05,
    0x57, 0x76, 0x0E, 0xB9, 0x42, 0xFB, 0x35, 0xE5, 0x3F, 0x87, 0xB1, 0xF7, 0xAA, 0x4A, 0x13, 0xB3,
    0x00, 0x80, 0x80, 0xA7, 0xAC, 0x1D, 0x7A, 0xEE, 0xE9, 0x29, 0x92, 0x47, 0x51, 0x09, 0x66, 0x66,
    0xC6, 0x76, 0x1C, 0x0F, 0x5D, 0xCB, 0x01, 0xBE, 0xE4, 0xB3, 0x3F, 0x3C, 0x23, 0x0A, 0x42, 0xF0,
    0x24, 0x63, 0x52, 0x3F, 0x04, 0xF3, 0xC2, 0x46, 0x15, 0x12, 0x45, 0x3B, 0xC6, 0x4D, 0x39, 0xF2,
    0xCF, 0x2A, 0x13, 0x30, 0x27, 0x74, 0xDA, 0x50, 0x6D, 0x3B, 0xEE, 0xE9, 0xFF, 0x43, 0x65, 0x52,
    0x71, 0x9D, 0x1B, 0x2E, 0x74, 0x4B, 0xA8, 0x8D, 0x3C, 0xAB, 0xAF, 0xC5, 0x7D, 0x07, 0x1B, 0x9D,
    0x1E, 0x05, 0xEF, 0x64, 0x01, 0xF1, 0x64, 0x73, 0xF0, 0x2D, 0xB6, 0x72, 0xEF, 0x82, 0x16, 0x93,
    0xF9, 0x80, 0x60, 0x40, 0x21, 0x89, 0x02, 0xB8, 0x63, 0x11, 0x59, 0x62, 0x31, 0x97, 0x2C, 0x78,
    0x71, 0xAD, 0xB4, 0x66, 0x28, 0x30, 0xF8, 0xA5, 0x6E, 0x13, 0xFE, 0x05, 0x15, 0x8C, 0xB1, 0x0D,
    0xC2, 0x30, 0x14, 0x44, 0x1F, 0x58, 0x8A, 0x85, 0x52, 0x18, 0x16, 0xC0, 0x13, 0x24, 0x59, 0x80,
    0xC4, 0x1E, 0x85, 0x82, 0x01, 0x28, 0x53, 0x80, 0xF2, 0x47, 0x4A, 0x41, 0x99, 0xC2, 0x1B, 0xC0,
    0x08, 0xDE, 0x00, 0x4B, 0x50, 0x46, 0x32, 0x46, 0x27, 0x9D, 0x4E, 0x7A, 0x4F, 0x77, 0x65, 0xA1,
    0xC7, 0xC0, 0x4B, 0x45, 0x23, 0x3D, 0xEC, 0xD9, 0xAC, 0xD4, 0x6F, 0x86, 0x3A, 0x00, 0x75, 0x9C,
    0xBB, 0x9C, 0x46, 0xFB, 0xDF, 0x2E, 0x8B, 0xCB, 0xFE, 0x5C, 0x71, 0xEB, 0x70, 0xC5, 0x89, 0x8C,
    0xEB, 0x78, 0xD2, 0xB2, 0x98, 0x50, 0xBA, 0x70, 0xEF, 0x82, 0x0A, 0xDA, 0x1F, 0x8B, 0x6B, 0x65,
    0x4A, 0xF3, 0xFC, 0x98, 0x5D, 0xB2, 0x42, 0x8C, 0xEA, 0x13, 0xCD, 0x33, 0xB4, 0x2D, 0x97, 0xCA,
    0xF7, 0x03, 0xF6, 0x8B, 0x2E, 0x8F, 0x3B, 0x8E, 0xB4, 0xDC, 0xF3, 0x9A, 0x63, 0xC3, 0x54, 0xD2,
    0xB0, 0x41, 0x8B, 0x0A, 0x4A, 0x0C, 0x23, 0x5B, 0xAF, 0x31, 0x2F, 0xD2, 0x21, 0x4E, 0xA2, 0xA5,
    0xE1, 0x84, 0x0B, 0x56, 0x7E, 0xCD, 0x5A, 0x3D, 0x6F, 0xDB, 0x66, 0x10, 0x3E, 0x92, 0x6E, 0x89,
    0x82, 0x40, 0xDE, 0x0E, 0x41, 0x97, 0x24, 0xE2, 0xD2, 0x31, 0x16, 0xD7, 0x0C, 0x92, 0xC8, 0xB6,
    0x40, 0x96, 0x2E, 0xFD, 0x07, 0xE9, 0x3F, 0xC8, 0xD2, 0xC1, 0x40, 0xE5, 0x88, 0x4D, 0xC7, 0x2E,
    0xFD, 0x29, 0x1E, 0x5C, 0xC0, 0x83, 0x1D, 0xB1, 0x5D, 0xBA, 0xAA, 0x43, 0x76, 0xA2, 0x08, 0xD0,
    0xAD, 0xE5, 0xC0, 0x81, 0x06, 0x24, 0xB1, 0xF7, 0xDC, 0xF1, 0x43, 0x74, 0xEC, 0x34, 0xB1, 0x25,
    0xAA, 0x8A, 0x74, 0x11, 0x6D, 0xF9, 0xBD, 0x7B, 0xEE, 0xFB, 0x8E, 0x22, 0x72, 0x72, 0x22, 0xF2,
    0x0A, 0x26, 0x06, 0x24, 0x38, 0x67, 0x72, 0x3C, 0x65, 0xB2, 0x64, 0x62, 0xE5, 0x63, 0x22, 0x27,
    0x9B, 0xF0, 0x27, 0x16, 0x4C, 0x4C, 0x1C, 0xF2, 0x27, 0xF8, 0x1F, 0x4D, 0x40, 0x56, 0x14, 0x44,
    0x56, 0x59, 0x96, 0x91, 0xC3, 0x24, 0x76, 0x17, 0x64, 0x12, 0x93, 0x30, 0x09, 0x22, 0xF2, 0x12,
    0xFE, 0xA4, 0x97, 0x50, 0xFB, 0x70, 0x70, 0xE1, 0xA5, 0x35, 0x91, 0xCB, 0x20, 0x27, 0xAB, 0x5C,
    0x93, 0x93, 0x06, 0x91, 0x1B, 0x9B, 0x88, 0x19, 0xF0, 0xEB, 0x59, 0x64, 0xCD, 0x4B, 0xF2, 0x2F,
    0x9F, 0x31, 0x93, 0x21, 0x9D, 0x33, 0x5D, 0xD2, 0x05, 0x5D, 0xB8, 0x4B, 0x9A, 0x95, 0x53, 0x96,
    0x74, 0xD4, 0x1C, 0x69, 0xA7, 0x10, 0x4E, 0x5F, 0x78, 0x5F, 0x3F, 0x66, 0x20, 0xF3, 0x18, 0xAC,
    0x84, 0xE0, 0xF2, 0x90, 0x36, 0x1F, 0x3D, 0x80, 0x7E, 0x01, 0x19, 0x18, 0x8E, 0x17, 0xA9, 0x04,
    0x1B, 0x02, 0xDC, 0x05, 0x76, 0x54, 0x03, 0x87, 0x74, 0xA0, 0x3E, 0xC8, 0xD9, 0x7D, 0x26, 0x6E,
    0x29, 0x87, 0x77, 0xB4, 0xDE, 0x80, 0x55, 0xB4, 0x0A, 0x57, 0xF1, 0x2A, 0x60, 0x41, 0xAC, 0x90,
    0x15, 0xB3, 0x82, 0x56, 0xD4, 0x0A, 0x5B, 0x71, 0x0B, 0x70, 0x12, 0xE4, 0x24, 0xD0, 0x49, 0xB0,
    0x57, 0x4F, 0x41, 0x4F, 0x0D, 0x7C, 0x5B, 0x8C, 0x2D, 0x26, 0xC6, 0xE5, 0x51, 0x2D, 0xCA, 0x19,
    0xC4, 0x5C, 0xE3, 0xC7, 0x26, 0xDE, 0x14, 0x91, 0x35, 0x22, 0x2A, 0x11, 0x9D, 0x90, 0x2A, 0x45,
    0xB4, 0xC2, 0x6A, 0x21, 0xE8, 0x45, 0x14, 0x23, 0x9A, 0x11, 0xD5, 0x88, 0x6E, 0x44, 0x39, 0xA2,
    0x9D, 0x56, 0x3D, 0x8F, 0x85, 0x4E, 0x84, 0x1A, 0xE1, 0xE8, 0xC6, 0xFF, 0x2B, 0xCD, 0x9C, 0xF0,
    0x0B, 0x9C, 0x20, 0xEF, 0x40, 0x14, 0xE2, 0xFE, 0x4D, 0x34, 0xF4, 0xE2, 0xAD, 0x78, 0x87, 0x88,
    0x0D, 0xA9, 0xA1, 0x63, 0x9C, 0x4F, 0xF4, 0x08, 0x4A, 0xF8, 0x8E, 0xD9, 0xFC, 0x43, 0xE0, 0x93,
    0xF4, 0x1C, 0x06, 0x60, 0xE1, 0x2C, 0x2B, 0xC0, 0x78, 0xB1, 0x28, 0x56, 0xAA, 0xC0, 0xD7, 0x5D,
    0x3F, 0xB8, 0x1B, 0x70, 0xBB, 0x60, 0xDB, 0x9B, 0x92, 0x59, 0x0D, 0xDC, 0xB4, 0x63, 0x65, 0x71,
    0xBA, 0xDE, 0xD1, 0xDB, 0xF9, 0x63, 0x11, 0x67, 0xE0, 0x65, 0x74, 0x55, 0x9C, 0xED, 0x21, 0xDF,
    0x0F, 0xB6, 0x77, 0x67, 0xF5, 0xED, 0xDB, 0xF6, 0xDA, 0x4C, 0x8F, 0xEC, 0xE0, 0x2C, 0x24, 0x20,
    0x99, 0x8C, 0x3B, 0x3A, 0xFE, 0xC4, 0xE2, 0x9F, 0x19, 0x37, 0x81, 0x47, 0x44, 0xF0, 0x8D, 0x9E,
    0xF4, 0x82, 0xBC, 0x87, 0xFF, 0x91, 0x15, 0x3E, 0x6F, 0xC5, 0x19, 0xB0, 0x24, 0x10, 0xC4, 0x5E,
    0x6D, 0xA1, 0x08, 0x58, 0x51, 0xAD, 0x68, 0x2B, 0xEB, 0x24, 0xD7, 0x2B, 0xC8, 0x3D, 0x24, 0x3D,
    0xAB, 0x27, 0xE4, 0x4E, 0x5C, 0x19, 0x23, 0xBB, 0x82, 0xDC, 0xA9, 0x90, 0x5F, 0x6E, 0xA3, 0xFC,
    0x89, 0xA5, 0xFD, 0xB4, 0xAE, 0x80, 0x16, 0x18, 0x22, 0xBF, 0xD3, 0x47, 0xD7, 0xC1, 0xEF, 0xD3,
    0xF0, 0x90, 0x0C, 0x82, 0x41, 0x2E, 0x71, 0x82, 0x68, 0x37, 0xC6, 0x47, 0x56, 0xA9, 0xB2, 0x5C,
    0x37, 0xAF, 0xEC, 0x0B, 0x38, 0x64, 0xCA, 0x1E, 0x92, 0x59, 0x4D, 0x69, 0xE0, 0x17, 0xF4, 0xD8,
    0x49, 0x77, 0x03, 0x7C, 0x5F, 0x11, 0xFD, 0xCE, 0x4C, 0xB7, 0x55, 0x84, 0x37, 0x64, 0x3A, 0x69,
    0x2B, 0x98, 0x30, 0x96, 0x3A, 0xE4, 0x6D, 0x10, 0x51, 0xB4, 0x84, 0x9C, 0x0B, 0xE2, 0xE1, 0x63,
    0x4C, 0xAA, 0x20, 0x91, 0xDE, 0xC9, 0x8F, 0xEA, 0x06, 0x2C, 0x68, 0xBA, 0x22, 0x21, 0xB3, 0xB2,
    0x4C, 0x68, 0x0E, 0xB2, 0xF1, 0xC0, 0xF1, 0xF6, 0xB2, 0x26, 0x72, 0x49, 0x6C, 0x51, 0x56, 0x50,
    0xE4, 0xBE, 0xF1, 0x13, 0x13, 0x39, 0xE9, 0x90, 0x45, 0x0A, 0xCB, 0x52, 0x5E, 0x75, 0x3D, 0x47,
    0xE2, 0x0D, 0xE9, 0x80, 0xFC, 0xC5, 0x8C, 0xF9, 0xF3, 0xE7, 0xE7, 0x3F, 0x37, 0x47, 0x42, 0x5A,
    0x69, 0x00, 0xF2, 0x3A, 0x59, 0xC9, 0x43, 0xEA, 0xB3, 0x27, 0x0C, 0x4E, 0xA9, 0xCA, 0x19, 0x76,
    0x47, 0x96, 0x3E, 0x40, 0xA3, 0x8B, 0x9B, 0xC5, 0x9A, 0x40, 0xDC, 0xA8, 0xEA, 0x96, 0xF4, 0x71,
    0x5B, 0xD8, 0xD6, 0xEA, 0x1E, 0x8B, 0x87, 0x3E, 0xD6, 0x7B, 0x5A, 0xF4, 0x88, 0xC7, 0x4B, 0x4F,
    0x28, 0x2C, 0x33, 0x3A, 0xF2, 0x93, 0x9B, 0x30, 0x04, 0x1F, 0x60, 0xBA, 0x03, 0xAA, 0x0B, 0xEA,
    0xB2, 0x12, 0xD4, 0xBC, 0x64, 0x29, 0x66, 0x70, 0xCD, 0xB4, 0xE8, 0xD7, 0x4E, 0x72, 0x50, 0x56,
    0x4F, 0x13, 0xC3, 0x9A, 0x31, 0xA2, 0xDC, 0x41, 0x81, 0xF3, 0xBF, 0xEE, 0x38, 0x0E, 0xA3, 0x16,
    0xD8, 0x04, 0xDC, 0x04, 0xE0, 0x04, 0xEB, 0x11, 0x60, 0x2B, 0x91, 0x50, 0x1B, 0x35, 0x08, 0x81,
    0x5F, 0x14, 0x20, 0x1A, 0x68, 0x54, 0x00, 0x87, 0x20, 0x64, 0x1B, 0x09, 0x42, 0x13, 0x67, 0xFB,
    0x81, 0xFF, 0xA4, 0x91, 0xD3, 0xAF, 0xA5, 0x12, 0xE4, 0xE8, 0xF8, 0x02, 0x77, 0x27, 0xC8, 0xF5,
    0x30, 0x19, 0xDD, 0x20, 0xBB, 0xBD, 0xA8, 0x82, 0xD3, 0xFC, 0x84, 0x81, 0x76, 0x1F, 0x2E, 0xA0,
    0x7E, 0x28, 0x23, 0x0D, 0xB4, 0x70, 0xAF, 0x1A, 0xF3, 0xCE, 0x44, 0x17, 0x70, 0x82, 0x4D, 0x1F,
    0xB8, 0x5B, 0xC6, 0x0A, 0x7F, 0x4C, 0x80, 0x88, 0xBB, 0xF7, 0xC5, 0xAB, 0x4E, 0x5B, 0x25, 0x42,
    0xF7, 0x8F, 0xDE, 0x2E, 0x1E, 0xF2, 0x9F, 0x2D, 0xB9, 0xF0, 0xE5, 0xDD, 0x21, 0x62, 0x9B, 0xC8,
    0x45, 0xA4, 0xD9, 0x9E, 0x2C, 0x7B, 0x53, 0xE5, 0xD9, 0xBE, 0x6D, 0xAF, 0xAF, 0x46, 0x5C, 0xB9,
    0x4B, 0xF1, 0xAB, 0x47, 0x6D, 0x27, 0x5D, 0xAE, 0xAC, 0x72, 0x05, 0x34, 0x0C, 0xC3, 0x27, 0x6D,
    0x17, 0xF0, 0x3C, 0x26, 0x9A, 0x8A, 0x60, 0x05, 0x9E, 0xAC, 0x15, 0x3E, 0x85, 0x35, 0xC2, 0xE9,
    0x89, 0x8B, 0x3B, 0x14, 0xB0, 0x64, 0x27, 0x1D, 0xB2, 0x73, 0x4A, 0x55, 0x0B, 0x17, 0xB3, 0xC4,
    0x4D, 0xBC, 0xD8, 0x70, 0x17, 0x60, 0xF8, 0x9C, 0x21, 0x0B, 0x37, 0x66, 0x21, 0xA7, 0xF0, 0xDC,
    0x5B, 0xB3, 0xA8, 0x37, 0x1B, 0x41, 0x8C, 0xA7, 0x51, 0x85, 0x4B, 0xC0, 0xB7, 0x9D, 0xCA, 0x8A,
    0xB0, 0x18, 0x99, 0x4A, 0x88, 0x14, 0xA2, 0xCF, 0x4C, 0xCE, 0x49, 0x61, 0x35, 0x3C, 0x13, 0xA4,
    0x36, 0x5D, 0x39, 0x70, 0xD5, 0x0B, 0x23, 0x3C, 0x51, 0xFE, 0xAC, 0x92, 0x0D, 0x1A, 0xA0, 0xBB,
    0x5C, 0x47, 0x73, 0xE8, 0xC9, 0x8F, 0xBD, 0x05, 0x67, 0x5E, 0x96, 0xD3, 0x59, 0x04, 0xB0, 0xFC,
    0x04, 0x04, 0x3D, 0x55, 0x3A, 0xAD, 0xC9, 0x62, 0x8A, 0x4C, 0xC9, 0xC4, 0x24, 0xC7, 0xB0, 0x7C,
    0x28, 0xDD, 0x55, 0x64, 0xB1, 0xD7, 0xA6, 0x0F, 0x32, 0x6C, 0x44, 0x98, 0xD1, 0xF3, 0x8E, 0x67,
    0xE9, 0x32, 0x6C, 0xD6, 0x90, 0xC3, 0xD6, 0xBA, 0xE4, 0xE6, 0x6C, 0x5D, 0x6E, 0xC6, 0x02, 0x3E,
    0x79, 0x22, 0xCC, 0x1C, 0xB6, 0xAE, 0xB3, 0x18, 0x31, 0x93, 0x31, 0xF3, 0x40, 0xE7, 0x16, 0xC4,
    0x17, 0x6C, 0x5D, 0x34, 0x5A, 0x1B, 0x5B, 0xA4, 0x4C, 0xBB, 0x42, 0xE9, 0x0C, 0xC5, 0xBA, 0x36,
    0x1C, 0x49, 0x76, 0x0F, 0x34, 0x6D, 0x92, 0x69, 0xA7, 0x69, 0xEE, 0x03, 0xEF, 0x7F, 0xB6, 0x19,
    0xB7, 0x42, 0x7C, 0xD0, 0xC4, 0x16, 0xFB, 0x8A, 0xF5, 0x25, 0x6A, 0x14, 0xA2, 0xF2, 0x58, 0x5C,
    0xFB, 0xB8, 0x5F, 0x8C, 0x27, 0x75, 0x62, 0x90, 0x85, 0xA4, 0xFF, 0x9E, 0x25, 0x9A, 0x04, 0x37,
    0x01, 0x38, 0x01, 0x39, 0x01, 0x3A, 0x01, 0x3B, 0x01, 0x3C, 0x01, 0x3D, 0x01, 0xBE, 0xF6, 0xEA,
    0x50, 0x80, 0x68, 0xA0, 0x51, 0x81, 0x5D, 0x57, 0x67, 0x2B, 0xCA, 0x01, 0xFF, 0x7E, 0x0D, 0x7F,
    0xDC, 0x2B, 0xFC, 0x0F, 0x2F, 0xD1, 0x77, 0x46, 0x6E, 0x70, 0xAA, 0xC9, 0xEA, 0xA4, 0x8C, 0x31,
    0xD8, 0xFD, 0x9D, 0x7F, 0x15, 0xE0, 0xAA, 0x38, 0xEF, 0xDB, 0xC3, 0xB1, 0x63, 0x90, 0x09, 0x68,
    0x58, 0xAD, 0x1B, 0x47, 0x9A, 0xC4, 0x6F, 0xCC, 0xE0, 0xB7, 0xF0, 0x78, 0x3F, 0x62, 0x1C, 0xE1,
    0x9F, 0x6C, 0xED, 0xD3, 0x39, 0x1F, 0x87, 0x2D, 0xF1, 0xC6, 0x43, 0xD4, 0xDC, 0xA2, 0x8F, 0x0E,
    0xFA, 0x41, 0xFF, 0xE1, 0xD5, 0xF9, 0x16, 0xC8, 0x65, 0xDD, 0xB3, 0xBF, 0xE0, 0x7E, 0x47, 0xC2,
    0xDE, 0x2A, 0xCC, 0x9B, 0x92, 0xB8, 0x66, 0xBA, 0xAA, 0xF1, 0xBF, 0x10, 0xCC, 0xB9, 0x85, 0x51,
    0x2B, 0x92, 0x0E, 0x44, 0xC6, 0x82, 0x79, 0xD5, 0x81, 0xF0, 0x1F, 0x85, 0xF1, 0x2C, 0x41, 0xBB,
    0xC8, 0x5A, 0x70, 0xA4, 0x6C, 0x62, 0x13, 0x9B, 0xA1, 0xD0, 0x72, 0xA8, 0xF8, 0xF8, 0x63, 0x84,
    0x14, 0xBF, 0x9F, 0xD4, 0xD4, 0x16, 0xCA, 0xB1, 0x37, 0x11, 0x3F, 0x0A, 0xA5, 0x8D, 0x61, 0xF7,
    0x0A, 0x24, 0xCE, 0x10, 0x7A, 0x39, 0xCC, 0x6B, 0x6B, 0xCF, 0x12, 0x5C, 0xB6, 0xE3, 0x81, 0xF8,
    0xE0, 0x39, 0xEC, 0xF3, 0x8D, 0x53, 0xDD, 0xEF, 0x78, 0xA0, 0x2D, 0x53, 0xC1, 0xA6, 0x40, 0x84,
    0x27, 0x1C, 0xE1, 0xBE, 0x9E, 0xCD, 0x6C, 0xC6, 0xC8, 0x56, 0x23, 0x5C, 0x4E, 0x11, 0xE6, 0x63,
    0xBD, 0x2F, 0x00, 0x56, 0xF1, 0x2B, 0xAC, 0x35, 0xDA, 0x08, 0x3F, 0x68, 0x75, 0x5E, 0xE5, 0x53,
    0x2F, 0xDE, 0x3B, 0x68, 0x8F, 0xEA, 0x1B, 0x6A, 0xF6, 0x62, 0x17, 0xA0, 0xD5, 0xBA, 0x54, 0x6E,
    0xA0, 0xBE, 0x27, 0x74, 0x04, 0xE8, 0xF4, 0xE9, 0xDB, 0xD0, 0x2F, 0x7B, 0xB3, 0x77, 0x48, 0x55,
    0x15, 0xD7, 0x75, 0xA3, 0x98, 0x7F, 0x80, 0x8D, 0x14, 0x6D, 0x28, 0x81, 0xB6, 0xA0, 0x84, 0xE0,
    0x07, 0xA0, 0x9C, 0x0B, 0xEF, 0x6C, 0xF6, 0x85, 0x34, 0xAF, 0x7B, 0x04, 0x8E, 0xC5, 0x82, 0x6C,
    0x16, 0xE8, 0x28, 0xF8, 0x75, 0x07, 0x70, 0xF9, 0xCD, 0x0D, 0x10, 0xFB, 0x8B, 0xE5, 0x8D, 0x87,
    0x6E, 0x6D, 0x75, 0x89, 0xA2, 0xB4, 0xDE, 0xE3, 0x5A, 0x3B, 0x01, 0xDF, 0x26, 0x3D, 0xCD, 0x78,
    0xBA, 0xD5, 0xAC, 0x66, 0x2C, 0x27, 0x03, 0x49, 0x5D, 0xB4, 0xEC, 0x2E, 0x3A, 0x76, 0x3E, 0x48,
    0x32, 0x3B, 0x0F, 0x14, 0x20, 0x98, 0x1C, 0xA2, 0x00, 0xA1, 0x82, 0x26, 0x41, 0xE7, 0x87, 0x09,
    0xC9, 0x90, 0xC1, 0xAC, 0x8F, 0xA1, 0xB9, 0x63, 0xE8, 0x28, 0x24, 0x37, 0xA3, 0xF0, 0xF5, 0x73,
    0xAC, 0x2A, 0x4B, 0x30, 0x7F, 0xD3, 0x61, 0x2E, 0xAD, 0xF1, 0xBA, 0x21, 0x23, 0x19, 0x2F, 0xBC,
    0xC4, 0xE7, 0x50, 0x0F, 0x78, 0xAA, 0x18, 0xF2, 0xD5, 0x98, 0x79, 0x8C, 0x98, 0xC5, 0x94, 0xCF,
    0x3F, 0xE7, 0xAB, 0x33, 0x7E, 0x97, 0xF3, 0xBB, 0x82, 0x4B, 0xC6, 0xB9, 0x57, 0xD0, 0x6C, 0xCD,
    0x85, 0x27, 0xCF, 0x3A, 0xE5, 0xD8, 0x2C, 0xF4, 0xA5, 0x1D, 0xD0, 0xC6, 0xC6, 0x2F, 0xBF, 0x76,
    0xE3, 0xD7, 0x07, 0xDE, 0xA6, 0x4F, 0x39, 0xAC, 0x70, 0x9E, 0xB4, 0xE3, 0xFD, 0xED, 0x11, 0x9F,
    0x50, 0xDD, 0xFE, 0x56, 0xFB, 0xE2, 0x41, 0x85, 0x59, 0xE7, 0x2B, 0x3F, 0x02, 0x8C, 0x35, 0x1C,
    0xD1, 0xE4, 0x42, 0x63, 0xCC, 0x6A, 0x46, 0xC6, 0x3E, 0x9D, 0xFC, 0x94, 0x36, 0x23, 0xA0, 0x3E,
    0xC7, 0xA4, 0xB8, 0xAA, 0x71, 0x50, 0x9F, 0x4B, 0xA1, 0xD2, 0x5A, 0x81, 0xE3, 0x0B, 0xD1, 0x6B,
    0xF8, 0x1A, 0x61, 0xE2, 0x63, 0xEB, 0xC8, 0x9E, 0x9D, 0xB6, 0xB7, 0xC1, 0xCF, 0x6B, 0xC1, 0xDC,
    0xD8, 0x6D, 0xEE, 0xA7, 0x07, 0xCC, 0xCE, 0xAC, 0x40, 0xB0, 0x1F, 0x32, 0x24, 0x50, 0x95, 0x8C,
    0x50, 0x65, 0xA7, 0xCA, 0x76, 0x4C, 0x82, 0x99, 0xC7, 0x47, 0xCC, 0xA2, 0x8C, 0x9A, 0x2E, 0x5C,
    0x56, 0xDF, 0x6C, 0xC5, 0xA3, 0xAD, 0xFF, 0x46, 0xE6, 0xDB, 0x05, 0xB5, 0xF3, 0xD4, 0x59, 0xC5,
    0x75, 0xEF, 0xC8, 0x9F, 0x34, 0x3B, 0x2E, 0x5F, 0xC3, 0xD7, 0xDB, 0x01, 0x72, 0xBD, 0xBF, 0xAC,
    0xEE, 0x5C, 0x6D, 0x2B, 0x74, 0xE0, 0x4C, 0x9C, 0xF8, 0x2A, 0xFE, 0x52, 0x60, 0x17, 0xBD, 0x59,
    0xBE, 0x76, 0xF4, 0xEA, 0x9E, 0xC4, 0x61, 0xA3, 0x8F, 0xD3, 0x8F, 0x1B, 0x4D, 0xF8, 0x8D, 0x26,
    0xF2, 0x3B, 0x6A, 0x42, 0xD9, 0x61, 0xEB, 0x4D, 0xAE, 0x88, 0x61, 0x9E, 0x16, 0xF6, 0x7B, 0xEB,
    0x20, 0xDA, 0x8D, 0x0E, 0xC2, 0xAF, 0x62, 0xA4, 0xE7, 0x98, 0xEC, 0x3F, 0x5E, 0x09, 0x68, 0xAF,
    0x01, 0xBD, 0x6E, 0x40, 0x47, 0x6F, 0x83, 0x9E, 0xBC, 0x37, 0xE8, 0xFD, 0x07, 0xF8, 0xD5, 0x04,
    0xAE, 0xC9, 0xBB, 0xA2, 0xA3, 0xCD, 0x72, 0xB6, 0x65, 0xDF, 0xEF, 0x8C, 0x5C, 0x66, 0x51, 0x13,
    0xD5, 0xC8, 0x41, 0xBB, 0xCC, 0x69, 0x14, 0x64, 0x45, 0xAD, 0x9C, 0x2F, 0xC0, 0x61, 0xC9, 0x19,
    0xDA, 0x41, 0x01, 0xE7, 0xBA, 0x6E, 0x22, 0x3F, 0xD6, 0xBB, 0x72, 0x5E, 0xC2, 0xDC, 0x9C, 0xDF,
    0xB0, 0x9E, 0xFB, 0x0B, 0xF7, 0x50, 0x51, 0xA1, 0xAD, 0xB2, 0xDA, 0xD0, 0xE9, 0x57, 0x66, 0x84,
    0x5C, 0xBB, 0x8B, 0x14, 0x9D, 0x38, 0x91, 0x56, 0x68, 0xF9, 0xE5, 0xB7, 0x9B, 0x95, 0xA5, 0xB0,
    0x53, 0x3B, 0xB3, 0xB8, 0xBC, 0x58, 0x19, 0xDB, 0x2A, 0x63, 0x8D, 0x64, 0x6C, 0x0C, 0xEC, 0x09,
    0x4E, 0x19, 0xE7, 0x2F, 0x7C, 0xE2, 0xF7, 0x7C, 0x02, 0x94, 0x1C, 0xC6, 0xDA, 0xEB, 0x4D, 0x54,
    0x5E, 0x30, 0xC3, 0x62, 0x14, 0xDF, 0x25, 0xDB, 0xB5, 0xF8, 0x1B, 0xB5, 0x88, 0x64, 0xBD, 0x57,
    0x11, 0x73, 0x57, 0x10, 0x9F, 0x09, 0x88, 0x82, 0xE6, 0x2F, 0x97, 0x55, 0x6A, 0x68, 0x94, 0xB3,
    0x6A, 0x1A, 0x6E, 0x53, 0x7F, 0x55, 0xA8, 0xFB, 0x75, 0x82, 0x9D, 0x83, 0xF6, 0x21, 0x6B, 0xA2,
    0x86, 0xC3, 0xCB, 0x6C, 0xDD, 0x6E, 0xDC, 0x52, 0x27, 0x55, 0x47, 0x9D, 0xCD, 0xA2, 0x1E, 0xB1,
    0xB9, 0xF9, 0x11, 0x07, 0x6D, 0x41, 0xE3, 0x07, 0xE9, 0xB6, 0x31, 0xFD, 0x0B, 0x95, 0x51, 0x31,
    0x6E, 0x83, 0x40, 0x10, 0x1C, 0xB8, 0x82, 0xE2, 0x64, 0xEF, 0x07, 0xE2, 0xF0, 0x01, 0x03, 0x8D,
    0x8B, 0x14, 0xC4, 0x9C, 0x94, 0x87, 0xE4, 0x0B, 0x2E, 0x52, 0x62, 0x71, 0xF2, 0x47, 0xF2, 0x84,
    0x34, 0x29, 0x5C, 0x38, 0xF2, 0x3D, 0x81, 0xFC, 0x80, 0x27, 0x50, 0xB8, 0xA0, 0x88, 0x7D, 0x99,
    0x03, 0x14, 0x29, 0x52, 0x9A, 0xC0, 0xCE, 0x69, 0xD9, 0xDD, 0xD9, 0x9B, 0x5D, 0x00, 0x54, 0x3E,
    0x18, 0x1F, 0xEF, 0xBF, 0x68, 0x98, 0x5C, 0xEF, 0x6F, 0xE3, 0xA1, 0xAC, 0xC6, 0x02, 0x6B, 0x34,
    0x7C, 0x33, 0x88, 0x29, 0x5C, 0x61, 0x05, 0x4B, 0x46, 0x36, 0x48, 0x51, 0xD9, 0xC2, 0x08, 0x56,
    0x28, 0xB1, 0x83, 0x3A, 0x38, 0x9D, 0x98, 0x05, 0x53, 0x2B, 0x34, 0x15, 0xCD, 0x64, 0x39, 0x84,
    0x8C, 0x57, 0x47, 0x13, 0x6D, 0x96, 0x82, 0xF5, 0x1D, 0x5E, 0x1E, 0x90, 0x8A, 0xA9, 0xDE, 0x5C,
    0xF1, 0x6C, 0x45, 0x63, 0xB5, 0x44, 0xB9, 0xC6, 0x6E, 0x03, 0xC4, 0x2D, 0xA0, 0x02, 0x1C, 0x90,
    0x04, 0x58, 0xEA, 0xF2, 0x1D, 0xD1, 0x42, 0xA8, 0x29, 0x25, 0x72, 0x22, 0x23, 0x1E, 0x89, 0x92,
    0xA8, 0x89, 0x23, 0x71, 0x99, 0xD1, 0x03, 0x51, 0x1F, 0x06, 0x78, 0xFF, 0x1D, 0x88, 0x3A, 0x88,
    0xF7, 0x03, 0x71, 0xF9, 0xE9, 0xAF, 0x2D, 0x61, 0xC0, 0x99, 0xD0, 0x78, 0xEF, 0x02, 0xFE, 0xEA,
    0x9F, 0x0C, 0x48, 0xC3, 0x86, 0xDC, 0x39, 0x58, 0xCB, 0x93, 0x3E, 0x23, 0x8C, 0xD7, 0xCA, 0x65,
    0xB8, 0xEA, 0xBE, 0xC1, 0x2D, 0x1C, 0xE3, 0x67, 0x7C, 0x9D, 0x54, 0x91, 0x64, 0x47, 0x05, 0xD8,
    0x26, 0x6D, 0xDC, 0x05, 0xA7, 0x8E, 0xFA, 0x70, 0x6F, 0x10, 0xD7, 0xF3, 0xD2, 0xC9, 0xC9, 0x31,
    0xA7, 0x46, 0x52, 0x28, 0x1E, 0x49, 0xA4, 0x1F, 0x46, 0x12, 0x1B, 0x26, 0xEE, 0x6C, 0xE3, 0x1B,
    0x5D, 0x79, 0xF2, 0xBD, 0x50, 0x25, 0x72, 0x71, 0xC3, 0x36, 0x61, 0xBE, 0x16, 0x94, 0x75, 0x18,
    0xF2, 0x72, 0x8F, 0x8C, 0xDD, 0x10, 0x77, 0x74, 0x8E, 0x74, 0x12, 0x37, 0xA7, 0xC4, 0xC8, 0xE7,
    0x58, 0x9C, 0x43, 0x4D, 0x74, 0xDE, 0xC4, 0x86, 0xD4, 0xF9, 0x11, 0x0D, 0xAA, 0x13, 0x57, 0x60,
    0x8F, 0x13, 0x47, 0x2E, 0x58, 0xAB, 0xAD, 0x72, 0x89, 0x53, 0x1D, 0x97, 0xC6, 0xF9, 0x18, 0xDC,
    0xB3, 0xA6, 0x9F, 0x6A, 0xE6, 0xBD, 0x9C, 0xA6, 0x95, 0x86, 0x5F, 0xA5, 0xDD, 0xF4, 0x5B, 0xFE,
    0x1F, 0xFE, 0x06, 0x63, 0xE0, 0x6E, 0x60, 0xD0, 0x6F, 0x60, 0xF8, 0xEF, 0xC0, 0x7C, 0x9E, 0x81,
    0x9F, 0x9F, 0xC1, 0x46, 0x8E, 0x61, 0xFF, 0xFF, 0x03, 0x59, 0xFB, 0x1A, 0x18, 0x6C, 0x18, 0x80,
    0x08, 0x00, 0x3D, 0x8D, 0xBD, 0x0D, 0xC2, 0x30, 0x10, 0x46, 0x9F, 0xED, 0x82, 0xC2, 0x45, 0x06,
    0xA0, 0xC8, 0x08, 0x2C, 0x00, 0xC4, 0x83, 0x21, 0x25, 0x1D, 0x2D, 0x03, 0x21, 0xC5, 0x23, 0x30,
    0x82, 0x47, 0x48, 0x91, 0x22, 0x12, 0x3F, 0xC7, 0x67, 0x0B, 0x71, 0xD2, 0x3D, 0xE9, 0x7C, 0xF7,
    0x3D, 0x03, 0x5D, 0x42, 0x50, 0x0F, 0xB6, 0xFC, 0xC0, 0x19, 0xE2, 0x7A, 0x82, 0xF9, 0x73, 0xC4,
    0xBD, 0xE3, 0x9D, 0x50, 0xC2, 0x46, 0xCC, 0x6E, 0xA3, 0x9B, 0xDC, 0xAA, 0x8C, 0x5B, 0x94, 0x69,
    0xF0, 0x45, 0x63, 0x10, 0xA6, 0xEE, 0x41, 0x2C, 0x63, 0x26, 0xD8, 0x33, 0x2B, 0x7B, 0x15, 0x6A,
    0x8D, 0x26, 0xE7, 0x6C, 0x4D, 0xDC, 0x6A, 0xFF, 0x06, 0x67, 0x96, 0xD9, 0xAD, 0x71, 0xA1, 0xAF,
    0xC2, 0x01, 0x0A, 0x97, 0xBA, 0xDC, 0xD4, 0xBD, 0x59, 0xC2, 0xD7, 0xFB, 0x06, 0xC9, 0xAB, 0x45,
    0x0C, 0xFF, 0x37, 0x65, 0x7C, 0xE2, 0xA5, 0x5F, 0x19, 0xD3, 0x0C, 0x07, 0x53, 0xD0, 0xDB, 0x8D,
    0x2F, 0xAD, 0x52, 0x3B, 0x4E, 0xC3, 0x40, 0x10, 0x7D, 0x9B, 0x15, 0xA4, 0x48, 0xE1, 0x26, 0x1D,
    0xC5, 0xB6, 0x54, 0xE4, 0x00, 0xE4, 0xE3, 0x8E, 0x96, 0x9B, 0xA4, 0xA5, 0xB0, 0x88, 0x8F, 0xC0,
    0x4D, 0x90, 0x52, 0x45, 0x28, 0x28, 0x7B, 0x04, 0xDF, 0x00, 0x17, 0x1C, 0xC0, 0x48, 0x5B, 0x04,
    0x29, 0xF6, 0xF0, 0xC6, 0xBB, 0x24, 0x41, 0x54, 0x48, 0xAC, 0xFC, 0x2C, 0xEF, 0xEC, 0xBC, 0xF7,
    0xC6, 0x33, 0x0B, 0x00, 0xB6, 0x23, 0xA4, 0x01, 0x2E, 0x0F, 0xDC, 0x4D, 0x80, 0xDD, 0x5B, 0x6E,
    0x45, 0x7C, 0x56, 0xAD, 0xFC, 0x04, 0x99, 0x9F, 0x61, 0x58, 0x15, 0xB0, 0x3F, 0xC0, 0x98, 0x9E,
    0x95, 0xCC, 0x21, 0xB7, 0x25, 0xA7, 0x86, 0xAE, 0x85, 0x48, 0xA3, 0x98, 0x02, 0xFF, 0x8A, 0x31,
    0x70, 0xAF, 0xFA, 0xC2, 0xBA, 0x14, 0x5B, 0xF5, 0x22, 0xB2, 0x12, 0xAC, 0x0E, 0x18, 0xB0, 0x7C,
    0xEC, 0x89, 0x19, 0xE1, 0x88, 0x91, 0x8F, 0x70, 0x39, 0x30, 0xE7, 0xFE, 0x10, 0x73, 0x34, 0x57,
    0x39, 0xCA, 0xDD, 0x9E, 0xE9, 0x25, 0xED, 0x4A, 0x81, 0xD3, 0x52, 0xB5, 0x0D, 0x60, 0xC8, 0xB4,
    0x89, 0xC9, 0xFE, 0x80, 0x15, 0x21, 0x24, 0x41, 0x52, 0x33, 0x7A, 0xDC, 0x30, 0x54, 0xC4, 0xB0,
    0xAD, 0xA3, 0x75, 0x96, 0x04, 0xC6, 0x6D, 0x5B, 0x44, 0xB9, 0xBE, 0xA8, 0x32, 0x12, 0x7A, 0xA4,
    0x62, 0x95, 0x3C, 0x4F, 0xD9, 0xD3, 0x24, 0x54, 0x40, 0xCA, 0x0D, 0xC4, 0x07, 0x3A, 0x07, 0x5A,
    0xD1, 0xEB, 0x83, 0x78, 0xA1, 0xF8, 0x23, 0xB1, 0x60, 0x39, 0x13, 0x35, 0x21, 0x2E, 0x72, 0x8C,
    0xC2, 0xA0, 0x63, 0xF3, 0x33, 0xF1, 0xAF, 0x4E, 0xEE, 0xEA, 0x30, 0x38, 0x98, 0xA6, 0x7F, 0x6D,
    0x9D, 0xD8, 0xBA, 0x3F, 0x18, 0x05, 0xD3, 0x9D, 0xFE, 0xCC, 0x55, 0xB8, 0x6D, 0xB0, 0xAE, 0x40,
    0xCD, 0x3F, 0x3E, 0x0F, 0x35, 0x3A, 0x8F, 0x55, 0x0E, 0xC3, 0x91, 0xB8, 0xCE, 0xFA, 0xF9, 0xB3,
    0xF8, 0xEB, 0x24, 0x6E, 0xF2, 0xDF, 0xB1, 0xF3, 0xB6, 0xF3, 0x72, 0x04, 0x05, 0x6C, 0x93, 0x06,
    0x54, 0x1E, 0x63, 0x26, 0x35, 0xAF, 0xFF, 0xA7, 0x48, 0x54, 0x35, 0x8F, 0xA1, 0x78, 0xB3, 0xDB,
    0x63, 0xF9, 0x09, 0x74, 0x8C, 0xC8, 0x13, 0x70, 0xA5, 0x1F, 0x4B, 0xEA, 0x1B, 0x1D, 0x9E, 0x4E,
    0x01, 0xF9, 0xF7, 0x30, 0x79, 0x82, 0x56, 0x07, 0xFA, 0xCE, 0x3C, 0x4D, 0x76, 0x5A, 0xC7, 0xD2,
    0xC3, 0xEC, 0x4A, 0xAC, 0xA8, 0x43, 0xAE, 0x86, 0x43, 0x34, 0x38, 0x5E, 0x82, 0x2F, 0x2D, 0x91,
    0xB1, 0x71, 0xC3, 0x30, 0x14, 0x43, 0x21, 0xB1, 0x70, 0xA1, 0x82, 0x23, 0x68, 0x03, 0x79, 0x01,
    0xDB, 0xD1, 0x60, 0x2A, 0x38, 0x96, 0x8A, 0xDC, 0x91, 0x49, 0x8A, 0xB4, 0x1A, 0x41, 0x23, 0xA8,
    0x60, 0x91, 0xC2, 0x0E, 0x03, 0x40, 0xB9, 0x7F, 0xC4, 0x1D, 0x7F, 0xF1, 0x00, 0x82, 0xB8, 0x96,
    0x0C, 0xB4, 0xCF, 0x86, 0xAE, 0x86, 0x1D, 0xFD, 0x71, 0x29, 0x08, 0xDB, 0x90, 0x28, 0x71, 0x46,
    0x6E, 0xED, 0x79, 0xCA, 0x90, 0x46, 0x20, 0xCE, 0x93, 0xE4, 0x4E, 0x01, 0x65, 0xC4, 0x0D, 0x98,
    0xB0, 0x80, 0x97, 0x55, 0x52, 0xC1, 0x8B, 0xA4, 0x3B, 0x80, 0x55, 0x52, 0xFB, 0x1D, 0xC0, 0xF5,
    0x6B, 0x43, 0xFB, 0x3E, 0xE8, 0xB0, 0xF5, 0x5C, 0x86, 0xED, 0x3C, 0x04, 0xCF, 0x3C, 0x66, 0x0B,
    0x2D, 0xB2, 0xC0, 0xE2, 0x0A, 0x2B, 0xAA, 0xA0, 0x0B, 0x0E, 0x23, 0x45, 0x34, 0xF0, 0x5A, 0x18,
    0xF9, 0x83, 0xBC, 0x7E, 0xEF, 0x8F, 0xB0, 0x87, 0xCD, 0x53, 0x72, 0xBB, 0x94, 0xFC, 0x3B, 0xA4,
    0x21, 0xC5, 0x14, 0x67, 0x0F, 0x79, 0x23, 0x67, 0xE2, 0x3C, 0xC8, 0xD2, 0xDC, 0xC8, 0xD3, 0xBC,
    0x93, 0x9E, 0x4B, 0xC5, 0x5B, 0x22, 0x2F, 0xF3, 0xC5, 0x2C, 0x61, 0x2C, 0x6A, 0x61, 0x48, 0xAE,
    0xE1, 0xEC, 0xE1, 0x2C, 0x42, 0x59, 0xDB, 0xEB, 0x5F, 0x95, 0x77, 0x71, 0xE2, 0xC5, 0x99, 0x57,
    0xA7, 0xAE, 0xCE, 0x5D, 0x95, 0x9C, 0x39, 0xEF, 0x4E, 0x7B, 0x77, 0x5E, 0x76, 0xC2, 0xE7, 0x72,
    0x1B, 0x8A, 0xB6, 0x44, 0x73, 0x2B, 0x03, 0x77, 0x2F, 0xDF, 0x60, 0xDF, 0x4B, 0x91, 0xEF, 0x90,
    0xE4, 0x1B, 0x93, 0x7C, 0xA3, 0xFA, 0x79, 0x46, 0x7F, 0xC1, 0x68, 0xDF, 0xC9, 0xBE, 0x0F, 0xFB,
    0x9E, 0x6D, 0xDD, 0xEC, 0xBB, 0xB8, 0xB1, 0xD5, 0x9D, 0xFD, 0x38, 0x4D, 0xF5, 0x5F, 0xB8, 0xB9,
    0xAE, 0xCA, 0xB7, 0x6B, 0x4E, 0x93, 0xF1, 0x07, 0xFB, 0xB5, 0x6A, 0xF5, 0x02, 0x06, 0xF6, 0x09,
    0x0C, 0x5C, 0x1D, 0x0C, 0x4A, 0xAD, 0x0C, 0x42, 0x4D, 0x0C, 0x4D, 0x0D, 0x8D, 0x4C, 0x0D, 0x4E,
    0x4C, 0x0D, 0x1A, 0x4C, 0x0D, 0x12, 0x60, 0x12, 0xC8, 0x6E, 0x64, 0x02, 0x8A, 0x37, 0x32, 0x08,
    0x01, 0xD5, 0x00, 0x55, 0x02, 0xD5, 0xFF, 0x5A, 0xB5, 0x1A, 0x00,
};

static const EpdGlyph lexica_13_italicGlyphs[] = {
    { 0, 0, 0, 0, 0, 0, 0 }, // U+000D
    { 0, 0, 121, 0, 0, 0, 0 }, // U+0020
    { 8, 19, 123, 0, 19, 38, 0 }, // !
    { 7, 6, 145, 2, 19, 11, 38 }, // "
    { 16, 19, 275, 1, 19, 76, 49 }, // #
    { 15, 23, 264, 1, 21, 87, 125 }, // $
    { 24, 19, 433, 2, 19, 114, 212 }, // %
    { 17, 19, 299, 0, 19, 81, 326 }, // &
    { 3, 6, 84, 2, 19, 5, 407 }, // '
    { 10, 23, 130, 0, 19, 58, 412 }, // (
    { 9, 23, 131, -2, 19, 52, 470 }, // )
    { 9, 9, 190, 2, 19, 21, 522 }, // *
    { 14, 14, 268, 1, 14, 49, 543 }, // +
    { 6, 7, 91, -2, 3, 11, 592 }, // ,
    { 10, 3, 161, 0, 9, 8, 603 }, // -
    { 5, 4, 90, -1, 4, 5, 611 }, // .
    { 14, 19, 161, -2, 19, 67, 616 }, // /
    { 16, 19, 283, 1, 19, 76, 683 }, // 0
    { 9, 19, 175, 2, 19, 43, 759 }, // 1
    { 16, 19, 245, -1, 19, 76, 802 }, // 2
    { 15, 19, 251, 0, 19, 72, 878 }, // 3
    { 16, 19, 276, 0, 19, 76, 950 }, // 4
    { 16, 19, 249, 0, 19, 76, 1026 }, // 5
    { 14, 19, 262, 1, 19, 67, 1102 }, // 6
    { 16, 19, 233, 0, 19, 76, 1169 }, // 7
    { 14, 19, 267, 1, 19, 67, 1245 }, // 8
    { 14, 19, 260, 2, 19, 67, 1312 }, // 9
    { 7, 14, 90, -1, 14, 25, 1379 }, // :
    { 8, 18, 91, -2, 14, 36, 1404 }, // ;
    { 13, 14, 266, 1, 14, 46, 1440 }, // <
    { 15, 8, 285, 1, 11, 30, 1486 }, // =
    { 14, 14, 266, 2, 14, 49, 1516 }, // >
    { 13, 19, 228, 2, 19, 62, 1565 }, // ?
    { 20, 19, 340, 1, 19, 95, 1627 }, // @
    { 18, 19, 272, -2, 19, 86, 1722 }, // A
    { 17, 19, 271, 0, 19, 81, 1808 }, // B
    { 17, 19, 286, 1, 19, 81, 1889 }, // C
    { 18, 19, 292, 0, 19, 86, 1970 }, // D
    { 17, 19, 245, 0, 19, 81, 2056 }, // E
    { 17, 19, 237, 0, 19, 81, 2137 }, // F
    { 17, 19, 308, 1, 19, 81, 2218 }, // G
    { 19, 19, 301, 0, 19, 91, 2299 }, // H
    { 12, 19, 179, 0, 19, 57, 2390 }, // I
    { 15, 19, 221, -1, 19, 72, 2447 }, // J
    { 19, 19, 270, 0, 19, 91, 2519 }, // K
    { 14, 19, 234, 0, 19, 67, 2610 }, // L
    { 23, 19, 357, 0, 19, 110, 2677 }, // M
    { 19, 19, 300, 0, 19, 91, 2787 }, // N
    { 18, 19, 315, 1, 19, 86, 2878 }, // O
    { 17, 19, 259, 0, 19, 81, 2964 }, // P
    { 18, 21, 324, 1, 19, 95, 3045 }, // Q
    { 17, 19, 264, 0, 19, 81, 3140 }, // R
    { 16, 19, 264, 0, 19, 76, 3221 }, // S
    { 16, 19, 242, 1, 19, 76, 3297 }, // T
    { 18, 19, 300, 1, 19, 86, 3373 }, // U
    { 16, 19, 256, 2, 19, 76, 3459 }, // V
    { 23, 19, 366, 2, 19, 110, 3535 }, // W
    { 21, 19, 270, -2, 19, 100, 3645 }, // X
    { 17, 19, 259, 2, 19, 81, 3745 }, // Y
    { 19, 19, 266, -1, 19, 91, 3826 }, // Z
    { 11, 23, 137, -1, 19, 64, 3917 }, // [
    { 10, 19, 225, 2, 19, 48, 3981 }, // <backslash>
    { 11, 23, 137, -2, 19, 64, 4029 }, // ]
    { 13, 10, 239, 1, 19, 33, 4093 }, // ^
    { 11, 3, 179, -1, 1, 9, 4126 }, // _
    { 5, 4, 118, 3, 20, 5, 4135 }, // `
    { 13, 14, 226, 0, 14, 46, 4140 }, // a
    { 14, 19, 240, 0, 19, 67, 4186 }, // b
    { 14, 14, 214, 0, 14, 49, 4253 }, // c
    { 16, 19, 240, 0, 19, 76, 4302 }, // d
    { 14, 14, 235, 0, 14, 49, 4378 }, // e
    { 10, 20, 139, 1, 20, 50, 4427 }, // f
    { 16, 20, 240, -1, 14, 80, 4477 }, // g
    { 14, 19, 237, 0, 19, 67, 4557 }, // h
    { 7, 20, 117, 1, 20, 35, 4624 }, // i
    { 13, 25, 112, -5, 21, 82, 4659 }, // j
    { 14, 19, 211, 0, 19, 67, 4741 }, // k
    { 7, 19, 112, 0, 19, 34, 4808 }, // l
    { 22, 14, 367, 0, 14, 77, 4842 }, // m
    { 14, 14, 238, 0, 14, 49, 4919 }, // n
    { 14, 14, 237, 0, 14, 49, 4968 }, // o
    { 15, 18, 241, -1, 14, 68, 5017 }, // p
    { 15, 18, 240, 0, 14, 68, 5085 }, // q
    { 11, 14, 153, 0, 14, 39, 5153 }, // r
    { 12, 14, 208, 0, 14, 42, 5192 }, // s
    { 8, 17, 140, 1, 17, 34, 5234 }, // t
    { 13, 14, 234, 1, 14, 46, 5268 }, // u
    { 13, 14, 192, 1, 14, 46, 5314 }, // v
    { 18, 14, 285, 1, 14, 63, 5360 }, // w
    { 16, 14, 200, -2, 14, 56, 5423 }, // x
    { 15, 18, 188, -2, 14, 68, 5479 }, // y
    { 14, 14, 202, -1, 14, 49, 5547 }, // z
    { 10, 23, 140, 0, 19, 58, 5596 }, // {
    { 3, 23, 125, 2, 19, 18, 5654 }, // |
    { 10, 23, 140, -2, 19, 58, 5672 }, // }
    { 14, 4, 234, 0, 9, 14, 5730 }, // ~
    { 0, 0, 121, 0, 0, 0, 0 }, // U+00A0
    { 7, 18, 123, 0, 14, 32, 0 }, // U+00A1
    { 13, 18, 213, 0, 16, 59, 32 }, // U+00A2
    { 16, 19, 253, 0, 19, 76, 91 }, // U+00A3
    { 14, 14, 289, 2, 16, 49, 167 }, // U+00A4
    { 18, 19, 259, 1, 19, 86, 216 }, // U+00A5
    { 3, 23, 125, 2, 19, 18, 302 }, // U+00A6
    { 17, 23, 228, -2, 19, 98, 320 }, // U+00A7
    { 10, 3, 185, 3, 19, 8, 418 }, // U+00A8
    { 20, 19, 353, 1, 19, 95, 426 }, // U+00A9
    { 9, 9, 157, 1, 20, 21, 521 }, // U+00AA
    { 14, 12, 244, 1, 13, 42, 542 }, // U+00AB
    { 14, 10, 289, 2, 12, 35, 584 }, // U+00AC
    { 10, 3, 161, 0, 9, 8, 619 }, // U+00AD
    { 20, 19, 353, 1, 19, 95, 627 }, // U+00AE
    { 9, 3, 166, 3, 20, 7, 722 }, // U+00AF
    { 8, 8, 155, 2, 19, 16, 729 }, // U+00B0
    { 14, 14, 283, 1, 14, 49, 745 }, // U+00B1
    { 10, 10, 166, 1, 21, 25, 794 }, // U+00B2
    { 9, 10, 171, 2, 21, 23, 819 }, // U+00B3
    { 6, 4, 117, 3, 20, 6, 842 }, // U+00B4
    { 15, 18, 240, -1, 14, 68, 848 }, // U+00B5
    { 14, 23, 226, 2, 19, 81, 916 }, // U+00B6
    { 4, 4, 102, 1, 9, 4, 997 }, // U+00B7
    { 6, 6, 127, -1, 1, 9, 1001 }, // U+00B8
    { 5, 10, 111, 3, 21, 13, 1010 }, // U+00B9
    { 8, 9, 166, 2, 20, 18, 1023 }, // U+00BA
    { 14, 12, 240, 0, 13, 42, 1041 }, // U+00BB
    { 19, 19, 357, 2, 18, 91, 1083 }, // U+00BC
    { 18, 19, 347, 2, 19, 86, 1174 }, // U+00BD
    { 21, 19, 393, 2, 18, 100, 1260 }, // U+00BE
    { 13, 18, 228, -1, 14, 59, 1360 }, // U+00BF
    { 18, 25, 272, -2, 25, 113, 1419 }, // U+00C0
    { 18, 25, 272, -2, 25, 113, 1532 }, // U+00C1
    { 18, 24, 272, -2, 24, 108, 1645 }, // U+00C2
    { 19, 24, 272, -2, 24, 114, 1753 }, // U+00C3
    { 18, 24, 272, -2, 24, 108, 1867 }, // U+00C4
    { 18, 23, 272, -2, 23, 104, 1975 }, // U+00C5
    { 30, 19, 428, -2, 19, 143, 2079 }, // U+00C6
    { 17, 24, 286, 1, 19, 102, 2222 }, // U+00C7
    { 17, 25, 245, 0, 25, 107, 2324 }, // U+00C8
    { 17, 25, 245, 0, 25, 107, 2431 }, // U+00C9
    { 17, 24, 245, 0, 24, 102, 2538 }, // U+00CA
    { 17, 24, 245, 0, 24, 102, 2640 }, // U+00CB
    { 12, 25, 179, 0, 25, 75, 2742 }, // U+00CC
    { 12, 25, 179, 0, 25, 75, 2817 }, // U+00CD
    { 13, 24, 179, 0, 24, 78, 2892 }, // U+00CE
    { 13, 24, 179, 0, 24, 78, 2970 }, // U+00CF
    { 19, 19, 308, 0, 19, 91, 3048 }, // U+00D0
    { 19, 24, 300, 0, 24, 114, 3139 }, // U+00D1
    { 18, 25, 315, 1, 25, 113, 3253 }, // U+00D2
    { 18, 25, 315, 1, 25, 113, 3366 }, // U+00D3
    { 18, 25, 315, 1, 25, 113, 3479 }, // U+00D4
    { 18, 25, 315, 1, 25, 113, 3592 }, // U+00D5
    { 18, 24, 315, 1, 24, 108, 3705 }, // U+00D6
    { 12, 12, 257, 2, 13, 36, 3813 }, // U+00D7
    { 20, 19, 314, 0, 19, 95, 3849 }, // U+00D8
    { 18, 25, 300, 1, 25, 113, 3944 }, // U+00D9
    { 18, 25, 300, 1, 25, 113, 4057 }, // U+00DA
    { 18, 25, 300, 1, 25, 113, 4170 }, // U+00DB
    { 18, 24, 300, 1, 24, 108, 4283 }, // U+00DC
    { 17, 25, 259, 2, 25, 107, 4391 }, // U+00DD
    { 16, 19, 253, 0, 19, 76, 4498 }, // U+00DE
    { 16, 19, 262, 0, 19, 76, 4574 }, // U+00DF
    { 13, 20, 226, 0, 20, 65, 4650 }, // U+00E0
    { 13, 20, 226, 0, 20, 65, 4715 }, // U+00E1
    { 14, 19, 226, 0, 19, 67, 4780 }, // U+00E2
    { 14, 19, 226, 0, 19, 67, 4847 }, // U+00E3
    { 14, 19, 226, 0, 19, 67, 4914 }, // U+00E4
    { 13, 22, 226, 0, 22, 72, 4981 }, // U+00E5
    { 23, 14, 377, 0, 14, 81, 5053 }, // U+00E6
    { 14, 19, 214, 0, 14, 67, 5134 }, // U+00E7
    { 14, 20, 235, 0, 20, 70, 5201 }, // U+00E8
    { 14, 20, 235, 0, 20, 70, 5271 }, // U+00E9
    { 14, 19, 235, 0, 19, 67, 5341 }, // U+00EA
    { 14, 19, 235, 0, 19, 67, 5408 }, // U+00EB
    { 6, 20, 107, 1, 20, 30, 5475 }, // U+00EC
    { 8, 20, 107, 1, 20, 40, 5505 }, // U+00ED
    { 10, 19, 107, 0, 19, 48, 5545 }, // U+00EE
    { 10, 19, 107, 0, 19, 48, 5593 }, // U+00EF
    { 15, 19, 247, 0, 19, 72, 5641 }, // U+00F0
    { 15, 19, 238, 0, 19, 72, 5713 }, // U+00F1
    { 14, 20, 237, 0, 20, 70, 5785 }, // U+00F2
    { 14, 20, 237, 0, 20, 70, 5855 }, // U+00F3
    { 14, 19, 237, 0, 19, 67, 5925 }, // U+00F4
    { 15, 19, 237, 0, 19, 72, 5992 }, // U+00F5
    { 14, 19, 237, 0, 19, 67, 6064 }, // U+00F6
    { 14, 14, 268, 1, 14, 49, 6131 }, // U+00F7
    { 16, 15, 237, -1, 15, 60, 6180 }, // U+00F8
    { 13, 20, 234, 1, 20, 65, 6240 }, // U+00F9
    { 13, 20, 234, 1, 20, 65, 6305 }, // U+00FA
    { 13, 19, 234, 1, 19, 62, 6370 }, // U+00FB
    { 13, 19, 234, 1, 19, 62, 6432 }, // U+00FC
    { 15, 24, 188, -2, 20, 90, 6494 }, // U+00FD
    { 15, 23, 241, -1, 19, 87, 6584 }, // U+00FE
    { 15, 23, 188, -2, 19, 87, 6671 }, // U+00FF
    { 18, 24, 272, -2, 24, 108, 0 }, // U+0100
    { 14, 19, 226, 0, 19, 67, 108 }, // U+0101
    { 18, 24, 272, -2, 24, 108, 175 }, // U+0102
    { 14, 19, 226, 0, 19, 67, 283 }, // U+0103
    { 18, 23, 272, -2, 19, 104, 350 }, // U+0104
    { 13, 18, 226, 0, 14, 59, 454 }, // U+0105
    { 17, 25, 286, 1, 25, 107, 513 }, // U+0106
    { 14, 20, 214, 0, 20, 70, 620 }, // U+0107
    { 17, 25, 286, 1, 25, 107, 690 }, // U+0108
    { 14, 19, 214, 0, 19, 67, 797 }, // U+0109
    { 17, 24, 286, 1, 24, 102, 864 }, // U+010A
    { 14, 19, 214, 0, 19, 67, 966 }, // U+010B
    { 17, 24, 286, 1, 24, 102, 1033 }, // U+010C
    { 14, 19, 214, 0, 19, 67, 1135 }, // U+010D
    { 18, 24, 292, 0, 24, 108, 1202 }, // U+010E
    { 20, 19, 257, 0, 19, 95, 1310 }, // U+010F
    { 18, 19, 316, 1, 19, 86, 1405 }, // U+0110
    { 18, 19, 261, 0, 19, 86, 1491 }, // U+0111
    { 17, 24, 245, 0, 24, 102, 1577 }, // U+0112
    { 14, 19, 235, 0, 19, 67, 1679 }, // U+0113
    { 17, 24, 245, 0, 24, 102, 1746 }, // U+0114
    { 14, 19, 235, 0, 19, 67, 1848 }, // U+0115
    { 17, 24, 245, 0, 24, 102, 1915 }, // U+0116
    { 14, 19, 235, 0, 19, 67, 2017 }, // U+0117
    { 17, 23, 245, 0, 19, 98, 2084 }, // U+0118
    { 14, 18, 235, 0, 14, 63, 2182 }, // U+0119
    { 17, 24, 245, 0, 24, 102, 2245 }, // U+011A
    { 15, 19, 235, 0, 19, 72, 2347 }, // U+011B
    { 17, 25, 308, 1, 25, 107, 2419 }, // U+011C
    { 16, 25, 240, -1, 19, 100, 2526 }, // U+011D
    { 17, 24, 308, 1, 24, 102, 2626 }, // U+011E
    { 16, 25, 240, -1, 19, 100, 2728 }, // U+011F
    { 17, 24, 308, 1, 24, 102, 2828 }, // U+0120
    { 16, 25, 240, -1, 19, 100, 2930 }, // U+0121
    { 17, 25, 308, 1, 19, 107, 3030 }, // U+0122
    { 16, 27, 240, -1, 21, 108, 3137 }, // U+0123
    { 19, 24, 301, 0, 24, 114, 3245 }, // U+0124
    { 14, 24, 237, 0, 24, 84, 3359 }, // U+0125
    { 21, 19, 308, 0, 19, 100, 3443 }, // U+0126
    { 14, 19, 251, 1, 19, 67, 3543 }, // U+0127
    { 14, 24, 179, 0, 24, 84, 3610 }, // U+0128
    { 11, 19, 107, 0, 19, 53, 3694 }, // U+0129
    { 13, 24, 179, 0, 24, 78, 3747 }, // U+012A
    { 9, 19, 107, 1, 19, 43, 3825 }, // U+012B
    { 13, 24, 179, 0, 24, 78, 3868 }, // U+012C
    { 9, 19, 107, 1, 19, 43, 3946 }, // U+012D
    { 12, 23, 179, 0, 19, 69, 3989 }, // U+012E
    { 10, 24, 117, -2, 20, 60, 4058 }, // U+012F
    { 12, 24, 179, 0, 24, 72, 4118 }, // U+0130
    { 6, 14, 107, 1, 14, 21, 4190 }, // U+0131
    { 26, 19, 400, 0, 19, 124, 4211 }, // U+0132
    { 14, 25, 229, 1, 21, 88, 4335 }, // U+0133
    { 19, 25, 221, -1, 25, 119, 4423 }, // U+0134
    { 15, 23, 112, -5, 19, 87, 4542 }, // U+0135
    { 19, 26, 270, 0, 19, 124, 4629 }, // U+0136
    { 14, 26, 211, 0, 19, 91, 4753 }, // U+0137
    { 14, 14, 211, 0, 14, 49, 4844 }, // U+0138
    { 14, 25, 234, 0, 25, 88, 4893 }, // U+0139
    { 10, 25, 112, 0, 25, 63, 4981 }, // U+013A
    { 14, 26, 234, 0, 19, 91, 5044 }, // U+013B
    { 9, 26, 112, -2, 19, 59, 5135 }, // U+013C
    { 15, 19, 234, 0, 19, 72, 5194 }, // U+013D
    { 11, 19, 112, 0, 19, 53, 5266 }, // U+013E
    { 14, 19, 234, 0, 19, 67, 5319 }, // U+013F
    { 10, 19, 160, 0, 19, 48, 5386 }, // U+0140
    { 14, 19, 248, 0, 19, 67, 5434 }, // U+0141
    { 8, 19, 118, 0, 19, 38, 5501 }, // U+0142
    { 19, 25, 300, 0, 25, 119, 5539 }, // U+0143
    { 14, 20, 238, 0, 20, 70, 5658 }, // U+0144
    { 19, 26, 300, 0, 19, 124, 5728 }, // U+0145
    { 14, 21, 238, 0, 14, 74, 5852 }, // U+0146
    { 19, 24, 300, 0, 24, 114, 5926 }, // U+0147
    { 15, 19, 238, 0, 19, 72, 6040 }, // U+0148
    { 17, 19, 322, 2, 19, 81, 6112 }, // U+0149
    { 19, 23, 300, 0, 19, 110, 6193 }, // U+014A
    { 14, 18, 238, 0, 14, 63, 6303 }, // U+014B
    { 18, 24, 315, 1, 24, 108, 6366 }, // U+014C
    { 14, 19, 237, 0, 19, 67, 6474 }, // U+014D
    { 18, 24, 315, 1, 24, 108, 6541 }, // U+014E
    { 14, 19, 237, 0, 19, 67, 6649 }, // U+014F
    { 18, 25, 315, 1, 25, 113, 6716 }, // U+0150
    { 15, 20, 237, 0, 20, 75, 6829 }, // U+0151
    { 30, 19, 464, 1, 19, 143, 6904 }, // U+0152
    { 24, 14, 394, 0, 14, 84, 7047 }, // U+0153
    { 17, 25, 264, 0, 25, 107, 7131 }, // U+0154
    { 11, 20, 153, 0, 20, 55, 7238 }, // U+0155
    { 17, 26, 264, 0, 19, 111, 7293 }, // U+0156
    { 14, 21, 153, -3, 14, 74, 7404 }, // U+0157
    { 17, 24, 264, 0, 24, 102, 7478 }, // U+0158
    { 12, 19, 153, 0, 19, 57, 7580 }, // U+0159
    { 16, 25, 264, 0, 25, 100, 7637 }, // U+015A
    { 12, 20, 208, 0, 20, 60, 7737 }, // U+015B
    { 16, 25, 264, 0, 25, 100, 7797 }, // U+015C
    { 12, 19, 208, 0, 19, 57, 7897 }, // U+015D
    { 16, 24, 264, 0, 19, 96, 7954 }, // U+015E
    { 12, 19, 208, 0, 14, 57, 8050 }, // U+015F
    { 16, 24, 264, 0, 24, 96, 8107 }, // U+0160
    { 13, 19, 208, 0, 19, 62, 8203 }, // U+0161
    { 16, 24, 242, 1, 19, 96, 8265 }, // U+0162
    { 10, 22, 140, -1, 17, 55, 8361 }, // U+0163
    { 16, 24, 242, 1, 24, 96, 8416 }, // U+0164
    { 11, 21, 140, 1, 21, 58, 8512 }, // U+0165
    { 16, 19, 242, 1, 19, 76, 8570 }, // U+0166
    { 9, 17, 140, 0, 17, 39, 8646 }, // U+0167
    { 18, 25, 300, 1, 25, 113, 8685 }, // U+0168
    { 13, 19, 234, 1, 19, 62, 8798 }, // U+0169
    { 18, 24, 300, 1, 24, 108, 8860 }, // U+016A
    { 13, 19, 234, 1, 19, 62, 8968 }, // U+016B
    { 18, 24, 300, 1, 24, 108, 9030 }, // U+016C
    { 13, 19, 234, 1, 19, 62, 9138 }, // U+016D
    { 18, 27, 300, 1, 27, 122, 9200 }, // U+016E
    { 13, 22, 234, 1, 22, 72, 9322 }, // U+016F
    { 18, 25, 300, 1, 25, 113, 9394 }, // U+0170
    { 14, 20, 234, 1, 20, 70, 9507 }, // U+0171
    { 18, 23, 300, 1, 19, 104, 9577 }, // U+0172
    { 13, 18, 234, 1, 14, 59, 9681 }, // U+0173
    { 23, 24, 366, 2, 24, 138, 9740 }, // U+0174
    { 18, 19, 285, 1, 19, 86, 9878 }, // U+0175
    { 17, 24, 259, 2, 24, 102, 9964 }, // U+0176
    { 15, 23, 188, -2, 19, 87, 10066 }, // U+0177
    { 17, 24, 259, 2, 24, 102, 10153 }, // U+0178
    { 19, 25, 266, -1, 25, 119, 10255 }, // U+0179
    { 14, 20, 202, -1, 20, 70, 10374 }, // U+017A
    { 19, 24, 266, -1, 24, 114, 10444 }, // U+017B
    { 14, 19, 202, -1, 19, 67, 10558 }, // U+017C
    { 19, 24, 266, -1, 24, 114, 10625 }, // U+017D
    { 15, 19, 202, -1, 19, 72, 10739 }, // U+017E
    { 10, 20, 139, 1, 20, 50, 10811 }, // U+017F
    { 22, 22, 315, 0, 22, 121, 0 }, // U+01A0
    { 18, 17, 247, 0, 17, 77, 121 }, // U+01A1
    { 21, 22, 308, 1, 22, 116, 198 }, // U+01AF
    { 17, 17, 244, 1, 17, 73, 314 }, // U+01B0
    { 36, 24, 558, 0, 24, 216, 387 }, // U+01C4
    { 32, 19, 494, 0, 19, 152, 603 }, // U+01C5
    { 29, 19, 443, 0, 19, 138, 755 }, // U+01C6
    { 29, 19, 455, 0, 19, 138, 893 }, // U+01C7
    { 23, 25, 346, 0, 21, 144, 1031 }, // U+01C8
    { 15, 25, 224, 0, 21, 94, 1175 }, // U+01C9
    { 33, 19, 521, 0, 19, 157, 1269 }, // U+01CA
    { 27, 25, 412, 0, 21, 169, 1426 }, // U+01CB
    { 23, 25, 350, 0, 21, 144, 1595 }, // U+01CC
    { 18, 24, 272, -2, 24, 108, 1739 }, // U+01CD
    { 14, 19, 226, 0, 19, 67, 1847 }, // U+01CE
    { 18, 24, 300, 1, 24, 108, 1914 }, // U+01D3
    { 13, 19, 234, 1, 19, 62, 2022 }, // U+01D4
    { 17, 24, 308, 1, 24, 102, 2084 }, // U+01E6
    { 16, 25, 240, -1, 19, 100, 2186 }, // U+01E7
    { 18, 23, 315, 1, 19, 104, 2286 }, // U+01EA
    { 14, 18, 237, 0, 14, 63, 2390 }, // U+01EB
    { 36, 19, 558, 0, 19, 171, 2453 }, // U+01F1
    { 32, 19, 494, 0, 19, 152, 2624 }, // U+01F2
    { 28, 19, 443, 0, 19, 133, 2776 }, // U+01F3
    { 18, 29, 272, -2, 29, 131, 2909 }, // U+01FA
    { 14, 28, 226, 0, 28, 98, 3040 }, // U+01FB
    { 30, 25, 428, -2, 25, 188, 3138 }, // U+01FC
    { 23, 20, 377, 0, 20, 115, 3326 }, // U+01FD
    { 20, 25, 314, 0, 25, 125, 3441 }, // U+01FE
    { 16, 20, 237, -1, 20, 80, 3566 }, // U+01FF
    { 16, 25, 264, 0, 19, 100, 3646 }, // U+0218
    { 12, 20, 208, 0, 14, 60, 3746 }, // U+0219
    { 16, 26, 242, 1, 19, 104, 3806 }, // U+021A
    { 10, 24, 140, -1, 17, 60, 3910 }, // U+021B
    { 19, 24, 301, 0, 24, 114, 3970 }, // U+021E
    { 14, 24, 237, 0, 24, 84, 4084 }, // U+021F
    { 5, 4, 2, 3, 20, 5, 0 }, // U+0300
    { 6, 4, 2, 2, 20, 6, 5 }, // U+0301
    { 10, 4, 2, 2, 20, 10, 11 }, // U+0302
    { 11, 4, 2, 2, 20, 11, 21 }, // U+0303
    { 9, 3, 2, 2, 20, 7, 32 }, // U+0304
    { 9, 4, 2, 3, 20, 9, 39 }, // U+0306
    { 4, 3, 2, 3, 19, 3, 48 }, // U+0307
    { 9, 3, 2, 2, 19, 7, 51 }, // U+0308
    { 5, 6, 68, 1, 22, 8, 58 }, // U+0309
    { 7, 7, 2, 3, 22, 13, 66 }, // U+030A
    { 10, 4, 2, 1, 20, 10, 79 }, // U+030B
    { 9, 4, 2, 3, 20, 9, 89 }, // U+030C
    { 8, 6, 140, 0, 18, 12, 98 }, // U+031B
    { 5, 4, 89, -1, -2, 5, 110 }, // U+0323
    { 5, 6, 0, -2, -1, 8, 115 }, // U+0326
    { 6, 6, 0, -2, 1, 9, 123 }, // U+0327
    { 6, 5, 2, -2, 0, 8, 132 }, // U+0328
    { 18, 25, 272, -2, 19, 113, 0 }, // U+1EA0
    { 13, 20, 226, 0, 14, 65, 113 }, // U+1EA1
    { 18, 27, 272, -2, 27, 122, 178 }, // U+1EA2
    { 13, 22, 226, 0, 22, 72, 300 }, // U+1EA3
    { 22, 28, 272, -2, 28, 154, 372 }, // U+1EA4
    { 18, 24, 226, 0, 24, 108, 526 }, // U+1EA5
    { 21, 27, 272, -2, 27, 142, 634 }, // U+1EA6
    { 16, 23, 226, 0, 23, 92, 776 }, // U+1EA7
    { 20, 29, 272, -2, 29, 145, 868 }, // U+1EA8
    { 16, 26, 226, 0, 26, 104, 1013 }, // U+1EA9
    { 20, 30, 272, -2, 30, 150, 1117 }, // U+1EAA
    { 16, 25, 226, 0, 25, 100, 1267 }, // U+1EAB
    { 18, 30, 272, -2, 24, 135, 1367 }, // U+1EAC
    { 14, 25, 226, 0, 19, 88, 1502 }, // U+1EAD
    { 18, 30, 272, -2, 30, 135, 1590 }, // U+1EAE
    { 14, 25, 226, 0, 25, 88, 1725 }, // U+1EAF
    { 18, 30, 272, -2, 30, 135, 1813 }, // U+1EB0
    { 14, 25, 226, 0, 25, 88, 1948 }, // U+1EB1
    { 18, 31, 272, -2, 31, 140, 2036 }, // U+1EB2
    { 14, 26, 226, 0, 26, 91, 2176 }, // U+1EB3
    { 20, 29, 272, -2, 29, 145, 2267 }, // U+1EB4
    { 16, 26, 226, 0, 26, 104, 2412 }, // U+1EB5
    { 18, 30, 272, -2, 24, 135, 2516 }, // U+1EB6
    { 14, 25, 226, 0, 19, 88, 2651 }, // U+1EB7
    { 17, 25, 245, 0, 19, 107, 2739 }, // U+1EB8
    { 14, 20, 235, 0, 14, 70, 2846 }, // U+1EB9
    { 17, 27, 245, 0, 27, 115, 2916 }, // U+1EBA
    { 14, 22, 235, 0, 22, 77, 3031 }, // U+1EBB
    { 17, 24, 245, 0, 24, 102, 3108 }, // U+1EBC
    { 15, 19, 235, 0, 19, 72, 3210 }, // U+1EBD
    { 20, 28, 245, 0, 28, 140, 3282 }, // U+1EBE
    { 18, 24, 235, 0, 24, 108, 3422 }, // U+1EBF
    { 19, 27, 245, 0, 27, 129, 3530 }, // U+1EC0
    { 17, 23, 235, 0, 23, 98, 3659 }, // U+1EC1
    { 18, 29, 245, 0, 29, 131, 3757 }, // U+1EC2
    { 16, 26, 235, 0, 26, 104, 3888 }, // U+1EC3
    { 18, 30, 245, 0, 30, 135, 3992 }, // U+1EC4
    { 16, 25, 235, 0, 25, 100, 4127 }, // U+1EC5
    { 17, 30, 245, 0, 24, 128, 4227 }, // U+1EC6
    { 14, 25, 235, 0, 19, 88, 4355 }, // U+1EC7
    { 12, 27, 179, 0, 27, 81, 4443 }, // U+1EC8
    { 8, 21, 107, 1, 21, 42, 4524 }, // U+1EC9
    { 12, 25, 179, 0, 19, 75, 4566 }, // U+1ECA
    { 9, 25, 117, -1, 20, 57, 4641 }, // U+1ECB
    { 18, 25, 315, 1, 19, 113, 4698 }, // U+1ECC
    { 14, 20, 237, 0, 14, 70, 4811 }, // U+1ECD
    { 18, 26, 315, 1, 26, 117, 4881 }, // U+1ECE
    { 14, 22, 237, 0, 22, 77, 4998 }, // U+1ECF
    { 20, 28, 315, 1, 28, 140, 5075 }, // U+1ED0
    { 19, 24, 237, 0, 24, 114, 5215 }, // U+1ED1
    { 20, 27, 315, 1, 27, 135, 5329 }, // U+1ED2
    { 17, 23, 237, 0, 23, 98, 5464 }, // U+1ED3
    { 18, 28, 315, 1, 28, 126, 5562 }, // U+1ED4
    { 16, 26, 237, 0, 26, 104, 5688 }, // U+1ED5
    { 18, 30, 315, 1, 30, 135, 5792 }, // U+1ED6
    { 16, 25, 237, 0, 25, 100, 5927 }, // U+1ED7
    { 18, 31, 315, 1, 25, 140, 6027 }, // U+1ED8
    { 14, 25, 237, 0, 19, 88, 6167 }, // U+1ED9
    { 22, 25, 315, 0, 25, 138, 6255 }, // U+1EDA
    { 18, 19, 247, 0, 19, 86, 6393 }, // U+1EDB
    { 22, 25, 315, 0, 25, 138, 6479 }, // U+1EDC
    { 18, 19, 247, 0, 19, 86, 6617 }, // U+1EDD
    { 22, 26, 315, 0, 26, 143, 6703 }, // U+1EDE
    { 18, 21, 247, 0, 21, 95, 6846 }, // U+1EDF
    { 22, 24, 315, 0, 24, 132, 6941 }, // U+1EE0
    { 18, 19, 247, 0, 19, 86, 7073 }, // U+1EE1
    { 22, 28, 315, 0, 22, 154, 7159 }, // U+1EE2
    { 18, 23, 247, 0, 17, 104, 7313 }, // U+1EE3
    { 18, 25, 300, 1, 19, 113, 7417 }, // U+1EE4
    { 13, 20, 234, 1, 14, 65, 7530 }, // U+1EE5
    { 18, 26, 300, 1, 26, 117, 7595 }, // U+1EE6
    { 13, 22, 234, 1, 22, 72, 7712 }, // U+1EE7
    { 21, 25, 308, 1, 25, 132, 7784 }, // U+1EE8
    { 17, 20, 244, 1, 20, 85, 7916 }, // U+1EE9
    { 21, 25, 308, 1, 25, 132, 8001 }, // U+1EEA
    { 17, 20, 244, 1, 20, 85, 8133 }, // U+1EEB
    { 21, 26, 308, 1, 26, 137, 8218 }, // U+1EEC
    { 17, 22, 244, 1, 22, 94, 8355 }, // U+1EED
    { 21, 25, 308, 1, 25, 132, 8449 }, // U+1EEE
    { 17, 19, 244, 1, 19, 81, 8581 }, // U+1EEF
    { 21, 28, 308, 1, 22, 147, 8662 }, // U+1EF0
    { 17, 23, 244, 1, 17, 98, 8809 }, // U+1EF1
    { 17, 25, 259, 2, 25, 107, 8907 }, // U+1EF2
    { 15, 24, 188, -2, 20, 90, 9014 }, // U+1EF3
    { 17, 25, 259, 2, 19, 107, 9104 }, // U+1EF4
    { 15, 20, 188, -2, 14, 75, 9211 }, // U+1EF5
    { 17, 27, 259, 2, 27, 115, 9286 }, // U+1EF6
    { 15, 25, 188, -2, 21, 94, 9401 }, // U+1EF7
    { 17, 24, 259, 2, 24, 102, 9495 }, // U+1EF8
    { 15, 23, 188, -2, 19, 87, 9597 }, // U+1EF9
    { 9, 3, 144, 0, 9, 7, 0 }, // U+2010
    { 11, 3, 215, 1, 9, 9, 7 }, // U+2013
    { 20, 3, 354, 1, 9, 15, 16 }, // U+2014
    { 5, 7, 103, 2, 19, 9, 31 }, // U+2018
    { 5, 7, 103, 2, 19, 9, 40 }, // U+2019
    { 5, 7, 104, -1, 3, 9, 49 }, // U+201A
    { 10, 7, 171, 2, 19, 18, 58 }, // U+201C
    { 10, 7, 171, 2, 19, 18, 76 }, // U+201D
    { 9, 7, 171, -1, 3, 16, 94 }, // U+201E
    { 14, 19, 234, 1, 19, 67, 110 }, // U+2020
    { 15, 19, 234, 0, 19, 72, 177 }, // U+2021
    { 10, 9, 193, 1, 11, 23, 249 }, // U+2022
    { 17, 4, 303, 0, 4, 17, 272 }, // U+2026
    { 35, 19, 609, 2, 19, 167, 289 }, // U+2030
    { 8, 12, 154, 1, 13, 24, 456 }, // U+2039
    { 8, 12, 150, 0, 13, 24, 480 }, // U+203A
    { 16, 19, 192, -2, 19, 76, 504 }, // U+2044
    { 10, 10, 172, 2, 21, 25, 0 }, // U+2074
    { 19, 23, 261, -1, 19, 110, 0 }, // U+20AB
    { 19, 19, 302, 0, 19, 91, 110 }, // U+20AC
    { 14, 19, 258, 1, 19, 67, 0 }, // U+2202
    { 14, 24, 330, 3, 19, 84, 67 }, // U+220F
    { 14, 24, 331, 3, 19, 84, 151 }, // U+2211
    { 14, 3, 268, 1, 8, 11, 235 }, // U+2212
    { 16, 19, 192, -2, 19, 76, 246 }, // U+2215
    { 4, 4, 103, 1, 9, 4, 322 }, // U+2219
    { 13, 24, 222, 1, 19, 78, 326 }, // U+221A
    { 19, 9, 338, 1, 11, 43, 404 }, // U+221E
    { 10, 24, 133, -1, 19, 60, 447 }, // U+222B
    { 14, 9, 262, 1, 12, 32, 507 }, // U+2248
    { 15, 15, 285, 1, 14, 57, 539 }, // U+2260
    { 13, 14, 282, 2, 14, 46, 596 }, // U+2264
    { 13, 14, 297, 3, 14, 46, 642 }, // U+2265
    { 17, 20, 254, 1, 20, 85, 0 }, // U+FB00
    { 14, 20, 228, 1, 20, 70, 85 }, // U+FB01
    { 15, 20, 251, 1, 20, 75, 155 }, // U+FB02
    { 22, 20, 344, 1, 20, 110, 230 }, // U+FB03
    { 22, 20, 366, 1, 20, 110, 340 }, // U+FB04
    { 12, 19, 227, 1, 19, 57, 0 }, // U+FFFD
};

static const EpdUnicodeInterval lexica_13_italicIntervals[] = {
    { 0xD, 0xD, 0x0 },
    { 0x20, 0x7E, 0x1 },
    { 0xA0, 0xFF, 0x60 },
    { 0x100, 0x17F, 0xC0 },
    { 0x1A0, 0x1A1, 0x140 },
    { 0x1AF, 0x1B0, 0x142 },
    { 0x1C4, 0x1CE, 0x144 },
    { 0x1D3, 0x1D4, 0x14F },
    { 0x1E6, 0x1E7, 0x151 },
    { 0x1EA, 0x1EB, 0x153 },
    { 0x1F1, 0x1F3, 0x155 },
    { 0x1FA, 0x1FF, 0x158 },
    { 0x218, 0x21B, 0x15E },
    { 0x21E, 0x21F, 0x162 },
    { 0x300, 0x304, 0x164 },
    { 0x306, 0x30C, 0x169 },
    { 0x31B, 0x31B, 0x170 },
    { 0x323, 0x323, 0x171 },
    { 0x326, 0x328, 0x172 },
    { 0x1EA0, 0x1EF9, 0x175 },
    { 0x2010, 0x2010, 0x1CF },
    { 0x2013, 0x2014, 0x1D0 },
    { 0x2018, 0x201A, 0x1D2 },
    { 0x201C, 0x201E, 0x1D5 },
    { 0x2020, 0x2022, 0x1D8 },
    { 0x2026, 0x2026, 0x1DB },
    { 0x2030, 0x2030, 0x1DC },
    { 0x2039, 0x203A, 0x1DD },
    { 0x2044, 0x2044, 0x1DF },
    { 0x2074, 0x2074, 0x1E0 },
    { 0x20AB, 0x20AC, 0x1E1 },
    { 0x2202, 0x2202, 0x1E3 },
    { 0x220F, 0x220F, 0x1E4 },
    { 0x2211, 0x2212, 0x1E5 },
    { 0x2215, 0x2215, 0x1E7 },
    { 0x2219, 0x221A, 0x1E8 },
    { 0x221E, 0x221E, 0x1EA },
    { 0x222B, 0x222B, 0x1EB },
    { 0x2248, 0x2248, 0x1EC },
    { 0x2260, 0x2260, 0x1ED },
    { 0x2264, 0x2265, 0x1EE },
    { 0xFB00, 0xFB04, 0x1F0 },
    { 0xFFFD, 0xFFFD, 0x1F5 },
};

static const EpdFontGroup lexica_13_italicGroups[] = {
    { 0, 3179, 6328, 96, 0 },
    { 3179, 2695, 7544, 96, 96 },
    { 5874, 3531, 12066, 128, 192 },
    { 9405, 2015, 4441, 36, 320 },
    { 11420, 153, 177, 17, 356 },
    { 11573, 1976, 10678, 90, 373 },
    { 13549, 342, 632, 17, 463 },
    { 13891, 31, 30, 1, 480 },
    { 13922, 143, 210, 2, 481 },
    { 14065, 349, 781, 13, 483 },
    { 14414, 266, 500, 5, 496 },
    { 14680, 51, 57, 1, 501 },
};

static const EpdKernClassEntry lexica_13_italicKernLeftClasses[] = {
    { 0x0028, 1 }, // (
    { 0x002C, 2 }, // ,
    { 0x002D, 3 }, // -
    { 0x002E, 2 }, // .
    { 0x002F, 4 }, // /
    { 0x0030, 5 }, // 0
    { 0x0031, 6 }, // 1
    { 0x0032, 7 }, // 2
    { 0x0034, 8 }, // 4
    { 0x0035, 9 }, // 5
    { 0x0036, 10 }, // 6
    { 0x0037, 11 }, // 7
    { 0x0038, 12 }, // 8
    { 0x0039, 13 }, // 9
    { 0x0041, 14 }, // A
    { 0x0042, 15 }, // B
    { 0x0043, 16 }, // C
    { 0x0044, 17 }, // D
    { 0x0045, 18 }, // E
    { 0x0046, 19 }, // F
    { 0x0047, 20 }, // G
    { 0x0049, 21 }, // I
    { 0x004A, 22 }, // J
    { 0x004B, 23 }, // K
    { 0x004C, 24 }, // L
    { 0x004F, 17 }, // O
    { 0x0050, 25 }, // P
    { 0x0051, 26 }, // Q
    { 0x0052, 27 }, // R
    { 0x0053, 28 }, // S
    { 0x0054, 29 }, // T
    { 0x0055, 30 }, // U
    { 0x0056, 31 }, // V
    { 0x0057, 32 }, // W
    { 0x0058, 33 }, // X
    { 0x0059, 34 }, // Y
    { 0x005A, 35 }, // Z
    { 0x0061, 36 }, // a
    { 0x0062, 37 }, // b
    { 0x0063, 38 }, // c
    { 0x0065, 39 }, // e
    { 0x0066, 40 }, // f
    { 0x0067, 41 }, // g
    { 0x0068, 42 }, // h
    { 0x006A, 43 }, // j
    { 0x006B, 44 }, // k
    { 0x006C, 45 }, // l
    { 0x006D, 42 }, // m
    { 0x006E, 42 }, // n
    { 0x006F, 37 }, // o
    { 0x0070, 37 }, // p
    { 0x0071, 46 }, // q
    { 0x0072, 47 }, // r
    { 0x0073, 48 }, // s
    { 0x0074, 49 }, // t
    { 0x0075, 50 }, // u
    { 0x0076, 51 }, // v
    { 0x0077, 52 }, // w
    { 0x0078, 53 }, // x
    { 0x0079, 51 }, // y
    { 0x007A, 54 }, // z
    { 0x00C0, 14 }, // U+00C0
    { 0x00C1, 14 }, // U+00C1
    { 0x00C2, 14 }, // U+00C2
    { 0x00C3, 14 }, // U+00C3
    { 0x00C4, 14 }, // U+00C4
    { 0x00C5, 14 }, // U+00C5
    { 0x00C6, 18 }, // U+00C6
    { 0x00C7, 16 }, // U+00C7
    { 0x00C8, 18 }, // U+00C8
    { 0x00C9, 18 }, // U+00C9
    { 0x00CA, 18 }, // U+00CA
    { 0x00CB, 18 }, // U+00CB
    { 0x00CC, 21 }, // U+00CC
    { 0x00CD, 21 }, // U+00CD
    { 0x00CE, 21 }, // U+00CE
    { 0x00CF, 21 }, // U+00CF
    { 0x00D0, 17 }, // U+00D0
    { 0x00D2, 17 }, // U+00D2
    { 0x00D3, 17 }, // U+00D3
    { 0x00D4, 17 }, // U+00D4
    { 0x00D5, 17 }, // U+00D5
    { 0x00D6, 17 }, // U+00D6
    { 0x00D8, 17 }, // U+00D8
    { 0x00D9, 30 }, // U+00D9
    { 0x00DA, 30 }, // U+00DA
    { 0x00DB, 30 }, // U+00DB
    { 0x00DC, 30 }, // U+00DC
    { 0x00DD, 34 }, // U+00DD
    { 0x00E0, 42 }, // U+00E0
    { 0x00E1, 42 }, // U+00E1
    { 0x00E2, 42 }, // U+00E2
    { 0x00E3, 42 }, // U+00E3
    { 0x00E4, 42 }, // U+00E4
    { 0x00E5, 42 }, // U+00E5
    { 0x00E6, 39 }, // U+00E6
    { 0x00E7, 38 }, // U+00E7
    { 0x00E8, 39 }, // U+00E8
    { 0x00E9, 39 }, // U+00E9
    { 0x00EA, 39 }, // U+00EA
    { 0x00EB, 39 }, // U+00EB
    { 0x00F0, 17 }, // U+00F0
    { 0x00F1, 42 }, // U+00F1
    { 0x00F2, 37 }, // U+00F2
    { 0x00F3, 37 }, // U+00F3
    { 0x00F4, 37 }, // U+00F4
    { 0x00F5, 37 }, // U+00F5
    { 0x00F6, 37 }, // U+00F6
    { 0x00F8, 37 }, // U+00F8
    { 0x00F9, 50 }, // U+00F9
    { 0x00FA, 50 }, // U+00FA
    { 0x00FB, 50 }, // U+00FB
    { 0x00FC, 50 }, // U+00FC
    { 0x00FD, 51 }, // U+00FD
    { 0x00FE, 37 }, // U+00FE
    { 0x00FF, 51 }, // U+00FF
    { 0x0100, 14 }, // U+0100
    { 0x0101, 42 }, // U+0101
    { 0x0102, 14 }, // U+0102
    { 0x0103, 42 }, // U+0103
    { 0x0104, 14 }, // U+0104
    { 0x0105, 42 }, // U+0105
    { 0x0106, 16 }, // U+0106
    { 0x0107, 38 }, // U+0107
    { 0x0108, 16 }, // U+0108
    { 0x0109, 38 }, // U+0109
    { 0x010A, 16 }, // U+010A
    { 0x010B, 38 }, // U+010B
    { 0x010C, 16 }, // U+010C
    { 0x010D, 38 }, // U+010D
    { 0x010E, 17 }, // U+010E
    { 0x010F, 55 }, // U+010F
    { 0x0111, 40 }, // U+0111
    { 0x0112, 18 }, // U+0112
    { 0x0113, 39 }, // U+0113
    { 0x0114, 18 }, // U+0114
    { 0x0115, 39 }, // U+0115
    { 0x0116, 18 }, // U+0116
    { 0x0117, 39 }, // U+0117
    { 0x0118, 18 }, // U+0118
    { 0x0119, 39 }, // U+0119
    { 0x011A, 18 }, // U+011A
    { 0x011B, 39 }, // U+011B
    { 0x011C, 20 }, // U+011C
    { 0x011D, 41 }, // U+011D
    { 0x011E, 20 }, // U+011E
    { 0x011F, 41 }, // U+011F
    { 0x0120, 20 }, // U+0120
    { 0x0121, 41 }, // U+0121
    { 0x0122, 20 }, // U+0122
    { 0x0123, 41 }, // U+0123
    { 0x0125, 42 }, // U+0125
    { 0x0127, 42 }, // U+0127
    { 0x0128, 21 }, // U+0128
    { 0x012A, 21 }, // U+012A
    { 0x012C, 21 }, // U+012C
    { 0x012E, 21 }, // U+012E
    { 0x0130, 21 }, // U+0130
    { 0x0132, 22 }, // U+0132
    { 0x0133, 43 }, // U+0133
    { 0x0134, 22 }, // U+0134
    { 0x0135, 43 }, // U+0135
    { 0x0136, 23 }, // U+0136
    { 0x0137, 44 }, // U+0137
    { 0x0138, 44 }, // U+0138
    { 0x0139, 24 }, // U+0139
    { 0x013A, 56 }, // U+013A
    { 0x013B, 24 }, // U+013B
    { 0x013C, 56 }, // U+013C
    { 0x013E, 55 }, // U+013E
    { 0x013F, 24 }, // U+013F
    { 0x0140, 57 }, // U+0140
    { 0x0141, 24 }, // U+0141
    { 0x0142, 56 }, // U+0142
    { 0x0144, 42 }, // U+0144
    { 0x0146, 42 }, // U+0146
    { 0x0148, 42 }, // U+0148
    { 0x014C, 17 }, // U+014C
    { 0x014D, 37 }, // U+014D
    { 0x014E, 17 }, // U+014E
    { 0x014F, 37 }, // U+014F
    { 0x0150, 17 }, // U+0150
    { 0x0151, 37 }, // U+0151
    { 0x0152, 18 }, // U+0152
    { 0x0153, 39 }, // U+0153
    { 0x0154, 27 }, // U+0154
    { 0x0155, 47 }, // U+0155
    { 0x0156, 27 }, // U+0156
    { 0x0157, 47 }, // U+0157
    { 0x0158, 27 }, // U+0158
    { 0x0159, 47 }, // U+0159
    { 0x015A, 28 }, // U+015A
    { 0x015B, 48 }, // U+015B
    { 0x015C, 28 }, // U+015C
    { 0x015D, 48 }, // U+015D
    { 0x015E, 28 }, // U+015E
    { 0x015F, 48 }, // U+015F
    { 0x0160, 28 }, // U+0160
    { 0x0161, 48 }, // U+0161
    { 0x0162, 29 }, // U+0162
    { 0x0163, 49 }, // U+0163
    { 0x0164, 29 }, // U+0164
    { 0x0165, 55 }, // U+0165
    { 0x0166, 29 }, // U+0166
    { 0x0167, 49 }, // U+0167
    { 0x0168, 30 }, // U+0168
    { 0x0169, 50 }, // U+0169
    { 0x016A, 30 }, // U+016A
    { 0x016B, 50 }, // U+016B
    { 0x016C, 30 }, // U+016C
    { 0x016D, 50 }, // U+016D
    { 0x016E, 30 }, // U+016E
    { 0x016F, 50 }, // U+016F
    { 0x0170, 30 }, // U+0170
    { 0x0171, 50 }, // U+0171
    { 0x0172, 30 }, // U+0172
    { 0x0173, 50 }, // U+0173
    { 0x0176, 34 }, // U+0176
    { 0x0177, 51 }, // U+0177
    { 0x0178, 34 }, // U+0178
    { 0x0179, 35 }, // U+0179
    { 0x017A, 54 }, // U+017A
    { 0x017B, 35 }, // U+017B
    { 0x017C, 54 }, // U+017C
    { 0x017D, 35 }, // U+017D
    { 0x017E, 54 }, // U+017E
    { 0x017F, 40 }, // U+017F
    { 0x01A0, 58 }, // U+01A0
    { 0x01A1, 59 }, // U+01A1
    { 0x01AF, 60 }, // U+01AF
    { 0x01B0, 61 }, // U+01B0
    { 0x01C4, 35 }, // U+01C4
    { 0x01C5, 54 }, // U+01C5
    { 0x01C6, 54 }, // U+01C6
    { 0x01C7, 22 }, // U+01C7
    { 0x01C8, 43 }, // U+01C8
    { 0x01C9, 43 }, // U+01C9
    { 0x01CA, 22 }, // U+01CA
    { 0x01CB, 43 }, // U+01CB
    { 0x01CC, 43 }, // U+01CC
    { 0x01CD, 14 }, // U+01CD
    { 0x01CE, 42 }, // U+01CE
    { 0x01D3, 30 }, // U+01D3
    { 0x01D4, 50 }, // U+01D4
    { 0x01E6, 20 }, // U+01E6
    { 0x01E7, 41 }, // U+01E7
    { 0x01EA, 17 }, // U+01EA
    { 0x01EB, 37 }, // U+01EB
    { 0x01F1, 35 }, // U+01F1
    { 0x01F2, 54 }, // U+01F2
    { 0x01F3, 54 }, // U+01F3
    { 0x01FA, 14 }, // U+01FA
    { 0x01FB, 42 }, // U+01FB
    { 0x01FC, 18 }, // U+01FC
    { 0x01FD, 39 }, // U+01FD
    { 0x01FE, 17 }, // U+01FE
    { 0x01FF, 37 }, // U+01FF
    { 0x0218, 28 }, // U+0218
    { 0x0219, 48 }, // U+0219
    { 0x021A, 29 }, // U+021A
    { 0x021B, 49 }, // U+021B
    { 0x021F, 42 }, // U+021F
    { 0x1EA0, 14 }, // U+1EA0
    { 0x1EA1, 42 }, // U+1EA1
    { 0x1EA2, 14 }, // U+1EA2
    { 0x1EA4, 14 }, // U+1EA4
    { 0x1EA5, 42 }, // U+1EA5
    { 0x1EA6, 14 }, // U+1EA6
    { 0x1EA7, 42 }, // U+1EA7
    { 0x1EA8, 14 }, // U+1EA8
    { 0x1EA9, 42 }, // U+1EA9
    { 0x1EAA, 14 }, // U+1EAA
    { 0x1EAB, 42 }, // U+1EAB
    { 0x1EAC, 14 }, // U+1EAC
    { 0x1EAD, 42 }, // U+1EAD
    { 0x1EAE, 14 }, // U+1EAE
    { 0x1EAF, 42 }, // U+1EAF
    { 0x1EB0, 14 }, // U+1EB0
    { 0x1EB1, 42 }, // U+1EB1
    { 0x1EB2, 14 }, // U+1EB2
    { 0x1EB3, 42 }, // U+1EB3
    { 0x1EB4, 14 }, // U+1EB4
    { 0x1EB5, 42 }, // U+1EB5
    { 0x1EB6, 14 }, // U+1EB6
    { 0x1EB7, 42 }, // U+1EB7
    { 0x1EB8, 18 }, // U+1EB8
    { 0x1EB9, 39 }, // U+1EB9
    { 0x1EBA, 18 }, // U+1EBA
    { 0x1EBB, 39 }, // U+1EBB
    { 0x1EBC, 18 }, // U+1EBC
    { 0x1EBD, 39 }, // U+1EBD
    { 0x1EBE, 18 }, // U+1EBE
    { 0x1EC0, 18 }, // U+1EC0
    { 0x1EC2, 18 }, // U+1EC2
    { 0x1EC4, 18 }, // U+1EC4
    { 0x1EC6, 18 }, // U+1EC6
    { 0x1EC7, 39 }, // U+1EC7
    { 0x1EC8, 21 }, // U+1EC8
    { 0x1ECA, 21 }, // U+1ECA
    { 0x1ECC, 17 }, // U+1ECC
    { 0x1ECD, 37 }, // U+1ECD
    { 0x1ECE, 17 }, // U+1ECE
    { 0x1ECF, 37 }, // U+1ECF
    { 0x1ED0, 17 }, // U+1ED0
    { 0x1ED2, 17 }, // U+1ED2
    { 0x1ED4, 17 }, // U+1ED4
    { 0x1ED6, 17 }, // U+1ED6
    { 0x1ED7, 37 }, // U+1ED7
    { 0x1ED8, 17 }, // U+1ED8
    { 0x1ED9, 37 }, // U+1ED9
    { 0x1EDA, 58 }, // U+1EDA
    { 0x1EDB, 59 }, // U+1EDB
    { 0x1EDC, 58 }, // U+1EDC
    { 0x1EDD, 59 }, // U+1EDD
    { 0x1EDE, 58 }, // U+1EDE
    { 0x1EDF, 59 }, // U+1EDF
    { 0x1EE0, 58 }, // U+1EE0
    { 0x1EE1, 59 }, // U+1EE1
    { 0x1EE2, 58 }, // U+1EE2
    { 0x1EE3, 59 }, // U+1EE3
    { 0x1EE8, 60 }, // U+1EE8
    { 0x1EE9, 61 }, // U+1EE9
    { 0x1EEA, 60 }, // U+1EEA
    { 0x1EEB, 61 }, // U+1EEB
    { 0x1EEC, 60 }, // U+1EEC
    { 0x1EED, 61 }, // U+1EED
    { 0x1EEE, 60 }, // U+1EEE
    { 0x1EEF, 61 }, // U+1EEF
    { 0x1EF0, 60 }, // U+1EF0
    { 0x1EF1, 61 }, // U+1EF1
    { 0x1EF2, 34 }, // U+1EF2
    { 0x1EF3, 51 }, // U+1EF3
    { 0x1EF4, 34 }, // U+1EF4
    { 0x1EF5, 51 }, // U+1EF5
    { 0x1EF6, 34 }, // U+1EF6
    { 0x1EF7, 51 }, // U+1EF7
    { 0x1EF8, 34 }, // U+1EF8
    { 0x1EF9, 51 }, // U+1EF9
    { 0x2013, 3 }, // U+2013
    { 0x2014, 3 }, // U+2014
    { 0x2019, 62 }, // U+2019
    { 0x201A, 2 }, // U+201A
    { 0x201D, 62 }, // U+201D
    { 0x201E, 2 }, // U+201E
    { 0x2026, 2 }, // U+2026
    { 0x20AB, 40 }, // U+20AB
    { 0xFB00, 40 }, // U+FB00
    { 0xFB02, 56 }, // U+FB02
    { 0xFB04, 56 }, // U+FB04
};

static const EpdKernClassEntry lexica_13_italicKernRightClasses[] = {
    { 0x0025, 1 }, // %
    { 0x0029, 2 }, // )
    { 0x002C, 3 }, // ,
    { 0x002D, 4 }, // -
    { 0x002E, 3 }, // .
    { 0x002F, 5 }, // /
    { 0x0030, 6 }, // 0
    { 0x0031, 7 }, // 1
    { 0x0032, 8 }, // 2
    { 0x0034, 9 }, // 4
    { 0x0037, 10 }, // 7
    { 0x0038, 11 }, // 8
    { 0x0039, 12 }, // 9
    { 0x0041, 13 }, // A
    { 0x0043, 14 }, // C
    { 0x0047, 14 }, // G
    { 0x0049, 15 }, // I
    { 0x004A, 16 }, // J
    { 0x004F, 14 }, // O
    { 0x0051, 14 }, // Q
    { 0x0053, 17 }, // S
    { 0x0054, 18 }, // T
    { 0x0055, 19 }, // U
    { 0x0056, 20 }, // V
    { 0x0057, 21 }, // W
    { 0x0058, 22 }, // X
    { 0x0059, 23 }, // Y
    { 0x005A, 24 }, // Z
    { 0x0061, 25 }, // a
    { 0x0063, 26 }, // c
    { 0x0064, 26 }, // d
    { 0x0065, 26 }, // e
    { 0x0066, 27 }, // f
    { 0x0067, 28 }, // g
    { 0x0068, 29 }, // h
    { 0x0069, 30 }, // i
    { 0x006A, 31 }, // j
    { 0x006B, 29 }, // k
    { 0x006C, 32 }, // l
    { 0x006D, 33 }, // m
    { 0x006E, 33 }, // n
    { 0x006F, 26 }, // o
    { 0x0070, 34 }, // p
    { 0x0071, 26 }, // q
    { 0x0072, 33 }, // r
    { 0x0073, 35 }, // s
    { 0x0074, 36 }, // t
    { 0x0075, 37 }, // u
    { 0x0076, 38 }, // v
    { 0x0077, 39 }, // w
    { 0x0078, 40 }, // x
    { 0x0079, 38 }, // y
    { 0x007A, 41 }, // z
    { 0x00B0, 42 }, // U+00B0
    { 0x00C0, 13 }, // U+00C0
    { 0x00C1, 13 }, // U+00C1
    { 0x00C2, 13 }, // U+00C2
    { 0x00C3, 13 }, // U+00C3
    { 0x00C4, 13 }, // U+00C4
    { 0x00C5, 13 }, // U+00C5
    { 0x00C6, 43 }, // U+00C6
    { 0x00C7, 14 }, // U+00C7
    { 0x00CC, 15 }, // U+00CC
    { 0x00CD, 15 }, // U+00CD
    { 0x00CE, 15 }, // U+00CE
    { 0x00CF, 15 }, // U+00CF
    { 0x00D2, 14 }, // U+00D2
    { 0x00D3, 14 }, // U+00D3
    { 0x00D4, 14 }, // U+00D4
    { 0x00D5, 14 }, // U+00D5
    { 0x00D6, 14 }, // U+00D6
    { 0x00D8, 14 }, // U+00D8
    { 0x00D9, 19 }, // U+00D9
    { 0x00DA, 19 }, // U+00DA
    { 0x00DB, 19 }, // U+00DB
    { 0x00DC, 19 }, // U+00DC
    { 0x00DD, 44 }, // U+00DD
    { 0x00E0, 25 }, // U+00E0
    { 0x00E1, 25 }, // U+00E1
    { 0x00E2, 25 }, // U+00E2
    { 0x00E3, 25 }, // U+00E3
    { 0x00E4, 25 }, // U+00E4
    { 0x00E5, 25 }, // U+00E5
    { 0x00E6, 25 }, // U+00E6
    { 0x00E7, 26 }, // U+00E7
    { 0x00E8, 26 }, // U+00E8
    { 0x00E9, 26 }, // U+00E9
    { 0x00EA, 26 }, // U+00EA
    { 0x00EB, 26 }, // U+00EB
    { 0x00EC, 30 }, // U+00EC
    { 0x00ED, 30 }, // U+00ED
    { 0x00EE, 30 }, // U+00EE
    { 0x00EF, 30 }, // U+00EF
    { 0x00F0, 26 }, // U+00F0
    { 0x00F1, 33 }, // U+00F1
    { 0x00F2, 26 }, // U+00F2
    { 0x00F3, 26 }, // U+00F3
    { 0x00F4, 26 }, // U+00F4
    { 0x00F5, 26 }, // U+00F5
    { 0x00F6, 26 }, // U+00F6
    { 0x00F8, 26 }, // U+00F8
    { 0x00F9, 37 }, // U+00F9
    { 0x00FA, 37 }, // U+00FA
    { 0x00FB, 37 }, // U+00FB
    { 0x00FC, 37 }, // U+00FC
    { 0x00FD, 38 }, // U+00FD
    { 0x00FF, 38 }, // U+00FF
    { 0x0100, 13 }, // U+0100
    { 0x0101, 25 }, // U+0101
    { 0x0102, 13 }, // U+0102
    { 0x0103, 25 }, // U+0103
    { 0x0104, 13 }, // U+0104
    { 0x0105, 25 }, // U+0105
    { 0x0106, 14 }, // U+0106
    { 0x0107, 26 }, // U+0107
    { 0x0108, 14 }, // U+0108
    { 0x0109, 26 }, // U+0109
    { 0x010A, 14 }, // U+010A
    { 0x010B, 26 }, // U+010B
    { 0x010C, 14 }, // U+010C
    { 0x010D, 26 }, // U+010D
    { 0x010F, 26 }, // U+010F
    { 0x0111, 26 }, // U+0111
    { 0x0113, 26 }, // U+0113
    { 0x0115, 26 }, // U+0115
    { 0x0117, 26 }, // U+0117
    { 0x0119, 26 }, // U+0119
    { 0x011B, 26 }, // U+011B
    { 0x011C, 14 }, // U+011C
    { 0x011D, 28 }, // U+011D
    { 0x011E, 14 }, // U+011E
    { 0x011F, 28 }, // U+011F
    { 0x0120, 14 }, // U+0120
    { 0x0121, 28 }, // U+0121
    { 0x0122, 14 }, // U+0122
    { 0x0123, 28 }, // U+0123
    { 0x0125, 29 }, // U+0125
    { 0x0127, 29 }, // U+0127
    { 0x0128, 15 }, // U+0128
    { 0x0129, 30 }, // U+0129
    { 0x012A, 15 }, // U+012A
    { 0x012B, 30 }, // U+012B
    { 0x012C, 15 }, // U+012C
    { 0x012D, 30 }, // U+012D
    { 0x012E, 15 }, // U+012E
    { 0x012F, 30 }, // U+012F
    { 0x0130, 15 }, // U+0130
    { 0x0131, 30 }, // U+0131
    { 0x0132, 15 }, // U+0132
    { 0x0133, 30 }, // U+0133
    { 0x0134, 16 }, // U+0134
    { 0x0135, 31 }, // U+0135
    { 0x0137, 29 }, // U+0137
    { 0x0138, 29 }, // U+0138
    { 0x013A, 32 }, // U+013A
    { 0x013C, 32 }, // U+013C
    { 0x013E, 32 }, // U+013E
    { 0x0140, 32 }, // U+0140
    { 0x0142, 32 }, // U+0142
    { 0x0144, 33 }, // U+0144
    { 0x0146, 33 }, // U+0146
    { 0x0148, 33 }, // U+0148
    { 0x014C, 14 }, // U+014C
    { 0x014D, 26 }, // U+014D
    { 0x014E, 14 }, // U+014E
    { 0x014F, 26 }, // U+014F
    { 0x0150, 14 }, // U+0150
    { 0x0151, 26 }, // U+0151
    { 0x0152, 14 }, // U+0152
    { 0x0153, 26 }, // U+0153
    { 0x0155, 33 }, // U+0155
    { 0x0157, 33 }, // U+0157
    { 0x0159, 33 }, // U+0159
    { 0x015A, 17 }, // U+015A
    { 0x015B, 35 }, // U+015B
    { 0x015C, 17 }, // U+015C
    { 0x015D, 35 }, // U+015D
    { 0x015E, 17 }, // U+015E
    { 0x015F, 35 }, // U+015F
    { 0x0160, 17 }, // U+0160
    { 0x0161, 35 }, // U+0161
    { 0x0162, 45 }, // U+0162
    { 0x0163, 36 }, // U+0163
    { 0x0164, 45 }, // U+0164
    { 0x0165, 36 }, // U+0165
    { 0x0166, 45 }, // U+0166
    { 0x0167, 36 }, // U+0167
    { 0x0168, 19 }, // U+0168
    { 0x0169, 37 }, // U+0169
    { 0x016A, 19 }, // U+016A
    { 0x016B, 37 }, // U+016B
    { 0x016C, 19 }, // U+016C
    { 0x016D, 37 }, // U+016D
    { 0x016E, 19 }, // U+016E
    { 0x016F, 37 }, // U+016F
    { 0x0170, 19 }, // U+0170
    { 0x0171, 37 }, // U+0171
    { 0x0172, 19 }, // U+0172
    { 0x0173, 37 }, // U+0173
    { 0x0176, 44 }, // U+0176
    { 0x0177, 38 }, // U+0177
    { 0x0178, 44 }, // U+0178
    { 0x0179, 24 }, // U+0179
    { 0x017A, 41 }, // U+017A
    { 0x017B, 24 }, // U+017B
    { 0x017C, 41 }, // U+017C
    { 0x017D, 24 }, // U+017D
    { 0x017E, 41 }, // U+017E
    { 0x017F, 27 }, // U+017F
    { 0x01A0, 14 }, // U+01A0
    { 0x01A1, 26 }, // U+01A1
    { 0x01C6, 26 }, // U+01C6
    { 0x01C9, 32 }, // U+01C9
    { 0x01CC, 33 }, // U+01CC
    { 0x01CD, 13 }, // U+01CD
    { 0x01CE, 25 }, // U+01CE
    { 0x01D3, 19 }, // U+01D3
    { 0x01D4, 37 }, // U+01D4
    { 0x01E6, 14 }, // U+01E6
    { 0x01E7, 28 }, // U+01E7
    { 0x01EA, 14 }, // U+01EA
    { 0x01EB, 26 }, // U+01EB
    { 0x01F3, 26 }, // U+01F3
    { 0x01FA, 13 }, // U+01FA
    { 0x01FB, 25 }, // U+01FB
    { 0x01FC, 43 }, // U+01FC
    { 0x01FD, 25 }, // U+01FD
    { 0x01FE, 14 }, // U+01FE
    { 0x01FF, 26 }, // U+01FF
    { 0x0218, 17 }, // U+0218
    { 0x0219, 35 }, // U+0219
    { 0x021A, 45 }, // U+021A
    { 0x021B, 36 }, // U+021B
    { 0x021F, 29 }, // U+021F
    { 0x1EA0, 13 }, // U+1EA0
    { 0x1EA1, 25 }, // U+1EA1
    { 0x1EA2, 13 }, // U+1EA2
    { 0x1EA3, 25 }, // U+1EA3
    { 0x1EA4, 13 }, // U+1EA4
    { 0x1EA5, 25 }, // U+1EA5
    { 0x1EA6, 13 }, // U+1EA6
    { 0x1EA7, 25 }, // U+1EA7
    { 0x1EA8, 13 }, // U+1EA8
    { 0x1EA9, 25 }, // U+1EA9
    { 0x1EAA, 13 }, // U+1EAA
    { 0x1EAB, 25 }, // U+1EAB
    { 0x1EAC, 13 }, // U+1EAC
    { 0x1EAD, 25 }, // U+1EAD
    { 0x1EAE, 13 }, // U+1EAE
    { 0x1EAF, 25 }, // U+1EAF
    { 0x1EB0, 13 }, // U+1EB0
    { 0x1EB1, 25 }, // U+1EB1
    { 0x1EB2, 13 }, // U+1EB2
    { 0x1EB3, 25 }, // U+1EB3
    { 0x1EB4, 13 }, // U+1EB4
    { 0x1EB5, 25 }, // U+1EB5
    { 0x1EB6, 13 }, // U+1EB6
    { 0x1EB7, 25 }, // U+1EB7
    { 0x1EB9, 26 }, // U+1EB9
    { 0x1EBB, 26 }, // U+1EBB
    { 0x1EBD, 26 }, // U+1EBD
    { 0x1EBF, 26 }, // U+1EBF
    { 0x1EC1, 26 }, // U+1EC1
    { 0x1EC3, 26 }, // U+1EC3
    { 0x1EC5, 26 }, // U+1EC5
    { 0x1EC7, 26 }, // U+1EC7
    { 0x1EC8, 15 }, // U+1EC8
    { 0x1EC9, 30 }, // U+1EC9
    { 0x1ECA, 15 }, // U+1ECA
    { 0x1ECB, 30 }, // U+1ECB
    { 0x1ECC, 14 }, // U+1ECC
    { 0x1ECD, 26 }, // U+1ECD
    { 0x1ECE, 14 }, // U+1ECE
    { 0x1ECF, 26 }, // U+1ECF
    { 0x1ED0, 14 }, // U+1ED0
    { 0x1ED1, 26 }, // U+1ED1
    { 0x1ED2, 14 }, // U+1ED2
    { 0x1ED3, 26 }, // U+1ED3
    { 0x1ED4, 14 }, // U+1ED4
    { 0x1ED5, 26 }, // U+1ED5
    { 0x1ED6, 14 }, // U+1ED6
    { 0x1ED7, 26 }, // U+1ED7
    { 0x1ED8, 14 }, // U+1ED8
    { 0x1ED9, 26 }, // U+1ED9
    { 0x1EDA, 14 }, // U+1EDA
    { 0x1EDB, 26 }, // U+1EDB
    { 0x1EDC, 14 }, // U+1EDC
    { 0x1EDD, 26 }, // U+1EDD
    { 0x1EDE, 14 }, // U+1EDE
    { 0x1EDF, 26 }, // U+1EDF
    { 0x1EE0, 14 }, // U+1EE0
    { 0x1EE1, 26 }, // U+1EE1
    { 0x1EE2, 14 }, // U+1EE2
    { 0x1EE3, 26 }, // U+1EE3
    { 0x1EE4, 19 }, // U+1EE4
    { 0x1EE5, 37 }, // U+1EE5
    { 0x1EE6, 19 }, // U+1EE6
    { 0x1EE7, 37 }, // U+1EE7
    { 0x1EE8, 19 }, // U+1EE8
    { 0x1EE9, 37 }, // U+1EE9
    { 0x1EEA, 19 }, // U+1EEA
    { 0x1EEB, 37 }, // U+1EEB
    { 0x1EEC, 19 }, // U+1EEC
    { 0x1EED, 37 }, // U+1EED
    { 0x1EEE, 19 }, // U+1EEE
    { 0x1EEF, 37 }, // U+1EEF
    { 0x1EF0, 19 }, // U+1EF0
    { 0x1EF1, 37 }, // U+1EF1
    { 0x1EF2, 44 }, // U+1EF2
    { 0x1EF3, 38 }, // U+1EF3
    { 0x1EF4, 44 }, // U+1EF4
    { 0x1EF5, 38 }, // U+1EF5
    { 0x1EF6, 44 }, // U+1EF6
    { 0x1EF7, 38 }, // U+1EF7
    { 0x1EF8, 44 }, // U+1EF8
    { 0x1EF9, 38 }, // U+1EF9
    { 0x2013, 4 }, // U+2013
    { 0x2014, 4 }, // U+2014
    { 0x2019, 46 }, // U+2019
    { 0x201A, 3 }, // U+201A
    { 0x201D, 46 }, // U+201D
    { 0x201E, 3 }, // U+201E
    { 0x2026, 3 }, // U+2026
    { 0x2030, 1 }, // U+2030
    { 0x20AB, 26 }, // U+20AB
    { 0x2202, 26 }, // U+2202
    { 0xFB00, 27 }, // U+FB00
    { 0xFB01, 27 }, // U+FB01
    { 0xFB02, 27 }, // U+FB02
    { 0xFB03, 27 }, // U+FB03
    { 0xFB04, 27 }, // U+FB04
};

static const int8_t lexica_13_italicKernMatrix[] = {
       0,    0,    0,    0,    0,    0,    0,    0,    0,   13,    0,    0,    0,    0,    0,    0,    0,    0,    0,    0,    0,    0,    0,    0,    0,    0,    0,    0,    0,    0,    0,    0,    0,    0,    0,    0,    0,    0,    0,    0,    0,    0,    0,    0,    0,    0,
       0,    0,    0,    0,    0,    0,    0,    0,    0,    0,    0,    0,    0,    0,    0,    0,    0,    0,    0,    0,    0,    0,    0,    0,    0,    0,    0,   -9,    0,    0,    0,    0,    0,    0,    0,    0,    0,    0,    0,    0,    0,    0,    0,    0,    0,    0,
       0,    0,    0,    0,    0,    0,  -20,  -13,   13,  -24,    0,    0,    0,    0,    0,    0,    0,    0,    0,    0,    0,    0,    0,    0,    0,    0,    0,    0,    0,    0,    0,    0,    0,    0,    0,    0,    0,    0,    0,    0,    0,    0,    0,    0,    0,    0,
       0,    0,    0,    0,  -34,    0,    0,    0,    0,    0,    0,    0,    0,    0,    0,    0,    0,    0,    0,    0,    0,    0,    0,    0,    0,    0,    0,    0,    0,    0,    0,    0,    0,    0,    0,    0,    0,    0,    0,    0,    0,    0,    0,    0,    0,    0,
       0,    0,    0,    0,    0,    0,    0,   -8,    0,    0,    0,    0,    0,    0,    0,    0,    0,    0,    0,    0,    0,    0,    0,    0,    0,    0,    0,    0,    0,    0,    0,    0,    0,    0,    0,    0,    0,    0,    0,    0,    0,    0,    0,    0,    0,    0,
       0,    7,    0,    0,    0,    0,    0,    0,    0,    0,    0,    0,    0,    0,    0,    0,    0,    0,    0,    0,    0,    0,    0,    0,    0,    0,    0,    0,    0,    0,    0,    0,    0,    0,    0,    0,    0,    0,    0,    0,    0,    0,    0,    0,    0,    0,
       0,    0,    0,    0,    0,    0,    0,    0,   -3,    0,    0,    0,    0,    0,    0,    0,    0,    0,    0,    0,    0,    0,    0,    0,    0,    0,    0,    0,    0,    0,    0,    0,    0,    0,    0,    0,    0,    0,    0,    0,    0,    0,    0,    0,    0,    0,
     -21,    0,    0,    0,    0,    0,    0,    0,    0,    0,    0,  -10,    0,    0,    0,    0,    0,    0,    0,    0,    0,    0,    0,    0,    0,    0,    0,    0,    0,    0,    0,    0,    0,    0,    0,    0,    0,    0,    0,    0,    0,  -33,    0,    0,    0,    0,
       0,    0,    0,    0,    0,    0,    0,    0,    0,    0,    0,   -7,    0,    0,    0,    0,    0,    0,    0,    0,    0,    0,    0,    0,    0,    0,    0,    0,    0,    0,    0,    0,    0,    0,    0,    0,    0,    0,    0,    0,    0,    0,    0,    0,    0,    0,
     -14,    0,    0,    0,    0,    0,  -10,   -8,    0,    0,    0,    0,    0,    0,    0,    0,    0,    0,    0,    0,    0,    0,    0,    0,    0,    0,    0,    0,    0,    0,    0,    0,    0,    0,    0,    0,    0,    0,    0,    0,    0,    0,    0,    0,    0,    0,
      13,    0,    0,  -24,    0,    0,   12,    0,  -20,   16,  -20,    0,    0,    0,    0,    0,    0,    0,    0,    0,    0,    0,    0,    0,    0,    0,    0,    0,    0,    0,    0,    0,    0,    0,    0,    0,    0,    0,    0,    0,    0,    0,    0,    0,    0,    0,
     -25,    0,    0,    0,    0,  -18,  -12,    0,    0,   -8,    0,  -21,    0,    0,    0,    0,    0,    0,    0,    0,    0,    0,    0,    0,    0,    0,    0,    0,    0,    0,    0,    0,    0,    0,    0,    0,    0,    0,    0,    0,    0,  -12,    0,    0,    0,    0,
       0,    0,    0,    0,    0,    0,    0,    0,  -10,   -8,  -10,    0,    0,    0,    0,    0,    0,    0,    0,    0,    0,    0,    0,    0,    0,    0,    0,    0,    0,    0,    0,    0,    0,    0,    0,    0,    0,    0,    0,    0,    0,    0,    0,    0,    0,    0,
       0,    0,    0,    0,    0,    0,    0,    0,    0,    0,    0,    0,    8,  -16,    0,    0,    0,  -29,  -12,  -29,  -20,    0,  -29,    0,    0,    0,    0,    0,    0,    0,    0,   -9,    0,    0,    0,  -12,  -10,  -17,  -19,    9,    0,    0,    0,  -29,  -29,    0,
       0,    0,    0,    0,    0,    0,    0,    0,    0,    0,    0,    0,   -8,    0,    0,    0,    0,    0,    0,   -8,    0,   -8,  -12,    0,   -6,    0,    0,    0,    0,    0,    0,    0,    0,    0,    0,    0,    0,    0,    0,    0,    0,    0,  -18,  -12,    0,    0,
       0,    0,    0,    0,    0,    0,    0,    0,    0,    0,    0,    0,    0,   -8,    0,    0,    0,    0,    0,    0,    0,    0,  -10,    0,    0,    0,    0,    0,    0,    0,    0,    0,    0,    0,    0,    0,    0,    0,    0,    0,    0,    0,  -18,  -10,    0,    0,
       0,    0,    0,    0,    0,    0,    0,    0,    0,    0,    0,    0,  -16,    0,  -12,    0,    0,  -16,    0,  -12,   -8,   -8,  -20,   -8,  -12,    0,    0,    0,    0,    0,    0,    0,    0,    0,    0,    0,    0,    0,    0,    0,   -8,    0,  -30,  -20,  -16,    0,
       0,    0,    0,    0,    0,    0,    0,    0,    0,    0,    0,    0,    0,   -8,    0,    0,    0,    0,    0,    7,    8,    0,    0,    0,    0,    0,    0,    0,    0,    0,    0,    0,    0,    0,    0,    0,    0,    0,    0,    0,    0,    0,    0,    0,    0,    0,
       0,    0,    0,    0,    0,    0,    0,    0,    0,    0,    0,    0,  -16,    0,    0,  -14,    0,   10,    0,    0,    0,    0,    0,    0,  -10,    0,    0,    0,    0,    0,    0,    0,    0,    0,    0,    0,    0,    0,    0,    0,    0,    0,  -49,    0,   10,    0,
       0,    0,    0,    0,    0,    0,    0,    0,    0,    0,    0,    0,    0,    0,    0,    0,    0,   -8,    0,  -12,    0,    0,  -20,    0,    0,    0,    0,    0,    0,    0,    0,    0,    0,    0,    0,    0,    0,    0,    0,    0,    0,    0,    0,  -20,   -8,    0,
       0,    0,    0,    0,    0,    0,    0,    0,    0,    0,    0,    0,    0,  -12,    0,    0,    0,    0,    0,    0,    0,    0,    0,    0,    0,    0,   -9,    0,    0,    0,    0,    0,    0,    0,    0,  -12,    0,    0,    0,    0,    0,    0,  -12,    0,    0,    0,
       0,    0,    0,    0,    0,    0,    0,    0,    0,    0,    0,    0,  -12,    0,    0,    0,    0,    0,    0,    0,    0,    0,    0,    0,    0,    0,    0,    0,    0,    0,    0,    0,    0,    0,    0,    0,    0,    0,    0,    0,    0,    0,    0,    0,    0,    0,
       0,    0,    0,    0,    0,    0,    0,    0,    0,    0,    0,    0,    0,  -20,    0,    0,    0,    0,    0,    0,    0,    0,    0,    0,    0,   -8,    0,    0,    0,    0,    0,    0,    0,    0,    0,    0,  -19,  -22,  -22,    0,    0,    0,    0,    0,    0,    0,
       0,    0,    0,    0,    0,    0,    0,    0,    0,    0,    0,    0,   12,  -16,    0,   12,    0,  -45,   -9,  -29,  -16,   12,  -37,    0,    0,    0,    0,    0,    0,   -8,    0,    0,    0,    0,    0,    0,    0,  -16,  -20,   12,    0,    0,    0,  -37,  -45,    0,
       0,    0,    0,    0,    0,    0,    0,    0,    0,    0,    0,    0,  -36,    0,    0,  -29,    0,    0,    0,    0,    0,  -13,   -8,   -8,  -12,    0,    0,    0,    0,    0,    0,    0,    0,    0,   -8,    0,    0,    0,    0,    0,    0,    0,  -64,   -8,    0,    0,
       0,    0,    0,    0,    0,    0,    0,    0,    0,    0,    0,    0,   12,    0,    0,    0,    0,    0,   -3,    0,    0,    8,  -16,    0,    0,    0,    0,    0,    0,    0,    0,    0,    0,    0,    0,    0,    0,    0,    0,    8,    8,    0,    0,  -16,    0,    0,
       0,    0,    0,    0,    0,    0,    0,    0,    0,    0,    0,    0,    8,   -9,    0,    0,    0,    0,    0,    0,    0,    0,   -7,    0,    0,    0,    0,   -8,    0,    0,    0,    0,    0,    0,    0,    0,   -8,    0,    0,    0,    0,    0,    0,   -7,    0,    0,
       0,    0,    0,    0,    0,    0,    0,    0,    0,    0,    0,    0,    0,    0,    0,    0,    0,    0,    0,    0,   -8,    0,   -6,    0,    0,    0,    0,    0,    0,    0,    0,    0,    0,    0,    0,    0,    0,    0,    0,    0,    0,    0,  -12,   -6,    0,    0,
       0,    0,    0,    0,    0,    0,    0,    0,    0,    0,    0,    0,  -29,  -16,    0,  -45,    0,   10,    0,   16,   12,    0,    8,    0,  -36,  -37,    8,  -33,    0,    0,    0,    0,  -29,  -29,  -25,    0,  -29,   -4,   -9,   -4,  -13,    0,  -54,    8,   10,    0,
       0,    0,    0,    0,    0,    0,    0,    0,    0,    0,    0,    0,  -12,    0,    0,    0,    0,    0,    0,    0,    0,    0,    0,    0,    0,    0,    0,    0,    0,    0,    0,    0,    0,    0,    0,    0,    0,    0,    0,    0,    0,    0,  -39,    0,    0,    0,
       0,    0,    0,    0,    0,    0,    0,    0,    0,    0,    0,    0,  -29,  -12,    0,  -16,    0,   16,    0,    8,    8,    0,    8,    0,  -16,  -20,    0,  -16,    0,    0,    0,    0,   -8,   -8,   -8,    0,    0,    0,    0,    0,    0,    0,  -41,    8,   16,    0,
       0,    0,    0,    0,    0,    0,    0,    0,    0,    0,    0,    0,  -20,   -8,    0,  -12,    0,   12,    0,    8,    8,    0,    0,    0,  -12,  -10,    0,  -12,    0,    0,    0,    0,    0,    0,    0,    0,    0,    0,    0,    0,    0,    0,  -38,    0,   12,    0,
       0,    0,    0,    0,    0,    0,    0,    0,    0,    0,    0,    0,    0,  -12,    0,    0,    0,    0,    0,    0,    0,    0,    0,    0,   -8,   -9,    0,   -8,    0,    0,    0,    0,    0,    0,    0,    0,  -12,   -8,    0,    0,    0,    0,    0,    0,    0,    0,
       0,    0,    0,    0,    0,    0,    0,    0,    0,    0,    0,    0,  -29,  -20,    0,  -25,    0,    8,    0,    8,    0,    0,    0,    0,  -33,  -37,    0,  -37,    0,    0,    0,    0,  -19,  -19,  -25,    0,  -16,    0,    0,   -8,   -8,    0,  -70,    0,    8,    0,
       0,    0,    0,    0,    0,    0,    0,    0,    0,    0,    0,    0,    0,  -12,    0,    0,    0,    0,    0,    0,    0,    0,    0,    0,    0,    0,    0,  -12,    0,    0,    0,    0,    0,    0,    0,  -12,    0,    0,    0,    0,    0,    0,    0,    0,    0,    0,
       0,    0,    0,    0,    0,    0,    0,    0,    0,    0,    0,    0,    0,    0,    0,    0,    0,  -36,    0,    0,    0,    0,  -24,    0,    0,    0,    0,    0,    0,    0,    0,    0,    0,    0,    0,    0,    0,    0,    0,    0,    0,    0,    0,    0,    0,    0,
       0,    0,    0,    0,    0,    0,    0,    0,    0,    0,    0,    0,    0,    0,    0,    0,    0,  -37,    0,  -20,  -10,   -9,  -37,    0,    0,    0,    0,    0,    0,    0,    0,    0,    0,    0,    0,    0,    0,    0,    0,    0,    0,    0,  -17,  -37,  -37,    0,
       0,    0,    0,    0,    0,    0,    0,    0,    0,    0,    0,    0,    0,    0,    0,    0,    0,  -20,    0,    0,  -12,    0,  -33,    0,    0,    0,    0,    0,    0,    0,    0,    0,    0,    0,    0,    0,    0,    0,    0,    0,    0,    0,   -5,  -33,  -20,    0,
       0,    0,    0,    0,    0,    0,    0,    0,    0,    0,    0,    0,    0,    0,    0,    0,    0,  -29,    0,  -16,  -12,   -8,  -33,    0,    0,    0,    0,    0,    0,    0,    0,    0,    0,    0,    0,    0,    0,    0,    0,    0,    0,    0,  -13,  -33,  -29,    0,
       0,    0,    0,    0,    0,    0,    0,    0,    0,    0,    0,    0,    0,    0,    0,    0,    0,   12,    0,    0,    8,    0,    0,    0,  -13,   -9,    0,    0,    0,    0,    0,    0,    0,    0,    0,    0,    0,    0,    0,    0,    0,    0,  -36,    0,   12,    0,
       0,    0,    0,    0,    0,    0,    0,    0,    0,    0,    0,    0,    0,    0,    0,    0,    0,  -29,    0,    0,    0,    0,  -20,    0,    0,    0,    0,    0,    0,    0,    0,    0,    0,    0,    0,    0,    0,    0,    0,    0,    0,    0,    0,  -20,  -29,    0,
       0,    0,    0,    0,    0,    0,    0,    0,    0,    0,    0,    0,    0,    0,    0,    0,    0,  -34,    0,  -10,  -12,    0,  -29,    0,    0,   -5,    0,   -6,    0,    0,    0,    0,    0,    0,    0,   -6,    0,    0,    0,    0,    0,    0,   -8,  -29,  -34,    0,
       0,    0,    0,    0,    0,    0,    0,    0,    0,    0,    0,    0,    0,    0,    0,    0,    0,    0,    0,    0,    0,    0,    0,    0,    0,    0,    0,    0,    0,    0,   10,    0,    0,    0,    0,    0,    0,    0,    0,    0,    0,    0,    0,    0,    0,    0,
       0,    0,    0,    0,    0,    0,    0,    0,    0,    0,    0,    0,   12,   -8,    0,    0,    0,    0,    0,    0,    0,    0,    0,    0,    0,   -6,    0,    0,    0,    0,    0,    0,    0,    0,    0,   -5,    0,    0,    0,    0,    0,    0,    0,    0,    0,    0,
       0,    0,   15,    0,    0,    0,    0,    0,    0,    0,    0,    0,    0,    0,    0,    0,    0,    0,    0,    0,    0,    8,    0,    0,    0,    0,    0,    0,    0,   -8,    0,    0,    0,    9,    0,    0,    0,    5,    0,    0,    0,    0,    5,    0,    0,    0,
       0,    0,    0,    0,    0,    0,    0,    0,    0,    0,    0,    0,    0,    0,    0,    0,    0,  -20,    0,    0,    0,    0,  -12,    0,    0,    0,    0,    0,    0,    0,    0,    0,    0,    0,    0,    0,    0,    0,    0,    0,    0,    0,    0,  -12,  -20,    0,
       0,    0,    0,    0,    0,    0,    0,    0,    0,    0,    0,    0,    0,    0,    0,  -35,    0,   -6,    0,    0,   12,    0,    0,    0,   -6,    0,    8,    0,    0,    0,    0,    0,    0,    0,    0,    7,    0,   11,   10,    9,    0,    0,  -52,    0,   -6,    0,
       0,    0,    0,    0,    0,    0,    0,    0,    0,    0,    0,    0,    0,    0,    0,    9,    0,  -25,    0,   -8,    0,    0,  -24,    0,    0,    0,    0,    0,    0,    0,    0,    0,    0,    0,    0,    0,    0,    0,    0,    0,    0,    0,   -3,  -24,  -25,    0,
       0,    0,    0,    0,    0,    0,    0,    0,    0,    0,    0,    0,   10,    0,    0,    0,    0,    0,    0,    0,    0,    0,  -12,    0,    0,    0,    0,    0,    0,    0,    0,    0,    0,    0,    0,    0,    0,    0,    0,    0,    0,    0,    0,  -12,    0,    0,
       0,    0,    0,    0,    0,    0,    0,    0,    0,    0,    0,    0,    0,    0,    0,    0,    0,  -35,    0,    0,    0,    0,  -17,    0,    0,    0,    0,    0,    0,    0,    0,    0,    0,    0,    0,    0,    0,    0,    0,    0,    0,    0,  -12,  -17,  -35,    0,
       0,    0,    0,    0,    0,    0,    0,    0,    0,    0,    0,    0,  -24,    0,    0,    0,    0,   -4,    0,    0,    0,   -8,    0,   -8,   -8,    0,    9,    0,    0,    0,    0,    0,    0,    0,    9,    0,    0,    4,    4,    0,    0,    0,  -44,    0,   -4,    0,
       0,    0,    0,    0,    0,    0,    0,    0,    0,    0,    0,    0,    0,    0,    0,    0,    0,   -9,    0,    0,    0,    0,    0,    0,    0,    0,    6,    0,    0,    0,    0,    0,    0,    0,    0,    0,    0,    4,    4,    0,    0,    0,  -43,    0,   -9,    0,
       0,    0,    0,    0,    0,    0,    0,    0,    0,    0,    0,    0,    9,    0,    0,    0,    0,   -4,    0,    0,    0,    0,   -8,    0,    0,    0,    0,    0,    0,    0,    0,    0,    0,    0,    0,    0,    0,    0,    0,    0,    0,    0,    0,   -8,   -4,    0,
       0,    0,    0,    0,    0,    0,    0,    0,    0,    0,    0,    0,    0,    0,    0,    0,    0,    0,    0,    0,    0,    0,   -8,    0,    0,    0,    0,    0,    0,    0,    0,    0,    0,    0,    0,    0,    0,    0,    0,    0,    0,    0,    0,   -8,    0,    0,
       0,    0,   15,    0,    0,    0,    0,    0,    0,    0,    0,    0,    0,   12,   17,    0,   13,   43,   17,   40,   40,   35,   39,   23,    0,    0,   22,    0,   17,    9,   17,   17,   13,   13,    0,   17,    0,   29,   23,   23,   17,    0,    5,   39,   43,   23,
       0,    0,   15,    0,    0,    0,    0,    0,    0,    0,    0,    0,    0,    0,    0,    0,    0,    0,    0,    0,    0,    8,    0,    0,    0,    0,    0,    0,    0,   -8,    0,    0,    0,    0,    0,    0,    0,    5,    0,    0,    0,    0,    5,    0,    0,    0,
       0,    0,    0,    0,    0,    0,    0,    0,    0,    0,    0,    0,    0,    0,    0,    0,    0,  -22,    0,    0,    0,    0,    0,    0,    0,    0,    0,    0,    0,    0,    0,    0,    0,    0,    0,    0,    0,    0,    0,    0,    0,    0,    0,    0,    0,    0,
       0,    0,  -29,    0,    0,    0,    0,    0,    0,    0,    0,    0,  -12,    0,    0,    0,    0,   17,    0,   12,   12,    6,    6,    0,    0,    0,    0,    0,    0,    0,    0,    0,    0,    0,    0,    0,    0,    0,    0,    0,    0,    0,  -23,    6,   17,    0,
       0,    0,  -29,    0,    0,    0,    0,    0,    0,    0,    0,    0,  -12,    0,    0,    0,   12,   12,    0,   12,   12,    0,    0,    0,    0,    0,    0,    0,    6,    6,    0,    6,    0,    0,    0,   11,    0,   17,   17,   12,    0,    0,  -17,    0,   12,    0,
       0,    0,  -29,    0,    0,    0,    0,    0,    0,    0,    0,    0,  -23,    0,    0,   -6,    0,   23,    0,   17,   17,    6,   12,    0,  -12,   -6,    0,   -6,    0,    0,    0,    0,    0,    0,    0,    0,   -6,    0,    0,    0,   -6,    0,  -29,   12,   23,    0,
       0,    0,  -17,    0,    0,    0,    0,    0,    0,    0,    0,    0,  -12,    0,    0,  -12,   12,   17,    0,   17,   17,    0,    0,    0,   -6,   -6,   12,   -6,    0,    0,    0,    0,    0,    0,   -6,   12,    0,   17,   17,   17,    0,    0,  -17,    0,   17,    0,
       0,    0,    0,    0,    0,    0,    0,    0,    0,    0,    0,    0,    0,    0,    0,    0,    0,    0,    0,    0,    0,    0,    0,    0,    0,    0,    0,    0,    0,    0,    0,    0,    0,    0,  -12,    0,    0,    0,    0,    0,    0,    0,    0,    0,    0,    0,
};

static const EpdLigaturePair lexica_13_italicLigaturePairs[] = {
    { 0x00660066, 0xFB00 }, // f f -> U+FB00
    { 0x00660069, 0xFB01 }, // f i -> U+FB01
    { 0x0066006C, 0xFB02 }, // f l -> U+FB02
    { 0xFB000069, 0xFB03 }, // U+FB00 i -> U+FB03
    { 0xFB00006C, 0xFB04 }, // U+FB00 l -> U+FB04
};

static const EpdFontData lexica_13_italic = {
    lexica_13_italicBitmaps,
    lexica_13_italicGlyphs,
    lexica_13_italicIntervals,
    43,
    34,
    26,
    -8,
    true,
    lexica_13_italicGroups,
    12,
    nullptr,
    lexica_13_italicKernLeftClasses,
    lexica_13_italicKernRightClasses,
    lexica_13_italicKernMatrix,
    349,
    331,
    62,
    46,
    lexica_13_italicLigaturePairs,
    5,
};
