/**
 * generated by fontconvert.py
 * name: lexica_19_bold
 * size: 19
 * mode: 2-bit  compressed: true
 * Command used: fontconvert.py lexica_19_bold 19 ../builtinFonts/source/lexica-ultralegible/LexicaUltralegible-Bold.ttf --2bit --compress
 */
#pragma once
#include "EpdFontData.h"

static const uint8_t lexica_19_boldBitmaps[21636] = {
    0xB5, 0x5A, 0x3F, 0x93, 0xE5, 0xC6, 0x71, 0x1F, 0x3C, 0x98, 0x0B, 0xCB, 0x08, 0xE0, 0x80, 0x25,
    0x57, 0xE9, 0x54, 0x85, 0x5C, 0x81, 0xF0, 0x0D, 0x34, 0xA0, 0x19, 0x28, 0x34, 0x03, 0x31, 0x77,
    0xCC, 0x72, 0xD5, 0x7D, 0x01, 0xCB, 0x78, 0x2A, 0x05, 0x0C, 0x9C, 0x5C, 0xC0, 0x0F, 0x70, 0x01,
    0xA3, 0xBD, 0x60, 0x15, 0x3A, 0x60, 0x09, 0x90, 0x15, 0x28, 0x70, 0x40, 0x48, 0x0C, 0x1D, 0x08,
    0x26, 0xD7, 0x25, 0xFB, 0x18, 0x08, 0xBC, 0x83, 0x6B, 0x71, 0x7B, 0x00, 0xDA, 0xFD, 0xFB, 0xF5,
    0xE0, 0x2D, 0x76, 0xF7, 0xED, 0xDE, 0xF1, 0x4E, 0xDC, 0x7B, 0x6F, 0xFA, 0x1D, 0x30, 0x7F, 0x7A,
    0xFA, 0x7F, 0xF7, 0x8C, 0xC8, 0xF5, 0xBF, 0x7A, 0xA9, 0x97, 0x6A, 0xF6, 0x13, 0xFE, 0x15, 0x63,
    0x31, 0xE6, 0x83, 0x73, 0x69, 0xE7, 0xA7, 0x7A, 0xB1, 0xB7, 0x7E, 0x4A, 0x3B, 0xF9, 0xAD, 0xDC,
    0xF5, 0x71, 0xCE, 0x8F, 0x4E, 0x3A, 0xA7, 0x70, 0x70, 0xD2, 0x12, 0x46, 0x84, 0x55, 0x1F, 0x49,
    0xA3, 0xB0, 0xEE, 0x77, 0x0A, 0x77, 0xB6, 0x5A, 0x1F, 0x5F, 0x87, 0xDD, 0x0A, 0x13, 0x83, 0xED,
    0x0A, 0x9D, 0x0E, 0x4E, 0x75, 0x76, 0x1D, 0x68, 0x30, 0x96, 0x26, 0x33, 0xB8, 0xCF, 0x16, 0xC2,
    0x32, 0x9B, 0x9D, 0xCB, 0xAD, 0x7F, 0x59, 0x18, 0x74, 0x2B, 0xF4, 0xD7, 0xA0, 0x0E, 0xD0, 0x41,
    0x8A, 0xA1, 0xC2, 0xD9, 0x60, 0x3E, 0x29, 0x86, 0x06, 0x6B, 0xC0, 0x22, 0x40, 0x17, 0xDF, 0x6C,
    0x15, 0xF5, 0x47, 0x0E, 0x13, 0x4D, 0x8A, 0x14, 0xD6, 0x22, 0x8E, 0x8A, 0x0D, 0xF0, 0x2E, 0xE4,
    0xFD, 0x67, 0xD2, 0xF9, 0x39, 0xEE, 0x75, 0xDE, 0x09, 0xFD, 0xFD, 0xC2, 0x56, 0xBE, 0xE8, 0x89,
    0x9D, 0xAE, 0x85, 0x9E, 0x9D, 0x8B, 0x0D, 0x8F, 0x1A, 0x63, 0x1D, 0xA6, 0xD0, 0xF7, 0x7F, 0x27,
    0x32, 0xEA, 0x2A, 0x17, 0x3A, 0xB5, 0xAE, 0x55, 0x4F, 0xEE, 0xDD, 0xB8, 0xF7, 0xD3, 0xC9, 0x84,
    0xD6, 0x4B, 0xDC, 0x57, 0x53, 0x21, 0x7F, 0x7A, 0x26, 0x43, 0x76, 0x45, 0xB3, 0xC6, 0x71, 0x5F,
    0x98, 0x5A, 0x87, 0x46, 0x67, 0x4B, 0x79, 0x0C, 0xE7, 0x87, 0x23, 0x38, 0xD1, 0x13, 0xF9, 0xBD,
    0x73, 0x60, 0x44, 0x86, 0x15, 0x77, 0x52, 0x86, 0xAD, 0xC4, 0x20, 0x62, 0xB5, 0xD4, 0xB3, 0xCB,
    0x26, 0x72, 0x49, 0x09, 0x54, 0x80, 0x30, 0xD2, 0xC4, 0xE2, 0xAA, 0x6E, 0xFD, 0x45, 0x1E, 0x82,
    0x2F, 0x31, 0xA8, 0xEF, 0xEA, 0x21, 0x5F, 0x92, 0x19, 0xBF, 0x30, 0x4B, 0x36, 0x46, 0x9F, 0x3A,
    0xD0, 0x7C, 0xF4, 0x7D, 0xA5, 0x4C, 0x4B, 0x75, 0xA3, 0xF5, 0xEF, 0xB1, 0x69, 0xA5, 0xD4, 0x7B,
    0xF2, 0xB1, 0x88, 0x76, 0xFD, 0xFE, 0x27, 0xB1, 0x64, 0xC4, 0x59, 0x25, 0x6B, 0x2A, 0x96, 0x14,
    0x18, 0xB9, 0x7C, 0xF0, 0xE3, 0x8E, 0x93, 0xFB, 0x5E, 0x11, 0xB5, 0x65, 0x9A, 0xF0, 0x4B, 0xD1,
    0x84, 0x18, 0xE9, 0xAF, 0x44, 0xB1, 0x9A, 0x62, 0x8C, 0x50, 0x34, 0x33, 0x39, 0xC3, 0x2C, 0x45,
    0x8F, 0x85, 0x88, 0x3F, 0xC9, 0x3A, 0x39, 0xDB, 0x61, 0x0D, 0x39, 0x24, 0x9A, 0x29, 0x5E, 0xBA,
    0x87, 0x2F, 0x48, 0x0F, 0xE1, 0xDC, 0xDC, 0x7E, 0xD8, 0x3B, 0xBA, 0xD6, 0xD8, 0x84, 0x8C, 0x94,
    0x2D, 0x90, 0x76, 0x03, 0x86, 0x04, 0xA0, 0x9E, 0x28, 0x67, 0x5E, 0xFC, 0x64, 0xE3, 0x28, 0x35,
    0x42, 0xD9, 0xD6, 0x1D, 0x97, 0x5E, 0xE5, 0x5B, 0xB7, 0x57, 0x75, 0x29, 0xF6, 0x26, 0x2D, 0x24,
    0xAF, 0xD1, 0x1D, 0xC8, 0xFB, 0xF2, 0x5C, 0xF6, 0xCA, 0x4B, 0x88, 0x8A, 0x0E, 0xAA, 0xF0, 0xB6,
    0xD7, 0x91, 0xFA, 0x64, 0x54, 0xC4, 0x07, 0xA7, 0x4B, 0x3F, 0x50, 0xE0, 0xE5, 0x12, 0xC8, 0x98,
    0x04, 0x3B, 0x13, 0x7C, 0x72, 0xF7, 0x63, 0xDD, 0x47, 0x2A, 0xE7, 0x91, 0x8C, 0x98, 0xF0, 0xFA,
    0x3F, 0x65, 0x80, 0x83, 0xBE, 0xED, 0x28, 0x44, 0x7B, 0x07, 0xFC, 0xA1, 0x17, 0x85, 0x6E, 0x07,
    0x88, 0xE2, 0x5B, 0x8D, 0xCE, 0xBA, 0xAD, 0xDF, 0xFE, 0xC6, 0x77, 0xB0, 0xF7, 0xB5, 0xF6, 0xAB,
    0xC2, 0x18, 0xAF, 0xE3, 0x8B, 0xC5, 0xE6, 0x4A, 0x55, 0x48, 0x12, 0xEA, 0x6C, 0x6B, 0x03, 0xD0,
    0x11, 0x9D, 0xF4, 0x25, 0x58, 0x71, 0x78, 0x5E, 0x0D, 0xF6, 0x1C, 0x8B, 0xE7, 0x9B, 0xC1, 0xE0,
    0x30, 0x90, 0x53, 0x9D, 0xBD, 0xF3, 0x9B, 0x1C, 0x36, 0xB0, 0xD7, 0x71, 0x25, 0xC7, 0x62, 0x0E,
    0x20, 0x02, 0xA4, 0x28, 0x43, 0xBD, 0x76, 0x6D, 0xD9, 0x0D, 0xAF, 0xF1, 0xCA, 0xF9, 0xAB, 0xEF,
    0x4F, 0x7C, 0x01, 0xEA, 0x96, 0xAA, 0x52, 0xFB, 0x07, 0xCA, 0x0A, 0xD8, 0x9D, 0x58, 0xC7, 0xA4,
    0x2F, 0x47, 0x97, 0x7D, 0xA9, 0x22, 0xDE, 0x50, 0x21, 0x82, 0x74, 0xDC, 0xDB, 0xC8, 0x91, 0xBF,
    0xD3, 0x53, 0x79, 0x7A, 0xFA, 0x1A, 0x63, 0xAF, 0x59, 0xCB, 0x39, 0x99, 0x92, 0x21, 0xED, 0xB3,
    0x2E, 0x6F, 0x7C, 0x73, 0x7A, 0x7A, 0xBA, 0xA7, 0x54, 0x6C, 0xBE, 0x37, 0x6D, 0xAB, 0xE3, 0xF6,
    0x48, 0x36, 0x6E, 0x92, 0x44, 0x20, 0x55, 0xC9, 0x47, 0x32, 0x8A, 0xC4, 0x8E, 0x4C, 0xBA, 0xA1,
    0x13, 0x68, 0x8E, 0x0D, 0x60, 0x73, 0x64, 0x40, 0x7C, 0xEF, 0x00, 0x17, 0xD5, 0x2F, 0x4C, 0xA6,
    0xB5, 0xBF, 0xD0, 0x36, 0x50, 0x22, 0x33, 0xC8, 0x67, 0x93, 0xCB, 0x3E, 0x95, 0xD6, 0xC3, 0x16,
    0xF4, 0x5E, 0x7B, 0x88, 0x2A, 0xBA, 0x5A, 0xFA, 0xA1, 0xBE, 0x50, 0x83, 0x39, 0x4A, 0xAF, 0xB6,
    0x62, 0xD2, 0x67, 0xA5, 0xD7, 0xB6, 0x68, 0xD0, 0x66, 0x3D, 0xDA, 0x78, 0xD4, 0x76, 0x88, 0xD4,
    0xB3, 0xA8, 0xF4, 0xD4, 0xF5, 0xA8, 0x3C, 0xF5, 0x32, 0x78, 0xC8, 0xBB, 0xCE, 0xA3, 0xD8, 0xF4,
    0x36, 0x73, 0x2A, 0x97, 0xB5, 0xEC, 0x6D, 0x45, 0x5B, 0x3D, 0x60, 0x62, 0x58, 0x41, 0x23, 0x13,
    0x93, 0xF1, 0xA8, 0x16, 0x47, 0x55, 0xDB, 0x7C, 0x4F, 0xCF, 0x82, 0xFC, 0xBF, 0xED, 0xF7, 0x44,
    0xCE, 0x41, 0x71, 0xA1, 0xD4, 0xC2, 0x54, 0x64, 0x62, 0xCA, 0xF9, 0xB5, 0x0A, 0x96, 0x57, 0xDF,
    0x21, 0xEE, 0x04, 0xFF, 0x75, 0xEE, 0x5D, 0x23, 0x62, 0x68, 0x73, 0xB6, 0x9E, 0xF6, 0xA6, 0x9E,
    0xE8, 0x2D, 0xC0, 0xB5, 0x94, 0xC6, 0xA6, 0x30, 0x11, 0x41, 0x97, 0x84, 0x8F, 0x0B, 0x7A, 0x4A,
    0x01, 0x27, 0xD6, 0x07, 0xD6, 0x43, 0x25, 0xC5, 0x64, 0xF0, 0x48, 0xEB, 0x76, 0xA4, 0x84, 0x07,
    0x55, 0xE0, 0x80, 0x66, 0xB3, 0x15, 0xE5, 0xCA, 0x1F, 0xC5, 0xA4, 0x89, 0x3E, 0x33, 0x26, 0x87,
    0x96, 0x26, 0x16, 0xF4, 0xC2, 0xDC, 0x34, 0x8F, 0xC4, 0xC7, 0x6C, 0x18, 0x8D, 0xB2, 0x3B, 0x33,
    0x83, 0x5C, 0xD0, 0x18, 0xA7, 0x87, 0xB1, 0xEF, 0xA2, 0x4D, 0x27, 0xC8, 0x98, 0xC7, 0xCC, 0xFB,
    0x1C, 0xAB, 0x94, 0x29, 0x9D, 0x17, 0x9C, 0xF8, 0x48, 0x2A, 0xB5, 0xA0, 0x18, 0xCD, 0xAB, 0xED,
    0x3A, 0xE2, 0x2A, 0x31, 0xDB, 0x4C, 0xCC, 0x60, 0x9A, 0x9D, 0x9D, 0xF0, 0x92, 0xFE, 0x8D, 0x6D,
    0x26, 0xB4, 0x38, 0x33, 0x24, 0xAF, 0x86, 0x38, 0xA8, 0x94, 0x7A, 0x2C, 0xB7, 0xF7, 0xB0, 0xEF,
    0x90, 0x48, 0xFB, 0xC0, 0x4F, 0xCA, 0x24, 0x77, 0xB4, 0x07, 0xD9, 0xBD, 0xA7, 0xCD, 0x82, 0x14,
    0xDF, 0x6C, 0xF3, 0x05, 0xD4, 0xCE, 0xD9, 0xAD, 0x08, 0xED, 0x0F, 0x3E, 0x01, 0x13, 0xC1, 0x7D,
    0x4F, 0xEE, 0x7B, 0x2E, 0xE2, 0x43, 0x08, 0x51, 0x56, 0x52, 0x9E, 0x8C, 0xA0, 0x86, 0xFB, 0x5B,
    0xD3, 0xBE, 0x6B, 0xD4, 0x46, 0xFB, 0x2B, 0x3C, 0xD7, 0xD8, 0x49, 0xFB, 0xA8, 0x99, 0x2A, 0x10,
    0x90, 0x7C, 0x1D, 0x56, 0x9C, 0x82, 0x44, 0x99, 0x74, 0x05, 0x49, 0x33, 0xE9, 0x36, 0x77, 0x52,
    0x83, 0x2F, 0xBB, 0xC0, 0xD9, 0x4B, 0x7D, 0xAD, 0x74, 0xF8, 0xDE, 0x8A, 0x9B, 0x87, 0x98, 0xA8,
    0xA5, 0x85, 0x33, 0xAB, 0x2F, 0xE0, 0x21, 0x40, 0x99, 0x81, 0xB2, 0x31, 0x6B, 0xFB, 0x14, 0x72,
    0xB2, 0x60, 0x45, 0xC1, 0x96, 0xF7, 0xFA, 0x4A, 0x31, 0xA1, 0xE5, 0x6C, 0x6A, 0xB6, 0x15, 0x9F,
    0x90, 0x20, 0x7B, 0x8F, 0x9E, 0xBA, 0xEC, 0x53, 0x1D, 0x92, 0x12, 0xB7, 0xDD, 0x2D, 0xDC, 0x8E,
    0xDB, 0xC2, 0x53, 0x4A, 0x13, 0x05, 0xBD, 0xA2, 0x44, 0x21, 0xFA, 0xC0, 0xC8, 0x58, 0xBA, 0x60,
    0x92, 0x40, 0x1F, 0x53, 0x88, 0x4D, 0x37, 0xF2, 0x7F, 0x70, 0x34, 0xCC, 0xDA, 0xAD, 0x45, 0xB7,
    0x06, 0xDD, 0x18, 0x88, 0x40, 0x44, 0xE6, 0xD0, 0x6D, 0x77, 0xE8, 0xA6, 0xD4, 0x39, 0x37, 0x97,
    0x6D, 0x72, 0xDF, 0x12, 0x29, 0x44, 0x2F, 0x97, 0xBA, 0xAC, 0xBA, 0xA0, 0x02, 0x34, 0x45, 0x44,
    0xB0, 0xB6, 0x78, 0x12, 0xE9, 0xDB, 0xE1, 0xD0, 0x13, 0x92, 0x9A, 0x5D, 0x85, 0x80, 0x8D, 0xB2,
    0x30, 0x97, 0xB6, 0x46, 0xE7, 0xCE, 0x7C, 0x8B, 0xB9, 0x43, 0xFB, 0x5D, 0x63, 0xDA, 0xBE, 0x02,
    0x51, 0x5A, 0xFA, 0x65, 0x0B, 0xEF, 0x18, 0xEA, 0xCD, 0xE4, 0x50, 0xB7, 0x4A, 0x3C, 0xED, 0x68,
    0x4D, 0x3C, 0x02, 0x83, 0x1B, 0xAC, 0xD0, 0x55, 0x33, 0xE6, 0x51, 0xD1, 0x19, 0x15, 0xDF, 0x7C,
    0xD2, 0x4D, 0x66, 0xA1, 0xC1, 0x7F, 0xF9, 0xC2, 0x6B, 0x97, 0x01, 0x71, 0x42, 0x8F, 0x61, 0xED,
    0x8E, 0x0E, 0x1F, 0x1E, 0xCC, 0xBD, 0x63, 0xD4, 0x9D, 0x0F, 0x64, 0x1B, 0x40, 0x0F, 0x52, 0xB7,
    0x0D, 0xEA, 0x49, 0xEA, 0x82, 0x62, 0x51, 0x59, 0x8C, 0xD5, 0x6C, 0x7C, 0xA9, 0xE6, 0x62, 0x8C,
    0x4A, 0x73, 0x72, 0x37, 0x3D, 0xCB, 0x5D, 0xFD, 0x6E, 0xF5, 0xBD, 0xE6, 0xB3, 0xF0, 0xF6, 0x7B,
    0x60, 0xC1, 0xAF, 0x83, 0xA7, 0xD8, 0x21, 0xD2, 0xAA, 0xB4, 0x49, 0x40, 0x0A, 0xA5, 0xC4, 0x23,
    0x95, 0xDA, 0x73, 0xB3, 0x22, 0x16, 0x5C, 0x2E, 0xAB, 0x69, 0xA9, 0x10, 0x29, 0xEF, 0x18, 0x9A,
    0x15, 0x21, 0x08, 0x5C, 0x80, 0xBD, 0x85, 0x9A, 0x8E, 0xD1, 0x9C, 0xFE, 0xFD, 0xD8, 0x7C, 0xF2,
    0x71, 0x31, 0x53, 0xD5, 0x3C, 0xFC, 0xF1, 0xBF, 0xC7, 0xFA, 0x21, 0x06, 0x73, 0x9C, 0xEB, 0xCA,
    0xA0, 0xD2, 0x34, 0x09, 0x30, 0x20, 0xA2, 0xE6, 0x45, 0xD4, 0x06, 0xCE, 0x60, 0xDC, 0x02, 0x99,
    0x22, 0x5A, 0xDC, 0xC7, 0xA8, 0xCF, 0xA5, 0x7C, 0x68, 0xFB, 0x58, 0x30, 0x0C, 0x22, 0x06, 0xEE,
    0xD2, 0x1C, 0xC2, 0x4A, 0x3A, 0xA3, 0xD6, 0xAE, 0x46, 0x80, 0x5D, 0x61, 0xF2, 0x5D, 0xB0, 0xBA,
    0xE0, 0x5A, 0x01, 0xAF, 0xD5, 0xE5, 0x42, 0x79, 0xFD, 0xCC, 0xFC, 0xAD, 0x31, 0x4C, 0x25, 0xBB,
    0xA5, 0xC9, 0xA3, 0x90, 0x53, 0xC0, 0x8D, 0x99, 0xC0, 0x31, 0xA6, 0x01, 0xA6, 0xC6, 0x04, 0xDB,
    0x71, 0xED, 0xEF, 0xD7, 0x6E, 0x63, 0xC1, 0x3B, 0x6A, 0x40, 0x7F, 0x68, 0xD3, 0xED, 0x28, 0xF6,
    0xD4, 0x28, 0xF2, 0x91, 0xE5, 0x27, 0x98, 0x3B, 0x67, 0x96, 0xE1, 0x54, 0x73, 0xD4, 0xB4, 0xED,
    0xB0, 0x61, 0x0D, 0x2A, 0xB1, 0x9C, 0x6F, 0xB2, 0xD6, 0x7D, 0x58, 0x66, 0x5D, 0xB1, 0x2F, 0x64,
    0x4A, 0x7A, 0x0F, 0x9F, 0xB0, 0x1B, 0xFE, 0x05, 0x06, 0x39, 0x1A, 0x3F, 0x4B, 0xE4, 0xC9, 0xE4,
    0x26, 0x0D, 0xE5, 0x63, 0x82, 0xFE, 0x1A, 0x18, 0xF3, 0x69, 0x37, 0x7E, 0x06, 0x4B, 0x91, 0x0C,
    0x3F, 0xA7, 0x93, 0xEE, 0x7C, 0x24, 0x8B, 0x86, 0x03, 0x3A, 0xD9, 0x79, 0xAA, 0xC9, 0x03, 0x59,
    0x61, 0x0B, 0x39, 0x2E, 0x4B, 0x9F, 0x70, 0xEE, 0xFE, 0xC9, 0xCC, 0x9B, 0xB9, 0x44, 0x82, 0x80,
    0xAE, 0x6E, 0xA7, 0x35, 0xCF, 0xD9, 0x99, 0x03, 0xEA, 0x2D, 0x9B, 0xE0, 0x0C, 0xB5, 0xF5, 0xB4,
    0x01, 0x26, 0x3E, 0x3A, 0xFC, 0x8F, 0x96, 0xF8, 0xFD, 0x87, 0xF9, 0xCD, 0x8F, 0x4D, 0x1B, 0xDE,
    0x37, 0xB0, 0xC3, 0x34, 0xC5, 0x42, 0x53, 0xA4, 0xFA, 0x43, 0x31, 0x9C, 0x18, 0xB1, 0x2A, 0xCB,
    0x18, 0x48, 0x2E, 0xA7, 0x6A, 0x62, 0x2C, 0xFF, 0xB4, 0xC8, 0x66, 0x0D, 0xB6, 0xF7, 0xA9, 0x84,
    0x4C, 0xAE, 0x84, 0x9E, 0xC1, 0x72, 0x31, 0xC8, 0xA1, 0x61, 0xF3, 0x96, 0x1F, 0xD4, 0x66, 0xC4,
    0xE0, 0xFE, 0x4A, 0x8A, 0xAC, 0x59, 0xDE, 0xC5, 0xC4, 0xB7, 0x94, 0x4B, 0xB5, 0x8B, 0x0D, 0xC3,
    0x85, 0x60, 0x73, 0x6F, 0xB4, 0xB0, 0xC8, 0xE8, 0xE3, 0xCC, 0x6D, 0x09, 0xED, 0x52, 0x18, 0xCB,
    0xC5, 0x11, 0xAF, 0xAA, 0x45, 0xEA, 0x37, 0x16, 0x69, 0x6D, 0xED, 0x89, 0xA2, 0xC4, 0x19, 0xDA,
    0xD0, 0xFF, 0x10, 0x19, 0x70, 0x1E, 0xA6, 0x7F, 0x0F, 0x41, 0xD8, 0x94, 0x52, 0x5F, 0xA1, 0x0F,
    0xD3, 0xD4, 0x5E, 0x37, 0x79, 0xA6, 0x29, 0x9A, 0xD2, 0xA7, 0x9E, 0xD5, 0x3D, 0xB8, 0xA2, 0x85,
    0x59, 0xFE, 0x2B, 0x33, 0x30, 0xA4, 0x90, 0xD9, 0x99, 0x20, 0xBD, 0xC7, 0xDA, 0xE1, 0xAA, 0xA7,
    0x8D, 0xB2, 0x19, 0x30, 0x5B, 0xDE, 0x72, 0xE6, 0xC5, 0x56, 0x21, 0x79, 0x7B, 0x5B, 0x3D, 0x60,
    0x42, 0xAC, 0xF4, 0xFF, 0x9F, 0x9A, 0xAA, 0xB7, 0x1B, 0x0A, 0x80, 0x6E, 0x4F, 0xF4, 0x11, 0xD3,
    0x22, 0xDB, 0xE9, 0xC8, 0x3C, 0x63, 0x32, 0x2E, 0xA2, 0x2D, 0x16, 0xB1, 0x04, 0xBA, 0x5F, 0x73,
    0xB7, 0xDB, 0xAD, 0xBD, 0xB5, 0x9E, 0x36, 0x8A, 0x33, 0xD8, 0x6C, 0x0F, 0x40, 0x37, 0xAE, 0x72,
    0xA0, 0xF6, 0x74, 0x85, 0xC9, 0xEA, 0xE7, 0xF6, 0x77, 0xB6, 0xFD, 0xBD, 0x94, 0xA1, 0x84, 0xDE,
    0xD9, 0xDE, 0x3F, 0xB6, 0x3F, 0x98, 0xBF, 0xFD, 0x7D, 0xED, 0x74, 0xB4, 0xE9, 0xD7, 0x19, 0x6E,
    0x36, 0xDF, 0x7E, 0xC4, 0xBD, 0x0D, 0xD4, 0xF5, 0x9C, 0x81, 0xAB, 0x98, 0xE3, 0x91, 0xE0, 0x5C,
    0x95, 0xB7, 0xAA, 0x45, 0x4F, 0xE8, 0xFB, 0x3A, 0x57, 0xBC, 0x50, 0x2E, 0x68, 0xB6, 0x57, 0x86,
    0x18, 0x38, 0xC8, 0x49, 0x10, 0x9A, 0x20, 0x41, 0x98, 0x51, 0xCD, 0x71, 0x7F, 0x1C, 0x0C, 0xEE,
    0x07, 0xA7, 0xF4, 0xC0, 0xE8, 0x57, 0x4D, 0xA6, 0x7D, 0x74, 0x3C, 0x7D, 0xC1, 0x44, 0xB2, 0xE7,
    0x42, 0x14, 0x68, 0x5D, 0xB6, 0x8F, 0xE4, 0x4A, 0xD8, 0x6A, 0x96, 0x02, 0xE6, 0xBC, 0xA7, 0xB8,
    0x65, 0xD4, 0x1D, 0x3F, 0xBD, 0x61, 0x7B, 0x6F, 0xC4, 0xF9, 0x56, 0x33, 0xAF, 0xF3, 0xF7, 0xDB,
    0xEF, 0xA9, 0x5C, 0x3E, 0xBE, 0x9D, 0x9B, 0x7F, 0xBB, 0x2F, 0xE6, 0xB8, 0x39, 0xEF, 0x21, 0x37,
    0xF9, 0x6E, 0xDB, 0x5F, 0xA1, 0x2D, 0xA0, 0xC1, 0xB0, 0xB4, 0xC5, 0x02, 0x0F, 0x5F, 0x69, 0xAE,
    0xA4, 0x71, 0xAF, 0x15, 0x35, 0x7A, 0xCA, 0x0E, 0x63, 0xB7, 0x85, 0xE2, 0xD4, 0x11, 0xE5, 0x98,
    0xB4, 0x4C, 0x03, 0xFF, 0x61, 0xFF, 0x60, 0x1D, 0x7B, 0x64, 0x10, 0x60, 0x71, 0xEF, 0x90, 0x19,
    0x36, 0xCC, 0x33, 0x4B, 0xD8, 0x41, 0x84, 0x19, 0x17, 0x41, 0xF6, 0x2C, 0x10, 0x6C, 0x42, 0x90,
    0xE7, 0x64, 0xF5, 0xF9, 0xB3, 0x73, 0x6B, 0x02, 0xC9, 0xB1, 0x53, 0xCA, 0x4C, 0x15, 0xEE, 0x16,
    0x13, 0x62, 0x66, 0x15, 0x17, 0x13, 0xC3, 0x3D, 0xAD, 0x72, 0x4B, 0xF4, 0x7A, 0x86, 0x8A, 0xB4,
    0x3D, 0x32, 0xBF, 0xA1, 0xA2, 0xBC, 0x41, 0x73, 0xA7, 0xAA, 0xD2, 0x81, 0x83, 0x8B, 0xDC, 0xDC,
    0x06, 0x8E, 0x70, 0x86, 0x7D, 0xC8, 0x25, 0xAE, 0xE0, 0x4B, 0xCD, 0x18, 0xD4, 0xFA, 0xC9, 0x85,
    0x06, 0xAE, 0x8A, 0xBF, 0x3C, 0x47, 0x38, 0xAC, 0xF0, 0x99, 0x06, 0xBB, 0xC8, 0xCD, 0xBF, 0xD1,
    0xC0, 0x78, 0xC0, 0x2E, 0x51, 0x59, 0x03, 0xAC, 0x1B, 0xDF, 0x01, 0x56, 0x6D, 0xD5, 0x02, 0xEA,
    0xD3, 0x66, 0x0B, 0x8B, 0xFF, 0x53, 0x4B, 0xA9, 0x30, 0xBB, 0x14, 0xFA, 0xA0, 0x4C, 0x0C, 0x22,
    0x86, 0x03, 0x4C, 0x90, 0x73, 0xF4, 0xA0, 0xEC, 0x44, 0x88, 0x6C, 0x17, 0x30, 0x22, 0xA5, 0xC9,
    0x3C, 0x83, 0x35, 0xE8, 0x2F, 0x56, 0xD7, 0x01, 0xC7, 0x08, 0x5A, 0x03, 0xBD, 0x81, 0xC1, 0xC0,
    0x64, 0x60, 0x31, 0x20, 0x04, 0x17, 0xB2, 0x07, 0x78, 0xCE, 0x9A, 0xAF, 0xCE, 0xD3, 0x11, 0xD4,
    0x3D, 0x81, 0x9F, 0x08, 0x8A, 0x99, 0x20, 0x13, 0x82, 0x54, 0xFE, 0x41, 0xC8, 0xF1, 0xCF, 0x4D,
    0x98, 0xFE, 0x48, 0x6E, 0x8B, 0xD5, 0xDE, 0x42, 0x09, 0xCE, 0xAF, 0x95, 0x38, 0x02, 0xDB, 0x1A,
    0xE8, 0xE8, 0x2C, 0x61, 0x30, 0x9D, 0x92, 0x43, 0xA0, 0x92, 0x58, 0x5C, 0xE5, 0x0F, 0xB2, 0xB6,
    0xB5, 0x7C, 0x94, 0x5D, 0x5A, 0x3E, 0x8D, 0x88, 0xCC, 0x58, 0x85, 0xC0, 0x9D, 0x86, 0xAC, 0x1E,
    0x69, 0xF9, 0x2A, 0xB3, 0xBE, 0xFE, 0x0E, 0x60, 0x5D, 0xC2, 0x80, 0x30, 0x3C, 0x4C, 0x16, 0xA6,
    0x0E, 0x0B, 0x85, 0x65, 0x03, 0x12, 0x2B, 0x4A, 0x01, 0x41, 0x45, 0xF7, 0x31, 0x5F, 0xBD, 0x70,
    0xB7, 0x23, 0x14, 0x44, 0x1F, 0x16, 0x65, 0x24, 0x8C, 0x32, 0x76, 0x77, 0x46, 0x19, 0x1D, 0x49,
    0xB3, 0x8D, 0x32, 0xCA, 0x35, 0xC7, 0xA4, 0xCF, 0xBC, 0x3C, 0xFD, 0xE4, 0x35, 0x3D, 0xDB, 0xAD,
    0xF6, 0x10, 0xFA, 0xAD, 0x18, 0x87, 0x0D, 0x84, 0x90, 0x60, 0xA5, 0xEA, 0x4A, 0x56, 0xF3, 0x28,
    0xBA, 0x66, 0xA0, 0xC5, 0x21, 0x25, 0x0A, 0x94, 0x72, 0x81, 0x70, 0x2E, 0xD0, 0x11, 0x30, 0x2D,
    0x0D, 0xFA, 0xD6, 0xA0, 0x8C, 0x80, 0x3A, 0x64, 0xB1, 0x68, 0x90, 0xA1, 0x68, 0x35, 0x31, 0xF8,
    0xC7, 0xBC, 0x50, 0x27, 0xAE, 0xE3, 0x29, 0x0A, 0x10, 0x8E, 0x36, 0xE0, 0x11, 0x98, 0x1D, 0x2A,
    0x51, 0xC4, 0x38, 0x61, 0x55, 0xB6, 0xA1, 0x4F, 0x8C, 0x24, 0x44, 0xEB, 0xFF, 0x7C, 0x88, 0xDB,
    0x6F, 0xD2, 0x5E, 0xB6, 0xB4, 0x6F, 0x5F, 0x49, 0x7B, 0xBC, 0xB5, 0x9E, 0x07, 0xDF, 0xBF, 0x6C,
    0x66, 0x83, 0x15, 0x2C, 0x68, 0x11, 0xB3, 0x60, 0xD5, 0xFA, 0x83, 0xBD, 0xD4, 0xFD, 0x99, 0x64,
    0xBB, 0x43, 0x0C, 0xBA, 0xAE, 0x35, 0x70, 0x95, 0x09, 0x79, 0x4F, 0x79, 0x95, 0x8F, 0xAD, 0xC1,
    0xAF, 0x2A, 0x16, 0x32, 0x98, 0x02, 0x21, 0x71, 0x8B, 0x58, 0x77, 0x5C, 0x0B, 0x27, 0x56, 0xD0,
    0xA2, 0xEF, 0x57, 0xA2, 0xFD, 0xAF, 0x1D, 0x5F, 0x9C, 0x87, 0xEC, 0x87, 0x4E, 0xB7, 0xD5, 0x84,
    0x8A, 0xD1, 0x40, 0x54, 0x87, 0xF8, 0x7E, 0x0A, 0x9E, 0xFF, 0xDF, 0xC0, 0x8E, 0x9C, 0xA5, 0x68,
    0xAF, 0xB4, 0x95, 0x31, 0x93, 0xE5, 0x8C, 0x8E, 0x7B, 0x8D, 0x4A, 0xED, 0xB4, 0xC0, 0x19, 0x56,
    0xF2, 0x8A, 0x1A, 0xCF, 0x2B, 0x4B, 0x3C, 0xDF, 0x61, 0xFB, 0x17, 0xF0, 0xF7, 0xAF, 0xD3, 0x0E,
    0xAB, 0x05, 0x30, 0x03, 0xA0, 0xFA, 0xCF, 0x9C, 0x92, 0xF9, 0x65, 0x6B, 0xB9, 0x66, 0xA8, 0x8D,
    0xD6, 0xA4, 0xDB, 0x09, 0x22, 0xFE, 0x8A, 0x3A, 0x43, 0xB6, 0xA1, 0xB2, 0xC3, 0xCA, 0xFB, 0x3E,
    0xA7, 0x02, 0x95, 0x48, 0x66, 0x72, 0x61, 0x05, 0xB0, 0x58, 0x58, 0x97, 0xF1, 0x33, 0xAB, 0x08,
    0x15, 0x6A, 0x3D, 0x1D, 0x74, 0x01, 0xB9, 0x92, 0x9D, 0x0B, 0x44, 0x56, 0xDD, 0x67, 0x0E, 0x55,
    0x4D, 0xCC, 0x2D, 0xFD, 0xC4, 0x5A, 0x4E, 0x31, 0xA7, 0x56, 0xCD, 0xA1, 0xC3, 0xCF, 0x0C, 0xA4,
    0xF2, 0xD0, 0x8E, 0xDE, 0x6A, 0xAB, 0xF6, 0xAD, 0xD9, 0x9D, 0x25, 0x11, 0x6B, 0x5C, 0xDB, 0x5B,
    0x22, 0xD7, 0x9A, 0x1C, 0x35, 0x07, 0x50, 0x4D, 0x2C, 0xFD, 0xB0, 0x08, 0xCC, 0x1F, 0x3D, 0xAB,
    0xC1, 0xFC, 0x81, 0x92, 0x59, 0x1B, 0xA9, 0x3C, 0xA2, 0xD2, 0xDA, 0xED, 0x98, 0x8C, 0x79, 0x88,
    0x3A, 0x1C, 0xC0, 0xE1, 0x47, 0x25, 0x43, 0x8C, 0xAC, 0xAD, 0xAC, 0xFF, 0x3C, 0x26, 0x28, 0xCE,
    0xEC, 0xE5, 0x73, 0x75, 0xF5, 0x4C, 0xB5, 0x3E, 0x9F, 0x78, 0x3A, 0xF1, 0x1B, 0xF9, 0x57, 0x9C,
    0xDB, 0xEC, 0xF4, 0xC7, 0x4F, 0xE7, 0x1C, 0x67, 0x02, 0x7F, 0x90, 0x64, 0x41, 0xB1, 0x4F, 0xBE,
    0x92, 0x58, 0x50, 0x53, 0x93, 0xE7, 0x4B, 0x2C, 0x28, 0xAB, 0xD5, 0x17, 0xCB, 0x4E, 0x2A, 0xD6,
    0x2D, 0xE6, 0x88, 0xBB, 0xF0, 0x4C, 0x11, 0xFA, 0xCD, 0x8F, 0x42, 0x89, 0xCE, 0x73, 0xA5, 0x1C,
    0xC6, 0xC4, 0xCA, 0x57, 0x70, 0x28, 0x8D, 0x0B, 0x56, 0xA3, 0xB1, 0x62, 0x2F, 0xC4, 0x1D, 0xAA,
    0xC7, 0xDC, 0xA8, 0xE0, 0x19, 0xC7, 0x00, 0x75, 0xCD, 0x70, 0xB4, 0x49, 0xAB, 0x06, 0x2D, 0xA9,
    0x84, 0xE5, 0x12, 0xB3, 0xE1, 0x7F, 0x0F, 0x7E, 0xE6, 0xF2, 0x3B, 0x2C, 0x93, 0x5A, 0x70, 0x13,
    0x5B, 0xB0, 0xED, 0xC2, 0x69, 0x59, 0x65, 0x8A, 0x55, 0x18, 0x81, 0xAD, 0x0C, 0xB0, 0x26, 0xCC,
    0xD5, 0x9A, 0x29, 0x2F, 0x57, 0x25, 0x80, 0xC4, 0x82, 0xA3, 0x4C, 0xFE, 0xD3, 0xF6, 0xF0, 0x4B,
    0xAC, 0x80, 0xE8, 0x6A, 0x66, 0x81, 0xB6, 0x16, 0x16, 0x20, 0x3C, 0x9C, 0x2B, 0x30, 0x6B, 0x0B,
    0x9E, 0xC1, 0x30, 0xD0, 0x52, 0xEC, 0xBC, 0x82, 0x08, 0x09, 0x23, 0x91, 0x4F, 0x79, 0x08, 0xD5,
    0xC5, 0x66, 0x57, 0x60, 0x48, 0xB0, 0x33, 0xCD, 0xA4, 0x51, 0xC8, 0x81, 0xBD, 0x99, 0x80, 0xFC,
    0x2F, 0x80, 0x5A, 0x2A, 0xBF, 0xB5, 0x52, 0xD5, 0xD7, 0x58, 0x3D, 0xBA, 0xBE, 0x07, 0xCF, 0x5C,
    0x90, 0x74, 0xBC, 0xDA, 0x43, 0x6C, 0xD2, 0x11, 0x8A, 0x19, 0x6F, 0x05, 0x58, 0xDD, 0xEB, 0xEF,
    0x6A, 0x0F, 0x25, 0x76, 0xEC, 0x51, 0x51, 0x9B, 0x39, 0x6C, 0x3C, 0x60, 0x62, 0x2F, 0xEB, 0xAB,
    0x97, 0xC9, 0xE6, 0xA5, 0xBF, 0x7A, 0xB9, 0xBB, 0xE3, 0xA5, 0xA5, 0x22, 0x77, 0xB7, 0x9B, 0xCF,
    0xD3, 0xC7, 0x20, 0xE3, 0x5B, 0x7E, 0x74, 0x92, 0xCD, 0x9C, 0x57, 0x67, 0x38, 0x3C, 0xD2, 0x09,
    0x3A, 0x5A, 0x6E, 0x4F, 0x7D, 0x22, 0x2B, 0x90, 0xF5, 0xEB, 0xC1, 0xD0, 0x9D, 0x43, 0x92, 0x3B,
    0x87, 0xF0, 0x18, 0xEA, 0xF8, 0x90, 0xFD, 0x16, 0x9B, 0x53, 0xD4, 0x38, 0xDF, 0xF6, 0xA3, 0x93,
    0x6C, 0xE7, 0xB4, 0xE3, 0x5C, 0x9E, 0x90, 0x85, 0xB2, 0x71, 0xE7, 0xE8, 0xB2, 0x4D, 0xFE, 0x11,
    0x9E, 0xEC, 0x10, 0xF2, 0xC5, 0x2A, 0xEB, 0x65, 0x2A, 0x3B, 0x35, 0x13, 0x0B, 0xCE, 0x62, 0x71,
    0x98, 0xAF, 0x2A, 0xEE, 0x07, 0xC5, 0xA9, 0x98, 0x8E, 0x95, 0x11, 0x7F, 0xA2, 0xA3, 0x4B, 0xDC,
    0x58, 0xA8, 0x7A, 0x14, 0xCC, 0xB8, 0xCE, 0x87, 0xA5, 0x55, 0x08, 0x21, 0xC2, 0x4D, 0xB2, 0xD6,
    0x69, 0x87, 0x7C, 0x79, 0x4F, 0xE0, 0xDB, 0xAA, 0x95, 0x76, 0xDF, 0x57, 0xFB, 0xF7, 0x50, 0xAD,
    0x1F, 0xBA, 0x4C, 0x85, 0xFC, 0x77, 0x35, 0x55, 0xA3, 0x99, 0x74, 0x0D, 0xF8, 0x46, 0x96, 0x8B,
    0xCE, 0x64, 0x42, 0x9D, 0x7E, 0x86, 0x18, 0x6A, 0xA0, 0xAA, 0x86, 0x33, 0xAA, 0xCF, 0xB3, 0xE5,
    0xF5, 0x62, 0xA6, 0x77, 0x3E, 0x70, 0x6B, 0xFE, 0xF3, 0x5C, 0x2C, 0x8C, 0x0D, 0xB5, 0x0B, 0xC4,
    0x05, 0xEF, 0xD5, 0xD4, 0xBE, 0x9C, 0xA7, 0xCB, 0x29, 0xF3, 0x99, 0xE4, 0x56, 0xDD, 0x29, 0x09,
    0x95, 0xA5, 0x86, 0x65, 0xF0, 0xBD, 0xF0, 0x04, 0x4B, 0x78, 0x26, 0x11, 0x66, 0x7B, 0xC9, 0xF8,
    0xE2, 0x1B, 0xC6, 0x76, 0x5D, 0xC1, 0xB3, 0x1C, 0xDB, 0x3F, 0x73, 0x0D, 0x3B, 0xF2, 0xE9, 0x90,
    0xC7, 0xA9, 0x4B, 0xFA, 0x85, 0x7A, 0xA7, 0xD9, 0xFD, 0xB8, 0xB4, 0x24, 0x7D, 0x38, 0x92, 0xD2,
    0x0C, 0xEB, 0x49, 0x10, 0xCE, 0xCA, 0xCA, 0x42, 0x9E, 0xC2, 0xF7, 0x87, 0x3B, 0x0B, 0x38, 0xB2,
    0x50, 0xC9, 0xF9, 0x1B, 0x2B, 0xF8, 0xC5, 0x47, 0xCF, 0x4F, 0xB6, 0x6D, 0xF4, 0xB3, 0x98, 0x75,
    0xF1, 0xF7, 0xE9, 0xFB, 0x9E, 0x87, 0x5A, 0x7C, 0xC3, 0x60, 0xAC, 0xF1, 0xF2, 0x48, 0xAD, 0xAF,
    0x62, 0xA3, 0xF2, 0xA0, 0xE8, 0x60, 0x9F, 0xC3, 0xAD, 0xBA, 0x9B, 0x3D, 0x19, 0x79, 0x06, 0x32,
    0x81, 0x0A, 0x1E, 0x37, 0x43, 0x9A, 0x4D, 0x65, 0x9F, 0xEC, 0x85, 0xCB, 0x91, 0x2F, 0x95, 0x00,
    0x0F, 0x16, 0x0A, 0x3D, 0xF6, 0xAF, 0x74, 0xB5, 0x7A, 0xB6, 0xC5, 0x83, 0xE1, 0x14, 0x01, 0xFE,
    0x49, 0xD7, 0x85, 0x08, 0xC0, 0xFD, 0xD8, 0xFC, 0x57, 0x91, 0x72, 0x73, 0xA8, 0xE5, 0x1D, 0x6A,
    0x1E, 0xD5, 0x1A, 0x4D, 0xE5, 0xF0, 0x07, 0x97, 0x61, 0x1E, 0xAB, 0x22, 0x77, 0xCE, 0xAA, 0xFE,
    0xEB, 0x59, 0xD0, 0x47, 0x8F, 0x69, 0xD5, 0xAD, 0xB6, 0x01, 0x92, 0xF5, 0x31, 0x2F, 0x8C, 0x5C,
    0x3F, 0x31, 0xBF, 0x99, 0xE7, 0x3F, 0x51, 0x6B, 0x70, 0xDF, 0x09, 0xFB, 0x7D, 0x5F, 0x07, 0x11,
    0x83, 0x6D, 0xDB, 0x91, 0xC6, 0x5F, 0x90, 0x2A, 0x2F, 0xAF, 0x68, 0xBC, 0xAF, 0x37, 0x34, 0x4E,
    0x49, 0xD1, 0xE4, 0x16, 0x8D, 0x13, 0xD2, 0x58, 0xDF, 0xD6, 0xEC, 0xC9, 0x73, 0xB2, 0x30, 0xC3,
    0x21, 0x72, 0xF9, 0x13, 0xB9, 0xFF, 0x53, 0x6D, 0x4F, 0x3E, 0xB5, 0x93, 0xB3, 0x24, 0xD4, 0xB7,
    0x1B, 0xF7, 0x43, 0x48, 0xE6, 0x09, 0x46, 0x39, 0x3B, 0x5F, 0x8C, 0x0F, 0x45, 0xB4, 0xDE, 0xEE,
    0x58, 0x68, 0xC7, 0x8F, 0x1E, 0xBD, 0x3A, 0xA7, 0xD6, 0xCD, 0x68, 0x76, 0xA8, 0xFA, 0xF0, 0x3C,
    0x04, 0xD1, 0xB4, 0xBF, 0x83, 0xC0, 0xC5, 0xC2, 0xEF, 0x4D, 0x2C, 0x05, 0xC3, 0xF5, 0x41, 0x47,
    0xDF, 0xA4, 0x71, 0x55, 0x19, 0x49, 0x1B, 0x33, 0xF8, 0x8E, 0xC1, 0x26, 0xB5, 0x1B, 0xE5, 0xB6,
    0x74, 0x7F, 0xCD, 0x10, 0xAE, 0x79, 0xF0, 0x6B, 0x7D, 0x92, 0xC1, 0xE5, 0x28, 0x9B, 0x84, 0x8F,
    0xFE, 0x0E, 0xC5, 0xF4, 0xF5, 0x2F, 0x93, 0x37, 0xFC, 0xE4, 0xF2, 0x51, 0x2D, 0xAA, 0x7A, 0xB5,
    0xCC, 0xB5, 0xE6, 0xA5, 0x4B, 0xF9, 0xAD, 0xF2, 0xB6, 0x1A, 0x99, 0xFE, 0x8E, 0x79, 0x7D, 0x0A,
    0x1B, 0xD1, 0xE7, 0xCC, 0x44, 0x2A, 0xD4, 0x5A, 0xBE, 0x61, 0xDD, 0xE5, 0x22, 0x5C, 0x18, 0xD8,
    0x6F, 0xDA, 0x76, 0x53, 0x9B, 0x21, 0x2B, 0x71, 0xEA, 0x62, 0xB1, 0x05, 0xAC, 0x69, 0x73, 0xA8,
    0xF1, 0x58, 0xE5, 0xC0, 0xB1, 0x9E, 0x10, 0xF2, 0x97, 0x37, 0xFF, 0x28, 0x92, 0xCB, 0xE3, 0x1A,
    0x26, 0x53, 0x23, 0xE7, 0xFE, 0x04, 0xEB, 0xAB, 0x4C, 0x44, 0x3F, 0x53, 0xCB, 0x56, 0x41, 0xBE,
    0x5A, 0x48, 0xC6, 0x1F, 0x28, 0x12, 0x10, 0xF3, 0x90, 0x61, 0xA8, 0x5A, 0x43, 0x44, 0xA4, 0xAD,
    0x17, 0x8B, 0x8E, 0xFC, 0x02, 0x41, 0x99, 0xED, 0xDA, 0x16, 0x83, 0x53, 0x63, 0xFE, 0x5F, 0x1E,
    0x12, 0x3F, 0xE9, 0xBE, 0x5B, 0x99, 0x35, 0x7B, 0x56, 0xF0, 0xF0, 0x8B, 0xAC, 0x49, 0x98, 0xB6,
    0xE5, 0xB4, 0x67, 0xD4, 0x71, 0x8B, 0xC9, 0x4B, 0xEA, 0xF8, 0xFE, 0x88, 0x8E, 0x6F, 0x34, 0xDD,
    0x7A, 0xDA, 0xF9, 0x71, 0xC1, 0xF3, 0xE3, 0x6B, 0x67, 0xDB, 0xF5, 0xE6, 0x6C, 0x9B, 0xC6, 0x45,
    0xDA, 0xD5, 0x7F, 0x75, 0xF4, 0x35, 0xB7, 0xFC, 0x57, 0x41, 0xFF, 0x95, 0x7D, 0x0B, 0xFF, 0x55,
    0x5E, 0xF3, 0x5F, 0x17, 0x1B, 0xFF, 0xD5, 0xE7, 0x2F, 0x5E, 0xB3, 0x12, 0x11, 0x7D, 0x60, 0x55,
    0x6A, 0x1E, 0x1F, 0x29, 0xEE, 0x5F, 0xB1, 0x36, 0x05, 0xD3, 0x67, 0xC9, 0xBE, 0xA6, 0x4B, 0xF2,
    0xA8, 0x86, 0xFB, 0x99, 0x99, 0x9B, 0x98, 0xFB, 0x70, 0x46, 0x03, 0xAB, 0x17, 0x6D, 0x01, 0x1F,
    0xD2, 0x06, 0xA2, 0x67, 0x46, 0xB7, 0xC5, 0xD0, 0xD0, 0x5C, 0x8D, 0x5D, 0xEE, 0xE2, 0x75, 0x3F,
    0xAC, 0xA0, 0x5C, 0xF8, 0x1D, 0xA3, 0x98, 0x17, 0x66, 0x04, 0x99, 0x30, 0x58, 0x59, 0xC4, 0xCE,
    0xF6, 0x08, 0x76, 0x06, 0x2C, 0xED, 0x40, 0xC9, 0x41, 0x09, 0xFB, 0x8E, 0x1A, 0x59, 0xB5, 0xD2,
    0xD8, 0x7F, 0xF8, 0x7B, 0x0A, 0xCD, 0x61, 0x29, 0xE4, 0x7E, 0xDD, 0x70, 0xD1, 0x87, 0x3C, 0xC0,
    0x64, 0xED, 0xCA, 0x0C, 0x73, 0x8F, 0x9D, 0x8E, 0x5E, 0x19, 0x81, 0xAB, 0x17, 0xEF, 0x5A, 0xE5,
    0x5E, 0xDD, 0xDE, 0x07, 0x34, 0xC3, 0xFB, 0x88, 0x52, 0x72, 0xC2, 0x93, 0x53, 0x6C, 0xE7, 0x1F,
    0x75, 0x5F, 0x0F, 0xC0, 0x2F, 0x0F, 0xB6, 0x63, 0x47, 0x53, 0xB2, 0x16, 0x27, 0x70, 0xD8, 0xF3,
    0x3F, 0x6E, 0x77, 0x7A, 0xFC, 0xAE, 0xD7, 0x9B, 0x79, 0x2C, 0xF8, 0xDD, 0xE5, 0x31, 0xBC, 0xE0,
    0xCE, 0x82, 0x1F, 0x3B, 0xCB, 0xE9, 0xDF, 0x54, 0x13, 0xA8, 0x45, 0xAA, 0x4F, 0x53, 0x84, 0x98,
    0xEC, 0xCF, 0x32, 0xA1, 0x86, 0xA1, 0x16, 0x49, 0xB3, 0xD8, 0x4C, 0x16, 0x3F, 0x45, 0x75, 0x97,
    0x4F, 0x16, 0x4A, 0x55, 0x23, 0x85, 0x9C, 0x25, 0xC9, 0x62, 0x46, 0x02, 0xAD, 0x21, 0xEF, 0xE1,
    0x62, 0xCA, 0xEA, 0xF9, 0xF7, 0x41, 0x4A, 0x71, 0x0B, 0xEF, 0xF7, 0xB4, 0x78, 0x5F, 0xB1, 0x26,
    0xFD, 0x1C, 0x9C, 0xAA, 0x5E, 0x86, 0x4B, 0x0B, 0x54, 0xBD, 0x99, 0x94, 0xB5, 0x5B, 0x31, 0x76,
    0x2F, 0xC8, 0x0E, 0x80, 0x59, 0x00, 0xDA, 0x21, 0x0A, 0xD1, 0x29, 0x63, 0xDC, 0x82, 0xD2, 0x30,
    0x3B, 0x66, 0x9D, 0xD3, 0x8F, 0x38, 0xF1, 0x58, 0x98, 0x88, 0xF7, 0xEA, 0x0D, 0x0A, 0xCD, 0x70,
    0x7B, 0x0D, 0x68, 0xF3, 0x39, 0x7B, 0xC9, 0xD4, 0x79, 0xC9, 0x2E, 0x46, 0x0F, 0x44, 0xB3, 0xAF,
    0xA6, 0x0A, 0x68, 0xE7, 0x5F, 0xE0, 0x7A, 0x41, 0x22, 0x0F, 0xFF, 0x7D, 0x22, 0x66, 0xF5, 0x6F,
    0x66, 0xBB, 0x6F, 0xDA, 0x40, 0x39, 0x76, 0x2C, 0x29, 0x51, 0xF8, 0xCA, 0x50, 0x3B, 0x57, 0xD1,
    0xDA, 0x33, 0x31, 0x64, 0x56, 0x44, 0x89, 0x0D, 0x91, 0x9B, 0x10, 0xE4, 0xF0, 0x1D, 0xA5, 0x26,
    0xE5, 0x69, 0x88, 0xA2, 0xBE, 0x24, 0xC2, 0x2F, 0x99, 0xC5, 0xD3, 0x2D, 0xD3, 0xA8, 0x84, 0x9B,
    0x3E, 0x76, 0x65, 0x23, 0x0E, 0x07, 0x0F, 0xD3, 0x21, 0x84, 0xF2, 0xE1, 0x58, 0x9E, 0x37, 0x09,
    0x9F, 0x05, 0x9D, 0x26, 0x81, 0x2B, 0x5E, 0xA9, 0x52, 0x43, 0x42, 0x9D, 0xD9, 0x33, 0xA8, 0xC2,
    0xB5, 0x19, 0x7D, 0x55, 0x70, 0x75, 0x90, 0x1F, 0x77, 0x31, 0x4A, 0xBB, 0x1A, 0x54, 0x59, 0x24,
    0x87, 0x4B, 0x32, 0x2D, 0x31, 0xF9, 0x2F, 0x16, 0xCA, 0x9F, 0x11, 0x9F, 0x8B, 0x70, 0x3C, 0x55,
    0xAE, 0xE7, 0xED, 0x19, 0x57, 0x4F, 0x03, 0x6E, 0xA3, 0x5B, 0x8F, 0xDD, 0xA3, 0x60, 0x08, 0x4C,
    0xC7, 0x70, 0xCB, 0xF4, 0x0C, 0x43, 0x63, 0xB1, 0xD3, 0xE5, 0x79, 0xD3, 0x7D, 0xBF, 0xD6, 0x28,
    0x6F, 0x34, 0x3F, 0x3A, 0x3D, 0xB3, 0x73, 0x47, 0xDE, 0x36, 0x0D, 0x95, 0xAF, 0xD4, 0xA2, 0x15,
    0xA3, 0xAC, 0xDD, 0x81, 0xCA, 0x2C, 0xFF, 0x6E, 0xEC, 0x6A, 0xD7, 0xE3, 0x83, 0x79, 0xDF, 0x34,
    0x6A, 0x2B, 0xF7, 0x4A, 0xCC, 0x3D, 0xEE, 0x50, 0x80, 0x45, 0xB1, 0x5C, 0x96, 0x26, 0xFB, 0xC7,
    0xF5, 0x82, 0x26, 0x06, 0x16, 0x75, 0xB1, 0x2D, 0x98, 0x77, 0x75, 0xA1, 0x56, 0xFA, 0x2A, 0x7D,
    0xBA, 0x2C, 0x79, 0x11, 0x58, 0xC2, 0x9A, 0x27, 0x90, 0xE1, 0xB7, 0xFC, 0x77, 0x6E, 0xF7, 0x2E,
    0xEC, 0xCE, 0x6A, 0xE7, 0x9E, 0xDC, 0x7B, 0x52, 0x35, 0xD8, 0x85, 0xA1, 0x8A, 0xC5, 0x29, 0xDC,
    0x20, 0xB5, 0x8B, 0x9F, 0xA8, 0x9A, 0xD4, 0xD3, 0x1D, 0xB7, 0x54, 0xAF, 0xBE, 0x4F, 0x68, 0x06,
    0xBA, 0xB0, 0x96, 0xAE, 0x49, 0x2F, 0xE3, 0xFE, 0xDA, 0x9D, 0xA8, 0xCC, 0x74, 0x85, 0xB4, 0xB9,
    0xB2, 0x67, 0xA9, 0x7B, 0x64, 0x5C, 0x1D, 0x6C, 0x64, 0x0B, 0xA7, 0xBF, 0xAF, 0x5D, 0x32, 0xBB,
    0x13, 0xF4, 0xFC, 0x7F, 0xDD, 0x5B, 0xBD, 0x8F, 0xDC, 0xC6, 0x15, 0x1F, 0x92, 0xF6, 0x2D, 0x60,
    0x16, 0x74, 0x21, 0x27, 0x80, 0x85, 0x80, 0x8D, 0x8B, 0x40, 0x41, 0xCC, 0xFF, 0xC0, 0xA4, 0xEC,
    0xC2, 0x45, 0x8A, 0xB8, 0x88, 0xAB, 0x14, 0xE9, 0x05, 0x04, 0xFA, 0x07, 0x12, 0x91, 0x92, 0x8B,
    0x14, 0x2E, 0x72, 0x45, 0x7A, 0xBB, 0x48, 0x91, 0x9C, 0x0A, 0x37, 0x29, 0x52, 0xC4, 0x1A, 0x3A,
    0x2A, 0x5D, 0x78, 0x9D, 0x14, 0x29, 0x52, 0x98, 0x70, 0x2E, 0x40, 0x2C, 0x17, 0xA6, 0x61, 0x06,
    0xA2, 0x4E, 0x24, 0x27, 0xEF, 0xF7, 0x7B, 0xC3, 0x3D, 0xEE, 0xF9, 0xF6, 0xF4, 0x15, 0x45, 0x52,
    0xF6, 0x76, 0xDF, 0x70, 0xB9, 0xC3, 0x99, 0xF7, 0x35, 0x6F, 0xDE, 0x7B, 0xF3, 0x2E, 0x28, 0xB2,
    0xBE, 0x1C, 0x1D, 0x5F, 0xE5, 0x98, 0xF5, 0x41, 0x91, 0x76, 0x59, 0x9F, 0xF5, 0xF9, 0x80, 0xBF,
    0x72, 0xB4, 0x93, 0x9D, 0xDC, 0x89, 0x97, 0x31, 0xB9, 0x31, 0x1E, 0x94, 0x85, 0x31, 0x99, 0x1B,
    0x4D, 0x20, 0xF7, 0xAB, 0x95, 0x80, 0x36, 0x11, 0xD0, 0xE7, 0xCE, 0x96, 0x43, 0x3E, 0xE5, 0x69,
    0x65, 0x07, 0xE9, 0xE7, 0xBA, 0x0D, 0x68, 0x37, 0x00, 0x5F, 0x6D, 0x2F, 0x40, 0x7A, 0x3E, 0x67,
    0x72, 0x57, 0x66, 0xFB, 0x99, 0x3C, 0x3B, 0x60, 0x80, 0x2E, 0x12, 0xB0, 0x36, 0x16, 0x93, 0xED,
    0xB9, 0x43, 0xB3, 0x9C, 0x12, 0x60, 0xCF, 0xDD, 0x11, 0x28, 0x3F, 0x37, 0x06, 0x93, 0x0E, 0x26,
    0x21, 0x62, 0x99, 0x3B, 0x72, 0xAE, 0xCE, 0x9D, 0xDC, 0xAC, 0xF2, 0xC1, 0x04, 0x87, 0x46, 0xA0,
    0xBC, 0xB2, 0x09, 0x30, 0x71, 0x80, 0xB1, 0xAB, 0x05, 0x2A, 0x1D, 0x4B, 0x28, 0x68, 0x70, 0xF4,
    0x05, 0x2C, 0x7B, 0x40, 0xD7, 0x0A, 0x08, 0xF9, 0x94, 0xCC, 0x52, 0xAC, 0x0A, 0x99, 0x76, 0xB2,
    0xB5, 0xC5, 0x63, 0x32, 0x97, 0xBC, 0x9A, 0xEC, 0x08, 0xA8, 0x7C, 0xCF, 0x04, 0xF6, 0xC8, 0xE8,
    0x6B, 0x4F, 0x3E, 0xAF, 0x98, 0xEC, 0xAA, 0xDD, 0xBF, 0x21, 0x58, 0xB9, 0x69, 0x22, 0x9E, 0x9D,
    0x8C, 0x03, 0x9C, 0x23, 0x77, 0x57, 0x46, 0x5D, 0xB9, 0xA2, 0xEC, 0x4C, 0x3C, 0x99, 0xAC, 0x37,
    0xC9, 0x70, 0xF2, 0xAD, 0xF7, 0xB5, 0x8F, 0xF6, 0xD7, 0x67, 0x75, 0x9C, 0x54, 0xE0, 0xE4, 0xC7,
    0x7F, 0x41, 0xE6, 0xFA, 0xBE, 0x9F, 0xD7, 0x4E, 0xA0, 0xB0, 0x11, 0x16, 0x08, 0xB2, 0x75, 0xEA,
    0x2A, 0x99, 0xBD, 0x48, 0x84, 0x95, 0x72, 0x27, 0x92, 0x31, 0x84, 0x55, 0xA1, 0xEB, 0x02, 0x27,
    0x94, 0xB9, 0x01, 0x37, 0x4C, 0x39, 0xAD, 0xE4, 0x67, 0xE9, 0x96, 0x48, 0x67, 0x79, 0xE8, 0x03,
    0xF0, 0x42, 0x26, 0x19, 0xA5, 0x89, 0xC0, 0x5A, 0x72, 0xAB, 0xE3, 0xE0, 0x32, 0x3D, 0x98, 0x43,
    0x5E, 0x80, 0xF2, 0xFA, 0x64, 0xE3, 0x79, 0xEC, 0x9B, 0xFB, 0xE8, 0xA2, 0x8D, 0xAB, 0x4F, 0xFF,
    0x33, 0x27, 0x5E, 0x3B, 0xFB, 0xA9, 0x8E, 0x50, 0x5D, 0x42, 0x6A, 0x4E, 0x0C, 0x55, 0x94, 0xC1,
    0xBF, 0x14, 0xCC, 0x65, 0x8A, 0x2B, 0x98, 0xA8, 0xE0, 0x74, 0x6B, 0x92, 0x37, 0x29, 0x75, 0x0D,
    0x49, 0x9D, 0x40, 0x3E, 0xBE, 0x88, 0xBE, 0x0B, 0xC1, 0xAE, 0x93, 0xA7, 0x05, 0xCA, 0x78, 0x15,
    0x55, 0x4B, 0x64, 0x2D, 0xBA, 0x2D, 0xB2, 0xEE, 0x05, 0x8A, 0x0E, 0xBC, 0xE7, 0x8A, 0xD0, 0xCD,
    0x8F, 0x75, 0x9C, 0x12, 0x8C, 0xC9, 0xC8, 0xA5, 0x50, 0x59, 0x06, 0x6D, 0xFA, 0x39, 0xF4, 0x28,
    0x76, 0xB8, 0x06, 0x26, 0x3D, 0x65, 0xD7, 0x7A, 0x0C, 0x4D, 0x49, 0xAD, 0x23, 0xE6, 0x69, 0x75,
    0xC3, 0xD8, 0xCF, 0x65, 0xB6, 0x6F, 0x84, 0x1A, 0xF9, 0xE0, 0x3A, 0x93, 0x7B, 0xC6, 0x9C, 0x77,
    0xFB, 0x1C, 0x93, 0x08, 0xA7, 0xFE, 0xC1, 0x43, 0x73, 0xB9, 0x33, 0x81, 0xDC, 0x09, 0x47, 0xB3,
    0x82, 0x8E, 0xDA, 0x22, 0x69, 0x42, 0x79, 0xA4, 0xCE, 0xAA, 0x54, 0xB0, 0x6F, 0x72, 0x19, 0x7C,
    0x8C, 0xDA, 0x2B, 0xC6, 0xBD, 0x3E, 0x86, 0xDD, 0x87, 0xE1, 0x64, 0xF6, 0x83, 0x7E, 0x88, 0x20,
    0xD2, 0x61, 0x88, 0x86, 0xD3, 0x1A, 0xFE, 0x86, 0x9E, 0x45, 0xD0, 0xCB, 0x73, 0x17, 0xE5, 0xB9,
    0x5C, 0x18, 0x20, 0xA3, 0x64, 0x55, 0x86, 0x31, 0x93, 0xF5, 0x1E, 0x66, 0x58, 0x75, 0x9C, 0x2F,
    0xD4, 0xD9, 0x8D, 0x25, 0x2E, 0x33, 0x66, 0x1E, 0x4F, 0xC5, 0x3A, 0x38, 0x28, 0x52, 0x59, 0xE9,
    0xAE, 0xDF, 0x7B, 0x63, 0x30, 0x3F, 0x1D, 0x52, 0x37, 0x08, 0x73, 0xDD, 0x1B, 0x83, 0x7B, 0x73,
    0x10, 0xB5, 0x2A, 0xDD, 0x10, 0xDF, 0x19, 0xE4, 0xC1, 0x37, 0x84, 0x23, 0xB9, 0x8B, 0xE5, 0x71,
    0x27, 0x7D, 0xAA, 0x40, 0xEC, 0x02, 0x54, 0xB5, 0xB1, 0x60, 0xDA, 0x47, 0xC2, 0xB4, 0x4C, 0xBB,
    0x4C, 0x58, 0xB8, 0x76, 0x80, 0x96, 0xEA, 0xB5, 0xDE, 0xD7, 0x3E, 0xDA, 0x5F, 0x9F, 0xD5, 0x71,
    0xFC, 0x98, 0x1C, 0xFF, 0x00, 0x2F, 0x77, 0xCA, 0x8B, 0x4A, 0xF0, 0x00, 0x20, 0x3C, 0x39, 0xD0,
    0x03, 0x08, 0xE8, 0x1F, 0xCE, 0xED, 0x8B, 0x80, 0xDE, 0x11, 0xDA, 0x45, 0x40, 0xA2, 0x7B, 0x93,
    0x08, 0x28, 0x1A, 0x42, 0x27, 0x02, 0x12, 0x21, 0x38, 0x08, 0x48, 0xBE, 0x41, 0x16, 0x58, 0x7C,
    0x6C, 0x7A, 0x6D, 0x6A, 0xCA, 0x29, 0x5F, 0x8B, 0x80, 0xA2, 0x21, 0x6D, 0x45, 0x40, 0xD1, 0x10,
    0xF7, 0x22, 0xA0, 0x48, 0xE4, 0x26, 0x02, 0x7A, 0x47, 0x1E, 0x87, 0x80, 0xA0, 0x83, 0x0F, 0x20,
    0xA0, 0x2D, 0x42, 0xEC, 0xBE, 0x68, 0x2A, 0x98, 0x3D, 0x99, 0xF2, 0x53, 0x57, 0xD8, 0xA2, 0xAC,
    0x9C, 0xC9, 0x6B, 0x7E, 0x8A, 0xB2, 0xB6, 0x9F, 0x8A, 0x45, 0x15, 0xEB, 0x87, 0xDF, 0xD1, 0x0F,
    0xFD, 0xB1, 0x1E, 0x17, 0x40, 0x38, 0x73, 0x6B, 0x07, 0x97, 0xB7, 0xFA, 0x79, 0x30, 0xBF, 0x76,
    0x0A, 0x27, 0x70, 0x6B, 0xD1, 0x99, 0xDC, 0x4D, 0xF9, 0x55, 0x17, 0x18, 0x27, 0xD2, 0x35, 0xA2,
    0xA5, 0x49, 0x6F, 0x4A, 0xE8, 0x7A, 0x32, 0x1A, 0x7B, 0xE7, 0xED, 0x65, 0x67, 0x51, 0x85, 0x01,
    0x46, 0xC6, 0x9C, 0xBF, 0x4A, 0x9B, 0x62, 0xCC, 0x77, 0x27, 0xB5, 0xE4, 0xB9, 0xE0, 0x9B, 0x83,
    0x1F, 0x32, 0x88, 0xDC, 0xCF, 0x3E, 0x12, 0xAA, 0x84, 0x8E, 0x54, 0xE8, 0x08, 0xC1, 0x88, 0x4C,
    0x44, 0x56, 0x07, 0xAE, 0x8E, 0x38, 0x6C, 0xDE, 0xC2, 0xE4, 0x3F, 0xEA, 0xBB, 0x53, 0x18, 0xD2,
    0xE6, 0x46, 0xF8, 0x2A, 0x96, 0x75, 0xDA, 0x27, 0xB2, 0x0D, 0x36, 0x5B, 0x40, 0x51, 0x54, 0x81,
    0x8D, 0x20, 0xCF, 0x4D, 0xC6, 0x9C, 0x0D, 0x61, 0x6D, 0x06, 0x18, 0x8F, 0x01, 0xD6, 0x6D, 0xC0,
    0xE2, 0x12, 0x9B, 0x24, 0xA0, 0x3C, 0x05, 0xE4, 0x1B, 0xC0, 0x7E, 0x2B, 0x80, 0x00, 0xC0, 0xA4,
    0x00, 0xC9, 0x63, 0x00, 0xA2, 0xD6, 0x83, 0x7A, 0x0B, 0x76, 0xCA, 0x45, 0xC9, 0xB1, 0x6A, 0x2A,
    0x13, 0x57, 0x26, 0xF9, 0x8D, 0xF0, 0xBA, 0x10, 0x1E, 0xBF, 0x58, 0x0A, 0x72, 0x05, 0xB6, 0xD5,
    0x32, 0x70, 0x96, 0x7F, 0x2F, 0x89, 0xA5, 0x3D, 0xF9, 0x27, 0xE2, 0x4D, 0xB1, 0x94, 0x07, 0x7B,
    0x73, 0x72, 0x17, 0x61, 0x8B, 0xF1, 0xBE, 0xE8, 0xE4, 0x6B, 0x0E, 0xBA, 0x85, 0xAB, 0x95, 0x1D,
    0xC5, 0x2E, 0x8B, 0x18, 0x57, 0x62, 0x7A, 0x13, 0x77, 0x8D, 0xDB, 0xE9, 0x9A, 0xBB, 0x5B, 0x5B,
    0x4E, 0xB0, 0x01, 0x19, 0x66, 0x64, 0xA7, 0xCC, 0x45, 0x9B, 0x4E, 0x7A, 0xAD, 0xF7, 0xD9, 0x27,
    0x62, 0x7F, 0x7D, 0x56, 0xBB, 0xE8, 0x98, 0x3A, 0xBE, 0x29, 0xB1, 0x8D, 0xB5, 0xD0, 0x3D, 0x51,
    0x79, 0x38, 0x24, 0x90, 0x46, 0xC5, 0x16, 0x16, 0x01, 0x6D, 0x3C, 0xAA, 0xB6, 0xA5, 0xBD, 0xB6,
    0x79, 0xAB, 0xAD, 0xAA, 0xBA, 0x20, 0x54, 0xB0, 0x5D, 0x71, 0xE1, 0x39, 0x6C, 0xED, 0x6C, 0xB3,
    0x0E, 0x83, 0xCA, 0xE6, 0xD0, 0x44, 0x6C, 0xB1, 0xB3, 0x48, 0x1B, 0xC1, 0x8B, 0x31, 0x1C, 0xB5,
    0x44, 0x2B, 0xA3, 0xD2, 0x4E, 0xE5, 0x6D, 0x34, 0x28, 0x12, 0x71, 0x27, 0x6D, 0x20, 0x2C, 0x5A,
    0x2B, 0x12, 0x39, 0x77, 0xBA, 0x41, 0xDB, 0xAC, 0xD3, 0xB6, 0x6C, 0xB6, 0x90, 0x88, 0x3C, 0x12,
    0xA4, 0xA7, 0xF4, 0xF4, 0xC0, 0x9E, 0x72, 0xC3, 0x2C, 0xD8, 0x02, 0x41, 0xB4, 0x44, 0x10, 0x74,
    0x74, 0xFE, 0x91, 0x93, 0x43, 0x29, 0xFE, 0xB1, 0xA7, 0x27, 0xF5, 0xF4, 0xE4, 0xED, 0xF9, 0x3B,
    0x68, 0xED, 0x5A, 0x3C, 0x41, 0x31, 0x67, 0xEE, 0x1D, 0xEC, 0x8A, 0x42, 0xCF, 0x4A, 0x4C, 0x96,
    0x8C, 0x3A, 0x9A, 0x3F, 0x24, 0xAD, 0x72, 0x09, 0xDF, 0xC1, 0xA5, 0xBC, 0xD1, 0x51, 0x6D, 0x2D,
    0x48, 0x54, 0x1C, 0x79, 0x05, 0x46, 0x0E, 0x8A, 0x84, 0x95, 0x9F, 0xB3, 0x4E, 0x71, 0x2F, 0x21,
    0x40, 0xAC, 0xA5, 0x9A, 0x2D, 0xEE, 0xA1, 0x0D, 0xB8, 0x9D, 0x5F, 0xD8, 0xE7, 0xDA, 0xE7, 0x60,
    0x58, 0xD8, 0x24, 0x89, 0x56, 0x20, 0xF2, 0x48, 0x2A, 0x51, 0xB0, 0x89, 0x59, 0xE7, 0xDD, 0x3B,
    0x92, 0x05, 0x1A, 0xD5, 0x9B, 0x19, 0x61, 0x1D, 0x68, 0xC9, 0xCD, 0x6A, 0x34, 0x5E, 0x54, 0x90,
    0x68, 0x5C, 0x38, 0x15, 0x69, 0xF9, 0x67, 0x10, 0x17, 0x80, 0xE1, 0xA3, 0xB0, 0x5F, 0xB0, 0x4D,
    0xE0, 0xA7, 0xC2, 0xBD, 0x90, 0xAF, 0xF1, 0xA0, 0x72, 0x33, 0x69, 0xA7, 0x82, 0xA3, 0x1D, 0x51,
    0x5E, 0xD5, 0x2A, 0xBA, 0xC0, 0x15, 0x71, 0xCB, 0xBD, 0x44, 0x6C, 0x0F, 0x84, 0xB7, 0x91, 0x9A,
    0xC9, 0x5A, 0x7F, 0x21, 0x58, 0xE9, 0x85, 0xE7, 0xB6, 0xC7, 0x0A, 0x9C, 0x19, 0xFD, 0x85, 0x09,
    0x0A, 0x1A, 0x03, 0x3A, 0xA7, 0xA5, 0xDE, 0x75, 0x27, 0xA1, 0xDE, 0xD7, 0x3E, 0xDA, 0x5F, 0x5F,
    0x2F, 0xFD, 0xC4, 0x6C, 0x5C, 0x5D, 0xB2, 0x8C, 0xC6, 0x5C, 0xE4, 0xDE, 0xE2, 0x12, 0x1E, 0x60,
    0xC6, 0x1B, 0xA5, 0x2A, 0xCC, 0xEC, 0x00, 0x47, 0x6B, 0x5C, 0xC7, 0xB2, 0x2F, 0xB8, 0x5B, 0x8E,
    0x3B, 0x81, 0x4C, 0x93, 0xD2, 0xF3, 0xF6, 0xDE, 0xCC, 0x79, 0xF7, 0x05, 0xFA, 0x9E, 0xF3, 0x6E,
    0xE8, 0xEC, 0xAF, 0x69, 0x43, 0xB7, 0x91, 0x66, 0xD8, 0xF8, 0xF5, 0x22, 0x58, 0xFD, 0xDE, 0xEC,
    0x7C, 0x25, 0xFA, 0x60, 0x36, 0xFB, 0x9B, 0x34, 0x7F, 0xE5, 0xEC, 0x84, 0x2A, 0x52, 0xC4, 0x3E,
    0x98, 0xFD, 0xD4, 0xCF, 0x74, 0x8F, 0xFE, 0x84, 0x4B, 0xC7, 0xFD, 0x48, 0x5D, 0xD9, 0x08, 0xC3,
    0xA4, 0xD2, 0xAC, 0x21, 0xE0, 0x00, 0xC3, 0x88, 0xE4, 0xD1, 0x88, 0xB3, 0x40, 0x17, 0xB8, 0x03,
    0x2B, 0x02, 0x77, 0x74, 0x60, 0x47, 0x12, 0x22, 0xCA, 0x13, 0xE9, 0x9E, 0xB5, 0x62, 0x53, 0x30,
    0xAE, 0xC0, 0xD2, 0x2C, 0xE4, 0x4E, 0x9D, 0x71, 0xC5, 0x35, 0xBA, 0x97, 0xB4, 0xE0, 0xB1, 0xB8,
    0x1C, 0xAA, 0x79, 0xE4, 0xE8, 0x5B, 0xC4, 0x3E, 0x52, 0x3A, 0x75, 0xA1, 0x9B, 0x4C, 0x1B, 0x4B,
    0x1A, 0x02, 0x20, 0x76, 0x9F, 0xB4, 0xAF, 0xB7, 0x68, 0x6F, 0xEF, 0x41, 0xFB, 0xCA, 0xFD, 0xFA,
    0x14, 0xDA, 0x27, 0x4F, 0x7B, 0x08, 0x4E, 0xCE, 0xB4, 0xF7, 0xA0, 0x7B, 0x49, 0xFB, 0x70, 0x26,
    0xED, 0x29, 0x97, 0xE5, 0x59, 0xB4, 0x03, 0xA9, 0x0F, 0x89, 0xFC, 0x4A, 0xE9, 0x4B, 0x55, 0x70,
    0xF6, 0xAB, 0x81, 0x08, 0xBE, 0x01, 0x65, 0xDA, 0xFB, 0xAD, 0xB9, 0x54, 0xEC, 0x26, 0x7A, 0xBD,
    0x78, 0x2E, 0x53, 0x6A, 0xF3, 0x59, 0xE0, 0xC3, 0x16, 0xD1, 0x13, 0x57, 0xA9, 0x17, 0xF8, 0xC7,
    0x18, 0x7A, 0xE5, 0x7E, 0x05, 0x6A, 0x13, 0x99, 0x88, 0x0D, 0xA9, 0xCD, 0x26, 0x15, 0xF8, 0x48,
    0x6A, 0x85, 0x54, 0xDB, 0x13, 0x55, 0xE8, 0xBE, 0x9B, 0x36, 0x02, 0x77, 0xDB, 0x44, 0x57, 0xF1,
    0xB1, 0xC0, 0x23, 0x38, 0x20, 0x98, 0xA4, 0xCD, 0x69, 0x71, 0xDB, 0x9C, 0x96, 0xBE, 0xB7, 0xB3,
    0xC0, 0xB3, 0x2A, 0xD6, 0x55, 0x92, 0xD5, 0x8C, 0x26, 0x30, 0xFB, 0xAA, 0x57, 0xF3, 0xDD, 0x86,
    0xBD, 0x79, 0x18, 0x6A, 0xCB, 0xFF, 0x22, 0xB5, 0x76, 0x49, 0x6D, 0xB0, 0xA4, 0xB6, 0xB8, 0x1F,
    0x6A, 0xA7, 0x6D, 0x6A, 0xAF, 0x90, 0xA2, 0xD0, 0xBD, 0x3B, 0x1D, 0x2F, 0x35, 0xDF, 0xF8, 0x9B,
    0xE6, 0xC6, 0x19, 0x44, 0xC7, 0xAA, 0x1A, 0x3B, 0xD4, 0xFB, 0xB4, 0xA5, 0xFD, 0xD9, 0x78, 0x3C,
    0xC3, 0xCA, 0xBD, 0x0B, 0xDA, 0x63, 0xF7, 0xE6, 0x96, 0x7A, 0x87, 0x8B, 0xA5, 0x5D, 0x0E, 0xA4,
    0x7D, 0x5E, 0xDA, 0xD3, 0x81, 0x1B, 0x94, 0xE8, 0xF1, 0x84, 0x5E, 0x2B, 0xD1, 0x15, 0x22, 0x89,
    0x58, 0xD5, 0x5B, 0x68, 0xCF, 0x95, 0x76, 0xD5, 0xEB, 0xD6, 0xCE, 0x7A, 0x1D, 0x4C, 0x85, 0xEA,
    0xB5, 0x97, 0x18, 0xD1, 0xCD, 0x6E, 0xF6, 0x9A, 0x88, 0x18, 0xBE, 0xDD, 0xA4, 0x37, 0x3B, 0x25,
    0xB3, 0x5D, 0x34, 0xA9, 0xD2, 0xA7, 0xA6, 0x55, 0x88, 0xD6, 0x08, 0xD1, 0x79, 0xDB, 0xED, 0x8E,
    0x9B, 0xD0, 0xFD, 0x0D, 0xF4, 0x45, 0xEE, 0x26, 0x75, 0x49, 0xFC, 0x91, 0x35, 0x88, 0xBE, 0x08,
    0x11, 0xCB, 0x3E, 0x83, 0xD1, 0xD2, 0xC9, 0xD8, 0x8E, 0x92, 0x86, 0x6C, 0x65, 0x4D, 0x43, 0x2B,
    0xAD, 0x88, 0x78, 0xF2, 0x1E, 0xBD, 0x97, 0x74, 0xA1, 0xEA, 0x5D, 0x2B, 0xED, 0xE2, 0x00, 0xD6,
    0x58, 0xBE, 0x20, 0x3A, 0x44, 0x92, 0xA6, 0xC0, 0xF2, 0xA5, 0xAA, 0x22, 0x5B, 0x63, 0xC8, 0x37,
    0x0D, 0xFC, 0x7D, 0xCC, 0x9F, 0x6C, 0xAE, 0xF2, 0xCD, 0x95, 0x9D, 0xAF, 0x74, 0x0A, 0x5D, 0xDD,
    0xB3, 0x37, 0x1F, 0x6F, 0xAE, 0xD2, 0xCD, 0x55, 0xBE, 0xB9, 0x42, 0x58, 0x6B, 0x74, 0x83, 0xFD,
    0xAB, 0xD3, 0x78, 0x79, 0x25, 0x54, 0xEA, 0x15, 0xE4, 0xA9, 0x57, 0xF9, 0x38, 0x5F, 0xD9, 0x7E,
    0xBE, 0xC2, 0x76, 0xCF, 0x67, 0x23, 0x77, 0x74, 0x5D, 0xAF, 0x28, 0xC2, 0xDA, 0xCF, 0xE5, 0xAF,
    0xF2, 0xCD, 0x95, 0x9B, 0xAF, 0xE0, 0x7D, 0x93, 0xFE, 0x41, 0xC9, 0xD7, 0xF4, 0x52, 0xE5, 0xAF,
    0xD4, 0xA2, 0xE1, 0x0A, 0x52, 0x8F, 0x3C, 0x45, 0x97, 0x19, 0xD0, 0x69, 0x56, 0x80, 0x63, 0xAE,
    0x95, 0x5A, 0x04, 0x99, 0xE2, 0xC2, 0x4B, 0x04, 0x02, 0x07, 0x12, 0x5E, 0x9A, 0xB8, 0x20, 0x0D,
    0xE3, 0x8A, 0xE7, 0xE7, 0x1D, 0x95, 0xAB, 0xCE, 0xD0, 0xB6, 0x2E, 0xDC, 0xF6, 0xD3, 0x9B, 0x6E,
    0xF9, 0x80, 0x7F, 0x1C, 0x83, 0x05, 0x66, 0x1E, 0xDA, 0x4F, 0xB4, 0x62, 0xE4, 0xA0, 0xD6, 0xAA,
    0x67, 0xDA, 0x40, 0x95, 0x42, 0x23, 0x39, 0x45, 0xD7, 0x24, 0x95, 0x72, 0xFE, 0x77, 0x3E, 0x50,
    0x50, 0x4B, 0x9B, 0x93, 0x1D, 0xE2, 0x75, 0xAB, 0xF0, 0x78, 0xF3, 0x32, 0x67, 0x7C, 0x7E, 0xF1,
    0x7B, 0xD9, 0x1C, 0xEF, 0xCE, 0xE9, 0xA8, 0x8C, 0x66, 0xD7, 0xD3, 0xED, 0xB5, 0xAE, 0x9E, 0x9D,
    0xF0, 0xEC, 0x40, 0x86, 0x2C, 0xDE, 0x09, 0xEF, 0x23, 0x08, 0x3A, 0x7B, 0xF6, 0x8D, 0x07, 0x32,
    0x99, 0x39, 0x66, 0xF7, 0x89, 0x26, 0xDD, 0x86, 0x2D, 0x49, 0x3D, 0x30, 0xCF, 0x1E, 0x5D, 0x57,
    0x74, 0xED, 0xAC, 0x49, 0x10, 0x7D, 0xD8, 0xBB, 0x50, 0x16, 0x77, 0x55, 0x14, 0x5B, 0xDC, 0x89,
    0x97, 0xF7, 0x9F, 0x35, 0x8A, 0x6E, 0x80, 0xA4, 0x50, 0x2C, 0x5C, 0xE5, 0xCD, 0x9D, 0x42, 0xBD,
    0x23, 0xBF, 0xDE, 0x78, 0xD6, 0x64, 0x04, 0x37, 0x3B, 0xD1, 0x90, 0x85, 0x21, 0x4C, 0xCC, 0x6D,
    0x54, 0x56, 0xD8, 0xCB, 0xD5, 0x49, 0x1A, 0xDA, 0xE5, 0xE7, 0xC0, 0x1D, 0xBD, 0xCF, 0x09, 0x1E,
    0xE1, 0x83, 0x31, 0x4E, 0x8E, 0xAB, 0x4B, 0xA1, 0x2C, 0xE8, 0x74, 0x32, 0x60, 0x9A, 0x34, 0xE0,
    0xB9, 0x50, 0x3C, 0x19, 0x7C, 0x62, 0xF5, 0x41, 0x03, 0xB8, 0x1F, 0x93, 0x5D, 0xE3, 0x98, 0xE1,
    0xD2, 0xFE, 0xDE, 0x96, 0x2B, 0x2C, 0xF6, 0x76, 0x58, 0x7E, 0x2E, 0xD8, 0xE9, 0x77, 0x9A, 0xC2,
    0x79, 0xF8, 0x0F, 0xC6, 0x38, 0x39, 0x6E, 0x5A, 0x65, 0x95, 0x6D, 0x6C, 0x23, 0x98, 0xF1, 0x0F,
    0xD7, 0x99, 0xDC, 0x7B, 0x22, 0x7C, 0x11, 0x84, 0x0E, 0xE7, 0x0D, 0xAC, 0xF1, 0xED, 0x38, 0x6F,
    0x68, 0x15, 0x76, 0x85, 0xEB, 0xCE, 0xFB, 0xEF, 0x31, 0x96, 0x3E, 0x79, 0xE8, 0xE9, 0x2B, 0x67,
    0x3A, 0x7D, 0xAA, 0x2B, 0x75, 0x7A, 0x9C, 0x91, 0xDC, 0xBB, 0x65, 0xFF, 0xB9, 0x4D, 0xDD, 0xF6,
    0x38, 0xF3, 0xB8, 0x7E, 0x1E, 0x9D, 0x77, 0xC6, 0x63, 0xC6, 0x6B, 0x81, 0xA7, 0xC7, 0x9B, 0x74,
    0xC8, 0xD2, 0xFD, 0x21, 0xAD, 0x6F, 0xA3, 0x11, 0x09, 0x37, 0xAA, 0xA4, 0xA1, 0x83, 0x91, 0xD6,
    0x71, 0xB3, 0xC3, 0x41, 0x74, 0x8C, 0xE9, 0x8D, 0x63, 0x88, 0x6F, 0x1C, 0x13, 0x7A, 0x46, 0xB3,
    0xF8, 0x3C, 0x80, 0x60, 0x33, 0x68, 0x33, 0x79, 0x42, 0xD8, 0xDC, 0x86, 0x2F, 0x47, 0x07, 0x83,
    0x2E, 0x12, 0x9C, 0x1C, 0x69, 0x6C, 0xCB, 0x26, 0x1F, 0xD8, 0x64, 0x23, 0x9B, 0xC4, 0xB1, 0x89,
    0xDD, 0x8F, 0x1D, 0xDD, 0x8A, 0x4F, 0xD0, 0x04, 0x70, 0xAF, 0x91, 0x5B, 0x70, 0x6C, 0x4A, 0x6D,
    0x72, 0x6D, 0x52, 0x6D, 0x12, 0x6D, 0x22, 0x6D, 0x42, 0x6D, 0x34, 0xD6, 0x7E, 0xCD, 0xA3, 0xAF,
    0xAB, 0x4A, 0x1D, 0xC5, 0x79, 0x97, 0xD7, 0x73, 0x24, 0x9F, 0x2B, 0x31, 0xC1, 0xC1, 0xEE, 0xB0,
    0xEF, 0xFC, 0xEC, 0x76, 0x60, 0x9C, 0x5C, 0xD7, 0xEF, 0xC6, 0x79, 0xBD, 0x4E, 0x4A, 0x91, 0xBD,
    0xE2, 0x91, 0xCE, 0xEA, 0x38, 0x0C, 0xA3, 0x9F, 0xDA, 0xD1, 0x8B, 0xB0, 0x3D, 0xF7, 0x85, 0x72,
    0xE0, 0xDC, 0xF9, 0x8E, 0x46, 0xBB, 0xF8, 0x07, 0xFC, 0xE3, 0x7E, 0x30, 0x3F, 0xB4, 0x9F, 0xC8,
    0x4F, 0xEB, 0x91, 0x98, 0x51, 0xF2, 0x08, 0x0A, 0xBA, 0xEF, 0x2B, 0xDE, 0x3E, 0xE4, 0x1D, 0x96,
    0xA1, 0xBD, 0x0F, 0x79, 0xCB, 0x4E, 0x43, 0xDE, 0xFA, 0x5E, 0x21, 0xEF, 0x33, 0x4A, 0xFB, 0x39,
    0xEF, 0xCF, 0x2E, 0xC3, 0x76, 0x1F, 0xD0, 0x68, 0xEC, 0xB2, 0x72, 0xE1, 0x1C, 0xF9, 0x56, 0xFF,
    0x5F, 0xB4, 0x97, 0x87, 0x69, 0xA5, 0x47, 0x6D, 0xB5, 0xFE, 0x86, 0xA0, 0x8C, 0x09, 0xC0, 0xB3,
    0x5F, 0xCF, 0x26, 0xB5, 0x74, 0x55, 0x66, 0xCF, 0xC4, 0xC7, 0x66, 0xBE, 0xF1, 0x37, 0x77, 0xF9,
    0x2B, 0x0F, 0x48, 0x7B, 0xB7, 0xA4, 0x5D, 0xA3, 0xF0, 0x25, 0xED, 0xA5, 0xD2, 0x9E, 0xDF, 0x9B,
    0xF6, 0x7C, 0xF0, 0x0F, 0x2C, 0x68, 0x0F, 0x16, 0xB4, 0x77, 0xF7, 0x4B, 0xBB, 0x78, 0x0F, 0x48,
    0xFE, 0x25, 0x45, 0xD2, 0x99, 0x7C, 0xCD, 0xF4, 0x02, 0xCF, 0xDD, 0x62, 0xF7, 0x95, 0xAB, 0x43,
    0x06, 0xAD, 0xCC, 0xCF, 0x30, 0x89, 0x91, 0xE8, 0xEE, 0x80, 0xE4, 0x92, 0x0F, 0xBA, 0x8B, 0xC4,
    0x7D, 0x8C, 0xD8, 0x3A, 0x74, 0x9D, 0xB8, 0x44, 0xB6, 0x59, 0x09, 0xD3, 0xAB, 0xA0, 0xE6, 0x91,
    0xB5, 0x67, 0xCA, 0x61, 0xA8, 0x73, 0xBE, 0x57, 0xF3, 0x10, 0x16, 0xB9, 0xE3, 0x39, 0x51, 0x71,
    0x9D, 0x03, 0x6C, 0x14, 0x22, 0x53, 0x85, 0xB0, 0x30, 0xEA, 0x26, 0x9C, 0xC8, 0x94, 0xB8, 0xB7,
    0xA0, 0x38, 0x6D, 0xA8, 0x10, 0x65, 0x0D, 0x36, 0x20, 0x45, 0x2B, 0x8D, 0xD8, 0x24, 0x70, 0x03,
    0x88, 0x4B, 0x93, 0xAF, 0xA1, 0x10, 0x03, 0x72, 0xDD, 0x7D, 0x89, 0x1D, 0x09, 0x07, 0x0C, 0x38,
    0xFF, 0x69, 0x33, 0x3D, 0x3B, 0x48, 0x78, 0xFA, 0x25, 0x71, 0xB2, 0xFB, 0x72, 0x4E, 0x93, 0xF8,
    0xB2, 0x02, 0xD9, 0x04, 0xDE, 0x25, 0x53, 0xF6, 0xE6, 0xE0, 0x90, 0x36, 0x3E, 0xE9, 0x8E, 0xB3,
    0x7C, 0x1A, 0x63, 0xF8, 0x30, 0x55, 0x83, 0x8C, 0x53, 0x3D, 0x72, 0xA3, 0x39, 0xC8, 0xC7, 0x0E,
    0xBB, 0x59, 0xFD, 0x55, 0xFB, 0xFD, 0x99, 0xAA, 0x90, 0x7A, 0x64, 0x41, 0xE9, 0x26, 0x2F, 0xC0,
    0x90, 0xBE, 0xC7, 0x29, 0xB4, 0xE6, 0x39, 0x96, 0x61, 0xA1, 0x8F, 0xA0, 0x6B, 0xEE, 0xE1, 0x85,
    0xF1, 0x07, 0x1C, 0xCF, 0x24, 0x5D, 0xCF, 0x6B, 0xC6, 0xBC, 0xD9, 0x64, 0xBD, 0x23, 0xEE, 0xDC,
    0xC9, 0xC8, 0xD3, 0xDA, 0x16, 0x4E, 0xF1, 0xA5, 0x42, 0xCC, 0xF4, 0x33, 0x46, 0xD7, 0xAA, 0x81,
    0x15, 0xCE, 0x7A, 0xDB, 0x6C, 0x0F, 0xA8, 0x77, 0xE2, 0x26, 0xDB, 0xB9, 0xEB, 0x3C, 0xED, 0x7A,
    0x68, 0x34, 0x2D, 0x12, 0x8D, 0xA7, 0xB9, 0x15, 0xCD, 0xD2, 0xDF, 0xFA, 0xF6, 0x2B, 0x67, 0x6E,
    0x6B, 0x48, 0x18, 0x52, 0x8A, 0xA1, 0x6A, 0x50, 0x10, 0x13, 0xD1, 0x87, 0xC3, 0x99, 0x1F, 0x7F,
    0xB7, 0xA3, 0xC1, 0x29, 0xA1, 0x60, 0xE3, 0xE8, 0xFC, 0x5E, 0x03, 0xA6, 0xB1, 0x98, 0xF4, 0x16,
    0xBA, 0xF1, 0x25, 0x94, 0x3E, 0xF0, 0xF9, 0x04, 0x9F, 0x9F, 0xCB, 0x35, 0x5B, 0xE7, 0x53, 0x78,
    0x3E, 0xAF, 0x17, 0xA9, 0xB7, 0xB7, 0x49, 0x4F, 0x3D, 0x42, 0x73, 0x46, 0xCC, 0xF9, 0x2F, 0x35,
    0xD1, 0x6B, 0xA3, 0x19, 0x20, 0x4D, 0xD5, 0x6B, 0x8E, 0x8F, 0xC6, 0xB1, 0xA2, 0x01, 0xAB, 0xE9,
    0x9E, 0x1E, 0x43, 0xBD, 0x23, 0x16, 0x6D, 0x11, 0xA3, 0x16, 0x6A, 0x5A, 0xD5, 0xB6, 0x6D, 0xC6,
    0xFC, 0xE2, 0x9E, 0x07, 0xCF, 0x2F, 0x03, 0x07, 0x65, 0x88, 0x16, 0xD6, 0xE8, 0xD1, 0x4F, 0xEE,
    0x6E, 0x09, 0x57, 0xCA, 0x11, 0x27, 0x5F, 0x22, 0xE4, 0x84, 0x45, 0x33, 0xA9, 0xF7, 0x9E, 0x05,
    0xFE, 0x00, 0x78, 0xB6, 0x48, 0x77, 0x02, 0xB6, 0x84, 0x23, 0xA1, 0xC7, 0x5C, 0xB1, 0x95, 0x28,
    0x0C, 0x9B, 0x93, 0x86, 0x48, 0x1B, 0x18, 0x12, 0xAE, 0xF0, 0xEB, 0x05, 0x8B, 0x9E, 0x29, 0x23,
    0x7C, 0x75, 0xC4, 0x61, 0xAC, 0x5D, 0xBB, 0x82, 0xB2, 0xA4, 0xC5, 0x6C, 0xB1, 0x78, 0x4A, 0x47,
    0x25, 0xA1, 0xBF, 0xED, 0xCF, 0x5A, 0xB6, 0x5F, 0x6F, 0xB3, 0x5E, 0x6D, 0x22, 0x31, 0xF5, 0xA6,
    0x5E, 0xAD, 0x4B, 0xA7, 0x8B, 0x82, 0xE5, 0x1F, 0x35, 0x0F, 0x07, 0xA7, 0xFD, 0x3B, 0x12, 0xAD,
    0x5C, 0x66, 0xDE, 0x90, 0x89, 0xC2, 0x7F, 0x96, 0x43, 0xD9, 0xAB, 0x5A, 0xCB, 0x46, 0x23, 0x73,
    0x0F, 0x48, 0xCA, 0x0D, 0xC8, 0x87, 0x8E, 0x0C, 0x83, 0x64, 0x94, 0xCB, 0x53, 0x60, 0x0F, 0x11,
    0x63, 0x9B, 0x3F, 0xF9, 0xB3, 0x46, 0xA6, 0x00, 0x34, 0xA5, 0xA6, 0x87, 0xA9, 0xFF, 0x5B, 0x84,
    0x7E, 0x36, 0x23, 0x74, 0x85, 0xDC, 0x60, 0xD2, 0xB0, 0xD3, 0x72, 0x3D, 0x63, 0xFF, 0xC2, 0x13,
    0x4C, 0xDB, 0x3C, 0x09, 0x0E, 0x65, 0x5E, 0xF1, 0x1A, 0x54, 0xC1, 0x14, 0x4F, 0x82, 0x25, 0x69,
    0x25, 0x3C, 0x41, 0x95, 0x95, 0xE6, 0xA5, 0x09, 0xF8, 0x55, 0xAB, 0xAE, 0x4E, 0x41, 0x28, 0x7D,
    0xBC, 0x08, 0x05, 0x7A, 0xBA, 0xD1, 0xF8, 0xB3, 0x82, 0xFC, 0xDA, 0xE0, 0x4F, 0x14, 0x14, 0x5C,
    0x1B, 0xFC, 0x0F, 0xEC, 0x12, 0x9C, 0xB0, 0x7D, 0x8F, 0x91, 0x61, 0x19, 0xF0, 0x4B, 0x65, 0xE8,
    0xB7, 0x75, 0x1A, 0x18, 0xC0, 0x18, 0x0A, 0x04, 0xDF, 0xCF, 0xC2, 0xFD, 0xD7, 0xD3, 0x14, 0x5F,
    0x92, 0x48, 0xB3, 0x10, 0x4F, 0x48, 0xF1, 0xE0, 0x10, 0xFC, 0x45, 0x64, 0x95, 0xE3, 0xF9, 0x34,
    0x3C, 0x12, 0xFE, 0xEE, 0x59, 0x4D, 0xCE, 0x07, 0xBE, 0x6E, 0xA7, 0x4E, 0xE6, 0x8B, 0x7C, 0xBE,
    0xB0, 0xA3, 0xAE, 0x64, 0x9A, 0x91, 0xCE, 0xE7, 0xCA, 0x65, 0xCA, 0x17, 0x0A, 0xD6, 0xD0, 0xB8,
    0x23, 0xB9, 0xB6, 0xF3, 0x5C, 0xF2, 0xD4, 0xBF, 0x35, 0xB9, 0x24, 0x3A, 0x95, 0xC1, 0x40, 0x05,
    0xF6, 0x8E, 0x7C, 0x68, 0xA5, 0xDF, 0xF6, 0x06, 0x3B, 0x98, 0x4F, 0x7D, 0xD6, 0xC0, 0x51, 0xCC,
    0xCF, 0x55, 0xDB, 0x89, 0xD5, 0x7A, 0xB5, 0x60, 0x37, 0x3A, 0xCC, 0x34, 0x74, 0x0B, 0xD0, 0xCD,
    0x27, 0x22, 0xE2, 0x71, 0xBE, 0x56, 0xE4, 0xA8, 0x23, 0x4C, 0xBC, 0xC6, 0xB2, 0xFC, 0x63, 0x84,
    0x28, 0x50, 0xE4, 0xC6, 0x2A, 0x97, 0x5B, 0x9B, 0xBD, 0x00, 0x25, 0x0E, 0xCF, 0xB1, 0xDE, 0x81,
    0xEB, 0x8D, 0x45, 0x61, 0x14, 0x56, 0xBE, 0x36, 0xB3, 0x89, 0xF2, 0x1B, 0x99, 0xF2, 0xE5, 0x54,
    0x2B, 0x35, 0x0B, 0x95, 0x5A, 0x47, 0xEB, 0xBF, 0xA6, 0x47, 0xDA, 0xD3, 0x21, 0x85, 0xBD, 0xDD,
    0x2F, 0x59, 0x56, 0x88, 0x13, 0xF9, 0x8E, 0x06, 0x9F, 0xAC, 0xDB, 0x82, 0xED, 0xF1, 0x31, 0x83,
    0x2F, 0x6D, 0x75, 0xC0, 0x05, 0x35, 0xB2, 0x3A, 0x4E, 0xEF, 0x2B, 0x4A, 0x91, 0xF1, 0x28, 0xE6,
    0x3A, 0x5B, 0xB5, 0x5E, 0x3E, 0xAA, 0x5D, 0xB9, 0xE3, 0x33, 0x01, 0x2F, 0x8A, 0xA7, 0x0C, 0xDB,
    0xDC, 0xCC, 0xB6, 0x4D, 0x8D, 0x1B, 0xD7, 0x81, 0x9A, 0x37, 0x73, 0xBA, 0x7D, 0x7B, 0x82, 0xD8,
    0xA6, 0x34, 0x2E, 0xB4, 0x33, 0xFE, 0x3C, 0x4C, 0xA1, 0xDE, 0x39, 0xD5, 0xF4, 0xB0, 0x66, 0xA3,
    0x20, 0x75, 0x93, 0x1E, 0xC0, 0xAD, 0x39, 0x72, 0xCF, 0x75, 0x37, 0x0A, 0x11, 0xFB, 0x97, 0x1D,
    0x8E, 0x00, 0x05, 0x5B, 0x59, 0xE2, 0x82, 0x6D, 0x49, 0x0C, 0xB7, 0x60, 0xBF, 0xC0, 0xD3, 0x7B,
    0x31, 0x45, 0x8A, 0x64, 0xDB, 0x91, 0xAF, 0x49, 0xD5, 0x25, 0xA2, 0xA9, 0xBD, 0x19, 0xDB, 0x73,
    0xAC, 0xE2, 0x80, 0x71, 0x6C, 0x99, 0x01, 0x9C, 0xB6, 0xCE, 0x4D, 0x98, 0xBB, 0xF4, 0xEF, 0x83,
    0x07, 0xAA, 0x8C, 0x33, 0x6F, 0xA1, 0x40, 0x02, 0xE5, 0x32, 0x03, 0x2A, 0x91, 0x5C, 0xB5, 0xCC,
    0x0C, 0x49, 0x6C, 0xB7, 0x79, 0x5F, 0x7A, 0xA0, 0x61, 0x91, 0x7D, 0x4F, 0xF5, 0x14, 0x38, 0xC4,
    0x6A, 0x17, 0xD7, 0x3E, 0x6B, 0xB3, 0xEE, 0x52, 0xB5, 0xED, 0xD6, 0xA3, 0xB2, 0x77, 0xF9, 0xD9,
    0xFB, 0xC0, 0x69, 0xF4, 0xF6, 0x10, 0x9F, 0xDD, 0x55, 0xBB, 0x4B, 0x67, 0x74, 0xD8, 0xFA, 0x5C,
    0xB0, 0x8F, 0x90, 0xCC, 0xD6, 0x57, 0x76, 0x18, 0xD6, 0x10, 0xE1, 0xDF, 0x1B, 0x56, 0x04, 0xF2,
    0x1A, 0x52, 0x3B, 0xCF, 0x73, 0x41, 0x7F, 0x46, 0xAD, 0x67, 0xCC, 0x8E, 0x65, 0x40, 0xBF, 0x48,
    0xA1, 0x3A, 0x2F, 0x26, 0x7E, 0x49, 0x17, 0xE6, 0xFC, 0xF4, 0x26, 0xC3, 0xEC, 0xDB, 0xF0, 0x01,
    0x36, 0x46, 0xB8, 0x86, 0x3B, 0x27, 0xDA, 0x82, 0xFD, 0xB9, 0x66, 0xF5, 0x6D, 0x2D, 0x1A, 0x3E,
    0x3B, 0x96, 0x95, 0x87, 0xB8, 0x53, 0xF0, 0x57, 0x78, 0xD0, 0xD9, 0x44, 0x27, 0x50, 0x03, 0xE5,
    0xCE, 0x68, 0xD5, 0xBE, 0xD6, 0x61, 0x7B, 0x9D, 0xCF, 0x0E, 0x63, 0xDD, 0xEB, 0x99, 0x2C, 0x8A,
    0xFA, 0xBD, 0x71, 0x8B, 0x3F, 0xCF, 0xBF, 0x65, 0x5C, 0x63, 0xC5, 0x1D, 0xFC, 0x46, 0x9E, 0x74,
    0x3E, 0x25, 0xEE, 0x3A, 0xE7, 0x5E, 0x77, 0xBD, 0x0C, 0x6B, 0x07, 0x56, 0x6C, 0xB8, 0x4E, 0xB7,
    0xA9, 0x87, 0x01, 0xFE, 0x68, 0x34, 0x6F, 0x8E, 0x8D, 0x58, 0x36, 0x1C, 0x1B, 0x37, 0xF3, 0xED,
    0x2A, 0xF3, 0x85, 0x8D, 0xA0, 0x35, 0x09, 0x48, 0xD5, 0x71, 0xDD, 0xBD, 0xEC, 0x4F, 0xAE, 0xB2,
    0xBE, 0xAC, 0x1B, 0x7B, 0x48, 0xEC, 0xF9, 0x72, 0xD2, 0x05, 0x8F, 0x66, 0x0E, 0x6A, 0xCF, 0x1C,
    0x9C, 0x95, 0xF7, 0x2D, 0xA6, 0xAF, 0xB1, 0x7B, 0x45, 0x9A, 0x72, 0xB1, 0x8C, 0x34, 0x66, 0xFB,
    0xFB, 0x4B, 0x35, 0x69, 0xC7, 0x28, 0xD2, 0xA7, 0x9C, 0xED, 0xEF, 0x53, 0x86, 0xED, 0xC2, 0xFE,
    0xAE, 0x96, 0xF6, 0xF7, 0x53, 0x3D, 0x73, 0x2A, 0xDB, 0xA7, 0x09, 0xDB, 0x8C, 0x36, 0x8E, 0x96,
    0x2E, 0x3C, 0xD5, 0xF3, 0x7C, 0x82, 0xB8, 0xD1, 0x23, 0x7D, 0xF0, 0xBD, 0xE1, 0x49, 0xC9, 0xFD,
    0xDC, 0x1C, 0x82, 0x47, 0x9A, 0x0C, 0x9D, 0x81, 0x86, 0xE5, 0xE7, 0xCE, 0x28, 0xEB, 0x5E, 0x62,
    0x7F, 0x83, 0x9E, 0x46, 0xB5, 0x1C, 0x20, 0xF4, 0xE9, 0xD4, 0x05, 0x85, 0xAF, 0x30, 0x66, 0xB9,
    0x41, 0x0A, 0x47, 0xBF, 0x5F, 0xCD, 0x01, 0xE8, 0x3E, 0x28, 0x1C, 0x71, 0x76, 0xC4, 0x7A, 0x11,
    0xA1, 0x30, 0xBE, 0x0D, 0xAA, 0xB2, 0x9B, 0x80, 0x16, 0xB4, 0x7D, 0x3D, 0x08, 0xB4, 0x77, 0x5B,
    0x50, 0x08, 0x53, 0x57, 0xE5, 0x28, 0x63, 0x97, 0x11, 0x8E, 0x36, 0x14, 0x66, 0xA4, 0xB0, 0x24,
    0x85, 0xAF, 0x92, 0xC2, 0xE7, 0x74, 0xF2, 0x2B, 0x1B, 0x9F, 0x87, 0x2A, 0x8E, 0xC2, 0x1B, 0x2D,
    0x78, 0x8D, 0xDC, 0xCE, 0xBC, 0xCA, 0x43, 0x5A, 0x2A, 0x5A, 0x39, 0xB1, 0x77, 0x43, 0x00, 0x17,
    0xFC, 0x2B, 0xFC, 0x87, 0x84, 0x1E, 0x56, 0xE2, 0x7F, 0x1E, 0xA6, 0x7C, 0x08, 0x6C, 0x83, 0x99,
    0x03, 0xA0, 0xB0, 0x1A, 0x66, 0x3C, 0x58, 0xB5, 0x01, 0xAD, 0x7E, 0x62, 0x08, 0x0D, 0x7E, 0x53,
    0xD1, 0x72, 0x36, 0x4B, 0xCF, 0xE7, 0x4D, 0x61, 0xEC, 0x18, 0x9C, 0x6E, 0xAB, 0x1E, 0x33, 0x42,
    0x61, 0x1F, 0x88, 0xAA, 0x4F, 0x31, 0x44, 0x9B, 0x38, 0x05, 0xFC, 0x1A, 0xF6, 0x3B, 0x8A, 0xD3,
    0x1E, 0x3B, 0x87, 0xFC, 0x09, 0x21, 0x57, 0x86, 0x56, 0xD6, 0xA8, 0xEB, 0xEF, 0x2B, 0x78, 0xD7,
    0xBB, 0x8F, 0x0C, 0x64, 0x45, 0xE2, 0xFF, 0x8E, 0x50, 0x73, 0x54, 0x65, 0x3C, 0xEC, 0x84, 0xDB,
    0xE1, 0xE8, 0xEC, 0x8D, 0xFC, 0x49, 0x5D, 0x3E, 0xF0, 0x7C, 0xED, 0x33, 0x27, 0x10, 0xC2, 0xD7,
    0xCC, 0x6B, 0xDE, 0xF5, 0xFF, 0x75, 0x55, 0xB1, 0x4A, 0x8A, 0x59, 0x2B, 0x4D, 0x4A, 0x68, 0x5D,
    0x9D, 0xAA, 0x71, 0x4F, 0xFB, 0xDD, 0x6E, 0xCA, 0x74, 0x59, 0x62, 0x12, 0x7E, 0xA0, 0xEB, 0x51,
    0x17, 0xF8, 0xB4, 0xE9, 0x18, 0x31, 0xFD, 0x7D, 0x5F, 0xA5, 0x12, 0xAD, 0xEC, 0xEC, 0x02, 0x51,
    0x47, 0x8C, 0xBD, 0xBD, 0x59, 0x24, 0x9D, 0x90, 0xBC, 0xBA, 0x68, 0x99, 0x7A, 0x13, 0x47, 0x94,
    0x27, 0xBB, 0x67, 0xA5, 0xB0, 0x62, 0x81, 0x3D, 0xFB, 0xC0, 0xD9, 0x28, 0x34, 0x3F, 0xEF, 0x47,
    0xBB, 0x0D, 0x6B, 0xE7, 0xBE, 0x66, 0x3E, 0xA1, 0x4D, 0xEF, 0xDC, 0x1F, 0x6E, 0x0F, 0xEB, 0x87,
    0x7B, 0x89, 0xA4, 0x64, 0x3E, 0x6D, 0x24, 0xA2, 0xC3, 0xC4, 0xE9, 0x01, 0x79, 0x41, 0x61, 0x55,
    0xAE, 0xF3, 0xC8, 0x87, 0xEE, 0x53, 0xEE, 0x36, 0x9F, 0xD3, 0x23, 0xE2, 0xF8, 0xE5, 0x6D, 0x7F,
    0xF4, 0xB3, 0x89, 0x3E, 0x12, 0xCA, 0x22, 0x5E, 0xC8, 0x82, 0xFF, 0x93, 0xB7, 0x91, 0xC8, 0x7A,
    0x4E, 0xC1, 0x8B, 0x44, 0xAA, 0x39, 0x6D, 0x1D, 0x79, 0x01, 0x76, 0x84, 0x30, 0x4E, 0xFF, 0x01,
    0xDD, 0x5C, 0xBD, 0x92, 0xE4, 0xC6, 0x91, 0x2E, 0xA0, 0xC5, 0x41, 0x04, 0xDB, 0x00, 0x0D, 0xEA,
    0x8C, 0x5D, 0x45, 0xE0, 0xCC, 0x8B, 0xBD, 0x08, 0xE2, 0x0D, 0x08, 0xAC, 0x64, 0xC8, 0x24, 0x0D,
    0xCA, 0x3F, 0x7B, 0xCF, 0xD8, 0x17, 0xB8, 0x20, 0x40, 0x9D, 0x71, 0x06, 0x9D, 0x79, 0x03, 0xAD,
    0xB1, 0x06, 0x39, 0x34, 0xF6, 0x8C, 0x33, 0x68, 0x5C, 0x10, 0x4D, 0xD2, 0x90, 0x21, 0x83, 0x38,
    0xD1, 0x90, 0xC9, 0x96, 0x38, 0x17, 0x3C, 0x91, 0x06, 0x41, 0x12, 0x11, 0x0B, 0x2E, 0x01, 0xD4,
    0xE5, 0xF7, 0x65, 0xE1, 0xA7, 0x67, 0xD0, 0xF3, 0xB7, 0xBB, 0xA3, 0x1D, 0x75, 0x0C, 0xAA, 0x7A,
    0x1A, 0x40, 0x55, 0x56, 0x66, 0x56, 0x56, 0x66, 0x56, 0x66, 0x19, 0x63, 0xAD, 0x35, 0xF2, 0x59,
    0xAC, 0x16, 0x3F, 0x6B, 0xBB, 0x45, 0x15, 0xDA, 0x0A, 0x55, 0x64, 0x6B, 0x54, 0x89, 0x6D, 0xB5,
    0xEA, 0x50, 0x15, 0xB6, 0x9F, 0x5A, 0xF1, 0xEC, 0x37, 0x36, 0x35, 0x66, 0x65, 0xFF, 0x64, 0x37,
    0xA8, 0x3E, 0x45, 0xB5, 0xB6, 0xBF, 0x45, 0x33, 0xA1, 0xBD, 0x8B, 0x66, 0x22, 0x6B, 0xD0, 0x4C,
    0xDC, 0x9B, 0xA2, 0x91, 0x46, 0x5A, 0xFC, 0x99, 0x4C, 0x2A, 0x69, 0xC6, 0xF6, 0x47, 0x85, 0x65,
    0x5B, 0xD6, 0xA6, 0x3E, 0xAB, 0x7C, 0xC5, 0x6A, 0x13, 0xB0, 0x2A, 0x43, 0x9B, 0x1B, 0xDF, 0x56,
    0xA1, 0xF4, 0xE2, 0xD9, 0x2A, 0x46, 0x9F, 0xB6, 0x49, 0x50, 0x15, 0x6D, 0x06, 0x78, 0xA4, 0x20,
    0x28, 0x27, 0x8A, 0xD9, 0xE7, 0x37, 0x02, 0x60, 0x2C, 0x40, 0x7B, 0x43, 0xB3, 0x55, 0x24, 0x45,
    0x1D, 0xF5, 0x77, 0x65, 0x5C, 0x1F, 0x02, 0x14, 0x82, 0x65, 0xFE, 0xA1, 0x68, 0xCD, 0x7D, 0x6B,
    0x5B, 0x3C, 0xD2, 0xC6, 0xF6, 0x7F, 0xB3, 0x36, 0x6B, 0xE4, 0x86, 0x8C, 0x21, 0x6B, 0x6D, 0x63,
    0x6C, 0x6B, 0xED, 0x23, 0xDB, 0x16, 0x72, 0xB7, 0x4B, 0x50, 0x84, 0xD6, 0xDE, 0xEF, 0xBD, 0xE2,
    0x38, 0xEA, 0x8D, 0xFF, 0xD0, 0xDC, 0x93, 0x56, 0x56, 0xAD, 0x41, 0xD7, 0xBE, 0xF5, 0x1D, 0xA2,
    0x1D, 0xDE, 0x88, 0xC5, 0x03, 0x20, 0x6A, 0xCF, 0x27, 0xB4, 0xA5, 0xE2, 0x9B, 0xD8, 0x8F, 0x15,
    0xFB, 0xEE, 0xBD, 0x42, 0x5B, 0xD1, 0xC6, 0x64, 0x0C, 0x3D, 0x7B, 0xF8, 0x02, 0x3D, 0xAC, 0xEC,
    0x1F, 0xD0, 0x68, 0x60, 0xFF, 0x03, 0x68, 0x0F, 0xED, 0xAF, 0xB4, 0xF2, 0xD1, 0x4C, 0xDC, 0x7B,
    0x68, 0x26, 0xE9, 0x88, 0x7D, 0x19, 0x24, 0xB0, 0x2F, 0xC3, 0xC0, 0x70, 0x81, 0xF6, 0xCE, 0x28,
    0xBE, 0x8D, 0xE2, 0xDB, 0x28, 0xBE, 0xF3, 0xB5, 0x62, 0x1F, 0xF8, 0x5E, 0xD9, 0x52, 0x68, 0x27,
    0x55, 0x05, 0x7C, 0x4B, 0x6B, 0x49, 0x47, 0xEC, 0x17, 0x00, 0xC4, 0xB6, 0xDE, 0xFB, 0xE6, 0x4E,
    0xEE, 0x59, 0x93, 0x6D, 0x8C, 0x7D, 0x47, 0xA8, 0x94, 0x01, 0xED, 0x11, 0xA0, 0xF4, 0xED, 0xE1,
    0xE9, 0x21, 0x9E, 0xA6, 0x42, 0xF8, 0x4C, 0xA9, 0x10, 0xF6, 0x40, 0x44, 0xA5, 0x4C, 0x5C, 0x2B,
    0x52, 0x1B, 0x45, 0xEA, 0x9C, 0x7B, 0x33, 0x65, 0x8E, 0xE2, 0x27, 0xA5, 0xD0, 0x97, 0x02, 0xB8,
    0x80, 0xF4, 0xB9, 0x72, 0xEF, 0x27, 0x20, 0xC3, 0xCA, 0xE6, 0xC0, 0xDF, 0xDA, 0xA6, 0x68, 0x2D,
    0x94, 0x01, 0x4A, 0x6B, 0x42, 0x63, 0x00, 0x17, 0xB7, 0xF8, 0x13, 0xD6, 0x3D, 0x2A, 0x7A, 0xB6,
    0x65, 0x47, 0xEE, 0xF5, 0x14, 0x7F, 0x8A, 0xD4, 0xCD, 0x4A, 0x1A, 0xF4, 0x6D, 0x19, 0xA0, 0x5D,
    0x8C, 0x54, 0x7A, 0xB1, 0x35, 0x90, 0x2A, 0x64, 0x20, 0x13, 0x67, 0x2D, 0x99, 0x98, 0x28, 0x35,
    0xEC, 0x02, 0x70, 0x90, 0x43, 0x56, 0x43, 0xD5, 0xEB, 0x8F, 0xAC, 0x4C, 0xDC, 0x3D, 0x2B, 0x1C,
    0x7A, 0x27, 0x70, 0xF8, 0x48, 0x70, 0xD8, 0x47, 0x9D, 0x57, 0x6C, 0x23, 0x12, 0x78, 0x0B, 0x0A,
    0x0E, 0x70, 0x10, 0x0A, 0x85, 0x01, 0x10, 0x18, 0x4F, 0x99, 0x38, 0xAC, 0x14, 0x28, 0xC2, 0x6D,
    0x0A, 0x07, 0x3E, 0x99, 0x38, 0xD0, 0xD9, 0x77, 0xF0, 0x70, 0x2F, 0xB7, 0x9B, 0x7F, 0x25, 0x83,
    0x04, 0xCA, 0xCB, 0xA0, 0xE2, 0x96, 0x43, 0x12, 0x7A, 0xAD, 0x00, 0x59, 0x2F, 0x58, 0xDF, 0x0A,
    0x76, 0x65, 0xAC, 0xB9, 0x09, 0x8F, 0x29, 0x29, 0x3C, 0xA3, 0xC3, 0x33, 0xE4, 0x63, 0x80, 0xA9,
    0x5D, 0x2B, 0xC5, 0xF7, 0x54, 0xF5, 0xFC, 0x05, 0xF7, 0xBA, 0x6B, 0x2C, 0x96, 0xC1, 0xAD, 0x8F,
    0x5D, 0x47, 0xA9, 0x80, 0xF2, 0x81, 0xC3, 0x2B, 0xB8, 0x25, 0x23, 0x48, 0xC2, 0x02, 0x8A, 0xFB,
    0xFB, 0x8E, 0x9F, 0xD1, 0xCE, 0x0A, 0x48, 0x58, 0xA3, 0x00, 0x23, 0x98, 0x0C, 0x13, 0x16, 0xD4,
    0x3D, 0xC5, 0xEE, 0x9C, 0xC7, 0x0D, 0x9B, 0x4C, 0x31, 0xA9, 0x4A, 0x08, 0x1D, 0x99, 0x49, 0xEF,
    0x14, 0xB5, 0x88, 0xAC, 0xD7, 0x52, 0x42, 0x45, 0x08, 0x09, 0xED, 0xAC, 0xA8, 0x29, 0xDC, 0x14,
    0xD4, 0xD7, 0xD3, 0x58, 0x24, 0x6C, 0x0D, 0x32, 0x57, 0x98, 0xA8, 0x1B, 0x15, 0xBF, 0x2A, 0xA6,
    0x95, 0x16, 0x61, 0x33, 0x0C, 0x0B, 0xAC, 0x28, 0xA0, 0xAC, 0xFA, 0x0C, 0x62, 0xB7, 0x09, 0xA5,
    0x8D, 0x5B, 0x87, 0xFE, 0xFB, 0x8B, 0x24, 0xE0, 0x98, 0x04, 0xAE, 0x4E, 0x47, 0xBB, 0xE1, 0xD0,
    0xAB, 0x80, 0x8C, 0x01, 0xA4, 0x14, 0x1D, 0x30, 0x14, 0x97, 0x68, 0xF7, 0x67, 0x0E, 0x77, 0x8A,
    0x48, 0xC5, 0xAA, 0xA2, 0x78, 0xA1, 0xAC, 0xA7, 0x27, 0xF5, 0x2D, 0x6D, 0x01, 0xAD, 0x45, 0x25,
    0x5B, 0xEE, 0xB5, 0x17, 0xCE, 0x94, 0x4A, 0x7B, 0x77, 0x90, 0x38, 0x4C, 0xBF, 0x4D, 0x09, 0xC7,
    0x85, 0xA4, 0x72, 0xAB, 0x8F, 0x2C, 0x2C, 0xE9, 0xCA, 0x9A, 0xA2, 0xDC, 0x23, 0x57, 0x66, 0x88,
    0xDE, 0x52, 0xBA, 0x03, 0xD1, 0xCD, 0x25, 0x10, 0x9D, 0x08, 0xA2, 0xBF, 0xB6, 0xCD, 0x49, 0x44,
    0xBF, 0x4C, 0x44, 0xFB, 0xCA, 0x41, 0xEB, 0xDE, 0x09, 0xEB, 0x79, 0xE5, 0x7E, 0x74, 0x8F, 0x9C,
    0xF5, 0xB9, 0x6D, 0x1F, 0x28, 0xD7, 0x63, 0x5E, 0xCD, 0xB8, 0xBE, 0x55, 0xAE, 0xB7, 0x03, 0x33,
    0x46, 0x42, 0xC4, 0xF5, 0x73, 0xE4, 0xFA, 0x9A, 0x1D, 0xC9, 0xDC, 0x22, 0xD7, 0xDB, 0x91, 0xEB,
    0x13, 0xD2, 0x63, 0x00, 0x50, 0x68, 0x01, 0x70, 0x1D, 0x31, 0xC0, 0x56, 0x2A, 0x23, 0x37, 0xEE,
    0x5F, 0xF3, 0x91, 0xD9, 0x27, 0xE4, 0x7F, 0x64, 0x93, 0xF9, 0x48, 0x0C, 0x59, 0xAF, 0x73, 0xAE,
    0xD6, 0xD1, 0x85, 0x88, 0x21, 0xF3, 0x7E, 0x22, 0x46, 0x0D, 0x62, 0x94, 0x42, 0x0C, 0x81, 0xE9,
    0xC0, 0x1E, 0x0F, 0x1C, 0xAD, 0xDC, 0x1D, 0x90, 0xD3, 0x95, 0xEB, 0xDD, 0x0C, 0xD0, 0xD9, 0xE0,
    0xED, 0x59, 0x6A, 0x5F, 0x5C, 0xAE, 0x97, 0x41, 0xDD, 0x39, 0xF4, 0x75, 0x21, 0xFD, 0xAA, 0xC7,
    0xAA, 0xD5, 0x80, 0x14, 0x14, 0x2F, 0x18, 0xCC, 0xAB, 0xD7, 0xCE, 0xF5, 0x76, 0x13, 0x43, 0x5F,
    0xAB, 0x30, 0xE7, 0x42, 0xB2, 0x84, 0xEF, 0x14, 0x40, 0xD5, 0x0D, 0xF3, 0x25, 0x04, 0x4B, 0x1B,
    0x0F, 0x75, 0x45, 0x2C, 0x8D, 0xB2, 0x95, 0xAE, 0x8E, 0xF6, 0x89, 0x70, 0x5A, 0x29, 0x00, 0x44,
    0xB6, 0x92, 0xD2, 0xB3, 0x0D, 0x80, 0x29, 0x5A, 0x55, 0x51, 0x50, 0xC6, 0xBD, 0x2A, 0x8B, 0xBA,
    0xE8, 0x2E, 0x97, 0x7A, 0x57, 0x9F, 0xD4, 0xB7, 0xD8, 0x82, 0xB6, 0x76, 0x5B, 0x5A, 0xD6, 0x5E,
    0xB4, 0xC7, 0xB1, 0x77, 0x42, 0x72, 0x6C, 0x74, 0x4D, 0xDD, 0x50, 0x88, 0xDB, 0x4F, 0x3A, 0x56,
    0x9F, 0xBA, 0xAA, 0x9D, 0x57, 0xBF, 0xAF, 0x8D, 0xF7, 0x96, 0xA8, 0x56, 0xA0, 0xD2, 0xAF, 0xEC,
    0x1F, 0xB6, 0x82, 0x98, 0x2F, 0x05, 0x33, 0x02, 0xC2, 0x4F, 0x52, 0xC5, 0x5C, 0xDF, 0x85, 0x4B,
    0x0F, 0x33, 0xA9, 0x04, 0xD7, 0x21, 0xB0, 0xD6, 0x18, 0x2C, 0xF5, 0x82, 0x5B, 0x4C, 0x10, 0x01,
    0x66, 0x5E, 0xB9, 0x1F, 0x1B, 0x56, 0x82, 0xF9, 0x35, 0x5F, 0x97, 0x86, 0x50, 0x3D, 0xB1, 0xDA,
    0x34, 0xAA, 0x40, 0xA1, 0x15, 0x9A, 0xFE, 0x05, 0x4B, 0xE9, 0x6D, 0xD1, 0xE0, 0xB6, 0x9C, 0x96,
    0xC7, 0x66, 0x5C, 0x27, 0xB5, 0xEE, 0x5C, 0x0D, 0xC6, 0x4F, 0xFA, 0x0F, 0x78, 0x23, 0x69, 0x55,
    0xF1, 0x91, 0xDA, 0xE3, 0x74, 0x56, 0x35, 0x9B, 0x35, 0xB8, 0x11, 0x35, 0x74, 0x71, 0x4B, 0x49,
    0x73, 0x6E, 0xCD, 0xE7, 0x87, 0x3A, 0xB2, 0xBB, 0xED, 0x0C, 0xED, 0xBA, 0x7E, 0xB4, 0xDF, 0x01,
    0x8E, 0x01, 0xAE, 0x19, 0x9C, 0x0E, 0x6E, 0x25, 0x82, 0x0A, 0x91, 0x79, 0xA9, 0xF2, 0x67, 0x5E,
    0xCE, 0xEE, 0x82, 0x16, 0x1B, 0x92, 0x42, 0xB4, 0x2A, 0xFB, 0x03, 0x74, 0x53, 0x60, 0x4B, 0xE9,
    0x20, 0x64, 0x28, 0xEC, 0x06, 0xA2, 0xC5, 0x6E, 0x84, 0x08, 0x82, 0x5A, 0x01, 0x45, 0x48, 0xA1,
    0xB8, 0x77, 0x25, 0x09, 0x60, 0x49, 0x22, 0x41, 0x7F, 0x88, 0xB7, 0x80, 0x7D, 0x45, 0x7E, 0x38,
    0x58, 0x1B, 0x3F, 0xD9, 0xD2, 0x03, 0xA5, 0x4B, 0x41, 0xBC, 0xAF, 0x4C, 0x33, 0x9A, 0x39, 0xF3,
    0x72, 0x89, 0xE7, 0x65, 0xC0, 0x7B, 0xCB, 0xEA, 0x4C, 0xC1, 0x01, 0xA5, 0x67, 0x7F, 0x79, 0xF6,
    0xBB, 0xD5, 0xF9, 0xBD, 0x03, 0xEB, 0x1B, 0xB3, 0x50, 0xEE, 0x7C, 0x7E, 0x9E, 0x52, 0x6B, 0xEE,
    0x69, 0x6D, 0xC8, 0xD0, 0x21, 0xA4, 0x6A, 0x48, 0x27, 0x0B, 0xC4, 0x0A, 0xA3, 0x43, 0x4F, 0x15,
    0x85, 0x38, 0xC1, 0x52, 0x95, 0x53, 0xED, 0xDD, 0xEC, 0x94, 0x73, 0xC1, 0xD7, 0xA9, 0x09, 0x93,
    0x46, 0xA9, 0xA0, 0xFA, 0x09, 0xD1, 0x8E, 0xD6, 0x3C, 0x65, 0x83, 0x8C, 0x92, 0x84, 0x92, 0x5C,
    0x0C, 0x88, 0x5B, 0xB9, 0x51, 0x0B, 0x42, 0x4D, 0x08, 0xA7, 0x9D, 0xAB, 0xC6, 0xBE, 0x68, 0x45,
    0x3C, 0x35, 0xB6, 0xDB, 0x33, 0xCA, 0xA7, 0xC6, 0xF6, 0x39, 0x23, 0xF2, 0x96, 0x47, 0xA4, 0xD2,
    0x5C, 0x9E, 0xE9, 0xB5, 0x83, 0x92, 0x26, 0x59, 0x43, 0xA9, 0xD0, 0x09, 0x26, 0x81, 0xFF, 0x0C,
    0x93, 0x2C, 0x2D, 0x94, 0x93, 0x89, 0xF3, 0x9D, 0x72, 0xB6, 0x08, 0x39, 0x2A, 0x58, 0x59, 0x6C,
    0xE5, 0xDD, 0x27, 0xAE, 0x9D, 0x86, 0x34, 0xDD, 0xC5, 0xBF, 0xAE, 0xED, 0x6E, 0x35, 0x9F, 0xCF,
    0x49, 0xFD, 0x65, 0x71, 0x81, 0x7F, 0x6A, 0xFC, 0x57, 0x67, 0x94, 0x4F, 0xCF, 0xED, 0x6E, 0x55,
    0x2A, 0xB6, 0x27, 0xDF, 0xD3, 0x5F, 0xE2, 0x7C, 0x19, 0xFF, 0x4B, 0xFC, 0xDF, 0x4C, 0xFC, 0x7F,
    0x7F, 0x87, 0xFF, 0x37, 0x17, 0xE4, 0xFF, 0x30, 0x27, 0xFF, 0xB7, 0xE4, 0xFF, 0x96, 0xFC, 0x4F,
    0x6D, 0x56, 0x57, 0xD2, 0xE3, 0x2B, 0x63, 0xF2, 0xE9, 0x25, 0xC6, 0x85, 0x30, 0xC9, 0xB5, 0x47,
    0x34, 0x2C, 0x2A, 0x55, 0x9D, 0x2A, 0xBC, 0x2D, 0xF5, 0xD7, 0x49, 0x2B, 0x3A, 0x5B, 0x6E, 0xC0,
    0x7B, 0x20, 0x0B, 0x86, 0x4F, 0xBC, 0x99, 0x45, 0xB9, 0xA1, 0x18, 0x6B, 0x27, 0x03, 0x06, 0x5A,
    0x69, 0xE9, 0x38, 0x7F, 0x07, 0x6F, 0xB1, 0x03, 0x4A, 0x95, 0xB1, 0x92, 0xBC, 0x3A, 0x19, 0xCB,
    0xAB, 0xC1, 0xB3, 0x45, 0xCD, 0xA4, 0xE7, 0x4D, 0x90, 0xDC, 0xFE, 0x11, 0x6F, 0xC5, 0x5C, 0x87,
    0xD4, 0x2B, 0xE0, 0xAB, 0xF0, 0x7B, 0xDB, 0xDC, 0x44, 0xD9, 0x72, 0x28, 0x08, 0xC8, 0x31, 0xF8,
    0xEC, 0xB1, 0x1D, 0x09, 0xB2, 0x72, 0x6F, 0x93, 0xB7, 0x7F, 0xFE, 0xC2, 0xC8, 0x16, 0xF3, 0xA6,
    0xAE, 0xF5, 0x6A, 0x1E, 0x45, 0x0A, 0x5E, 0xC6, 0xD6, 0x7C, 0xFB, 0xBB, 0x96, 0x96, 0x13, 0x89,
    0x77, 0xEB, 0xA1, 0xB9, 0x97, 0xEE, 0xB7, 0x99, 0x8E, 0x9D, 0xCD, 0xE4, 0x34, 0x8A, 0x5A, 0xF1,
    0xD4, 0x61, 0x1C, 0x1F, 0x38, 0x9B, 0x29, 0xFE, 0x91, 0xED, 0x07, 0xA9, 0x63, 0xA2, 0xBD, 0x36,
    0x93, 0x30, 0x51, 0xB5, 0x5C, 0xD5, 0xE6, 0xD6, 0x91, 0xAD, 0x54, 0x69, 0xAE, 0xF0, 0x3A, 0xDC,
    0x5D, 0x3D, 0x40, 0xAD, 0xE0, 0x84, 0x08, 0xE0, 0x69, 0x81, 0xCD, 0x54, 0xA9, 0xCD, 0x54, 0xA9,
    0xB7, 0x47, 0xF5, 0x78, 0xD1, 0x87, 0xA1, 0xC8, 0x47, 0x15, 0x35, 0x79, 0x78, 0x46, 0xA2, 0x74,
    0x94, 0x39, 0x2B, 0x72, 0x6C, 0x48, 0xFC, 0x67, 0xDF, 0x41, 0x9D, 0x91, 0x89, 0x50, 0xED, 0x0E,
    0xF2, 0xA5, 0x37, 0xD5, 0xCF, 0xE7, 0x53, 0xC3, 0xF9, 0x9C, 0x3A, 0xC9, 0x4F, 0x93, 0x86, 0x93,
    0xAB, 0x86, 0x13, 0x9E, 0xA9, 0xE1, 0x04, 0xD4, 0x70, 0xE4, 0x6E, 0xD1, 0xA9, 0x86, 0x93, 0x66,
    0x43, 0x0B, 0xA1, 0xF3, 0x48, 0xD9, 0xAF, 0xA8, 0xDF, 0xFF, 0x5A, 0xCA, 0x83, 0x87, 0xF4, 0x4C,
    0x19, 0x2D, 0xA1, 0x90, 0xFE, 0x42, 0xDE, 0xCA, 0x0F, 0xF0, 0x16, 0xE7, 0x6F, 0x4F, 0x3E, 0x69,
    0x07, 0xD1, 0x1C, 0xAB, 0x49, 0x78, 0xEF, 0x50, 0x2D, 0x2C, 0xFC, 0xB3, 0xEE, 0x56, 0xEA, 0x24,
    0x1A, 0xBC, 0xC2, 0xB5, 0xD2, 0x2B, 0x3D, 0xDF, 0x0C, 0xBE, 0x81, 0x24, 0xFD, 0x0D, 0x89, 0x24,
    0xF2, 0x4C, 0x68, 0x5A, 0x6C, 0x0A, 0x55, 0xA3, 0xF2, 0x81, 0xB0, 0x9E, 0x2E, 0x2F, 0x37, 0x96,
    0xA4, 0xC6, 0x7B, 0x46, 0x0E, 0x8E, 0x9B, 0x38, 0x59, 0xE3, 0xCB, 0xA9, 0x0C, 0x37, 0x8C, 0xB2,
    0x37, 0x93, 0x26, 0xEE, 0xE3, 0x29, 0xF2, 0x63, 0x05, 0x23, 0x52, 0x5F, 0xB9, 0xF3, 0x2F, 0xEB,
    0xF2, 0xEF, 0x14, 0x14, 0x4F, 0x01, 0x56, 0x9D, 0x65, 0x5C, 0x05, 0x0F, 0x74, 0xD1, 0xE2, 0x0C,
    0x25, 0x1A, 0x06, 0x65, 0x61, 0x52, 0x1C, 0xDC, 0x1B, 0x09, 0x71, 0xF5, 0xB3, 0x17, 0x8B, 0xCA,
    0xFF, 0x74, 0x71, 0x2A, 0xAF, 0xCB, 0x71, 0x17, 0xC1, 0xA7, 0x44, 0x5A, 0xF7, 0x34, 0xF5, 0xAA,
    0x44, 0x9E, 0xBC, 0x97, 0x2E, 0xFA, 0xE2, 0xA9, 0x8D, 0xB6, 0x57, 0x2C, 0xE9, 0x5D, 0xD9, 0x5B,
    0x3E, 0x4D, 0xCB, 0x2C, 0x4D, 0xB0, 0x9D, 0x34, 0x43, 0x0E, 0x34, 0xE8, 0xE1, 0x87, 0x8A, 0x9B,
    0x48, 0x78, 0xE1, 0xCE, 0xE1, 0xC1, 0xB2, 0x53, 0x3B, 0x69, 0x2F, 0x52, 0x7A, 0x6F, 0xA1, 0x8C,
    0x45, 0x17, 0xC2, 0x40, 0x6A, 0xCE, 0x8A, 0xD6, 0xB9, 0x2B, 0x12, 0x5B, 0x16, 0xBD, 0x7A, 0x67,
    0x30, 0x17, 0x22, 0x6A, 0xFE, 0x22, 0x08, 0x93, 0xF6, 0x29, 0x4B, 0xF5, 0x73, 0x54, 0xBB, 0x95,
    0x3D, 0xE3, 0xB3, 0xF8, 0x82, 0xEE, 0xD5, 0x9D, 0x53, 0x2D, 0xBE, 0x77, 0xB5, 0x6A, 0x2E, 0x10,
    0x17, 0x9C, 0x34, 0xBB, 0x3A, 0x2C, 0x57, 0xC8, 0x0A, 0x1B, 0x63, 0xF6, 0x07, 0x88, 0x9B, 0xC9,
    0x0B, 0xB8, 0x35, 0xB6, 0xC7, 0xDE, 0x9C, 0x6D, 0xB1, 0x27, 0x29, 0x28, 0xD7, 0x96, 0x9F, 0xC5,
    0x9F, 0x2C, 0x4B, 0xFF, 0x15, 0xDA, 0xDF, 0x0A, 0x39, 0x6D, 0x9B, 0x7C, 0x22, 0xA2, 0x27, 0xDD,
    0x95, 0xD8, 0x09, 0x7E, 0x9F, 0x5D, 0x77, 0x8A, 0xFE, 0x3D, 0x75, 0x65, 0x5D, 0xFD, 0x42, 0x1B,
    0x27, 0xDB, 0xF5, 0xFB, 0xBB, 0x70, 0xA3, 0xE2, 0x7B, 0x9D, 0xDC, 0x2D, 0xF2, 0xDD, 0x4D, 0x75,
    0xBB, 0x73, 0x1D, 0x3C, 0xB2, 0xBA, 0xBA, 0x5E, 0xE1, 0x4A, 0x28, 0x7F, 0xA6, 0xEB, 0x84, 0xF9,
    0x52, 0xCD, 0xAF, 0x23, 0xFB, 0xE4, 0x81, 0x19, 0x2C, 0xEB, 0x2B, 0x5E, 0x68, 0xE3, 0x64, 0xBB,
    0x73, 0x36, 0x1D, 0x3B, 0x2F, 0x84, 0xF4, 0xC3, 0xDF, 0xBD, 0xCB, 0x50, 0xF0, 0x9E, 0x79, 0xF9,
    0xB0, 0xC8, 0xE3, 0x2A, 0x2B, 0xB3, 0x32, 0xE6, 0xB6, 0x41, 0x3F, 0x2C, 0xBE, 0xD7, 0x3F, 0x32,
    0x13, 0x6F, 0x8B, 0x34, 0xD9, 0x24, 0x65, 0x01, 0x49, 0x2D, 0xD4, 0xEA, 0x4E, 0xC1, 0x12, 0x0B,
    0xEB, 0xCF, 0xAF, 0x5B, 0xC5, 0xD5, 0x39, 0xE9, 0xBA, 0xC6, 0x05, 0x05, 0x35, 0xE8, 0xD4, 0x90,
    0x0F, 0xE9, 0x92, 0x68, 0x75, 0x75, 0xCF, 0x52, 0xCF, 0x96, 0x2B, 0xCC, 0x77, 0xFC, 0x61, 0x07,
    0x37, 0x4B, 0x4F, 0x19, 0xC5, 0xD5, 0xF8, 0x77, 0x74, 0x19, 0xC2, 0x1E, 0xD8, 0x3C, 0x12, 0xE9,
    0x0A, 0x01, 0x5B, 0x45, 0x32, 0x53, 0xB1, 0xFE, 0xE7, 0x8A, 0xCE, 0x01, 0x5C, 0x7C, 0x3F, 0xA1,
    0x61, 0x5D, 0x17, 0x4A, 0xAE, 0xCC, 0xAF, 0xBA, 0xFC, 0x3A, 0x57, 0xF9, 0x19, 0xDF, 0x08, 0xB8,
    0xCE, 0x5B, 0x95, 0x90, 0x7F, 0x9B, 0x6F, 0xFF, 0x38, 0x7C, 0x0B, 0x6A, 0xBA, 0xF1, 0x19, 0x04,
    0x80, 0x68, 0x1C, 0x7E, 0xEB, 0xB1, 0x83, 0x01, 0x48, 0x13, 0xFB, 0x8D, 0x6E, 0x97, 0x30, 0xA4,
    0xA0, 0x32, 0x6E, 0x5F, 0x4C, 0x05, 0x78, 0x35, 0x06, 0xD6, 0x54, 0x6E, 0xEB, 0x39, 0x4B, 0x83,
    0x5A, 0xB8, 0x25, 0xEA, 0x18, 0x1D, 0x32, 0x15, 0xFC, 0x8D, 0x77, 0x97, 0xFD, 0x2B, 0x15, 0x96,
    0xDC, 0x9D, 0xE2, 0x08, 0x85, 0x79, 0x36, 0x85, 0xCE, 0xAB, 0x3B, 0xBA, 0x99, 0xC9, 0x02, 0x3B,
    0x58, 0xDC, 0x94, 0xE8, 0xD3, 0x99, 0x4F, 0xA2, 0x73, 0xF6, 0x8D, 0xF3, 0x49, 0x70, 0x2F, 0xDD,
    0xFE, 0xAE, 0xA1, 0x3A, 0x49, 0xF5, 0x52, 0x14, 0xA6, 0xA3, 0x74, 0x7F, 0xB0, 0xCE, 0xDF, 0xA0,
    0xFA, 0x4F, 0x56, 0x71, 0xA5, 0x34, 0x6C, 0x48, 0x40, 0xA5, 0x9E, 0x51, 0xD2, 0x99, 0x68, 0xDA,
    0xBE, 0x2D, 0x89, 0xEB, 0x5E, 0xF5, 0x7F, 0x4A, 0x2F, 0xE8, 0x53, 0x31, 0x17, 0x6E, 0x68, 0x91,
    0x9B, 0xB0, 0x4D, 0xEA, 0xAC, 0x5A, 0x77, 0x8B, 0x1A, 0xD4, 0x33, 0xBC, 0x8E, 0xC8, 0x53, 0xB8,
    0x64, 0xCD, 0xA7, 0x1A, 0x60, 0x74, 0x5B, 0x0C, 0x1B, 0x76, 0x62, 0x10, 0x48, 0x99, 0xD0, 0xB1,
    0x56, 0x58, 0xAC, 0xE5, 0x78, 0xB2, 0x5A, 0x73, 0x96, 0x45, 0xDC, 0x40, 0xCB, 0x30, 0xD8, 0xEF,
    0xA8, 0x71, 0x3C, 0x76, 0x8E, 0xE2, 0xCD, 0xAC, 0xDC, 0xB2, 0xAC, 0x27, 0xAD, 0x84, 0xC1, 0x64,
    0x7D, 0x02, 0xE5, 0xA3, 0x45, 0x4C, 0x15, 0x78, 0xB8, 0x1A, 0x5B, 0x46, 0xF7, 0xEC, 0x31, 0xE5,
    0x46, 0xE4, 0x86, 0xDC, 0x0C, 0x0B, 0xC6, 0xD7, 0xED, 0x48, 0x7B, 0x02, 0x1F, 0xF7, 0xCD, 0xE4,
    0x30, 0xD4, 0x45, 0x20, 0xA9, 0xA6, 0x92, 0x58, 0x56, 0x1E, 0x5A, 0x35, 0xE6, 0x52, 0xAE, 0x57,
    0x19, 0x6F, 0x4F, 0xA8, 0x1A, 0x42, 0xB8, 0xE5, 0x78, 0x73, 0x8C, 0xB7, 0xE7, 0x78, 0x1B, 0x8E,
    0x57, 0x47, 0x97, 0xCF, 0xCA, 0x72, 0xE6, 0x30, 0x67, 0x18, 0x17, 0x95, 0x2D, 0xD1, 0x39, 0x52,
    0x06, 0x19, 0x6D, 0x66, 0xE3, 0x6D, 0xD8, 0x4B, 0xA7, 0xE3, 0xDD, 0x1D, 0x96, 0x1A, 0xFB, 0xCA,
    0x5C, 0xCE, 0xD5, 0xAF, 0x63, 0x74, 0x5B, 0x00, 0xE9, 0x60, 0x34, 0x99, 0x68, 0xEB, 0xA0, 0xED,
    0xD8, 0x66, 0x4D, 0xEA, 0x94, 0x84, 0x16, 0x3D, 0x82, 0xF9, 0x2E, 0x01, 0xAD, 0x3D, 0x07, 0x5A,
    0x3B, 0x42, 0xFB, 0x12, 0xB1, 0x9C, 0x3B, 0x90, 0x56, 0x1A, 0x0A, 0x32, 0x84, 0x1B, 0xDD, 0xCA,
    0x97, 0x6D, 0x99, 0xEB, 0x29, 0x06, 0x2B, 0xE7, 0x64, 0x81, 0x0D, 0xFA, 0x0C, 0x11, 0x5C, 0x82,
    0xBF, 0xB0, 0x07, 0xA4, 0x77, 0xF2, 0x1D, 0xF8, 0xAE, 0xFE, 0x27, 0x68, 0xEF, 0x1F, 0x14, 0x98,
    0x0C, 0x62, 0x4A, 0xCB, 0xAA, 0x5A, 0xBD, 0x00, 0xA3, 0x9D, 0x3E, 0xF4, 0x0B, 0x45, 0x76, 0xE4,
    0x25, 0x32, 0x11, 0x8A, 0x00, 0x8C, 0xA4, 0x3B, 0xC0, 0x87, 0x43, 0xDC, 0xE7, 0x15, 0xFF, 0x60,
    0x97, 0xBD, 0x27, 0xBA, 0x56, 0x64, 0xDB, 0xB5, 0xD8, 0x10, 0x85, 0xEB, 0xDF, 0xFB, 0x10, 0x6C,
    0x81, 0x6E, 0xC1, 0x4C, 0x62, 0x4E, 0xA7, 0x30, 0xD9, 0x30, 0x9B, 0xCC, 0xEB, 0x64, 0x5B, 0xCC,
    0x73, 0x4E, 0x76, 0x48, 0x17, 0x8F, 0x05, 0x39, 0x19, 0xC2, 0x60, 0xD5, 0x3C, 0x47, 0xFC, 0xD8,
    0xEA, 0x35, 0x98, 0x42, 0xD2, 0x35, 0xBA, 0x47, 0xC7, 0x72, 0x7D, 0x27, 0x7D, 0x7F, 0x27, 0x5D,
    0x7F, 0x5F, 0x5F, 0x5E, 0x87, 0x81, 0x8C, 0xEB, 0x1F, 0x40, 0xC9, 0xA6, 0x0F, 0x1D, 0x11, 0xA2,
    0x07, 0x83, 0x79, 0x76, 0xB1, 0xE2, 0x23, 0xB5, 0xEA, 0x30, 0x83, 0xB7, 0x98, 0x7E, 0x95, 0x2B,
    0xF8, 0xAF, 0xBA, 0x2D, 0x3E, 0xBA, 0xD2, 0x48, 0x2F, 0x0A, 0x81, 0xDF, 0x70, 0xDA, 0x1B, 0x3A,
    0x84, 0xA0, 0x2B, 0x6C, 0x5C, 0xC1, 0x7F, 0x79, 0xC3, 0xDF, 0x43, 0x13, 0x86, 0xB1, 0x20, 0xB0,
    0xA4, 0x80, 0xB0, 0xC9, 0x50, 0x20, 0xF8, 0x45, 0x50, 0xD0, 0x2C, 0x44, 0x13, 0x9C, 0x2C, 0x3D,
    0x96, 0xAF, 0xA1, 0xFC, 0x98, 0x5B, 0x43, 0x5F, 0xB0, 0xB4, 0x5A, 0xB2, 0x05, 0x15, 0x33, 0xDD,
    0x18, 0x82, 0x5B, 0x28, 0x17, 0x9F, 0x2A, 0xBF, 0x5C, 0x68, 0x7F, 0xB4, 0xBD, 0x17, 0xCA, 0xB3,
    0x8D, 0xB9, 0x20, 0x0F, 0x6D, 0x26, 0x97, 0x1D, 0x2E, 0xF9, 0xAD, 0x96, 0xBE, 0x73, 0xA3, 0xDA,
    0x96, 0x5E, 0xDF, 0xCA, 0xF5, 0xC6, 0xF8, 0x0E, 0x37, 0xD5, 0xD3, 0x50, 0xC3, 0xAB, 0x10, 0x2B,
    0x9D, 0x9B, 0xFB, 0x9C, 0x77, 0x43, 0x60, 0xA6, 0x1A, 0x2B, 0xB1, 0x3A, 0xD1, 0x34, 0x54, 0xC7,
    0x53, 0xF1, 0xEE, 0xB6, 0x62, 0xF6, 0x07, 0x66, 0x5A, 0xB6, 0x6E, 0x34, 0x22, 0xC5, 0x40, 0x80,
    0xB3, 0xAA, 0xB4, 0xAA, 0xB5, 0x6A, 0xB5, 0xEA, 0x9D, 0xB2, 0xCB, 0xEA, 0x31, 0xA0, 0x37, 0x1A,
    0x9B, 0x01, 0x5E, 0xDF, 0xB2, 0x2A, 0x94, 0xA8, 0x49, 0xAB, 0x44, 0xEF, 0x58, 0x85, 0x96, 0xD5,
    0xDA, 0xBE, 0x61, 0xC9, 0x90, 0x9F, 0xE9, 0xD4, 0xFC, 0xC2, 0x1A, 0xA7, 0x65, 0xAA, 0x4F, 0x50,
    0x57, 0x02, 0x56, 0x91, 0x56, 0xA1, 0x56, 0x2B, 0xAD, 0x7C, 0xAD, 0xDC, 0x8E, 0x1F, 0x82, 0xA3,
    0xBC, 0x6E, 0x70, 0xED, 0x85, 0xFD, 0x10, 0x9D, 0xC9, 0x70, 0xC1, 0xA3, 0x53, 0xFE, 0x5B, 0xBB,
    0x2D, 0x64, 0x5A, 0xFE, 0xE0, 0x42, 0x85, 0x68, 0xCE, 0xD6, 0xD6, 0xFE, 0x52, 0x94, 0x80, 0x16,
    0x01, 0x45, 0x88, 0x91, 0x86, 0x5B, 0x08, 0xBC, 0x7D, 0xA5, 0xE2, 0x4C, 0x34, 0x36, 0xE7, 0xA2,
    0xF1, 0xFB, 0x13, 0x68, 0xAC, 0xF7, 0xA3, 0x31, 0x58, 0x44, 0x63, 0xB1, 0x83, 0xBF, 0x78, 0x07,
    0x7F, 0xEB, 0x1D, 0x34, 0x7A, 0x3B, 0x68, 0xDC, 0xF9, 0xB8, 0xF8, 0x2E, 0x17, 0x54, 0xE8, 0x5C,
    0xB0, 0x61, 0x3B, 0xAF, 0x34, 0x6A, 0x79, 0xAD, 0x61, 0xBF, 0x7E, 0x7F, 0x5D, 0xF8, 0x9D, 0xAB,
    0x32, 0x1F, 0x1A, 0xA7, 0x1A, 0x9C, 0x58, 0x7C, 0xA8, 0xC5, 0x50, 0x89, 0xA1, 0x0E, 0x13, 0x35,
    0xF4, 0x13, 0x07, 0x3D, 0xDC, 0x87, 0x18, 0xB5, 0x6A, 0x73, 0xAA, 0xFC, 0xE8, 0xEE, 0xB6, 0xF1,
    0xEB, 0xBF, 0xAF, 0x79, 0xA1, 0x5B, 0xE0, 0xC5, 0xE7, 0x08, 0x68, 0xC4, 0x8A, 0xAD, 0xC1, 0xF1,
    0x1C, 0xF2, 0xAB, 0xD7, 0x3E, 0x25, 0xD4, 0x4F, 0x75, 0xC1, 0xCA, 0x7B, 0x4B, 0xAA, 0xA4, 0x8E,
    0x05, 0x98, 0x4D, 0xD2, 0x51, 0xC1, 0x4F, 0xA6, 0x10, 0x55, 0x5A, 0x3C, 0xF0, 0xD2, 0x3A, 0x37,
    0x2D, 0xD4, 0x03, 0x17, 0x9F, 0x16, 0x3E, 0xDB, 0xEA, 0xC6, 0xCA, 0x43, 0xA7, 0xDC, 0xBF, 0x5C,
    0x58, 0xFD, 0xC7, 0x55, 0xFD, 0x14, 0xC5, 0x21, 0xD5, 0xE1, 0x75, 0x4D, 0x56, 0xEC, 0xCD, 0xDC,
    0xA3, 0xC3, 0x09, 0x8B, 0x2D, 0x37, 0x8A, 0x0B, 0x4C, 0xC0, 0x02, 0x36, 0xF9, 0xA5, 0x33, 0x94,
    0x6E, 0x0F, 0xB9, 0x03, 0x43, 0x14, 0x75, 0x75, 0x6A, 0x43, 0x0B, 0x32, 0x6F, 0xC3, 0x0D, 0x2D,
    0xBB, 0x75, 0x7B, 0x50, 0xDC, 0x1F, 0xB2, 0x35, 0xF7, 0xA7, 0x8A, 0x86, 0x0A, 0x45, 0xA6, 0xBA,
    0x4B, 0xB2, 0xA7, 0xD2, 0x47, 0xDC, 0x0B, 0xEE, 0x75, 0xD7, 0x98, 0x6B, 0xDA, 0x75, 0xE4, 0xBA,
    0x75, 0x40, 0x9C, 0x8C, 0xA2, 0xD6, 0xA0, 0xEF, 0x0B, 0xC5, 0x12, 0x32, 0x52, 0x23, 0xD6, 0x7C,
    0x0B, 0x30, 0x9B, 0xC6, 0xCD, 0x45, 0x6E, 0x5F, 0x22, 0x2F, 0x18, 0xA9, 0x21, 0x1A, 0x00, 0xB7,
    0x9C, 0xF2, 0x85, 0x2D, 0xA7, 0xD9, 0xC6, 0x93, 0x3E, 0x29, 0xF0, 0xC6, 0x98, 0x23, 0x5F, 0x93,
    0x3D, 0x5D, 0xA4, 0x39, 0xFD, 0x6E, 0xB4, 0xD1, 0x34, 0x52, 0x23, 0x68, 0x8D, 0x66, 0x0D, 0xF8,
    0x76, 0x4A, 0x30, 0x52, 0x25, 0x0B, 0xB2, 0x35, 0x3F, 0x7F, 0xD7, 0xF7, 0x06, 0x12, 0x84, 0x81,
    0x7A, 0xD8, 0xCF, 0x87, 0x23, 0x21, 0x77, 0x61, 0x91, 0xE3, 0xEC, 0x70, 0x99, 0x2C, 0x7B, 0x02,
    0xF5, 0xAE, 0x9F, 0x44, 0x70, 0x5C, 0xBD, 0x82, 0x25, 0xAA, 0xA3, 0x96, 0x13, 0xF4, 0x54, 0xE5,
    0xA2, 0x8E, 0x9A, 0x4E, 0xD2, 0x24, 0x74, 0x3F, 0x94, 0xD0, 0x76, 0xBC, 0xF7, 0x4F, 0xEA, 0x3B,
    0x37, 0x9D, 0x52, 0x62, 0xCA, 0xBD, 0xCE, 0x20, 0x78, 0x66, 0xA4, 0xFD, 0x12, 0xB9, 0x11, 0x16,
    0x2B, 0x7E, 0xDC, 0x44, 0x08, 0x44, 0x2E, 0x93, 0xED, 0x0B, 0x45, 0xA9, 0xDB, 0xF6, 0xAF, 0xC9,
    0x2C, 0x9F, 0x0E, 0xDF, 0xE2, 0xF1, 0xDB, 0x6C, 0x73, 0x0F, 0x03, 0xC7, 0x27, 0x74, 0xD6, 0x9C,
    0x86, 0x48, 0xE9, 0x1A, 0xED, 0x70, 0x35, 0xEC, 0xC3, 0xF3, 0x9B, 0x62, 0x73, 0xB4, 0x86, 0x32,
    0x6B, 0x9D, 0xAD, 0x94, 0x5C, 0xE0, 0x1B, 0xDF, 0xD8, 0x6D, 0x65, 0x6A, 0x79, 0xEA, 0x6D, 0x82,
    0x60, 0x82, 0x6A, 0x82, 0x74, 0x82, 0x7E, 0x36, 0xA2, 0x69, 0x94, 0xD3, 0xC8, 0x81, 0xFB, 0x97,
    0xDE, 0x72, 0xF9, 0x4F, 0x85, 0xCB, 0x72, 0x79, 0x17, 0x88, 0x5F, 0xBB, 0x87, 0xD3, 0xC8, 0x7D,
    0x29, 0x13, 0x7B, 0xB7, 0xB0, 0x3F, 0x06, 0xE4, 0x32, 0x04, 0xC4, 0x17, 0xE0, 0x33, 0x58, 0x39,
    0x49, 0xC3, 0x05, 0xD6, 0x99, 0x98, 0xEB, 0x85, 0x2F, 0xA9, 0xE2, 0x42, 0x3D, 0x70, 0x45, 0x0B,
    0x87, 0x9E, 0x4B, 0x6A, 0x90, 0x05, 0xB4, 0x36, 0xC8, 0x9B, 0x42, 0xC6, 0x45, 0x19, 0xBA, 0xBE,
    0xC0, 0x6D, 0xF6, 0x5B, 0x02, 0x28, 0x14, 0xF3, 0xAD, 0x1A, 0x90, 0xC7, 0xE6, 0x9F, 0x55, 0xC4,
    0xA9, 0x4E, 0x64, 0xA7, 0xD0, 0x02, 0xAA, 0x95, 0x9A, 0xF4, 0xA6, 0x69, 0x5E, 0x7B, 0xC2, 0xD4,
    0xA4, 0xC5, 0x1F, 0x95, 0x85, 0x6B, 0x33, 0x43, 0x54, 0x6E, 0x9F, 0x1C, 0x69, 0xCA, 0x43, 0x40,
    0x3F, 0xA7, 0xAF, 0x7E, 0x9B, 0x59, 0xE9, 0xB1, 0xC4, 0x5D, 0x7D, 0x72, 0x0C, 0xF6, 0xEB, 0x67,
    0xAD, 0xA5, 0xB4, 0x97, 0x37, 0x46, 0xE3, 0x27, 0xB8, 0x4B, 0x43, 0x05, 0xA1, 0x1D, 0xBD, 0x88,
    0x50, 0x83, 0xA8, 0x0F, 0x6C, 0x66, 0x7D, 0xD5, 0xEC, 0xA5, 0xD5, 0x61, 0x15, 0x9A, 0x5A, 0x08,
    0x87, 0x0C, 0x74, 0x5D, 0x8D, 0x09, 0x98, 0xEB, 0x7F, 0xA9, 0xDD, 0x14, 0x39, 0x62, 0x25, 0xED,
    0x57, 0x84, 0xC0, 0x5D, 0x5F, 0xA7, 0x98, 0x95, 0xF4, 0xEF, 0xD5, 0x97, 0xF0, 0x55, 0xBC, 0xD0,
    0xF8, 0x38, 0x6D, 0xE2, 0xA8, 0x85, 0xA3, 0x06, 0x8E, 0x1A, 0x36, 0x5A, 0xD2, 0xBA, 0x51, 0xE3,
    0x66, 0xB0, 0x6D, 0x5E, 0x5D, 0x59, 0xBF, 0x5D, 0xD9, 0x37, 0xE4, 0x7A, 0x24, 0x97, 0x1D, 0xAE,
    0xF7, 0x56, 0xCC, 0x31, 0xD8, 0x22, 0x65, 0x96, 0x7E, 0x81, 0x8B, 0x5C, 0xE3, 0xE7, 0x6D, 0xE7,
    0x4B, 0x80, 0x8B, 0x19, 0xB4, 0x49, 0x2A, 0x2E, 0x40, 0x2E, 0x57, 0x0B, 0xA6, 0x0C, 0xD8, 0xAF,
    0xF8, 0x1F, 0x0D, 0x65, 0xED, 0xC7, 0x50, 0x56, 0xB7, 0x4A, 0x65, 0xE6, 0xA6, 0x71, 0x65, 0xD4,
    0xC8, 0xFA, 0x15, 0xD8, 0x88, 0x51, 0xCB, 0x25, 0x84, 0x14, 0xE2, 0x09, 0xDB, 0x69, 0x83, 0x66,
    0xFA, 0xBC, 0x29, 0xC4, 0x58, 0x4B, 0x33, 0x9D, 0x20, 0x25, 0xEC, 0x8B, 0x4A, 0x13, 0x81, 0x5C,
    0xD1, 0x3F, 0xD0, 0xC4, 0xE9, 0x50, 0x23, 0xF1, 0x52, 0xA7, 0xF7, 0x5E, 0xAA, 0x30, 0xCE, 0xDB,
    0x6C, 0x62, 0x75, 0xF3, 0x97, 0xA3, 0xBF, 0x84, 0xFE, 0x4B, 0xC7, 0x0B, 0xB7, 0x96, 0x03, 0xF7,
    0x3D, 0xAA, 0xB0, 0xF1, 0x90, 0xDE, 0xE0, 0xC4, 0xA1, 0x28, 0xFD, 0x4F, 0x44, 0xEC, 0xC5, 0x30,
    0xC1, 0x4A, 0x84, 0x83, 0x37, 0x43, 0xE8, 0x89, 0xD5, 0xF2, 0x98, 0xB2, 0xD6, 0xFE, 0x95, 0xAA,
    0xB9, 0xFC, 0xE7, 0x2B, 0x4A, 0x33, 0x2E, 0x54, 0x07, 0xBA, 0xA3, 0xE1, 0x15, 0x2E, 0x09, 0xA2,
    0x75, 0xF1, 0x58, 0x1F, 0x62, 0x69, 0x45, 0x08, 0x54, 0xD2, 0x72, 0x7F, 0xA3, 0x91, 0xF1, 0x3F,
    0xD2, 0x3D, 0x3A, 0x97, 0xC7, 0x46, 0x48, 0x9A, 0x01, 0x2A, 0x63, 0xFE, 0x1B, 0x10, 0xF6, 0x43,
    0xC4, 0x14, 0xAD, 0xDC, 0x84, 0xC9, 0x5F, 0xA7, 0x55, 0x3A, 0x0F, 0xCB, 0x65, 0xA6, 0x8A, 0x80,
    0x46, 0x27, 0x55, 0xB1, 0x26, 0xEE, 0xDD, 0x2D, 0xB6, 0x09, 0x9C, 0xDB, 0x0C, 0x0C, 0x8B, 0x6C,
    0xFF, 0x26, 0x45, 0x70, 0xEE, 0x11, 0xCA, 0x83, 0x82, 0x3E, 0xB3, 0xCC, 0x9A, 0x7F, 0x91, 0xA1,
    0xDC, 0x86, 0x08, 0x4F, 0xB0, 0x3E, 0x42, 0xBC, 0xB7, 0xC1, 0xC0, 0x2D, 0xC8, 0x73, 0xFB, 0xBF,
    0xD1, 0x43, 0x15, 0x69, 0x70, 0x9D, 0x0E, 0xCE, 0x32, 0x99, 0x16, 0x48, 0x4F, 0x2A, 0x38, 0xF7,
    0xEF, 0xE5, 0xCB, 0xDE, 0xA9, 0x17, 0x1A, 0xD1, 0xAF, 0x0F, 0x2C, 0x13, 0xF0, 0x9C, 0x03, 0x86,
    0x0C, 0xFC, 0x05, 0xBE, 0xB9, 0xF4, 0x54, 0x58, 0xE8, 0xB5, 0x20, 0xFA, 0xB2, 0xC8, 0xEA, 0x15,
    0x59, 0xA5, 0x22, 0xEB, 0x58, 0x91, 0xB5, 0x55, 0x64, 0x99, 0x19, 0xB2, 0x2A, 0x22, 0xAB, 0xB9,
    0x30, 0xB2, 0xCA, 0x09, 0xDD, 0x2D, 0x96, 0x5A, 0xAE, 0xB3, 0x6B, 0x75, 0xB9, 0x3C, 0xD4, 0xA0,
    0x70, 0x72, 0x04, 0x74, 0x70, 0xF3, 0x0A, 0x52, 0x66, 0x90, 0xFD, 0x8A, 0x7D, 0xB7, 0xE6, 0x39,
    0x61, 0x0A, 0xCF, 0xD5, 0xAA, 0x0F, 0xAE, 0x21, 0x1E, 0x01, 0xBE, 0x31, 0x4F, 0x98, 0x58, 0x50,
    0xEB, 0xF9, 0x0D, 0xC6, 0x0B, 0x5A, 0x47, 0xC9, 0x03, 0x00, 0xAC, 0x1C, 0xA9, 0xDC, 0xA9, 0x9C,
    0xEA, 0xAB, 0x76, 0xAA, 0x9B, 0x10, 0xCA, 0xCD, 0x7B, 0xD2, 0x4D, 0x5F, 0x60, 0xAE, 0xC5, 0xE1,
    0x0D, 0x87, 0xC2, 0xB4, 0xC8, 0x41, 0x7C, 0x6C, 0x9D, 0xDD, 0xB3, 0xB2, 0xDB, 0x65, 0x0F, 0xD1,
    0x35, 0x70, 0xED, 0xD9, 0x11, 0x85, 0x17, 0x0D, 0xED, 0x7B, 0x5E, 0x65, 0x48, 0x34, 0xBC, 0x96,
    0x4E, 0x09, 0x3E, 0x9E, 0x9D, 0xF4, 0x45, 0x17, 0x01, 0x8F, 0x73, 0x13, 0x8E, 0xF2, 0xC5, 0xB5,
    0xFE, 0x64, 0xF0, 0xC9, 0x07, 0xF6, 0xEB, 0x07, 0xE7, 0xEB, 0x08, 0xD0, 0x25, 0x7A, 0x79, 0x0E,
    0x3B, 0xA4, 0xF4, 0x06, 0xA9, 0x52, 0xBE, 0xDA, 0xE8, 0x34, 0xC2, 0xFA, 0xF5, 0x92, 0x4C, 0x9B,
    0x57, 0x92, 0x0D, 0x97, 0x50, 0x4C, 0x9B, 0xAC, 0xC2, 0x82, 0x15, 0xB5, 0xB0, 0x8A, 0x02, 0x9D,
    0x71, 0x6A, 0xCF, 0x27, 0xF5, 0x14, 0x27, 0xBA, 0x98, 0xF6, 0xF2, 0xC2, 0xE2, 0xDE, 0xFC, 0x9B,
    0x62, 0x1B, 0xEE, 0x09, 0x28, 0x62, 0xAB, 0x0E, 0x99, 0xBA, 0x72, 0x35, 0x48, 0xD5, 0x7D, 0xE6,
    0x18, 0xBE, 0xED, 0xE2, 0xDB, 0xAE, 0x8A, 0x0F, 0x06, 0x18, 0x32, 0xEC, 0x70, 0xA9, 0x7C, 0x6A,
    0x7C, 0x5C, 0x96, 0xC3, 0x50, 0x9F, 0xBC, 0x77, 0xDE, 0xF8, 0x4D, 0xD0, 0x7B, 0xDC, 0x62, 0x73,
    0x67, 0x61, 0x40, 0xF9, 0xF7, 0x8A, 0xFD, 0x8E, 0xA0, 0xA7, 0x8F, 0xF7, 0xBD, 0x50, 0x59, 0x0F,
    0x5E, 0x05, 0x75, 0x2A, 0x20, 0xDB, 0x1D, 0xC9, 0x4F, 0x31, 0xC4, 0x69, 0x39, 0x46, 0x54, 0x3B,
    0xFB, 0x8E, 0xC6, 0x1D, 0xC4, 0x6F, 0xE1, 0x8E, 0x14, 0x82, 0xD8, 0xFA, 0x71, 0x1F, 0xF8, 0x57,
    0x74, 0x6F, 0xD2, 0x35, 0x5A, 0xB4, 0x08, 0x6B, 0x6D, 0x0B, 0xB1, 0x2D, 0x5B, 0xC8, 0x68, 0x84,
    0x80, 0x16, 0xAD, 0x88, 0xDF, 0xA4, 0xC5, 0x91, 0x2A, 0xED, 0xC5, 0x52, 0x70, 0x5F, 0x74, 0x3C,
    0xAE, 0x9C, 0xC3, 0x63, 0x5E, 0x5C, 0x0F, 0x1E, 0x3B, 0xE2, 0x31, 0x6E, 0x4D, 0xB6, 0x09, 0xB1,
    0x13, 0xB0, 0x8D, 0xF5, 0x24, 0x80, 0x92, 0x12, 0x2E, 0x9D, 0xD2, 0x14, 0x6E, 0x1C, 0x6F, 0xF2,
    0xD4, 0x28, 0xB8, 0x5F, 0xD3, 0x15, 0x4F, 0x8C, 0x72, 0xF3, 0xAD, 0x1E, 0x6C, 0x8F, 0xEB, 0x67,
    0x55, 0x93, 0xD1, 0xDC, 0xA5, 0x92, 0x17, 0x70, 0x59, 0x0B, 0xB7, 0x05, 0xCA, 0x4D, 0x32, 0x95,
    0xDB, 0x8F, 0xC6, 0xBB, 0xFA, 0xA4, 0xBE, 0x75, 0x53, 0x04, 0x42, 0xD0, 0x69, 0x9E, 0x29, 0x50,
    0x2D, 0x70, 0xF7, 0x62, 0x5E, 0x9A, 0x76, 0x35, 0x14, 0xFC, 0x97, 0x37, 0xF8, 0x48, 0xD0, 0x99,
    0x6B, 0x65, 0x73, 0x88, 0xF8, 0x97, 0x70, 0x52, 0x8B, 0xD8, 0xA3, 0x51, 0x09, 0xA5, 0x22, 0x83,
    0xFF, 0xAC, 0x14, 0xCD, 0x2C, 0xB0, 0xFF, 0x8E, 0xE3, 0x90, 0x3A, 0x18, 0x72, 0xB7, 0x0E, 0x5F,
    0x7E, 0x70, 0xD3, 0x04, 0xB1, 0xE8, 0xB9, 0x0D, 0x16, 0xEF, 0x4E, 0x0C, 0xF9, 0x75, 0x67, 0xE2,
    0x56, 0xA6, 0xB4, 0x0C, 0xAF, 0xF2, 0x6C, 0xBA, 0xBC, 0xC9, 0xF0, 0x9C, 0x99, 0xFD, 0x9A, 0xD0,
    0x84, 0x92, 0x47, 0xA6, 0x59, 0x1C, 0xCC, 0x82, 0xAC, 0x28, 0x7B, 0x78, 0x5B, 0x8F, 0xA0, 0xB3,
    0xE5, 0x7A, 0x3C, 0x33, 0xAC, 0x47, 0xEE, 0x13, 0xF4, 0x6F, 0xAF, 0xE8, 0xC6, 0xE8, 0x42, 0xFF,
    0xAC, 0x14, 0xE7, 0xE7, 0x80, 0x9E, 0x0C, 0x7C, 0x18, 0x3B, 0x71, 0xAB, 0x5B, 0xEA, 0x8C, 0x11,
    0xA5, 0xEF, 0xC0, 0x99, 0x08, 0xED, 0x20, 0x70, 0xBD, 0x61, 0x01, 0x18, 0x85, 0x55, 0xEC, 0xD2,
    0xAF, 0x8C, 0xFD, 0xB6, 0x71, 0x39, 0x5A, 0xAB, 0xF1, 0x30, 0xB0, 0x7B, 0x67, 0x27, 0x86, 0xD2,
    0xC7, 0x8E, 0xC3, 0x52, 0x12, 0xF7, 0x05, 0xF1, 0xBC, 0x1A, 0x04, 0x9A, 0x20, 0x51, 0xB9, 0xF4,
    0xC4, 0x64, 0x82, 0x6F, 0x77, 0xEB, 0x6B, 0x62, 0x39, 0xD5, 0x98, 0x70, 0xF6, 0x25, 0xC3, 0x59,
    0x41, 0x39, 0x32, 0x99, 0xBF, 0x6D, 0x02, 0x1C, 0xE9, 0x95, 0xDB, 0xCF, 0xC4, 0xE2, 0xA3, 0x1B,
    0xFF, 0x33, 0xEC, 0xB9, 0xAE, 0xEC, 0xC7, 0xF6, 0xDD, 0x36, 0x44, 0x46, 0xFA, 0xC7, 0xF6, 0xD7,
    0x5D, 0x04, 0x6A, 0xFC, 0xD1, 0x06, 0x3D, 0xE4, 0x9E, 0xFD, 0x52, 0x40, 0x65, 0x80, 0xEC, 0x0F,
    0xFD, 0xCA, 0x62, 0x43, 0xA5, 0x78, 0xDC, 0xFB, 0x16, 0x3E, 0x40, 0xB1, 0x7B, 0x3C, 0xB7, 0x07,
    0xDD, 0x1A, 0x3B, 0x9C, 0x48, 0xE5, 0x72, 0xB0, 0xD4, 0xC1, 0xCD, 0x83, 0x12, 0x0B, 0x75, 0x45,
    0x61, 0xBB, 0x76, 0xA3, 0x5F, 0x92, 0xE1, 0x0C, 0x2B, 0x06, 0x1A, 0x04, 0xCC, 0x7F, 0x4B, 0xCD,
    0xCC, 0xBA, 0x72, 0x7C, 0xBF, 0x72, 0x78, 0x73, 0x07, 0xD6, 0xB9, 0xEC, 0x6E, 0xE6, 0x7A, 0x43,
    0x4D, 0xD0, 0xCC, 0xEF, 0x33, 0x56, 0x38, 0x1F, 0xE7, 0x97, 0xA4, 0x85, 0x0C, 0x5F, 0x18, 0x4A,
    0xB8, 0x6D, 0xC5, 0x0D, 0xE7, 0xA4, 0x41, 0xD2, 0x1D, 0xCE, 0xAD, 0x93, 0x3A, 0xC2, 0x84, 0x13,
    0x50, 0x64, 0x88, 0x51, 0x17, 0xFE, 0x44, 0x2C, 0xF7, 0xE1, 0x63, 0x6C, 0x1D, 0x85, 0x36, 0xFC,
    0xB2, 0xCD, 0x90, 0xB6, 0x1F, 0x7D, 0xDE, 0x16, 0x70, 0xD6, 0xDD, 0xFF, 0xA4, 0xE5, 0xF6, 0x47,
    0xF1, 0x71, 0x47, 0x9F, 0x26, 0x52, 0xC1, 0x99, 0xDC, 0x9F, 0x5B, 0x26, 0x30, 0xE3, 0x70, 0x1D,
    0x06, 0xE0, 0x32, 0x56, 0x09, 0xB1, 0xBB, 0xB4, 0xDB, 0x71, 0x4C, 0x88, 0x1D, 0x5C, 0xF0, 0x66,
    0xCA, 0xB2, 0x77, 0x11, 0xB4, 0xEB, 0xE1, 0x54, 0x43, 0x4D, 0xEA, 0xFA, 0x54, 0x4F, 0x97, 0x5B,
    0x3A, 0xD2, 0xCB, 0x25, 0xEE, 0xE0, 0xC4, 0xC7, 0x36, 0xA4, 0x9E, 0x5A, 0x23, 0xEA, 0x5C, 0xAE,
    0x95, 0xBA, 0x14, 0x0D, 0x53, 0x2F, 0x52, 0xC4, 0xA5, 0x66, 0x1A, 0x07, 0xA0, 0x01, 0xD0, 0xEF,
    0x80, 0x4C, 0x6B, 0x69, 0xBA, 0x42, 0xD3, 0xDF, 0x30, 0x96, 0xC0, 0x3A, 0x2B, 0xC8, 0xDA, 0xD9,
    0x29, 0x80, 0xB1, 0x6D, 0x66, 0xC7, 0x5C, 0xAE, 0xD4, 0x91, 0xEA, 0x9C, 0xB2, 0x4F, 0x59, 0xC5,
    0xE9, 0xEC, 0x84, 0x82, 0x66, 0xCC, 0xBD, 0xCF, 0xFE, 0xCC, 0x83, 0x2C, 0xF3, 0xA4, 0x3A, 0x6B,
    0x0A, 0xAC, 0xE5, 0x01, 0xE4, 0x9B, 0xA5, 0x31, 0x73, 0xCF, 0x84, 0x8A, 0xF2, 0x45, 0x0F, 0x9E,
    0x10, 0x7E, 0xCE, 0x78, 0x84, 0x90, 0x48, 0x14, 0x9F, 0x1E, 0x5C, 0x63, 0xFF, 0xCC, 0x6D, 0xF4,
    0xEF, 0xD1, 0xB1, 0xF0, 0x4C, 0x3E, 0x9C, 0x2E, 0x11, 0xB9, 0xAD, 0x4C, 0x75, 0x15, 0xB7, 0x23,
    0x24, 0x2B, 0xE7, 0x36, 0xD6, 0x20, 0xE4, 0xED, 0x40, 0x1A, 0xFF, 0x91, 0x1E, 0xEF, 0xA5, 0xE9,
    0xDC, 0xDD, 0xEC, 0x71, 0x65, 0xCF, 0xB7, 0x7D, 0xF5, 0xF9, 0xBC, 0xDB, 0xF3, 0xC7, 0xCF, 0xEC,
    0x54, 0xB9, 0x1F, 0xCD, 0x47, 0x7B, 0xB3, 0x83, 0x33, 0x9E, 0x20, 0x59, 0xC7, 0xDC, 0xB7, 0xDB,
    0x86, 0x0C, 0xA5, 0xD8, 0x04, 0xB4, 0x64, 0x53, 0x44, 0x14, 0x33, 0xC2, 0xBB, 0xA5, 0x09, 0x9D,
    0x75, 0x9E, 0x46, 0xF6, 0xAD, 0xF4, 0xC4, 0xA7, 0x77, 0x55, 0xC5, 0xFB, 0x42, 0x8F, 0x1C, 0x1B,
    0xC4, 0x9F, 0xDB, 0x9D, 0x6E, 0x95, 0x8C, 0xF5, 0x8C, 0x8C, 0xC1, 0x33, 0xA1, 0xDF, 0xE0, 0x9A,
    0x57, 0xAF, 0x70, 0x32, 0x85, 0x47, 0xFB, 0x2E, 0x31, 0x93, 0xF2, 0xB7, 0xD9, 0xEF, 0x15, 0xE6,
    0x26, 0x58, 0xB5, 0xAF, 0x24, 0xD4, 0xA3, 0xAB, 0xCB, 0x9B, 0xA1, 0x3B, 0x9C, 0xDD, 0x2C, 0xA6,
    0x9B, 0xC1, 0xEC, 0x66, 0x32, 0xDD, 0xF4, 0xF7, 0xDC, 0xB4, 0x63, 0x14, 0xC7, 0x52, 0xE9, 0x3C,
    0xEC, 0x8C, 0x57, 0xA7, 0xC3, 0x5D, 0x0F, 0x31, 0x1C, 0x02, 0x83, 0xBC, 0xF7, 0x17, 0x47, 0x53,
    0x9D, 0x28, 0xEE, 0x1C, 0x3D, 0x52, 0xE9, 0xB7, 0xE1, 0xE4, 0x57, 0x2F, 0xD4, 0x7A, 0xFC, 0xC9,
    0x5A, 0xB7, 0x4E, 0x84, 0x2A, 0x2C, 0xF9, 0xD3, 0xD1, 0xD1, 0x83, 0x11, 0x8E, 0x59, 0x71, 0xB5,
    0x13, 0x5B, 0xCE, 0x45, 0xF1, 0x80, 0x28, 0x73, 0x12, 0x8B, 0xDB, 0xDD, 0x9B, 0xBE, 0x3B, 0xD2,
    0xA4, 0x1E, 0xCF, 0x60, 0x4D, 0x9C, 0xB4, 0x98, 0xDD, 0xD4, 0xAD, 0xD1, 0xD2, 0xC9, 0xA4, 0x73,
    0x51, 0xCC, 0xA9, 0xC0, 0xA4, 0xF9, 0x69, 0x97, 0x81, 0xFF, 0x2E, 0xCC, 0x91, 0x65, 0xEC, 0x16,
    0x33, 0xBC, 0x39, 0xEE, 0x08, 0xF5, 0x64, 0xAD, 0x5C, 0x9D, 0x4D, 0x9C, 0xC8, 0xA1, 0x6E, 0x9D,
    0x98, 0xB3, 0xB0, 0x5B, 0x94, 0xE0, 0xD4, 0xB8, 0xCE, 0xF4, 0x34, 0xCB, 0x7C, 0x40, 0x87, 0x0B,
    0xDD, 0x0B, 0x37, 0x37, 0x8D, 0x81, 0x83, 0xDE, 0x83, 0x77, 0xF3, 0xF7, 0xBD, 0x3B, 0x1E, 0x77,
    0xAD, 0xC2, 0xC1, 0x9C, 0x0E, 0x6A, 0x3B, 0x9B, 0x77, 0xA3, 0x67, 0xC1, 0xBB, 0xDE, 0xBD, 0x43,
    0xEA, 0x3C, 0xA2, 0xB7, 0x21, 0xA4, 0x70, 0xC5, 0x6B, 0xBB, 0xE0, 0x9A, 0xD9, 0xBD, 0x3E, 0xB8,
    0xE0, 0x06, 0xE1, 0xD2, 0xF5, 0xFF, 0xED, 0x59, 0xBF, 0x93, 0xDC, 0x58, 0x11, 0x7E, 0x9A, 0xC1,
    0x33, 0x57, 0x4C, 0xA0, 0x0B, 0x80, 0xC0, 0x4B, 0x95, 0xF2, 0x0B, 0x50, 0x4A, 0xF6, 0x74, 0x10,
    0x5C, 0x88, 0x03, 0x5F, 0x4E, 0xEC, 0xC4, 0x7F, 0x01, 0xA5, 0xC1, 0xC9, 0x05, 0x24, 0xFB, 0x1F,
    0xDC, 0x06, 0x0E, 0x60, 0x1C, 0x6C, 0x0A, 0x01, 0x27, 0x55, 0x39, 0xBC, 0x80, 0xA9, 0xBA, 0x80,
    0xF0, 0x54, 0x94, 0xE1, 0xE0, 0x2E, 0x40, 0xC7, 0x89, 0x3A, 0x79, 0x2D, 0xA9, 0xE9, 0xFE, 0xBA,
    0xDF, 0x93, 0x76, 0xBD, 0x6B, 0x0C, 0xB6, 0xA1, 0xA0, 0x6E, 0xAA, 0xF6, 0xBD, 0x9E, 0x1D, 0xE9,
    0xA9, 0xDF, 0xF7, 0xFA, 0xC7, 0xD7, 0x2D, 0xE7, 0xF8, 0xB3, 0x3A, 0xEC, 0x65, 0x72, 0x6B, 0xAA,
    0x31, 0x6F, 0x6D, 0xDE, 0x91, 0xFE, 0x3F, 0xA7, 0xC2, 0xB9, 0x13, 0xE2, 0x8F, 0xFC, 0xC6, 0x9F,
    0xC1, 0x39, 0x2F, 0x73, 0xEB, 0x9C, 0x4C, 0xFC, 0xF3, 0x9A, 0xE8, 0x11, 0x8D, 0xCE, 0xA5, 0xFC,
    0xBF, 0x9C, 0x2F, 0xCB, 0xF8, 0xD6, 0x1D, 0x2F, 0xE3, 0x27, 0x5E, 0x9E, 0x1A, 0x57, 0xF2, 0x2D,
    0x8E, 0x7F, 0xAB, 0x7A, 0x9E, 0x79, 0xA0, 0x8E, 0x67, 0xFE, 0xA7, 0x2C, 0xE1, 0xFC, 0x0B, 0x66,
    0xBB, 0x4E, 0xEF, 0x1B, 0x6C, 0x9D, 0xDE, 0xD6, 0x6D, 0xF1, 0x9C, 0x2D, 0xAF, 0xAF, 0xCF, 0xAD,
    0x55, 0x0F, 0x51, 0x57, 0xD4, 0x1A, 0x9D, 0xEA, 0xD9, 0x3A, 0xD5, 0xBB, 0x90, 0xCD, 0x9C, 0xD0,
    0x13, 0xA7, 0x9F, 0x74, 0xB8, 0x3A, 0xE6, 0x18, 0xCB, 0xDE, 0x6D, 0x70, 0x57, 0xC5, 0x63, 0xB3,
    0x96, 0x95, 0xF6, 0x29, 0x96, 0xF3, 0xF4, 0x39, 0x4D, 0xAE, 0x9C, 0x64, 0x8B, 0xAC, 0x4C, 0x4A,
    0x7B, 0xD6, 0x8F, 0xD1, 0xE2, 0x6B, 0xD7, 0x57, 0x46, 0xFC, 0x5F, 0xAF, 0xF1, 0xB8, 0x3E, 0xC7,
    0xBD, 0x29, 0xD0, 0x5B, 0xAB, 0x52, 0xBC, 0x3E, 0x03, 0xBC, 0x89, 0x0A, 0xAD, 0x0E, 0x76, 0x0C,
    0xCB, 0x69, 0xAB, 0x53, 0x36, 0xC9, 0x1D, 0x9E, 0x06, 0x9D, 0x7A, 0x9D, 0x1A, 0x4C, 0x23, 0xE0,
    0x32, 0xD4, 0x5E, 0xFB, 0xD4, 0xC5, 0x03, 0xE0, 0x3F, 0xC1, 0x9F, 0xFF, 0xE3, 0x89, 0xD5, 0x13,
    0xC4, 0x2F, 0x2A, 0x3A, 0x62, 0x53, 0x8A, 0xBD, 0x58, 0x88, 0x6C, 0x4B, 0x4E, 0x6B, 0x43, 0x53,
    0x71, 0x13, 0xD0, 0x99, 0x01, 0xCD, 0x6B, 0x78, 0x6A, 0x31, 0x1E, 0x31, 0x16, 0x32, 0xE2, 0xD9,
    0x2F, 0x3F, 0x96, 0x50, 0x92, 0xB1, 0xA6, 0x21, 0x61, 0x70, 0x2B, 0xFA, 0x2B, 0x8F, 0x25, 0x80,
    0xE6, 0xD3, 0xC7, 0x19, 0x4C, 0x7C, 0x65, 0x52, 0x35, 0x7A, 0xBE, 0x30, 0xED, 0x31, 0x31, 0xE3,
    0x16, 0xDC, 0xE9, 0xBD, 0xC9, 0xC5, 0x4F, 0x05, 0xED, 0xED, 0x93, 0xF1, 0xF6, 0xE2, 0x67, 0x4B,
    0xC5, 0xFC, 0xC5, 0x0D, 0xEE, 0xA5, 0x3F, 0xAC, 0xCB, 0x43, 0xA7, 0xF8, 0x10, 0x2C, 0xF3, 0xB8,
    0xFC, 0x32, 0x2C, 0xBF, 0x50, 0x11, 0xBE, 0x5C, 0xB0, 0x21, 0x1F, 0xC3, 0x17, 0xB1, 0xF4, 0x16,
    0xAA, 0x62, 0xCB, 0x09, 0x74, 0xDC, 0xB2, 0x04, 0x3B, 0x12, 0x55, 0x52, 0x5E, 0xD4, 0xAC, 0x41,
    0x2C, 0x63, 0x8F, 0x2F, 0xF9, 0x84, 0x0D, 0xC1, 0xF5, 0x78, 0x05, 0xE7, 0x04, 0x20, 0x7C, 0x49,
    0x49, 0x14, 0xEA, 0xE6, 0x2F, 0x72, 0x7F, 0xFC, 0x92, 0x0B, 0x38, 0xE1, 0x4B, 0x49, 0x6E, 0x5E,
    0x80, 0xCC, 0x91, 0x65, 0x69, 0xDC, 0x1F, 0x1E, 0xBA, 0x03, 0x52, 0xA6, 0x4E, 0x06, 0x70, 0x4D,
    0x51, 0xDC, 0x2F, 0x5F, 0x4E, 0x44, 0x5F, 0xC0, 0xB6, 0xDC, 0x5C, 0xBD, 0xDC, 0x76, 0xBD, 0x04,
    0xA4, 0x5E, 0x42, 0x25, 0x5F, 0x9E, 0x04, 0x10, 0x6B, 0x03, 0xB6, 0x6C, 0xB2, 0x78, 0x58, 0x59,
    0x5F, 0x36, 0x86, 0xB4, 0x5C, 0x55, 0x18, 0xD0, 0xFC, 0xB0, 0xD1, 0x19, 0xCE, 0xAC, 0xF5, 0x1C,
    0xB2, 0xDC, 0xA6, 0x08, 0x8A, 0xD8, 0x29, 0x05, 0x90, 0x67, 0xD5, 0x83, 0xCC, 0x7B, 0x5A, 0x87,
    0x83, 0xE0, 0xCD, 0xCE, 0x72, 0x3E, 0xCD, 0x72, 0x46, 0xB3, 0x9C, 0xD2, 0xEA, 0x70, 0x88, 0xB2,
    0xE2, 0x1E, 0xE4, 0x70, 0x6C, 0x29, 0xE2, 0x64, 0x1D, 0xA1, 0x2D, 0x29, 0x22, 0x1B, 0x8F, 0x89,
    0x81, 0xDD, 0x22, 0xCC, 0x06, 0x5C, 0xEB, 0xA8, 0x9B, 0xA7, 0x2B, 0xA8, 0x06, 0x50, 0x2F, 0x0E,
    0x87, 0xFD, 0x02, 0xD3, 0x25, 0xA4, 0x4B, 0x44, 0x97, 0x80, 0x1A, 0x9E, 0x9B, 0x5F, 0xBA, 0x7B,
    0x66, 0xE2, 0x6B, 0x5A, 0x45, 0x6B, 0xA7, 0x8F, 0xC7, 0x90, 0x1E, 0x3C, 0x8E, 0x1C, 0x62, 0xAA,
    0xB8, 0xAD, 0xE1, 0xF9, 0x45, 0xCC, 0x1F, 0xE3, 0xA5, 0x54, 0xB2, 0x14, 0x93, 0xBB, 0x51, 0x2C,
    0xE9, 0xC7, 0x54, 0x23, 0x34, 0xF3, 0xE3, 0xBF, 0x32, 0x51, 0xC3, 0x08, 0xC4, 0x7C, 0x16, 0x3D,
    0x9D, 0x96, 0x54, 0xBF, 0x73, 0x38, 0xA7, 0xB6, 0x1C, 0xF9, 0xA1, 0x35, 0x40, 0xE3, 0x50, 0x84,
    0x2C, 0xC5, 0xB6, 0xCD, 0x1A, 0xC9, 0xBA, 0xE6, 0x19, 0x22, 0xEE, 0x14, 0x60, 0x11, 0x25, 0x27,
    0xD8, 0x05, 0x12, 0x9B, 0x18, 0x36, 0x16, 0xD7, 0x02, 0x17, 0xA3, 0xC9, 0x09, 0x2A, 0xD5, 0x38,
    0x2A, 0xD7, 0x79, 0x59, 0xCF, 0xD3, 0x05, 0x90, 0x39, 0x1C, 0xCE, 0xD2, 0x08, 0x58, 0x8B, 0xA4,
    0x77, 0x84, 0x98, 0x10, 0xFD, 0xC1, 0x44, 0x77, 0x32, 0x25, 0x1C, 0x81, 0x45, 0x0C, 0x66, 0x93,
    0xD2, 0xFF, 0x86, 0xF4, 0x36, 0x63, 0xA8, 0x69, 0xB1, 0xB5, 0xCC, 0xE2, 0x2A, 0x8E, 0xEA, 0x23,
    0x24, 0xF6, 0x97, 0x6A, 0x80, 0xD1, 0x94, 0xF4, 0x05, 0x67, 0x1A, 0x91, 0x70, 0x14, 0x90, 0xD2,
    0x68, 0x52, 0x2B, 0xE2, 0x84, 0xA6, 0xC6, 0x75, 0x42, 0xA7, 0x16, 0x22, 0x3B, 0xF5, 0x45, 0xB5,
    0x02, 0x4F, 0x36, 0x69, 0x3A, 0xD7, 0x29, 0xD3, 0xA7, 0x6C, 0x3B, 0x53, 0xEA, 0xE6, 0xC9, 0xB4,
    0x7D, 0x43, 0x53, 0xD8, 0xCC, 0xCD, 0x93, 0x65, 0x00, 0x19, 0xEF, 0x55, 0xA4, 0x76, 0x3B, 0xE9,
    0x34, 0xEA, 0x84, 0xDD, 0x96, 0xC8, 0x73, 0x99, 0x78, 0x43, 0x89, 0x80, 0x08, 0x67, 0x1C, 0xE0,
    0x96, 0x92, 0x9E, 0x64, 0xA3, 0xD9, 0x51, 0xA1, 0x7D, 0x6E, 0xF0, 0xC3, 0x2B, 0x0D, 0x9D, 0x0C,
    0xD3, 0x99, 0x1F, 0x2A, 0xF6, 0x14, 0x3E, 0x2F, 0x1E, 0x72, 0x19, 0x36, 0x32, 0x28, 0x75, 0x72,
    0x07, 0x04, 0x13, 0x1D, 0x24, 0xE0, 0x23, 0xD0, 0x5F, 0x38, 0x89, 0x81, 0xA9, 0x85, 0x66, 0x82,
    0x3F, 0x07, 0xF9, 0xB8, 0x90, 0xDB, 0x85, 0xDC, 0x2D, 0xE4, 0x61, 0x21, 0x4F, 0x0B, 0x99, 0x66,
    0xF9, 0x6B, 0xA1, 0x4D, 0x26, 0xFF, 0x4D, 0x5C, 0xCD, 0xE4, 0x96, 0x9A, 0x59, 0xAE, 0xBA, 0x59,
    0xF6, 0xC3, 0x2C, 0xE7, 0xE3, 0x2C, 0xA7, 0x34, 0xCB, 0x3B, 0xFA, 0x49, 0x94, 0xD7, 0xF4, 0xBB,
    0x28, 0x27, 0x9C, 0xF5, 0xDD, 0x4E, 0x65, 0x31, 0x4A, 0x8E, 0x5E, 0x09, 0x64, 0x26, 0x02, 0xEC,
    0xE7, 0x2B, 0x50, 0x25, 0xB6, 0x40, 0x26, 0x8B, 0x5B, 0x70, 0x0D, 0x76, 0x80, 0x35, 0x4D, 0x15,
    0x08, 0x5B, 0x6A, 0xC9, 0x57, 0xA3, 0x06, 0xC9, 0x3D, 0xE0, 0x54, 0x2B, 0x6C, 0x87, 0xE9, 0xA5,
    0x32, 0x5D, 0x76, 0x92, 0x99, 0x27, 0x64, 0x81, 0x18, 0x94, 0x5D, 0x08, 0x93, 0x43, 0x14, 0x0C,
    0x5B, 0x11, 0x00, 0x2C, 0xDB, 0x80, 0xA2, 0xCA, 0x76, 0x10, 0x20, 0x8D, 0x78, 0x46, 0x30, 0x23,
    0x92, 0x06, 0x23, 0xEB, 0xFF, 0x0C, 0x18, 0xB2, 0xF0, 0x15, 0x00, 0x64, 0xE1, 0x4B, 0xA0, 0x07,
    0x18, 0x5B, 0x13, 0xCA, 0xDE, 0x84, 0x7C, 0x30, 0x01, 0x88, 0x45, 0xB8, 0x22, 0x56, 0x22, 0xAC,
    0xE8, 0x53, 0x8A, 0x28, 0xB9, 0x00, 0x91, 0x33, 0x16, 0x66, 0x42, 0x16, 0x84, 0x34, 0x08, 0xDB,
    0x20, 0xAC, 0x82, 0xE0, 0x2C, 0xBD, 0x2D, 0xDD, 0x76, 0xF5, 0xC8, 0x84, 0x35, 0xCD, 0xC2, 0x31,
    0x08, 0xA1, 0xCA, 0xB0, 0xBC, 0x9A, 0x8C, 0x97, 0x69, 0x55, 0x6A, 0xD9, 0xE1, 0xEA, 0x1C, 0x7E,
    0x0F, 0xD7, 0x5F, 0xFB, 0xB9, 0x75, 0x07, 0x6A, 0x34, 0x95, 0x64, 0xBD, 0x9A, 0xE1, 0x92, 0x4C,
    0xA8, 0xD1, 0xDB, 0xE6, 0x0E, 0xF3, 0x8F, 0xA8, 0x97, 0x79, 0x40, 0x46, 0xAF, 0x85, 0x9D, 0x0C,
    0x4A, 0xD7, 0xFD, 0xA0, 0xE4, 0xFD, 0x8D, 0xCC, 0xCB, 0xB2, 0x6A, 0x73, 0xAE, 0x73, 0x4A, 0x71,
    0x2E, 0x74, 0x9E, 0x6C, 0xDB, 0x0D, 0xF3, 0x53, 0x4E, 0x2D, 0xB5, 0xD0, 0x86, 0x0F, 0x2C, 0xE0,
    0xF4, 0x1A, 0x8B, 0x1A, 0x45, 0x50, 0x01, 0xF9, 0xED, 0xCD, 0x70, 0x58, 0x72, 0xB6, 0x1B, 0x72,
    0x3D, 0x0C, 0x4B, 0xDE, 0x95, 0x71, 0x30, 0x4C, 0x09, 0xE1, 0xB1, 0xB0, 0x0A, 0x59, 0xF9, 0x63,
    0x59, 0x7B, 0x4B, 0x1F, 0xC8, 0xD3, 0x53, 0xC9, 0xD2, 0xE0, 0x32, 0xB2, 0x4C, 0xCE, 0x2A, 0x59,
    0xB5, 0x31, 0x97, 0x04, 0x64, 0x25, 0xC1, 0x74, 0xA8, 0x46, 0x31, 0x0D, 0xB1, 0x29, 0xE3, 0xAC,
    0x48, 0x9A, 0xB4, 0xDF, 0x29, 0x61, 0x4B, 0x51, 0x24, 0x1E, 0x33, 0xD0, 0xCE, 0xD6, 0x83, 0x12,
    0xB5, 0xE0, 0xAA, 0xD4, 0x57, 0x1A, 0x30, 0x93, 0x5F, 0xB9, 0x77, 0x4E, 0x13, 0xFA, 0x39, 0x3F,
    0xB3, 0xFC, 0x0C, 0x8C, 0x74, 0x90, 0x8B, 0x65, 0x07, 0x30, 0x9D, 0xEF, 0x5C, 0xDE, 0xE2, 0xFB,
    0x85, 0x6C, 0x4C, 0xB8, 0x12, 0x2F, 0xBF, 0x0D, 0x04, 0xA2, 0xCB, 0xA6, 0x77, 0xF9, 0xBE, 0x5F,
    0x6B, 0xA5, 0x28, 0x31, 0xF0, 0x7B, 0xBC, 0xFC, 0x7D, 0xDE, 0xAC, 0x5C, 0xC2, 0xC1, 0xF1, 0x8F,
    0xE5, 0xC0, 0x05, 0x1E, 0xE2, 0x67, 0x39, 0xB0, 0xFA, 0xE2, 0xA3, 0xE7, 0x34, 0x48, 0xAD, 0x37,
    0x4A, 0x96, 0xE3, 0xB8, 0x43, 0xF7, 0xA7, 0xA4, 0x7A, 0x92, 0x4E, 0x4C, 0x86, 0x36, 0xCC, 0x26,
    0xCB, 0xD6, 0x77, 0x48, 0x5B, 0x47, 0x58, 0xF1, 0xEC, 0xEA, 0x39, 0x50, 0xBD, 0x55, 0x5C, 0x4B,
    0xF9, 0x51, 0x3D, 0xBD, 0xF1, 0x11, 0x27, 0xA1, 0xB5, 0x99, 0x96, 0x66, 0x5A, 0x99, 0x69, 0x61,
    0xA6, 0x0C, 0xC6, 0xCA, 0x32, 0xAD, 0xCA, 0x50, 0x94, 0xF1, 0xA6, 0xEE, 0x15, 0x5B, 0x0E, 0x7F,
    0x1C, 0x22, 0x3F, 0x1D, 0xC5, 0x2E, 0x5A, 0xF3, 0xB6, 0x15, 0x76, 0x77, 0xF7, 0xBA, 0xDD, 0xFC,
    0x9B, 0x39, 0xAA, 0x1C, 0x50, 0x9B, 0xA1, 0x34, 0x43, 0x65, 0x56, 0x1A, 0x9D, 0xA8, 0x06, 0x94,
    0x65, 0x5C, 0x95, 0x71, 0x31, 0x78, 0xFB, 0x21, 0x88, 0xE7, 0x6E, 0x82, 0x69, 0xAF, 0xE8, 0x43,
    0xAD, 0x0F, 0xD5, 0x6C, 0x33, 0xF5, 0x93, 0xB5, 0xC5, 0xDE, 0x3B, 0x37, 0x5B, 0xBD, 0xD6, 0xF6,
    0x72, 0xD0, 0x7B, 0xAD, 0xFC, 0xBB, 0xD0, 0x08, 0xD0, 0xBE, 0x00, 0x7C, 0x2B, 0x7F, 0xAA, 0x5D,
    0x83, 0x02, 0x4D, 0x04, 0xCB, 0x91, 0xDA, 0x95, 0xC0, 0x56, 0xBB, 0xB0, 0xE3, 0x5C, 0x89, 0xDD,
    0x35, 0x53, 0xE7, 0x6E, 0x1F, 0x38, 0x75, 0xF5, 0xB8, 0x4E, 0x6E, 0x17, 0x5B, 0xD6, 0x8E, 0x44,
    0x8E, 0x86, 0x44, 0x8B, 0x07, 0x81, 0x38, 0x3E, 0x52, 0xD2, 0x08, 0xC2, 0x28, 0x7B, 0xAF, 0x5A,
    0xE6, 0x9D, 0x34, 0x66, 0xBC, 0xB5, 0xFB, 0x74, 0x9A, 0xF2, 0x6F, 0x85, 0x98, 0x57, 0xD9, 0x88,
    0x79, 0x65, 0xCF, 0x08, 0x1B, 0x18, 0xE6, 0x98, 0xEA, 0xF7, 0xD7, 0x46, 0xBA, 0x8A, 0x9D, 0x52,
    0x8E, 0xF6, 0x13, 0x71, 0x2D, 0x4E, 0x13, 0x75, 0xA0, 0xCC, 0x7B, 0x4E, 0x69, 0x4A, 0x94, 0x59,
    0xBF, 0x5D, 0xE8, 0x44, 0x3C, 0xDF, 0x9B, 0x20, 0xFC, 0x5A, 0xE1, 0x4A, 0xAE, 0xBB, 0xCB, 0xB0,
    0x42, 0x34, 0x9A, 0xCF, 0x18, 0xF6, 0x8A, 0xDE, 0xE3, 0x71, 0xF3, 0x50, 0x43, 0x97, 0x8E, 0xD2,
    0xD6, 0xF9, 0xBE, 0xF4, 0x35, 0x36, 0x72, 0x97, 0x6C, 0x86, 0x26, 0xF8, 0x3C, 0x08, 0x06, 0x0A,
    0x18, 0x8D, 0x68, 0xF7, 0x4E, 0xF5, 0x4C, 0xCE, 0xE6, 0xF6, 0x8B, 0x9F, 0x9B, 0x46, 0x97, 0xCF,
    0x84, 0x6A, 0xEB, 0xE4, 0x18, 0x8C, 0xDA, 0xE7, 0xE9, 0xAC, 0x5D, 0x64, 0x5D, 0x20, 0x6B, 0x0A,
    0x5D, 0x99, 0x3A, 0x9D, 0x7A, 0x5C, 0x82, 0x50, 0x52, 0xF5, 0x1A, 0x58, 0xC4, 0x19, 0xC4, 0x1B,
    0x32, 0x24, 0xE1, 0x66, 0x47, 0x4F, 0x93, 0xCA, 0xFC, 0x81, 0x62, 0x49, 0x98, 0x49, 0x93, 0x47,
    0x9E, 0xA9, 0xED, 0x8A, 0xAD, 0x06, 0xCE, 0x54, 0x73, 0x8D, 0x7A, 0xB8, 0xF3, 0x9D, 0xF1, 0xD8,
    0x26, 0x06, 0x68, 0xB9, 0xE3, 0x18, 0xC2, 0x10, 0xE2, 0x10, 0x02, 0xD1, 0x11, 0x3B, 0xED, 0xB0,
    0xAA, 0xF4, 0x8B, 0xF8, 0x34, 0xC4, 0xBE, 0x38, 0xFA, 0xE1, 0x34, 0x5E, 0xDC, 0x2F, 0xDA, 0xA3,
    0x57, 0x51, 0x84, 0x7E, 0xD1, 0x9F, 0x68, 0x04, 0x4F, 0xED, 0x81, 0x6E, 0x23, 0xFE, 0xA0, 0xC1,
    0xB9, 0x89, 0x0A, 0xAA, 0x7E, 0xAA, 0x9E, 0x37, 0x62, 0xDB, 0x22, 0xAA, 0x37, 0xDF, 0x74, 0x1D,
    0x5E, 0x7F, 0xD7, 0xC1, 0xBA, 0x0B, 0xA1, 0xA7, 0x13, 0x7B, 0x43, 0xA1, 0xBB, 0x10, 0xE4, 0x50,
    0x39, 0x7F, 0xD3, 0x5D, 0x88, 0xDD, 0x85, 0xEB, 0x1A, 0x02, 0xFF, 0x8A, 0xF8, 0x7F, 0xDC, 0x3C,
    0x70, 0x91, 0xDB, 0x24, 0xD3, 0xB2, 0xF3, 0x6B, 0x05, 0xA8, 0x57, 0xCB, 0x32, 0x3B, 0x3A, 0xD8,
    0x85, 0x85, 0x9B, 0x83, 0x95, 0xD9, 0x55, 0xFE, 0x18, 0x26, 0xE5, 0xB5, 0x33, 0x79, 0x79, 0xCA,
    0x1E, 0x77, 0x2E, 0x46, 0x87, 0x30, 0x65, 0x9A, 0xEB, 0x72, 0xB5, 0x5D, 0x4F, 0xC3, 0xA2, 0xC4,
    0x25, 0x23, 0x3A, 0xA4, 0x09, 0xF9, 0xF7, 0xB2, 0xBF, 0x35, 0x3D, 0x96, 0x69, 0x4B, 0x0F, 0x40,
    0x51, 0xE9, 0x5D, 0xB3, 0x33, 0x59, 0x26, 0x9B, 0x10, 0x10, 0xD8, 0xA2, 0x24, 0x74, 0xB3, 0xCE,
    0x12, 0xC8, 0x2B, 0xA6, 0x85, 0x14, 0x5C, 0x42, 0x93, 0x60, 0xAD, 0x24, 0xD1, 0xBC, 0xB0, 0xD9,
    0xA2, 0x7B, 0xC4, 0xA7, 0xB7, 0x67, 0xAB, 0xEB, 0x52, 0x74, 0xEE, 0x87, 0x1C, 0x5D, 0xE4, 0x11,
    0x26, 0x88, 0x1C, 0x2D, 0xFB, 0x5A, 0x8F, 0x21, 0xEA, 0xA1, 0x8B, 0x5B, 0xB6, 0x62, 0xF6, 0xFB,
    0xE7, 0x28, 0x40, 0x22, 0x4B, 0xEC, 0x44, 0x3F, 0xEC, 0xCE, 0x3F, 0x18, 0x0C, 0x03, 0x1D, 0x1E,
    0x0C, 0xF6, 0x03, 0x2E, 0x49, 0xA8, 0xF8, 0x4F, 0x51, 0xCA, 0x5C, 0x28, 0x65, 0x16, 0xCA, 0xC7,
    0x5B, 0xF1, 0x91, 0x73, 0x7A, 0x8F, 0x46, 0xBF, 0x8A, 0xDB, 0xDA, 0xD1, 0xDC, 0xDC, 0x0C, 0xD2,
    0xED, 0xD3, 0x97, 0xE9, 0x38, 0x6F, 0x63, 0x48, 0x4A, 0xA3, 0xE4, 0xA3, 0x54, 0x05, 0x49, 0xCF,
    0x64, 0xD0, 0xF2, 0xAC, 0x0E, 0x0F, 0x0D, 0x52, 0x16, 0x25, 0x1F, 0x25, 0x71, 0x38, 0xD3, 0xF2,
    0x13, 0xCD, 0x4A, 0xFC, 0xAC, 0xC7, 0x26, 0xA5, 0x64, 0x99, 0xCA, 0xA2, 0x58, 0x83, 0x64, 0x1C,
    0x24, 0x54, 0x62, 0x6A, 0xDF, 0x1C, 0x4B, 0x6A, 0x7B, 0x96, 0xAD, 0x9C, 0x45, 0xC9, 0x47, 0x29,
    0xB6, 0x7A, 0x57, 0x5A, 0x97, 0x03, 0x71, 0x7B, 0xCF, 0x30, 0x88, 0xC9, 0xA8, 0x94, 0x93, 0xC5,
    0x99, 0x81, 0x7D, 0xDC, 0x24, 0x2C, 0x1E, 0x00, 0xCD, 0x9B, 0xD8, 0x2E, 0xBE, 0x82, 0xF5, 0x3A,
    0x00, 0xBC, 0xEB, 0xFF, 0x19, 0xA2, 0xC9, 0xFB, 0x31, 0xD7, 0xF7, 0x3B, 0xE9, 0xFF, 0x88, 0x21,
    0x57, 0x84, 0x88, 0x81, 0x8F, 0x26, 0x7D, 0x3C, 0x5C, 0xAA, 0x37, 0x90, 0x23, 0xF7, 0xB6, 0xF3,
    0xBD, 0x1D, 0xA3, 0x97, 0x3D, 0xEC, 0xDD, 0xA6, 0xD2, 0x6D, 0x29, 0xF4, 0x81, 0x70, 0x85, 0x88,
    0x05, 0x81, 0x49, 0x99, 0x6F, 0x03, 0xED, 0xEE, 0x8C, 0x94, 0xF2, 0x23, 0xBF, 0x2D, 0x3D, 0xED,
    0x73, 0xE2, 0x28, 0x33, 0xEA, 0x11, 0xDA, 0x2B, 0x8E, 0xBF, 0x23, 0x8A, 0xB0, 0x1A, 0xC7, 0x5C,
    0x98, 0x6F, 0x52, 0x3D, 0xE5, 0xBF, 0x7E, 0xC9, 0x96, 0xD7, 0x83, 0xBD, 0xF5, 0x70, 0xF3, 0x6B,
    0x2E, 0x6B, 0x5C, 0x24, 0x8A, 0x05, 0x17, 0x5F, 0x2F, 0xA2, 0xD5, 0x2B, 0x35, 0xA9, 0x0F, 0x25,
    0x28, 0x82, 0x5E, 0xC7, 0x52, 0x4F, 0x5E, 0xB7, 0xD9, 0xDB, 0x37, 0xC9, 0xBF, 0xB9, 0x52, 0x38,
    0xB4, 0xA3, 0xDC, 0x6A, 0x02, 0x85, 0xDB, 0x71, 0x85, 0x27, 0xF0, 0x34, 0xA0, 0x70, 0x65, 0x2D,
    0x9E, 0x92, 0x10, 0x1C, 0x86, 0x15, 0x13, 0x0A, 0x97, 0xA2, 0x8F, 0xD5, 0xF9, 0x23, 0x28, 0x1C,
    0x7B, 0x25, 0x97, 0x33, 0x12, 0x87, 0x84, 0xC2, 0xF5, 0x4A, 0xAB, 0xA5, 0x05, 0xC1, 0x15, 0x4D,
    0x2F, 0x0F, 0x62, 0x55, 0xBE, 0x08, 0x85, 0xE6, 0xA0, 0x16, 0xCE, 0xD9, 0xF5, 0x17, 0x08, 0x56,
    0x1B, 0xA1, 0xD5, 0x50, 0xFB, 0x67, 0xBA, 0xBD, 0xF9, 0x25, 0x5A, 0x3A, 0xCD, 0x6C, 0x69, 0x4E,
    0x31, 0x57, 0xAB, 0xCA, 0x1F, 0xCA, 0x11, 0x8F, 0x1F, 0xC1, 0x37, 0x46, 0xEC, 0xBA, 0xC7, 0xC9,
    0x0A, 0xD4, 0xA7, 0x42, 0xE7, 0x46, 0x69, 0x9D, 0xC1, 0xAC, 0x99, 0xCE, 0xED, 0xBE, 0x16, 0x0A,
    0x97, 0x3F, 0x96, 0xB1, 0x12, 0x22, 0xF7, 0xA5, 0xD4, 0xFB, 0xD5, 0x33, 0x0E, 0xFB, 0x75, 0x29,
    0x87, 0xBB, 0x67, 0x72, 0xCD, 0x16, 0x9A, 0xF1, 0xA9, 0x85, 0xD7, 0x7F, 0xB9, 0x16, 0x03, 0x78,
    0xFD, 0xF7, 0x03, 0xBC, 0xFE, 0xFB, 0x96, 0xD9, 0x58, 0x35, 0x21, 0x02, 0x31, 0x58, 0xC9, 0x5C,
    0x43, 0xF3, 0x22, 0x5C, 0xCD, 0x35, 0x39, 0x15, 0x5C, 0x87, 0x0B, 0xD1, 0xFA, 0x8D, 0xE5, 0x04,
    0x6D, 0xAF, 0x7A, 0x14, 0x3D, 0xAC, 0xE1, 0x5F, 0xD4, 0xD9, 0x9F, 0x68, 0x1D, 0x5E, 0xA0, 0xDA,
    0x38, 0xE2, 0x55, 0x66, 0x27, 0x4B, 0xC3, 0x29, 0x56, 0x16, 0xE4, 0x25, 0x9C, 0xF1, 0x2A, 0xD2,
    0xA7, 0xF5, 0x03, 0x78, 0x5B, 0xCF, 0xE5, 0xD8, 0xB9, 0x65, 0x2B, 0x35, 0x4E, 0x68, 0xD2, 0x07,
    0xAD, 0xC2, 0xE7, 0xA7, 0xB0, 0x88, 0x71, 0x6E, 0xCC, 0x98, 0x01, 0x99, 0xA3, 0x4A, 0xE8, 0xBA,
    0x4F, 0x73, 0x3D, 0xF5, 0x5D, 0xF5, 0x9D, 0x42, 0x9B, 0xA6, 0xEB, 0x60, 0xF0, 0x48, 0xD2, 0xBD,
    0xD4, 0x1D, 0x0D, 0xEF, 0xE5, 0x2D, 0x0D, 0xF3, 0x19, 0x4D, 0x77, 0xE0, 0x4D, 0x7B, 0xD6, 0x96,
    0x95, 0x66, 0x57, 0x19, 0x91, 0x91, 0xF8, 0xA1, 0x29, 0x9D, 0x08, 0x41, 0xC1, 0x1B, 0xD8, 0x8C,
    0x2C, 0xF6, 0x76, 0x8E, 0xD4, 0x01, 0xFF, 0x1C, 0xB4, 0x7B, 0xCB, 0x85, 0xB4, 0x80, 0xD4, 0x08,
    0x37, 0xC2, 0x20, 0xAE, 0xBF, 0x11, 0x1D, 0x77, 0xF2, 0xA4, 0xE4, 0x8E, 0x45, 0x97, 0xE1, 0xA6,
    0x31, 0xE4, 0xDD, 0xFF, 0xD6, 0xB8, 0xFC, 0x68, 0x20, 0x2B, 0xDB, 0xF9, 0xCD, 0xE9, 0xF2, 0x5D,
    0x2A, 0xEC, 0x79, 0xA5, 0x35, 0xC9, 0x47, 0x85, 0xBE, 0xCD, 0xD7, 0x97, 0x32, 0x97, 0xFF, 0xAC,
    0x83, 0x1F, 0xFF, 0x1E, 0xD1, 0xE7, 0x67, 0xD7, 0x5D, 0x77, 0xF9, 0x4F, 0xE8, 0xDC, 0x74, 0x26,
    0xED, 0xBC, 0x15, 0xA1, 0x67, 0xA8, 0x94, 0x30, 0xBE, 0x3A, 0xED, 0x95, 0x5D, 0xE2, 0xE0, 0x41,
    0x1F, 0x6B, 0x98, 0x85, 0x1C, 0x9C, 0x67, 0x37, 0xAC, 0x8E, 0x92, 0xB9, 0x72, 0x79, 0x35, 0x27,
    0xC6, 0xBC, 0x97, 0xD3, 0x19, 0xE7, 0xE0, 0x93, 0x1E, 0x5F, 0x7B, 0xEF, 0xE4, 0x85, 0xA7, 0xFA,
    0xEA, 0x1D, 0x97, 0xB2, 0x95, 0x20, 0x9A, 0x0E, 0x82, 0xBA, 0xE5, 0x4C, 0x65, 0x4A, 0x1A, 0x54,
    0x77, 0xCD, 0xF5, 0x61, 0xE5, 0xE5, 0x0E, 0x3E, 0xB9, 0x2B, 0x63, 0xCE, 0xA0, 0xCB, 0x46, 0x3A,
    0xA4, 0x42, 0x44, 0x78, 0xD4, 0x92, 0xC7, 0x6A, 0x52, 0xB6, 0x29, 0xDE, 0xC2, 0xA0, 0x7B, 0x61,
    0xB4, 0x72, 0xEF, 0xAB, 0x8D, 0xFF, 0x00, 0x4D, 0x90, 0xB1, 0x51, 0xC5, 0x30, 0x0C, 0x86, 0xFF,
    0x3C, 0xDF, 0x91, 0x22, 0x85, 0xD9, 0xC0, 0x3D, 0x8D, 0x37, 0x20, 0xD9, 0x88, 0x11, 0xE4, 0x7B,
    0xAC, 0xC0, 0x00, 0xD4, 0x34, 0x34, 0xD4, 0xD8, 0x6C, 0xE0, 0x11, 0x72, 0x4C, 0xE0, 0x3B, 0x52,
    0xB8, 0x48, 0xF2, 0x23, 0xBD, 0x82, 0xC3, 0x96, 0xEE, 0x64, 0xEB, 0x97, 0xFD, 0x49, 0x8F, 0x00,
    0x17, 0xB0, 0x42, 0x1A, 0xC2, 0x0E, 0x47, 0x20, 0x02, 0x52, 0x06, 0x16, 0xC7, 0xE4, 0x0F, 0xCC,
    0x0D, 0x98, 0x2A, 0x30, 0x77, 0x55, 0x9E, 0x18, 0xC9, 0x14, 0xBA, 0x34, 0x59, 0xFD, 0x7E, 0xE9,
    0xF8, 0xF0, 0xBC, 0xEE, 0x33, 0xB9, 0xCB, 0x95, 0x2D, 0x23, 0x26, 0xFE, 0x5B, 0x0F, 0xCB, 0xDD,
    0xEB, 0x5C, 0xFD, 0x16, 0xB7, 0xD8, 0x3C, 0x59, 0x1D, 0xF5, 0xAB, 0xA7, 0x8E, 0x90, 0xF2, 0xCA,
    0xA6, 0xFA, 0x35, 0xA6, 0x90, 0x3E, 0x91, 0xBF, 0x99, 0xF8, 0xC3, 0x62, 0x6E, 0x71, 0xD4, 0x3B,
    0x59, 0xF3, 0x91, 0x39, 0x10, 0x1C, 0x0E, 0xD7, 0xC7, 0x03, 0x91, 0x49, 0x58, 0xCF, 0xA9, 0xED,
    0xCE, 0x4C, 0x03, 0x3D, 0xEA, 0xA5, 0xA6, 0x94, 0x58, 0x99, 0x73, 0xC9, 0x4A, 0xFD, 0x65, 0xDC,
    0xCF, 0x46, 0x7E, 0x63, 0x57, 0x7A, 0x23, 0x35, 0x62, 0x23, 0xB7, 0x0E, 0x6E, 0x9D, 0x58, 0x47,
    0x60, 0xF9, 0xF3, 0x0B, 0xCB, 0xDB, 0x3B, 0x8D, 0x1E, 0x54, 0x0D, 0xD9, 0x61, 0xF2, 0x50, 0x65,
    0xE3, 0x6E, 0x5B, 0xB6, 0x60, 0x25, 0xC8, 0x26, 0xB5, 0x61, 0xCD, 0x66, 0x83, 0x21, 0x2C, 0x63,
    0xB7, 0x8C, 0x4B, 0x98, 0x12, 0xFC, 0x0B, 0x82, 0x76, 0x29, 0xE5, 0x5E, 0x8A, 0x70, 0x91, 0x8E,
    0xE9, 0x34, 0xB9, 0x16, 0xE9, 0x90, 0xF5, 0xCD, 0x99, 0x69, 0xE2, 0xF2, 0x0B, 0xE5, 0x9C, 0xBF,
    0x8F, 0xDC, 0xC6, 0x15, 0xC7, 0x87, 0x5C, 0xE8, 0x08, 0x84, 0x05, 0x1B, 0x39, 0x08, 0xE4, 0x82,
    0xB5, 0x55, 0x88, 0xFF, 0x41, 0x48, 0xDB, 0x45, 0x8A, 0x34, 0x2A, 0x92, 0xDA, 0x8D, 0x8B, 0xE0,
    0x10, 0x40, 0x7F, 0x41, 0x44, 0xCA, 0x8D, 0x4A, 0xEB, 0x4F, 0x50, 0xE1, 0xC2, 0x3E, 0x17, 0x6E,
    0xDD, 0x91, 0x8A, 0x8A, 0x14, 0x2E, 0xB2, 0x8E, 0x8B, 0x94, 0xA2, 0x1C, 0x05, 0x01, 0xA2, 0x42,
    0x44, 0x4C, 0x40, 0x84, 0x40, 0x72, 0xF2, 0xDE, 0xF7, 0xCD, 0xF0, 0xC7, 0xDE, 0xF2, 0xEE, 0x74,
    0x77, 0xD2, 0xED, 0x4A, 0x87, 0x3B, 0x8E, 0xB4, 0xCB, 0x1D, 0xCE, 0xCC, 0x67, 0xDE, 0x9B, 0xF7,
    0xDE, 0xBC, 0x59, 0xA5, 0x02, 0x5D, 0x28, 0xFA, 0x09, 0xF5, 0x9A, 0x8B, 0x58, 0x57, 0x93, 0x22,
    0xD7, 0x0D, 0x17, 0x5A, 0xB7, 0x74, 0x75, 0xB4, 0xEE, 0xA8, 0x58, 0xE9, 0x27, 0x1A, 0xC5, 0xDF,
    0xB9, 0xF0, 0xF5, 0xEF, 0x75, 0xA6, 0xA8, 0x92, 0x15, 0x57, 0x13, 0x52, 0x41, 0xD5, 0x44, 0x9D,
    0xAB, 0x4B, 0xAA, 0xA4, 0x55, 0x5C, 0x4D, 0x4A, 0x45, 0xAD, 0xF8, 0x8F, 0xFE, 0xA5, 0xF4, 0xAB,
    0xA3, 0xBC, 0x55, 0xAE, 0xA6, 0x9F, 0x9E, 0x2A, 0xE1, 0x1F, 0xE5, 0xA1, 0x48, 0x02, 0x14, 0x45,
    0xA0, 0x13, 0x7A, 0xA5, 0x88, 0x34, 0x3F, 0xA4, 0x8C, 0x7B, 0x45, 0x77, 0x57, 0x69, 0xC7, 0x0D,
    0xA8, 0x73, 0x6E, 0x88, 0x34, 0x6A, 0xCB, 0x8F, 0xD3, 0xA1, 0xF0, 0xA8, 0x02, 0xA5, 0x6C, 0xC7,
    0xE6, 0x85, 0x79, 0xCF, 0xDC, 0xF9, 0x47, 0xFA, 0x4F, 0x44, 0xED, 0x70, 0xF8, 0xB9, 0xDC, 0x8A,
    0x8A, 0xDB, 0x50, 0x87, 0xFA, 0x63, 0xEA, 0xF1, 0x9F, 0xD1, 0x5E, 0xEE, 0x85, 0xFA, 0x35, 0x3D,
    0xF7, 0x0E, 0x8D, 0x02, 0xDF, 0xD2, 0x46, 0xFA, 0xDF, 0x69, 0x9B, 0x36, 0xF4, 0x06, 0xF5, 0x2E,
    0x6D, 0xA9, 0x35, 0xBA, 0xD5, 0xFA, 0x3B, 0xDD, 0xE6, 0xF4, 0x6E, 0x17, 0xF3, 0x85, 0x6A, 0xF9,
    0xB2, 0x77, 0xF2, 0xC6, 0xEF, 0xA7, 0xCD, 0x4B, 0x13, 0xEE, 0xC3, 0x9A, 0xBB, 0x55, 0x4D, 0x2F,
    0x78, 0x0D, 0xEF, 0x2A, 0x4F, 0x3E, 0xE0, 0x0B, 0x0C, 0x5F, 0x28, 0xA8, 0x50, 0x8A, 0xC0, 0xFC,
    0x0F, 0xEF, 0xA9, 0x38, 0x51, 0x4B, 0x3F, 0x9B, 0x48, 0xCB, 0x19, 0xD2, 0x7A, 0x86, 0x94, 0x0B,
    0x57, 0x3F, 0xE9, 0x47, 0xA4, 0x1E, 0x21, 0x4D, 0xB8, 0x12, 0x8F, 0xAB, 0x31, 0x64, 0xA3, 0xDE,
    0x20, 0x75, 0xA6, 0x48, 0x1B, 0x95, 0x37, 0x40, 0xAA, 0x0D, 0xD2, 0x6E, 0x8E, 0x94, 0x7A, 0xC0,
    0x3F, 0x19, 0x23, 0xF5, 0x75, 0x11, 0x02, 0xE9, 0x3A, 0x16, 0xB2, 0x8C, 0x94, 0xC8, 0x32, 0x52,
    0x87, 0x6A, 0x72, 0x79, 0x1E, 0x99, 0x41, 0x61, 0xC0, 0x1E, 0xB7, 0x6C, 0xC5, 0x17, 0xAF, 0xB1,
    0x9D, 0xBF, 0x91, 0xCD, 0xFA, 0xB9, 0x84, 0xAF, 0x67, 0x7C, 0xDF, 0x5F, 0x08, 0xDF, 0x1D, 0xC2,
    0xF7, 0x2C, 0x10, 0x1A, 0xAE, 0x8C, 0xBB, 0xDF, 0xCA, 0xF0, 0x4B, 0x11, 0xF3, 0x30, 0x7E, 0xAF,
    0x04, 0xE7, 0x27, 0x3D, 0x46, 0x1D, 0xC3, 0x9D, 0xA2, 0xF5, 0x8E, 0xBE, 0xCF, 0xAF, 0xF9, 0xBD,
    0x23, 0x2C, 0xB6, 0x63, 0x5A, 0x0B, 0x26, 0xF0, 0x89, 0xAC, 0xE4, 0xD5, 0x82, 0xA9, 0x9D, 0x61,
    0xEA, 0x05, 0x93, 0x48, 0xDE, 0x0F, 0xCC, 0xC7, 0xD3, 0xF7, 0x85, 0xCF, 0xA7, 0x52, 0x80, 0x4F,
    0xD4, 0x83, 0x4F, 0xDC, 0x81, 0x0F, 0x0D, 0x00, 0xF8, 0x34, 0x22, 0x79, 0xFD, 0x51, 0xDE, 0x09,
    0x26, 0x3D, 0xC7, 0x94, 0xF9, 0xA3, 0xE4, 0x11, 0x1F, 0xC1, 0x54, 0x31, 0x26, 0xAA, 0x2D, 0xEE,
    0x20, 0x72, 0x22, 0x79, 0x68, 0x94, 0x23, 0xE2, 0x25, 0xB3, 0x4A, 0x26, 0x55, 0x85, 0x56, 0x16,
    0x98, 0x3D, 0x74, 0xB9, 0x7B, 0xF0, 0x95, 0x9D, 0xD6, 0x3E, 0xFA, 0x13, 0x41, 0x75, 0xE4, 0xFF,
    0x20, 0xC6, 0x2B, 0xAD, 0xF2, 0x72, 0xEB, 0x78, 0x30, 0x4E, 0xF0, 0x14, 0xA0, 0x68, 0x5C, 0xA5,
    0x80, 0x54, 0x09, 0x53, 0x0B, 0x15, 0x54, 0x81, 0x15, 0x5C, 0x71, 0x67, 0xAB, 0x40, 0x56, 0x01,
    0xAD, 0x02, 0x5B, 0x05, 0xB8, 0x0A, 0x74, 0x15, 0xF0, 0x2A, 0xF0, 0xE5, 0x3A, 0xEF, 0x74, 0x6A,
    0x24, 0xAC, 0x44, 0xA3, 0xAC, 0xE4, 0x7F, 0x2B, 0xE8, 0x88, 0x8F, 0xD0, 0x7E, 0x47, 0x67, 0xDC,
    0x45, 0x4F, 0x57, 0x7E, 0xC3, 0x8D, 0xC3, 0xD3, 0xA9, 0x1F, 0x09, 0x6E, 0xCB, 0xD7, 0x4B, 0x6C,
    0x3D, 0xA1, 0x29, 0xBD, 0xA7, 0xE7, 0x35, 0x42, 0x5A, 0x1A, 0x8F, 0xC1, 0xA0, 0x89, 0xA2, 0x85,
    0x34, 0x0A, 0xFD, 0x92, 0xE7, 0xBF, 0xA3, 0xFF, 0xC5, 0xA3, 0xB8, 0xD2, 0x7F, 0x95, 0x89, 0xF5,
    0x88, 0xAB, 0xF1, 0x75, 0xC6, 0x45, 0xA0, 0x41, 0x93, 0xE8, 0xF0, 0x18, 0x44, 0x3D, 0x53, 0xE6,
    0xAE, 0xD2, 0xBF, 0x54, 0x4A, 0x6C, 0x35, 0x4F, 0x17, 0xD6, 0xA3, 0x8E, 0xD0, 0x14, 0xD2, 0x85,
    0x90, 0x2E, 0x59, 0x98, 0x1D, 0x16, 0x90, 0x82, 0x55, 0x31, 0x93, 0x56, 0x2C, 0x0B, 0xDC, 0x80,
    0x96, 0x49, 0x2B, 0x56, 0xB4, 0x2A, 0x04, 0xDA, 0x78, 0x3D, 0xCC, 0x70, 0x15, 0xB5, 0x6A, 0xA0,
    0xAA, 0x50, 0x47, 0x31, 0x68, 0xA6, 0x81, 0x6A, 0x72, 0x3A, 0xD5, 0x6E, 0x4A, 0xB5, 0x9C, 0x50,
    0x6D, 0xCE, 0x4A, 0x35, 0x05, 0xD5, 0x9C, 0xA9, 0x3A, 0x33, 0xAA, 0xED, 0x02, 0xD5, 0x13, 0x94,
    0xE9, 0x5F, 0xA0, 0x4F, 0x48, 0xE5, 0x44, 0x6B, 0x7E, 0xA7, 0xFC, 0x6D, 0xC2, 0x58, 0x44, 0xE4,
    0x1E, 0x8B, 0x90, 0xA9, 0x65, 0xC1, 0xF5, 0x45, 0x62, 0x03, 0xA9, 0x31, 0x14, 0xC6, 0x91, 0x85,
    0xDB, 0x0A, 0xDC, 0x5E, 0xE4, 0x57, 0x43, 0x32, 0x9E, 0xF3, 0x78, 0xBB, 0xFA, 0x9F, 0xA2, 0xE3,
    0x1E, 0x73, 0xD5, 0x9E, 0xFE, 0x82, 0x1B, 0x16, 0xD0, 0x5A, 0x23, 0x70, 0xB9, 0x20, 0x96, 0xCC,
    0x98, 0xC8, 0xF2, 0x58, 0x50, 0x8F, 0xB9, 0xC8, 0x09, 0x6E, 0x6F, 0xE0, 0x1A, 0xF9, 0x4D, 0x84,
    0x6A, 0x26, 0xF2, 0x5B, 0x90, 0x6E, 0xA5, 0x37, 0xD6, 0x01, 0x55, 0x4F, 0x8C, 0x59, 0x7E, 0x95,
    0xC8, 0x2F, 0x8D, 0x15, 0xB8, 0x42, 0x7A, 0xA3, 0x46, 0x1A, 0x28, 0x57, 0xA8, 0xD2, 0x14, 0x7D,
    0x8C, 0x71, 0x4D, 0xE9, 0x95, 0x58, 0x41, 0xE8, 0x1F, 0xFD, 0xC1, 0xCE, 0x60, 0x99, 0xB2, 0xE9,
    0x7F, 0xF0, 0xF2, 0x3D, 0x7E, 0xCC, 0x91, 0x3A, 0x7C, 0x78, 0x95, 0x82, 0xFB, 0x59, 0x3F, 0x20,
    0xBE, 0xF3, 0x2C, 0xCC, 0xEC, 0x33, 0xA1, 0xD1, 0x58, 0x2D, 0xD6, 0x1F, 0x6E, 0x33, 0x0F, 0x3E,
    0x17, 0x4D, 0xAE, 0x0D, 0xBF, 0x62, 0xA2, 0x71, 0xF3, 0x27, 0xB2, 0x06, 0x7E, 0x0A, 0x7B, 0xA6,
    0x53, 0x79, 0x76, 0x1E, 0x85, 0x9D, 0x5E, 0xA2, 0xC2, 0xCE, 0xA7, 0x0A, 0xDB, 0x99, 0x2A, 0xEC,
    0xE4, 0x2C, 0x0A, 0xBB, 0x9F, 0x29, 0xEC, 0xB0, 0xF6, 0xD7, 0x3C, 0x77, 0x4A, 0x8C, 0xD3, 0xAA,
    0x3D, 0xE8, 0x8F, 0x77, 0xEC, 0x16, 0x9A, 0x5E, 0x98, 0xF5, 0x37, 0xE0, 0x3E, 0xC4, 0x2F, 0x35,
    0x4F, 0x04, 0x52, 0x23, 0x9B, 0xC0, 0xDF, 0xE0, 0xAA, 0xFB, 0xD9, 0xB0, 0xEA, 0xB6, 0x53, 0x4B,
    0x2E, 0x92, 0x01, 0xCF, 0x5F, 0x34, 0x18, 0xCD, 0x15, 0x0F, 0x2A, 0xAD, 0x30, 0x87, 0xC9, 0x59,
    0x0D, 0xA0, 0xF7, 0xC9, 0xA6, 0x4D, 0x95, 0x59, 0x7A, 0xB1, 0xF6, 0x40, 0x2A, 0xF3, 0x9F, 0x75,
    0xB6, 0xD2, 0xD9, 0x16, 0x05, 0xBD, 0x73, 0x06, 0xB0, 0x52, 0xB7, 0x65, 0x0D, 0x96, 0xF1, 0x08,
    0x64, 0x1E, 0xC8, 0x22, 0x24, 0x66, 0x06, 0x2F, 0xC9, 0x28, 0xBE, 0x99, 0xD4, 0xEC, 0xD2, 0x6C,
    0x10, 0x73, 0x11, 0x1C, 0xFB, 0x55, 0x3F, 0x32, 0xB6, 0xE0, 0xBD, 0xFE, 0x54, 0x8B, 0x39, 0x9A,
    0x4D, 0x98, 0xF4, 0xD4, 0x09, 0xE3, 0xE9, 0x2F, 0xB7, 0x4C, 0x98, 0x1E, 0x13, 0x26, 0x9E, 0x4D,
    0x18, 0x12, 0xE9, 0x71, 0xC2, 0x38, 0xA7, 0x4F, 0x18, 0x16, 0xE9, 0xA5, 0x09, 0xA3, 0x87, 0x09,
    0x73, 0xDD, 0x62, 0x87, 0x48, 0x40, 0x70, 0xA0, 0xE4, 0x61, 0x97, 0x1C, 0xD9, 0x19, 0xF4, 0x8D,
    0xBA, 0x99, 0x39, 0x9A, 0x75, 0x3D, 0x69, 0xF0, 0x4C, 0xEC, 0x0E, 0xE8, 0x75, 0x57, 0x3F, 0x50,
    0x67, 0x9E, 0x12, 0x97, 0x29, 0xDE, 0xD7, 0xE5, 0x51, 0xB9, 0x14, 0x66, 0xA1, 0x15, 0x21, 0x57,
    0xB1, 0x90, 0xF7, 0x3B, 0x75, 0x0A, 0x65, 0x57, 0x9F, 0x9B, 0x72, 0x39, 0xA3, 0x5C, 0x5F, 0x40,
    0x2D, 0xC4, 0x9D, 0xE8, 0x6F, 0x43, 0x19, 0x2B, 0xD7, 0x94, 0x72, 0x77, 0x6E, 0xB5, 0xA0, 0x8D,
    0xFE, 0xBE, 0x36, 0xAC, 0xD0, 0x71, 0x69, 0xAD, 0xB2, 0x70, 0x60, 0x3E, 0x28, 0xC1, 0xDD, 0xA1,
    0x3C, 0xB8, 0x4E, 0x17, 0x73, 0x66, 0x2F, 0x4A, 0x79, 0x2F, 0xBD, 0xDF, 0x9A, 0x2F, 0xED, 0xCC,
    0xFB, 0xF5, 0x01, 0x7C, 0x8A, 0x70, 0xB7, 0x28, 0x47, 0x99, 0x9F, 0x40, 0x1F, 0x45, 0xC6, 0x08,
    0x63, 0xDB, 0xB6, 0x81, 0x67, 0xE1, 0x57, 0xEE, 0x64, 0x59, 0x73, 0x6E, 0xAB, 0x0F, 0x0C, 0x57,
    0x18, 0xC3, 0x62, 0x8C, 0x89, 0xA4, 0x59, 0x2B, 0xEA, 0x40, 0x67, 0xEA, 0xDD, 0xB2, 0xBE, 0xCA,
    0xD5, 0x5A, 0xE5, 0x1D, 0x39, 0xCB, 0x6C, 0x82, 0xB9, 0x6D, 0x48, 0x26, 0x58, 0x63, 0x56, 0x6A,
    0x33, 0x2C, 0x3D, 0x68, 0x7E, 0xBC, 0x13, 0x9A, 0xF9, 0x92, 0x34, 0xEC, 0x7B, 0x68, 0x78, 0x39,
    0x47, 0xD0, 0xBF, 0x09, 0xB3, 0x24, 0xAB, 0x79, 0xC2, 0xD2, 0x79, 0x1D, 0x96, 0x57, 0x64, 0x78,
    0xC9, 0xBC, 0x5E, 0xBC, 0x82, 0xDF, 0xE2, 0x15, 0x44, 0x17, 0xAF, 0x27, 0x7F, 0xD6, 0xD6, 0x70,
    0xC2, 0xD3, 0x17, 0xD9, 0xC8, 0xF0, 0x0B, 0x8B, 0xE9, 0x55, 0x5E, 0x37, 0xFC, 0x3E, 0x48, 0x30,
    0xB1, 0x7A, 0x89, 0xB4, 0xAC, 0x31, 0x59, 0x1A, 0x68, 0xE6, 0x8E, 0xF0, 0x3C, 0x48, 0x35, 0x0F,
    0xB3, 0xAF, 0x13, 0x32, 0x3B, 0x68, 0xD6, 0xA5, 0x98, 0x34, 0xB3, 0xAB, 0xE8, 0x97, 0x66, 0x70,
    0x5E, 0x09, 0x5B, 0x12, 0x24, 0xF4, 0xA8, 0x57, 0x54, 0x8F, 0x87, 0xDA, 0x1C, 0x84, 0x34, 0xD8,
    0x45, 0x85, 0x62, 0x7B, 0xB6, 0xD9, 0x5C, 0x58, 0xB6, 0x32, 0xD6, 0x18, 0xF6, 0xD9, 0xD5, 0x31,
    0x61, 0xC3, 0x04, 0x02, 0x97, 0x4D, 0xDE, 0x95, 0xC8, 0x4B, 0xAB, 0xEC, 0x4A, 0x20, 0x4B, 0x81,
    0x5D, 0x32, 0x37, 0x7E, 0x76, 0x9A, 0xA0, 0x98, 0xEC, 0x2E, 0xEE, 0x75, 0x45, 0xE2, 0xA6, 0xFD,
    0x42, 0x80, 0xD7, 0x58, 0x04, 0x37, 0xB2, 0xAD, 0x01, 0xA4, 0x10, 0x04, 0x35, 0x13, 0x5C, 0x21,
    0xAE, 0x10, 0x80, 0x60, 0x04, 0x82, 0x29, 0x08, 0xE6, 0x35, 0xBD, 0x25, 0x4F, 0x2C, 0x66, 0x57,
    0x69, 0xA1, 0x70, 0x34, 0x8A, 0x8C, 0x03, 0x5D, 0x11, 0x08, 0x4A, 0x94, 0x62, 0x25, 0x04, 0x25,
    0x24, 0x77, 0x00, 0x82, 0xE1, 0xDA, 0xA3, 0xC9, 0x94, 0x77, 0x34, 0xDC, 0x8E, 0x3C, 0x97, 0x94,
    0x77, 0xA6, 0x56, 0xB5, 0xDB, 0xED, 0xDD, 0xF8, 0x47, 0xE8, 0x1D, 0xFA, 0x48, 0x3D, 0x5D, 0xD0,
    0xDF, 0xDB, 0xC6, 0xB9, 0x59, 0x1A, 0xE7, 0xE2, 0x3C, 0xE3, 0xDC, 0x40, 0xFA, 0x64, 0x9C, 0x13,
    0x3B, 0xCE, 0x83, 0xCF, 0xE7, 0xC8, 0x8C, 0xC0, 0xE8, 0x06, 0x9D, 0x75, 0x05, 0xEE, 0xB2, 0x33,
    0xE3, 0xEA, 0xF5, 0x21, 0x4B, 0x37, 0xD7, 0x1D, 0xBF, 0xEC, 0x6D, 0x2C, 0x8A, 0x6C, 0xDE, 0x1B,
    0x0F, 0xF6, 0x8D, 0xC5, 0x10, 0x40, 0xF7, 0x71, 0x77, 0x24, 0xE3, 0x55, 0x43, 0x13, 0x94, 0x36,
    0xFA, 0x1C, 0x1F, 0x0F, 0xA0, 0xF7, 0x63, 0x00, 0x3D, 0x39, 0x29, 0xD4, 0x7A, 0x15, 0x04, 0xDD,
    0x7A, 0x14, 0x69, 0x84, 0x8A, 0x3F, 0x5A, 0x21, 0x54, 0x9C, 0xA5, 0x95, 0x09, 0x9D, 0x9B, 0x50,
    0xF1, 0x4F, 0x27, 0x84, 0x8A, 0x77, 0x9C, 0x5A, 0x00, 0x74, 0x51, 0x35, 0xFA, 0xA8, 0x61, 0x3F,
    0xAC, 0x42, 0xB7, 0x78, 0x96, 0x0A, 0x2F, 0x6F, 0x1F, 0x78, 0x99, 0x75, 0xA6, 0x9E, 0xAF, 0x33,
    0xB7, 0x58, 0x1F, 0x53, 0x2F, 0x68, 0x9D, 0xA1, 0x5E, 0x90, 0xCF, 0x31, 0xEB, 0x85, 0x4A, 0xAB,
    0x25, 0x6A, 0xC5, 0xE2, 0xF5, 0x6D, 0x50, 0x5B, 0x7C, 0xFA, 0xB9, 0x63, 0xDE, 0x3C, 0x57, 0xD3,
    0x97, 0x34, 0x62, 0x0E, 0x55, 0xB5, 0xE6, 0x98, 0xF7, 0xCD, 0x87, 0xBB, 0xC1, 0x2E, 0x7A, 0xE6,
    0x17, 0xE6, 0x89, 0x2E, 0xBA, 0xB8, 0x6A, 0xBC, 0x63, 0xEB, 0xD1, 0x6F, 0x84, 0x4C, 0x02, 0xBA,
    0xE5, 0xB0, 0xFF, 0x94, 0x8A, 0xE6, 0x7C, 0x44, 0xC3, 0xE0, 0xF6, 0xEA, 0xCE, 0x7A, 0xDF, 0x64,
    0x30, 0xAC, 0xBD, 0x35, 0xAC, 0xB8, 0x6A, 0x58, 0x91, 0xB7, 0x05, 0xB3, 0x87, 0x80, 0xB6, 0x04,
    0x96, 0xC4, 0x9A, 0x42, 0x4C, 0x1B, 0x41, 0x6D, 0x89, 0x6A, 0x2F, 0xEF, 0x63, 0x5C, 0x81, 0x3C,
    0xDE, 0x15, 0x99, 0x5C, 0xAB, 0x61, 0x8D, 0x7B, 0x0E, 0x52, 0x5F, 0xC8, 0x1A, 0x77, 0xB8, 0x8F,
    0x6B, 0xDC, 0xF9, 0x2D, 0xF6, 0x08, 0xAB, 0xA3, 0xD1, 0xA5, 0xCD, 0x40, 0x24, 0x7D, 0xCA, 0xF3,
    0x96, 0x1C, 0xAC, 0x6A, 0x2B, 0xF1, 0xBD, 0xB2, 0xF3, 0x79, 0x3D, 0x90, 0x01, 0x47, 0x34, 0x47,
    0xB1, 0x06, 0x62, 0xB3, 0xD2, 0xAB, 0x37, 0x19, 0x57, 0xD3, 0xBF, 0x23, 0xFD, 0xEA, 0x21, 0x00,
    0x5C, 0xE0, 0x8F, 0xEB, 0xD8, 0xAC, 0x97, 0xBC, 0x7C, 0x4F, 0xAF, 0x59, 0xF9, 0x85, 0x15, 0x9B,
    0xE1, 0x61, 0xA9, 0xE2, 0x11, 0x62, 0xAE, 0xAB, 0xE1, 0xF7, 0x90, 0xEE, 0x39, 0xF3, 0xEF, 0xDB,
    0x6A, 0xFE, 0x26, 0x03, 0x07, 0xA2, 0x5B, 0x0D, 0x7F, 0x18, 0x79, 0x1E, 0xF7, 0x34, 0xA1, 0x7F,
    0xD2, 0x2B, 0xF2, 0xCB, 0x2F, 0xA7, 0xC9, 0x7C, 0xBC, 0xAB, 0xE1, 0xF7, 0xE8, 0x75, 0x7A, 0x3A,
    0x3C, 0x7B, 0x5B, 0xFD, 0x1F, 0xC2, 0xFF, 0xF7, 0x64, 0x7B, 0x32, 0x96, 0x06, 0x0F, 0xD1, 0xC2,
    0x6F, 0x69, 0x0A, 0xF0, 0x3E, 0x72, 0xC4, 0xF1, 0xC1, 0x8C, 0xEE, 0x1A, 0x62, 0x14, 0x08, 0x4E,
    0xD4, 0x39, 0xC2, 0xF9, 0x0D, 0xB4, 0x42, 0xDA, 0xE2, 0x49, 0xF1, 0x42, 0x21, 0xB7, 0x98, 0x0F,
    0x98, 0x8F, 0x9B, 0xCA, 0x4C, 0xD5, 0xE6, 0x41, 0xE6, 0xB1, 0xA6, 0x11, 0xB6, 0x49, 0xA6, 0x81,
    0xD4, 0xDC, 0x87, 0x97, 0x94, 0x59, 0x35, 0x6E, 0x09, 0xAF, 0x51, 0x7B, 0x4D, 0x82, 0x28, 0x5B,
    0xB9, 0x59, 0x0E, 0x55, 0x1A, 0x90, 0x2A, 0x6D, 0x90, 0xDE, 0xC0, 0x06, 0x47, 0x01, 0x5C, 0xF3,
    0x2B, 0x5E, 0x97, 0x3B, 0xA9, 0x2B, 0x91, 0xA6, 0xDF, 0xFF, 0x52, 0xA5, 0x01, 0x34, 0xD5, 0x4A,
    0x1A, 0x9E, 0x43, 0xE3, 0x1C, 0x5C, 0x40, 0x1C, 0x95, 0x89, 0x96, 0x0C, 0x1D, 0xDA, 0x1A, 0xA9,
    0x36, 0xDB, 0x13, 0xCB, 0x01, 0xCA, 0xBD, 0x04, 0x7D, 0x71, 0xD7, 0xFC, 0x6A, 0x28, 0x3B, 0x42,
    0xC5, 0x9B, 0xED, 0x13, 0x62, 0x73, 0xE4, 0x3A, 0xB6, 0xBF, 0x4C, 0x7C, 0xD9, 0x20, 0x35, 0x21,
    0x48, 0xFD, 0x43, 0x07, 0x42, 0x2E, 0x16, 0xDF, 0xAF, 0xD4, 0x61, 0xF6, 0x4E, 0xB1, 0x1C, 0x5C,
    0x4B, 0x0F, 0xBD, 0x0D, 0xEA, 0x31, 0x8D, 0x07, 0x66, 0x20, 0xBA, 0x1D, 0x3B, 0x5F, 0xAB, 0x6D,
    0xAE, 0xCA, 0x53, 0x71, 0x55, 0x16, 0x96, 0xD7, 0xAB, 0x23, 0x6D, 0x40, 0xAF, 0x6C, 0x46, 0x00,
    0x5F, 0xFF, 0x64, 0xB6, 0x4B, 0x54, 0xBA, 0x46, 0xB0, 0xD9, 0x2F, 0x6D, 0xDE, 0x9D, 0x2B, 0x79,
    0x77, 0x41, 0x77, 0x42, 0xDE, 0xDD, 0x7E, 0x23, 0xF6, 0xC5, 0x0F, 0x95, 0x4D, 0x10, 0xF1, 0x43,
    0xBB, 0x61, 0x64, 0xC8, 0x0F, 0x2D, 0xF6, 0x09, 0xEE, 0xB0, 0x45, 0x58, 0x1C, 0xDB, 0x22, 0xFC,
    0xDC, 0xA4, 0x68, 0x41, 0xF1, 0xD2, 0x0D, 0xEC, 0xB0, 0x91, 0x18, 0xF3, 0x16, 0x92, 0x7E, 0x81,
    0xDD, 0x31, 0xFD, 0x3B, 0x2D, 0xA1, 0xA2, 0x65, 0xD4, 0x7B, 0xCA, 0x58, 0xE8, 0xC6, 0xED, 0xE8,
    0xBB, 0x3A, 0x92, 0xB9, 0x24, 0x57, 0x1E, 0xB4, 0xBB, 0x2E, 0xB6, 0x16, 0xEE, 0xDD, 0xE6, 0x4F,
    0x97, 0xB0, 0x92, 0xE1, 0xE3, 0xFD, 0x02, 0x8A, 0x05, 0xDB, 0xCA, 0xE4, 0xB5, 0x3E, 0xD8, 0x11,
    0xD2, 0x69, 0xC6, 0xD3, 0xD6, 0x9D, 0x6D, 0x12, 0xFA, 0xF5, 0x1D, 0xEC, 0xB4, 0x56, 0x07, 0xDB,
    0xB6, 0x60, 0x24, 0x45, 0xC0, 0xB5, 0xF3, 0x23, 0x9B, 0x26, 0x6C, 0xBD, 0x90, 0x6D, 0xDB, 0xFB,
    0xFA, 0x34, 0x49, 0xDF, 0x4B, 0xFC, 0x61, 0xE3, 0x95, 0x33, 0x37, 0xD7, 0x3D, 0x97, 0x9B, 0x4B,
    0x2F, 0x8B, 0x9B, 0x7B, 0xF3, 0xE1, 0xAE, 0x88, 0xFB, 0xF5, 0x69, 0x12, 0xDE, 0xC6, 0xCA, 0xFC,
    0x44, 0x56, 0xE6, 0xD5, 0x3B, 0xBB, 0x32, 0x5F, 0xC8, 0x9C, 0x8E, 0x95, 0xDA, 0xBA, 0x68, 0xFF,
    0xBC, 0xA3, 0x7A, 0xFD, 0x3C, 0x46, 0xB8, 0x4D, 0xFD, 0xB2, 0x4B, 0xBD, 0x4D, 0x01, 0xB2, 0xD9,
    0x5F, 0x12, 0x24, 0x87, 0x76, 0x73, 0x8F, 0x32, 0x64, 0xBC, 0xAC, 0x8C, 0xE8, 0x7B, 0xA6, 0x34,
    0x7A, 0x82, 0x5D, 0x77, 0x1E, 0x79, 0x64, 0xDF, 0x62, 0x3F, 0xB8, 0x15, 0x2E, 0x76, 0xAE, 0x20,
    0x0A, 0x4D, 0xD4, 0x3A, 0x65, 0x66, 0x0B, 0xAB, 0xCF, 0x0C, 0xCB, 0x90, 0x20, 0x2E, 0x25, 0x7E,
    0xC3, 0xF9, 0xC6, 0x32, 0x01, 0x94, 0x99, 0x0F, 0xCA, 0x4C, 0x8F, 0xE5, 0xD2, 0xDC, 0x27, 0x9F,
    0x6B, 0x4D, 0x3D, 0x8D, 0xA9, 0xB7, 0x52, 0x66, 0xEE, 0xD8, 0x59, 0x6A, 0x26, 0x6D, 0x32, 0x4C,
    0x1F, 0x3B, 0x7F, 0x86, 0x09, 0x44, 0xFD, 0x78, 0x36, 0x55, 0x89, 0xBD, 0x1A, 0x72, 0x7F, 0x7C,
    0x3D, 0x0E, 0x4F, 0x5A, 0xB2, 0x0D, 0x7C, 0x98, 0x88, 0x25, 0x2C, 0x57, 0xF3, 0x4E, 0x43, 0x5C,
    0xB8, 0x4E, 0xDE, 0x25, 0x2E, 0x57, 0x26, 0x25, 0x45, 0xE6, 0x00, 0x73, 0x4C, 0xC1, 0x34, 0x67,
    0xBE, 0xA7, 0xCC, 0x01, 0xB9, 0xE7, 0x6C, 0x73, 0xE0, 0xBA, 0x9A, 0xE5, 0x78, 0x0D, 0x6B, 0xB4,
    0x75, 0x96, 0x4D, 0x9A, 0x17, 0xBB, 0x5E, 0x42, 0xF3, 0xE8, 0xBD, 0xA2, 0x79, 0x4D, 0x7A, 0x56,
    0x8C, 0x67, 0x28, 0x64, 0xB5, 0x97, 0xD4, 0x75, 0x32, 0xD4, 0x77, 0x8B, 0xA6, 0x4D, 0x27, 0x30,
    0xCA, 0x69, 0x70, 0x91, 0xAD, 0x8F, 0x6C, 0x9D, 0x64, 0xEB, 0x25, 0xAB, 0xB8, 0x10, 0x9A, 0xD7,
    0x27, 0x34, 0xA5, 0x0C, 0x37, 0x69, 0x1A, 0x9D, 0x89, 0xB4, 0x8E, 0x3D, 0xA5, 0x39, 0x77, 0xA2,
    0xDB, 0x25, 0x27, 0x9A, 0x39, 0x5E, 0x33, 0x4C, 0xC3, 0x29, 0xCD, 0x1A, 0x34, 0xAB, 0x95, 0x49,
    0x59, 0x79, 0xD3, 0x34, 0xC5, 0x1A, 0xB3, 0xE6, 0x98, 0xB5, 0xC7, 0x60, 0x90, 0x71, 0x76, 0x14,
    0x5B, 0x64, 0xEF, 0x93, 0x2C, 0x92, 0xC1, 0xB5, 0x3E, 0x66, 0x70, 0x4D, 0x25, 0xEF, 0x2A, 0x59,
    0x31, 0xA7, 0xA3, 0xCC, 0x9C, 0x4B, 0x7A, 0x9F, 0x56, 0xBB, 0xED, 0x26, 0x93, 0xB5, 0x8B, 0x26,
    0x9A, 0x68, 0x5E, 0xDA, 0xF7, 0xC7, 0x1C, 0xBB, 0x29, 0xC9, 0xAB, 0xD7, 0xA4, 0xE7, 0xB1, 0x8D,
    0x24, 0xC3, 0xF8, 0x8D, 0x5F, 0x6B, 0x6B, 0xF0, 0x8A, 0xBD, 0x4B, 0xE6, 0x2E, 0x27, 0x3E, 0x56,
    0x91, 0x7E, 0x95, 0xF3, 0xD9, 0xA2, 0xE1, 0x30, 0x19, 0x7A, 0xD4, 0x70, 0x8F, 0x8E, 0x65, 0x92,
    0x48, 0x6E, 0x92, 0x18, 0x6A, 0x26, 0x25, 0x73, 0x72, 0x4D, 0x87, 0xFC, 0x25, 0x7A, 0x22, 0x1E,
    0xFB, 0xFA, 0x97, 0x94, 0xDB, 0x99, 0xB7, 0xBA, 0x75, 0x38, 0xED, 0xED, 0x85, 0x6E, 0x79, 0xFB,
    0xA6, 0xA5, 0x69, 0x94, 0xB7, 0x81, 0xEE, 0xE2, 0xD6, 0xC9, 0x4B, 0x6B, 0x2F, 0x8E, 0xF3, 0xC0,
    0x93, 0x94, 0xDE, 0x62, 0x7A, 0xC1, 0x6B, 0x32, 0x4B, 0x64, 0x7B, 0x5E, 0x12, 0x51, 0xF5, 0x31,
    0x77, 0x5B, 0xF2, 0x7D, 0x36, 0xB6, 0x66, 0xD4, 0x68, 0xCD, 0xEC, 0x2C, 0x19, 0x04, 0x57, 0xB0,
    0xEC, 0xCA, 0x81, 0x35, 0xAC, 0xD5, 0x58, 0xA8, 0xB1, 0x4A, 0x63, 0x07, 0xFC, 0x70, 0x5B, 0x97,
    0xDE, 0x30, 0x9A, 0x6B, 0xD6, 0x44, 0x98, 0x18, 0x86, 0xAE, 0x8D, 0x00, 0x25, 0xA2, 0x91, 0xD9,
    0x71, 0xE5, 0xE4, 0x1E, 0x31, 0x74, 0x6D, 0x21, 0xD1, 0x3F, 0x15, 0xF6, 0x18, 0x17, 0x2D, 0xC3,
    0xA3, 0x1B, 0x29, 0x4A, 0x9B, 0xCA, 0x3B, 0xE6, 0xE3, 0x5F, 0x7A, 0x71, 0x3C, 0x4B, 0xB8, 0x56,
    0xC2, 0x42, 0x09, 0x0C, 0x25, 0x34, 0x94, 0xC1, 0x61, 0x78, 0x0C, 0xA2, 0x22, 0x47, 0x89, 0xFD,
    0xC9, 0xAA, 0x62, 0xC2, 0xB3, 0xA2, 0x03, 0xB6, 0xE8, 0x2A, 0xBB, 0xF6, 0xF0, 0x20, 0xEB, 0x0A,
    0xD7, 0x35, 0xAE, 0x09, 0x86, 0x5D, 0xBD, 0xD6, 0x55, 0xB2, 0x67, 0xF9, 0x94, 0x02, 0x33, 0x52,
    0x80, 0xA4, 0x52, 0x7B, 0x84, 0x12, 0x6A, 0xAC, 0xA7, 0x3B, 0x0D, 0x28, 0x4F, 0x32, 0x04, 0x24,
    0x8C, 0x6C, 0x43, 0xEC, 0x81, 0x9E, 0xAD, 0x45, 0x24, 0x3A, 0xEF, 0x24, 0xA9, 0xBB, 0x32, 0x37,
    0xB3, 0x01, 0x8E, 0xCA, 0xEB, 0x11, 0xC7, 0xAE, 0x91, 0xB2, 0x09, 0x55, 0xA2, 0xC2, 0x8C, 0x0E,
    0xB3, 0x4A, 0xCC, 0x04, 0x0D, 0x4D, 0xDA, 0xA2, 0x57, 0x9F, 0x4C, 0xAA, 0xDB, 0x37, 0x52, 0x12,
    0x42, 0xF6, 0xCD, 0xB1, 0xE4, 0x72, 0x74, 0x4A, 0xC4, 0x25, 0x11, 0x87, 0x24, 0x2E, 0x7E, 0xF5,
    0x35, 0x2B, 0xBB, 0x53, 0x78, 0x95, 0x6F, 0x92, 0x57, 0x37, 0x91, 0xAC, 0xDE, 0x69, 0x60, 0xB8,
    0xC9, 0xE9, 0x5A, 0xF8, 0x3E, 0x4A, 0x3B, 0x79, 0xE6, 0x1E, 0x4D, 0xD1, 0xBC, 0x23, 0xB2, 0x84,
    0x13, 0xEE, 0x72, 0x3C, 0x37, 0xD0, 0x36, 0xDF, 0x7E, 0x91, 0x44, 0x3D, 0x21, 0x91, 0xBD, 0x79,
    0xC9, 0x81, 0x7D, 0xFD, 0x0E, 0x0E, 0xFA, 0x56, 0xC3, 0xCC, 0x86, 0xD0, 0xC4, 0x1C, 0xDB, 0x28,
    0xCC, 0x7B, 0x43, 0x7A, 0xF9, 0xD5, 0x6B, 0xB8, 0x6E, 0xCE, 0xE9, 0x3C, 0xB9, 0x44, 0xC6, 0xD0,
    0x96, 0xC5, 0xCA, 0x84, 0x49, 0xED, 0x09, 0xC3, 0xDE, 0x68, 0xC9, 0xA5, 0xE3, 0x2C, 0x31, 0x12,
    0x00, 0xF9, 0xC8, 0x0E, 0xA7, 0x4A, 0xB2, 0x6E, 0xF1, 0xD9, 0x4F, 0xE0, 0x93, 0xED, 0x85, 0x83,
    0x63, 0xEB, 0x89, 0xCA, 0x3B, 0xF6, 0x13, 0x18, 0x0C, 0x8F, 0x62, 0xA8, 0xEF, 0x31, 0x37, 0x5F,
    0x3F, 0x96, 0x23, 0x16, 0xCF, 0xB9, 0x45, 0x8E, 0x49, 0x89, 0x12, 0x4A, 0xF6, 0xDB, 0x1F, 0x22,
    0x11, 0x04, 0x13, 0x48, 0x59, 0xC9, 0x1A, 0x63, 0x56, 0xD5, 0x8B, 0x15, 0x92, 0xA8, 0x1A, 0x97,
    0xA3, 0x75, 0x11, 0xB6, 0x93, 0x19, 0x7D, 0xD2, 0xBE, 0x68, 0x2A, 0x8E, 0x0C, 0x5F, 0xF9, 0xAB,
    0x08, 0x22, 0x76, 0x64, 0x78, 0x9E, 0xFB, 0xC8, 0x9E, 0xF2, 0x74, 0x96, 0x37, 0xC6, 0xF7, 0x71,
    0x25, 0xDB, 0x4D, 0xFF, 0xC8, 0x0D, 0xCF, 0x7F, 0xE1, 0x4A, 0x53, 0x7C, 0x83, 0x45, 0x8C, 0x5E,
    0x86, 0x5A, 0x36, 0xDF, 0x3B, 0x28, 0x65, 0xD9, 0xAD, 0x6B, 0x26, 0xAE, 0x4D, 0x35, 0xAC, 0xAB,
    0x30, 0xFC, 0xDC, 0xEF, 0x64, 0x3F, 0x57, 0xCE, 0x02, 0x75, 0x93, 0xDB, 0x33, 0xE8, 0x47, 0xE4,
    0xAA, 0x46, 0xF0, 0x59, 0x4B, 0xA6, 0x1C, 0xF0, 0x99, 0x19, 0x96, 0x83, 0xCC, 0x15, 0xA9, 0xE0,
    0xD1, 0x27, 0x14, 0xCC, 0x42, 0xE3, 0x7B, 0x3A, 0x3E, 0x91, 0x83, 0xEC, 0x7F, 0xE3, 0x67, 0x78,
    0x34, 0xB5, 0xF8, 0x21, 0xC6, 0xC5, 0x94, 0xD3, 0x61, 0xF6, 0xC8, 0x58, 0x64, 0xBF, 0xA1, 0xA3,
    0x9A, 0xB8, 0xD6, 0x97, 0xC2, 0xE1, 0x52, 0x8E, 0x15, 0x21, 0xE1, 0xB0, 0x88, 0xF9, 0x9B, 0x0F,
    0x92, 0x88, 0xF7, 0x36, 0x0C, 0x1A, 0xCE, 0x64, 0x63, 0x22, 0x45, 0xCC, 0x6E, 0x66, 0x41, 0xC6,
    0x89, 0x0B, 0x59, 0xE4, 0xB4, 0x2B, 0xDE, 0x3D, 0xFA, 0x9F, 0x21, 0x52, 0xD8, 0x74, 0x35, 0x4B,
    0xA4, 0x9F, 0x10, 0x69, 0x87, 0x24, 0x60, 0x4B, 0xA4, 0x3C, 0x46, 0xC4, 0xE1, 0x7D, 0x95, 0xDE,
    0xE3, 0x6F, 0x9C, 0x68, 0x02, 0x76, 0x33, 0xB2, 0x05, 0x61, 0x93, 0x9C, 0x62, 0x43, 0xD8, 0x66,
    0x15, 0x9B, 0x30, 0x98, 0x0D, 0xE9, 0xFB, 0x1B, 0x2A, 0x66, 0x9B, 0xC4, 0x11, 0xCA, 0x60, 0x94,
    0x38, 0x8F, 0x23, 0x2D, 0x35, 0x9E, 0xC6, 0xA7, 0xE9, 0xE8, 0x19, 0x79, 0x0F, 0xE0, 0x31, 0x5C,
    0x73, 0x7A, 0xA5, 0x60, 0xE0, 0xBE, 0xFE, 0x49, 0x24, 0xEE, 0xA5, 0x7C, 0x69, 0xCB, 0xDB, 0x95,
    0x38, 0xEB, 0x40, 0x8A, 0xAB, 0xDB, 0x6F, 0x3A, 0x90, 0x4E, 0x3F, 0x0E, 0xC1, 0xC1, 0xC3, 0xAD,
    0xFD, 0xEE, 0xCD, 0x41, 0x42, 0x0F, 0x27, 0xD6, 0x7C, 0xFE, 0xA5, 0x71, 0xE6, 0xEA, 0x43, 0xBC,
    0x15, 0xF1, 0x49, 0xC4, 0x32, 0x46, 0x76, 0x26, 0xEB, 0xE9, 0xBC, 0xE6, 0xB3, 0xF0, 0x71, 0x83,
    0x74, 0xC4, 0x4E, 0x23, 0x0B, 0x42, 0x3C, 0x5B, 0x1E, 0x41, 0xDF, 0x08, 0x92, 0x9C, 0x82, 0xC4,
    0xE9, 0x34, 0xD3, 0xB6, 0x7A, 0x3C, 0x46, 0xCF, 0x1F, 0x75, 0xBE, 0x35, 0x82, 0x81, 0xCD, 0x59,
    0x3D, 0x44, 0x2F, 0xED, 0xF1, 0x43, 0x39, 0x03, 0x23, 0x87, 0x60, 0x4C, 0x6C, 0xCC, 0x1C, 0x83,
    0x59, 0x3C, 0x07, 0x33, 0xEA, 0xCD, 0x19, 0x45, 0xAB, 0x37, 0xD5, 0x44, 0x6F, 0xEA, 0x99, 0xDE,
    0x6C, 0xAE, 0x5A, 0x6F, 0x86, 0x48, 0xEE, 0xCC, 0xF9, 0xEA, 0x2C, 0x1E, 0x92, 0x51, 0x56, 0x26,
    0x33, 0x23, 0x93, 0x3D, 0x7F, 0x21, 0x0F, 0xCB, 0x64, 0x37, 0xC8, 0x64, 0x96, 0x36, 0x1B, 0x32,
    0xF9, 0x74, 0x26, 0x93, 0xD9, 0x49, 0x32, 0xD9, 0x9C, 0x41, 0x26, 0xB7, 0x6A, 0xC9, 0xFF, 0x03,
    0xAD, 0x52, 0x3B, 0x92, 0xDB, 0x30, 0x0C, 0x85, 0xC4, 0x82, 0x05, 0x0B, 0x76, 0xDB, 0xEA, 0x08,
    0x3A, 0x02, 0x9D, 0xE3, 0xA4, 0xCA, 0x11, 0xE4, 0x2E, 0xC5, 0x36, 0x29, 0x72, 0x80, 0x14, 0x5B,
    0xEC, 0x28, 0x45, 0x6E, 0x10, 0xE9, 0x06, 0x56, 0x6E, 0xA0, 0x3A, 0xDB, 0xA8, 0x60, 0xA1, 0xCC,
    0x50, 0x44, 0x1E, 0x48, 0xDA, 0xD1, 0x66, 0xEC, 0x59, 0xCF, 0x24, 0x1C, 0x1B, 0xD4, 0x03, 0x40,
    0x7C, 0x1E, 0xD0, 0xF7, 0xCF, 0xCC, 0xE1, 0xF2, 0xEB, 0x71, 0x8E, 0x8C, 0x33, 0xFE, 0x25, 0xFA,
    0x7C, 0xBE, 0x70, 0x3E, 0xCB, 0xAD, 0x5B, 0x05, 0xE5, 0xCD, 0x62, 0xE7, 0x66, 0x72, 0x93, 0x0B,
    0x43, 0x14, 0xE5, 0x10, 0x5D, 0x30, 0xB3, 0x99, 0xF7, 0x58, 0x07, 0x9D, 0xFD, 0x46, 0x37, 0xDE,
    0xB6, 0xA8, 0x40, 0x4C, 0xCA, 0x53, 0x24, 0xB3, 0xD4, 0x81, 0xEC, 0xAC, 0x56, 0x6A, 0x26, 0xED,
    0xC9, 0x4D, 0x16, 0x22, 0xD8, 0x48, 0x43, 0x6C, 0x19, 0x15, 0x3B, 0xA9, 0x13, 0x22, 0x41, 0x18,
    0x98, 0xCC, 0x5C, 0xAF, 0x59, 0x24, 0x78, 0xD3, 0x4F, 0x87, 0x0A, 0xC2, 0x57, 0xDB, 0x3E, 0xC7,
    0xA8, 0x17, 0x72, 0xA3, 0x5D, 0xFE, 0x3D, 0x00, 0x29, 0x1E, 0xDF, 0x10, 0x7C, 0xE5, 0xF4, 0x5F,
    0xF9, 0x67, 0x7F, 0xC7, 0xDB, 0xFF, 0x23, 0xEE, 0xA8, 0x20, 0xC1, 0x6B, 0x7E, 0x77, 0x84, 0xAF,
    0x86, 0x4F, 0x64, 0x78, 0xA5, 0x96, 0x23, 0x75, 0xCC, 0x87, 0x81, 0x85, 0xC9, 0xB4, 0x59, 0xE9,
    0x2F, 0x58, 0xF4, 0x62, 0x17, 0xBF, 0xE4, 0x3F, 0xD3, 0x77, 0x92, 0xCD, 0x40, 0x00, 0x59, 0x0F,
    0xC3, 0xB3, 0xEC, 0x88, 0xCD, 0xAB, 0x96, 0xAE, 0xA2, 0x2C, 0x2E, 0xE5, 0x01, 0x7D, 0xF8, 0x45,
    0x44, 0x0E, 0xC4, 0xCB, 0xA9, 0x11, 0x99, 0x48, 0xEA, 0x90, 0x63, 0xB1, 0xA0, 0x50, 0x1D, 0x32,
    0x72, 0xD8, 0x77, 0x52, 0x31, 0x03, 0xEA, 0xE2, 0xB0, 0x91, 0x0D, 0x05, 0x0D, 0x0B, 0x56, 0xAB,
    0xF5, 0x05, 0xF1, 0xA8, 0x98, 0xBA, 0x79, 0x8F, 0xCE, 0x21, 0x89, 0x27, 0xCD, 0xC0, 0xE7, 0x77,
    0xBE, 0x89, 0x7A, 0x3B, 0x23, 0xC9, 0x60, 0xD7, 0xEA, 0x09, 0x9F, 0xEF, 0x09, 0xDD, 0xF3, 0xEA,
    0x96, 0x8E, 0x27, 0x6A, 0xD8, 0xA3, 0x4F, 0xD4, 0xFE, 0x83, 0xF1, 0xD5, 0xF1, 0x46, 0x15, 0xF3,
    0x3B, 0xFE, 0xC8, 0xBC, 0xE1, 0x03, 0xF5, 0x3D, 0x7C, 0x56, 0x68, 0x91, 0x11, 0x98, 0x53, 0x22,
    0x13, 0x5A, 0xF4, 0xFA, 0x08, 0x1F, 0x29, 0xA2, 0xF1, 0x6E, 0xAD, 0xF9, 0x84, 0xDD, 0x5F, 0x52,
    0xAB, 0x68, 0x96, 0x4F, 0x21, 0xF7, 0x0C, 0x26, 0xFE, 0x20, 0xB4, 0xEA, 0x7C, 0xC5, 0xA7, 0x8D,
    0x3A, 0x20, 0x8D, 0x8E, 0x40, 0xD5, 0x23, 0x8A, 0x47, 0x14, 0xB4, 0x6A, 0xF9, 0x1B, 0x32, 0xBC,
    0x48, 0x86, 0x76, 0x91, 0x82, 0x22, 0xE8, 0x12, 0xBE, 0xD0, 0xAA, 0x12, 0x72, 0x64, 0xBA, 0x99,
    0xBD, 0x01, 0x4F, 0x5A, 0x4C, 0x86, 0x52, 0xAB, 0x26, 0x4A, 0xEC, 0xA3, 0x10, 0x3A, 0x42, 0x7D,
    0x20, 0x07, 0x05, 0xFC, 0x6B, 0xD0, 0xAB, 0xE1, 0x99, 0xD5, 0x94, 0xD4, 0x72, 0x0B, 0x16, 0xBD,
    0xD8, 0xC5, 0x0F, 0x64, 0x53, 0x7A, 0x07, 0x83, 0x83, 0xBD, 0x41, 0x2C, 0x03, 0x5E, 0xD4, 0x15,
    0xFB, 0x25, 0x47, 0x97, 0x73, 0x88, 0x8F, 0x49, 0x1C, 0x1E, 0xC9, 0x15, 0xDE, 0x75, 0x1E, 0x62,
    0x99, 0x5E, 0x19, 0x5B, 0x99, 0x57, 0x1E, 0x54, 0x99, 0x90, 0xD9, 0xF6, 0x8E, 0x65, 0x49, 0x86,
    0x49, 0x64, 0x25, 0xFD, 0x5C, 0x1C, 0xCF, 0xA1, 0xD6, 0xBD, 0x63, 0x0E, 0x55, 0xF6, 0xE7, 0x75,
    0x4E, 0xF7, 0x66, 0xCE, 0xE6, 0x55, 0xA8, 0xDF, 0x63, 0x60, 0xFF, 0xC3, 0xC0, 0xC0, 0x0F, 0xC4,
    0xF6, 0x40, 0xBC, 0xFF, 0x0F, 0x03, 0xD3, 0xFF, 0x3F, 0x0C, 0xEC, 0xDF, 0xFF, 0x30, 0xF0, 0x3F,
    0xFE, 0xC3, 0x60, 0x7F, 0xF8, 0x0F, 0xC3, 0xFE, 0xE9, 0x7F, 0x1D, 0xFE, 0xFF, 0xFF, 0x7F, 0x01,
    0x86, 0x19, 0x98, 0x81, 0xEA, 0xA0, 0x18, 0x00, 0x55, 0x90, 0xB1, 0x0D, 0x83, 0x30, 0x10, 0x45,
    0xBF, 0xA1, 0xA0, 0xA0, 0x20, 0x7D, 0x0A, 0x46, 0x60, 0x04, 0x23, 0x65, 0x85, 0x8C, 0x90, 0x3D,
    0x9C, 0x11, 0x32, 0x51, 0xEC, 0x11, 0x18, 0x21, 0x52, 0x16, 0x40, 0x0A, 0x05, 0x4A, 0xC0, 0x3F,
    0x77, 0x76, 0x22, 0xC1, 0x15, 0xCF, 0xD2, 0x9D, 0xFF, 0xBF, 0x6F, 0x03, 0x28, 0x19, 0xB0, 0x23,
    0xC9, 0x65, 0xCF, 0xCD, 0xD4, 0x9C, 0x95, 0x8E, 0x27, 0x86, 0x92, 0x7C, 0x31, 0x34, 0x72, 0x85,
    0xA1, 0x4B, 0xB4, 0xBC, 0x79, 0x06, 0xB7, 0xA2, 0x65, 0xF0, 0x33, 0x6A, 0x06, 0x4E, 0xA8, 0x84,
    0xA3, 0x6A, 0x7F, 0x9C, 0x12, 0x67, 0xED, 0xFB, 0x05, 0x8D, 0xAA, 0xD0, 0x29, 0xDF, 0xFC, 0xBB,
    0x55, 0xE4, 0x87, 0xC1, 0x90, 0x4F, 0x0E, 0x38, 0xC6, 0x42, 0x98, 0xCA, 0xEA, 0x74, 0xDC, 0x12,
    0x30, 0x3E, 0xF6, 0x32, 0x6A, 0x29, 0xC6, 0x29, 0x6F, 0xD4, 0xA0, 0x52, 0x57, 0xF1, 0x8E, 0x5E,
    0xA4, 0x1D, 0x07, 0xC3, 0x87, 0x88, 0x81, 0x0B, 0xE0, 0xF4, 0x3D, 0x68, 0xB2, 0x58, 0x63, 0x8B,
    0xB7, 0xD3, 0xA5, 0xAA, 0x1E, 0xD3, 0x9A, 0xDD, 0xD1, 0xE4, 0x1F, 0xB0, 0xD9, 0xDF, 0x31, 0x77,
    0xB3, 0x0B, 0xEC, 0x0A, 0x1C, 0xD4, 0xA6, 0xC7, 0xBD, 0x97, 0xAB, 0x43, 0x21, 0xE3, 0x3A, 0xAF,
    0x2D, 0x72, 0x08, 0xF8, 0x14, 0x49, 0x03, 0xAA, 0x52, 0xE2, 0x02, 0x5F, 0xD5, 0x54, 0x3B, 0x92,
    0xD3, 0x40, 0x10, 0x6D, 0x59, 0xD4, 0xBA, 0x6A, 0x15, 0x4C, 0x42, 0x11, 0xA0, 0xC0, 0x09, 0xC1,
    0x16, 0x04, 0x73, 0x04, 0x89, 0x43, 0x70, 0x03, 0x72, 0x6E, 0xC0, 0xCC, 0x11, 0x1C, 0x70, 0x80,
    0x0D, 0x36, 0xDA, 0x64, 0x6F, 0x80, 0x74, 0x03, 0xF6, 0x06, 0xEB, 0xC0, 0x09, 0x99, 0x02, 0x05,
    0xF2, 0x96, 0x3C, 0xCD, 0xEB, 0x6E, 0xD9, 0x16, 0x05, 0xC6, 0x54, 0x11, 0x31, 0xAE, 0xEA, 0x91,
    0x67, 0x5E, 0xF7, 0xEB, 0xEF, 0x50, 0xF5, 0x9D, 0xB0, 0x2A, 0xDE, 0xAA, 0x4C, 0x2A, 0xB9, 0x25,
    0x7A, 0xC7, 0xDC, 0xE1, 0xCF, 0x82, 0x07, 0xBD, 0x1F, 0x45, 0x3A, 0xB9, 0xA6, 0x9C, 0x49, 0x2F,
    0x88, 0xCA, 0xF4, 0x9E, 0x6B, 0x62, 0xEE, 0xB9, 0x5E, 0x32, 0x27, 0x8E, 0x8E, 0xB1, 0x62, 0xA5,
    0x32, 0x24, 0x0A, 0x1C, 0x9B, 0x81, 0x56, 0x1C, 0x61, 0xCA, 0x71, 0x0D, 0x59, 0x4C, 0x92, 0xB8,
    0xC7, 0x09, 0x35, 0x23, 0xF9, 0x3D, 0x08, 0x6B, 0xF9, 0x80, 0x52, 0x8F, 0x2B, 0xE6, 0x0D, 0x8C,
    0xC3, 0x00, 0x41, 0x7F, 0x0F, 0xA6, 0xAB, 0xAF, 0x6B, 0xA2, 0xB7, 0xF7, 0x58, 0xB7, 0x6A, 0xB9,
    0xFB, 0x8D, 0x84, 0xAB, 0xD5, 0x7F, 0x20, 0x69, 0xB6, 0xCE, 0xC6, 0xA2, 0xD2, 0x6B, 0x92, 0x9D,
    0x54, 0x02, 0x09, 0xDF, 0xC8, 0x1F, 0xAB, 0x44, 0x90, 0x94, 0x20, 0xA7, 0x35, 0x64, 0xA1, 0xD7,
    0x0B, 0x2D, 0x14, 0xB1, 0x96, 0xA8, 0x4A, 0xA6, 0x17, 0x15, 0x14, 0x8F, 0x27, 0x7A, 0x9B, 0x2B,
    0xD2, 0xB4, 0xBC, 0x5A, 0x30, 0x6B, 0x6A, 0xD9, 0x58, 0xDC, 0x74, 0x79, 0xD9, 0xC3, 0x79, 0x2C,
    0x41, 0x4E, 0xDA, 0x73, 0x52, 0x10, 0xD9, 0x07, 0xA1, 0x03, 0x77, 0x34, 0xF7, 0xE9, 0xD4, 0x55,
    0xD4, 0xF4, 0x8A, 0xB0, 0x28, 0x73, 0xC3, 0x17, 0xEA, 0x1E, 0xAD, 0xD2, 0x1C, 0x68, 0xA4, 0x0B,
    0x03, 0x2E, 0x0D, 0xE8, 0xCC, 0x94, 0xDF, 0x9B, 0x23, 0xC3, 0x4F, 0xC0, 0x47, 0x03, 0xC6, 0x19,
    0xF0, 0xC0, 0x39, 0x18, 0x67, 0x77, 0x89, 0xB3, 0xE8, 0xAA, 0x31, 0x70, 0x83, 0x5F, 0x48, 0x7E,
    0xBC, 0x5A, 0xEB, 0xE1, 0x7D, 0x34, 0xFB, 0xED, 0x4C, 0x3B, 0x37, 0x9A, 0x25, 0x4F, 0x81, 0xD2,
    0x8C, 0xD4, 0x06, 0x87, 0x56, 0xE6, 0xA4, 0x1F, 0xE7, 0x04, 0x95, 0xB9, 0x1C, 0x7A, 0xF3, 0xCB,
    0xF2, 0x6A, 0x21, 0x66, 0x16, 0xC0, 0x8C, 0x27, 0x70, 0x27, 0x3C, 0x81, 0x7B, 0xE1, 0x09, 0x3C,
    0x0A, 0x0F, 0xC6, 0xC4, 0xE9, 0x96, 0x94, 0xA7, 0x60, 0xE5, 0xC9, 0xF9, 0xC1, 0x6A, 0xAE, 0xA5,
    0xCF, 0xD8, 0xDA, 0x47, 0x66, 0x4C, 0x0B, 0xD6, 0x59, 0x85, 0x75, 0xF3, 0x46, 0xE7, 0x0E, 0x19,
    0x9D, 0x57, 0x8C, 0xCC, 0x91, 0x2D, 0x85, 0x1D, 0x6E, 0x52, 0x6E, 0xF3, 0xFD, 0x84, 0x29, 0xD5,
    0xE2, 0x72, 0x27, 0x1F, 0x1B, 0x3F, 0x70, 0x8B, 0xDA, 0x3A, 0x6C, 0x4E, 0x37, 0x1C, 0xF6, 0xD5,
    0x30, 0x41, 0x26, 0x85, 0x49, 0x5D, 0x0A, 0xFD, 0x69, 0x77, 0x6A, 0x9E, 0x42, 0x3C, 0xC2, 0x6B,
    0x21, 0x3E, 0xC2, 0xDF, 0x84, 0xC0, 0x96, 0x63, 0x83, 0xF3, 0xF1, 0x06, 0xCE, 0x88, 0xF3, 0xFF,
    0x24, 0xF6, 0xE7, 0xC4, 0xAF, 0xE0, 0x6B, 0x87, 0x1C, 0x55, 0xDF, 0xE0, 0x4F, 0x78, 0x92, 0x79,
    0x95, 0xF4, 0xEB, 0x10, 0x2D, 0xD5, 0xDD, 0x97, 0xD6, 0x4C, 0x6E, 0xED, 0x78, 0x58, 0xF5, 0xFE,
    0x30, 0x0A, 0x5D, 0xF5, 0x8C, 0xE0, 0x7C, 0xEB, 0x11, 0x5A, 0x5C, 0x00, 0xF9, 0x91, 0x5E, 0x9C,
    0xC5, 0x3D, 0x0A, 0xAE, 0x35, 0x9C, 0xE4, 0xF8, 0xD4, 0x24, 0xD6, 0xC1, 0x68, 0xE0, 0x4B, 0xC3,
    0xA4, 0xE3, 0xA2, 0xD3, 0xF2, 0x67, 0xA4, 0xB5, 0xBF, 0x75, 0xFF, 0x9C, 0xE2, 0xB4, 0x4A, 0x29,
    0x74, 0x29, 0x36, 0x4B, 0xB1, 0x5C, 0x8A, 0x56, 0x79, 0xB4, 0x70, 0x07, 0xFB, 0xCF, 0xB5, 0xB0,
    0xDC, 0xD9, 0x88, 0xEF, 0x6A, 0x7D, 0x12, 0x52, 0xCC, 0x1A, 0xF5, 0x44, 0x36, 0xE8, 0x62, 0x13,
    0x3B, 0x59, 0x63, 0x6D, 0x13, 0x2F, 0x3F, 0x06, 0x44, 0x9F, 0xB5, 0xB7, 0x42, 0xD2, 0x37, 0x88,
    0x93, 0xB2, 0xC8, 0x26, 0x98, 0x54, 0x67, 0x0F, 0x86, 0x7C, 0x7D, 0xB2, 0xFF, 0x4A, 0x4E, 0xFC,
    0xD1, 0xCE, 0x56, 0x90, 0x5B, 0xD1, 0xFA, 0x22, 0x16, 0x74, 0x2A, 0xDF, 0xFC, 0xC5, 0x53, 0xF4,
    0x03, 0xC5, 0x93, 0xBB, 0x8D, 0xC3, 0x30, 0x10, 0x44, 0x97, 0x30, 0x60, 0x07, 0x17, 0x5C, 0x09,
    0x2A, 0x41, 0x25, 0xA8, 0x0F, 0x97, 0x70, 0x4D, 0xE8, 0x4A, 0xB8, 0x12, 0x1C, 0x38, 0x30, 0xE4,
    0x22, 0xE4, 0x12, 0x54, 0x02, 0x63, 0x47, 0x0A, 0x18, 0x08, 0x07, 0x0A, 0xE3, 0xFD, 0xD0, 0x04,
    0x0C, 0x09, 0x12, 0x0C, 0x1B, 0x30, 0x03, 0xCE, 0x0B, 0xF8, 0xD9, 0x21, 0x67, 0xC9, 0x35, 0xBF,
    0xB4, 0x3F, 0x51, 0x89, 0xEE, 0x0B, 0x91, 0x80, 0xAE, 0x42, 0x74, 0x2C, 0x35, 0xE2, 0x86, 0x05,
    0x22, 0x9E, 0x30, 0xD0, 0x06, 0x17, 0x42, 0x3F, 0x2F, 0xD0, 0x11, 0x67, 0xE5, 0x8C, 0x6B, 0x83,
    0xFF, 0xD3, 0xD2, 0xF6, 0xF7, 0x88, 0x8C, 0xA2, 0x23, 0xF7, 0xF3, 0x57, 0x07, 0xF6, 0xE3, 0xD5,
    0x8E, 0x57, 0x37, 0x5E, 0xCD, 0xF8, 0x3A, 0x88, 0x97, 0xA2, 0x93, 0x0D, 0x44, 0xD3, 0x59, 0x0B,
    0xEE, 0xA7, 0xB3, 0x5A, 0xE8, 0xED, 0x9A, 0xF7, 0xCE, 0x5C, 0xED, 0x41, 0xEA, 0x2E, 0xAD, 0x7E,
    0xA8, 0x38, 0xB9, 0x58, 0x6C, 0x25, 0xF1, 0x6B, 0xCE, 0x61, 0x2B, 0x67, 0x85, 0x6B, 0x3F, 0xBC,
    0xFA, 0xB6, 0xC1, 0x04, 0x47, 0x91, 0x16, 0x83, 0x48, 0x6D, 0x52, 0x9A, 0x6C, 0x39, 0x20, 0x36,
    0x76, 0x81, 0x34, 0x52, 0xC7, 0x62, 0xB4, 0x50, 0x0D, 0x15, 0x2C, 0x56, 0x0C, 0x16, 0x2C, 0x06,
    0x8B, 0xD6, 0x50, 0x8C, 0x29, 0x5C, 0xBB, 0x90, 0x3F, 0x71, 0x01, 0x80, 0x87, 0x68, 0xCD, 0x82,
    0xC5, 0xAD, 0x69, 0x63, 0xDA, 0x55, 0x7D, 0x06, 0x28, 0xF5, 0x95, 0xFE, 0xAD, 0xB6, 0x96, 0xD6,
    0x2F, 0xDD, 0x65, 0x3F, 0x2C, 0x0D, 0xC6, 0xCB, 0x52, 0x8F, 0x29, 0xE9, 0x4B, 0x28, 0xDD, 0x0F,
    0x59, 0xA6, 0xE4, 0x78, 0x95, 0x52, 0x07, 0x3E, 0x71, 0xF2, 0xB3, 0x34, 0x66, 0xC2, 0x35, 0x13,
    0x12, 0x95, 0x99, 0xBE, 0x33, 0xB9, 0x16, 0x37, 0x35, 0x8E, 0xB1, 0x0D, 0x80, 0x30, 0x0C, 0x04,
    0x9F, 0x44, 0x42, 0x8A, 0x94, 0x01, 0x18, 0x20, 0x03, 0x64, 0x84, 0x8C, 0x92, 0x11, 0x18, 0x21,
    0x23, 0x30, 0xD2, 0x03, 0x0D, 0x48, 0x14, 0x94, 0x94, 0x8C, 0xC0, 0x06, 0xC6, 0x46, 0xA2, 0xF0,
    0xC9, 0xC5, 0xF9, 0xFD, 0x22, 0x22, 0xED, 0x04, 0x1C, 0x1F, 0xC0, 0xF3, 0x02, 0x02, 0x0F, 0x60,
    0xE0, 0x0A, 0x64, 0x2E, 0x05, 0x13, 0x49, 0xE8, 0x54, 0x57, 0xC8, 0xDC, 0xEB, 0x1A, 0xA3, 0x22,
    0x24, 0x85, 0xCF, 0x8A, 0xEE, 0x34, 0x98, 0xE3, 0x47, 0x45, 0x9F, 0x7E, 0x25, 0x99, 0x5C, 0xBD,
    0x1D, 0xA3, 0x71, 0x6E, 0x1A, 0xF5, 0x85, 0xEE, 0x16, 0xBF, 0x01, 0xD1, 0x5E, 0x3A, 0xDE, 0x06,
    0x6D, 0x21, 0x7C, 0x01,
};

static const EpdGlyph lexica_19_boldGlyphs[] = {
    { 0, 0, 0, 0, 0, 0, 0 }, // U+000D
    { 0, 0, 203, 0, 0, 0, 0 }, // U+0020
    { 8, 26, 179, 2, 26, 52, 0 }, // !
    { 12, 9, 260, 2, 26, 27, 52 }, // "
    { 31, 26, 496, 0, 26, 202, 79 }, // #
    { 24, 33, 392, 0, 30, 198, 281 }, // $
    { 37, 26, 619, 1, 26, 241, 479 }, // %
    { 27, 28, 445, 1, 28, 189, 720 }, // &
    { 5, 9, 141, 2, 26, 12, 909 }, // '
    { 13, 32, 232, 1, 26, 104, 921 }, // (
    { 14, 32, 232, 1, 26, 112, 1025 }, // )
    { 13, 13, 275, 2, 26, 43, 1137 }, // *
    { 20, 19, 391, 2, 19, 95, 1180 }, // +
    { 8, 13, 154, 1, 7, 26, 1275 }, // ,
    { 13, 5, 237, 1, 12, 17, 1301 }, // -
    { 8, 8, 154, 1, 8, 16, 1318 }, // .
    { 17, 26, 280, 0, 26, 111, 1334 }, // /
    { 23, 26, 413, 2, 26, 150, 1445 }, // 0
    { 13, 26, 284, 2, 26, 85, 1595 }, // 1
    { 21, 26, 371, 1, 26, 137, 1680 }, // 2
    { 22, 26, 383, 0, 26, 143, 1817 }, // 3
    { 23, 26, 396, 1, 26, 150, 1960 }, // 4
    { 22, 26, 388, 1, 26, 143, 2110 }, // 5
    { 21, 26, 400, 2, 26, 137, 2253 }, // 6
    { 20, 26, 344, 1, 26, 130, 2390 }, // 7
    { 22, 26, 396, 1, 26, 143, 2520 }, // 8
    { 19, 26, 355, 1, 26, 124, 2663 }, // 9
    { 8, 20, 154, 1, 20, 40, 2787 }, // :
    { 8, 27, 154, 1, 20, 54, 2827 }, // ;
    { 20, 21, 363, 2, 20, 105, 2881 }, // <
    { 20, 12, 391, 2, 16, 60, 2986 }, // =
    { 20, 21, 363, 2, 20, 105, 3046 }, // >
    { 22, 26, 389, 1, 26, 143, 3151 }, // ?
    { 27, 26, 477, 1, 26, 176, 3294 }, // @
    { 28, 26, 437, 0, 26, 182, 3470 }, // A
    { 23, 26, 405, 2, 26, 150, 3652 }, // B
    { 24, 26, 426, 1, 26, 156, 3802 }, // C
    { 24, 26, 434, 2, 26, 156, 3958 }, // D
    { 21, 26, 367, 2, 26, 137, 4114 }, // E
    { 19, 26, 344, 2, 26, 124, 4251 }, // F
    { 26, 26, 455, 1, 26, 169, 4375 }, // G
    { 24, 26, 430, 2, 26, 156, 4544 }, // H
    { 14, 26, 291, 2, 26, 91, 4700 }, // I
    { 21, 26, 355, 0, 26, 137, 4791 }, // J
    { 24, 26, 417, 2, 26, 156, 4928 }, // K
    { 19, 26, 340, 2, 26, 124, 5084 }, // L
    { 30, 26, 533, 2, 26, 195, 5208 }, // M
    { 25, 26, 443, 2, 26, 163, 5403 }, // N
    { 28, 26, 484, 1, 26, 182, 5566 }, // O
    { 22, 26, 396, 2, 26, 143, 5748 }, // P
    { 30, 28, 495, 1, 26, 210, 5891 }, // Q
    { 24, 26, 414, 2, 26, 156, 6101 }, // R
    { 24, 26, 392, 0, 26, 156, 6257 }, // S
    { 23, 26, 391, 1, 26, 150, 6413 }, // T
    { 23, 26, 420, 2, 26, 150, 6563 }, // U
    { 26, 26, 415, 0, 26, 169, 6713 }, // V
    { 35, 26, 559, 0, 26, 228, 6882 }, // W
    { 28, 26, 443, 0, 26, 182, 7110 }, // X
    { 28, 26, 435, -1, 26, 182, 7292 }, // Y
    { 22, 26, 393, 1, 26, 143, 7474 }, // Z
    { 10, 32, 211, 2, 26, 80, 7617 }, // [
    { 17, 26, 280, 0, 26, 111, 7697 }, // <backslash>
    { 10, 32, 211, 1, 26, 80, 7808 }, // ]
    { 20, 14, 373, 2, 26, 70, 7888 }, // ^
    { 16, 5, 272, 1, 0, 20, 7958 }, // _
    { 9, 6, 199, 2, 29, 14, 7978 }, // `
    { 20, 20, 350, 1, 20, 100, 7992 }, // a
    { 21, 26, 377, 2, 26, 137, 8092 }, // b
    { 19, 20, 329, 1, 20, 95, 8229 }, // c
    { 22, 26, 377, 1, 26, 143, 8324 }, // d
    { 22, 20, 358, 1, 20, 110, 8467 }, // e
    { 14, 29, 232, 1, 29, 102, 8577 }, // f
    { 21, 29, 378, 1, 20, 153, 8679 }, // g
    { 19, 26, 362, 2, 26, 124, 8832 }, // h
    { 10, 30, 199, 1, 30, 75, 8956 }, // i
    { 12, 36, 164, -3, 30, 108, 9031 }, // j
    { 21, 26, 359, 2, 26, 137, 9139 }, // k
    { 10, 26, 196, 2, 26, 65, 9276 }, // l
    { 32, 20, 561, 2, 20, 160, 9341 }, // m
    { 19, 20, 362, 2, 20, 95, 9501 }, // n
    { 21, 20, 363, 1, 20, 105, 9596 }, // o
    { 21, 26, 377, 2, 20, 137, 9701 }, // p
    { 26, 26, 381, 1, 20, 169, 9838 }, // q
    { 12, 20, 236, 2, 20, 60, 10007 }, // r
    { 20, 20, 338, 0, 20, 100, 10067 }, // s
    { 14, 25, 240, 1, 25, 88, 10167 }, // t
    { 19, 19, 361, 2, 19, 91, 10255 }, // u
    { 21, 19, 333, 0, 19, 100, 10346 }, // v
    { 29, 19, 458, 0, 19, 138, 10446 }, // w
    { 22, 19, 338, 0, 19, 105, 10584 }, // x
    { 21, 25, 328, 0, 19, 132, 10689 }, // y
    { 18, 19, 327, 1, 19, 86, 10821 }, // z
    { 13, 32, 234, 1, 26, 104, 10907 }, // {
    { 7, 32, 148, 2, 26, 56, 11011 }, // |
    { 13, 32, 234, 1, 26, 104, 11067 }, // }
    { 18, 9, 338, 2, 15, 41, 11171 }, // ~
    { 0, 0, 203, 0, 0, 0, 0 }, // U+00A0
    { 8, 26, 179, 2, 20, 52, 0 }, // U+00A1
    { 20, 26, 329, 1, 23, 130, 52 }, // U+00A2
    { 22, 26, 391, 2, 26, 143, 182 }, // U+00A3
    { 21, 21, 377, 1, 23, 111, 325 }, // U+00A4
    { 26, 26, 435, 0, 26, 169, 436 }, // U+00A5
    { 5, 32, 137, 2, 26, 40, 605 }, // U+00A6
    { 21, 32, 366, 1, 26, 168, 645 }, // U+00A7
    { 13, 6, 286, 2, 29, 20, 813 }, // U+00A8
    { 27, 27, 505, 2, 27, 183, 833 }, // U+00A9
    { 12, 12, 250, 2, 28, 36, 1016 }, // U+00AA
    { 23, 17, 424, 2, 19, 98, 1052 }, // U+00AB
    { 20, 15, 391, 2, 17, 75, 1150 }, // U+00AC
    { 12, 5, 222, 1, 12, 15, 1225 }, // U+00AD
    { 27, 27, 505, 2, 27, 183, 1240 }, // U+00AE
    { 12, 4, 256, 2, 26, 12, 1423 }, // U+00AF
    { 13, 13, 256, 2, 27, 43, 1435 }, // U+00B0
    { 20, 19, 391, 2, 19, 95, 1478 }, // U+00B1
    { 12, 15, 258, 2, 31, 45, 1573 }, // U+00B2
    { 13, 15, 262, 2, 31, 49, 1618 }, // U+00B3
    { 9, 6, 199, 1, 29, 14, 1667 }, // U+00B4
    { 22, 25, 374, 2, 19, 138, 1681 }, // U+00B5
    { 19, 32, 326, 0, 26, 152, 1819 }, // U+00B6
    { 8, 8, 191, 2, 14, 16, 1971 }, // U+00B7
    { 9, 9, 203, 3, 2, 21, 1987 }, // U+00B8
    { 8, 15, 184, 2, 31, 30, 2008 }, // U+00B9
    { 12, 12, 259, 2, 28, 36, 2038 }, // U+00BA
    { 23, 17, 424, 2, 19, 98, 2074 }, // U+00BB
    { 30, 26, 540, 2, 26, 195, 2172 }, // U+00BC
    { 30, 26, 542, 2, 26, 195, 2367 }, // U+00BD
    { 34, 27, 607, 2, 27, 230, 2562 }, // U+00BE
    { 22, 26, 389, 2, 20, 143, 2792 }, // U+00BF
    { 27, 36, 437, 0, 36, 243, 2935 }, // U+00C0
    { 27, 36, 437, 0, 36, 243, 3178 }, // U+00C1
    { 28, 35, 437, 0, 35, 245, 3421 }, // U+00C2
    { 28, 34, 437, 0, 34, 238, 3666 }, // U+00C3
    { 27, 35, 437, 0, 35, 237, 3904 }, // U+00C4
    { 28, 34, 437, -1, 34, 238, 4141 }, // U+00C5
    { 39, 26, 643, 0, 26, 254, 4379 }, // U+00C6
    { 25, 33, 426, 1, 26, 207, 4633 }, // U+00C7
    { 21, 36, 367, 2, 36, 189, 4840 }, // U+00C8
    { 21, 36, 367, 2, 36, 189, 5029 }, // U+00C9
    { 21, 35, 367, 2, 35, 184, 5218 }, // U+00CA
    { 21, 35, 367, 2, 35, 184, 5402 }, // U+00CB
    { 14, 36, 291, 2, 36, 126, 5586 }, // U+00CC
    { 14, 36, 291, 2, 36, 126, 5712 }, // U+00CD
    { 16, 35, 291, 1, 35, 140, 5838 }, // U+00CE
    { 14, 35, 291, 2, 35, 123, 5978 }, // U+00CF
    { 29, 26, 490, 1, 26, 189, 6101 }, // U+00D0
    { 25, 34, 443, 2, 34, 213, 6290 }, // U+00D1
    { 28, 36, 484, 1, 36, 252, 6503 }, // U+00D2
    { 28, 36, 484, 1, 36, 252, 6755 }, // U+00D3
    { 28, 36, 484, 1, 36, 252, 7007 }, // U+00D4
    { 28, 34, 484, 1, 34, 238, 7259 }, // U+00D5
    { 28, 36, 484, 1, 36, 252, 7497 }, // U+00D6
    { 19, 19, 341, 1, 19, 91, 7749 }, // U+00D7
    { 28, 26, 483, 1, 26, 182, 7840 }, // U+00D8
    { 23, 36, 420, 2, 36, 207, 8022 }, // U+00D9
    { 23, 36, 420, 2, 36, 207, 8229 }, // U+00DA
    { 23, 36, 420, 2, 36, 207, 8436 }, // U+00DB
    { 23, 36, 420, 2, 36, 207, 8643 }, // U+00DC
    { 28, 35, 435, -1, 35, 245, 8850 }, // U+00DD
    { 22, 26, 389, 2, 26, 143, 9095 }, // U+00DE
    { 22, 26, 393, 2, 26, 143, 9238 }, // U+00DF
    { 20, 29, 350, 1, 29, 145, 9381 }, // U+00E0
    { 20, 29, 350, 1, 29, 145, 9526 }, // U+00E1
    { 20, 29, 350, 1, 29, 145, 9671 }, // U+00E2
    { 20, 26, 350, 1, 26, 130, 9816 }, // U+00E3
    { 20, 29, 350, 1, 29, 145, 9946 }, // U+00E4
    { 20, 32, 350, 1, 32, 160, 10091 }, // U+00E5
    { 34, 20, 559, 1, 20, 170, 10251 }, // U+00E6
    { 19, 27, 329, 1, 20, 129, 10421 }, // U+00E7
    { 22, 29, 358, 1, 29, 160, 10550 }, // U+00E8
    { 22, 29, 358, 1, 29, 160, 10710 }, // U+00E9
    { 22, 29, 358, 1, 29, 160, 10870 }, // U+00EA
    { 22, 29, 358, 0, 29, 160, 11030 }, // U+00EB
    { 11, 29, 191, 1, 29, 80, 11190 }, // U+00EC
    { 11, 29, 191, 0, 29, 80, 11270 }, // U+00ED
    { 16, 29, 191, -2, 29, 116, 11350 }, // U+00EE
    { 13, 28, 191, 0, 28, 91, 11466 }, // U+00EF
    { 21, 30, 373, 1, 30, 158, 11557 }, // U+00F0
    { 19, 26, 362, 2, 26, 124, 11715 }, // U+00F1
    { 21, 29, 363, 1, 29, 153, 11839 }, // U+00F2
    { 21, 29, 363, 1, 29, 153, 11992 }, // U+00F3
    { 21, 29, 363, 1, 29, 153, 12145 }, // U+00F4
    { 21, 26, 363, 1, 26, 137, 12298 }, // U+00F5
    { 21, 29, 363, 1, 29, 153, 12435 }, // U+00F6
    { 20, 20, 376, 2, 20, 100, 12588 }, // U+00F7
    { 21, 22, 363, 1, 21, 116, 12688 }, // U+00F8
    { 19, 29, 361, 2, 29, 138, 12804 }, // U+00F9
    { 19, 29, 361, 2, 29, 138, 12942 }, // U+00FA
    { 19, 29, 361, 2, 29, 138, 13080 }, // U+00FB
    { 19, 29, 361, 2, 29, 138, 13218 }, // U+00FC
    { 22, 35, 328, 0, 29, 193, 13356 }, // U+00FD
    { 21, 32, 377, 2, 26, 168, 13549 }, // U+00FE
    { 21, 35, 328, 0, 29, 184, 13717 }, // U+00FF
    { 28, 33, 437, 0, 33, 231, 0 }, // U+0100
    { 20, 26, 350, 1, 26, 130, 231 }, // U+0101
    { 28, 35, 437, 0, 35, 245, 361 }, // U+0102
    { 20, 29, 350, 1, 29, 145, 606 }, // U+0103
    { 28, 32, 437, -1, 26, 224, 751 }, // U+0104
    { 20, 26, 350, 1, 20, 130, 975 }, // U+0105
    { 25, 36, 426, 1, 36, 225, 1105 }, // U+0106
    { 19, 29, 329, 1, 29, 138, 1330 }, // U+0107
    { 24, 36, 426, 1, 36, 216, 1468 }, // U+0108
    { 19, 29, 329, 1, 29, 138, 1684 }, // U+0109
    { 25, 36, 426, 1, 36, 225, 1822 }, // U+010A
    { 20, 29, 329, 1, 29, 145, 2047 }, // U+010B
    { 24, 36, 426, 1, 36, 216, 2192 }, // U+010C
    { 19, 29, 329, 1, 29, 138, 2408 }, // U+010D
    { 24, 35, 434, 2, 35, 210, 2546 }, // U+010E
    { 28, 26, 407, 1, 26, 182, 2756 }, // U+010F
    { 29, 26, 490, 1, 26, 189, 2938 }, // U+0110
    { 23, 28, 400, 1, 28, 161, 3127 }, // U+0111
    { 21, 33, 367, 2, 33, 174, 3288 }, // U+0112
    { 21, 26, 358, 0, 26, 137, 3462 }, // U+0113
    { 21, 35, 367, 2, 35, 184, 3599 }, // U+0114
    { 22, 29, 358, 1, 29, 160, 3783 }, // U+0115
    { 21, 35, 367, 2, 35, 184, 3943 }, // U+0116
    { 22, 29, 358, 0, 29, 160, 4127 }, // U+0117
    { 21, 32, 367, 2, 26, 168, 4287 }, // U+0118
    { 21, 26, 358, 0, 20, 137, 4455 }, // U+0119
    { 21, 35, 367, 2, 35, 184, 4592 }, // U+011A
    { 22, 29, 358, 1, 29, 160, 4776 }, // U+011B
    { 26, 36, 455, 1, 36, 234, 4936 }, // U+011C
    { 21, 37, 378, 1, 28, 195, 5170 }, // U+011D
    { 26, 35, 455, 1, 35, 228, 5365 }, // U+011E
    { 21, 37, 378, 1, 28, 195, 5593 }, // U+011F
    { 26, 36, 455, 1, 36, 234, 5788 }, // U+0120
    { 21, 37, 378, 1, 28, 195, 6022 }, // U+0121
    { 26, 36, 455, 1, 26, 234, 6217 }, // U+0122
    { 21, 39, 378, 1, 30, 205, 6451 }, // U+0123
    { 24, 35, 430, 2, 35, 210, 6656 }, // U+0124
    { 24, 35, 362, -3, 35, 210, 6866 }, // U+0125
    { 28, 26, 469, 1, 26, 182, 7076 }, // U+0126
    { 23, 27, 398, 1, 27, 156, 7258 }, // U+0127
    { 15, 34, 291, 1, 34, 128, 7414 }, // U+0128
    { 15, 26, 191, -2, 26, 98, 7542 }, // U+0129
    { 14, 33, 291, 2, 33, 116, 7640 }, // U+012A
    { 12, 26, 191, 1, 26, 78, 7756 }, // U+012B
    { 15, 35, 291, 2, 35, 132, 7834 }, // U+012C
    { 14, 28, 191, -1, 28, 98, 7966 }, // U+012D
    { 14, 32, 291, 2, 26, 112, 8064 }, // U+012E
    { 10, 37, 199, 1, 31, 93, 8176 }, // U+012F
    { 14, 35, 291, 2, 35, 123, 8269 }, // U+0130
    { 11, 19, 191, 0, 19, 53, 8392 }, // U+0131
    { 37, 26, 645, 2, 26, 241, 8445 }, // U+0132
    { 20, 36, 363, 1, 30, 180, 8686 }, // U+0133
    { 25, 36, 355, 0, 36, 225, 8866 }, // U+0134
    { 16, 35, 164, -3, 29, 140, 9091 }, // U+0135
    { 24, 36, 417, 2, 26, 216, 9231 }, // U+0136
    { 21, 36, 359, 2, 26, 189, 9447 }, // U+0137
    { 21, 19, 359, 2, 19, 100, 9636 }, // U+0138
    { 19, 36, 340, 2, 36, 171, 9736 }, // U+0139
    { 10, 36, 196, 2, 36, 90, 9907 }, // U+013A
    { 19, 36, 340, 2, 26, 171, 9997 }, // U+013B
    { 11, 36, 196, 1, 26, 99, 10168 }, // U+013C
    { 19, 26, 340, 2, 26, 124, 10267 }, // U+013D
    { 13, 26, 209, 2, 26, 85, 10391 }, // U+013E
    { 19, 26, 340, 2, 26, 124, 10476 }, // U+013F
    { 17, 26, 307, 2, 26, 111, 10600 }, // U+0140
    { 22, 26, 371, 1, 26, 143, 10711 }, // U+0141
    { 13, 26, 204, 1, 26, 85, 10854 }, // U+0142
    { 25, 36, 443, 2, 36, 225, 10939 }, // U+0143
    { 19, 29, 362, 2, 29, 138, 11164 }, // U+0144
    { 25, 36, 443, 2, 26, 225, 11302 }, // U+0145
    { 19, 30, 362, 2, 20, 143, 11527 }, // U+0146
    { 25, 35, 443, 2, 35, 219, 11670 }, // U+0147
    { 19, 28, 362, 2, 28, 133, 11889 }, // U+0148
    { 28, 26, 503, 2, 26, 182, 12022 }, // U+0149
    { 25, 32, 443, 2, 26, 200, 12204 }, // U+014A
    { 19, 26, 362, 2, 20, 124, 12404 }, // U+014B
    { 28, 33, 484, 1, 33, 231, 12528 }, // U+014C
    { 21, 26, 363, 1, 26, 137, 12759 }, // U+014D
    { 28, 35, 484, 1, 35, 245, 12896 }, // U+014E
    { 21, 29, 363, 1, 29, 153, 13141 }, // U+014F
    { 28, 36, 484, 1, 36, 252, 13294 }, // U+0150
    { 21, 29, 363, 1, 29, 153, 13546 }, // U+0151
    { 40, 26, 672, 1, 26, 260, 13699 }, // U+0152
    { 35, 20, 593, 1, 20, 175, 13959 }, // U+0153
    { 24, 36, 414, 2, 36, 216, 14134 }, // U+0154
    { 13, 29, 236, 2, 29, 95, 14350 }, // U+0155
    { 24, 36, 414, 2, 26, 216, 14445 }, // U+0156
    { 15, 30, 236, -1, 20, 113, 14661 }, // U+0157
    { 24, 35, 414, 2, 35, 210, 14774 }, // U+0158
    { 17, 28, 236, 0, 28, 119, 14984 }, // U+0159
    { 24, 36, 392, 0, 36, 216, 15103 }, // U+015A
    { 20, 29, 338, 0, 29, 145, 15319 }, // U+015B
    { 24, 36, 392, 0, 36, 216, 15464 }, // U+015C
    { 20, 29, 338, 0, 29, 145, 15680 }, // U+015D
    { 24, 33, 392, 0, 26, 198, 15825 }, // U+015E
    { 20, 27, 338, 0, 20, 135, 16023 }, // U+015F
    { 24, 36, 392, 0, 36, 216, 16158 }, // U+0160
    { 20, 29, 338, 0, 29, 145, 16374 }, // U+0161
    { 23, 33, 391, 1, 26, 190, 16519 }, // U+0162
    { 14, 32, 240, 1, 25, 112, 16709 }, // U+0163
    { 23, 35, 391, 1, 35, 202, 16821 }, // U+0164
    { 16, 29, 240, 1, 29, 116, 17023 }, // U+0165
    { 23, 26, 391, 1, 26, 150, 17139 }, // U+0166
    { 14, 25, 240, 1, 25, 88, 17289 }, // U+0167
    { 23, 34, 420, 2, 34, 196, 17377 }, // U+0168
    { 19, 26, 361, 2, 26, 124, 17573 }, // U+0169
    { 23, 33, 420, 2, 33, 190, 17697 }, // U+016A
    { 19, 26, 361, 2, 26, 124, 17887 }, // U+016B
    { 23, 35, 420, 2, 35, 202, 18011 }, // U+016C
    { 19, 29, 361, 2, 29, 138, 18213 }, // U+016D
    { 23, 38, 420, 2, 38, 219, 18351 }, // U+016E
    { 19, 32, 361, 2, 32, 152, 18570 }, // U+016F
    { 23, 36, 420, 2, 36, 207, 18722 }, // U+0170
    { 20, 29, 361, 2, 29, 145, 18929 }, // U+0171
    { 23, 32, 420, 2, 26, 184, 19074 }, // U+0172
    { 19, 25, 361, 2, 19, 119, 19258 }, // U+0173
    { 35, 35, 559, 0, 35, 307, 19377 }, // U+0174
    { 29, 29, 458, 0, 29, 211, 19684 }, // U+0175
    { 28, 35, 435, -1, 35, 245, 19895 }, // U+0176
    { 21, 35, 328, 0, 29, 184, 20140 }, // U+0177
    { 27, 35, 435, 0, 35, 237, 20324 }, // U+0178
    { 22, 36, 393, 1, 36, 198, 20561 }, // U+0179
    { 18, 29, 327, 1, 29, 131, 20759 }, // U+017A
    { 22, 35, 393, 1, 35, 193, 20890 }, // U+017B
    { 18, 28, 327, 1, 28, 126, 21083 }, // U+017C
    { 22, 35, 393, 1, 35, 193, 21209 }, // U+017D
    { 18, 28, 327, 1, 28, 126, 21402 }, // U+017E
    { 14, 29, 232, 1, 29, 102, 21528 }, // U+017F
    { 29, 31, 484, 1, 31, 225, 0 }, // U+01A0
    { 23, 24, 376, 1, 24, 138, 225 }, // U+01A1
    { 28, 31, 437, 2, 31, 217, 363 }, // U+01AF
    { 23, 24, 374, 2, 24, 138, 580 }, // U+01B0
    { 49, 35, 828, 2, 35, 429, 718 }, // U+01C4
    { 45, 28, 761, 2, 28, 315, 1147 }, // U+01C5
    { 42, 29, 704, 1, 29, 305, 1462 }, // U+01C6
    { 40, 26, 695, 2, 26, 260, 1767 }, // U+01C7
    { 28, 36, 504, 2, 30, 252, 2027 }, // U+01C8
    { 19, 36, 363, 2, 30, 171, 2279 }, // U+01C9
    { 47, 26, 798, 2, 26, 306, 2450 }, // U+01CA
    { 35, 36, 607, 2, 30, 315, 2756 }, // U+01CB
    { 29, 36, 526, 2, 30, 261, 3071 }, // U+01CC
    { 28, 35, 437, 0, 35, 245, 3332 }, // U+01CD
    { 20, 29, 350, 1, 29, 145, 3577 }, // U+01CE
    { 23, 36, 420, 2, 36, 207, 3722 }, // U+01D3
    { 19, 29, 361, 2, 29, 138, 3929 }, // U+01D4
    { 26, 36, 455, 1, 36, 234, 4067 }, // U+01E6
    { 21, 37, 378, 1, 28, 195, 4301 }, // U+01E7
    { 28, 32, 484, 1, 26, 224, 4496 }, // U+01EA
    { 21, 26, 363, 1, 20, 137, 4720 }, // U+01EB
    { 49, 26, 828, 2, 26, 319, 4857 }, // U+01F1
    { 45, 26, 761, 2, 26, 293, 5176 }, // U+01F2
    { 42, 26, 704, 1, 26, 273, 5469 }, // U+01F3
    { 28, 41, 437, -1, 41, 287, 5742 }, // U+01FA
    { 20, 41, 350, 1, 41, 205, 6029 }, // U+01FB
    { 39, 36, 643, 0, 36, 351, 6234 }, // U+01FC
    { 34, 29, 559, 1, 29, 247, 6585 }, // U+01FD
    { 28, 36, 483, 1, 36, 252, 6832 }, // U+01FE
    { 21, 30, 363, 1, 29, 158, 7084 }, // U+01FF
    { 24, 36, 392, 0, 26, 216, 7242 }, // U+0218
    { 20, 30, 338, 0, 20, 150, 7458 }, // U+0219
    { 23, 36, 391, 1, 26, 207, 7608 }, // U+021A
    { 14, 35, 240, 1, 25, 123, 7815 }, // U+021B
    { 24, 35, 430, 2, 35, 210, 7938 }, // U+021E
    { 24, 35, 362, -3, 35, 210, 8148 }, // U+021F
    { 9, 6, 0, 0, 29, 14, 0 }, // U+0300
    { 9, 6, 0, -1, 29, 14, 14 }, // U+0301
    { 16, 6, 0, 0, 29, 24, 28 }, // U+0302
    { 15, 5, 0, 0, 27, 19, 52 }, // U+0303
    { 12, 4, 0, 0, 26, 12, 71 }, // U+0304
    { 15, 6, 0, -2, 28, 23, 83 }, // U+0306
    { 7, 6, 0, 0, 29, 11, 106 }, // U+0307
    { 13, 6, 0, 0, 29, 20, 117 }, // U+0308
    { 8, 7, 99, -1, 29, 14, 137 }, // U+0309
    { 10, 10, 0, 0, 31, 25, 151 }, // U+030A
    { 17, 6, 0, -1, 29, 26, 176 }, // U+030B
    { 16, 6, 0, 0, 28, 24, 202 }, // U+030C
    { 13, 9, 236, 0, 24, 30, 226 }, // U+031B
    { 7, 7, 130, 0, -3, 13, 256 }, // U+0323
    { 10, 9, 0, -1, -1, 23, 269 }, // U+0326
    { 9, 9, 0, 0, 2, 21, 292 }, // U+0327
    { 9, 7, 0, 0, 0, 16, 313 }, // U+0328
    { 27, 36, 437, 0, 26, 243, 0 }, // U+1EA0
    { 20, 29, 350, 1, 20, 145, 243 }, // U+1EA1
    { 27, 36, 437, 0, 36, 243, 388 }, // U+1EA2
    { 20, 30, 350, 1, 30, 150, 631 }, // U+1EA3
    { 28, 39, 437, 0, 39, 273, 781 }, // U+1EA4
    { 22, 35, 350, 1, 35, 193, 1054 }, // U+1EA5
    { 28, 38, 437, -1, 38, 266, 1247 }, // U+1EA6
    { 22, 34, 350, 1, 34, 187, 1513 }, // U+1EA7
    { 28, 39, 437, 0, 39, 273, 1700 }, // U+1EA8
    { 21, 35, 350, 1, 35, 184, 1973 }, // U+1EA9
    { 28, 42, 437, 0, 42, 294, 2157 }, // U+1EAA
    { 20, 36, 350, 1, 36, 180, 2451 }, // U+1EAB
    { 27, 45, 437, 0, 35, 304, 2631 }, // U+1EAC
    { 20, 38, 350, 1, 29, 190, 2935 }, // U+1EAD
    { 27, 43, 437, 0, 43, 291, 3125 }, // U+1EAE
    { 20, 37, 350, 1, 37, 185, 3416 }, // U+1EAF
    { 27, 43, 437, 0, 43, 291, 3601 }, // U+1EB0
    { 20, 37, 350, 1, 37, 185, 3892 }, // U+1EB1
    { 27, 43, 437, 0, 43, 291, 4077 }, // U+1EB2
    { 20, 37, 350, 1, 37, 185, 4368 }, // U+1EB3
    { 28, 41, 437, 0, 41, 287, 4553 }, // U+1EB4
    { 20, 35, 350, 1, 35, 175, 4840 }, // U+1EB5
    { 27, 45, 437, 0, 35, 304, 5015 }, // U+1EB6
    { 20, 38, 350, 1, 29, 190, 5319 }, // U+1EB7
    { 21, 36, 367, 2, 26, 189, 5509 }, // U+1EB8
    { 22, 29, 358, 0, 20, 160, 5698 }, // U+1EB9
    { 21, 36, 367, 2, 36, 189, 5858 }, // U+1EBA
    { 21, 30, 358, 1, 30, 158, 6047 }, // U+1EBB
    { 21, 34, 367, 2, 34, 179, 6205 }, // U+1EBC
    { 22, 26, 358, 1, 26, 143, 6384 }, // U+1EBD
    { 24, 40, 367, 2, 40, 240, 6527 }, // U+1EBE
    { 23, 35, 358, 1, 35, 202, 6767 }, // U+1EBF
    { 24, 38, 367, 2, 38, 228, 6969 }, // U+1EC0
    { 22, 34, 358, 1, 34, 187, 7197 }, // U+1EC1
    { 23, 39, 367, 2, 39, 225, 7384 }, // U+1EC2
    { 22, 35, 358, 1, 35, 193, 7609 }, // U+1EC3
    { 21, 42, 367, 2, 42, 221, 7802 }, // U+1EC4
    { 22, 36, 358, 1, 36, 198, 8023 }, // U+1EC5
    { 21, 45, 367, 2, 35, 237, 8221 }, // U+1EC6
    { 22, 38, 358, 0, 29, 209, 8458 }, // U+1EC7
    { 14, 36, 291, 2, 36, 126, 8667 }, // U+1EC8
    { 11, 29, 191, 0, 29, 80, 8793 }, // U+1EC9
    { 14, 36, 291, 2, 26, 126, 8873 }, // U+1ECA
    { 10, 39, 199, 1, 30, 98, 8999 }, // U+1ECB
    { 28, 35, 484, 1, 26, 245, 9097 }, // U+1ECC
    { 21, 29, 363, 1, 20, 153, 9342 }, // U+1ECD
    { 28, 36, 484, 1, 36, 252, 9495 }, // U+1ECE
    { 21, 30, 363, 1, 30, 158, 9747 }, // U+1ECF
    { 28, 40, 484, 1, 40, 280, 9905 }, // U+1ED0
    { 23, 35, 363, 1, 35, 202, 10185 }, // U+1ED1
    { 28, 39, 484, 1, 39, 273, 10387 }, // U+1ED2
    { 22, 34, 363, 1, 34, 187, 10660 }, // U+1ED3
    { 28, 40, 484, 1, 40, 280, 10847 }, // U+1ED4
    { 21, 35, 363, 1, 35, 184, 11127 }, // U+1ED5
    { 28, 43, 484, 1, 43, 301, 11311 }, // U+1ED6
    { 21, 36, 363, 1, 36, 189, 11612 }, // U+1ED7
    { 28, 45, 484, 1, 36, 315, 11801 }, // U+1ED8
    { 21, 38, 363, 1, 29, 200, 12116 }, // U+1ED9
    { 29, 36, 484, 1, 36, 261, 12316 }, // U+1EDA
    { 23, 29, 376, 1, 29, 167, 12577 }, // U+1EDB
    { 29, 36, 484, 1, 36, 261, 12744 }, // U+1EDC
    { 23, 29, 376, 1, 29, 167, 13005 }, // U+1EDD
    { 29, 36, 484, 1, 36, 261, 13172 }, // U+1EDE
    { 23, 29, 376, 1, 29, 167, 13433 }, // U+1EDF
    { 29, 34, 484, 1, 34, 247, 13600 }, // U+1EE0
    { 23, 26, 376, 1, 26, 150, 13847 }, // U+1EE1
    { 29, 40, 484, 1, 31, 290, 13997 }, // U+1EE2
    { 23, 33, 376, 1, 24, 190, 14287 }, // U+1EE3
    { 23, 35, 420, 2, 26, 202, 14477 }, // U+1EE4
    { 19, 28, 361, 2, 19, 133, 14679 }, // U+1EE5
    { 23, 36, 420, 2, 36, 207, 14812 }, // U+1EE6
    { 19, 30, 361, 2, 30, 143, 15019 }, // U+1EE7
    { 28, 36, 437, 2, 36, 252, 15162 }, // U+1EE8
    { 23, 29, 374, 2, 29, 167, 15414 }, // U+1EE9
    { 28, 36, 437, 2, 36, 252, 15581 }, // U+1EEA
    { 23, 29, 374, 2, 29, 167, 15833 }, // U+1EEB
    { 28, 36, 437, 2, 36, 252, 16000 }, // U+1EEC
    { 23, 30, 374, 2, 30, 173, 16252 }, // U+1EED
    { 28, 34, 437, 2, 34, 238, 16425 }, // U+1EEE
    { 23, 26, 374, 2, 26, 150, 16663 }, // U+1EEF
    { 28, 40, 437, 2, 31, 280, 16813 }, // U+1EF0
    { 23, 33, 374, 2, 24, 190, 17093 }, // U+1EF1
    { 28, 35, 435, 0, 35, 245, 17283 }, // U+1EF2
    { 21, 35, 328, 0, 29, 184, 17528 }, // U+1EF3
    { 27, 36, 435, 0, 26, 243, 17712 }, // U+1EF4
    { 21, 28, 328, 0, 19, 147, 17955 }, // U+1EF5
    { 28, 36, 435, -1, 36, 252, 18102 }, // U+1EF6
    { 22, 36, 328, -1, 30, 198, 18354 }, // U+1EF7
    { 28, 34, 435, -1, 34, 238, 18552 }, // U+1EF8
    { 21, 32, 328, 0, 26, 168, 18790 }, // U+1EF9
    { 11, 5, 212, 1, 12, 14, 0 }, // U+2010
    { 17, 5, 322, 2, 12, 22, 14 }, // U+2013
    { 30, 5, 533, 2, 12, 38, 36 }, // U+2014
    { 8, 13, 175, 2, 26, 26, 74 }, // U+2018
    { 8, 13, 175, 2, 26, 26, 100 }, // U+2019
    { 8, 13, 175, 2, 7, 26, 126 }, // U+201A
    { 17, 13, 315, 2, 26, 56, 152 }, // U+201C
    { 17, 13, 315, 2, 26, 56, 208 }, // U+201D
    { 17, 13, 315, 2, 7, 56, 264 }, // U+201E
    { 20, 26, 376, 2, 26, 130, 320 }, // U+2020
    { 20, 26, 376, 2, 26, 130, 450 }, // U+2021
    { 13, 13, 277, 2, 16, 43, 580 }, // U+2022
    { 28, 8, 509, 2, 8, 56, 623 }, // U+2026
    { 54, 26, 890, 1, 26, 351, 679 }, // U+2030
    { 14, 17, 256, 1, 19, 60, 1030 }, // U+2039
    { 14, 16, 256, 1, 18, 56, 1090 }, // U+203A
    { 25, 26, 395, 0, 26, 163, 1146 }, // U+2044
    { 14, 15, 284, 2, 31, 53, 0 }, // U+2074
    { 23, 32, 400, 1, 28, 184, 0 }, // U+20AB
    { 27, 26, 426, 0, 26, 176, 184 }, // U+20AC
    { 21, 28, 378, 2, 27, 147, 0 }, // U+2202
    { 22, 34, 389, 1, 27, 187, 147 }, // U+220F
    { 22, 34, 391, 1, 27, 187, 334 }, // U+2211
    { 21, 6, 376, 1, 13, 32, 521 }, // U+2212
    { 26, 27, 412, 0, 27, 176, 553 }, // U+2215
    { 8, 8, 175, 1, 14, 16, 729 }, // U+2219
    { 26, 34, 449, 1, 27, 221, 745 }, // U+221A
    { 27, 14, 474, 2, 17, 95, 966 }, // U+221E
    { 17, 34, 308, 1, 27, 145, 1061 }, // U+222B
    { 19, 16, 337, 1, 18, 76, 1206 }, // U+2248
    { 21, 20, 376, 1, 20, 105, 1282 }, // U+2260
    { 21, 21, 376, 1, 21, 111, 1387 }, // U+2264
    { 21, 21, 376, 1, 21, 111, 1498 }, // U+2265
    { 27, 29, 443, 1, 29, 196, 0 }, // U+FB00
    { 23, 30, 390, 1, 30, 173, 196 }, // U+FB01
    { 27, 29, 429, 1, 29, 196, 369 }, // U+FB02
    { 36, 30, 591, 1, 30, 270, 565 }, // U+FB03
    { 40, 29, 641, 1, 29, 290, 835 }, // U+FB04
    { 17, 28, 334, 2, 28, 119, 0 }, // U+FFFD
};

static const EpdUnicodeInterval lexica_19_boldIntervals[] = {
    { 0xD, 0xD, 0x0 },
    { 0x20, 0x7E, 0x1 },
    { 0xA0, 0xFF, 0x60 },
    { 0x100, 0x17F, 0xC0 },
    { 0x1A0, 0x1A1, 0x140 },
    { 0x1AF, 0x1B0, 0x142 },
    { 0x1C4, 0x1CE, 0x144 },
    { 0x1D3, 0x1D4, 0x14F },
    { 0x1E6, 0x1E7, 0x151 },
    { 0x1EA, 0x1EB, 0x153 },
    { 0x1F1, 0x1F3, 0x155 },
    { 0x1FA, 0x1FF, 0x158 },
    { 0x218, 0x21B, 0x15E },
    { 0x21E, 0x21F, 0x162 },
    { 0x300, 0x304, 0x164 },
    { 0x306, 0x30C, 0x169 },
    { 0x31B, 0x31B, 0x170 },
    { 0x323, 0x323, 0x171 },
    { 0x326, 0x328, 0x172 },
    { 0x1EA0, 0x1EF9, 0x175 },
    { 0x2010, 0x2010, 0x1CF },
    { 0x2013, 0x2014, 0x1D0 },
    { 0x2018, 0x201A, 0x1D2 },
    { 0x201C, 0x201E, 0x1D5 },
    { 0x2020, 0x2022, 0x1D8 },
    { 0x2026, 0x2026, 0x1DB },
    { 0x2030, 0x2030, 0x1DC },
    { 0x2039, 0x203A, 0x1DD },
    { 0x2044, 0x2044, 0x1DF },
    { 0x2074, 0x2074, 0x1E0 },
    { 0x20AB, 0x20AC, 0x1E1 },
    { 0x2202, 0x2202, 0x1E3 },
    { 0x220F, 0x220F, 0x1E4 },
    { 0x2211, 0x2212, 0x1E5 },
    { 0x2215, 0x2215, 0x1E7 },
    { 0x2219, 0x221A, 0x1E8 },
    { 0x221E, 0x221E, 0x1EA },
    { 0x222B, 0x222B, 0x1EB },
    { 0x2248, 0x2248, 0x1EC },
    { 0x2260, 0x2260, 0x1ED },
    { 0x2264, 0x2265, 0x1EE },
    { 0xFB00, 0xFB04, 0x1F0 },
    { 0xFFFD, 0xFFFD, 0x1F5 },
};

static const EpdFontGroup lexica_19_boldGroups[] = {
    { 0, 4244, 12021, 96, 0 },
    { 4244, 4108, 14790, 96, 96 },
    { 8352, 5222, 22995, 128, 192 },
    { 13574, 2641, 8707, 36, 320 },
    { 16215, 246, 375, 17, 356 },
    { 16461, 3459, 19914, 90, 373 },
    { 19920, 504, 1399, 17, 463 },
    { 20424, 48, 60, 1, 480 },
    { 20472, 196, 374, 2, 481 },
    { 20668, 597, 1775, 13, 483 },
    { 21265, 263, 1146, 5, 496 },
    { 21528, 108, 140, 1, 501 },
};

static const EpdKernClassEntry lexica_19_boldKernLeftClasses[] = {
    { 0x0028, 1 }, // (
    { 0x002C, 2 }, // ,
    { 0x002D, 3 }, // -
    { 0x002E, 2 }, // .
    { 0x002F, 4 }, // /
    { 0x0031, 5 }, // 1
    { 0x0032, 6 }, // 2
    { 0x0034, 7 }, // 4
    { 0x0035, 8 }, // 5
    { 0x0036, 9 }, // 6
    { 0x0037, 10 }, // 7
    { 0x0038, 11 }, // 8
    { 0x0039, 12 }, // 9
    { 0x0041, 13 }, // A
    { 0x0042, 14 }, // B
    { 0x0043, 15 }, // C
    { 0x0044, 16 }, // D
    { 0x0045, 17 }, // E
    { 0x0046, 18 }, // F
    { 0x0047, 19 }, // G
    { 0x0049, 20 }, // I
    { 0x004A, 21 }, // J
    { 0x004B, 22 }, // K
    { 0x004C, 23 }, // L
    { 0x004F, 16 }, // O
    { 0x0050, 24 }, // P
    { 0x0051, 25 }, // Q
    { 0x0052, 26 }, // R
    { 0x0053, 27 }, // S
    { 0x0054, 28 }, // T
    { 0x0055, 29 }, // U
    { 0x0056, 30 }, // V
    { 0x0057, 31 }, // W
    { 0x0058, 32 }, // X
    { 0x0059, 33 }, // Y
    { 0x005A, 34 }, // Z
    { 0x0061, 35 }, // a
    { 0x0062, 36 }, // b
    { 0x0063, 37 }, // c
    { 0x0064, 38 }, // d
    { 0x0065, 39 }, // e
    { 0x0066, 40 }, // f
    { 0x0067, 41 }, // g
    { 0x0068, 42 }, // h
    { 0x006A, 43 }, // j
    { 0x006B, 44 }, // k
    { 0x006C, 45 }, // l
    { 0x006D, 42 }, // m
    { 0x006E, 42 }, // n
    { 0x006F, 36 }, // o
    { 0x0070, 36 }, // p
    { 0x0071, 46 }, // q
    { 0x0072, 47 }, // r
    { 0x0073, 48 }, // s
    { 0x0074, 49 }, // t
    { 0x0075, 50 }, // u
    { 0x0076, 51 }, // v
    { 0x0077, 52 }, // w
    { 0x0078, 53 }, // x
    { 0x0079, 51 }, // y
    { 0x007A, 54 }, // z
    { 0x00C0, 13 }, // U+00C0
    { 0x00C1, 13 }, // U+00C1
    { 0x00C2, 13 }, // U+00C2
    { 0x00C3, 13 }, // U+00C3
    { 0x00C4, 13 }, // U+00C4
    { 0x00C5, 13 }, // U+00C5
    { 0x00C6, 17 }, // U+00C6
    { 0x00C7, 15 }, // U+00C7
    { 0x00C8, 17 }, // U+00C8
    { 0x00C9, 17 }, // U+00C9
    { 0x00CA, 17 }, // U+00CA
    { 0x00CB, 17 }, // U+00CB
    { 0x00CC, 20 }, // U+00CC
    { 0x00CD, 20 }, // U+00CD
    { 0x00CE, 20 }, // U+00CE
    { 0x00CF, 20 }, // U+00CF
    { 0x00D0, 16 }, // U+00D0
    { 0x00D2, 16 }, // U+00D2
    { 0x00D3, 16 }, // U+00D3
    { 0x00D4, 16 }, // U+00D4
    { 0x00D5, 16 }, // U+00D5
    { 0x00D6, 16 }, // U+00D6
    { 0x00D8, 16 }, // U+00D8
    { 0x00D9, 29 }, // U+00D9
    { 0x00DA, 29 }, // U+00DA
    { 0x00DB, 29 }, // U+00DB
    { 0x00DC, 29 }, // U+00DC
    { 0x00DD, 33 }, // U+00DD
    { 0x00E0, 42 }, // U+00E0
    { 0x00E1, 42 }, // U+00E1
    { 0x00E2, 42 }, // U+00E2
    { 0x00E3, 42 }, // U+00E3
    { 0x00E4, 42 }, // U+00E4
    { 0x00E5, 42 }, // U+00E5
    { 0x00E6, 39 }, // U+00E6
    { 0x00E7, 37 }, // U+00E7
    { 0x00E8, 39 }, // U+00E8
    { 0x00E9, 39 }, // U+00E9
    { 0x00EA, 39 }, // U+00EA
    { 0x00EB, 39 }, // U+00EB
    { 0x00F0, 16 }, // U+00F0
    { 0x00F1, 42 }, // U+00F1
    { 0x00F2, 36 }, // U+00F2
    { 0x00F3, 36 }, // U+00F3
    { 0x00F4, 36 }, // U+00F4
    { 0x00F5, 36 }, // U+00F5
    { 0x00F6, 36 }, // U+00F6
    { 0x00F8, 36 }, // U+00F8
    { 0x00F9, 50 }, // U+00F9
    { 0x00FA, 50 }, // U+00FA
    { 0x00FB, 50 }, // U+00FB
    { 0x00FC, 50 }, // U+00FC
    { 0x00FD, 51 }, // U+00FD
    { 0x00FE, 36 }, // U+00FE
    { 0x00FF, 51 }, // U+00FF
    { 0x0100, 13 }, // U+0100
    { 0x0101, 42 }, // U+0101
    { 0x0102, 13 }, // U+0102
    { 0x0103, 42 }, // U+0103
    { 0x0104, 13 }, // U+0104
    { 0x0105, 55 }, // U+0105
    { 0x0106, 15 }, // U+0106
    { 0x0107, 37 }, // U+0107
    { 0x0108, 15 }, // U+0108
    { 0x0109, 37 }, // U+0109
    { 0x010A, 15 }, // U+010A
    { 0x010B, 37 }, // U+010B
    { 0x010C, 15 }, // U+010C
    { 0x010D, 37 }, // U+010D
    { 0x010E, 16 }, // U+010E
    { 0x010F, 56 }, // U+010F
    { 0x0111, 40 }, // U+0111
    { 0x0112, 17 }, // U+0112
    { 0x0113, 39 }, // U+0113
    { 0x0114, 17 }, // U+0114
    { 0x0115, 39 }, // U+0115
    { 0x0116, 17 }, // U+0116
    { 0x0117, 39 }, // U+0117
    { 0x0118, 17 }, // U+0118
    { 0x0119, 39 }, // U+0119
    { 0x011A, 17 }, // U+011A
    { 0x011B, 39 }, // U+011B
    { 0x011C, 19 }, // U+011C
    { 0x011D, 41 }, // U+011D
    { 0x011E, 19 }, // U+011E
    { 0x011F, 41 }, // U+011F
    { 0x0120, 19 }, // U+0120
    { 0x0121, 41 }, // U+0121
    { 0x0122, 19 }, // U+0122
    { 0x0123, 41 }, // U+0123
    { 0x0125, 42 }, // U+0125
    { 0x0127, 42 }, // U+0127
    { 0x0128, 20 }, // U+0128
    { 0x012A, 20 }, // U+012A
    { 0x012C, 20 }, // U+012C
    { 0x012E, 20 }, // U+012E
    { 0x0130, 20 }, // U+0130
    { 0x0132, 21 }, // U+0132
    { 0x0133, 43 }, // U+0133
    { 0x0134, 21 }, // U+0134
    { 0x0135, 43 }, // U+0135
    { 0x0136, 22 }, // U+0136
    { 0x0137, 44 }, // U+0137
    { 0x0138, 44 }, // U+0138
    { 0x0139, 23 }, // U+0139
    { 0x013A, 57 }, // U+013A
    { 0x013B, 23 }, // U+013B
    { 0x013C, 57 }, // U+013C
    { 0x013E, 56 }, // U+013E
    { 0x013F, 23 }, // U+013F
    { 0x0141, 23 }, // U+0141
    { 0x0142, 57 }, // U+0142
    { 0x0144, 42 }, // U+0144
    { 0x0146, 42 }, // U+0146
    { 0x0148, 42 }, // U+0148
    { 0x0149, 42 }, // U+0149
    { 0x014B, 42 }, // U+014B
    { 0x014C, 16 }, // U+014C
    { 0x014D, 36 }, // U+014D
    { 0x014E, 16 }, // U+014E
    { 0x014F, 36 }, // U+014F
    { 0x0150, 16 }, // U+0150
    { 0x0151, 36 }, // U+0151
    { 0x0152, 17 }, // U+0152
    { 0x0153, 39 }, // U+0153
    { 0x0154, 26 }, // U+0154
    { 0x0155, 47 }, // U+0155
    { 0x0156, 26 }, // U+0156
    { 0x0157, 47 }, // U+0157
    { 0x0158, 26 }, // U+0158
    { 0x0159, 47 }, // U+0159
    { 0x015A, 27 }, // U+015A
    { 0x015B, 48 }, // U+015B
    { 0x015C, 27 }, // U+015C
    { 0x015D, 48 }, // U+015D
    { 0x015E, 27 }, // U+015E
    { 0x015F, 48 }, // U+015F
    { 0x0160, 27 }, // U+0160
    { 0x0161, 48 }, // U+0161
    { 0x0162, 28 }, // U+0162
    { 0x0163, 49 }, // U+0163
    { 0x0164, 28 }, // U+0164
    { 0x0165, 56 }, // U+0165
    { 0x0166, 28 }, // U+0166
    { 0x0167, 49 }, // U+0167
    { 0x0168, 29 }, // U+0168
    { 0x0169, 50 }, // U+0169
    { 0x016A, 29 }, // U+016A
    { 0x016B, 50 }, // U+016B
    { 0x016C, 29 }, // U+016C
    { 0x016D, 50 }, // U+016D
    { 0x016E, 29 }, // U+016E
    { 0x016F, 50 }, // U+016F
    { 0x0170, 29 }, // U+0170
    { 0x0171, 50 }, // U+0171
    { 0x0172, 29 }, // U+0172
    { 0x0173, 50 }, // U+0173
    { 0x0176, 33 }, // U+0176
    { 0x0177, 51 }, // U+0177
    { 0x0178, 33 }, // U+0178
    { 0x0179, 34 }, // U+0179
    { 0x017A, 54 }, // U+017A
    { 0x017B, 34 }, // U+017B
    { 0x017C, 54 }, // U+017C
    { 0x017D, 34 }, // U+017D
    { 0x017E, 54 }, // U+017E
    { 0x017F, 40 }, // U+017F
    { 0x01A0, 58 }, // U+01A0
    { 0x01A1, 59 }, // U+01A1
    { 0x01AF, 60 }, // U+01AF
    { 0x01B0, 61 }, // U+01B0
    { 0x01C4, 34 }, // U+01C4
    { 0x01C5, 54 }, // U+01C5
    { 0x01C6, 54 }, // U+01C6
    { 0x01C7, 21 }, // U+01C7
    { 0x01C8, 43 }, // U+01C8
    { 0x01C9, 43 }, // U+01C9
    { 0x01CA, 21 }, // U+01CA
    { 0x01CB, 43 }, // U+01CB
    { 0x01CC, 43 }, // U+01CC
    { 0x01CD, 13 }, // U+01CD
    { 0x01CE, 42 }, // U+01CE
    { 0x01D3, 29 }, // U+01D3
    { 0x01D4, 50 }, // U+01D4
    { 0x01E6, 19 }, // U+01E6
    { 0x01E7, 41 }, // U+01E7
    { 0x01EA, 16 }, // U+01EA
    { 0x01EB, 36 }, // U+01EB
    { 0x01F1, 34 }, // U+01F1
    { 0x01F2, 54 }, // U+01F2
    { 0x01F3, 54 }, // U+01F3
    { 0x01FB, 42 }, // U+01FB
    { 0x01FC, 17 }, // U+01FC
    { 0x01FD, 39 }, // U+01FD
    { 0x01FE, 16 }, // U+01FE
    { 0x01FF, 36 }, // U+01FF
    { 0x0218, 27 }, // U+0218
    { 0x0219, 48 }, // U+0219
    { 0x021A, 28 }, // U+021A
    { 0x021B, 49 }, // U+021B
    { 0x021F, 42 }, // U+021F
    { 0x1EA0, 13 }, // U+1EA0
    { 0x1EA1, 42 }, // U+1EA1
    { 0x1EA2, 13 }, // U+1EA2
    { 0x1EA3, 42 }, // U+1EA3
    { 0x1EA4, 13 }, // U+1EA4
    { 0x1EA5, 42 }, // U+1EA5
    { 0x1EA6, 13 }, // U+1EA6
    { 0x1EA7, 42 }, // U+1EA7
    { 0x1EA8, 13 }, // U+1EA8
    { 0x1EA9, 42 }, // U+1EA9
    { 0x1EAA, 13 }, // U+1EAA
    { 0x1EAB, 42 }, // U+1EAB
    { 0x1EAC, 13 }, // U+1EAC
    { 0x1EAD, 42 }, // U+1EAD
    { 0x1EAE, 13 }, // U+1EAE
    { 0x1EAF, 42 }, // U+1EAF
    { 0x1EB0, 13 }, // U+1EB0
    { 0x1EB1, 42 }, // U+1EB1
    { 0x1EB2, 13 }, // U+1EB2
    { 0x1EB3, 42 }, // U+1EB3
    { 0x1EB4, 13 }, // U+1EB4
    { 0x1EB5, 42 }, // U+1EB5
    { 0x1EB6, 13 }, // U+1EB6
    { 0x1EB7, 42 }, // U+1EB7
    { 0x1EB8, 17 }, // U+1EB8
    { 0x1EB9, 39 }, // U+1EB9
    { 0x1EBA, 17 }, // U+1EBA
    { 0x1EBB, 39 }, // U+1EBB
    { 0x1EBC, 17 }, // U+1EBC
    { 0x1EBD, 39 }, // U+1EBD
    { 0x1EBE, 17 }, // U+1EBE
    { 0x1EC0, 17 }, // U+1EC0
    { 0x1EC2, 17 }, // U+1EC2
    { 0x1EC4, 17 }, // U+1EC4
    { 0x1EC6, 17 }, // U+1EC6
    { 0x1EC7, 39 }, // U+1EC7
    { 0x1EC8, 20 }, // U+1EC8
    { 0x1ECA, 20 }, // U+1ECA
    { 0x1ECC, 16 }, // U+1ECC
    { 0x1ECD, 36 }, // U+1ECD
    { 0x1ECE, 16 }, // U+1ECE
    { 0x1ECF, 36 }, // U+1ECF
    { 0x1ED0, 16 }, // U+1ED0
    { 0x1ED2, 16 }, // U+1ED2
    { 0x1ED4, 16 }, // U+1ED4
    { 0x1ED6, 16 }, // U+1ED6
    { 0x1ED7, 36 }, // U+1ED7
    { 0x1ED8, 16 }, // U+1ED8
    { 0x1ED9, 36 }, // U+1ED9
    { 0x1EDA, 58 }, // U+1EDA
    { 0x1EDB, 59 }, // U+1EDB
    { 0x1EDC, 58 }, // U+1EDC
    { 0x1EDD, 59 }, // U+1EDD
    { 0x1EDE, 58 }, // U+1EDE
    { 0x1EDF, 59 }, // U+1EDF
    { 0x1EE0, 58 }, // U+1EE0
    { 0x1EE1, 59 }, // U+1EE1
    { 0x1EE2, 58 }, // U+1EE2
    { 0x1EE3, 59 }, // U+1EE3
    { 0x1EE8, 60 }, // U+1EE8
    { 0x1EE9, 61 }, // U+1EE9
    { 0x1EEA, 60 }, // U+1EEA
    { 0x1EEB, 61 }, // U+1EEB
    { 0x1EEC, 60 }, // U+1EEC
    { 0x1EED, 61 }, // U+1EED
    { 0x1EEE, 60 }, // U+1EEE
    { 0x1EEF, 61 }, // U+1EEF
    { 0x1EF0, 60 }, // U+1EF0
    { 0x1EF1, 61 }, // U+1EF1
    { 0x1EF2, 33 }, // U+1EF2
    { 0x1EF3, 51 }, // U+1EF3
    { 0x1EF4, 33 }, // U+1EF4
    { 0x1EF5, 51 }, // U+1EF5
    { 0x1EF6, 33 }, // U+1EF6
    { 0x1EF7, 51 }, // U+1EF7
    { 0x1EF8, 33 }, // U+1EF8
    { 0x1EF9, 51 }, // U+1EF9
    { 0x2013, 3 }, // U+2013
    { 0x2014, 3 }, // U+2014
    { 0x2019, 62 }, // U+2019
    { 0x201A, 2 }, // U+201A
    { 0x201D, 62 }, // U+201D
    { 0x201E, 2 }, // U+201E
    { 0x2026, 2 }, // U+2026
    { 0x20AB, 40 }, // U+20AB
    { 0xFB00, 40 }, // U+FB00
    { 0xFB02, 57 }, // U+FB02
    { 0xFB04, 57 }, // U+FB04
};

static const EpdKernClassEntry lexica_19_boldKernRightClasses[] = {
    { 0x0025, 1 }, // %
    { 0x0029, 2 }, // )
    { 0x002C, 3 }, // ,
    { 0x002D, 4 }, // -
    { 0x002E, 3 }, // .
    { 0x002F, 5 }, // /
    { 0x0031, 6 }, // 1
    { 0x0032, 7 }, // 2
    { 0x0034, 8 }, // 4
    { 0x0037, 9 }, // 7
    { 0x0038, 10 }, // 8
    { 0x0039, 11 }, // 9
    { 0x0041, 12 }, // A
    { 0x0043, 13 }, // C
    { 0x0047, 13 }, // G
    { 0x0049, 14 }, // I
    { 0x004A, 15 }, // J
    { 0x004F, 13 }, // O
    { 0x0051, 13 }, // Q
    { 0x0053, 16 }, // S
    { 0x0054, 17 }, // T
    { 0x0055, 18 }, // U
    { 0x0056, 19 }, // V
    { 0x0057, 20 }, // W
    { 0x0058, 21 }, // X
    { 0x0059, 22 }, // Y
    { 0x005A, 23 }, // Z
    { 0x0061, 24 }, // a
    { 0x0063, 25 }, // c
    { 0x0064, 25 }, // d
    { 0x0065, 25 }, // e
    { 0x0066, 26 }, // f
    { 0x0067, 27 }, // g
    { 0x0068, 28 }, // h
    { 0x0069, 29 }, // i
    { 0x006A, 30 }, // j
    { 0x006B, 28 }, // k
    { 0x006C, 31 }, // l
    { 0x006D, 32 }, // m
    { 0x006E, 32 }, // n
    { 0x006F, 25 }, // o
    { 0x0070, 33 }, // p
    { 0x0071, 25 }, // q
    { 0x0072, 32 }, // r
    { 0x0073, 34 }, // s
    { 0x0074, 35 }, // t
    { 0x0075, 36 }, // u
    { 0x0076, 37 }, // v
    { 0x0077, 38 }, // w
    { 0x0078, 39 }, // x
    { 0x0079, 37 }, // y
    { 0x007A, 40 }, // z
    { 0x00B0, 41 }, // U+00B0
    { 0x00C0, 12 }, // U+00C0
    { 0x00C1, 12 }, // U+00C1
    { 0x00C2, 12 }, // U+00C2
    { 0x00C3, 12 }, // U+00C3
    { 0x00C4, 12 }, // U+00C4
    { 0x00C5, 12 }, // U+00C5
    { 0x00C6, 42 }, // U+00C6
    { 0x00C7, 13 }, // U+00C7
    { 0x00CC, 14 }, // U+00CC
    { 0x00CD, 14 }, // U+00CD
    { 0x00CE, 14 }, // U+00CE
    { 0x00CF, 14 }, // U+00CF
    { 0x00D2, 13 }, // U+00D2
    { 0x00D3, 13 }, // U+00D3
    { 0x00D4, 13 }, // U+00D4
    { 0x00D5, 13 }, // U+00D5
    { 0x00D6, 13 }, // U+00D6
    { 0x00D8, 13 }, // U+00D8
    { 0x00D9, 18 }, // U+00D9
    { 0x00DA, 18 }, // U+00DA
    { 0x00DB, 18 }, // U+00DB
    { 0x00DC, 18 }, // U+00DC
    { 0x00DD, 43 }, // U+00DD
    { 0x00E0, 24 }, // U+00E0
    { 0x00E1, 24 }, // U+00E1
    { 0x00E2, 24 }, // U+00E2
    { 0x00E3, 24 }, // U+00E3
    { 0x00E4, 24 }, // U+00E4
    { 0x00E5, 24 }, // U+00E5
    { 0x00E6, 24 }, // U+00E6
    { 0x00E7, 25 }, // U+00E7
    { 0x00E8, 25 }, // U+00E8
    { 0x00E9, 25 }, // U+00E9
    { 0x00EA, 25 }, // U+00EA
    { 0x00EB, 25 }, // U+00EB
    { 0x00EC, 29 }, // U+00EC
    { 0x00ED, 29 }, // U+00ED
    { 0x00EE, 29 }, // U+00EE
    { 0x00EF, 29 }, // U+00EF
    { 0x00F0, 25 }, // U+00F0
    { 0x00F1, 32 }, // U+00F1
    { 0x00F2, 25 }, // U+00F2
    { 0x00F3, 25 }, // U+00F3
    { 0x00F4, 25 }, // U+00F4
    { 0x00F5, 25 }, // U+00F5
    { 0x00F6, 25 }, // U+00F6
    { 0x00F8, 25 }, // U+00F8
    { 0x00F9, 36 }, // U+00F9
    { 0x00FA, 36 }, // U+00FA
    { 0x00FB, 36 }, // U+00FB
    { 0x00FC, 36 }, // U+00FC
    { 0x00FD, 37 }, // U+00FD
    { 0x00FF, 37 }, // U+00FF
    { 0x0100, 12 }, // U+0100
    { 0x0101, 24 }, // U+0101
    { 0x0102, 12 }, // U+0102
    { 0x0103, 24 }, // U+0103
    { 0x0104, 12 }, // U+0104
    { 0x0105, 24 }, // U+0105
    { 0x0106, 13 }, // U+0106
    { 0x0107, 25 }, // U+0107
    { 0x0108, 13 }, // U+0108
    { 0x0109, 25 }, // U+0109
    { 0x010A, 13 }, // U+010A
    { 0x010B, 25 }, // U+010B
    { 0x010C, 13 }, // U+010C
    { 0x010D, 25 }, // U+010D
    { 0x010F, 25 }, // U+010F
    { 0x0111, 25 }, // U+0111
    { 0x0113, 25 }, // U+0113
    { 0x0115, 25 }, // U+0115
    { 0x0117, 25 }, // U+0117
    { 0x0119, 25 }, // U+0119
    { 0x011B, 25 }, // U+011B
    { 0x011C, 13 }, // U+011C
    { 0x011D, 27 }, // U+011D
    { 0x011E, 13 }, // U+011E
    { 0x011F, 27 }, // U+011F
    { 0x0120, 13 }, // U+0120
    { 0x0121, 27 }, // U+0121
    { 0x0122, 13 }, // U+0122
    { 0x0123, 27 }, // U+0123
    { 0x0125, 28 }, // U+0125
    { 0x0127, 28 }, // U+0127
    { 0x0128, 14 }, // U+0128
    { 0x0129, 29 }, // U+0129
    { 0x012A, 14 }, // U+012A
    { 0x012B, 29 }, // U+012B
    { 0x012C, 14 }, // U+012C
    { 0x012D, 29 }, // U+012D
    { 0x012E, 14 }, // U+012E
    { 0x012F, 29 }, // U+012F
    { 0x0130, 14 }, // U+0130
    { 0x0131, 29 }, // U+0131
    { 0x0132, 14 }, // U+0132
    { 0x0133, 29 }, // U+0133
    { 0x0134, 15 }, // U+0134
    { 0x0135, 44 }, // U+0135
    { 0x0137, 28 }, // U+0137
    { 0x0138, 28 }, // U+0138
    { 0x013A, 31 }, // U+013A
    { 0x013C, 31 }, // U+013C
    { 0x013E, 31 }, // U+013E
    { 0x0140, 31 }, // U+0140
    { 0x0142, 31 }, // U+0142
    { 0x0144, 32 }, // U+0144
    { 0x0146, 32 }, // U+0146
    { 0x0148, 32 }, // U+0148
    { 0x014B, 32 }, // U+014B
    { 0x014C, 13 }, // U+014C
    { 0x014D, 25 }, // U+014D
    { 0x014E, 13 }, // U+014E
    { 0x014F, 25 }, // U+014F
    { 0x0150, 13 }, // U+0150
    { 0x0151, 25 }, // U+0151
    { 0x0152, 13 }, // U+0152
    { 0x0153, 25 }, // U+0153
    { 0x0155, 32 }, // U+0155
    { 0x0157, 32 }, // U+0157
    { 0x0159, 32 }, // U+0159
    { 0x015A, 16 }, // U+015A
    { 0x015B, 34 }, // U+015B
    { 0x015C, 16 }, // U+015C
    { 0x015D, 34 }, // U+015D
    { 0x015E, 16 }, // U+015E
    { 0x015F, 34 }, // U+015F
    { 0x0160, 16 }, // U+0160
    { 0x0161, 34 }, // U+0161
    { 0x0162, 45 }, // U+0162
    { 0x0163, 35 }, // U+0163
    { 0x0164, 45 }, // U+0164
    { 0x0165, 35 }, // U+0165
    { 0x0166, 45 }, // U+0166
    { 0x0167, 35 }, // U+0167
    { 0x0168, 18 }, // U+0168
    { 0x0169, 36 }, // U+0169
    { 0x016A, 18 }, // U+016A
    { 0x016B, 36 }, // U+016B
    { 0x016C, 18 }, // U+016C
    { 0x016D, 36 }, // U+016D
    { 0x016E, 18 }, // U+016E
    { 0x016F, 36 }, // U+016F
    { 0x0170, 18 }, // U+0170
    { 0x0171, 36 }, // U+0171
    { 0x0172, 18 }, // U+0172
    { 0x0173, 36 }, // U+0173
    { 0x0176, 43 }, // U+0176
    { 0x0177, 37 }, // U+0177
    { 0x0178, 43 }, // U+0178
    { 0x0179, 23 }, // U+0179
    { 0x017A, 40 }, // U+017A
    { 0x017B, 23 }, // U+017B
    { 0x017C, 40 }, // U+017C
    { 0x017D, 23 }, // U+017D
    { 0x017E, 40 }, // U+017E
    { 0x017F, 26 }, // U+017F
    { 0x01A0, 13 }, // U+01A0
    { 0x01A1, 25 }, // U+01A1
    { 0x01C9, 31 }, // U+01C9
    { 0x01CC, 32 }, // U+01CC
    { 0x01CD, 12 }, // U+01CD
    { 0x01CE, 24 }, // U+01CE
    { 0x01D3, 18 }, // U+01D3
    { 0x01D4, 36 }, // U+01D4
    { 0x01E6, 13 }, // U+01E6
    { 0x01E7, 27 }, // U+01E7
    { 0x01EA, 13 }, // U+01EA
    { 0x01EB, 25 }, // U+01EB
    { 0x01FA, 12 }, // U+01FA
    { 0x01FB, 24 }, // U+01FB
    { 0x01FC, 42 }, // U+01FC
    { 0x01FD, 24 }, // U+01FD
    { 0x01FE, 13 }, // U+01FE
    { 0x01FF, 25 }, // U+01FF
    { 0x0218, 16 }, // U+0218
    { 0x0219, 34 }, // U+0219
    { 0x021A, 45 }, // U+021A
    { 0x021B, 35 }, // U+021B
    { 0x021F, 28 }, // U+021F
    { 0x1EA0, 12 }, // U+1EA0
    { 0x1EA1, 24 }, // U+1EA1
    { 0x1EA2, 12 }, // U+1EA2
    { 0x1EA3, 24 }, // U+1EA3
    { 0x1EA4, 12 }, // U+1EA4
    { 0x1EA5, 24 }, // U+1EA5
    { 0x1EA6, 12 }, // U+1EA6
    { 0x1EA7, 24 }, // U+1EA7
    { 0x1EA8, 12 }, // U+1EA8
    { 0x1EA9, 24 }, // U+1EA9
    { 0x1EAA, 12 }, // U+1EAA
    { 0x1EAB, 24 }, // U+1EAB
    { 0x1EAC, 12 }, // U+1EAC
    { 0x1EAD, 24 }, // U+1EAD
    { 0x1EAE, 12 }, // U+1EAE
    { 0x1EAF, 24 }, // U+1EAF
    { 0x1EB0, 12 }, // U+1EB0
    { 0x1EB1, 24 }, // U+1EB1
    { 0x1EB2, 12 }, // U+1EB2
    { 0x1EB3, 24 }, // U+1EB3
    { 0x1EB4, 12 }, // U+1EB4
    { 0x1EB5, 24 }, // U+1EB5
    { 0x1EB6, 12 }, // U+1EB6
    { 0x1EB7, 24 }, // U+1EB7
    { 0x1EB9, 25 }, // U+1EB9
    { 0x1EBB, 25 }, // U+1EBB
    { 0x1EBD, 25 }, // U+1EBD
    { 0x1EBF, 25 }, // U+1EBF
    { 0x1EC1, 25 }, // U+1EC1
    { 0x1EC3, 25 }, // U+1EC3
    { 0x1EC5, 25 }, // U+1EC5
    { 0x1EC7, 25 }, // U+1EC7
    { 0x1EC8, 14 }, // U+1EC8
    { 0x1EC9, 29 }, // U+1EC9
    { 0x1ECA, 14 }, // U+1ECA
    { 0x1ECB, 29 }, // U+1ECB
    { 0x1ECC, 13 }, // U+1ECC
    { 0x1ECD, 25 }, // U+1ECD
    { 0x1ECE, 13 }, // U+1ECE
    { 0x1ECF, 25 }, // U+1ECF
    { 0x1ED0, 13 }, // U+1ED0
    { 0x1ED1, 25 }, // U+1ED1
    { 0x1ED2, 13 }, // U+1ED2
    { 0x1ED3, 25 }, // U+1ED3
    { 0x1ED4, 13 }, // U+1ED4
    { 0x1ED5, 25 }, // U+1ED5
    { 0x1ED6, 13 }, // U+1ED6
    { 0x1ED7, 25 }, // U+1ED7
    { 0x1ED8, 13 }, // U+1ED8
    { 0x1ED9, 25 }, // U+1ED9
    { 0x1EDA, 13 }, // U+1EDA
    { 0x1EDB, 25 }, // U+1EDB
    { 0x1EDC, 13 }, // U+1EDC
    { 0x1EDD, 25 }, // U+1EDD
    { 0x1EDE, 13 }, // U+1EDE
    { 0x1EDF, 25 }, // U+1EDF
    { 0x1EE0, 13 }, // U+1EE0
    { 0x1EE1, 25 }, // U+1EE1
    { 0x1EE2, 13 }, // U+1EE2
    { 0x1EE3, 25 }, // U+1EE3
    { 0x1EE4, 18 }, // U+1EE4
    { 0x1EE5, 36 }, // U+1EE5
    { 0x1EE6, 18 }, // U+1EE6
    { 0x1EE7, 36 }, // U+1EE7
    { 0x1EE8, 18 }, // U+1EE8
    { 0x1EE9, 36 }, // U+1EE9
    { 0x1EEA, 18 }, // U+1EEA
    { 0x1EEB, 36 }, // U+1EEB
    { 0x1EEC, 18 }, // U+1EEC
    { 0x1EED, 36 }, // U+1EED
    { 0x1EEE, 18 }, // U+1EEE
    { 0x1EEF, 36 }, // U+1EEF
    { 0x1EF0, 18 }, // U+1EF0
    { 0x1EF1, 36 }, // U+1EF1
    { 0x1EF2, 43 }, // U+1EF2
    { 0x1EF3, 37 }, // U+1EF3
    { 0x1EF4, 43 }, // U+1EF4
    { 0x1EF5, 37 }, // U+1EF5
    { 0x1EF6, 43 }, // U+1EF6
    { 0x1EF7, 37 }, // U+1EF7
    { 0x1EF8, 43 }, // U+1EF8
    { 0x1EF9, 37 }, // U+1EF9
    { 0x2013, 4 }, // U+2013
    { 0x2014, 4 }, // U+2014
    { 0x2019, 46 }, // U+2019
    { 0x201A, 3 }, // U+201A
    { 0x201D, 46 }, // U+201D
    { 0x201E, 3 }, // U+201E
    { 0x2026, 3 }, // U+2026
    { 0x2030, 1 }, // U+2030
    { 0x20AB, 25 }, // U+20AB
    { 0x2202, 25 }, // U+2202
    { 0xFB00, 26 }, // U+FB00
    { 0xFB01, 26 }, // U+FB01
    { 0xFB02, 26 }, // U+FB02
    { 0xFB03, 26 }, // U+FB03
    { 0xFB04, 26 }, // U+FB04
};

static const int8_t lexica_19_boldKernMatrix[] = {
       0,    0,    0,    0,    0,    0,    0,    0,   20,    0,    0,    0,    0,    0,    0,    0,    0,    0,    0,    0,    0,    0,    0,    0,    0,    0,    0,    0,    0,    0,    0,    0,    0,    0,    0,    0,    0,    0,    0,    0,    0,    0,    0,    0,    0,    0,
       0,    0,    0,    0,    0,    0,    0,    0,    0,    0,    0,    0,    0,    0,    0,    0,    0,    0,    0,    0,    0,    0,    0,    0,    0,    0,  -13,    0,    0,    0,    0,    0,    0,    0,    0,    0,    0,    0,    0,    0,    0,    0,    0,    0,    0,    0,
       0,    0,    0,    0,    0,  -30,  -20,   20,  -35,    0,    0,    0,    0,    0,    0,    0,    0,    0,    0,    0,    0,    0,    0,    0,    0,    0,    0,    0,    0,    0,    0,    0,    0,    0,    0,    0,    0,    0,    0,    0,    0,    0,    0,    0,    0,    0,
       0,    0,    0,    0,  -86,    0,    0,    0,    0,    0,    0,    0,    0,    0,    0,    0,    0,    0,    0,    0,    0,    0,    0,    0,    0,    0,    0,    0,    0,    0,    0,    0,    0,    0,    0,    0,    0,    0,    0,    0,    0,    0,    0,    0,    0,    0,
       0,   10,    0,    0,    0,    0,    0,    0,    0,    0,    0,    0,    0,    0,    0,    0,    0,    0,    0,    0,    0,    0,    0,    0,    0,    0,    0,    0,    0,    0,    0,    0,    0,    0,    0,    0,    0,    0,    0,    0,    0,    0,    0,    0,    0,    0,
       0,    0,    0,    0,    0,    0,    0,   -5,    0,    0,    0,    0,    0,    0,    0,    0,    0,    0,    0,    0,    0,    0,    0,    0,    0,    0,    0,    0,    0,    0,    0,    0,    0,    0,    0,    0,    0,    0,    0,    0,    0,    0,    0,    0,    0,    0,
       0,    0,    0,    0,    0,    0,    0,   13,    0,    0,  -14,    0,    0,    0,    0,    0,    0,    0,    0,    0,    0,    0,    0,    0,    0,    0,    0,    0,    0,    0,    0,    0,    0,    0,    0,    0,    0,    0,    0,    0,  -48,    0,    0,    0,    0,    0,
       0,    0,    0,    0,    0,    0,    0,    0,    0,    0,  -17,    0,    0,    0,    0,    0,    0,    0,    0,    0,    0,    0,    0,    0,    0,    0,    0,    0,    0,    0,    0,    0,    0,    0,    0,    0,    0,    0,    0,    0,    0,    0,    0,    0,    0,    0,
       0,    0,    0,    0,    0,  -15,  -12,    0,    0,    0,    0,    0,    0,    0,    0,    0,    0,    0,    0,    0,    0,    0,    0,    0,    0,    0,    0,    0,    0,    0,    0,    0,    0,    0,    0,    0,    0,    0,    0,    0,    0,    0,    0,    0,    0,    0,
      20,    0,    0,  -35,    0,    0,    0,  -23,   23,  -30,    0,    0,    0,    0,    0,    0,    0,    0,    0,    0,    0,    0,    0,    0,    0,    0,    0,    0,    0,    0,    0,    0,    0,    0,    0,    0,    0,    0,    0,    0,    0,    0,    0,    0,    0,    0,
     -16,    0,    0,    0,    0,  -18,    0,    0,  -12,    0,  -15,    0,    0,    0,    0,    0,    0,    0,    0,    0,    0,    0,    0,    0,    0,    0,    0,    0,    0,    0,    0,    0,    0,    0,    0,    0,    0,    0,    0,    0,  -18,    0,    0,    0,    0,    0,
       0,    0,    0,    0,    0,    0,    0,  -15,  -12,  -15,    0,    0,    0,    0,    0,    0,    0,    0,    0,    0,    0,    0,    0,    0,    0,    0,    0,    0,    0,    0,    0,    0,    0,    0,    0,    0,    0,    0,    0,    0,    0,    0,    0,    0,    0,    0,
       0,    0,    0,    0,    0,    0,    0,    0,    0,    0,    0,   12,  -23,    0,    0,    0,  -42,  -18,  -42,  -30,    0,  -42,    0,    0,    0,    0,    0,    0,    0,    0,  -13,    0,    0,    0,  -17,  -15,  -25,  -28,   13,    0,    0,    0,  -42,    0,  -42,    0,
       0,    0,    0,    0,    0,    0,    0,    0,    0,    0,    0,  -12,    0,    0,    0,    0,    0,    0,  -12,    0,  -12,  -18,    0,   -9,    0,    0,    0,    0,    0,    0,    0,    0,    0,    0,    0,    0,    0,    0,    0,    0,    0,  -27,  -18,    0,    0,    0,
       0,    0,    0,    0,    0,    0,    0,    0,    0,    0,    0,    0,  -12,    0,    0,    0,    0,    0,    0,    0,    0,  -15,    0,    0,    0,    0,    0,    0,    0,    0,    0,    0,    0,    0,    0,    0,    0,    0,    0,    0,    0,  -27,  -15,    0,    0,    0,
       0,    0,    0,    0,    0,    0,    0,    0,    0,    0,    0,  -24,    0,  -18,    0,    0,  -24,    0,  -18,  -12,  -12,  -30,  -12,  -18,    0,    0,    0,    0,    0,    0,    0,    0,    0,    0,    0,    0,    0,    0,    0,  -12,    0,  -44,  -30,    0,  -24,    0,
       0,    0,    0,    0,    0,    0,    0,    0,    0,    0,    0,    0,  -12,    0,    0,    0,    0,    0,   11,   11,    0,    0,    0,    0,    0,    0,    0,    0,    0,    0,    0,    0,    0,    0,    0,    0,    0,    0,    0,    0,    0,    0,    0,    0,    0,    0,
       0,    0,    0,    0,    0,    0,    0,    0,    0,    0,    0,  -24,    0,    0,  -20,    0,   15,    0,    0,    0,    0,    0,    0,  -14,    0,    0,    0,    0,    0,    0,    0,    0,    0,    0,    0,    0,    0,    0,    0,    0,    0,  -72,    0,    0,   15,    0,
       0,    0,    0,    0,    0,    0,    0,    0,    0,    0,    0,    0,    0,    0,    0,    0,  -12,    0,  -18,    0,    0,  -30,    0,    0,    0,    0,    0,    0,    0,    0,    0,    0,    0,    0,    0,    0,    0,    0,    0,    0,    0,    0,  -30,    0,  -12,    0,
       0,    0,    0,    0,    0,    0,    0,    0,    0,    0,    0,    0,  -18,    0,    0,    0,    0,    0,    0,    0,    0,    0,    0,    0,    0,  -13,    0,    0,    0,    0,    0,    0,    0,    0,  -18,    0,    0,    0,    0,    0,    0,  -17,    0,    0,    0,    0,
       0,    0,    0,    0,    0,    0,    0,    0,    0,    0,    0,  -18,    0,    0,    0,    0,    0,    0,    0,    0,    0,    0,    0,    0,    0,    0,    0,    0,    0,    0,    0,    0,    0,    0,    0,    0,    0,    0,    0,    0,    0,    0,    0,    0,    0,    0,
       0,    0,    0,    0,    0,    0,    0,    0,    0,    0,    0,    0,  -30,    0,    0,    0,    0,    0,    0,    0,    0,    0,    0,    0,  -12,    0,    0,    0,    0,    0,    0,    0,    0,    0,    0,  -27,  -32,  -32,    0,    0,    0,    0,    0,    0,    0,    0,
       0,    0,    0,    0,    0,    0,    0,    0,    0,    0,    0,   18,  -23,    0,   18,    0,  -66,  -13,  -42,  -24,   18,  -54,    0,    0,    0,    0,    0,    0,  -12,    0,    0,    0,    0,    0,    0,    0,  -24,  -30,   18,    0,    0,    0,  -54,    0,  -66,    0,
       0,    0,    0,    0,    0,    0,    0,    0,    0,    0,    0,  -52,    0,    0,  -42,    0,    0,    0,    0,    0,  -18,  -12,  -12,  -18,    0,    0,    0,    0,    0,    0,    0,    0,    0,  -12,    0,    0,    0,    0,    0,    0,    0,  -93,  -12,    0,    0,    0,
       0,    0,    0,    0,    0,    0,    0,    0,    0,    0,    0,   18,    0,    0,    0,    0,    0,   -4,    0,    0,   12,  -24,    0,    0,    0,    0,    0,    0,    0,    0,    0,    0,    0,    0,    0,    0,    0,    0,   12,   12,    0,    0,  -24,    0,    0,    0,
       0,    0,    0,    0,    0,    0,    0,    0,    0,    0,    0,   11,  -13,    0,    0,    0,    0,    0,    0,    0,    0,  -10,    0,    0,    0,    0,  -12,    0,    0,    0,    0,    0,    0,    0,    0,  -12,    0,    0,    0,    0,    0,    0,  -10,    0,    0,    0,
       0,    0,    0,    0,    0,    0,    0,    0,    0,    0,    0,    0,    0,    0,    0,    0,    0,    0,    0,  -12,    0,   -9,    0,    0,    0,    0,    0,    0,    0,    0,    0,    0,    0,    0,    0,    0,    0,    0,    0,    0,    0,  -17,   -9,    0,    0,    0,
       0,    0,    0,    0,    0,    0,    0,    0,    0,    0,    0,  -42,  -24,    0,  -66,    0,   14,    0,   24,   18,    0,   12,    0,  -36,  -54,   12,  -51,    0,    0,    0,    0,  -42,  -42,  -24,    0,  -38,   -6,  -13,  -13,  -19,    0,  -79,   12,    0,   14,    0,
       0,    0,    0,    0,    0,    0,    0,    0,    0,    0,    0,  -18,    0,    0,    0,    0,    0,    0,    0,    0,    0,    0,    0,    0,    0,    0,    0,    0,    0,    0,    0,    0,    0,    0,    0,    0,    0,    0,    0,    0,    0,  -56,    0,    0,    0,    0,
       0,    0,    0,    0,    0,    0,    0,    0,    0,    0,    0,  -42,  -18,    0,  -24,    0,   24,    0,   12,   12,    0,   12,    0,  -24,  -30,    0,  -23,    0,    0,    0,    0,  -12,  -12,  -12,    0,    0,    0,    0,    0,    0,    0,  -60,   12,    0,   24,    0,
       0,    0,    0,    0,    0,    0,    0,    0,    0,    0,    0,  -30,  -12,    0,  -18,    0,   18,    0,   12,   12,    0,    0,    0,  -18,  -15,    0,  -18,    0,    0,    0,    0,    0,    0,    0,    0,    0,    0,    0,    0,    0,    0,  -56,    0,    0,   18,    0,
       0,    0,    0,    0,    0,    0,    0,    0,    0,    0,    0,    0,  -18,    0,    0,    0,    0,    0,    0,    0,    0,    0,    0,  -12,  -13,    0,  -12,    0,    0,    0,    0,    0,    0,    0,    0,  -18,  -12,    0,    0,    0,    0,    0,    0,    0,    0,    0,
       0,    0,    0,    0,    0,    0,    0,    0,    0,    0,    0,  -42,  -30,    0,  -36,    0,   12,    0,   12,    0,    0,    0,    0,  -48,  -54,    0,  -54,    0,    0,    0,    0,  -28,  -28,  -36,    0,  -24,    0,    0,  -12,  -12,    0, -103,    0,    0,   12,    0,
       0,    0,    0,    0,    0,    0,    0,    0,    0,    0,    0,    0,  -18,    0,    0,    0,    0,    0,    0,    0,    0,    0,    0,    0,    0,    0,  -18,    0,    0,    0,    0,    0,    0,    0,  -18,    0,    0,    0,    0,    0,    0,    0,    0,    0,    0,    0,
       0,    0,    0,    0,    0,    0,    0,    0,    0,    0,    0,    0,    0,    0,    0,    0,  -36,    0,    0,    0,    0,  -35,    0,    0,    0,    0,    0,    0,    0,    0,    0,    0,    0,    0,    0,    0,    0,    0,    0,    0,    0,    0,    0,    0,    0,    0,
       0,    0,    0,    0,    0,    0,    0,    0,    0,    0,    0,    0,    0,    0,    0,    0,  -54,    0,  -30,  -15,  -13,  -54,    0,    0,    0,    0,    0,    0,    0,    0,    0,    0,    0,    0,    0,    0,    0,    0,    0,    0,    0,  -25,  -54,    0,  -54,    0,
       0,    0,    0,    0,    0,    0,    0,    0,    0,    0,    0,    0,    0,    0,    0,    0,  -61,    0,    0,  -18,    0,  -48,    0,    0,    0,    0,    0,    0,    0,    0,    0,    0,    0,    0,    0,    0,    0,    0,    0,    0,    0,   -8,  -48,    0,  -61,    0,
       0,    0,    0,    0,    0,    0,    0,    0,    0,    0,    0,    0,    0,    0,    0,    0,    0,    0,    0,    0,    0,    0,    0,    0,    0,    0,    0,    0,    0,   11,    0,    0,    0,    0,    0,    0,    0,    0,    0,    0,    0,    0,    0,    0,    0,    0,
       0,    0,    0,    0,    0,    0,    0,    0,    0,    0,    0,    0,    0,    0,    0,    0,  -42,    0,  -24,  -18,  -12,  -48,    0,    0,    0,    0,    0,    0,    0,    0,    0,    0,    0,    0,    0,    0,    0,    0,    0,    0,    0,  -20,  -48,    0,  -42,    0,
       0,    0,    0,    0,    0,    0,    0,    0,    0,    0,    0,    0,    0,    0,    0,    0,   18,    0,    0,   12,    0,    0,    0,  -20,  -13,    0,    0,    0,    0,    0,    0,    0,    0,    0,    0,    0,    0,    0,    0,    0,    0,  -52,    0,    0,   18,    0,
       0,    0,    0,    0,    0,    0,    0,    0,    0,    0,    0,    0,    0,    0,    0,    0,    0,    0,    0,    0,    0,  -30,    0,    0,    0,    0,    0,    0,    0,    0,    0,    0,    0,    0,    0,    0,    0,    0,    0,    0,    0,    0,  -30,    0,    0,    0,
       0,    0,    0,    0,    0,    0,    0,    0,    0,    0,    0,    0,    0,    0,    0,    0,  -44,    0,  -18,  -18,    0,  -42,    0,    0,   -7,    0,   -9,    0,    0,    0,    0,    0,    0,    0,   -8,    0,    0,    0,    0,    0,    0,  -12,  -42,    0,  -44,    0,
       0,    0,    0,    0,    0,    0,    0,    0,    0,    0,    0,    0,    0,    0,    0,    0,    0,    0,    0,    0,    0,    0,    0,    0,    0,    0,    0,    0,    0,   15,    0,    0,    0,    0,    0,    0,    0,    0,    0,    0,    0,    0,    0,   15,    0,    0,
       0,    0,    0,    0,    0,    0,    0,    0,    0,    0,    0,   18,  -12,    0,    0,    0,    0,    0,    0,    0,    0,    0,    0,    0,  -10,    0,    0,    0,    0,    0,    0,    0,    0,    0,   -8,    0,    0,    0,    0,    0,    0,    0,    0,    0,    0,    0,
       0,    0,   22,    0,   18,    0,    0,    0,    0,    0,    0,    0,    0,    0,    0,    0,    0,    0,    0,    0,   12,    0,    0,    0,    0,    0,    0,    0,  -12,    0,    0,    0,    8,    0,    0,    0,    8,    0,    0,    0,    0,    8,    0,    0,    0,    0,
       0,    0,    0,    0,    0,    0,    0,    0,    0,    0,    0,    0,    0,    0,    0,    0,  -30,    0,    0,    0,    0,  -18,    0,    0,    0,    0,    0,    0,    0,    0,    0,    0,    0,    0,    0,    0,    0,    0,    0,    0,    0,    0,  -18,    0,  -30,    0,
       0,    0,    0,    0,    0,    0,    0,    0,    0,    0,    0,    0,    0,    0,  -51,    0,  -14,    0,    0,   18,    0,    0,    0,  -10,    0,   12,    0,    0,    0,    0,    0,    0,    0,    0,   10,    0,   16,   15,   13,    0,    0,  -76,    0,    0,  -14,    0,
       0,    0,    0,    0,    0,    0,    0,    0,    0,    0,    0,    0,    0,    0,   13,    0,  -24,    0,  -12,    0,    0,  -35,    0,    0,    0,    0,    0,    0,    0,    0,    0,    0,    0,    0,    0,    0,    0,    0,    0,    0,    0,   -4,  -35,    0,  -24,    0,
       0,    0,    0,    0,    0,    0,    0,    0,    0,    0,    0,   15,    0,    0,    0,    0,    0,    0,    0,    0,    0,  -18,    0,    0,    0,    0,    0,    0,    0,    0,    0,    0,    0,    0,    0,    0,    0,    0,    0,    0,    0,    0,  -18,    0,    0,    0,
       0,    0,    0,    0,    0,    0,    0,    0,    0,    0,    0,    0,    0,    0,    0,    0,  -38,    0,    0,    0,    0,  -25,    0,    0,    0,    0,    0,    0,    0,    0,    0,    0,    0,    0,    0,    0,    0,    0,    0,    0,    0,  -17,  -25,    0,  -38,    0,
       0,    0,    0,    0,    0,    0,    0,    0,    0,    0,    0,  -35,    0,    0,    0,    0,   -6,    0,    0,    0,  -12,    0,  -12,  -12,    0,   13,    0,    0,    0,    0,    0,    0,    0,   13,    0,    0,    6,    6,    0,    0,    0,  -64,    0,    0,   -6,    0,
       0,    0,    0,    0,    0,    0,    0,    0,    0,    0,    0,    0,    0,    0,    0,    0,  -13,    0,    0,    0,    0,    0,    0,    0,    0,    8,    0,    0,    0,    0,    0,    0,    0,    0,    0,    0,    6,    6,    0,    0,    0,  -63,    0,    0,  -13,    0,
       0,    0,    0,    0,    0,    0,    0,    0,    0,    0,    0,   13,    0,    0,    0,    0,    0,    0,    0,    0,    0,  -12,    0,    0,    0,    0,    0,    0,    0,    0,    0,    0,    0,    0,    0,    0,    0,    0,    0,    0,    0,    0,  -12,    0,    0,    0,
       0,    0,    0,    0,    0,    0,    0,    0,    0,    0,    0,    0,    0,    0,    0,    0,    0,    0,    0,    0,    0,  -12,    0,    0,    0,    0,    0,    0,    0,    0,    0,    0,    0,    0,    0,    0,    0,    0,    0,    0,    0,    0,  -12,    0,    0,    0,
       0,    0,    0,    0,    0,    0,    0,    0,    0,    0,    0,    0,    0,    0,    0,    0,  -44,    0,  -18,  -18,    0,  -42,    0,    0,   -7,    0,   -9,    0,    0,   35,    0,    0,    0,    0,   -8,    0,    0,    0,    0,    0,    0,  -12,  -42,    0,  -44,    0,
       0,    0,   22,    0,    0,    0,    0,    0,    0,    0,    0,    0,   17,   25,    0,   19,   63,   25,   59,   59,   51,   57,   34,    0,    0,   32,    0,   25,   13,   25,   25,   19,   19,    0,   25,    0,   42,   34,   34,   25,    0,    8,   57,   25,   63,   34,
       0,    0,   22,    0,    0,    0,    0,    0,    0,    0,    0,    0,    0,    0,    0,    0,    0,    0,    0,    0,   12,    0,    0,    0,    0,    0,    0,    0,  -12,    0,    0,    0,    0,    0,    0,    0,    8,    0,    0,    0,    0,    8,    0,    0,    0,    0,
       0,    0,  -42,    0,    0,    0,    0,    0,    0,    0,    0,  -17,    0,    0,    0,    0,   25,    0,   17,   17,    8,    8,    0,    0,    0,    0,    0,    0,    0,    0,    0,    0,    0,    0,    0,    0,    0,    0,    0,    0,    0,  -34,    8,    0,   25,    0,
       0,    0,  -42,    0,    0,    0,    0,    0,    0,    0,    0,  -17,    0,    0,    0,   17,   17,    0,   17,   17,    0,    0,    0,    0,    0,    0,    0,    8,    8,    0,    8,    0,    0,    0,   16,    0,   25,   25,   17,    0,    0,  -25,    0,    0,   17,    0,
       0,    0,  -42,    0,    0,    0,    0,    0,    0,    0,    0,  -34,    0,    0,   -8,    0,   34,    0,   25,   25,    8,   17,    0,  -17,   -8,    0,   -9,    0,    0,    0,    0,    0,    0,    0,    0,   -8,    0,    0,    0,   -8,    0,  -42,   17,    0,   34,    0,
       0,    0,  -25,    0,    0,    0,    0,    0,    0,    0,    0,  -17,    0,    0,  -17,   17,   25,    0,   25,   25,    0,    0,    0,   -8,   -8,   17,   -8,    0,    0,    0,    0,    0,    0,   -8,   17,    0,   25,   25,   25,    0,    0,  -25,    0,    0,   25,    0,
       0,    0,    0,    0,    0,    0,    0,    0,    0,    0,    0,    0,    0,    0,    0,    0,    0,    0,    0,    0,    0,    0,    0,    0,    0,    0,    0,    0,    0,    0,    0,    0,    0,  -18,    0,    0,    0,    0,    0,    0,    0,    0,    0,    0,    0,    0,
};

static const EpdLigaturePair lexica_19_boldLigaturePairs[] = {
    { 0x00660066, 0xFB00 }, // f f -> U+FB00
    { 0x00660069, 0xFB01 }, // f i -> U+FB01
    { 0x0066006C, 0xFB02 }, // f l -> U+FB02
    { 0xFB000069, 0xFB03 }, // U+FB00 i -> U+FB03
    { 0xFB00006C, 0xFB04 }, // U+FB00 l -> U+FB04
};

static const EpdFontData lexica_19_bold = {
    lexica_19_boldBitmaps,
    lexica_19_boldGlyphs,
    lexica_19_boldIntervals,
    43,
    49,
    38,
    -12,
    true,
    lexica_19_boldGroups,
    12,
    nullptr,
    lexica_19_boldKernLeftClasses,
    lexica_19_boldKernRightClasses,
    lexica_19_boldKernMatrix,
    350,
    329,
    62,
    46,
    lexica_19_boldLigaturePairs,
    5,
};
